method,split,seed,extractor,evidence_status,person_id,visible_nle,lower_limb_nle,missing_rate,displacement_nle,ankle_separation_mae,amplitude_error,amplitude_ratio,event_timing_mae_s,p95_nle,synthetic_all_nle,synthetic_occluded_nle
coordinate,development,17,hrnet_w32,automated-source-screen,BioMotionLab_NTroje::rub053,0.010023726648820093,0.01803572850696735,0.0,0.00698064925269485,,,,,0.022669772574319718,0.014544523724035844,
coordinate,development,17,hrnet_w32,automated-source-screen,BioMotionLab_NTroje::rub054,0.010308598311727125,,0.0,0.009089440673715225,,,,,0.0219284384279233,0.016532964112466107,0.02493794373554723
coordinate,development,17,hrnet_w32,automated-source-screen,BioMotionLab_NTroje::rub070,0.016212714578364557,0.030073410002104686,0.0,0.015067916429487899,,,,,0.047295226387922905,0.024373478633132155,0.037278382677806705
coordinate,development,17,hrnet_w32,automated-source-screen,BioMotionLab_NTroje::rub072,0.02084731974661821,0.028307296535098884,0.0,0.012992957891687574,,,,,0.04597738812527588,0.02673174675011648,
coordinate,development,17,hrnet_w32,automated-source-screen,BioMotionLab_NTroje::rub075,0.0105849429643417,0.015383059649346088,0.0,0.010222401780738955,,,,,0.02731000204704366,0.016610722747495525,0.024030045999303657
coordinate,development,17,hrnet_w32,automated-source-screen,BioMotionLab_NTroje::rub086,0.009209360834437089,,0.0,0.008068720764952157,,,,,0.020677294634266707,0.016919848110267244,0.028000346869766175
coordinate,development,17,hrnet_w32,automated-source-screen,BioMotionLab_NTroje::rub098,0.008455553337057262,0.014418067799158274,0.0,0.007045884856188394,,,,,0.018147474616955827,0.011285093914653719,
coordinate,development,17,hrnet_w32,automated-source-screen,BioMotionLab_NTroje::rub106,0.011042304795150025,0.023156274152347375,0.0,0.008050123139582982,,,,,0.028283288240388088,0.016531118566629248,
coordinate,development,17,rtmpose_m,automated-source-screen,BioMotionLab_NTroje::rub053,0.009705758955426087,0.01617188669401689,0.0,0.0047368426777506245,,,,,0.02100080925528005,0.013409819413165406,
coordinate,development,17,rtmpose_m,automated-source-screen,BioMotionLab_NTroje::rub054,0.009597007137305987,,0.0,0.006692014394490725,,,,,0.02067017663831592,0.014094835434514445,0.022407386468231733
coordinate,development,17,rtmpose_m,automated-source-screen,BioMotionLab_NTroje::rub070,0.011221015380491818,0.020250727825310167,0.0,0.009489048004529037,,,,,0.027169561572916313,0.016505796268023183,0.031761096835664616
coordinate,development,17,rtmpose_m,automated-source-screen,BioMotionLab_NTroje::rub072,0.021765751243989856,0.019905321666452914,0.0,0.01374591094399688,,,,,0.05826300742352017,0.02590579368557683,
coordinate,development,17,rtmpose_m,automated-source-screen,BioMotionLab_NTroje::rub075,0.009546309720300062,0.013304664351124693,0.0,0.008735730325270656,,,,,0.02620156478685303,0.0144357207005159,0.022319040383106257
coordinate,development,17,rtmpose_m,automated-source-screen,BioMotionLab_NTroje::rub086,0.008958354166065063,,0.0,0.006520254235987032,,,,,0.02108700401469176,0.0136948433276862,0.023479453344686183
coordinate,development,17,rtmpose_m,automated-source-screen,BioMotionLab_NTroje::rub098,0.00767084976164195,0.011407318716314938,0.0,0.004491807343807587,,,,,0.015225190809203563,0.010063908740786207,
coordinate,development,17,rtmpose_m,automated-source-screen,BioMotionLab_NTroje::rub106,0.011125246044498887,0.020624801331386375,0.0,0.0058024393962479055,,,,,0.02707969631141042,0.01572320802392603,
coordinate,development,17,vitpose_base,automated-source-screen,BioMotionLab_NTroje::rub053,0.011932939914097825,0.02657258752291946,0.0,0.005220263929763919,,,,,0.0321793788210486,0.020113453832016136,
coordinate,development,17,vitpose_base,automated-source-screen,BioMotionLab_NTroje::rub054,0.010000152599387456,,0.0,0.007742371659724188,,,,,0.023144578203372623,0.017335758843119775,0.025985771709463236
coordinate,development,17,vitpose_base,automated-source-screen,BioMotionLab_NTroje::rub070,0.012343677663389726,0.026581759585075047,0.0,0.007973510260299275,,,,,0.03288576733754778,0.022901217796523557,0.04077327931694657
coordinate,development,17,vitpose_base,automated-source-screen,BioMotionLab_NTroje::rub072,0.034014293450168,0.038434680974316196,0.0,0.012632287592692613,,,,,0.06690218649513602,0.04057798172705202,
coordinate,development,17,vitpose_base,automated-source-screen,BioMotionLab_NTroje::rub075,0.011169199733999782,0.01794953531323892,0.0,0.008525387551062236,,,,,0.02921928128047385,0.019342883723193826,0.02987868360816025
coordinate,development,17,vitpose_base,automated-source-screen,BioMotionLab_NTroje::rub086,0.009760452716756912,,0.0,0.0070963226430933125,,,,,0.022803783164156648,0.0161774685608339,0.0274899877571868
coordinate,development,17,vitpose_base,automated-source-screen,BioMotionLab_NTroje::rub098,0.0094660619161953,0.018002273030484822,0.0,0.005273817481091869,,,,,0.020719455305001612,0.012896680680182062,
coordinate,development,17,vitpose_base,automated-source-screen,BioMotionLab_NTroje::rub106,0.019038278060155074,0.02706067393754869,0.0,0.009870107602242087,,,,,0.04730912256018294,0.023300866168969852,
coordinate,development,29,hrnet_w32,automated-source-screen,BioMotionLab_NTroje::rub053,0.01008661461157225,0.018009508583977644,0.0,0.0069876770103647935,,,,,0.022405013612443563,0.014530882060459003,
coordinate,development,29,hrnet_w32,automated-source-screen,BioMotionLab_NTroje::rub054,0.010404317559889466,,0.0,0.009151498794875108,,,,,0.022437173716633608,0.01667255227270354,0.02577396024762382
coordinate,development,29,hrnet_w32,automated-source-screen,BioMotionLab_NTroje::rub070,0.016405548459699777,0.030740846101036882,0.0,0.015145251174314811,,,,,0.04794375634242806,0.02453383233046017,0.037974233611444315
coordinate,development,29,hrnet_w32,automated-source-screen,BioMotionLab_NTroje::rub072,0.020995850999954234,0.02869925563768674,0.0,0.013031555771426352,,,,,0.04589787243843425,0.02730767659848091,
coordinate,development,29,hrnet_w32,automated-source-screen,BioMotionLab_NTroje::rub075,0.010604061979593484,0.015505562504218449,0.0,0.01021486942830912,,,,,0.02730454728795971,0.0166343526056927,0.02443006566589241
coordinate,development,29,hrnet_w32,automated-source-screen,BioMotionLab_NTroje::rub086,0.009040800371163534,,0.0,0.008057545467781101,,,,,0.020249301946394144,0.01691905375870966,0.028403754307255953
coordinate,development,29,hrnet_w32,automated-source-screen,BioMotionLab_NTroje::rub098,0.008428388490246255,0.014650048913186426,0.0,0.007059165229540507,,,,,0.0179519853971336,0.011299911834017753,
coordinate,development,29,hrnet_w32,automated-source-screen,BioMotionLab_NTroje::rub106,0.010909234501740597,0.022681839445582674,0.0,0.008119851686323412,,,,,0.027963718737480405,0.016421221771335422,
coordinate,development,29,rtmpose_m,automated-source-screen,BioMotionLab_NTroje::rub053,0.009658757289421116,0.015946633248612202,0.0,0.004772052218069856,,,,,0.020601800032628,0.013286968949535542,
coordinate,development,29,rtmpose_m,automated-source-screen,BioMotionLab_NTroje::rub054,0.00949917583340524,,0.0,0.006729463630805688,,,,,0.020736259926440327,0.014113696119791293,0.022620849381634226
coordinate,development,29,rtmpose_m,automated-source-screen,BioMotionLab_NTroje::rub070,0.011450701029267247,0.021204697537152904,0.0,0.009615846050366602,,,,,0.027835554559971276,0.016673151096422274,0.033309899559960686
coordinate,development,29,rtmpose_m,automated-source-screen,BioMotionLab_NTroje::rub072,0.021968599802172657,0.021268365108851457,0.0,0.013628721009011083,,,,,0.058797401503799356,0.026426280252868334,
coordinate,development,29,rtmpose_m,automated-source-screen,BioMotionLab_NTroje::rub075,0.009700800752241076,0.013622115271955643,0.0,0.008738599581340257,,,,,0.0266699107267594,0.01457534233941524,0.022741181504486757
coordinate,development,29,rtmpose_m,automated-source-screen,BioMotionLab_NTroje::rub086,0.008852849182195997,,0.0,0.006506832939953283,,,,,0.02073114869230862,0.01374395810644195,0.023835910593770243
coordinate,development,29,rtmpose_m,automated-source-screen,BioMotionLab_NTroje::rub098,0.007598911088593317,0.01168318863692553,0.0,0.004527141839946146,,,,,0.015479063522900398,0.010041982658391641,
coordinate,development,29,rtmpose_m,automated-source-screen,BioMotionLab_NTroje::rub106,0.011040317718061094,0.020657685939768397,0.0,0.005912682977528011,,,,,0.027501077275076072,0.01568168032976485,
coordinate,development,29,vitpose_base,automated-source-screen,BioMotionLab_NTroje::rub053,0.012011268033869489,0.026550580332401603,0.0,0.005269707996877412,,,,,0.03146071816769257,0.020154153403088803,
coordinate,development,29,vitpose_base,automated-source-screen,BioMotionLab_NTroje::rub054,0.010187460518128324,,0.0,0.007849057115755188,,,,,0.023374950508509316,0.017548772762435945,0.027025182889272522
coordinate,development,29,vitpose_base,automated-source-screen,BioMotionLab_NTroje::rub070,0.012443380685878793,0.026918116826857526,0.0,0.008101600084602235,,,,,0.03366287202769721,0.02296673738796709,0.041947185757083366
coordinate,development,29,vitpose_base,automated-source-screen,BioMotionLab_NTroje::rub072,0.03387384747811549,0.038564937320483626,0.0,0.012710073680519183,,,,,0.06784951556571386,0.040804714061292435,
coordinate,development,29,vitpose_base,automated-source-screen,BioMotionLab_NTroje::rub075,0.011096236192408172,0.01811217578286837,0.0,0.008549795513512157,,,,,0.029088039473079426,0.019293548911483018,0.030169881197403686
coordinate,development,29,vitpose_base,automated-source-screen,BioMotionLab_NTroje::rub086,0.009690583025506315,,0.0,0.007127603108227011,,,,,0.02277938512749288,0.01621069296671485,0.02822011562213688
coordinate,development,29,vitpose_base,automated-source-screen,BioMotionLab_NTroje::rub098,0.009395307473545727,0.01822658736731683,0.0,0.005349540376218881,,,,,0.02103788906523287,0.012804599528230138,
coordinate,development,29,vitpose_base,automated-source-screen,BioMotionLab_NTroje::rub106,0.018830782343126042,0.026638039348846888,0.0,0.009979314410941865,,,,,0.04728325975788552,0.023153889475691962,
coordinate,development,43,hrnet_w32,automated-source-screen,BioMotionLab_NTroje::rub053,0.01009548218898939,0.0177746945238081,0.0,0.00707308587777934,,,,,0.02242870074108143,0.014534554635733686,
coordinate,development,43,hrnet_w32,automated-source-screen,BioMotionLab_NTroje::rub054,0.010312198328858642,,0.0,0.009125017561675736,,,,,0.02219914728540947,0.016607754212951013,0.025294326702114824
coordinate,development,43,hrnet_w32,automated-source-screen,BioMotionLab_NTroje::rub070,0.016250444966825903,0.03048715743987334,0.0,0.015221129848631951,,,,,0.047962864058541534,0.024442106686612234,0.0379950532431613
coordinate,development,43,hrnet_w32,automated-source-screen,BioMotionLab_NTroje::rub072,0.0212287529571725,0.02901687375319235,0.0,0.013155160269384354,,,,,0.046614507557715575,0.027138847866769428,
coordinate,development,43,hrnet_w32,automated-source-screen,BioMotionLab_NTroje::rub075,0.010587450084258113,0.015609171591715761,0.0,0.010253222795832219,,,,,0.027612465902685384,0.01662492111972265,0.023941122105578132
coordinate,development,43,hrnet_w32,automated-source-screen,BioMotionLab_NTroje::rub086,0.009150658192031352,,0.0,0.008119267377687858,,,,,0.02125530479983718,0.01697835640470612,0.02843837280336114
coordinate,development,43,hrnet_w32,automated-source-screen,BioMotionLab_NTroje::rub098,0.00852717398152288,0.014725684443596319,0.0,0.0071804372870906755,,,,,0.018457308914838478,0.011368296348108587,
coordinate,development,43,hrnet_w32,automated-source-screen,BioMotionLab_NTroje::rub106,0.01094730859929733,0.02299511311840069,0.0,0.008113979164480836,,,,,0.028234441817912986,0.016499836866113247,
coordinate,development,43,rtmpose_m,automated-source-screen,BioMotionLab_NTroje::rub053,0.009704278571229269,0.01578799527136224,0.0,0.004811518218085612,,,,,0.020882920489897552,0.013307727204128504,
coordinate,development,43,rtmpose_m,automated-source-screen,BioMotionLab_NTroje::rub054,0.009425960218567146,,0.0,0.006722665683049292,,,,,0.02082788402007105,0.014023773318715897,0.022280880925005235
coordinate,development,43,rtmpose_m,automated-source-screen,BioMotionLab_NTroje::rub070,0.011030094062079516,0.020411325959898603,0.0,0.009467894581299534,,,,,0.027248548550026824,0.016427080105153445,0.0320952869326422
coordinate,development,43,rtmpose_m,automated-source-screen,BioMotionLab_NTroje::rub072,0.02219860836892293,0.021316113218201514,0.0,0.01386767263763834,,,,,0.058782758132978924,0.026381729172076367,
coordinate,development,43,rtmpose_m,automated-source-screen,BioMotionLab_NTroje::rub075,0.009541952938354704,0.01365617597801806,0.0,0.008765357479130011,,,,,0.026707997040189127,0.01449147111040031,0.022168762992699813
coordinate,development,43,rtmpose_m,automated-source-screen,BioMotionLab_NTroje::rub086,0.008805468426660194,,0.0,0.006530501185079904,,,,,0.021125773429075696,0.013645264822713391,0.02365444714639881
coordinate,development,43,rtmpose_m,automated-source-screen,BioMotionLab_NTroje::rub098,0.007665631811528351,0.01152104674808478,0.0,0.004614323519134123,,,,,0.01544701072736278,0.010084995912551062,
coordinate,development,43,rtmpose_m,automated-source-screen,BioMotionLab_NTroje::rub106,0.011106115018671741,0.0206498757111991,0.0,0.005894857602896477,,,,,0.02758505427022228,0.015728202236477182,
coordinate,development,43,vitpose_base,automated-source-screen,BioMotionLab_NTroje::rub053,0.011889019265528123,0.02601495611259297,0.0,0.005331712453461098,,,,,0.03138321518961919,0.02001583768208127,
coordinate,development,43,vitpose_base,automated-source-screen,BioMotionLab_NTroje::rub054,0.009966709017428792,,0.0,0.007798491033294996,,,,,0.023597235455887215,0.01734605926504429,0.026245708511167375
coordinate,development,43,vitpose_base,automated-source-screen,BioMotionLab_NTroje::rub070,0.012286321183736536,0.026652064834767186,0.0,0.008005416871452108,,,,,0.032916182774746144,0.02289045419840022,0.040717183489629494
coordinate,development,43,vitpose_base,automated-source-screen,BioMotionLab_NTroje::rub072,0.03433616109863089,0.03916821661843402,0.0,0.012746952516425148,,,,,0.06576793999545553,0.040851864053385915,
coordinate,development,43,vitpose_base,automated-source-screen,BioMotionLab_NTroje::rub075,0.011131742163538755,0.018221073382991452,0.0,0.008577600824692362,,,,,0.02946437722734332,0.01930333533786899,0.029819255291121696
coordinate,development,43,vitpose_base,automated-source-screen,BioMotionLab_NTroje::rub086,0.009697149056286214,,0.0,0.007117522280650734,,,,,0.02318404118277652,0.0161334035552469,0.027968624500095077
coordinate,development,43,vitpose_base,automated-source-screen,BioMotionLab_NTroje::rub098,0.009303340581415149,0.018532869325257408,0.0,0.005364451495621915,,,,,0.021179651380678878,0.012823236159020387,
coordinate,development,43,vitpose_base,automated-source-screen,BioMotionLab_NTroje::rub106,0.019278213860711293,0.026945597095167702,0.0,0.010061588562790241,,,,,0.04779721799794703,0.023490343823789558,
direct,development,17,hrnet_w32,automated-source-screen,BioMotionLab_NTroje::rub053,0.009106871680494144,0.017161042647107588,0.0,0.006679050510108544,,,,,0.02144628023820464,0.014096969917199238,
direct,development,17,hrnet_w32,automated-source-screen,BioMotionLab_NTroje::rub054,0.008428802410013063,,0.0,0.007966932381415482,,,,,0.0181655712971214,0.012963276195677094,0.019306458115205555
direct,development,17,hrnet_w32,automated-source-screen,BioMotionLab_NTroje::rub070,0.01554435064469378,0.027303965256891258,0.0,0.014289570858766032,,,,,0.04603113955539373,0.02062764150216855,0.028736624065865312
direct,development,17,hrnet_w32,automated-source-screen,BioMotionLab_NTroje::rub072,0.021517354720837274,0.030045305910444835,0.0,0.012095652583992351,,,,,0.045344619045642284,0.026431661412896917,
direct,development,17,hrnet_w32,automated-source-screen,BioMotionLab_NTroje::rub075,0.010302525223712562,0.01741947059596889,0.0,0.009175608497524457,,,,,0.02581664889134372,0.01567928489925608,0.022702216374079792
direct,development,17,hrnet_w32,automated-source-screen,BioMotionLab_NTroje::rub086,0.007909699471716087,,0.0,0.0074949211364141064,,,,,0.017747527589979502,0.013232616372413963,0.022299963252797976
direct,development,17,hrnet_w32,automated-source-screen,BioMotionLab_NTroje::rub098,0.007861973681290393,0.012234681697797794,0.0,0.006754526164134925,,,,,0.016883214744085575,0.010530302062854855,
direct,development,17,hrnet_w32,automated-source-screen,BioMotionLab_NTroje::rub106,0.009383354657323881,0.020174890739124426,0.0,0.0073883310662579815,,,,,0.02402967490212367,0.014537472360706625,
direct,development,17,rtmpose_m,automated-source-screen,BioMotionLab_NTroje::rub053,0.009056944448293663,0.017718878740248512,0.0,0.004788128750665225,,,,,0.02097892120135818,0.013736178928330806,
direct,development,17,rtmpose_m,automated-source-screen,BioMotionLab_NTroje::rub054,0.008100566415651343,,0.0,0.005757716401613369,,,,,0.01711303318018202,0.01263003395079625,0.021011300863362288
direct,development,17,rtmpose_m,automated-source-screen,BioMotionLab_NTroje::rub070,0.010383620227154212,0.01983672940926013,0.0,0.008454373522972644,,,,,0.02703481556878024,0.014764464881525,0.02316942921563557
direct,development,17,rtmpose_m,automated-source-screen,BioMotionLab_NTroje::rub072,0.02118999485170608,0.016006026463391092,0.0,0.013080310593971894,,,,,0.053463053649832074,0.0243717310929221,
direct,development,17,rtmpose_m,automated-source-screen,BioMotionLab_NTroje::rub075,0.008711782823653775,0.013476034732597944,0.0,0.007544890022943694,,,,,0.022986892133555863,0.012956700497840475,0.023011416656124474
direct,development,17,rtmpose_m,automated-source-screen,BioMotionLab_NTroje::rub086,0.00812499941327282,,0.0,0.005912280288937463,,,,,0.019241681883676268,0.011578853951364787,0.020025140414326213
direct,development,17,rtmpose_m,automated-source-screen,BioMotionLab_NTroje::rub098,0.007653988321799412,0.011928056665652694,0.0,0.004434092991974507,,,,,0.015806650087515577,0.010092230516663681,
direct,development,17,rtmpose_m,automated-source-screen,BioMotionLab_NTroje::rub106,0.009076950678931056,0.017191514059216005,0.0,0.005268804661958025,,,,,0.024560587719799916,0.013335719236262675,
direct,development,17,vitpose_base,automated-source-screen,BioMotionLab_NTroje::rub053,0.010784709087549813,0.024120793028317437,0.0,0.004778466526171456,,,,,0.027737322281089754,0.019211718034672483,
direct,development,17,vitpose_base,automated-source-screen,BioMotionLab_NTroje::rub054,0.009104705331708512,,0.0,0.006605929047347594,,,,,0.01968610614570937,0.01433126316064795,0.020795655514929613
direct,development,17,vitpose_base,automated-source-screen,BioMotionLab_NTroje::rub070,0.0110577050141693,0.022399151744524635,0.0,0.007022807818130137,,,,,0.028106873158174638,0.017119227343942212,0.02726564917697259
direct,development,17,vitpose_base,automated-source-screen,BioMotionLab_NTroje::rub072,0.031618285183916864,0.0333520123630542,0.0,0.012047963021809207,,,,,0.06163981049574729,0.037112277248681616,
direct,development,17,vitpose_base,automated-source-screen,BioMotionLab_NTroje::rub075,0.010819876015794806,0.01961821309012876,0.0,0.007637837364480769,,,,,0.02770375333383622,0.017755715300100863,0.026921666815953624
direct,development,17,vitpose_base,automated-source-screen,BioMotionLab_NTroje::rub086,0.008960601327040168,,0.0,0.006605421768974225,,,,,0.02229525473861237,0.01392468585583194,0.02358733823504023
direct,development,17,vitpose_base,automated-source-screen,BioMotionLab_NTroje::rub098,0.008990246774389844,0.017211133714022143,0.0,0.0046703372424302565,,,,,0.0181881484216701,0.012486343012675406,
direct,development,17,vitpose_base,automated-source-screen,BioMotionLab_NTroje::rub106,0.01689624787232671,0.02249036926073545,0.0,0.009205655903325638,,,,,0.04159074026213305,0.019835940506400074,
direct,development,29,hrnet_w32,automated-source-screen,BioMotionLab_NTroje::rub053,0.009211644132702833,0.019636534296717887,0.0,0.006713798146441229,,,,,0.023687153891032247,0.014057490591600462,
direct,development,29,hrnet_w32,automated-source-screen,BioMotionLab_NTroje::rub054,0.008471243877068841,,0.0,0.007969346011818555,,,,,0.018532128533107924,0.012783708931077307,0.020024922089056152
direct,development,29,hrnet_w32,automated-source-screen,BioMotionLab_NTroje::rub070,0.015829717399828355,0.02869864391023556,0.0,0.014244728077309764,,,,,0.045757186009001055,0.020139536912473888,0.02846461828951856
direct,development,29,hrnet_w32,automated-source-screen,BioMotionLab_NTroje::rub072,0.019238166148626227,0.025232453561370303,0.0,0.011809448451024177,,,,,0.040293898170057,0.023888632889380562,
direct,development,29,hrnet_w32,automated-source-screen,BioMotionLab_NTroje::rub075,0.009484635407917056,0.014161604498329101,0.0,0.009140412663428289,,,,,0.0235455083057653,0.013616606098629804,0.019108066126366653
direct,development,29,hrnet_w32,automated-source-screen,BioMotionLab_NTroje::rub086,0.007376800034529316,,0.0,0.007513433212074708,,,,,0.01668775134225908,0.012279839520836134,0.020501002608217543
direct,development,29,hrnet_w32,automated-source-screen,BioMotionLab_NTroje::rub098,0.007616746351397345,0.011910675061448236,0.0,0.006825769189012302,,,,,0.016074488360587204,0.010150669866913622,
direct,development,29,hrnet_w32,automated-source-screen,BioMotionLab_NTroje::rub106,0.008754685024583445,0.016556931735184844,0.0,0.007441716995956369,,,,,0.02276006033572367,0.013550141083598725,
direct,development,29,rtmpose_m,automated-source-screen,BioMotionLab_NTroje::rub053,0.008803431515459693,0.017527912397561886,0.0,0.004857183439540716,,,,,0.02103649919825002,0.012347533133517215,
direct,development,29,rtmpose_m,automated-source-screen,BioMotionLab_NTroje::rub054,0.008370222033782234,,0.0,0.005743367489920158,,,,,0.01738095329015492,0.012153260396196916,0.021177415051019118
direct,development,29,rtmpose_m,automated-source-screen,BioMotionLab_NTroje::rub070,0.009848871127057865,0.015843326750763012,0.0,0.00845819786837413,,,,,0.02366844878435998,0.013320952213667143,0.01983147993333826
direct,development,29,rtmpose_m,automated-source-screen,BioMotionLab_NTroje::rub072,0.020752411894501374,0.01665660267382042,0.0,0.012891848025050072,,,,,0.05391054504099805,0.02381239082478004,
direct,development,29,rtmpose_m,automated-source-screen,BioMotionLab_NTroje::rub075,0.008482211904290575,0.011977739901418646,0.0,0.007535538687331117,,,,,0.02236851145085849,0.012036597818613094,0.02158321681082141
direct,development,29,rtmpose_m,automated-source-screen,BioMotionLab_NTroje::rub086,0.007325547115582231,,0.0,0.005947111987645456,,,,,0.017283580077370478,0.010529769683077544,0.01983518887452497
direct,development,29,rtmpose_m,automated-source-screen,BioMotionLab_NTroje::rub098,0.006872084364267974,0.009806587624331838,0.0,0.0044688816797868736,,,,,0.013941494867851968,0.009021461239632007,
direct,development,29,rtmpose_m,automated-source-screen,BioMotionLab_NTroje::rub106,0.008742803221713396,0.015499899537496614,0.0,0.005285529938027219,,,,,0.024786245744735872,0.012364930324519975,
direct,development,29,vitpose_base,automated-source-screen,BioMotionLab_NTroje::rub053,0.011251867009434029,0.022191341898457326,0.0,0.004936232107152233,,,,,0.026836476272444683,0.017793156886632498,
direct,development,29,vitpose_base,automated-source-screen,BioMotionLab_NTroje::rub054,0.00935077559657189,,0.0,0.006708038591758129,,,,,0.019321872174669952,0.014425734397227717,0.021669140896354657
direct,development,29,vitpose_base,automated-source-screen,BioMotionLab_NTroje::rub070,0.010836078623555864,0.024106430802758115,0.0,0.0072059008671335805,,,,,0.029001020344146998,0.01753001330932476,0.031038252405633474
direct,development,29,vitpose_base,automated-source-screen,BioMotionLab_NTroje::rub072,0.03153838984180912,0.0332737923931086,0.0,0.011942989335397761,,,,,0.05757331367834668,0.036234972998576705,
direct,development,29,vitpose_base,automated-source-screen,BioMotionLab_NTroje::rub075,0.009515484308890619,0.016150615268177723,0.0,0.007653561270295186,,,,,0.024046342124639117,0.015123230566971083,0.0226317858809724
direct,development,29,vitpose_base,automated-source-screen,BioMotionLab_NTroje::rub086,0.008461884086126312,,0.0,0.006654331528782639,,,,,0.020920606537997186,0.013258880983262873,0.02282753118778897
direct,development,29,vitpose_base,automated-source-screen,BioMotionLab_NTroje::rub098,0.008523883520085021,0.013245376281807263,0.0,0.0047015493168207625,,,,,0.01595357948004141,0.010954639136706863,
direct,development,29,vitpose_base,automated-source-screen,BioMotionLab_NTroje::rub106,0.01661517227620557,0.020026329696569905,0.0,0.00933791544245087,,,,,0.03971873477585327,0.019146474695305095,
direct,development,43,hrnet_w32,automated-source-screen,BioMotionLab_NTroje::rub053,0.008376505736911797,0.01514520151649908,0.0,0.0067541329826904415,,,,,0.01971245063810176,0.011996623464725487,
direct,development,43,hrnet_w32,automated-source-screen,BioMotionLab_NTroje::rub054,0.008768395138394338,,0.0,0.008015556873058776,,,,,0.018274067169319654,0.013225253382957148,0.01968690434912044
direct,development,43,hrnet_w32,automated-source-screen,BioMotionLab_NTroje::rub070,0.014603702377119394,0.02452349056364375,0.0,0.013900010416735713,,,,,0.04057396896772935,0.019186353059272878,0.027507898445259204
direct,development,43,hrnet_w32,automated-source-screen,BioMotionLab_NTroje::rub072,0.019251187952271293,0.024306672024009063,0.0,0.011860345820063872,,,,,0.0387369062573197,0.02298578722623752,
direct,development,43,hrnet_w32,automated-source-screen,BioMotionLab_NTroje::rub075,0.008758860335631911,0.011982235085769195,0.0,0.009104384771554412,,,,,0.02126124783017977,0.01301016074231361,0.018943767097853215
direct,development,43,hrnet_w32,automated-source-screen,BioMotionLab_NTroje::rub086,0.00740564444275805,,0.0,0.0074397550945800375,,,,,0.016272579934300934,0.012253112886257786,0.021007724503662166
direct,development,43,hrnet_w32,automated-source-screen,BioMotionLab_NTroje::rub098,0.007787326432241998,0.01260573186088538,0.0,0.006802692142438159,,,,,0.017340542455687998,0.010506728993456064,
direct,development,43,hrnet_w32,automated-source-screen,BioMotionLab_NTroje::rub106,0.009391116135557195,0.01820615899781599,0.0,0.007359142889506995,,,,,0.023743454657555715,0.013531491419983579,
direct,development,43,rtmpose_m,automated-source-screen,BioMotionLab_NTroje::rub053,0.008859083745292862,0.017308899562989113,0.0,0.004910959461535952,,,,,0.021108291209645736,0.012988583244368595,
direct,development,43,rtmpose_m,automated-source-screen,BioMotionLab_NTroje::rub054,0.008187048339707608,,0.0,0.005864452072404674,,,,,0.016911754180086863,0.01153258385767609,0.017473531118217568
direct,development,43,rtmpose_m,automated-source-screen,BioMotionLab_NTroje::rub070,0.00998887564771364,0.01908010350810417,0.0,0.008441714724108897,,,,,0.025128373923718007,0.01410009468928201,0.022288945936718974
direct,development,43,rtmpose_m,automated-source-screen,BioMotionLab_NTroje::rub072,0.021196401467997446,0.016704504105606536,0.0,0.012120300643235283,,,,,0.0513098889368153,0.022903533546169537,
direct,development,43,rtmpose_m,automated-source-screen,BioMotionLab_NTroje::rub075,0.008056856943680711,0.012056550864540685,0.0,0.007350009538028248,,,,,0.02113045284436787,0.01209773008879876,0.021491034584074357
direct,development,43,rtmpose_m,automated-source-screen,BioMotionLab_NTroje::rub086,0.0074234593680406954,,0.0,0.005896884651605259,,,,,0.01734954725882599,0.010647457724709054,0.020587584620703356
direct,development,43,rtmpose_m,automated-source-screen,BioMotionLab_NTroje::rub098,0.007409293556102443,0.011361753944502569,0.0,0.004580818281386466,,,,,0.014833920774213957,0.009920896724156296,
direct,development,43,rtmpose_m,automated-source-screen,BioMotionLab_NTroje::rub106,0.009331595286257367,0.01665956253243297,0.0,0.005272284214867123,,,,,0.026148069988026965,0.012575286500861049,
direct,development,43,vitpose_base,automated-source-screen,BioMotionLab_NTroje::rub053,0.010239567192158152,0.02318703412064361,0.0,0.004885559937363788,,,,,0.02724292818948272,0.017555120537728376,
direct,development,43,vitpose_base,automated-source-screen,BioMotionLab_NTroje::rub054,0.009007132846305135,,0.0,0.006516471672312796,,,,,0.01919470256952857,0.0140084675870515,0.020317807367473524
direct,development,43,vitpose_base,automated-source-screen,BioMotionLab_NTroje::rub070,0.010499205836609292,0.021465941463772883,0.0,0.007144218985890698,,,,,0.026745412488747712,0.01702412397902118,0.02753515896462102
direct,development,43,vitpose_base,automated-source-screen,BioMotionLab_NTroje::rub072,0.03282227660354957,0.03277821678136235,0.0,0.011738139222790664,,,,,0.05803421761712147,0.03715123089752169,
direct,development,43,vitpose_base,automated-source-screen,BioMotionLab_NTroje::rub075,0.009824422129556008,0.01598947813335054,0.0,0.0074410473827513385,,,,,0.02430593449690806,0.01578682151837146,0.024435344167649746
direct,development,43,vitpose_base,automated-source-screen,BioMotionLab_NTroje::rub086,0.008167382172186299,,0.0,0.006632108114045094,,,,,0.020619112344499597,0.013374999518704833,0.02353258926751354
direct,development,43,vitpose_base,automated-source-screen,BioMotionLab_NTroje::rub098,0.008828984903366553,0.01601658489683578,0.0,0.004802979964215666,,,,,0.017226569488115483,0.011583827965896696,
direct,development,43,vitpose_base,automated-source-screen,BioMotionLab_NTroje::rub106,0.01604597456821575,0.02099611476079176,0.0,0.009214674450371616,,,,,0.039543948485038206,0.019050278824229744,
filter0,development,17,hrnet_w32,automated-source-screen,BioMotionLab_NTroje::rub053,0.015931321991035304,0.02257834606970604,0.0,0.006884479916550319,,,,,0.03245767917078619,0.021716515740254485,
filter0,development,17,hrnet_w32,automated-source-screen,BioMotionLab_NTroje::rub054,0.016383745173792763,,0.0,0.009025201277995012,,,,,0.031009235792560437,0.02348134053208259,0.02987103782420435
filter0,development,17,hrnet_w32,automated-source-screen,BioMotionLab_NTroje::rub070,0.02478622065163013,0.03768627936327398,0.0,0.014886580494247575,,,,,0.05636333090428058,0.03266272508989965,0.04317058339902981
filter0,development,17,hrnet_w32,automated-source-screen,BioMotionLab_NTroje::rub072,0.029388309094821055,0.03733403872782938,0.0,0.013200676400683961,,,,,0.05708274259955998,0.03662699428410637,
filter0,development,17,hrnet_w32,automated-source-screen,BioMotionLab_NTroje::rub075,0.022078480097119237,0.02455623147715914,0.0,0.010232224249105882,,,,,0.04015024748746639,0.027444574469910617,0.031750718534663
filter0,development,17,hrnet_w32,automated-source-screen,BioMotionLab_NTroje::rub086,0.01821229467940521,,0.0,0.007928890754746945,,,,,0.032641864749190765,0.026354472466054317,0.03674929613424341
filter0,development,17,hrnet_w32,automated-source-screen,BioMotionLab_NTroje::rub098,0.01650988293863283,0.02031452020088055,0.0,0.007013322134882425,,,,,0.03326462588253206,0.02034566414827042,
filter0,development,17,hrnet_w32,automated-source-screen,BioMotionLab_NTroje::rub106,0.022281569160663425,0.034439032565677166,0.0,0.008099329447050257,,,,,0.045343967056524555,0.027575781510804226,
filter0,development,17,rtmpose_m,automated-source-screen,BioMotionLab_NTroje::rub053,0.014751849266337632,0.021199228263001593,0.0,0.0046419934011081194,,,,,0.032339474162276706,0.019997794880678776,
filter0,development,17,rtmpose_m,automated-source-screen,BioMotionLab_NTroje::rub054,0.013798454102085656,,0.0,0.00663785811189665,,,,,0.027922383234917275,0.019831345704098207,0.02650595422484594
filter0,development,17,rtmpose_m,automated-source-screen,BioMotionLab_NTroje::rub070,0.019213324740979806,0.02715721033608475,0.0,0.009402832391125087,,,,,0.03660093821855037,0.025559428172302782,0.04299843952718481
filter0,development,17,rtmpose_m,automated-source-screen,BioMotionLab_NTroje::rub072,0.03143459302692819,0.030637694263733705,0.0,0.013989740540343788,,,,,0.06752135161693724,0.03695993810458544,
filter0,development,17,rtmpose_m,automated-source-screen,BioMotionLab_NTroje::rub075,0.020899547224978887,0.022307992291516483,0.0,0.008841913458885424,,,,,0.038090261291187553,0.0255137297783415,0.030179832586796664
filter0,development,17,rtmpose_m,automated-source-screen,BioMotionLab_NTroje::rub086,0.017828337327892813,,0.0,0.006418683995303656,,,,,0.031896685100379026,0.02290989725848981,0.030922090454590757
filter0,development,17,rtmpose_m,automated-source-screen,BioMotionLab_NTroje::rub098,0.015157380190431832,0.0169058946726537,0.0,0.004450829305608769,,,,,0.03273766568859607,0.018808675645430692,
filter0,development,17,rtmpose_m,automated-source-screen,BioMotionLab_NTroje::rub106,0.021944040504318987,0.030812354169172038,0.0,0.00589059154033745,,,,,0.04324816234104076,0.0263065408743146,
filter0,development,17,vitpose_base,automated-source-screen,BioMotionLab_NTroje::rub053,0.016251275676984762,0.029454985223310845,0.0,0.0051208260593369375,,,,,0.03939456279480773,0.02566309364104928,
filter0,development,17,vitpose_base,automated-source-screen,BioMotionLab_NTroje::rub054,0.016452590106437258,,0.0,0.00774185887729265,,,,,0.031392666360378275,0.02478335001928847,0.03127401101195159
filter0,development,17,vitpose_base,automated-source-screen,BioMotionLab_NTroje::rub070,0.021602902859616958,0.03513912315270336,0.0,0.007859006786868256,,,,,0.04487361563104225,0.032120262881491494,0.04847488919021255
filter0,development,17,vitpose_base,automated-source-screen,BioMotionLab_NTroje::rub072,0.04336216970217132,0.04891690905397866,0.0,0.013312245444805339,,,,,0.07966794099004801,0.050786115061880896,
filter0,development,17,vitpose_base,automated-source-screen,BioMotionLab_NTroje::rub075,0.022603087725693263,0.027716342747950005,0.0,0.008458026108504432,,,,,0.04249335114536336,0.03051796974841669,0.03955946411116681
filter0,development,17,vitpose_base,automated-source-screen,BioMotionLab_NTroje::rub086,0.018011123210946674,,0.0,0.006947331757484999,,,,,0.03273361014335338,0.025004529791459333,0.03655579812184971
filter0,development,17,vitpose_base,automated-source-screen,BioMotionLab_NTroje::rub098,0.018374298249751814,0.0249368947396102,0.0,0.0051967944782059065,,,,,0.03717302628092374,0.02249772133770119,
filter0,development,17,vitpose_base,automated-source-screen,BioMotionLab_NTroje::rub106,0.0295404271929475,0.036585127210532496,0.0,0.009896275673572557,,,,,0.06165542884733649,0.03360437504995689,
filter0,development,29,hrnet_w32,automated-source-screen,BioMotionLab_NTroje::rub053,0.015931321991035353,0.022578346069706087,0.0,0.006884479916550369,,,,,0.032457679170786236,0.021716515740254544,
filter0,development,29,hrnet_w32,automated-source-screen,BioMotionLab_NTroje::rub054,0.016383745173792805,,0.0,0.009025201277995066,,,,,0.031009235792560493,0.023481340532082635,0.029871037824204395
filter0,development,29,hrnet_w32,automated-source-screen,BioMotionLab_NTroje::rub070,0.02478622065163019,0.03768627936327402,0.0,0.014886580494247608,,,,,0.056363330904280626,0.032662725089899695,0.04317058339902986
filter0,development,29,hrnet_w32,automated-source-screen,BioMotionLab_NTroje::rub072,0.0293883090948211,0.03733403872782941,0.0,0.013200676400684017,,,,,0.05708274259956003,0.03662699428410642,
filter0,development,29,hrnet_w32,automated-source-screen,BioMotionLab_NTroje::rub075,0.022078480097119282,0.024556231477159185,0.0,0.010232224249105928,,,,,0.04015024748746642,0.027444574469910672,0.03175071853466305
filter0,development,29,hrnet_w32,automated-source-screen,BioMotionLab_NTroje::rub086,0.01821229467940526,,0.0,0.007928890754746997,,,,,0.03264186474919079,0.026354472466054372,0.03674929613424345
filter0,development,29,hrnet_w32,automated-source-screen,BioMotionLab_NTroje::rub098,0.016509882938632883,0.020314520200880582,0.0,0.00701332213488248,,,,,0.033264625882532116,0.02034566414827047,
filter0,development,29,hrnet_w32,automated-source-screen,BioMotionLab_NTroje::rub106,0.022281569160663477,0.034439032565677236,0.0,0.0080993294470503,,,,,0.04534396705652462,0.027575781510804278,
filter0,development,29,rtmpose_m,automated-source-screen,BioMotionLab_NTroje::rub053,0.014751849266337665,0.02119922826300165,0.0,0.004641993401108172,,,,,0.03233947416227674,0.019997794880678807,
filter0,development,29,rtmpose_m,automated-source-screen,BioMotionLab_NTroje::rub054,0.013798454102085706,,0.0,0.006637858111896695,,,,,0.027922383234917324,0.019831345704098256,0.026505954224845987
filter0,development,29,rtmpose_m,automated-source-screen,BioMotionLab_NTroje::rub070,0.01921332474097985,0.027157210336084803,0.0,0.009402832391125134,,,,,0.03660093821855043,0.025559428172302816,0.042998439527184865
filter0,development,29,rtmpose_m,automated-source-screen,BioMotionLab_NTroje::rub072,0.031434593026928234,0.030637694263733743,0.0,0.013989740540343833,,,,,0.06752135161693729,0.03695993810458549,
filter0,development,29,rtmpose_m,automated-source-screen,BioMotionLab_NTroje::rub075,0.020899547224978943,0.022307992291516532,0.0,0.008841913458885468,,,,,0.0380902612911876,0.02551372977834155,0.030179832586796712
filter0,development,29,rtmpose_m,automated-source-screen,BioMotionLab_NTroje::rub086,0.01782833732789286,,0.0,0.006418683995303704,,,,,0.03189668510037908,0.022909897258489867,0.03092209045459081
filter0,development,29,rtmpose_m,automated-source-screen,BioMotionLab_NTroje::rub098,0.01515738019043188,0.01690589467265375,0.0,0.004450829305608834,,,,,0.03273766568859612,0.018808675645430744,
filter0,development,29,rtmpose_m,automated-source-screen,BioMotionLab_NTroje::rub106,0.021944040504319032,0.03081235416917208,0.0,0.005890591540337488,,,,,0.04324816234104082,0.026306540874314645,
filter0,development,29,vitpose_base,automated-source-screen,BioMotionLab_NTroje::rub053,0.016251275676984808,0.0294549852233109,0.0,0.005120826059336985,,,,,0.03939456279480777,0.025663093641049343,
filter0,development,29,vitpose_base,automated-source-screen,BioMotionLab_NTroje::rub054,0.016452590106437317,,0.0,0.007741858877292689,,,,,0.03139266636037832,0.024783350019288525,0.03127401101195163
filter0,development,29,vitpose_base,automated-source-screen,BioMotionLab_NTroje::rub070,0.021602902859617003,0.035139123152703414,0.0,0.00785900678686831,,,,,0.0448736156310423,0.03212026288149154,0.0484748891902126
filter0,development,29,vitpose_base,automated-source-screen,BioMotionLab_NTroje::rub072,0.04336216970217137,0.04891690905397869,0.0,0.01331224544480539,,,,,0.07966794099004806,0.05078611506188094,
filter0,development,29,vitpose_base,automated-source-screen,BioMotionLab_NTroje::rub075,0.022603087725693322,0.027716342747950054,0.0,0.008458026108504468,,,,,0.04249335114536341,0.03051796974841675,0.03955946411116686
filter0,development,29,vitpose_base,automated-source-screen,BioMotionLab_NTroje::rub086,0.01801112321094673,,0.0,0.006947331757485052,,,,,0.03273361014335344,0.02500452979145939,0.03655579812184975
filter0,development,29,vitpose_base,automated-source-screen,BioMotionLab_NTroje::rub098,0.01837429824975186,0.024936894739610246,0.0,0.00519679447820594,,,,,0.037173026280923796,0.022497721337701233,
filter0,development,29,vitpose_base,automated-source-screen,BioMotionLab_NTroje::rub106,0.029540427192947555,0.036585127210532545,0.0,0.009896275673572612,,,,,0.061655428847336546,0.03360437504995693,
filter0,development,43,hrnet_w32,automated-source-screen,BioMotionLab_NTroje::rub053,0.015931321991035353,0.022578346069706087,0.0,0.006884479916550369,,,,,0.032457679170786236,0.021716515740254544,
filter0,development,43,hrnet_w32,automated-source-screen,BioMotionLab_NTroje::rub054,0.016383745173792805,,0.0,0.009025201277995066,,,,,0.031009235792560493,0.023481340532082635,0.029871037824204395
filter0,development,43,hrnet_w32,automated-source-screen,BioMotionLab_NTroje::rub070,0.02478622065163019,0.03768627936327402,0.0,0.014886580494247608,,,,,0.056363330904280626,0.032662725089899695,0.04317058339902986
filter0,development,43,hrnet_w32,automated-source-screen,BioMotionLab_NTroje::rub072,0.0293883090948211,0.03733403872782941,0.0,0.013200676400684017,,,,,0.05708274259956003,0.03662699428410642,
filter0,development,43,hrnet_w32,automated-source-screen,BioMotionLab_NTroje::rub075,0.022078480097119282,0.024556231477159185,0.0,0.010232224249105928,,,,,0.04015024748746642,0.027444574469910672,0.03175071853466305
filter0,development,43,hrnet_w32,automated-source-screen,BioMotionLab_NTroje::rub086,0.01821229467940526,,0.0,0.007928890754746997,,,,,0.03264186474919079,0.026354472466054372,0.03674929613424345
filter0,development,43,hrnet_w32,automated-source-screen,BioMotionLab_NTroje::rub098,0.016509882938632883,0.020314520200880582,0.0,0.00701332213488248,,,,,0.033264625882532116,0.02034566414827047,
filter0,development,43,hrnet_w32,automated-source-screen,BioMotionLab_NTroje::rub106,0.022281569160663477,0.034439032565677236,0.0,0.0080993294470503,,,,,0.04534396705652462,0.027575781510804278,
filter0,development,43,rtmpose_m,automated-source-screen,BioMotionLab_NTroje::rub053,0.014751849266337665,0.02119922826300165,0.0,0.004641993401108172,,,,,0.03233947416227674,0.019997794880678807,
filter0,development,43,rtmpose_m,automated-source-screen,BioMotionLab_NTroje::rub054,0.013798454102085706,,0.0,0.006637858111896695,,,,,0.027922383234917324,0.019831345704098256,0.026505954224845987
filter0,development,43,rtmpose_m,automated-source-screen,BioMotionLab_NTroje::rub070,0.01921332474097985,0.027157210336084803,0.0,0.009402832391125134,,,,,0.03660093821855043,0.025559428172302816,0.042998439527184865
filter0,development,43,rtmpose_m,automated-source-screen,BioMotionLab_NTroje::rub072,0.031434593026928234,0.030637694263733743,0.0,0.013989740540343833,,,,,0.06752135161693729,0.03695993810458549,
filter0,development,43,rtmpose_m,automated-source-screen,BioMotionLab_NTroje::rub075,0.020899547224978943,0.022307992291516532,0.0,0.008841913458885468,,,,,0.0380902612911876,0.02551372977834155,0.030179832586796712
filter0,development,43,rtmpose_m,automated-source-screen,BioMotionLab_NTroje::rub086,0.01782833732789286,,0.0,0.006418683995303704,,,,,0.03189668510037908,0.022909897258489867,0.03092209045459081
filter0,development,43,rtmpose_m,automated-source-screen,BioMotionLab_NTroje::rub098,0.01515738019043188,0.01690589467265375,0.0,0.004450829305608834,,,,,0.03273766568859612,0.018808675645430744,
filter0,development,43,rtmpose_m,automated-source-screen,BioMotionLab_NTroje::rub106,0.021944040504319032,0.03081235416917208,0.0,0.005890591540337488,,,,,0.04324816234104082,0.026306540874314645,
filter0,development,43,vitpose_base,automated-source-screen,BioMotionLab_NTroje::rub053,0.016251275676984808,0.0294549852233109,0.0,0.005120826059336985,,,,,0.03939456279480777,0.025663093641049343,
filter0,development,43,vitpose_base,automated-source-screen,BioMotionLab_NTroje::rub054,0.016452590106437317,,0.0,0.007741858877292689,,,,,0.03139266636037832,0.024783350019288525,0.03127401101195163
filter0,development,43,vitpose_base,automated-source-screen,BioMotionLab_NTroje::rub070,0.021602902859617003,0.035139123152703414,0.0,0.00785900678686831,,,,,0.0448736156310423,0.03212026288149154,0.0484748891902126
filter0,development,43,vitpose_base,automated-source-screen,BioMotionLab_NTroje::rub072,0.04336216970217137,0.04891690905397869,0.0,0.01331224544480539,,,,,0.07966794099004806,0.05078611506188094,
filter0,development,43,vitpose_base,automated-source-screen,BioMotionLab_NTroje::rub075,0.022603087725693322,0.027716342747950054,0.0,0.008458026108504468,,,,,0.04249335114536341,0.03051796974841675,0.03955946411116686
filter0,development,43,vitpose_base,automated-source-screen,BioMotionLab_NTroje::rub086,0.01801112321094673,,0.0,0.006947331757485052,,,,,0.03273361014335344,0.02500452979145939,0.03655579812184975
filter0,development,43,vitpose_base,automated-source-screen,BioMotionLab_NTroje::rub098,0.01837429824975186,0.024936894739610246,0.0,0.00519679447820594,,,,,0.037173026280923796,0.022497721337701233,
filter0,development,43,vitpose_base,automated-source-screen,BioMotionLab_NTroje::rub106,0.029540427192947555,0.036585127210532545,0.0,0.009896275673572612,,,,,0.061655428847336546,0.03360437504995693,
filter1,development,17,hrnet_w32,automated-source-screen,BioMotionLab_NTroje::rub053,0.01567457711886317,0.02217445150204847,0.0,0.005601061567866919,,,,,0.032013794644094054,0.021398737542798044,
filter1,development,17,hrnet_w32,automated-source-screen,BioMotionLab_NTroje::rub054,0.01611117027214816,,0.0,0.007856462164871444,,,,,0.030440944263224076,0.022999557556388002,0.02836121630705248
filter1,development,17,hrnet_w32,automated-source-screen,BioMotionLab_NTroje::rub070,0.024518070725771276,0.037453681052061906,0.0,0.01327631961352517,,,,,0.053728072248256646,0.032260984511644025,0.04210645419020288
filter1,development,17,hrnet_w32,automated-source-screen,BioMotionLab_NTroje::rub072,0.028775195836143748,0.03569962135406654,0.0,0.011223977150297269,,,,,0.055931174385029266,0.036072450811800286,
filter1,development,17,hrnet_w32,automated-source-screen,BioMotionLab_NTroje::rub075,0.02195488350480062,0.024390829818005444,0.0,0.009211877324831757,,,,,0.03922990654939732,0.027106269477755126,0.03096286444625771
filter1,development,17,hrnet_w32,automated-source-screen,BioMotionLab_NTroje::rub086,0.01800071941812733,,0.0,0.006637291497118631,,,,,0.03192248337268674,0.025953593716046594,0.0360192225099362
filter1,development,17,hrnet_w32,automated-source-screen,BioMotionLab_NTroje::rub098,0.01628972869630783,0.02020907589547775,0.0,0.00577367023239955,,,,,0.03287293103677164,0.020086537284071462,
filter1,development,17,hrnet_w32,automated-source-screen,BioMotionLab_NTroje::rub106,0.0221642904222764,0.03433290435213053,0.0,0.006811011274226088,,,,,0.04503767942747591,0.027409408924791063,
filter1,development,17,rtmpose_m,automated-source-screen,BioMotionLab_NTroje::rub053,0.01472803808804363,0.02111865751820552,0.0,0.004458978621230662,,,,,0.03251469843663138,0.01994682050553996,
filter1,development,17,rtmpose_m,automated-source-screen,BioMotionLab_NTroje::rub054,0.013757321137398963,,0.0,0.006466207688961006,,,,,0.027882597207197657,0.019713252975601163,0.026048493085682932
filter1,development,17,rtmpose_m,automated-source-screen,BioMotionLab_NTroje::rub070,0.019143402040989025,0.027106822690409392,0.0,0.009126541330664113,,,,,0.036821280894557995,0.025469531095078386,0.04265471583943307
filter1,development,17,rtmpose_m,automated-source-screen,BioMotionLab_NTroje::rub072,0.03087488835273887,0.03031026375910765,0.0,0.012963721944848674,,,,,0.06497541800354202,0.036460022972252454,
filter1,development,17,rtmpose_m,automated-source-screen,BioMotionLab_NTroje::rub075,0.02091085421632828,0.02230263622539913,0.0,0.00872227806103617,,,,,0.03782739829440576,0.025504510253878662,0.03012086168229455
filter1,development,17,rtmpose_m,automated-source-screen,BioMotionLab_NTroje::rub086,0.017825503882562613,,0.0,0.006258784219487912,,,,,0.031789806255990406,0.022851712593673225,0.03070846279072365
filter1,development,17,rtmpose_m,automated-source-screen,BioMotionLab_NTroje::rub098,0.015131930714027212,0.01688166643524027,0.0,0.004250794156563119,,,,,0.03258918211690202,0.018778318581023093,
filter1,development,17,rtmpose_m,automated-source-screen,BioMotionLab_NTroje::rub106,0.02194474829150865,0.030822900702307827,0.0,0.005623180312526563,,,,,0.04319941918627368,0.026290097192683076,
filter1,development,17,vitpose_base,automated-source-screen,BioMotionLab_NTroje::rub053,0.01623602148899951,0.029429298997960488,0.0,0.004968495891932219,,,,,0.03943607020545403,0.025580972947315,
filter1,development,17,vitpose_base,automated-source-screen,BioMotionLab_NTroje::rub054,0.016447145587508444,,0.0,0.007594785880666725,,,,,0.031392251595261614,0.0246854290381654,0.03071992772614156
filter1,development,17,vitpose_base,automated-source-screen,BioMotionLab_NTroje::rub070,0.021623489236994392,0.03519862017544106,0.0,0.00777062017581,,,,,0.04456591604237424,0.03205329768747879,0.04802535694420068
filter1,development,17,vitpose_base,automated-source-screen,BioMotionLab_NTroje::rub072,0.04302523497361446,0.0483243120857229,0.0,0.012186389390751225,,,,,0.07733422247618166,0.05038534846370419,
filter1,development,17,vitpose_base,automated-source-screen,BioMotionLab_NTroje::rub075,0.022649630980563544,0.027805245783862113,0.0,0.008439914639827207,,,,,0.04226784390126746,0.030414295491123657,0.03918338048991962
filter1,development,17,vitpose_base,automated-source-screen,BioMotionLab_NTroje::rub086,0.018008379945736917,,0.0,0.006853883686609775,,,,,0.032483677287213686,0.02484982101307735,0.036105450587244535
filter1,development,17,vitpose_base,automated-source-screen,BioMotionLab_NTroje::rub098,0.018372248814826436,0.024825324152264055,0.0,0.005084611248864975,,,,,0.037250525235490405,0.022485265644502907,
filter1,development,17,vitpose_base,automated-source-screen,BioMotionLab_NTroje::rub106,0.029476406366234102,0.0366301147290265,0.0,0.009167458354299019,,,,,0.061442008819976524,0.03351023269066397,
filter1,development,29,hrnet_w32,automated-source-screen,BioMotionLab_NTroje::rub053,0.015674577118863213,0.02217445150204851,0.0,0.0056010615678669575,,,,,0.0320137946440941,0.021398737542798085,
filter1,development,29,hrnet_w32,automated-source-screen,BioMotionLab_NTroje::rub054,0.0161111702721482,,0.0,0.007856462164871496,,,,,0.030440944263224114,0.022999557556388044,0.028361216307052538
filter1,development,29,hrnet_w32,automated-source-screen,BioMotionLab_NTroje::rub070,0.02451807072577132,0.037453681052061955,0.0,0.013276319613525203,,,,,0.05372807224825669,0.032260984511644074,0.042106454190202924
filter1,development,29,hrnet_w32,automated-source-screen,BioMotionLab_NTroje::rub072,0.02877519583614381,0.035699621354066575,0.0,0.011223977150297326,,,,,0.055931174385029314,0.03607245081180033,
filter1,development,29,hrnet_w32,automated-source-screen,BioMotionLab_NTroje::rub075,0.021954883504800665,0.02439082981800549,0.0,0.0092118773248318,,,,,0.03922990654939737,0.027106269477755168,0.030962864446257767
filter1,development,29,hrnet_w32,automated-source-screen,BioMotionLab_NTroje::rub086,0.018000719418127385,,0.0,0.006637291497118674,,,,,0.031922483372686786,0.02595359371604665,0.03601922250993624
filter1,development,29,hrnet_w32,automated-source-screen,BioMotionLab_NTroje::rub098,0.01628972869630788,0.020209075895477803,0.0,0.00577367023239961,,,,,0.032872931036771705,0.020086537284071504,
filter1,development,29,hrnet_w32,automated-source-screen,BioMotionLab_NTroje::rub106,0.022164290422276453,0.03433290435213057,0.0,0.006811011274226137,,,,,0.045037679427475955,0.027409408924791115,
filter1,development,29,rtmpose_m,automated-source-screen,BioMotionLab_NTroje::rub053,0.014728038088043677,0.02111865751820556,0.0,0.004458978621230718,,,,,0.03251469843663144,0.019946820505540003,
filter1,development,29,rtmpose_m,automated-source-screen,BioMotionLab_NTroje::rub054,0.013757321137398996,,0.0,0.006466207688961046,,,,,0.027882597207197695,0.019713252975601208,0.02604849308568298
filter1,development,29,rtmpose_m,automated-source-screen,BioMotionLab_NTroje::rub070,0.019143402040989074,0.027106822690409448,0.0,0.00912654133066416,,,,,0.03682128089455804,0.025469531095078435,0.04265471583943312
filter1,development,29,rtmpose_m,automated-source-screen,BioMotionLab_NTroje::rub072,0.030874888352738914,0.03031026375910771,0.0,0.012963721944848718,,,,,0.06497541800354208,0.03646002297225249,
filter1,development,29,rtmpose_m,automated-source-screen,BioMotionLab_NTroje::rub075,0.020910854216328312,0.022302636225399176,0.0,0.008722278061036214,,,,,0.03782739829440581,0.02550451025387871,0.030120861682294584
filter1,development,29,rtmpose_m,automated-source-screen,BioMotionLab_NTroje::rub086,0.01782550388256266,,0.0,0.006258784219487957,,,,,0.03178980625599045,0.022851712593673267,0.030708462790723687
filter1,development,29,rtmpose_m,automated-source-screen,BioMotionLab_NTroje::rub098,0.015131930714027263,0.016881666435240306,0.0,0.004250794156563158,,,,,0.032589182116902066,0.01877831858102316,
filter1,development,29,rtmpose_m,automated-source-screen,BioMotionLab_NTroje::rub106,0.0219447482915087,0.030822900702307875,0.0,0.0056231803125266384,,,,,0.043199419186273735,0.02629009719268312,
filter1,development,29,vitpose_base,automated-source-screen,BioMotionLab_NTroje::rub053,0.016236021488999566,0.029429298997960526,0.0,0.004968495891932262,,,,,0.039436070205454095,0.02558097294731506,
filter1,development,29,vitpose_base,automated-source-screen,BioMotionLab_NTroje::rub054,0.016447145587508493,,0.0,0.0075947858806667875,,,,,0.03139225159526165,0.024685429038165452,0.030719927726141603
filter1,development,29,vitpose_base,automated-source-screen,BioMotionLab_NTroje::rub070,0.021623489236994444,0.035198620175441106,0.0,0.007770620175810055,,,,,0.04456591604237429,0.03205329768747883,0.04802535694420074
filter1,development,29,vitpose_base,automated-source-screen,BioMotionLab_NTroje::rub072,0.0430252349736145,0.04832431208572295,0.0,0.012186389390751283,,,,,0.0773342224761817,0.05038534846370421,
filter1,development,29,vitpose_base,automated-source-screen,BioMotionLab_NTroje::rub075,0.022649630980563596,0.027805245783862162,0.0,0.00843991463982726,,,,,0.042267843901267504,0.03041429549112371,0.03918338048991966
filter1,development,29,vitpose_base,automated-source-screen,BioMotionLab_NTroje::rub086,0.018008379945736976,,0.0,0.006853883686609828,,,,,0.032483677287213734,0.0248498210130774,0.036105450587244584
filter1,development,29,vitpose_base,automated-source-screen,BioMotionLab_NTroje::rub098,0.0183722488148265,0.0248253241522641,0.0,0.0050846112488650294,,,,,0.03725052523549047,0.02248526564450296,
filter1,development,29,vitpose_base,automated-source-screen,BioMotionLab_NTroje::rub106,0.02947640636623415,0.036630114729026546,0.0,0.009167458354299066,,,,,0.061442008819976565,0.03351023269066403,
filter1,development,43,hrnet_w32,automated-source-screen,BioMotionLab_NTroje::rub053,0.015674577118863213,0.02217445150204851,0.0,0.0056010615678669575,,,,,0.0320137946440941,0.021398737542798085,
filter1,development,43,hrnet_w32,automated-source-screen,BioMotionLab_NTroje::rub054,0.0161111702721482,,0.0,0.007856462164871496,,,,,0.030440944263224114,0.022999557556388044,0.028361216307052538
filter1,development,43,hrnet_w32,automated-source-screen,BioMotionLab_NTroje::rub070,0.02451807072577132,0.037453681052061955,0.0,0.013276319613525203,,,,,0.05372807224825669,0.032260984511644074,0.042106454190202924
filter1,development,43,hrnet_w32,automated-source-screen,BioMotionLab_NTroje::rub072,0.02877519583614381,0.035699621354066575,0.0,0.011223977150297326,,,,,0.055931174385029314,0.03607245081180033,
filter1,development,43,hrnet_w32,automated-source-screen,BioMotionLab_NTroje::rub075,0.021954883504800665,0.02439082981800549,0.0,0.0092118773248318,,,,,0.03922990654939737,0.027106269477755168,0.030962864446257767
filter1,development,43,hrnet_w32,automated-source-screen,BioMotionLab_NTroje::rub086,0.018000719418127385,,0.0,0.006637291497118674,,,,,0.031922483372686786,0.02595359371604665,0.03601922250993624
filter1,development,43,hrnet_w32,automated-source-screen,BioMotionLab_NTroje::rub098,0.01628972869630788,0.020209075895477803,0.0,0.00577367023239961,,,,,0.032872931036771705,0.020086537284071504,
filter1,development,43,hrnet_w32,automated-source-screen,BioMotionLab_NTroje::rub106,0.022164290422276453,0.03433290435213057,0.0,0.006811011274226137,,,,,0.045037679427475955,0.027409408924791115,
filter1,development,43,rtmpose_m,automated-source-screen,BioMotionLab_NTroje::rub053,0.014728038088043677,0.02111865751820556,0.0,0.004458978621230718,,,,,0.03251469843663144,0.019946820505540003,
filter1,development,43,rtmpose_m,automated-source-screen,BioMotionLab_NTroje::rub054,0.013757321137398996,,0.0,0.006466207688961046,,,,,0.027882597207197695,0.019713252975601208,0.02604849308568298
filter1,development,43,rtmpose_m,automated-source-screen,BioMotionLab_NTroje::rub070,0.019143402040989074,0.027106822690409448,0.0,0.00912654133066416,,,,,0.03682128089455804,0.025469531095078435,0.04265471583943312
filter1,development,43,rtmpose_m,automated-source-screen,BioMotionLab_NTroje::rub072,0.030874888352738914,0.03031026375910771,0.0,0.012963721944848718,,,,,0.06497541800354208,0.03646002297225249,
filter1,development,43,rtmpose_m,automated-source-screen,BioMotionLab_NTroje::rub075,0.020910854216328312,0.022302636225399176,0.0,0.008722278061036214,,,,,0.03782739829440581,0.02550451025387871,0.030120861682294584
filter1,development,43,rtmpose_m,automated-source-screen,BioMotionLab_NTroje::rub086,0.01782550388256266,,0.0,0.006258784219487957,,,,,0.03178980625599045,0.022851712593673267,0.030708462790723687
filter1,development,43,rtmpose_m,automated-source-screen,BioMotionLab_NTroje::rub098,0.015131930714027263,0.016881666435240306,0.0,0.004250794156563158,,,,,0.032589182116902066,0.01877831858102316,
filter1,development,43,rtmpose_m,automated-source-screen,BioMotionLab_NTroje::rub106,0.0219447482915087,0.030822900702307875,0.0,0.0056231803125266384,,,,,0.043199419186273735,0.02629009719268312,
filter1,development,43,vitpose_base,automated-source-screen,BioMotionLab_NTroje::rub053,0.016236021488999566,0.029429298997960526,0.0,0.004968495891932262,,,,,0.039436070205454095,0.02558097294731506,
filter1,development,43,vitpose_base,automated-source-screen,BioMotionLab_NTroje::rub054,0.016447145587508493,,0.0,0.0075947858806667875,,,,,0.03139225159526165,0.024685429038165452,0.030719927726141603
filter1,development,43,vitpose_base,automated-source-screen,BioMotionLab_NTroje::rub070,0.021623489236994444,0.035198620175441106,0.0,0.007770620175810055,,,,,0.04456591604237429,0.03205329768747883,0.04802535694420074
filter1,development,43,vitpose_base,automated-source-screen,BioMotionLab_NTroje::rub072,0.0430252349736145,0.04832431208572295,0.0,0.012186389390751283,,,,,0.0773342224761817,0.05038534846370421,
filter1,development,43,vitpose_base,automated-source-screen,BioMotionLab_NTroje::rub075,0.022649630980563596,0.027805245783862162,0.0,0.00843991463982726,,,,,0.042267843901267504,0.03041429549112371,0.03918338048991966
filter1,development,43,vitpose_base,automated-source-screen,BioMotionLab_NTroje::rub086,0.018008379945736976,,0.0,0.006853883686609828,,,,,0.032483677287213734,0.0248498210130774,0.036105450587244584
filter1,development,43,vitpose_base,automated-source-screen,BioMotionLab_NTroje::rub098,0.0183722488148265,0.0248253241522641,0.0,0.0050846112488650294,,,,,0.03725052523549047,0.02248526564450296,
filter1,development,43,vitpose_base,automated-source-screen,BioMotionLab_NTroje::rub106,0.02947640636623415,0.036630114729026546,0.0,0.009167458354299066,,,,,0.061442008819976565,0.03351023269066403,
filter2,development,17,hrnet_w32,automated-source-screen,BioMotionLab_NTroje::rub053,0.015654382073812763,0.022131700392995078,0.0,0.005285014865575181,,,,,0.031844558683846724,0.021343450772039606,
filter2,development,17,hrnet_w32,automated-source-screen,BioMotionLab_NTroje::rub054,0.01610205931354976,,0.0,0.0076412520829898,,,,,0.03041802037042235,0.022901873800105357,0.027690380527240092
filter2,development,17,hrnet_w32,automated-source-screen,BioMotionLab_NTroje::rub070,0.024462261021801712,0.03759960329644727,0.0,0.012566441815820506,,,,,0.052392135675613086,0.03213429700939042,0.04149095043925817
filter2,development,17,hrnet_w32,automated-source-screen,BioMotionLab_NTroje::rub072,0.028539182935386195,0.035101485617708164,0.0,0.010105073087066487,,,,,0.05429892388495383,0.035872331272168816,
filter2,development,17,hrnet_w32,automated-source-screen,BioMotionLab_NTroje::rub075,0.02200664695375327,0.02454713916158772,0.0,0.00908306152179165,,,,,0.03895534475279719,0.02703980528236245,0.030635477128337082
filter2,development,17,hrnet_w32,automated-source-screen,BioMotionLab_NTroje::rub086,0.01803426538790951,,0.0,0.0065073522875155245,,,,,0.03204850476999142,0.025881127202878502,0.03582664900937704
filter2,development,17,hrnet_w32,automated-source-screen,BioMotionLab_NTroje::rub098,0.016298090730125326,0.02045189890786658,0.0,0.005496457220846737,,,,,0.032688729533013675,0.02005787021138647,
filter2,development,17,hrnet_w32,automated-source-screen,BioMotionLab_NTroje::rub106,0.02217518846024249,0.034365495545636664,0.0,0.006402666946718163,,,,,0.04488310408737704,0.027401875089536308,
filter2,development,17,rtmpose_m,automated-source-screen,BioMotionLab_NTroje::rub053,0.014777883057341337,0.021168706833691847,0.0,0.004629966689216169,,,,,0.032685657970937324,0.019967403337536195,
filter2,development,17,rtmpose_m,automated-source-screen,BioMotionLab_NTroje::rub054,0.013813674775024157,,0.0,0.006661666448634656,,,,,0.028321609903070057,0.0197154907199406,0.025855594385124074
filter2,development,17,rtmpose_m,automated-source-screen,BioMotionLab_NTroje::rub070,0.019174358082386933,0.027212980691552695,0.0,0.009266328462269175,,,,,0.03710382812288499,0.0254765199080208,0.042258306616069705
filter2,development,17,rtmpose_m,automated-source-screen,BioMotionLab_NTroje::rub072,0.030580984782116565,0.030089964549139623,0.0,0.012278755439704294,,,,,0.06377255445024355,0.03620446003036959,
filter2,development,17,rtmpose_m,automated-source-screen,BioMotionLab_NTroje::rub075,0.020993792592170237,0.02243076462508927,0.0,0.009012124424614982,,,,,0.03774718688817489,0.02556522108882784,0.030106186255020803
filter2,development,17,rtmpose_m,automated-source-screen,BioMotionLab_NTroje::rub086,0.017926298428389026,,0.0,0.006506793042320856,,,,,0.032006633128864134,0.022908496482916076,0.030739394007385575
filter2,development,17,rtmpose_m,automated-source-screen,BioMotionLab_NTroje::rub098,0.015178850115509183,0.016964457979834806,0.0,0.004387688065649238,,,,,0.032576658634303826,0.018819949160574993,
filter2,development,17,rtmpose_m,automated-source-screen,BioMotionLab_NTroje::rub106,0.021991263589622327,0.0309113239044358,0.0,0.0056449958380181625,,,,,0.04321862448781578,0.026328600102727733,
filter2,development,17,vitpose_base,automated-source-screen,BioMotionLab_NTroje::rub053,0.01627409890518132,0.029508517784204345,0.0,0.005066922251118712,,,,,0.03924114199603386,0.025568292396447694,
filter2,development,17,vitpose_base,automated-source-screen,BioMotionLab_NTroje::rub054,0.016514911171911045,,0.0,0.007757443682855225,,,,,0.0317583945664045,0.024697070578456715,0.0303183216326116
filter2,development,17,vitpose_base,automated-source-screen,BioMotionLab_NTroje::rub070,0.02171948183448902,0.035466591212082746,0.0,0.008078786768617393,,,,,0.04450012089892933,0.03205733762183582,0.04749983701911217
filter2,development,17,vitpose_base,automated-source-screen,BioMotionLab_NTroje::rub072,0.042904375321793885,0.048062832915985704,0.0,0.011551649917149312,,,,,0.07711341125346416,0.0502476368704092,
filter2,development,17,vitpose_base,automated-source-screen,BioMotionLab_NTroje::rub075,0.022769500561792763,0.028038702300744074,0.0,0.008787429045824862,,,,,0.042241748795135835,0.03042169388900513,0.03889019900783935
filter2,development,17,vitpose_base,automated-source-screen,BioMotionLab_NTroje::rub086,0.018102100737672714,,0.0,0.0071310291381735495,,,,,0.03239315660069407,0.02485932474472794,0.035934812439834415
filter2,development,17,vitpose_base,automated-source-screen,BioMotionLab_NTroje::rub098,0.01841934082536732,0.024838796231003067,0.0,0.0052088546754545315,,,,,0.03723713488651535,0.02253642688931452,
filter2,development,17,vitpose_base,automated-source-screen,BioMotionLab_NTroje::rub106,0.02948775180521778,0.03672916237064115,0.0,0.008790404876886301,,,,,0.06123865603285206,0.03351082552803675,
filter2,development,29,hrnet_w32,automated-source-screen,BioMotionLab_NTroje::rub053,0.0156543820738128,0.022131700392995127,0.0,0.00528501486557523,,,,,0.03184455868384678,0.021343450772039647,
filter2,development,29,hrnet_w32,automated-source-screen,BioMotionLab_NTroje::rub054,0.0161020593135498,,0.0,0.007641252082989843,,,,,0.03041802037042239,0.02290187380010541,0.02769038052724014
filter2,development,29,hrnet_w32,automated-source-screen,BioMotionLab_NTroje::rub070,0.024462261021801757,0.037599603296447306,0.0,0.012566441815820551,,,,,0.05239213567561314,0.03213429700939047,0.04149095043925821
filter2,development,29,hrnet_w32,automated-source-screen,BioMotionLab_NTroje::rub072,0.028539182935386237,0.03510148561770819,0.0,0.01010507308706654,,,,,0.05429892388495387,0.035872331272168864,
filter2,development,29,hrnet_w32,automated-source-screen,BioMotionLab_NTroje::rub075,0.022006646953753324,0.02454713916158778,0.0,0.009083061521791709,,,,,0.03895534475279723,0.027039805282362495,0.030635477128337127
filter2,development,29,hrnet_w32,automated-source-screen,BioMotionLab_NTroje::rub086,0.018034265387909566,,0.0,0.00650735228751558,,,,,0.03204850476999147,0.02588112720287853,0.0358266490093771
filter2,development,29,hrnet_w32,automated-source-screen,BioMotionLab_NTroje::rub098,0.01629809073012537,0.02045189890786664,0.0,0.005496457220846783,,,,,0.032688729533013716,0.020057870211386507,
filter2,development,29,hrnet_w32,automated-source-screen,BioMotionLab_NTroje::rub106,0.022175188460242527,0.03436549554563671,0.0,0.006402666946718217,,,,,0.04488310408737708,0.027401875089536357,
filter2,development,29,rtmpose_m,automated-source-screen,BioMotionLab_NTroje::rub053,0.014777883057341389,0.021168706833691906,0.0,0.00462996668921621,,,,,0.03268565797093735,0.01996740333753624,
filter2,development,29,rtmpose_m,automated-source-screen,BioMotionLab_NTroje::rub054,0.013813674775024197,,0.0,0.006661666448634702,,,,,0.028321609903070102,0.019715490719940647,0.025855594385124105
filter2,development,29,rtmpose_m,automated-source-screen,BioMotionLab_NTroje::rub070,0.019174358082386978,0.027212980691552743,0.0,0.00926632846226922,,,,,0.03710382812288505,0.02547651990802083,0.04225830661606975
filter2,development,29,rtmpose_m,automated-source-screen,BioMotionLab_NTroje::rub072,0.030580984782116613,0.03008996454913967,0.0,0.012278755439704345,,,,,0.06377255445024359,0.03620446003036963,
filter2,development,29,rtmpose_m,automated-source-screen,BioMotionLab_NTroje::rub075,0.020993792592170286,0.02243076462508932,0.0,0.009012124424615043,,,,,0.03774718688817494,0.025565221088827868,0.030106186255020855
filter2,development,29,rtmpose_m,automated-source-screen,BioMotionLab_NTroje::rub086,0.017926298428389074,,0.0,0.006506793042320904,,,,,0.03200663312886419,0.022908496482916138,0.030739394007385637
filter2,development,29,rtmpose_m,automated-source-screen,BioMotionLab_NTroje::rub098,0.01517885011550923,0.01696445797983485,0.0,0.004387688065649284,,,,,0.032576658634303854,0.018819949160575035,
filter2,development,29,rtmpose_m,automated-source-screen,BioMotionLab_NTroje::rub106,0.021991263589622383,0.030911323904435843,0.0,0.0056449958380182085,,,,,0.04321862448781583,0.02632860010272778,
filter2,development,29,vitpose_base,automated-source-screen,BioMotionLab_NTroje::rub053,0.01627409890518137,0.02950851778420439,0.0,0.005066922251118756,,,,,0.039241141996033915,0.025568292396447756,
filter2,development,29,vitpose_base,automated-source-screen,BioMotionLab_NTroje::rub054,0.016514911171911093,,0.0,0.007757443682855276,,,,,0.03175839456640455,0.024697070578456777,0.030318321632611646
filter2,development,29,vitpose_base,automated-source-screen,BioMotionLab_NTroje::rub070,0.021719481834489053,0.03546659121208278,0.0,0.008078786768617435,,,,,0.04450012089892937,0.032057337621835866,0.047499837019112215
filter2,development,29,vitpose_base,automated-source-screen,BioMotionLab_NTroje::rub072,0.04290437532179394,0.048062832915985745,0.0,0.011551649917149348,,,,,0.07711341125346421,0.050247636870409264,
filter2,development,29,vitpose_base,automated-source-screen,BioMotionLab_NTroje::rub075,0.02276950056179281,0.028038702300744123,0.0,0.008787429045824911,,,,,0.04224174879513587,0.030421693889005175,0.038890199007839396
filter2,development,29,vitpose_base,automated-source-screen,BioMotionLab_NTroje::rub086,0.018102100737672763,,0.0,0.0071310291381736154,,,,,0.032393156600694105,0.024859324744728,0.03593481243983447
filter2,development,29,vitpose_base,automated-source-screen,BioMotionLab_NTroje::rub098,0.01841934082536736,0.02483879623100312,0.0,0.005208854675454581,,,,,0.03723713488651539,0.02253642688931456,
filter2,development,29,vitpose_base,automated-source-screen,BioMotionLab_NTroje::rub106,0.029487751805217826,0.036729162370641215,0.0,0.008790404876886346,,,,,0.06123865603285211,0.033510825528036796,
filter2,development,43,hrnet_w32,automated-source-screen,BioMotionLab_NTroje::rub053,0.0156543820738128,0.022131700392995127,0.0,0.00528501486557523,,,,,0.03184455868384678,0.021343450772039647,
filter2,development,43,hrnet_w32,automated-source-screen,BioMotionLab_NTroje::rub054,0.0161020593135498,,0.0,0.007641252082989843,,,,,0.03041802037042239,0.02290187380010541,0.02769038052724014
filter2,development,43,hrnet_w32,automated-source-screen,BioMotionLab_NTroje::rub070,0.024462261021801757,0.037599603296447306,0.0,0.012566441815820551,,,,,0.05239213567561314,0.03213429700939047,0.04149095043925821
filter2,development,43,hrnet_w32,automated-source-screen,BioMotionLab_NTroje::rub072,0.028539182935386237,0.03510148561770819,0.0,0.01010507308706654,,,,,0.05429892388495387,0.035872331272168864,
filter2,development,43,hrnet_w32,automated-source-screen,BioMotionLab_NTroje::rub075,0.022006646953753324,0.02454713916158778,0.0,0.009083061521791709,,,,,0.03895534475279723,0.027039805282362495,0.030635477128337127
filter2,development,43,hrnet_w32,automated-source-screen,BioMotionLab_NTroje::rub086,0.018034265387909566,,0.0,0.00650735228751558,,,,,0.03204850476999147,0.02588112720287853,0.0358266490093771
filter2,development,43,hrnet_w32,automated-source-screen,BioMotionLab_NTroje::rub098,0.01629809073012537,0.02045189890786664,0.0,0.005496457220846783,,,,,0.032688729533013716,0.020057870211386507,
filter2,development,43,hrnet_w32,automated-source-screen,BioMotionLab_NTroje::rub106,0.022175188460242527,0.03436549554563671,0.0,0.006402666946718217,,,,,0.04488310408737708,0.027401875089536357,
filter2,development,43,rtmpose_m,automated-source-screen,BioMotionLab_NTroje::rub053,0.014777883057341389,0.021168706833691906,0.0,0.00462996668921621,,,,,0.03268565797093735,0.01996740333753624,
filter2,development,43,rtmpose_m,automated-source-screen,BioMotionLab_NTroje::rub054,0.013813674775024197,,0.0,0.006661666448634702,,,,,0.028321609903070102,0.019715490719940647,0.025855594385124105
filter2,development,43,rtmpose_m,automated-source-screen,BioMotionLab_NTroje::rub070,0.019174358082386978,0.027212980691552743,0.0,0.00926632846226922,,,,,0.03710382812288505,0.02547651990802083,0.04225830661606975
filter2,development,43,rtmpose_m,automated-source-screen,BioMotionLab_NTroje::rub072,0.030580984782116613,0.03008996454913967,0.0,0.012278755439704345,,,,,0.06377255445024359,0.03620446003036963,
filter2,development,43,rtmpose_m,automated-source-screen,BioMotionLab_NTroje::rub075,0.020993792592170286,0.02243076462508932,0.0,0.009012124424615043,,,,,0.03774718688817494,0.025565221088827868,0.030106186255020855
filter2,development,43,rtmpose_m,automated-source-screen,BioMotionLab_NTroje::rub086,0.017926298428389074,,0.0,0.006506793042320904,,,,,0.03200663312886419,0.022908496482916138,0.030739394007385637
filter2,development,43,rtmpose_m,automated-source-screen,BioMotionLab_NTroje::rub098,0.01517885011550923,0.01696445797983485,0.0,0.004387688065649284,,,,,0.032576658634303854,0.018819949160575035,
filter2,development,43,rtmpose_m,automated-source-screen,BioMotionLab_NTroje::rub106,0.021991263589622383,0.030911323904435843,0.0,0.0056449958380182085,,,,,0.04321862448781583,0.02632860010272778,
filter2,development,43,vitpose_base,automated-source-screen,BioMotionLab_NTroje::rub053,0.01627409890518137,0.02950851778420439,0.0,0.005066922251118756,,,,,0.039241141996033915,0.025568292396447756,
filter2,development,43,vitpose_base,automated-source-screen,BioMotionLab_NTroje::rub054,0.016514911171911093,,0.0,0.007757443682855276,,,,,0.03175839456640455,0.024697070578456777,0.030318321632611646
filter2,development,43,vitpose_base,automated-source-screen,BioMotionLab_NTroje::rub070,0.021719481834489053,0.03546659121208278,0.0,0.008078786768617435,,,,,0.04450012089892937,0.032057337621835866,0.047499837019112215
filter2,development,43,vitpose_base,automated-source-screen,BioMotionLab_NTroje::rub072,0.04290437532179394,0.048062832915985745,0.0,0.011551649917149348,,,,,0.07711341125346421,0.050247636870409264,
filter2,development,43,vitpose_base,automated-source-screen,BioMotionLab_NTroje::rub075,0.02276950056179281,0.028038702300744123,0.0,0.008787429045824911,,,,,0.04224174879513587,0.030421693889005175,0.038890199007839396
filter2,development,43,vitpose_base,automated-source-screen,BioMotionLab_NTroje::rub086,0.018102100737672763,,0.0,0.0071310291381736154,,,,,0.032393156600694105,0.024859324744728,0.03593481243983447
filter2,development,43,vitpose_base,automated-source-screen,BioMotionLab_NTroje::rub098,0.01841934082536736,0.02483879623100312,0.0,0.005208854675454581,,,,,0.03723713488651539,0.02253642688931456,
filter2,development,43,vitpose_base,automated-source-screen,BioMotionLab_NTroje::rub106,0.029487751805217826,0.036729162370641215,0.0,0.008790404876886346,,,,,0.06123865603285211,0.033510825528036796,
initialized,development,17,hrnet_w32,automated-source-screen,BioMotionLab_NTroje::rub053,0.0100460067359846,0.018578717658720444,0.0,0.0069441728706980685,,,,,0.022723441964445618,0.014751345397197094,
initialized,development,17,hrnet_w32,automated-source-screen,BioMotionLab_NTroje::rub054,0.010269857028680069,,0.0,0.009081609165784281,,,,,0.02196326659104683,0.016924924801057024,0.027136933554112654
initialized,development,17,hrnet_w32,automated-source-screen,BioMotionLab_NTroje::rub070,0.01619538163781543,0.030363920387534788,0.0,0.014959012542566305,,,,,0.04718462403139189,0.024618013480736257,0.039850142131825014
initialized,development,17,hrnet_w32,automated-source-screen,BioMotionLab_NTroje::rub072,0.020880736266960017,0.029442943189297667,0.0,0.013172141216984344,,,,,0.047323590005188605,0.02815212785255402,
initialized,development,17,hrnet_w32,automated-source-screen,BioMotionLab_NTroje::rub075,0.010472540197592861,0.01556283110593278,0.0,0.010177414253338544,,,,,0.02751539619999978,0.01678348068819155,0.02530067150530478
initialized,development,17,hrnet_w32,automated-source-screen,BioMotionLab_NTroje::rub086,0.008963642496314756,,0.0,0.007987285149070007,,,,,0.019553189185767948,0.017213585392007576,0.029880234107110937
initialized,development,17,hrnet_w32,automated-source-screen,BioMotionLab_NTroje::rub098,0.008366928752462569,0.014248734916470544,0.0,0.00705417702002545,,,,,0.017787356006686714,0.0113162441315339,
initialized,development,17,hrnet_w32,automated-source-screen,BioMotionLab_NTroje::rub106,0.010865531756226763,0.022584697390614018,0.0,0.008079089979716663,,,,,0.028057133991946513,0.016693368964807276,
initialized,development,17,rtmpose_m,automated-source-screen,BioMotionLab_NTroje::rub053,0.009198018076002406,0.016601230572573438,0.0,0.004655143641174719,,,,,0.02137162326887373,0.013449833088215974,
initialized,development,17,rtmpose_m,automated-source-screen,BioMotionLab_NTroje::rub054,0.00899446816412068,,0.0,0.006555708319063131,,,,,0.02064229684292403,0.014000593999470044,0.023224900278090762
initialized,development,17,rtmpose_m,automated-source-screen,BioMotionLab_NTroje::rub070,0.01105169547683895,0.020393020017494337,0.0,0.009283095057369024,,,,,0.026606504356990225,0.01644751132654891,0.03468574206426415
initialized,development,17,rtmpose_m,automated-source-screen,BioMotionLab_NTroje::rub072,0.021763830490778426,0.02336448492668939,0.0,0.013861540992196964,,,,,0.054655313020642485,0.02729496348793308,
initialized,development,17,rtmpose_m,automated-source-screen,BioMotionLab_NTroje::rub075,0.009680677166925932,0.0134821462147404,0.0,0.008711315071025407,,,,,0.02663465606960895,0.014784582640981906,0.023687640720903402
initialized,development,17,rtmpose_m,automated-source-screen,BioMotionLab_NTroje::rub086,0.00878413476020003,,0.0,0.0063787594501210874,,,,,0.019855999789013912,0.013932915293695275,0.024935182779811407
initialized,development,17,rtmpose_m,automated-source-screen,BioMotionLab_NTroje::rub098,0.007281748225441387,0.010884123007129112,0.0,0.004442447743947425,,,,,0.014805160362089974,0.00987628055549233,
initialized,development,17,rtmpose_m,automated-source-screen,BioMotionLab_NTroje::rub106,0.0111258259665273,0.020486754269492327,0.0,0.005851163932376644,,,,,0.02830667291108222,0.015944385218827718,
initialized,development,17,vitpose_base,automated-source-screen,BioMotionLab_NTroje::rub053,0.012131469304664525,0.027072022551647857,0.0,0.005233817450571413,,,,,0.03174452531541885,0.020568813995092458,
initialized,development,17,vitpose_base,automated-source-screen,BioMotionLab_NTroje::rub054,0.010511276195967686,,0.0,0.007794667104705725,,,,,0.0234589569858976,0.018166786427463624,0.02809094151115979
initialized,development,17,vitpose_base,automated-source-screen,BioMotionLab_NTroje::rub070,0.0124206935411159,0.026832244939129044,0.0,0.007870880879812407,,,,,0.03275400001829088,0.023210972225927204,0.04338047055026613
initialized,development,17,vitpose_base,automated-source-screen,BioMotionLab_NTroje::rub072,0.034529968874861504,0.04189001688503254,0.0,0.013337401111744926,,,,,0.07219807327622016,0.04228450457388182,
initialized,development,17,vitpose_base,automated-source-screen,BioMotionLab_NTroje::rub075,0.011085685965844638,0.01836776393715185,0.0,0.008534151156540775,,,,,0.029021279221721742,0.01961152433408557,0.03127181279547092
initialized,development,17,vitpose_base,automated-source-screen,BioMotionLab_NTroje::rub086,0.009864627230503025,,0.0,0.007127856054357012,,,,,0.022364740830533865,0.016736061697871986,0.029976232862885914
initialized,development,17,vitpose_base,automated-source-screen,BioMotionLab_NTroje::rub098,0.009646346769220838,0.0181755405861114,0.0,0.005343628129514737,,,,,0.021054139544291757,0.013070378204151013,
initialized,development,17,vitpose_base,automated-source-screen,BioMotionLab_NTroje::rub106,0.01906153279067801,0.027192167258707933,0.0,0.009903043136755506,,,,,0.04772650362932018,0.023790976174757443,
initialized,development,29,hrnet_w32,automated-source-screen,BioMotionLab_NTroje::rub053,0.009931424234060241,0.018836370267583575,0.0,0.00692054514623742,,,,,0.02301715148791503,0.014691055838773209,
initialized,development,29,hrnet_w32,automated-source-screen,BioMotionLab_NTroje::rub054,0.010124283852063962,,0.0,0.009066023817461803,,,,,0.021714876626020677,0.016814484281902544,0.02715440165604728
initialized,development,29,hrnet_w32,automated-source-screen,BioMotionLab_NTroje::rub070,0.01605593231714855,0.030111370256164963,0.0,0.014890076603043579,,,,,0.04682990026989157,0.024504087320160718,0.03986247882691638
initialized,development,29,hrnet_w32,automated-source-screen,BioMotionLab_NTroje::rub072,0.020866428730180797,0.029373649260639553,0.0,0.013144874558116054,,,,,0.047310982158913974,0.02842210375538404,
initialized,development,29,hrnet_w32,automated-source-screen,BioMotionLab_NTroje::rub075,0.010471550577655867,0.01554691340652401,0.0,0.010127620518329864,,,,,0.027544854074415794,0.016788078885476187,0.025311245651484942
initialized,development,29,hrnet_w32,automated-source-screen,BioMotionLab_NTroje::rub086,0.008882719866979904,,0.0,0.007943165780690998,,,,,0.01929178693988055,0.017219557362775948,0.029869042424192895
initialized,development,29,hrnet_w32,automated-source-screen,BioMotionLab_NTroje::rub098,0.008283974862374251,0.01406956924897583,0.0,0.007014047637089056,,,,,0.017480917197071157,0.011242984587936315,
initialized,development,29,hrnet_w32,automated-source-screen,BioMotionLab_NTroje::rub106,0.010779146799581002,0.02271730953580896,0.0,0.008068148068761508,,,,,0.02803598884431766,0.016635659021712438,
initialized,development,29,rtmpose_m,automated-source-screen,BioMotionLab_NTroje::rub053,0.009177035948567804,0.017095413945150097,0.0,0.004632035635100385,,,,,0.02156899594273202,0.013465893319468769,
initialized,development,29,rtmpose_m,automated-source-screen,BioMotionLab_NTroje::rub054,0.009014915112975804,,0.0,0.006566741057264515,,,,,0.020524596297177924,0.013962395704055188,0.02309727682968619
initialized,development,29,rtmpose_m,automated-source-screen,BioMotionLab_NTroje::rub070,0.010995481965574648,0.02006437546630369,0.0,0.00927239694424711,,,,,0.02623769043906869,0.016436740720937548,0.03465968152653414
initialized,development,29,rtmpose_m,automated-source-screen,BioMotionLab_NTroje::rub072,0.0220204592340788,0.022875883325417876,0.0,0.013851166783102156,,,,,0.05656776588571223,0.027630866751611277,
initialized,development,29,rtmpose_m,automated-source-screen,BioMotionLab_NTroje::rub075,0.009752856152460668,0.01362845231928824,0.0,0.00866113596187706,,,,,0.026796592985704033,0.014817851451212942,0.023543315685016178
initialized,development,29,rtmpose_m,automated-source-screen,BioMotionLab_NTroje::rub086,0.008726936563254042,,0.0,0.006327030055792929,,,,,0.020110489884177348,0.013862673390533533,0.02480744129585602
initialized,development,29,rtmpose_m,automated-source-screen,BioMotionLab_NTroje::rub098,0.007271366309823219,0.010802980933698934,0.0,0.0044060426713026304,,,,,0.014635043558275388,0.00983289326318292,
initialized,development,29,rtmpose_m,automated-source-screen,BioMotionLab_NTroje::rub106,0.011208710016673918,0.020559466030261694,0.0,0.005843443192342394,,,,,0.027925501355936248,0.01595774388180802,
initialized,development,29,vitpose_base,automated-source-screen,BioMotionLab_NTroje::rub053,0.012052656361243542,0.027537576420139105,0.0,0.005203082004650951,,,,,0.032204318101911114,0.02054044191309851,
initialized,development,29,vitpose_base,automated-source-screen,BioMotionLab_NTroje::rub054,0.010280801440765394,,0.0,0.007769932526709588,,,,,0.023143662918950595,0.018042737193824834,0.02855395156379893
initialized,development,29,vitpose_base,automated-source-screen,BioMotionLab_NTroje::rub070,0.012304526788453575,0.026780036956560727,0.0,0.007818215157444838,,,,,0.03292967726561548,0.02315175443314635,0.043828848075961616
initialized,development,29,vitpose_base,automated-source-screen,BioMotionLab_NTroje::rub072,0.03472638683567071,0.04202825338184282,0.0,0.01329989382840945,,,,,0.07286217774394668,0.04277287086745008,
initialized,development,29,vitpose_base,automated-source-screen,BioMotionLab_NTroje::rub075,0.010925517942337634,0.018412880619846646,0.0,0.008465740451385009,,,,,0.02906775154008708,0.019511352138710913,0.03116638483055712
initialized,development,29,vitpose_base,automated-source-screen,BioMotionLab_NTroje::rub086,0.009728287968141357,,0.0,0.007025314173857779,,,,,0.02232477434610828,0.016675313094303368,0.029978976102521628
initialized,development,29,vitpose_base,automated-source-screen,BioMotionLab_NTroje::rub098,0.009544686302398759,0.017975549242139368,0.0,0.0052499952899841,,,,,0.020568213653323415,0.012973918943734149,
initialized,development,29,vitpose_base,automated-source-screen,BioMotionLab_NTroje::rub106,0.01883245796684926,0.027444323438097013,0.0,0.009893677569255546,,,,,0.04776622023451002,0.023622003882795423,
initialized,development,43,hrnet_w32,automated-source-screen,BioMotionLab_NTroje::rub053,0.010079166765025502,0.018508640839983163,0.0,0.006944278653687497,,,,,0.022816877311626217,0.014800154518691579,
initialized,development,43,hrnet_w32,automated-source-screen,BioMotionLab_NTroje::rub054,0.010268101504083482,,0.0,0.00908414427134177,,,,,0.021900694273576063,0.01691784611125638,0.027417718843127797
initialized,development,43,hrnet_w32,automated-source-screen,BioMotionLab_NTroje::rub070,0.01605257361819599,0.030192356574063654,0.0,0.01493966177324679,,,,,0.047116248359040575,0.024530847270380175,0.03996828675613896
initialized,development,43,hrnet_w32,automated-source-screen,BioMotionLab_NTroje::rub072,0.020959116937388358,0.029711244586892054,0.0,0.013176315981162841,,,,,0.0469404831681527,0.0283006983530739,
initialized,development,43,hrnet_w32,automated-source-screen,BioMotionLab_NTroje::rub075,0.010492717725396217,0.015644891451731556,0.0,0.010126032331261938,,,,,0.027399444737421157,0.01679970443104745,0.025411450705328027
initialized,development,43,hrnet_w32,automated-source-screen,BioMotionLab_NTroje::rub086,0.00894657178722774,,0.0,0.00796943992766594,,,,,0.019457688266192704,0.01723343014583473,0.03020153582185626
initialized,development,43,hrnet_w32,automated-source-screen,BioMotionLab_NTroje::rub098,0.008402475686602564,0.014322219601130535,0.0,0.007038342050664675,,,,,0.01795761290289567,0.011319011676476969,
initialized,development,43,hrnet_w32,automated-source-screen,BioMotionLab_NTroje::rub106,0.010657689780630804,0.022241240622430963,0.0,0.00808114487635488,,,,,0.0277602186017171,0.0164708241829214,
initialized,development,43,rtmpose_m,automated-source-screen,BioMotionLab_NTroje::rub053,0.009381100134347283,0.016633056156423184,0.0,0.004694863013294184,,,,,0.021067194159123018,0.013529756880856232,
initialized,development,43,rtmpose_m,automated-source-screen,BioMotionLab_NTroje::rub054,0.009030369378872964,,0.0,0.006627798187029406,,,,,0.020367216601547916,0.014034907679707779,0.023368666084512813
initialized,development,43,rtmpose_m,automated-source-screen,BioMotionLab_NTroje::rub070,0.010941615369429968,0.019994058210013904,0.0,0.009260238509165956,,,,,0.0255608527893586,0.01655496236616735,0.03487927139632372
initialized,development,43,rtmpose_m,automated-source-screen,BioMotionLab_NTroje::rub072,0.02219052310283198,0.022697008969479487,0.0,0.013826536892836697,,,,,0.05673801363605171,0.027627041214158973,
initialized,development,43,rtmpose_m,automated-source-screen,BioMotionLab_NTroje::rub075,0.0097326450283292,0.014019504683977146,0.0,0.00869922154989659,,,,,0.026719151041137486,0.014948008228691799,0.02401208452023658
initialized,development,43,rtmpose_m,automated-source-screen,BioMotionLab_NTroje::rub086,0.008688135044222004,,0.0,0.006358961155654622,,,,,0.020082593654016788,0.013986417747665708,0.025499374634495267
initialized,development,43,rtmpose_m,automated-source-screen,BioMotionLab_NTroje::rub098,0.007413058251957683,0.010800179514373847,0.0,0.004432900301027238,,,,,0.014779078847239252,0.009988037794383984,
initialized,development,43,rtmpose_m,automated-source-screen,BioMotionLab_NTroje::rub106,0.011397503095862942,0.020836549936915603,0.0,0.005849159153632748,,,,,0.028953413734920698,0.01622453447160255,
initialized,development,43,vitpose_base,automated-source-screen,BioMotionLab_NTroje::rub053,0.012103501850292587,0.02703101824049267,0.0,0.005242749293781098,,,,,0.031750243385449524,0.02061053686997089,
initialized,development,43,vitpose_base,automated-source-screen,BioMotionLab_NTroje::rub054,0.010325531852974626,,0.0,0.0077960012102879315,,,,,0.023777333008869715,0.018083055566913177,0.02824564058341367
initialized,development,43,vitpose_base,automated-source-screen,BioMotionLab_NTroje::rub070,0.012105068529989542,0.026465596198485014,0.0,0.007873595739602501,,,,,0.03244674263498187,0.022878165495351814,0.04327710254343723
initialized,development,43,vitpose_base,automated-source-screen,BioMotionLab_NTroje::rub072,0.0344485089441201,0.041600734721626016,0.0,0.01331371575701433,,,,,0.07191090226850945,0.04234874722292528,
initialized,development,43,vitpose_base,automated-source-screen,BioMotionLab_NTroje::rub075,0.01083596157454495,0.01800641104438791,0.0,0.008504319178973601,,,,,0.028766149202050458,0.019367935208332063,0.03130842126327831
initialized,development,43,vitpose_base,automated-source-screen,BioMotionLab_NTroje::rub086,0.009668816847195222,,0.0,0.007030082563136756,,,,,0.022076642436555986,0.016570138799703718,0.03014621822122357
initialized,development,43,vitpose_base,automated-source-screen,BioMotionLab_NTroje::rub098,0.009348713607302587,0.017955492395483448,0.0,0.005287019439751373,,,,,0.02088987932978599,0.012709506431793647,
initialized,development,43,vitpose_base,automated-source-screen,BioMotionLab_NTroje::rub106,0.018629812767076613,0.026587584957265185,0.0,0.009896676860398572,,,,,0.0471785874915691,0.023348269394006672,
joint_affine,development,17,hrnet_w32,automated-source-screen,BioMotionLab_NTroje::rub053,0.009869728638609543,0.01909610754374289,0.0,0.0068359947008164,,,,,0.023703309683786443,0.015042607687941075,
joint_affine,development,17,hrnet_w32,automated-source-screen,BioMotionLab_NTroje::rub054,0.010250721825468507,,0.0,0.008910575158868693,,,,,0.023228933361026386,0.01668064386994908,0.025437446520451545
joint_affine,development,17,hrnet_w32,automated-source-screen,BioMotionLab_NTroje::rub070,0.016258308634068207,0.029779003006890417,0.0,0.014867302317046194,,,,,0.04862209565619487,0.023679457281043006,0.03692309037655878
joint_affine,development,17,hrnet_w32,automated-source-screen,BioMotionLab_NTroje::rub072,0.021090816838403775,0.028861933517942508,0.0,0.012881099574645756,,,,,0.047511623952909976,0.027125220924823543,
joint_affine,development,17,hrnet_w32,automated-source-screen,BioMotionLab_NTroje::rub075,0.010808439916555506,0.016295598503652108,0.0,0.010154261624023924,,,,,0.028357775156846714,0.01688956339733651,0.024494396770235717
joint_affine,development,17,hrnet_w32,automated-source-screen,BioMotionLab_NTroje::rub086,0.009179133900026224,,0.0,0.007899933537260533,,,,,0.02099653921861485,0.017013153035295207,0.029181960782311844
joint_affine,development,17,hrnet_w32,automated-source-screen,BioMotionLab_NTroje::rub098,0.008420655926904164,0.013904662350173506,0.0,0.007017831726443175,,,,,0.018305822290270855,0.011247742772100519,
joint_affine,development,17,hrnet_w32,automated-source-screen,BioMotionLab_NTroje::rub106,0.011116700680212682,0.02341906372617046,0.0,0.008005470501654394,,,,,0.02947699124661387,0.01673213113032119,
joint_affine,development,17,rtmpose_m,automated-source-screen,BioMotionLab_NTroje::rub053,0.009675858918304444,0.017759898123421557,0.0,0.004739688561996025,,,,,0.02271583982683628,0.014183496831462944,
joint_affine,development,17,rtmpose_m,automated-source-screen,BioMotionLab_NTroje::rub054,0.00938706453254775,,0.0,0.006610155979874306,,,,,0.021347597477737394,0.013965946425941669,0.0219586775959906
joint_affine,development,17,rtmpose_m,automated-source-screen,BioMotionLab_NTroje::rub070,0.011040706427301693,0.019103278782876043,0.0,0.009344147403860449,,,,,0.026675717932737982,0.01652623366702298,0.034374944457732995
joint_affine,development,17,rtmpose_m,automated-source-screen,BioMotionLab_NTroje::rub072,0.022193887516184535,0.022037608062978106,0.0,0.013923386922101075,,,,,0.05837669702162477,0.026286483079453075,
joint_affine,development,17,rtmpose_m,automated-source-screen,BioMotionLab_NTroje::rub075,0.009765025992252076,0.01442184739648175,0.0,0.008865347692685476,,,,,0.028197768606925473,0.014881322808272087,0.02274789899613782
joint_affine,development,17,rtmpose_m,automated-source-screen,BioMotionLab_NTroje::rub086,0.008821626153188213,,0.0,0.006450178229853669,,,,,0.020211959968672432,0.013664820150738787,0.024178071967703187
joint_affine,development,17,rtmpose_m,automated-source-screen,BioMotionLab_NTroje::rub098,0.007651549798207694,0.010585462489836387,0.0,0.004492485614325756,,,,,0.015328680124898495,0.01007783151679142,
joint_affine,development,17,rtmpose_m,automated-source-screen,BioMotionLab_NTroje::rub106,0.01097035462086135,0.020710300773176656,0.0,0.005819809689165225,,,,,0.02764089203545426,0.015689747953732975,
joint_affine,development,17,vitpose_base,automated-source-screen,BioMotionLab_NTroje::rub053,0.011476051446411513,0.02726553933926631,0.0,0.005104841261860607,,,,,0.03282322103445436,0.02052277763162458,
joint_affine,development,17,vitpose_base,automated-source-screen,BioMotionLab_NTroje::rub054,0.010213312503858974,,0.0,0.0076664378632822,,,,,0.024846152620528715,0.017729792548998494,0.025786349244101014
joint_affine,development,17,vitpose_base,automated-source-screen,BioMotionLab_NTroje::rub070,0.012560391752490463,0.02773975575118023,0.0,0.007804538747952493,,,,,0.03446912675686777,0.022600160263224714,0.04010028645312219
joint_affine,development,17,vitpose_base,automated-source-screen,BioMotionLab_NTroje::rub072,0.03427502372766167,0.039790846269340034,0.0,0.0127137213016222,,,,,0.06819891019581045,0.040850650777689165,
joint_affine,development,17,vitpose_base,automated-source-screen,BioMotionLab_NTroje::rub075,0.011313669725974506,0.01889946082775836,0.0,0.00845891477581625,,,,,0.030087469653606095,0.01948675785818525,0.03014022287628705
joint_affine,development,17,vitpose_base,automated-source-screen,BioMotionLab_NTroje::rub086,0.009949180450668081,,0.0,0.0070041543466444495,,,,,0.023645097997426652,0.016662791793291193,0.029915353219592444
joint_affine,development,17,vitpose_base,automated-source-screen,BioMotionLab_NTroje::rub098,0.009341387665451895,0.01774471688507455,0.0,0.005214921221877319,,,,,0.021580073167988885,0.01264282375141337,
joint_affine,development,17,vitpose_base,automated-source-screen,BioMotionLab_NTroje::rub106,0.019165028252948187,0.027266382748947063,0.0,0.009906067985369148,,,,,0.04886811353490831,0.02352664573832193,
joint_affine,development,29,hrnet_w32,automated-source-screen,BioMotionLab_NTroje::rub053,0.009869728638609543,0.01909610754374289,0.0,0.0068359947008164,,,,,0.023703309683786443,0.015042607687941075,
joint_affine,development,29,hrnet_w32,automated-source-screen,BioMotionLab_NTroje::rub054,0.010250721825468507,,0.0,0.008910575158868693,,,,,0.023228933361026386,0.01668064386994908,0.025437446520451545
joint_affine,development,29,hrnet_w32,automated-source-screen,BioMotionLab_NTroje::rub070,0.016258308634068207,0.029779003006890417,0.0,0.014867302317046194,,,,,0.04862209565619487,0.023679457281043006,0.03692309037655878
joint_affine,development,29,hrnet_w32,automated-source-screen,BioMotionLab_NTroje::rub072,0.021090816838403775,0.028861933517942508,0.0,0.012881099574645756,,,,,0.047511623952909976,0.027125220924823543,
joint_affine,development,29,hrnet_w32,automated-source-screen,BioMotionLab_NTroje::rub075,0.010808439916555506,0.016295598503652108,0.0,0.010154261624023924,,,,,0.028357775156846714,0.01688956339733651,0.024494396770235717
joint_affine,development,29,hrnet_w32,automated-source-screen,BioMotionLab_NTroje::rub086,0.009179133900026224,,0.0,0.007899933537260533,,,,,0.02099653921861485,0.017013153035295207,0.029181960782311844
joint_affine,development,29,hrnet_w32,automated-source-screen,BioMotionLab_NTroje::rub098,0.008420655926904164,0.013904662350173506,0.0,0.007017831726443175,,,,,0.018305822290270855,0.011247742772100519,
joint_affine,development,29,hrnet_w32,automated-source-screen,BioMotionLab_NTroje::rub106,0.011116700680212682,0.02341906372617046,0.0,0.008005470501654394,,,,,0.02947699124661387,0.01673213113032119,
joint_affine,development,29,rtmpose_m,automated-source-screen,BioMotionLab_NTroje::rub053,0.009675858918304444,0.017759898123421557,0.0,0.004739688561996025,,,,,0.02271583982683628,0.014183496831462944,
joint_affine,development,29,rtmpose_m,automated-source-screen,BioMotionLab_NTroje::rub054,0.00938706453254775,,0.0,0.006610155979874306,,,,,0.021347597477737394,0.013965946425941669,0.0219586775959906
joint_affine,development,29,rtmpose_m,automated-source-screen,BioMotionLab_NTroje::rub070,0.011040706427301693,0.019103278782876043,0.0,0.009344147403860449,,,,,0.026675717932737982,0.01652623366702298,0.034374944457732995
joint_affine,development,29,rtmpose_m,automated-source-screen,BioMotionLab_NTroje::rub072,0.022193887516184535,0.022037608062978106,0.0,0.013923386922101075,,,,,0.05837669702162477,0.026286483079453075,
joint_affine,development,29,rtmpose_m,automated-source-screen,BioMotionLab_NTroje::rub075,0.009765025992252076,0.01442184739648175,0.0,0.008865347692685476,,,,,0.028197768606925473,0.014881322808272087,0.02274789899613782
joint_affine,development,29,rtmpose_m,automated-source-screen,BioMotionLab_NTroje::rub086,0.008821626153188213,,0.0,0.006450178229853669,,,,,0.020211959968672432,0.013664820150738787,0.024178071967703187
joint_affine,development,29,rtmpose_m,automated-source-screen,BioMotionLab_NTroje::rub098,0.007651549798207694,0.010585462489836387,0.0,0.004492485614325756,,,,,0.015328680124898495,0.01007783151679142,
joint_affine,development,29,rtmpose_m,automated-source-screen,BioMotionLab_NTroje::rub106,0.01097035462086135,0.020710300773176656,0.0,0.005819809689165225,,,,,0.02764089203545426,0.015689747953732975,
joint_affine,development,29,vitpose_base,automated-source-screen,BioMotionLab_NTroje::rub053,0.011476051446411513,0.02726553933926631,0.0,0.005104841261860607,,,,,0.03282322103445436,0.02052277763162458,
joint_affine,development,29,vitpose_base,automated-source-screen,BioMotionLab_NTroje::rub054,0.010213312503858974,,0.0,0.0076664378632822,,,,,0.024846152620528715,0.017729792548998494,0.025786349244101014
joint_affine,development,29,vitpose_base,automated-source-screen,BioMotionLab_NTroje::rub070,0.012560391752490463,0.02773975575118023,0.0,0.007804538747952493,,,,,0.03446912675686777,0.022600160263224714,0.04010028645312219
joint_affine,development,29,vitpose_base,automated-source-screen,BioMotionLab_NTroje::rub072,0.03427502372766167,0.039790846269340034,0.0,0.0127137213016222,,,,,0.06819891019581045,0.040850650777689165,
joint_affine,development,29,vitpose_base,automated-source-screen,BioMotionLab_NTroje::rub075,0.011313669725974506,0.01889946082775836,0.0,0.00845891477581625,,,,,0.030087469653606095,0.01948675785818525,0.03014022287628705
joint_affine,development,29,vitpose_base,automated-source-screen,BioMotionLab_NTroje::rub086,0.009949180450668081,,0.0,0.0070041543466444495,,,,,0.023645097997426652,0.016662791793291193,0.029915353219592444
joint_affine,development,29,vitpose_base,automated-source-screen,BioMotionLab_NTroje::rub098,0.009341387665451895,0.01774471688507455,0.0,0.005214921221877319,,,,,0.021580073167988885,0.01264282375141337,
joint_affine,development,29,vitpose_base,automated-source-screen,BioMotionLab_NTroje::rub106,0.019165028252948187,0.027266382748947063,0.0,0.009906067985369148,,,,,0.04886811353490831,0.02352664573832193,
joint_affine,development,43,hrnet_w32,automated-source-screen,BioMotionLab_NTroje::rub053,0.009869728638609543,0.01909610754374289,0.0,0.0068359947008164,,,,,0.023703309683786443,0.015042607687941075,
joint_affine,development,43,hrnet_w32,automated-source-screen,BioMotionLab_NTroje::rub054,0.010250721825468507,,0.0,0.008910575158868693,,,,,0.023228933361026386,0.01668064386994908,0.025437446520451545
joint_affine,development,43,hrnet_w32,automated-source-screen,BioMotionLab_NTroje::rub070,0.016258308634068207,0.029779003006890417,0.0,0.014867302317046194,,,,,0.04862209565619487,0.023679457281043006,0.03692309037655878
joint_affine,development,43,hrnet_w32,automated-source-screen,BioMotionLab_NTroje::rub072,0.021090816838403775,0.028861933517942508,0.0,0.012881099574645756,,,,,0.047511623952909976,0.027125220924823543,
joint_affine,development,43,hrnet_w32,automated-source-screen,BioMotionLab_NTroje::rub075,0.010808439916555506,0.016295598503652108,0.0,0.010154261624023924,,,,,0.028357775156846714,0.01688956339733651,0.024494396770235717
joint_affine,development,43,hrnet_w32,automated-source-screen,BioMotionLab_NTroje::rub086,0.009179133900026224,,0.0,0.007899933537260533,,,,,0.02099653921861485,0.017013153035295207,0.029181960782311844
joint_affine,development,43,hrnet_w32,automated-source-screen,BioMotionLab_NTroje::rub098,0.008420655926904164,0.013904662350173506,0.0,0.007017831726443175,,,,,0.018305822290270855,0.011247742772100519,
joint_affine,development,43,hrnet_w32,automated-source-screen,BioMotionLab_NTroje::rub106,0.011116700680212682,0.02341906372617046,0.0,0.008005470501654394,,,,,0.02947699124661387,0.01673213113032119,
joint_affine,development,43,rtmpose_m,automated-source-screen,BioMotionLab_NTroje::rub053,0.009675858918304444,0.017759898123421557,0.0,0.004739688561996025,,,,,0.02271583982683628,0.014183496831462944,
joint_affine,development,43,rtmpose_m,automated-source-screen,BioMotionLab_NTroje::rub054,0.00938706453254775,,0.0,0.006610155979874306,,,,,0.021347597477737394,0.013965946425941669,0.0219586775959906
joint_affine,development,43,rtmpose_m,automated-source-screen,BioMotionLab_NTroje::rub070,0.011040706427301693,0.019103278782876043,0.0,0.009344147403860449,,,,,0.026675717932737982,0.01652623366702298,0.034374944457732995
joint_affine,development,43,rtmpose_m,automated-source-screen,BioMotionLab_NTroje::rub072,0.022193887516184535,0.022037608062978106,0.0,0.013923386922101075,,,,,0.05837669702162477,0.026286483079453075,
joint_affine,development,43,rtmpose_m,automated-source-screen,BioMotionLab_NTroje::rub075,0.009765025992252076,0.01442184739648175,0.0,0.008865347692685476,,,,,0.028197768606925473,0.014881322808272087,0.02274789899613782
joint_affine,development,43,rtmpose_m,automated-source-screen,BioMotionLab_NTroje::rub086,0.008821626153188213,,0.0,0.006450178229853669,,,,,0.020211959968672432,0.013664820150738787,0.024178071967703187
joint_affine,development,43,rtmpose_m,automated-source-screen,BioMotionLab_NTroje::rub098,0.007651549798207694,0.010585462489836387,0.0,0.004492485614325756,,,,,0.015328680124898495,0.01007783151679142,
joint_affine,development,43,rtmpose_m,automated-source-screen,BioMotionLab_NTroje::rub106,0.01097035462086135,0.020710300773176656,0.0,0.005819809689165225,,,,,0.02764089203545426,0.015689747953732975,
joint_affine,development,43,vitpose_base,automated-source-screen,BioMotionLab_NTroje::rub053,0.011476051446411513,0.02726553933926631,0.0,0.005104841261860607,,,,,0.03282322103445436,0.02052277763162458,
joint_affine,development,43,vitpose_base,automated-source-screen,BioMotionLab_NTroje::rub054,0.010213312503858974,,0.0,0.0076664378632822,,,,,0.024846152620528715,0.017729792548998494,0.025786349244101014
joint_affine,development,43,vitpose_base,automated-source-screen,BioMotionLab_NTroje::rub070,0.012560391752490463,0.02773975575118023,0.0,0.007804538747952493,,,,,0.03446912675686777,0.022600160263224714,0.04010028645312219
joint_affine,development,43,vitpose_base,automated-source-screen,BioMotionLab_NTroje::rub072,0.03427502372766167,0.039790846269340034,0.0,0.0127137213016222,,,,,0.06819891019581045,0.040850650777689165,
joint_affine,development,43,vitpose_base,automated-source-screen,BioMotionLab_NTroje::rub075,0.011313669725974506,0.01889946082775836,0.0,0.00845891477581625,,,,,0.030087469653606095,0.01948675785818525,0.03014022287628705
joint_affine,development,43,vitpose_base,automated-source-screen,BioMotionLab_NTroje::rub086,0.009949180450668081,,0.0,0.0070041543466444495,,,,,0.023645097997426652,0.016662791793291193,0.029915353219592444
joint_affine,development,43,vitpose_base,automated-source-screen,BioMotionLab_NTroje::rub098,0.009341387665451895,0.01774471688507455,0.0,0.005214921221877319,,,,,0.021580073167988885,0.01264282375141337,
joint_affine,development,43,vitpose_base,automated-source-screen,BioMotionLab_NTroje::rub106,0.019165028252948187,0.027266382748947063,0.0,0.009906067985369148,,,,,0.04886811353490831,0.02352664573832193,
joint_offset,development,17,hrnet_w32,automated-source-screen,BioMotionLab_NTroje::rub053,0.009837759191039063,0.019301678969208556,0.0,0.006884479879790519,,,,,0.023753237093808832,0.015141218677988143,
joint_offset,development,17,hrnet_w32,automated-source-screen,BioMotionLab_NTroje::rub054,0.010404392244300462,,0.0,0.009025201383565731,,,,,0.023311614299881392,0.01709281971599707,0.02758175260182299
joint_offset,development,17,hrnet_w32,automated-source-screen,BioMotionLab_NTroje::rub070,0.01620365068711812,0.0294353132046652,0.0,0.014886580498407631,,,,,0.047556610394970195,0.023976630451222062,0.03934821334430274
joint_offset,development,17,hrnet_w32,automated-source-screen,BioMotionLab_NTroje::rub072,0.021463477962273794,0.030215535811218455,0.0,0.01320067638853632,,,,,0.0476206135080587,0.028423412854820813,
joint_offset,development,17,hrnet_w32,automated-source-screen,BioMotionLab_NTroje::rub075,0.01086342178901472,0.016160254134772855,0.0,0.010232224390201687,,,,,0.028138863290480293,0.017171305493746163,0.025282459600389093
joint_offset,development,17,hrnet_w32,automated-source-screen,BioMotionLab_NTroje::rub086,0.009221245586458674,,0.0,0.007928890610874713,,,,,0.020698733813201656,0.01751256541265813,0.030352355397354293
joint_offset,development,17,hrnet_w32,automated-source-screen,BioMotionLab_NTroje::rub098,0.008374030751643793,0.014161106666540088,0.0,0.00701332219673025,,,,,0.018511149577464556,0.011359669624311706,
joint_offset,development,17,hrnet_w32,automated-source-screen,BioMotionLab_NTroje::rub106,0.01112375537214155,0.02336370902908367,0.0,0.008099329418362269,,,,,0.029084722207992218,0.016914714564519512,
joint_offset,development,17,rtmpose_m,automated-source-screen,BioMotionLab_NTroje::rub053,0.009531390220761275,0.01764987607071618,0.0,0.004641993442876644,,,,,0.022406854416974698,0.014136724831055707,
joint_offset,development,17,rtmpose_m,automated-source-screen,BioMotionLab_NTroje::rub054,0.009471051706049238,,0.0,0.006637858004354631,,,,,0.02140323327438378,0.014173188445676157,0.023331108754505635
joint_offset,development,17,rtmpose_m,automated-source-screen,BioMotionLab_NTroje::rub070,0.011057248165391158,0.01877499081404231,0.0,0.00940283240203017,,,,,0.026550293852122736,0.016765154482018707,0.03758719556860807
joint_offset,development,17,rtmpose_m,automated-source-screen,BioMotionLab_NTroje::rub072,0.02243480950204694,0.022882464362841488,0.0,0.013989740505617994,,,,,0.05820524383042168,0.027532697534430176,
joint_offset,development,17,rtmpose_m,automated-source-screen,BioMotionLab_NTroje::rub075,0.00978965920118268,0.01428051111043033,0.0,0.008841913535498768,,,,,0.02813701365089801,0.0151075209274271,0.023462606917361375
joint_offset,development,17,rtmpose_m,automated-source-screen,BioMotionLab_NTroje::rub086,0.008795016740176187,,0.0,0.006418683959870581,,,,,0.019993548203097095,0.013913448418798876,0.025003841569816988
joint_offset,development,17,rtmpose_m,automated-source-screen,BioMotionLab_NTroje::rub098,0.007545460721130499,0.01062731149903045,0.0,0.004450829281514506,,,,,0.015150542009278931,0.010052696968225638,
joint_offset,development,17,rtmpose_m,automated-source-screen,BioMotionLab_NTroje::rub106,0.010990679615303875,0.020675157838720495,0.0,0.005890591395897844,,,,,0.027832702270018404,0.015850309464037086,
joint_offset,development,17,vitpose_base,automated-source-screen,BioMotionLab_NTroje::rub053,0.011402878884152944,0.02750494000021287,0.0,0.0051208260915991816,,,,,0.03287486651233906,0.020820129894730113,
joint_offset,development,17,vitpose_base,automated-source-screen,BioMotionLab_NTroje::rub054,0.010348836044120187,,0.0,0.007741858855765444,,,,,0.02504026044098139,0.01831649336759425,0.028605116353474045
joint_offset,development,17,vitpose_base,automated-source-screen,BioMotionLab_NTroje::rub070,0.012493317759513813,0.0273121468261376,0.0,0.007859006735738819,,,,,0.03394190628580644,0.022943797692530514,0.0438592737502053
joint_offset,development,17,vitpose_base,automated-source-screen,BioMotionLab_NTroje::rub072,0.03515134053499637,0.042022772973600346,0.0,0.013312245445366664,,,,,0.07212674444264068,0.04257573111596002,
joint_offset,development,17,vitpose_base,automated-source-screen,BioMotionLab_NTroje::rub075,0.011252072872135206,0.018694711431755044,0.0,0.008458026081788163,,,,,0.030031054088807574,0.01980957560581935,0.03119486297404675
joint_offset,development,17,vitpose_base,automated-source-screen,BioMotionLab_NTroje::rub086,0.010021881873369526,,0.0,0.006947331714753462,,,,,0.023308048247645263,0.01709322529128861,0.031174073502259453
joint_offset,development,17,vitpose_base,automated-source-screen,BioMotionLab_NTroje::rub098,0.00937043649431493,0.018096532479285426,0.0,0.005196794397237194,,,,,0.022059524393182237,0.012764235625511482,
joint_offset,development,17,vitpose_base,automated-source-screen,BioMotionLab_NTroje::rub106,0.019046675090398424,0.027371146216121498,0.0,0.009896275595148343,,,,,0.04849665673974639,0.023748280401569764,
joint_offset,development,29,hrnet_w32,automated-source-screen,BioMotionLab_NTroje::rub053,0.009837759191039063,0.019301678969208556,0.0,0.006884479879790519,,,,,0.023753237093808832,0.015141218677988143,
joint_offset,development,29,hrnet_w32,automated-source-screen,BioMotionLab_NTroje::rub054,0.010404392244300462,,0.0,0.009025201383565731,,,,,0.023311614299881392,0.01709281971599707,0.02758175260182299
joint_offset,development,29,hrnet_w32,automated-source-screen,BioMotionLab_NTroje::rub070,0.01620365068711812,0.0294353132046652,0.0,0.014886580498407631,,,,,0.047556610394970195,0.023976630451222062,0.03934821334430274
joint_offset,development,29,hrnet_w32,automated-source-screen,BioMotionLab_NTroje::rub072,0.021463477962273794,0.030215535811218455,0.0,0.01320067638853632,,,,,0.0476206135080587,0.028423412854820813,
joint_offset,development,29,hrnet_w32,automated-source-screen,BioMotionLab_NTroje::rub075,0.01086342178901472,0.016160254134772855,0.0,0.010232224390201687,,,,,0.028138863290480293,0.017171305493746163,0.025282459600389093
joint_offset,development,29,hrnet_w32,automated-source-screen,BioMotionLab_NTroje::rub086,0.009221245586458674,,0.0,0.007928890610874713,,,,,0.020698733813201656,0.01751256541265813,0.030352355397354293
joint_offset,development,29,hrnet_w32,automated-source-screen,BioMotionLab_NTroje::rub098,0.008374030751643793,0.014161106666540088,0.0,0.00701332219673025,,,,,0.018511149577464556,0.011359669624311706,
joint_offset,development,29,hrnet_w32,automated-source-screen,BioMotionLab_NTroje::rub106,0.01112375537214155,0.02336370902908367,0.0,0.008099329418362269,,,,,0.029084722207992218,0.016914714564519512,
joint_offset,development,29,rtmpose_m,automated-source-screen,BioMotionLab_NTroje::rub053,0.009531390220761275,0.01764987607071618,0.0,0.004641993442876644,,,,,0.022406854416974698,0.014136724831055707,
joint_offset,development,29,rtmpose_m,automated-source-screen,BioMotionLab_NTroje::rub054,0.009471051706049238,,0.0,0.006637858004354631,,,,,0.02140323327438378,0.014173188445676157,0.023331108754505635
joint_offset,development,29,rtmpose_m,automated-source-screen,BioMotionLab_NTroje::rub070,0.011057248165391158,0.01877499081404231,0.0,0.00940283240203017,,,,,0.026550293852122736,0.016765154482018707,0.03758719556860807
joint_offset,development,29,rtmpose_m,automated-source-screen,BioMotionLab_NTroje::rub072,0.02243480950204694,0.022882464362841488,0.0,0.013989740505617994,,,,,0.05820524383042168,0.027532697534430176,
joint_offset,development,29,rtmpose_m,automated-source-screen,BioMotionLab_NTroje::rub075,0.00978965920118268,0.01428051111043033,0.0,0.008841913535498768,,,,,0.02813701365089801,0.0151075209274271,0.023462606917361375
joint_offset,development,29,rtmpose_m,automated-source-screen,BioMotionLab_NTroje::rub086,0.008795016740176187,,0.0,0.006418683959870581,,,,,0.019993548203097095,0.013913448418798876,0.025003841569816988
joint_offset,development,29,rtmpose_m,automated-source-screen,BioMotionLab_NTroje::rub098,0.007545460721130499,0.01062731149903045,0.0,0.004450829281514506,,,,,0.015150542009278931,0.010052696968225638,
joint_offset,development,29,rtmpose_m,automated-source-screen,BioMotionLab_NTroje::rub106,0.010990679615303875,0.020675157838720495,0.0,0.005890591395897844,,,,,0.027832702270018404,0.015850309464037086,
joint_offset,development,29,vitpose_base,automated-source-screen,BioMotionLab_NTroje::rub053,0.011402878884152944,0.02750494000021287,0.0,0.0051208260915991816,,,,,0.03287486651233906,0.020820129894730113,
joint_offset,development,29,vitpose_base,automated-source-screen,BioMotionLab_NTroje::rub054,0.010348836044120187,,0.0,0.007741858855765444,,,,,0.02504026044098139,0.01831649336759425,0.028605116353474045
joint_offset,development,29,vitpose_base,automated-source-screen,BioMotionLab_NTroje::rub070,0.012493317759513813,0.0273121468261376,0.0,0.007859006735738819,,,,,0.03394190628580644,0.022943797692530514,0.0438592737502053
joint_offset,development,29,vitpose_base,automated-source-screen,BioMotionLab_NTroje::rub072,0.03515134053499637,0.042022772973600346,0.0,0.013312245445366664,,,,,0.07212674444264068,0.04257573111596002,
joint_offset,development,29,vitpose_base,automated-source-screen,BioMotionLab_NTroje::rub075,0.011252072872135206,0.018694711431755044,0.0,0.008458026081788163,,,,,0.030031054088807574,0.01980957560581935,0.03119486297404675
joint_offset,development,29,vitpose_base,automated-source-screen,BioMotionLab_NTroje::rub086,0.010021881873369526,,0.0,0.006947331714753462,,,,,0.023308048247645263,0.01709322529128861,0.031174073502259453
joint_offset,development,29,vitpose_base,automated-source-screen,BioMotionLab_NTroje::rub098,0.00937043649431493,0.018096532479285426,0.0,0.005196794397237194,,,,,0.022059524393182237,0.012764235625511482,
joint_offset,development,29,vitpose_base,automated-source-screen,BioMotionLab_NTroje::rub106,0.019046675090398424,0.027371146216121498,0.0,0.009896275595148343,,,,,0.04849665673974639,0.023748280401569764,
joint_offset,development,43,hrnet_w32,automated-source-screen,BioMotionLab_NTroje::rub053,0.009837759191039063,0.019301678969208556,0.0,0.006884479879790519,,,,,0.023753237093808832,0.015141218677988143,
joint_offset,development,43,hrnet_w32,automated-source-screen,BioMotionLab_NTroje::rub054,0.010404392244300462,,0.0,0.009025201383565731,,,,,0.023311614299881392,0.01709281971599707,0.02758175260182299
joint_offset,development,43,hrnet_w32,automated-source-screen,BioMotionLab_NTroje::rub070,0.01620365068711812,0.0294353132046652,0.0,0.014886580498407631,,,,,0.047556610394970195,0.023976630451222062,0.03934821334430274
joint_offset,development,43,hrnet_w32,automated-source-screen,BioMotionLab_NTroje::rub072,0.021463477962273794,0.030215535811218455,0.0,0.01320067638853632,,,,,0.0476206135080587,0.028423412854820813,
joint_offset,development,43,hrnet_w32,automated-source-screen,BioMotionLab_NTroje::rub075,0.01086342178901472,0.016160254134772855,0.0,0.010232224390201687,,,,,0.028138863290480293,0.017171305493746163,0.025282459600389093
joint_offset,development,43,hrnet_w32,automated-source-screen,BioMotionLab_NTroje::rub086,0.009221245586458674,,0.0,0.007928890610874713,,,,,0.020698733813201656,0.01751256541265813,0.030352355397354293
joint_offset,development,43,hrnet_w32,automated-source-screen,BioMotionLab_NTroje::rub098,0.008374030751643793,0.014161106666540088,0.0,0.00701332219673025,,,,,0.018511149577464556,0.011359669624311706,
joint_offset,development,43,hrnet_w32,automated-source-screen,BioMotionLab_NTroje::rub106,0.01112375537214155,0.02336370902908367,0.0,0.008099329418362269,,,,,0.029084722207992218,0.016914714564519512,
joint_offset,development,43,rtmpose_m,automated-source-screen,BioMotionLab_NTroje::rub053,0.009531390220761275,0.01764987607071618,0.0,0.004641993442876644,,,,,0.022406854416974698,0.014136724831055707,
joint_offset,development,43,rtmpose_m,automated-source-screen,BioMotionLab_NTroje::rub054,0.009471051706049238,,0.0,0.006637858004354631,,,,,0.02140323327438378,0.014173188445676157,0.023331108754505635
joint_offset,development,43,rtmpose_m,automated-source-screen,BioMotionLab_NTroje::rub070,0.011057248165391158,0.01877499081404231,0.0,0.00940283240203017,,,,,0.026550293852122736,0.016765154482018707,0.03758719556860807
joint_offset,development,43,rtmpose_m,automated-source-screen,BioMotionLab_NTroje::rub072,0.02243480950204694,0.022882464362841488,0.0,0.013989740505617994,,,,,0.05820524383042168,0.027532697534430176,
joint_offset,development,43,rtmpose_m,automated-source-screen,BioMotionLab_NTroje::rub075,0.00978965920118268,0.01428051111043033,0.0,0.008841913535498768,,,,,0.02813701365089801,0.0151075209274271,0.023462606917361375
joint_offset,development,43,rtmpose_m,automated-source-screen,BioMotionLab_NTroje::rub086,0.008795016740176187,,0.0,0.006418683959870581,,,,,0.019993548203097095,0.013913448418798876,0.025003841569816988
joint_offset,development,43,rtmpose_m,automated-source-screen,BioMotionLab_NTroje::rub098,0.007545460721130499,0.01062731149903045,0.0,0.004450829281514506,,,,,0.015150542009278931,0.010052696968225638,
joint_offset,development,43,rtmpose_m,automated-source-screen,BioMotionLab_NTroje::rub106,0.010990679615303875,0.020675157838720495,0.0,0.005890591395897844,,,,,0.027832702270018404,0.015850309464037086,
joint_offset,development,43,vitpose_base,automated-source-screen,BioMotionLab_NTroje::rub053,0.011402878884152944,0.02750494000021287,0.0,0.0051208260915991816,,,,,0.03287486651233906,0.020820129894730113,
joint_offset,development,43,vitpose_base,automated-source-screen,BioMotionLab_NTroje::rub054,0.010348836044120187,,0.0,0.007741858855765444,,,,,0.02504026044098139,0.01831649336759425,0.028605116353474045
joint_offset,development,43,vitpose_base,automated-source-screen,BioMotionLab_NTroje::rub070,0.012493317759513813,0.0273121468261376,0.0,0.007859006735738819,,,,,0.03394190628580644,0.022943797692530514,0.0438592737502053
joint_offset,development,43,vitpose_base,automated-source-screen,BioMotionLab_NTroje::rub072,0.03515134053499637,0.042022772973600346,0.0,0.013312245445366664,,,,,0.07212674444264068,0.04257573111596002,
joint_offset,development,43,vitpose_base,automated-source-screen,BioMotionLab_NTroje::rub075,0.011252072872135206,0.018694711431755044,0.0,0.008458026081788163,,,,,0.030031054088807574,0.01980957560581935,0.03119486297404675
joint_offset,development,43,vitpose_base,automated-source-screen,BioMotionLab_NTroje::rub086,0.010021881873369526,,0.0,0.006947331714753462,,,,,0.023308048247645263,0.01709322529128861,0.031174073502259453
joint_offset,development,43,vitpose_base,automated-source-screen,BioMotionLab_NTroje::rub098,0.00937043649431493,0.018096532479285426,0.0,0.005196794397237194,,,,,0.022059524393182237,0.012764235625511482,
joint_offset,development,43,vitpose_base,automated-source-screen,BioMotionLab_NTroje::rub106,0.019046675090398424,0.027371146216121498,0.0,0.009896275595148343,,,,,0.04849665673974639,0.023748280401569764,
ordinary_jepa,development,17,hrnet_w32,automated-source-screen,BioMotionLab_NTroje::rub053,0.009784760856828506,0.018797305613983312,0.0,0.0069468636183527685,,,,,0.02270933592229822,0.014681186297978632,
ordinary_jepa,development,17,hrnet_w32,automated-source-screen,BioMotionLab_NTroje::rub054,0.010127687390198757,,0.0,0.009098316536461194,,,,,0.021870181387808642,0.016745704355390606,0.026025643546665048
ordinary_jepa,development,17,hrnet_w32,automated-source-screen,BioMotionLab_NTroje::rub070,0.016222952718510895,0.02946309185875441,0.0,0.014933652078428786,,,,,0.046551382775473965,0.02436206833425185,0.03868090490389137
ordinary_jepa,development,17,hrnet_w32,automated-source-screen,BioMotionLab_NTroje::rub072,0.02126543868235911,0.029925841782778073,0.0,0.013192947833591907,,,,,0.047492374647696824,0.028261683501172974,
ordinary_jepa,development,17,hrnet_w32,automated-source-screen,BioMotionLab_NTroje::rub075,0.010433740537604819,0.015070373992619356,0.0,0.010105554658504195,,,,,0.02736242455454879,0.016620911435343236,0.024923182435226975
ordinary_jepa,development,17,hrnet_w32,automated-source-screen,BioMotionLab_NTroje::rub086,0.009044577272095032,,0.0,0.007975508662793281,,,,,0.019808824836073442,0.01717052648993731,0.029377025494722618
ordinary_jepa,development,17,hrnet_w32,automated-source-screen,BioMotionLab_NTroje::rub098,0.008261215606761168,0.014113938541619563,0.0,0.007040545874676962,,,,,0.017485896333124328,0.011121834093589512,
ordinary_jepa,development,17,hrnet_w32,automated-source-screen,BioMotionLab_NTroje::rub106,0.01098069786556678,0.022598645935896288,0.0,0.008069504148708056,,,,,0.02824683197079573,0.016742028536221688,
ordinary_jepa,development,17,rtmpose_m,automated-source-screen,BioMotionLab_NTroje::rub053,0.009072156179028745,0.017403822998999563,0.0,0.004693948666501932,,,,,0.02185545423301358,0.013497407515962538,
ordinary_jepa,development,17,rtmpose_m,automated-source-screen,BioMotionLab_NTroje::rub054,0.008805347833414462,,0.0,0.006591668394250563,,,,,0.020283111273984168,0.013625448055156182,0.02211234418096425
ordinary_jepa,development,17,rtmpose_m,automated-source-screen,BioMotionLab_NTroje::rub070,0.010827014996834763,0.018359218607652394,0.0,0.009189817458043868,,,,,0.02461559859458102,0.015978150427069605,0.03216967462830295
ordinary_jepa,development,17,rtmpose_m,automated-source-screen,BioMotionLab_NTroje::rub072,0.02214468428726355,0.022525143455569892,0.0,0.013880051442630052,,,,,0.055697378671987416,0.02723900526241602,
ordinary_jepa,development,17,rtmpose_m,automated-source-screen,BioMotionLab_NTroje::rub075,0.009436072439403687,0.012697652968445994,0.0,0.008606616397702695,,,,,0.02608084946482582,0.014257549757411062,0.023182901087895582
ordinary_jepa,development,17,rtmpose_m,automated-source-screen,BioMotionLab_NTroje::rub086,0.008681599835127687,,0.0,0.006350431492494787,,,,,0.019168559103335526,0.013639698542143076,0.023853175225342985
ordinary_jepa,development,17,rtmpose_m,automated-source-screen,BioMotionLab_NTroje::rub098,0.007299441907805682,0.010977439009134919,0.0,0.0044019062736927565,,,,,0.014760375909572793,0.009760938607568269,
ordinary_jepa,development,17,rtmpose_m,automated-source-screen,BioMotionLab_NTroje::rub106,0.011066713384552125,0.019947015855846323,0.0,0.0058274199272220755,,,,,0.027926238575741832,0.015543842481077144,
ordinary_jepa,development,17,vitpose_base,automated-source-screen,BioMotionLab_NTroje::rub053,0.011825799172352337,0.027368227958775426,0.0,0.005293614081853306,,,,,0.03205524585714599,0.020571752725305325,
ordinary_jepa,development,17,vitpose_base,automated-source-screen,BioMotionLab_NTroje::rub054,0.01038839655509223,,0.0,0.007778154340333763,,,,,0.023258581213091836,0.01809477619070132,0.027121685137414538
ordinary_jepa,development,17,vitpose_base,automated-source-screen,BioMotionLab_NTroje::rub070,0.012556395415217069,0.02665936934278572,0.0,0.007815010825085638,,,,,0.032752393902342816,0.023425699000363683,0.041222846914706575
ordinary_jepa,development,17,vitpose_base,automated-source-screen,BioMotionLab_NTroje::rub072,0.03481876807955529,0.04186285494341397,0.0,0.013331762729079788,,,,,0.07174915584654382,0.04235375591538422,
ordinary_jepa,development,17,vitpose_base,automated-source-screen,BioMotionLab_NTroje::rub075,0.011114825097618256,0.018533622634342762,0.0,0.00847789145683498,,,,,0.02869986578776556,0.019716416393076856,0.031234896323273954
ordinary_jepa,development,17,vitpose_base,automated-source-screen,BioMotionLab_NTroje::rub086,0.010031166637168399,,0.0,0.007108547195850206,,,,,0.022666900622198026,0.017049259867712788,0.029944223701901224
ordinary_jepa,development,17,vitpose_base,automated-source-screen,BioMotionLab_NTroje::rub098,0.00962657716182075,0.018683419195116818,0.0,0.0053109759161641314,,,,,0.021255358449718025,0.013138696069082212,
ordinary_jepa,development,17,vitpose_base,automated-source-screen,BioMotionLab_NTroje::rub106,0.019332169260050686,0.02778189153123918,0.0,0.009918331993710807,,,,,0.0481544596531822,0.024191383295176956,
ordinary_jepa,development,29,hrnet_w32,automated-source-screen,BioMotionLab_NTroje::rub053,0.010102935735969702,0.019342965712586088,0.0,0.006951485887023762,,,,,0.02329740372855614,0.014904878711592639,
ordinary_jepa,development,29,hrnet_w32,automated-source-screen,BioMotionLab_NTroje::rub054,0.010171396102637977,,0.0,0.009095535332286516,,,,,0.021976093593333468,0.016748259345801122,0.026758626348018833
ordinary_jepa,development,29,hrnet_w32,automated-source-screen,BioMotionLab_NTroje::rub070,0.016117606182803335,0.02949277178335008,0.0,0.014909235947493913,,,,,0.04644001935813474,0.024225431419457235,0.03852613319711876
ordinary_jepa,development,29,hrnet_w32,automated-source-screen,BioMotionLab_NTroje::rub072,0.02132422814008813,0.029260754701287816,0.0,0.013173214334362792,,,,,0.047473128083248085,0.028095883951759836,
ordinary_jepa,development,29,hrnet_w32,automated-source-screen,BioMotionLab_NTroje::rub075,0.010484865038871674,0.015244494638119376,0.0,0.010161422551435335,,,,,0.02742482014616264,0.01669366833978161,0.024932800078008896
ordinary_jepa,development,29,hrnet_w32,automated-source-screen,BioMotionLab_NTroje::rub086,0.009047428308029435,,0.0,0.008005342396703865,,,,,0.019801148543919806,0.017126688137404124,0.029329931857403055
ordinary_jepa,development,29,hrnet_w32,automated-source-screen,BioMotionLab_NTroje::rub098,0.008325010237522313,0.014268189112522336,0.0,0.007070155126665897,,,,,0.017535520082832802,0.011241483099939945,
ordinary_jepa,development,29,hrnet_w32,automated-source-screen,BioMotionLab_NTroje::rub106,0.010923530310952525,0.02268842779547168,0.0,0.008085424499439085,,,,,0.028182793059780352,0.01666901371846399,
ordinary_jepa,development,29,rtmpose_m,automated-source-screen,BioMotionLab_NTroje::rub053,0.00958317460375133,0.01774175234357649,0.0,0.004700227650472098,,,,,0.022071802508431073,0.013901484637903552,
ordinary_jepa,development,29,rtmpose_m,automated-source-screen,BioMotionLab_NTroje::rub054,0.009049752225575847,,0.0,0.006590481698370766,,,,,0.020303573215832083,0.013754237272631028,0.02229676912310109
ordinary_jepa,development,29,rtmpose_m,automated-source-screen,BioMotionLab_NTroje::rub070,0.010907214590495061,0.018971772074800605,0.0,0.00926422051228315,,,,,0.02604418498041147,0.015928026484726653,0.03287565536280465
ordinary_jepa,development,29,rtmpose_m,automated-source-screen,BioMotionLab_NTroje::rub072,0.022191593060279492,0.021895049414781622,0.0,0.013844973108269877,,,,,0.05739348691035106,0.02696004742164269,
ordinary_jepa,development,29,rtmpose_m,automated-source-screen,BioMotionLab_NTroje::rub075,0.009496432040582672,0.01298924255846855,0.0,0.008691047706845641,,,,,0.026395970254421856,0.014372480034891468,0.02295665731918861
ordinary_jepa,development,29,rtmpose_m,automated-source-screen,BioMotionLab_NTroje::rub086,0.008652000709765623,,0.0,0.006425552863236207,,,,,0.019742346585264896,0.013650859317123482,0.02411925666061287
ordinary_jepa,development,29,rtmpose_m,automated-source-screen,BioMotionLab_NTroje::rub098,0.0075016530958003785,0.01114926594749657,0.0,0.004480217955930758,,,,,0.014935721951120608,0.009906401560369779,
ordinary_jepa,development,29,rtmpose_m,automated-source-screen,BioMotionLab_NTroje::rub106,0.010925100003124846,0.019775751489741346,0.0,0.005899786208234027,,,,,0.027718702436410895,0.015469706231803992,
ordinary_jepa,development,29,vitpose_base,automated-source-screen,BioMotionLab_NTroje::rub053,0.012055453565386303,0.028025490769472104,0.0,0.005285424559936825,,,,,0.032600011240190414,0.02067351757461588,
ordinary_jepa,development,29,vitpose_base,automated-source-screen,BioMotionLab_NTroje::rub054,0.010249553988446285,,0.0,0.00782277138383386,,,,,0.023409093759627877,0.01789417943198473,0.028069327367128645
ordinary_jepa,development,29,vitpose_base,automated-source-screen,BioMotionLab_NTroje::rub070,0.012504518812457215,0.02680498628885181,0.0,0.007854527211581199,,,,,0.03307526018494864,0.02327535310736004,0.04274922634343135
ordinary_jepa,development,29,vitpose_base,automated-source-screen,BioMotionLab_NTroje::rub072,0.03472947956665329,0.04073885205721318,0.0,0.01327168469887384,,,,,0.07078915675762863,0.042093977722707704,
ordinary_jepa,development,29,vitpose_base,automated-source-screen,BioMotionLab_NTroje::rub075,0.011195579260047736,0.018693477632441422,0.0,0.008511536404517605,,,,,0.02937027757701624,0.019760932622308974,0.031076600919417538
ordinary_jepa,development,29,vitpose_base,automated-source-screen,BioMotionLab_NTroje::rub086,0.009914050497157961,,0.0,0.007114750407417892,,,,,0.02270431517134313,0.0169026033359539,0.029989805077422937
ordinary_jepa,development,29,vitpose_base,automated-source-screen,BioMotionLab_NTroje::rub098,0.009604232360553095,0.018484935745350164,0.0,0.005311447552228166,,,,,0.021078304998788357,0.013134182588845172,
ordinary_jepa,development,29,vitpose_base,automated-source-screen,BioMotionLab_NTroje::rub106,0.01923621981144572,0.027742166493299324,0.0,0.009919459856815636,,,,,0.04786009476872505,0.023989564509548925,
ordinary_jepa,development,43,hrnet_w32,automated-source-screen,BioMotionLab_NTroje::rub053,0.009990293583477373,0.01885792565719103,0.0,0.006942105227990335,,,,,0.02261021554692034,0.014766285963905931,
ordinary_jepa,development,43,hrnet_w32,automated-source-screen,BioMotionLab_NTroje::rub054,0.010210996646825949,,0.0,0.00907467243846126,,,,,0.02198518639340898,0.01683797388874239,0.026945974878014076
ordinary_jepa,development,43,hrnet_w32,automated-source-screen,BioMotionLab_NTroje::rub070,0.016155349733077258,0.02960192602783837,0.0,0.014937444226599515,,,,,0.04633389027111513,0.02418285312848209,0.03893806079529148
ordinary_jepa,development,43,hrnet_w32,automated-source-screen,BioMotionLab_NTroje::rub072,0.02101555871732248,0.03007180618535786,0.0,0.013186062291048283,,,,,0.04632137015858888,0.028441037686459832,
ordinary_jepa,development,43,hrnet_w32,automated-source-screen,BioMotionLab_NTroje::rub075,0.010480933211199767,0.015250731276125763,0.0,0.010132957643747671,,,,,0.027469680242002012,0.016641515481731387,0.024823273456315402
ordinary_jepa,development,43,hrnet_w32,automated-source-screen,BioMotionLab_NTroje::rub086,0.009154684210759998,,0.0,0.008022155465498745,,,,,0.019877674977157585,0.01723998453334414,0.029834534483079024
ordinary_jepa,development,43,hrnet_w32,automated-source-screen,BioMotionLab_NTroje::rub098,0.008354251367764153,0.014473144725395036,0.0,0.007058657731758706,,,,,0.01772003704692124,0.011222113556655903,
ordinary_jepa,development,43,hrnet_w32,automated-source-screen,BioMotionLab_NTroje::rub106,0.01099005982052241,0.022686107272815996,0.0,0.008062591147968116,,,,,0.028462707697161953,0.016814542211965093,
ordinary_jepa,development,43,rtmpose_m,automated-source-screen,BioMotionLab_NTroje::rub053,0.00943015426018395,0.01742050815019515,0.0,0.004709257055989106,,,,,0.021971315345213408,0.013754620163332941,
ordinary_jepa,development,43,rtmpose_m,automated-source-screen,BioMotionLab_NTroje::rub054,0.008905877220167628,,0.0,0.006571173650627297,,,,,0.02016049538981769,0.013638520254020278,0.022543155680584483
ordinary_jepa,development,43,rtmpose_m,automated-source-screen,BioMotionLab_NTroje::rub070,0.010807287105937072,0.018305687792382182,0.0,0.009223377146600334,,,,,0.024980113265498365,0.015845810015805668,0.03400204788462813
ordinary_jepa,development,43,rtmpose_m,automated-source-screen,BioMotionLab_NTroje::rub072,0.022339801938235322,0.02200929048002416,0.0,0.013892844831698389,,,,,0.0549898578560512,0.02761935963475468,
ordinary_jepa,development,43,rtmpose_m,automated-source-screen,BioMotionLab_NTroje::rub075,0.009440322624803954,0.012873957385984718,0.0,0.008684232767377438,,,,,0.02620727170146213,0.014308804180294097,0.02325007230201551
ordinary_jepa,development,43,rtmpose_m,automated-source-screen,BioMotionLab_NTroje::rub086,0.00867175881118209,,0.0,0.006432212876536801,,,,,0.0193196777186134,0.013545038487296475,0.0243789126592591
ordinary_jepa,development,43,rtmpose_m,automated-source-screen,BioMotionLab_NTroje::rub098,0.007512156691091182,0.01101677974461685,0.0,0.004450948434810162,,,,,0.014673343781548403,0.009914967322323462,
ordinary_jepa,development,43,rtmpose_m,automated-source-screen,BioMotionLab_NTroje::rub106,0.011020279751639245,0.019913429392273457,0.0,0.0058553906382342,,,,,0.02817145952009039,0.015574631782032028,
ordinary_jepa,development,43,vitpose_base,automated-source-screen,BioMotionLab_NTroje::rub053,0.01176098024256268,0.027358160182523253,0.0,0.005207884958404206,,,,,0.0319147645569977,0.020387706940376858,
ordinary_jepa,development,43,vitpose_base,automated-source-screen,BioMotionLab_NTroje::rub054,0.010284268505113728,,0.0,0.007761315927017913,,,,,0.023649971182134844,0.018089066024158627,0.027645613781062027
ordinary_jepa,development,43,vitpose_base,automated-source-screen,BioMotionLab_NTroje::rub070,0.012570633632371226,0.027122120232465137,0.0,0.007855548968196844,,,,,0.033149193149300094,0.023301230988642573,0.042188149424979754
ordinary_jepa,development,43,vitpose_base,automated-source-screen,BioMotionLab_NTroje::rub072,0.03516072204333343,0.042490417584404166,0.0,0.013300370883650362,,,,,0.07246378111543997,0.04308864922149992,
ordinary_jepa,development,43,vitpose_base,automated-source-screen,BioMotionLab_NTroje::rub075,0.011238692421618625,0.018660129182331404,0.0,0.008488559375616603,,,,,0.02925302188825437,0.019777899300853406,0.03135829127757242
ordinary_jepa,development,43,vitpose_base,automated-source-screen,BioMotionLab_NTroje::rub086,0.010034985541044863,,0.0,0.0070951767108997045,,,,,0.02269729580082511,0.017025135085397394,0.03034700206733014
ordinary_jepa,development,43,vitpose_base,automated-source-screen,BioMotionLab_NTroje::rub098,0.009616895523284595,0.018882008981649094,0.0,0.005296377249450493,,,,,0.02148114955825891,0.013089996544587035,
ordinary_jepa,development,43,vitpose_base,automated-source-screen,BioMotionLab_NTroje::rub106,0.019477426008851762,0.028023970285703997,0.0,0.00990198180865059,,,,,0.0484114373079257,0.024226044077442044,
paired_jepa,development,17,hrnet_w32,automated-source-screen,BioMotionLab_NTroje::rub053,0.009981132616116087,0.019067787599073675,0.0,0.006941598540884131,,,,,0.023018609459389175,0.014815510213664526,
paired_jepa,development,17,hrnet_w32,automated-source-screen,BioMotionLab_NTroje::rub054,0.010192715470521668,,0.0,0.009089823051671993,,,,,0.022098218452981645,0.016742337634462732,0.026490974713571952
paired_jepa,development,17,hrnet_w32,automated-source-screen,BioMotionLab_NTroje::rub070,0.01611706895167332,0.029621505954281042,0.0,0.014871746205872238,,,,,0.04669044303186636,0.024328630759421453,0.03883377286073246
paired_jepa,development,17,hrnet_w32,automated-source-screen,BioMotionLab_NTroje::rub072,0.02076523289384164,0.02926456661765892,0.0,0.01319225998665845,,,,,0.047748173799755156,0.02788028928972052,
paired_jepa,development,17,hrnet_w32,automated-source-screen,BioMotionLab_NTroje::rub075,0.01051251457334993,0.015416758812875424,0.0,0.010181667565107758,,,,,0.0276922421013449,0.016772246613579893,0.025100713806261825
paired_jepa,development,17,hrnet_w32,automated-source-screen,BioMotionLab_NTroje::rub086,0.009101405108383443,,0.0,0.007990331966741869,,,,,0.020026534776689614,0.01722991121209307,0.02941460635116305
paired_jepa,development,17,hrnet_w32,automated-source-screen,BioMotionLab_NTroje::rub098,0.008260695875414507,0.014129777166791707,0.0,0.0070552068760863125,,,,,0.017582049319878768,0.011204348947363624,
paired_jepa,development,17,hrnet_w32,automated-source-screen,BioMotionLab_NTroje::rub106,0.011048200953867826,0.02305279183836271,0.0,0.008048714872900918,,,,,0.02847570871715148,0.016865371092792143,
paired_jepa,development,17,rtmpose_m,automated-source-screen,BioMotionLab_NTroje::rub053,0.009561861328570856,0.0176189202914475,0.0,0.004708769228365812,,,,,0.02209260786091758,0.01384099574371472,
paired_jepa,development,17,rtmpose_m,automated-source-screen,BioMotionLab_NTroje::rub054,0.009399676594298394,,0.0,0.006602543569750931,,,,,0.0208828552433372,0.013993920210320025,0.022463980741919937
paired_jepa,development,17,rtmpose_m,automated-source-screen,BioMotionLab_NTroje::rub070,0.011058081266332731,0.01907343214377535,0.0,0.009250198041578669,,,,,0.025967653313436832,0.01599393746685461,0.03325199717933655
paired_jepa,development,17,rtmpose_m,automated-source-screen,BioMotionLab_NTroje::rub072,0.02167941736677219,0.022268516861511725,0.0,0.013910774499309313,,,,,0.05531158376802241,0.026944070342350693,
paired_jepa,development,17,rtmpose_m,automated-source-screen,BioMotionLab_NTroje::rub075,0.009450144153091262,0.013033886640855556,0.0,0.008693216399799737,,,,,0.026149062666738068,0.014353246534220744,0.023172561000506804
paired_jepa,development,17,rtmpose_m,automated-source-screen,BioMotionLab_NTroje::rub086,0.00880278338900285,,0.0,0.006332434030166912,,,,,0.0200359018248164,0.013739855861711031,0.024276676304389323
paired_jepa,development,17,rtmpose_m,automated-source-screen,BioMotionLab_NTroje::rub098,0.007402809898261869,0.010985807353417826,0.0,0.004436707943674787,,,,,0.014979690397944813,0.009799323165908407,
paired_jepa,development,17,rtmpose_m,automated-source-screen,BioMotionLab_NTroje::rub106,0.010907813800115518,0.019797008132513606,0.0,0.005859260410527987,,,,,0.027851946052129293,0.015503053160618506,
paired_jepa,development,17,vitpose_base,automated-source-screen,BioMotionLab_NTroje::rub053,0.011768899877808,0.027660262885104266,0.0,0.005239053882658988,,,,,0.032225504944688,0.02038411167962102,
paired_jepa,development,17,vitpose_base,automated-source-screen,BioMotionLab_NTroje::rub054,0.010198035919271044,,0.0,0.007788963317802012,,,,,0.023269773243836313,0.017892253011747124,0.027765050304188025
paired_jepa,development,17,vitpose_base,automated-source-screen,BioMotionLab_NTroje::rub070,0.012515260081152939,0.027180515614095582,0.0,0.007779537032223013,,,,,0.033290610211099456,0.02330841376189753,0.04234285013423207
paired_jepa,development,17,vitpose_base,automated-source-screen,BioMotionLab_NTroje::rub072,0.03393649351418247,0.041486773606829924,0.0,0.013318502681936673,,,,,0.0718219276823744,0.04164391435372113,
paired_jepa,development,17,vitpose_base,automated-source-screen,BioMotionLab_NTroje::rub075,0.011313291077652356,0.018861858921214204,0.0,0.008524957496447168,,,,,0.02960759431409475,0.01985701306725288,0.03128807904691641
paired_jepa,development,17,vitpose_base,automated-source-screen,BioMotionLab_NTroje::rub086,0.010015262161188601,,0.0,0.0070664716951942055,,,,,0.02292912271971046,0.016896414201036956,0.029643455878300157
paired_jepa,development,17,vitpose_base,automated-source-screen,BioMotionLab_NTroje::rub098,0.009615350372494207,0.018595000534463207,0.0,0.0053111297741598494,,,,,0.02140958364566898,0.013201683172287494,
paired_jepa,development,17,vitpose_base,automated-source-screen,BioMotionLab_NTroje::rub106,0.019229792845602875,0.02817233234346518,0.0,0.009912591469555157,,,,,0.04833569454060684,0.02412045756532862,
paired_jepa,development,29,hrnet_w32,automated-source-screen,BioMotionLab_NTroje::rub053,0.010015463690657337,0.019222222181809266,0.0,0.006922928512202062,,,,,0.022970784542562923,0.014771206185621806,
paired_jepa,development,29,hrnet_w32,automated-source-screen,BioMotionLab_NTroje::rub054,0.010206650606386614,,0.0,0.009083692157783744,,,,,0.021997328004529592,0.01679141395691641,0.02661309969961462
paired_jepa,development,29,hrnet_w32,automated-source-screen,BioMotionLab_NTroje::rub070,0.016124102812255667,0.02964999341179232,0.0,0.014869051238207056,,,,,0.046700761767983594,0.02431782341175573,0.03870632673898253
paired_jepa,development,29,hrnet_w32,automated-source-screen,BioMotionLab_NTroje::rub072,0.021101206631730294,0.029050814276074973,0.0,0.013122085556929099,,,,,0.04698151071908084,0.028131130024378406,
paired_jepa,development,29,hrnet_w32,automated-source-screen,BioMotionLab_NTroje::rub075,0.010480615044509315,0.015304405993003107,0.0,0.01013534098632135,,,,,0.027428059624938262,0.016729544026232238,0.025116711393676196
paired_jepa,development,29,hrnet_w32,automated-source-screen,BioMotionLab_NTroje::rub086,0.009059764362779792,,0.0,0.007952268116647314,,,,,0.019698946789615836,0.01719257084798296,0.02945427104107609
paired_jepa,development,29,hrnet_w32,automated-source-screen,BioMotionLab_NTroje::rub098,0.0082749320870488,0.014215948358239399,0.0,0.007034307054389652,,,,,0.017426955454259506,0.011208296562775763,
paired_jepa,development,29,hrnet_w32,automated-source-screen,BioMotionLab_NTroje::rub106,0.010966086052243603,0.022953720148822833,0.0,0.008056873633243308,,,,,0.02828853367359706,0.016753680993031084,
paired_jepa,development,29,rtmpose_m,automated-source-screen,BioMotionLab_NTroje::rub053,0.009806312546608874,0.017807790673401953,0.0,0.004698636513239363,,,,,0.022169847785554524,0.013975683690563867,
paired_jepa,development,29,rtmpose_m,automated-source-screen,BioMotionLab_NTroje::rub054,0.009408006514949677,,0.0,0.006591447815481142,,,,,0.02071444883529942,0.013993983616439862,0.022321446156116857
paired_jepa,development,29,rtmpose_m,automated-source-screen,BioMotionLab_NTroje::rub070,0.011042346935258757,0.019230636930470727,0.0,0.009279176827211225,,,,,0.026206786971097195,0.015980538674234553,0.03318941014772746
paired_jepa,development,29,rtmpose_m,automated-source-screen,BioMotionLab_NTroje::rub072,0.022008928061569958,0.021873550894223794,0.0,0.01377802533376913,,,,,0.057198700237046596,0.027052287628880144,
paired_jepa,development,29,rtmpose_m,automated-source-screen,BioMotionLab_NTroje::rub075,0.009334054908031682,0.013025794721474677,0.0,0.008643374883451732,,,,,0.026313457968667235,0.014275819091474339,0.023038605038166744
paired_jepa,development,29,rtmpose_m,automated-source-screen,BioMotionLab_NTroje::rub086,0.008546152215869143,,0.0,0.006353715120920766,,,,,0.01963816557950688,0.013511673017950055,0.02414572106120401
paired_jepa,development,29,rtmpose_m,automated-source-screen,BioMotionLab_NTroje::rub098,0.007540160664226171,0.01102054749723516,0.0,0.004469067974277199,,,,,0.015015801810021273,0.00988978293016598,
paired_jepa,development,29,rtmpose_m,automated-source-screen,BioMotionLab_NTroje::rub106,0.010796530710863122,0.019736666613507238,0.0,0.00588474101559137,,,,,0.027649737075786992,0.015395940766700431,
paired_jepa,development,29,vitpose_base,automated-source-screen,BioMotionLab_NTroje::rub053,0.011849356679076339,0.027943072352401427,0.0,0.005253638365305986,,,,,0.03266796627417241,0.020377627881749478,
paired_jepa,development,29,vitpose_base,automated-source-screen,BioMotionLab_NTroje::rub054,0.010200264180896477,,0.0,0.0077913720348214005,,,,,0.02314715814684705,0.017859201876206973,0.02781212149392715
paired_jepa,development,29,vitpose_base,automated-source-screen,BioMotionLab_NTroje::rub070,0.012520058882240523,0.027012651049865753,0.0,0.00781568342322388,,,,,0.033220854369572825,0.02330821819941919,0.042832123550540155
paired_jepa,development,29,vitpose_base,automated-source-screen,BioMotionLab_NTroje::rub072,0.034630666416739994,0.041226034313804026,0.0,0.013195433512867519,,,,,0.07192242842535444,0.042226554155725814,
paired_jepa,development,29,vitpose_base,automated-source-screen,BioMotionLab_NTroje::rub075,0.011281353263386303,0.018693995781513255,0.0,0.008473773302182649,,,,,0.02956465794837144,0.019801401554928634,0.03116513165041882
paired_jepa,development,29,vitpose_base,automated-source-screen,BioMotionLab_NTroje::rub086,0.009995084789202788,,0.0,0.00707537781329601,,,,,0.0226597560968748,0.01688915924924119,0.029796347125907126
paired_jepa,development,29,vitpose_base,automated-source-screen,BioMotionLab_NTroje::rub098,0.009510623107731469,0.018433196990100487,0.0,0.005291945809421855,,,,,0.02094259862784906,0.013076754045056616,
paired_jepa,development,29,vitpose_base,automated-source-screen,BioMotionLab_NTroje::rub106,0.019194633536003213,0.028044922547130806,0.0,0.009908371791217896,,,,,0.04799683371198338,0.023982968082063523,
paired_jepa,development,43,hrnet_w32,automated-source-screen,BioMotionLab_NTroje::rub053,0.010065249139206612,0.019133848311759533,0.0,0.006933197837470719,,,,,0.02297291683139883,0.014838140941783812,
paired_jepa,development,43,hrnet_w32,automated-source-screen,BioMotionLab_NTroje::rub054,0.010249756449090285,,0.0,0.009060537546156613,,,,,0.022232344383138394,0.016834237198546362,0.027006418765760258
paired_jepa,development,43,hrnet_w32,automated-source-screen,BioMotionLab_NTroje::rub070,0.01611324298051356,0.02990681115036946,0.0,0.014866508742108393,,,,,0.046928075678049755,0.024306854342142,0.0391686217606617
paired_jepa,development,43,hrnet_w32,automated-source-screen,BioMotionLab_NTroje::rub072,0.02082654966953989,0.02947774517003094,0.0,0.013183711545477764,,,,,0.04656245720326215,0.028370440624513726,
paired_jepa,development,43,hrnet_w32,automated-source-screen,BioMotionLab_NTroje::rub075,0.010502435965565824,0.015354741475080105,0.0,0.010155683659460474,,,,,0.02745349674500124,0.01670812585513053,0.02501509878644055
paired_jepa,development,43,hrnet_w32,automated-source-screen,BioMotionLab_NTroje::rub086,0.00915208522721989,,0.0,0.007989315811914307,,,,,0.020144780717022612,0.017255834019879426,0.029812773353107863
paired_jepa,development,43,hrnet_w32,automated-source-screen,BioMotionLab_NTroje::rub098,0.008403146766426724,0.014463112814017305,0.0,0.007044658667584967,,,,,0.017793325656564083,0.011300655022447417,
paired_jepa,development,43,hrnet_w32,automated-source-screen,BioMotionLab_NTroje::rub106,0.010949784324898355,0.022847090088550154,0.0,0.008046380450431444,,,,,0.028354983850052206,0.016784915974644012,
paired_jepa,development,43,rtmpose_m,automated-source-screen,BioMotionLab_NTroje::rub053,0.009600051719291288,0.017542133459813328,0.0,0.004684603084677667,,,,,0.021977818499981195,0.013852932728484847,
paired_jepa,development,43,rtmpose_m,automated-source-screen,BioMotionLab_NTroje::rub054,0.009290385880719829,,0.0,0.006559748543067869,,,,,0.020620558200221777,0.013971885128955802,0.0228623911714863
paired_jepa,development,43,rtmpose_m,automated-source-screen,BioMotionLab_NTroje::rub070,0.01097480396831423,0.019633389496339915,0.0,0.009168922605551789,,,,,0.025876466483721234,0.01598256661281641,0.03378591405282088
paired_jepa,development,43,rtmpose_m,automated-source-screen,BioMotionLab_NTroje::rub072,0.022232022853996388,0.022375337109425353,0.0,0.013870031955500395,,,,,0.056261964612271544,0.0277393079212769,
paired_jepa,development,43,rtmpose_m,automated-source-screen,BioMotionLab_NTroje::rub075,0.009450618559162053,0.0130954559338829,0.0,0.008687305039506299,,,,,0.026096035632063534,0.014394217742878548,0.023299829414298923
paired_jepa,development,43,rtmpose_m,automated-source-screen,BioMotionLab_NTroje::rub086,0.008756800643995151,,0.0,0.006377054897685003,,,,,0.020143221528902737,0.01374127095772732,0.02477920998266188
paired_jepa,development,43,rtmpose_m,automated-source-screen,BioMotionLab_NTroje::rub098,0.007509996581347409,0.011258647952675047,0.0,0.004441625980617776,,,,,0.015014554774772522,0.009908327923678172,
paired_jepa,development,43,rtmpose_m,automated-source-screen,BioMotionLab_NTroje::rub106,0.011080658551039792,0.020029395279517803,0.0,0.0058239369753235685,,,,,0.028366597339260436,0.01573411192586579,
paired_jepa,development,43,vitpose_base,automated-source-screen,BioMotionLab_NTroje::rub053,0.011829332061234543,0.027897487211060473,0.0,0.0052207011658627145,,,,,0.03262836192091592,0.020478676085456046,
paired_jepa,development,43,vitpose_base,automated-source-screen,BioMotionLab_NTroje::rub054,0.01021087946600684,,0.0,0.007760569429009376,,,,,0.023413106618139473,0.017954068837953967,0.02785259084739939
paired_jepa,development,43,vitpose_base,automated-source-screen,BioMotionLab_NTroje::rub070,0.012380087073937977,0.027041939744792902,0.0,0.007773106407839028,,,,,0.03320905691540638,0.02312726137358594,0.0432526872287198
paired_jepa,development,43,vitpose_base,automated-source-screen,BioMotionLab_NTroje::rub072,0.03485135766615706,0.04214320637453574,0.0,0.013295925083819191,,,,,0.0734483805520788,0.04291165305227042,
paired_jepa,development,43,vitpose_base,automated-source-screen,BioMotionLab_NTroje::rub075,0.011208999454070112,0.018572402261083497,0.0,0.0084769083031128,,,,,0.029417389233477545,0.019722312247915763,0.03133792668847166
paired_jepa,development,43,vitpose_base,automated-source-screen,BioMotionLab_NTroje::rub086,0.009952882881919776,,0.0,0.007027055634317228,,,,,0.02276961897256882,0.016893720447569267,0.03019351562846654
paired_jepa,development,43,vitpose_base,automated-source-screen,BioMotionLab_NTroje::rub098,0.00959439573029072,0.018488743411578024,0.0,0.005275072751775714,,,,,0.021054514825815294,0.01307616175691808,
paired_jepa,development,43,vitpose_base,automated-source-screen,BioMotionLab_NTroje::rub106,0.019196069025667468,0.028000243607277375,0.0,0.009875718146995845,,,,,0.04805898845781321,0.024023814967636784,
shuffled_jepa,development,17,hrnet_w32,automated-source-screen,BioMotionLab_NTroje::rub053,0.009956176487266332,0.01904235863394755,0.0,0.006940748750174763,,,,,0.02297530469441255,0.014791670090429662,
shuffled_jepa,development,17,hrnet_w32,automated-source-screen,BioMotionLab_NTroje::rub054,0.010186532350019081,,0.0,0.009088208161078056,,,,,0.0220939906365079,0.016752346736245642,0.02657797157771337
shuffled_jepa,development,17,hrnet_w32,automated-source-screen,BioMotionLab_NTroje::rub070,0.016126157788980404,0.02967552105690424,0.0,0.014873662321615449,,,,,0.04673069301875242,0.024340522767355405,0.03891116134562777
shuffled_jepa,development,17,hrnet_w32,automated-source-screen,BioMotionLab_NTroje::rub072,0.020739344001118626,0.02933913588488204,0.0,0.013201356949235589,,,,,0.047662398744906694,0.027908020551504882,
shuffled_jepa,development,17,hrnet_w32,automated-source-screen,BioMotionLab_NTroje::rub075,0.010511826553668238,0.01542548037358105,0.0,0.0101818883797111,,,,,0.02769766613599471,0.01677356762986032,0.025081996164643752
shuffled_jepa,development,17,hrnet_w32,automated-source-screen,BioMotionLab_NTroje::rub086,0.009096350375324268,,0.0,0.007990650794495168,,,,,0.020053798737067773,0.017234832504002304,0.0294464192642846
shuffled_jepa,development,17,hrnet_w32,automated-source-screen,BioMotionLab_NTroje::rub098,0.008263316736543168,0.014136176851416056,0.0,0.0070620228128841,,,,,0.01758697368032315,0.01120942308291558,
shuffled_jepa,development,17,hrnet_w32,automated-source-screen,BioMotionLab_NTroje::rub106,0.011061387469615625,0.023090140320893793,0.0,0.008050506571645688,,,,,0.028477018391600405,0.016893039724896947,
shuffled_jepa,development,17,rtmpose_m,automated-source-screen,BioMotionLab_NTroje::rub053,0.009526676586568075,0.017590220180341974,0.0,0.00470722142369035,,,,,0.02209268904718765,0.013810654652986431,
shuffled_jepa,development,17,rtmpose_m,automated-source-screen,BioMotionLab_NTroje::rub054,0.009378790166770819,,0.0,0.006602453691339424,,,,,0.020925063197181543,0.013997277592360463,0.02251718066280685
shuffled_jepa,development,17,rtmpose_m,automated-source-screen,BioMotionLab_NTroje::rub070,0.011015005305431856,0.019124223570032142,0.0,0.009247600169067113,,,,,0.026011079422380744,0.015967315648484158,0.033357747276131895
shuffled_jepa,development,17,rtmpose_m,automated-source-screen,BioMotionLab_NTroje::rub072,0.021714371509727687,0.022398189701722675,0.0,0.013928163035551992,,,,,0.05538354194552442,0.027014585375778805,
shuffled_jepa,development,17,rtmpose_m,automated-source-screen,BioMotionLab_NTroje::rub075,0.009453333149972744,0.013034162455522455,0.0,0.008701121295871675,,,,,0.026192487888224994,0.014353805107949518,0.02316296842389203
shuffled_jepa,development,17,rtmpose_m,automated-source-screen,BioMotionLab_NTroje::rub086,0.008798158869120725,,0.0,0.0063347097648353695,,,,,0.020007625586000426,0.013740710248118994,0.02432308185492027
shuffled_jepa,development,17,rtmpose_m,automated-source-screen,BioMotionLab_NTroje::rub098,0.007403920200640219,0.011008784615267619,0.0,0.0044427314923199,,,,,0.014989673373567125,0.009799036502515013,
shuffled_jepa,development,17,rtmpose_m,automated-source-screen,BioMotionLab_NTroje::rub106,0.010925717730376825,0.01980856457965428,0.0,0.005862164021528725,,,,,0.027858653195354882,0.015524804246932956,
shuffled_jepa,development,17,vitpose_base,automated-source-screen,BioMotionLab_NTroje::rub053,0.011734546249585543,0.02765243574957712,0.0,0.005237237334120781,,,,,0.03221369907116803,0.02035652955337128,
shuffled_jepa,development,17,vitpose_base,automated-source-screen,BioMotionLab_NTroje::rub054,0.010193076362218719,,0.0,0.007789316304964038,,,,,0.02329671689767935,0.017903353358548924,0.027842847280853907
shuffled_jepa,development,17,vitpose_base,automated-source-screen,BioMotionLab_NTroje::rub070,0.012538227200288818,0.027266956114019903,0.0,0.007773493525461831,,,,,0.033323970032141104,0.02334198578253488,0.04247283820874649
shuffled_jepa,development,17,vitpose_base,automated-source-screen,BioMotionLab_NTroje::rub072,0.03396019597200169,0.04164679311029353,0.0,0.013346454211210631,,,,,0.07205523208658737,0.04172490836627689,
shuffled_jepa,development,17,vitpose_base,automated-source-screen,BioMotionLab_NTroje::rub075,0.011329709717926687,0.018905595106132968,0.0,0.008526062279787725,,,,,0.029620494884342936,0.019882611150840508,0.03130422323054412
shuffled_jepa,development,17,vitpose_base,automated-source-screen,BioMotionLab_NTroje::rub086,0.010015039792589263,,0.0,0.007070282009586987,,,,,0.02296011910224953,0.016907063609903475,0.029693107022854236
shuffled_jepa,development,17,vitpose_base,automated-source-screen,BioMotionLab_NTroje::rub098,0.009610573691101288,0.018621743451864955,0.0,0.005317937516456337,,,,,0.02142529382502575,0.013205448667070456,
shuffled_jepa,development,17,vitpose_base,automated-source-screen,BioMotionLab_NTroje::rub106,0.019278470151974814,0.028250770250013095,0.0,0.009916340208376988,,,,,0.048429870203170224,0.02417882144920362,
shuffled_jepa,development,29,hrnet_w32,automated-source-screen,BioMotionLab_NTroje::rub053,0.010014552794176313,0.019248437703483365,0.0,0.00692285843383199,,,,,0.023081556999636554,0.01477246451741192,
shuffled_jepa,development,29,hrnet_w32,automated-source-screen,BioMotionLab_NTroje::rub054,0.01020758319817779,,0.0,0.009073688081442106,,,,,0.022017540904138527,0.016787682760524107,0.026565719410880657
shuffled_jepa,development,29,hrnet_w32,automated-source-screen,BioMotionLab_NTroje::rub070,0.016109823243893047,0.029625290145261787,0.0,0.01485791441182202,,,,,0.04669742620391415,0.024321547612017463,0.038772465237402916
shuffled_jepa,development,29,hrnet_w32,automated-source-screen,BioMotionLab_NTroje::rub072,0.021046247212154034,0.02913568941795621,0.0,0.013127030597886214,,,,,0.047067474872412536,0.028125370401231774,
shuffled_jepa,development,29,hrnet_w32,automated-source-screen,BioMotionLab_NTroje::rub075,0.010466227326469785,0.01528980875382227,0.0,0.010129950151064297,,,,,0.027403058007037462,0.01671538877337312,0.025098938440435276
shuffled_jepa,development,29,hrnet_w32,automated-source-screen,BioMotionLab_NTroje::rub086,0.009043003759792646,,0.0,0.00795818663447276,,,,,0.019714674415324374,0.017180331912079627,0.029437006034438256
shuffled_jepa,development,29,hrnet_w32,automated-source-screen,BioMotionLab_NTroje::rub098,0.008283373992418129,0.014223697292427501,0.0,0.007039027880483708,,,,,0.017420185902585414,0.01121517064849236,
shuffled_jepa,development,29,hrnet_w32,automated-source-screen,BioMotionLab_NTroje::rub106,0.010947553670621392,0.022928241706217774,0.0,0.008055674913036177,,,,,0.02831824968961833,0.016741610351550508,
shuffled_jepa,development,29,rtmpose_m,automated-source-screen,BioMotionLab_NTroje::rub053,0.009736968997245538,0.017798559719176526,0.0,0.004703536859111182,,,,,0.022176212240231807,0.013919965982351627,
shuffled_jepa,development,29,rtmpose_m,automated-source-screen,BioMotionLab_NTroje::rub054,0.009375373269423474,,0.0,0.006583043885861868,,,,,0.020741045569568243,0.013985300761954112,0.022380577613968066
shuffled_jepa,development,29,rtmpose_m,automated-source-screen,BioMotionLab_NTroje::rub070,0.010993238716999303,0.019204089790538517,0.0,0.00925092989647041,,,,,0.02604562656508207,0.01597104090577549,0.033259000002053576
shuffled_jepa,development,29,rtmpose_m,automated-source-screen,BioMotionLab_NTroje::rub072,0.02196513404763832,0.022010436294454757,0.0,0.013795628521943926,,,,,0.05691093083608659,0.02705284653176806,
shuffled_jepa,development,29,rtmpose_m,automated-source-screen,BioMotionLab_NTroje::rub075,0.009358966552913812,0.013018225242102707,0.0,0.008640205640719878,,,,,0.026284274941700117,0.01430068457259663,0.023040340850907226
shuffled_jepa,development,29,rtmpose_m,automated-source-screen,BioMotionLab_NTroje::rub086,0.008555837451373498,,0.0,0.006347905400881591,,,,,0.01970600675762115,0.013532294331875527,0.02416805851342937
shuffled_jepa,development,29,rtmpose_m,automated-source-screen,BioMotionLab_NTroje::rub098,0.007513272132857946,0.011007342214274322,0.0,0.0044661931405500215,,,,,0.015052607309264053,0.009881482416982432,
shuffled_jepa,development,29,rtmpose_m,automated-source-screen,BioMotionLab_NTroje::rub106,0.010839726124220617,0.019745164804549194,0.0,0.005867959179469544,,,,,0.027647473756501055,0.01544475849893776,
shuffled_jepa,development,29,vitpose_base,automated-source-screen,BioMotionLab_NTroje::rub053,0.011863431150272285,0.027967583041281024,0.0,0.005247804542878309,,,,,0.03263939765539902,0.02038909587896605,
shuffled_jepa,development,29,vitpose_base,automated-source-screen,BioMotionLab_NTroje::rub054,0.010204232027031222,,0.0,0.007777462793498342,,,,,0.023135048428228205,0.017854288696067682,0.027780417158781073
shuffled_jepa,development,29,vitpose_base,automated-source-screen,BioMotionLab_NTroje::rub070,0.012495464116137032,0.02697261272816403,0.0,0.007801315639621593,,,,,0.03315860444498475,0.023290904930039096,0.042834798530661695
shuffled_jepa,development,29,vitpose_base,automated-source-screen,BioMotionLab_NTroje::rub072,0.03454833434931676,0.04130759182096274,0.0,0.013212343808777019,,,,,0.07189711293066282,0.042196653313083705,
shuffled_jepa,development,29,vitpose_base,automated-source-screen,BioMotionLab_NTroje::rub075,0.011258790312234404,0.0186639975821436,0.0,0.00847161080203825,,,,,0.029536037659441364,0.019774374998447333,0.031121223067547502
shuffled_jepa,development,29,vitpose_base,automated-source-screen,BioMotionLab_NTroje::rub086,0.009977576806158782,,0.0,0.007067524442135072,,,,,0.022676754516874665,0.016881677230591953,0.029800508795043493
shuffled_jepa,development,29,vitpose_base,automated-source-screen,BioMotionLab_NTroje::rub098,0.009506641524481479,0.018405155712995027,0.0,0.005291942951905319,,,,,0.020907282404982148,0.013062010358268298,
shuffled_jepa,development,29,vitpose_base,automated-source-screen,BioMotionLab_NTroje::rub106,0.019172379404457058,0.02797857762001769,0.0,0.009900293853341624,,,,,0.04801277916538432,0.02397069655895309,
shuffled_jepa,development,43,hrnet_w32,automated-source-screen,BioMotionLab_NTroje::rub053,0.01006293042903776,0.019109385227470525,0.0,0.006933029395499546,,,,,0.022967701043673794,0.014839978750196846,
shuffled_jepa,development,43,hrnet_w32,automated-source-screen,BioMotionLab_NTroje::rub054,0.010243018451716695,,0.0,0.009060278900787044,,,,,0.022207836169716305,0.016830926923515333,0.027024026121652264
shuffled_jepa,development,43,hrnet_w32,automated-source-screen,BioMotionLab_NTroje::rub070,0.01611897114941281,0.02992257366118154,0.0,0.01486687310476252,,,,,0.04701302188217721,0.024309711040303578,0.039165543092211305
shuffled_jepa,development,43,hrnet_w32,automated-source-screen,BioMotionLab_NTroje::rub072,0.020882903530881874,0.029498945127199857,0.0,0.013185175781503623,,,,,0.046669358315707954,0.028407490931941483,
shuffled_jepa,development,43,hrnet_w32,automated-source-screen,BioMotionLab_NTroje::rub075,0.010505512238918697,0.015353578481789922,0.0,0.01015575985695616,,,,,0.027471316577449816,0.01670786240108767,0.025021648252422368
shuffled_jepa,development,43,hrnet_w32,automated-source-screen,BioMotionLab_NTroje::rub086,0.00914701615764031,,0.0,0.007988542047915105,,,,,0.020126536297442522,0.017249646617904537,0.029819858088016897
shuffled_jepa,development,43,hrnet_w32,automated-source-screen,BioMotionLab_NTroje::rub098,0.008406076520536222,0.014470851453318195,0.0,0.007043192599763741,,,,,0.01780040129111092,0.01130994273213731,
shuffled_jepa,development,43,hrnet_w32,automated-source-screen,BioMotionLab_NTroje::rub106,0.010946902448752937,0.02282832241154796,0.0,0.008052336435167107,,,,,0.02834188907960378,0.016784755122443592,
shuffled_jepa,development,43,rtmpose_m,automated-source-screen,BioMotionLab_NTroje::rub053,0.00959720666592375,0.017485846102063645,0.0,0.0046807869880595675,,,,,0.021913003822704964,0.013854281737927408,
shuffled_jepa,development,43,rtmpose_m,automated-source-screen,BioMotionLab_NTroje::rub054,0.009283680047954677,,0.0,0.006553970352455548,,,,,0.020584380284213364,0.013965799900097636,0.02285740123353627
shuffled_jepa,development,43,rtmpose_m,automated-source-screen,BioMotionLab_NTroje::rub070,0.010981985161508837,0.019609806334043738,0.0,0.009160276093689976,,,,,0.025848216168856193,0.01598137036625564,0.033757921706600615
shuffled_jepa,development,43,rtmpose_m,automated-source-screen,BioMotionLab_NTroje::rub072,0.022254562487981917,0.022353315643449022,0.0,0.01388013711515721,,,,,0.05629548396930049,0.027749588347728636,
shuffled_jepa,development,43,rtmpose_m,automated-source-screen,BioMotionLab_NTroje::rub075,0.0094509897219797,0.013108200107924479,0.0,0.008685827002906137,,,,,0.026099663821561106,0.01439619120271978,0.023298194304913936
shuffled_jepa,development,43,rtmpose_m,automated-source-screen,BioMotionLab_NTroje::rub086,0.008747719610143997,,0.0,0.006373390144722447,,,,,0.020131954655306927,0.013731280309390815,0.024757756842575543
shuffled_jepa,development,43,rtmpose_m,automated-source-screen,BioMotionLab_NTroje::rub098,0.007500798435392461,0.011217290846736712,0.0,0.00443647025359603,,,,,0.014965119092304453,0.009904819531709224,
shuffled_jepa,development,43,rtmpose_m,automated-source-screen,BioMotionLab_NTroje::rub106,0.011086624640603164,0.02004638075137078,0.0,0.005826701213305509,,,,,0.028364490840142267,0.01574501340088543,
shuffled_jepa,development,43,vitpose_base,automated-source-screen,BioMotionLab_NTroje::rub053,0.011821225727409389,0.027858665645657837,0.0,0.005221975250426508,,,,,0.03259313192447976,0.020467020473537236,
shuffled_jepa,development,43,vitpose_base,automated-source-screen,BioMotionLab_NTroje::rub054,0.01020129369053052,,0.0,0.007761134895784156,,,,,0.02339680194532595,0.01794313727909847,0.027832325540512726
shuffled_jepa,development,43,vitpose_base,automated-source-screen,BioMotionLab_NTroje::rub070,0.012370436849229165,0.02703297010583038,0.0,0.007768989450722811,,,,,0.03324052967899687,0.02312123153791759,0.043200436454367185
shuffled_jepa,development,43,vitpose_base,automated-source-screen,BioMotionLab_NTroje::rub072,0.03490297836715467,0.042117925389724385,0.0,0.013306249553748524,,,,,0.07341635031362266,0.04294443351712623,
shuffled_jepa,development,43,vitpose_base,automated-source-screen,BioMotionLab_NTroje::rub075,0.011207431755370445,0.01854094405161421,0.0,0.008480620295622555,,,,,0.02941694759313851,0.0197196629660564,0.031351948854747826
shuffled_jepa,development,43,vitpose_base,automated-source-screen,BioMotionLab_NTroje::rub086,0.009943775276949108,,0.0,0.007029199965354454,,,,,0.022744703055457262,0.016884280792457664,0.030195061640849317
shuffled_jepa,development,43,vitpose_base,automated-source-screen,BioMotionLab_NTroje::rub098,0.009588321631686878,0.018475171374343225,0.0,0.005269796348741163,,,,,0.02103503135535863,0.013074365716707155,
shuffled_jepa,development,43,vitpose_base,automated-source-screen,BioMotionLab_NTroje::rub106,0.019189053467661768,0.027969524437832807,0.0,0.009881485961874601,,,,,0.0480827715398712,0.024019262131088827,
smoothnet,development,17,hrnet_w32,automated-source-screen,BioMotionLab_NTroje::rub053,0.012185037062930767,0.02391397295748985,0.0,0.0068834858684613,,,,,0.029667137322615524,0.01848200083537751,
smoothnet,development,17,hrnet_w32,automated-source-screen,BioMotionLab_NTroje::rub054,0.011051264969745568,,0.0,0.00903247836873715,,,,,0.024394392555128576,0.017958728960119838,0.026513894808264788
smoothnet,development,17,hrnet_w32,automated-source-screen,BioMotionLab_NTroje::rub070,0.01759357540617663,0.030087497078063845,0.0,0.014885341259289118,,,,,0.04816214790596034,0.025311556247300068,0.03890206825171008
smoothnet,development,17,hrnet_w32,automated-source-screen,BioMotionLab_NTroje::rub072,0.023495982184000563,0.031067261154411753,0.0,0.01319114613007657,,,,,0.04882994534743452,0.030617676033655093,
smoothnet,development,17,hrnet_w32,automated-source-screen,BioMotionLab_NTroje::rub075,0.011984534998826762,0.017475116150822655,0.0,0.010222284328920637,,,,,0.028042844405166863,0.018726823798596567,0.027143650254511743
smoothnet,development,17,hrnet_w32,automated-source-screen,BioMotionLab_NTroje::rub086,0.01011480732293895,,0.0,0.007907153265916993,,,,,0.021675526124228794,0.018728582167733123,0.030431977439910173
smoothnet,development,17,hrnet_w32,automated-source-screen,BioMotionLab_NTroje::rub098,0.010495998861486893,0.01752784076032455,0.0,0.006988562141078725,,,,,0.023019563507629993,0.014700978724332793,
smoothnet,development,17,hrnet_w32,automated-source-screen,BioMotionLab_NTroje::rub106,0.012289070982795983,0.025570766123859043,0.0,0.00808350195428465,,,,,0.03240408468531824,0.01825468948252964,
smoothnet,development,17,rtmpose_m,automated-source-screen,BioMotionLab_NTroje::rub053,0.012211552223735399,0.02279605370960178,0.0,0.004693824365360569,,,,,0.029713294918130056,0.017682015113488513,
smoothnet,development,17,rtmpose_m,automated-source-screen,BioMotionLab_NTroje::rub054,0.010684460798845738,,0.0,0.006656055141849181,,,,,0.023150923496479212,0.015724541956959482,0.022998687717356688
smoothnet,development,17,rtmpose_m,automated-source-screen,BioMotionLab_NTroje::rub070,0.013095960936628882,0.020243756303825508,0.0,0.009433429815568562,,,,,0.029650083626589555,0.018719890418652612,0.038709403452054376
smoothnet,development,17,rtmpose_m,automated-source-screen,BioMotionLab_NTroje::rub072,0.024459496546677607,0.023466410654521562,0.0,0.01400101092446225,,,,,0.0597833311101961,0.029812648972164128,
smoothnet,development,17,rtmpose_m,automated-source-screen,BioMotionLab_NTroje::rub075,0.010960575568444226,0.01504757301236145,0.0,0.008845649198601813,,,,,0.028861695271498025,0.016745539623189296,0.025190835004116986
smoothnet,development,17,rtmpose_m,automated-source-screen,BioMotionLab_NTroje::rub086,0.009599784964690888,,0.0,0.006412581075645268,,,,,0.021110976547486924,0.014864563197365,0.023754365206984762
smoothnet,development,17,rtmpose_m,automated-source-screen,BioMotionLab_NTroje::rub098,0.010245015448391607,0.014769706568794764,0.0,0.00445989808861425,,,,,0.021595359175431993,0.013868192330886863,
smoothnet,development,17,rtmpose_m,automated-source-screen,BioMotionLab_NTroje::rub106,0.011528930663738194,0.021888785570401297,0.0,0.005902006200237776,,,,,0.029579704384806293,0.016529734754066463,
smoothnet,development,17,vitpose_base,automated-source-screen,BioMotionLab_NTroje::rub053,0.013358549796123987,0.032109743834364476,0.0,0.005193314205693212,,,,,0.03821299985522971,0.02345547561023721,
smoothnet,development,17,vitpose_base,automated-source-screen,BioMotionLab_NTroje::rub054,0.010802473494472456,,0.0,0.007781661014460943,,,,,0.02531035263047963,0.019195557929773538,0.02787375340411327
smoothnet,development,17,vitpose_base,automated-source-screen,BioMotionLab_NTroje::rub070,0.013943929951389275,0.02837308822033233,0.0,0.007889720796811207,,,,,0.036117510922396706,0.0245809533460487,0.04449699712360555
smoothnet,development,17,vitpose_base,automated-source-screen,BioMotionLab_NTroje::rub072,0.037050147134781636,0.04237484934181894,0.0,0.013381231191143069,,,,,0.07149037644747301,0.04448905511484041,
smoothnet,development,17,vitpose_base,automated-source-screen,BioMotionLab_NTroje::rub075,0.012764137452591487,0.02094068116330639,0.0,0.00847967309960815,,,,,0.03183926719360943,0.02156324447685567,0.032537354567937896
smoothnet,development,17,vitpose_base,automated-source-screen,BioMotionLab_NTroje::rub086,0.010999133230420106,,0.0,0.006960439325887163,,,,,0.02500376752654807,0.018369617934323814,0.03085240896021129
smoothnet,development,17,vitpose_base,automated-source-screen,BioMotionLab_NTroje::rub098,0.011093245899006076,0.020489825156023624,0.0,0.005215852154325613,,,,,0.026865565509303524,0.015630879947461294,
smoothnet,development,17,vitpose_base,automated-source-screen,BioMotionLab_NTroje::rub106,0.020627539268109868,0.028665197932373293,0.0,0.009929541794352187,,,,,0.05063096973440691,0.02515555368238925,
smoothnet,development,29,hrnet_w32,automated-source-screen,BioMotionLab_NTroje::rub053,0.012508953994205386,0.02386077516723886,0.0,0.0068815948849212764,,,,,0.030504275420912986,0.018663710388405294,
smoothnet,development,29,hrnet_w32,automated-source-screen,BioMotionLab_NTroje::rub054,0.011281386386166367,,0.0,0.009037454136003459,,,,,0.02474029839248488,0.018113786253844213,0.02679775059293227
smoothnet,development,29,hrnet_w32,automated-source-screen,BioMotionLab_NTroje::rub070,0.017658813920132313,0.030456689619397428,0.0,0.014891046221896184,,,,,0.0489975942508113,0.025428196312193063,0.039274878612082814
smoothnet,development,29,hrnet_w32,automated-source-screen,BioMotionLab_NTroje::rub072,0.023615915855749202,0.031104713505233146,0.0,0.013188043176820393,,,,,0.04898148686458443,0.03050148844186476,
smoothnet,development,29,hrnet_w32,automated-source-screen,BioMotionLab_NTroje::rub075,0.01210706211696174,0.017427154084743962,0.0,0.01022277562278116,,,,,0.028464488464300546,0.018874844455687066,0.02734179880093685
smoothnet,development,29,hrnet_w32,automated-source-screen,BioMotionLab_NTroje::rub086,0.010032316805341588,,0.0,0.007892408519405036,,,,,0.021753049884249424,0.018768765794203956,0.030688168633162104
smoothnet,development,29,hrnet_w32,automated-source-screen,BioMotionLab_NTroje::rub098,0.010767405763805856,0.017641860562839635,0.0,0.006983389483992788,,,,,0.023932392704812518,0.014937628628716717,
smoothnet,development,29,hrnet_w32,automated-source-screen,BioMotionLab_NTroje::rub106,0.012333273113022363,0.025570443925685818,0.0,0.008078448731171268,,,,,0.03281327761413812,0.01832159560470791,
smoothnet,development,29,rtmpose_m,automated-source-screen,BioMotionLab_NTroje::rub053,0.01247879924663165,0.02269311474947424,0.0,0.00468712258707041,,,,,0.03028372016433209,0.01779790592380224,
smoothnet,development,29,rtmpose_m,automated-source-screen,BioMotionLab_NTroje::rub054,0.010871538666607625,,0.0,0.0066654343369786035,,,,,0.024145005317926682,0.015866110790981713,0.023046538678473512
smoothnet,development,29,rtmpose_m,automated-source-screen,BioMotionLab_NTroje::rub070,0.012981536236466558,0.020390220970340128,0.0,0.009427472618781149,,,,,0.030279470281291236,0.018645764847825395,0.0388037162355445
smoothnet,development,29,rtmpose_m,automated-source-screen,BioMotionLab_NTroje::rub072,0.02445055547694602,0.02339228561102011,0.0,0.01401634153023606,,,,,0.06036846321633136,0.029574160420371046,
smoothnet,development,29,rtmpose_m,automated-source-screen,BioMotionLab_NTroje::rub075,0.011085931406807257,0.014968752317031086,0.0,0.008855302156079556,,,,,0.029257971303018857,0.016840317082966218,0.02525624192280089
smoothnet,development,29,rtmpose_m,automated-source-screen,BioMotionLab_NTroje::rub086,0.00954517374419571,,0.0,0.0064056413298359816,,,,,0.021832176477663966,0.014860434386655854,0.02408465824869139
smoothnet,development,29,rtmpose_m,automated-source-screen,BioMotionLab_NTroje::rub098,0.01045934534309094,0.014859630544338665,0.0,0.004459156438332974,,,,,0.02286837246757194,0.014030723775695695,
smoothnet,development,29,rtmpose_m,automated-source-screen,BioMotionLab_NTroje::rub106,0.011414125828417354,0.02195547192577073,0.0,0.00589693278711222,,,,,0.030640280507914557,0.016469071655088756,
smoothnet,development,29,vitpose_base,automated-source-screen,BioMotionLab_NTroje::rub053,0.01354973584733455,0.031942558149768985,0.0,0.005187235378897771,,,,,0.03907841485199334,0.023571902191145234,
smoothnet,development,29,vitpose_base,automated-source-screen,BioMotionLab_NTroje::rub054,0.010777412680475208,,0.0,0.0077750177135461965,,,,,0.025834777118983875,0.019181197559011442,0.028176564904585668
smoothnet,development,29,vitpose_base,automated-source-screen,BioMotionLab_NTroje::rub070,0.013755868040742837,0.028555451231401473,0.0,0.007874842460621362,,,,,0.037148902945564846,0.02457567242783433,0.04500070985500704
smoothnet,development,29,vitpose_base,automated-source-screen,BioMotionLab_NTroje::rub072,0.037053513071189884,0.04250650703120861,0.0,0.013386948144411015,,,,,0.07244268406833057,0.04430880903605863,
smoothnet,development,29,vitpose_base,automated-source-screen,BioMotionLab_NTroje::rub075,0.012900392624332624,0.020926946326248145,0.0,0.00848155071079227,,,,,0.032444496597760504,0.021717155209343857,0.03259653695430136
smoothnet,development,29,vitpose_base,automated-source-screen,BioMotionLab_NTroje::rub086,0.01100256551362586,,0.0,0.006949773534924155,,,,,0.02550068377660053,0.018484409880867886,0.03120675227804201
smoothnet,development,29,vitpose_base,automated-source-screen,BioMotionLab_NTroje::rub098,0.01120420172540951,0.020443360156885408,0.0,0.005206195859378003,,,,,0.028243766192552113,0.015768006208321295,
smoothnet,development,29,vitpose_base,automated-source-screen,BioMotionLab_NTroje::rub106,0.020579608075288476,0.028797421120683335,0.0,0.009917186884201066,,,,,0.051327526941942266,0.025156107533220378,
smoothnet,development,43,hrnet_w32,automated-source-screen,BioMotionLab_NTroje::rub053,0.012507165003825853,0.024069702160109452,0.0,0.006885472854130924,,,,,0.03075873536638502,0.0186904523872391,
smoothnet,development,43,hrnet_w32,automated-source-screen,BioMotionLab_NTroje::rub054,0.011215387210778027,,0.0,0.00903683072407416,,,,,0.024572627747383925,0.018051430814140037,0.02699833861303449
smoothnet,development,43,hrnet_w32,automated-source-screen,BioMotionLab_NTroje::rub070,0.017631193853664358,0.03028454776587023,0.0,0.014893915809605094,,,,,0.048729904562324844,0.025381283316345975,0.039354083163877895
smoothnet,development,43,hrnet_w32,automated-source-screen,BioMotionLab_NTroje::rub072,0.023649519541317714,0.031173571626760137,0.0,0.0131895657609255,,,,,0.048875259747327225,0.030529499364318986,
smoothnet,development,43,hrnet_w32,automated-source-screen,BioMotionLab_NTroje::rub075,0.012120023710265904,0.017374181401799065,0.0,0.010221611416759962,,,,,0.028483826966840292,0.018841545470371118,0.027401951137503384
smoothnet,development,43,hrnet_w32,automated-source-screen,BioMotionLab_NTroje::rub086,0.010103576142254472,,0.0,0.007900022003686369,,,,,0.021897590392044322,0.018749832438944253,0.03067037007987206
smoothnet,development,43,hrnet_w32,automated-source-screen,BioMotionLab_NTroje::rub098,0.010774573122308917,0.017572159323492396,0.0,0.00698473984249469,,,,,0.023939046894419856,0.014955333449206343,
smoothnet,development,43,hrnet_w32,automated-source-screen,BioMotionLab_NTroje::rub106,0.012413891207844866,0.025425206637719067,0.0,0.008086921099090566,,,,,0.03274100012652625,0.018324886799238105,
smoothnet,development,43,rtmpose_m,automated-source-screen,BioMotionLab_NTroje::rub053,0.012473244962843652,0.022893501475784436,0.0,0.004694466008905006,,,,,0.03040330713508281,0.017812027868106685,
smoothnet,development,43,rtmpose_m,automated-source-screen,BioMotionLab_NTroje::rub054,0.010735659477916501,,0.0,0.006664818120714136,,,,,0.02408745249236121,0.015766347498134253,0.02300155557862312
smoothnet,development,43,rtmpose_m,automated-source-screen,BioMotionLab_NTroje::rub070,0.01299769078149206,0.020322779216566562,0.0,0.009434453023761627,,,,,0.030065420407368402,0.01861352074751213,0.038999793486248366
smoothnet,development,43,rtmpose_m,automated-source-screen,BioMotionLab_NTroje::rub072,0.024618014734766925,0.023492033235622746,0.0,0.014027464431828236,,,,,0.06032412009718476,0.02966842718222304,
smoothnet,development,43,rtmpose_m,automated-source-screen,BioMotionLab_NTroje::rub075,0.011035468164980165,0.014961994424676361,0.0,0.0088509867178304,,,,,0.02926868753730042,0.016748068389945154,0.025251886193511774
smoothnet,development,43,rtmpose_m,automated-source-screen,BioMotionLab_NTroje::rub086,0.009579656701143292,,0.0,0.006414306661419257,,,,,0.021792515850235887,0.014875082811730889,0.024206443004003313
smoothnet,development,43,rtmpose_m,automated-source-screen,BioMotionLab_NTroje::rub098,0.010448637687708689,0.014827567793976981,0.0,0.004459775896903907,,,,,0.022863679877253566,0.014042287111374735,
smoothnet,development,43,rtmpose_m,automated-source-screen,BioMotionLab_NTroje::rub106,0.011496197970886517,0.02194825818770429,0.0,0.0059063720500501325,,,,,0.030615932143436386,0.016488630744108754,
smoothnet,development,43,vitpose_base,automated-source-screen,BioMotionLab_NTroje::rub053,0.013540971033784653,0.032109173080329526,0.0,0.005188459107759832,,,,,0.03921134076934231,0.023564794068895962,
smoothnet,development,43,vitpose_base,automated-source-screen,BioMotionLab_NTroje::rub054,0.010779182128362621,,0.0,0.007782567867225747,,,,,0.025754722815045268,0.019104709623624278,0.02828528341936571
smoothnet,development,43,vitpose_base,automated-source-screen,BioMotionLab_NTroje::rub070,0.013811520045543577,0.028196467830947012,0.0,0.00789581310361133,,,,,0.03674457325647742,0.024501801630560826,0.04503551231382325
smoothnet,development,43,vitpose_base,automated-source-screen,BioMotionLab_NTroje::rub072,0.03703997334656043,0.042305687755675794,0.0,0.013385634454810733,,,,,0.07234953372065822,0.044269972297685506,
smoothnet,development,43,vitpose_base,automated-source-screen,BioMotionLab_NTroje::rub075,0.012876833154379652,0.020679255177961833,0.0,0.008482329219535215,,,,,0.032259374318440115,0.02158380096080011,0.032540218475785365
smoothnet,development,43,vitpose_base,automated-source-screen,BioMotionLab_NTroje::rub086,0.01106139386192522,,0.0,0.006961807451328457,,,,,0.025595032340161965,0.01847680017334996,0.031370067744036105
smoothnet,development,43,vitpose_base,automated-source-screen,BioMotionLab_NTroje::rub098,0.011208361988232374,0.02037694210166023,0.0,0.00521098152495577,,,,,0.0282171566069788,0.015736631759766154,
smoothnet,development,43,vitpose_base,automated-source-screen,BioMotionLab_NTroje::rub106,0.020628389942669932,0.02858511515617866,0.0,0.009939794362952345,,,,,0.05133650303473028,0.02512882300580568,
static,development,17,hrnet_w32,automated-source-screen,BioMotionLab_NTroje::rub053,0.00949250860343863,0.019902561931657008,0.0,0.006936018344329044,,,,,0.02380624865716625,0.014605801502503781,
static,development,17,hrnet_w32,automated-source-screen,BioMotionLab_NTroje::rub054,0.009477720002440732,,0.0,0.008779434984569005,,,,,0.021362787111957927,0.015295006623426349,0.025081241602719254
static,development,17,hrnet_w32,automated-source-screen,BioMotionLab_NTroje::rub070,0.01583339479056903,0.028855363149698755,0.0,0.014324265416497537,,,,,0.0453736600923376,0.022716225814194024,0.03640391300188331
static,development,17,hrnet_w32,automated-source-screen,BioMotionLab_NTroje::rub072,0.02101637069363595,0.029107558214999565,0.0,0.013234470540302187,,,,,0.04609863529084457,0.02806100452941722,
static,development,17,hrnet_w32,automated-source-screen,BioMotionLab_NTroje::rub075,0.009957659686592926,0.014488623622747887,0.0,0.009531724950336419,,,,,0.02469833565328925,0.015325386886280976,0.022429225246575826
static,development,17,hrnet_w32,automated-source-screen,BioMotionLab_NTroje::rub086,0.0087120304428302,,0.0,0.007913966908485306,,,,,0.019231934753270744,0.015501648629489426,0.026017432755441224
static,development,17,hrnet_w32,automated-source-screen,BioMotionLab_NTroje::rub098,0.007935563272065349,0.013865565326501211,0.0,0.006877107535806719,,,,,0.016764148585011317,0.010484733087508245,
static,development,17,hrnet_w32,automated-source-screen,BioMotionLab_NTroje::rub106,0.010866571704022499,0.022429789772415113,0.0,0.007954619226115674,,,,,0.027988022603288493,0.016337364569313714,
static,development,17,rtmpose_m,automated-source-screen,BioMotionLab_NTroje::rub053,0.009129280134779743,0.017943390235830456,0.0,0.004809060750168018,,,,,0.022483530253772487,0.013436213923725343,
static,development,17,rtmpose_m,automated-source-screen,BioMotionLab_NTroje::rub054,0.008665968995198612,,0.0,0.006317715999627206,,,,,0.01889118865143007,0.01253972194079395,0.021890729473919606
static,development,17,rtmpose_m,automated-source-screen,BioMotionLab_NTroje::rub070,0.010237477451186493,0.018517897693546177,0.0,0.00864208384278205,,,,,0.02528678723463642,0.01423364890314273,0.026962742145324174
static,development,17,rtmpose_m,automated-source-screen,BioMotionLab_NTroje::rub072,0.021830303960899813,0.022413433406841144,0.0,0.014264670112056082,,,,,0.05863021924133156,0.027140808940858272,
static,development,17,rtmpose_m,automated-source-screen,BioMotionLab_NTroje::rub075,0.008512867158471781,0.012140678798550894,0.0,0.007825099897365012,,,,,0.02337256452964458,0.012472265435501444,0.019750995240645813
static,development,17,rtmpose_m,automated-source-screen,BioMotionLab_NTroje::rub086,0.0080104235789661,,0.0,0.006059954263533956,,,,,0.018503255678303982,0.011906304538714295,0.020762543521023982
static,development,17,rtmpose_m,automated-source-screen,BioMotionLab_NTroje::rub098,0.007424758915128644,0.011146130666010062,0.0,0.004338123911280494,,,,,0.01426969897037987,0.009209821359071725,
static,development,17,rtmpose_m,automated-source-screen,BioMotionLab_NTroje::rub106,0.009917052640248739,0.018375863127844713,0.0,0.005769470398598631,,,,,0.025906621277027288,0.014256303425963963,
static,development,17,vitpose_base,automated-source-screen,BioMotionLab_NTroje::rub053,0.011252093669808751,0.027007673976738193,0.0,0.005390013912809406,,,,,0.031189406649554725,0.02000311177387666,
static,development,17,vitpose_base,automated-source-screen,BioMotionLab_NTroje::rub054,0.009695958497617063,,0.0,0.0072158432767045755,,,,,0.021724850027907527,0.01579534424548357,0.02363957872432189
static,development,17,vitpose_base,automated-source-screen,BioMotionLab_NTroje::rub070,0.011837287554956775,0.02333093156014337,0.0,0.007098998942062981,,,,,0.030396995163284896,0.019958397438082857,0.03421864674452512
static,development,17,vitpose_base,automated-source-screen,BioMotionLab_NTroje::rub072,0.035219156919306764,0.04279738556777578,0.0,0.013667594357817031,,,,,0.06997566300899383,0.042741101555539014,
static,development,17,vitpose_base,automated-source-screen,BioMotionLab_NTroje::rub075,0.010278228387549293,0.016686698685279444,0.0,0.007628379102686144,,,,,0.025734123686765163,0.017108793627120488,0.026521824833175812
static,development,17,vitpose_base,automated-source-screen,BioMotionLab_NTroje::rub086,0.009631713014457881,,0.0,0.006716209264593369,,,,,0.02173719791620713,0.01495583879008305,0.025646578542153717
static,development,17,vitpose_base,automated-source-screen,BioMotionLab_NTroje::rub098,0.008743456845768938,0.015188218559393262,0.0,0.004836563090411087,,,,,0.018163056355302357,0.011289187106311206,
static,development,17,vitpose_base,automated-source-screen,BioMotionLab_NTroje::rub106,0.018537002892412318,0.02376248353814025,0.0,0.009750013626037324,,,,,0.045871668824867,0.021398671046547774,
static,development,29,hrnet_w32,automated-source-screen,BioMotionLab_NTroje::rub053,0.009514035033663035,0.020111243430277835,0.0,0.006958396046824224,,,,,0.02422203768263923,0.014762281080622164,
static,development,29,hrnet_w32,automated-source-screen,BioMotionLab_NTroje::rub054,0.009469141971858852,,0.0,0.008675234392621451,,,,,0.021674060793477935,0.015328720218182587,0.025121126210004997
static,development,29,hrnet_w32,automated-source-screen,BioMotionLab_NTroje::rub070,0.01590118590869143,0.02930038150990381,0.0,0.014335660894594685,,,,,0.04609685020348786,0.022731453149713088,0.03607079961275002
static,development,29,hrnet_w32,automated-source-screen,BioMotionLab_NTroje::rub072,0.020938495165245465,0.028632320730070025,0.0,0.013214499196822715,,,,,0.0458807430883914,0.027956229711280686,
static,development,29,hrnet_w32,automated-source-screen,BioMotionLab_NTroje::rub075,0.009884998954705534,0.014216529058753098,0.0,0.009585318773562078,,,,,0.024672703514982665,0.015158639592435968,0.02213983988981301
static,development,29,hrnet_w32,automated-source-screen,BioMotionLab_NTroje::rub086,0.008662390388196656,,0.0,0.007859499019964921,,,,,0.019554665711713642,0.015429728449063517,0.02596870692384119
static,development,29,hrnet_w32,automated-source-screen,BioMotionLab_NTroje::rub098,0.008026638150205434,0.01391199320320731,0.0,0.006903466425041392,,,,,0.017107119970607106,0.010659538370249274,
static,development,29,hrnet_w32,automated-source-screen,BioMotionLab_NTroje::rub106,0.010926448986404456,0.022572243345345334,0.0,0.007922180042312639,,,,,0.02827171472065424,0.016355557820043925,
static,development,29,rtmpose_m,automated-source-screen,BioMotionLab_NTroje::rub053,0.009139809632748287,0.018166062548347753,0.0,0.00482821889552072,,,,,0.022962272719315405,0.013610761374966328,
static,development,29,rtmpose_m,automated-source-screen,BioMotionLab_NTroje::rub054,0.008554419765862274,,0.0,0.006263785116914794,,,,,0.019073235451138964,0.012413708023463537,0.022157474720957346
static,development,29,rtmpose_m,automated-source-screen,BioMotionLab_NTroje::rub070,0.010278722388994249,0.01867404189803659,0.0,0.008605911758257482,,,,,0.025160576787451375,0.014263426054184096,0.026621641351738633
static,development,29,rtmpose_m,automated-source-screen,BioMotionLab_NTroje::rub072,0.0216819626799277,0.021615730198400306,0.0,0.014259073138840164,,,,,0.0579597320874146,0.02688049474564048,
static,development,29,rtmpose_m,automated-source-screen,BioMotionLab_NTroje::rub075,0.008504873488167362,0.012166894704096392,0.0,0.007843269848703645,,,,,0.02348462145432429,0.012398436491268705,0.019659622703545716
static,development,29,rtmpose_m,automated-source-screen,BioMotionLab_NTroje::rub086,0.0079809746173958,,0.0,0.006048235914086146,,,,,0.01836986753762241,0.011953639663689057,0.02059391107797833
static,development,29,rtmpose_m,automated-source-screen,BioMotionLab_NTroje::rub098,0.007418560847661539,0.011069309761384063,0.0,0.004331358483716231,,,,,0.014144530767659601,0.009269161840283577,
static,development,29,rtmpose_m,automated-source-screen,BioMotionLab_NTroje::rub106,0.00998470508340115,0.018464387616362123,0.0,0.005763932319766566,,,,,0.026277422199063254,0.014196331748682841,
static,development,29,vitpose_base,automated-source-screen,BioMotionLab_NTroje::rub053,0.011157960131431829,0.026469444201343936,0.0,0.005380687907414693,,,,,0.030696836152878472,0.0197962034856548,
static,development,29,vitpose_base,automated-source-screen,BioMotionLab_NTroje::rub054,0.009677872741016625,,0.0,0.007154697878847045,,,,,0.02168193381864158,0.015709190933702835,0.023258948549148308
static,development,29,vitpose_base,automated-source-screen,BioMotionLab_NTroje::rub070,0.011941495380911262,0.023571199238201092,0.0,0.007159629887091129,,,,,0.030690014516026164,0.02000058833116102,0.03408334895289586
static,development,29,vitpose_base,automated-source-screen,BioMotionLab_NTroje::rub072,0.0352322915025572,0.0424027020957021,0.0,0.013750187607889057,,,,,0.07152652618202203,0.042842987599994685,
static,development,29,vitpose_base,automated-source-screen,BioMotionLab_NTroje::rub075,0.010285998827429279,0.01688621910395055,0.0,0.007690286946087046,,,,,0.025960758273086318,0.01712505046249951,0.02658611301882137
static,development,29,vitpose_base,automated-source-screen,BioMotionLab_NTroje::rub086,0.009553245620416163,,0.0,0.0067205069299128084,,,,,0.021809558904083336,0.014917174249390897,0.025800174927935217
static,development,29,vitpose_base,automated-source-screen,BioMotionLab_NTroje::rub098,0.008864484764301099,0.01525013663526888,0.0,0.004932530887757428,,,,,0.018292634801093055,0.011448054421254785,
static,development,29,vitpose_base,automated-source-screen,BioMotionLab_NTroje::rub106,0.01873029609950977,0.024008422040711616,0.0,0.009769596014166852,,,,,0.04593651427736314,0.021527614849646676,
static,development,43,hrnet_w32,automated-source-screen,BioMotionLab_NTroje::rub053,0.009602409892227564,0.020284666238260404,0.0,0.00703016631737923,,,,,0.024086883436296423,0.014786249814841007,
static,development,43,hrnet_w32,automated-source-screen,BioMotionLab_NTroje::rub054,0.009551168148837486,,0.0,0.008712130877361123,,,,,0.021911831318564206,0.015613927238702611,0.026348710699591046
static,development,43,hrnet_w32,automated-source-screen,BioMotionLab_NTroje::rub070,0.015693069094008038,0.02815742032866116,0.0,0.014269966141456532,,,,,0.04488036169923043,0.022323772174953245,0.035390244159654916
static,development,43,hrnet_w32,automated-source-screen,BioMotionLab_NTroje::rub072,0.02104361303452296,0.02950470814162101,0.0,0.013234510409860088,,,,,0.046211623358698994,0.027994548116378377,
static,development,43,hrnet_w32,automated-source-screen,BioMotionLab_NTroje::rub075,0.009853903107354088,0.01435544042683284,0.0,0.0095211043411749,,,,,0.024422625836713903,0.015115603193454069,0.022120064373744665
static,development,43,hrnet_w32,automated-source-screen,BioMotionLab_NTroje::rub086,0.00865460627914219,,0.0,0.007871116687155255,,,,,0.0191414060647036,0.01529269596519112,0.025585950101637188
static,development,43,hrnet_w32,automated-source-screen,BioMotionLab_NTroje::rub098,0.008027470949754843,0.01421368450578538,0.0,0.006852998967983571,,,,,0.016919945695924015,0.010659348347196649,
static,development,43,hrnet_w32,automated-source-screen,BioMotionLab_NTroje::rub106,0.010880680899704315,0.022519602313651285,0.0,0.00792298852962634,,,,,0.02842114156679318,0.01641323276026968,
static,development,43,rtmpose_m,automated-source-screen,BioMotionLab_NTroje::rub053,0.00913886324281738,0.017903730586176204,0.0,0.004875779648377966,,,,,0.022318963540425153,0.01347875437619079,
static,development,43,rtmpose_m,automated-source-screen,BioMotionLab_NTroje::rub054,0.008565325837094018,,0.0,0.006259881968304078,,,,,0.019265647631570786,0.012690651320281547,0.022861895830066682
static,development,43,rtmpose_m,automated-source-screen,BioMotionLab_NTroje::rub070,0.010272423387769278,0.018668963301801747,0.0,0.008558780358709939,,,,,0.025356071070430572,0.014382660014022464,0.027609669119050398
static,development,43,rtmpose_m,automated-source-screen,BioMotionLab_NTroje::rub072,0.021970559093446758,0.023528878464956614,0.0,0.014263539989259782,,,,,0.05856940740509065,0.027353617679095662,
static,development,43,rtmpose_m,automated-source-screen,BioMotionLab_NTroje::rub075,0.008508710985361618,0.012314869451547472,0.0,0.007787964048240734,,,,,0.023153118796373124,0.012478010713926058,0.019786099845247204
static,development,43,rtmpose_m,automated-source-screen,BioMotionLab_NTroje::rub086,0.007951507376713926,,0.0,0.006046550080928314,,,,,0.018288261533825144,0.011941677286787286,0.02079309078676587
static,development,43,rtmpose_m,automated-source-screen,BioMotionLab_NTroje::rub098,0.007399756976185828,0.011294840552300468,0.0,0.0042895330693939835,,,,,0.014248738471547943,0.009281096776694957,
static,development,43,rtmpose_m,automated-source-screen,BioMotionLab_NTroje::rub106,0.010044404200401348,0.018607401101909227,0.0,0.0057927011656683704,,,,,0.02623951685998109,0.014382776785381681,
static,development,43,vitpose_base,automated-source-screen,BioMotionLab_NTroje::rub053,0.011328776545243493,0.027358807522896895,0.0,0.005434295458465124,,,,,0.031481888089620484,0.0201287849501057,
static,development,43,vitpose_base,automated-source-screen,BioMotionLab_NTroje::rub054,0.009687569783174296,,0.0,0.007118107576055171,,,,,0.02197446291005002,0.015750509306701757,0.024060480455443223
static,development,43,vitpose_base,automated-source-screen,BioMotionLab_NTroje::rub070,0.011723804837200934,0.022662774627056553,0.0,0.007101426586044716,,,,,0.029469511666939133,0.019556966302038334,0.03366847973981642
static,development,43,vitpose_base,automated-source-screen,BioMotionLab_NTroje::rub072,0.03563171365984831,0.04429192775853466,0.0,0.013778963438506413,,,,,0.0714368049650802,0.04320499584915024,
static,development,43,vitpose_base,automated-source-screen,BioMotionLab_NTroje::rub075,0.010280391022420373,0.01704393440379032,0.0,0.0076104530715820976,,,,,0.025618944513520682,0.01702792829423111,0.026211440197757115
static,development,43,vitpose_base,automated-source-screen,BioMotionLab_NTroje::rub086,0.009583861096218626,,0.0,0.006659371840671364,,,,,0.02177571391573582,0.014875471393492259,0.025626857188838684
static,development,43,vitpose_base,automated-source-screen,BioMotionLab_NTroje::rub098,0.008812532443489278,0.015593932209240307,0.0,0.004845716490584696,,,,,0.018203660757990105,0.01136785813412839,
static,development,43,vitpose_base,automated-source-screen,BioMotionLab_NTroje::rub106,0.018610071984613605,0.02401505537556488,0.0,0.00974575779910708,,,,,0.04594548037496834,0.021587736604855298,
unchanged,development,17,hrnet_w32,automated-source-screen,BioMotionLab_NTroje::rub053,0.015931321991035304,0.02257834606970604,0.0,0.006884479916550319,,,,,0.03245767917078619,0.021716515740254485,
unchanged,development,17,hrnet_w32,automated-source-screen,BioMotionLab_NTroje::rub054,0.016383745173792763,,0.0,0.009025201277995012,,,,,0.031009235792560437,0.02348134053208259,0.02987103782420435
unchanged,development,17,hrnet_w32,automated-source-screen,BioMotionLab_NTroje::rub070,0.02478622065163013,0.03768627936327398,0.0,0.014886580494247575,,,,,0.05636333090428058,0.03266272508989965,0.04317058339902981
unchanged,development,17,hrnet_w32,automated-source-screen,BioMotionLab_NTroje::rub072,0.029388309094821055,0.03733403872782938,0.0,0.013200676400683961,,,,,0.05708274259955998,0.03662699428410637,
unchanged,development,17,hrnet_w32,automated-source-screen,BioMotionLab_NTroje::rub075,0.022078480097119237,0.02455623147715914,0.0,0.010232224249105882,,,,,0.04015024748746639,0.027444574469910617,0.031750718534663
unchanged,development,17,hrnet_w32,automated-source-screen,BioMotionLab_NTroje::rub086,0.01821229467940521,,0.0,0.007928890754746945,,,,,0.032641864749190765,0.026354472466054317,0.03674929613424341
unchanged,development,17,hrnet_w32,automated-source-screen,BioMotionLab_NTroje::rub098,0.01650988293863283,0.02031452020088055,0.0,0.007013322134882425,,,,,0.03326462588253206,0.02034566414827042,
unchanged,development,17,hrnet_w32,automated-source-screen,BioMotionLab_NTroje::rub106,0.022281569160663425,0.034439032565677166,0.0,0.008099329447050257,,,,,0.045343967056524555,0.027575781510804226,
unchanged,development,17,rtmpose_m,automated-source-screen,BioMotionLab_NTroje::rub053,0.014751849266337632,0.021199228263001593,0.0,0.0046419934011081194,,,,,0.032339474162276706,0.019997794880678776,
unchanged,development,17,rtmpose_m,automated-source-screen,BioMotionLab_NTroje::rub054,0.013798454102085656,,0.0,0.00663785811189665,,,,,0.027922383234917275,0.019831345704098207,0.02650595422484594
unchanged,development,17,rtmpose_m,automated-source-screen,BioMotionLab_NTroje::rub070,0.019213324740979806,0.02715721033608475,0.0,0.009402832391125087,,,,,0.03660093821855037,0.025559428172302782,0.04299843952718481
unchanged,development,17,rtmpose_m,automated-source-screen,BioMotionLab_NTroje::rub072,0.03143459302692819,0.030637694263733705,0.0,0.013989740540343788,,,,,0.06752135161693724,0.037002341173664105,
unchanged,development,17,rtmpose_m,automated-source-screen,BioMotionLab_NTroje::rub075,0.020899547224978887,0.022307992291516483,0.0,0.008841913458885424,,,,,0.038090261291187553,0.0255137297783415,0.030179832586796664
unchanged,development,17,rtmpose_m,automated-source-screen,BioMotionLab_NTroje::rub086,0.017828337327892813,,0.0,0.006418683995303656,,,,,0.031896685100379026,0.02290989725848981,0.030922090454590757
unchanged,development,17,rtmpose_m,automated-source-screen,BioMotionLab_NTroje::rub098,0.015157380190431832,0.0169058946726537,0.0,0.004450829305608769,,,,,0.03273766568859607,0.018808675645430692,
unchanged,development,17,rtmpose_m,automated-source-screen,BioMotionLab_NTroje::rub106,0.021944040504318987,0.030812354169172038,0.0,0.00589059154033745,,,,,0.04324816234104076,0.0263065408743146,
unchanged,development,17,vitpose_base,automated-source-screen,BioMotionLab_NTroje::rub053,0.016251275676984762,0.029454985223310845,0.0,0.0051208260593369375,,,,,0.03939456279480773,0.02566309364104928,
unchanged,development,17,vitpose_base,automated-source-screen,BioMotionLab_NTroje::rub054,0.016452590106437258,,0.0,0.00774185887729265,,,,,0.031392666360378275,0.02478335001928847,0.03127401101195159
unchanged,development,17,vitpose_base,automated-source-screen,BioMotionLab_NTroje::rub070,0.021602902859616958,0.03513912315270336,0.0,0.007859006786868256,,,,,0.04487361563104225,0.032120262881491494,0.04847488919021255
unchanged,development,17,vitpose_base,automated-source-screen,BioMotionLab_NTroje::rub072,0.04336216970217132,0.04891690905397866,0.0,0.013312245444805339,,,,,0.07966794099004801,0.050786115061880896,
unchanged,development,17,vitpose_base,automated-source-screen,BioMotionLab_NTroje::rub075,0.022603087725693263,0.027716342747950005,0.0,0.008458026108504432,,,,,0.04249335114536336,0.03051796974841669,0.03955946411116681
unchanged,development,17,vitpose_base,automated-source-screen,BioMotionLab_NTroje::rub086,0.018011123210946674,,0.0,0.006947331757484999,,,,,0.03273361014335338,0.025004529791459333,0.03655579812184971
unchanged,development,17,vitpose_base,automated-source-screen,BioMotionLab_NTroje::rub098,0.018374298249751814,0.0249368947396102,0.0,0.0051967944782059065,,,,,0.03717302628092374,0.02249772133770119,
unchanged,development,17,vitpose_base,automated-source-screen,BioMotionLab_NTroje::rub106,0.0295404271929475,0.036585127210532496,0.0,0.009896275673572557,,,,,0.06165542884733649,0.03360437504995689,
unchanged,development,29,hrnet_w32,automated-source-screen,BioMotionLab_NTroje::rub053,0.015931321991035353,0.022578346069706087,0.0,0.006884479916550369,,,,,0.032457679170786236,0.021716515740254544,
unchanged,development,29,hrnet_w32,automated-source-screen,BioMotionLab_NTroje::rub054,0.016383745173792805,,0.0,0.009025201277995066,,,,,0.031009235792560493,0.023481340532082635,0.029871037824204395
unchanged,development,29,hrnet_w32,automated-source-screen,BioMotionLab_NTroje::rub070,0.02478622065163019,0.03768627936327402,0.0,0.014886580494247608,,,,,0.056363330904280626,0.032662725089899695,0.04317058339902986
unchanged,development,29,hrnet_w32,automated-source-screen,BioMotionLab_NTroje::rub072,0.0293883090948211,0.03733403872782941,0.0,0.013200676400684017,,,,,0.05708274259956003,0.03662699428410642,
unchanged,development,29,hrnet_w32,automated-source-screen,BioMotionLab_NTroje::rub075,0.022078480097119282,0.024556231477159185,0.0,0.010232224249105928,,,,,0.04015024748746642,0.027444574469910672,0.03175071853466305
unchanged,development,29,hrnet_w32,automated-source-screen,BioMotionLab_NTroje::rub086,0.01821229467940526,,0.0,0.007928890754746997,,,,,0.03264186474919079,0.026354472466054372,0.03674929613424345
unchanged,development,29,hrnet_w32,automated-source-screen,BioMotionLab_NTroje::rub098,0.016509882938632883,0.020314520200880582,0.0,0.00701332213488248,,,,,0.033264625882532116,0.02034566414827047,
unchanged,development,29,hrnet_w32,automated-source-screen,BioMotionLab_NTroje::rub106,0.022281569160663477,0.034439032565677236,0.0,0.0080993294470503,,,,,0.04534396705652462,0.027575781510804278,
unchanged,development,29,rtmpose_m,automated-source-screen,BioMotionLab_NTroje::rub053,0.014751849266337665,0.02119922826300165,0.0,0.004641993401108172,,,,,0.03233947416227674,0.019997794880678807,
unchanged,development,29,rtmpose_m,automated-source-screen,BioMotionLab_NTroje::rub054,0.013798454102085706,,0.0,0.006637858111896695,,,,,0.027922383234917324,0.019831345704098256,0.026505954224845987
unchanged,development,29,rtmpose_m,automated-source-screen,BioMotionLab_NTroje::rub070,0.01921332474097985,0.027157210336084803,0.0,0.009402832391125134,,,,,0.03660093821855043,0.025559428172302816,0.042998439527184865
unchanged,development,29,rtmpose_m,automated-source-screen,BioMotionLab_NTroje::rub072,0.031434593026928234,0.030637694263733743,0.0,0.013989740540343833,,,,,0.06752135161693729,0.037002341173664154,
unchanged,development,29,rtmpose_m,automated-source-screen,BioMotionLab_NTroje::rub075,0.020899547224978943,0.022307992291516532,0.0,0.008841913458885468,,,,,0.0380902612911876,0.02551372977834155,0.030179832586796712
unchanged,development,29,rtmpose_m,automated-source-screen,BioMotionLab_NTroje::rub086,0.01782833732789286,,0.0,0.006418683995303704,,,,,0.03189668510037908,0.022909897258489867,0.03092209045459081
unchanged,development,29,rtmpose_m,automated-source-screen,BioMotionLab_NTroje::rub098,0.01515738019043188,0.01690589467265375,0.0,0.004450829305608834,,,,,0.03273766568859612,0.018808675645430744,
unchanged,development,29,rtmpose_m,automated-source-screen,BioMotionLab_NTroje::rub106,0.021944040504319032,0.03081235416917208,0.0,0.005890591540337488,,,,,0.04324816234104082,0.026306540874314645,
unchanged,development,29,vitpose_base,automated-source-screen,BioMotionLab_NTroje::rub053,0.016251275676984808,0.0294549852233109,0.0,0.005120826059336985,,,,,0.03939456279480777,0.025663093641049343,
unchanged,development,29,vitpose_base,automated-source-screen,BioMotionLab_NTroje::rub054,0.016452590106437317,,0.0,0.007741858877292689,,,,,0.03139266636037832,0.024783350019288525,0.03127401101195163
unchanged,development,29,vitpose_base,automated-source-screen,BioMotionLab_NTroje::rub070,0.021602902859617003,0.035139123152703414,0.0,0.00785900678686831,,,,,0.0448736156310423,0.03212026288149154,0.0484748891902126
unchanged,development,29,vitpose_base,automated-source-screen,BioMotionLab_NTroje::rub072,0.04336216970217137,0.04891690905397869,0.0,0.01331224544480539,,,,,0.07966794099004806,0.05078611506188094,
unchanged,development,29,vitpose_base,automated-source-screen,BioMotionLab_NTroje::rub075,0.022603087725693322,0.027716342747950054,0.0,0.008458026108504468,,,,,0.04249335114536341,0.03051796974841675,0.03955946411116686
unchanged,development,29,vitpose_base,automated-source-screen,BioMotionLab_NTroje::rub086,0.01801112321094673,,0.0,0.006947331757485052,,,,,0.03273361014335344,0.02500452979145939,0.03655579812184975
unchanged,development,29,vitpose_base,automated-source-screen,BioMotionLab_NTroje::rub098,0.01837429824975186,0.024936894739610246,0.0,0.00519679447820594,,,,,0.037173026280923796,0.022497721337701233,
unchanged,development,29,vitpose_base,automated-source-screen,BioMotionLab_NTroje::rub106,0.029540427192947555,0.036585127210532545,0.0,0.009896275673572612,,,,,0.061655428847336546,0.03360437504995693,
unchanged,development,43,hrnet_w32,automated-source-screen,BioMotionLab_NTroje::rub053,0.015931321991035353,0.022578346069706087,0.0,0.006884479916550369,,,,,0.032457679170786236,0.021716515740254544,
unchanged,development,43,hrnet_w32,automated-source-screen,BioMotionLab_NTroje::rub054,0.016383745173792805,,0.0,0.009025201277995066,,,,,0.031009235792560493,0.023481340532082635,0.029871037824204395
unchanged,development,43,hrnet_w32,automated-source-screen,BioMotionLab_NTroje::rub070,0.02478622065163019,0.03768627936327402,0.0,0.014886580494247608,,,,,0.056363330904280626,0.032662725089899695,0.04317058339902986
unchanged,development,43,hrnet_w32,automated-source-screen,BioMotionLab_NTroje::rub072,0.0293883090948211,0.03733403872782941,0.0,0.013200676400684017,,,,,0.05708274259956003,0.03662699428410642,
unchanged,development,43,hrnet_w32,automated-source-screen,BioMotionLab_NTroje::rub075,0.022078480097119282,0.024556231477159185,0.0,0.010232224249105928,,,,,0.04015024748746642,0.027444574469910672,0.03175071853466305
unchanged,development,43,hrnet_w32,automated-source-screen,BioMotionLab_NTroje::rub086,0.01821229467940526,,0.0,0.007928890754746997,,,,,0.03264186474919079,0.026354472466054372,0.03674929613424345
unchanged,development,43,hrnet_w32,automated-source-screen,BioMotionLab_NTroje::rub098,0.016509882938632883,0.020314520200880582,0.0,0.00701332213488248,,,,,0.033264625882532116,0.02034566414827047,
unchanged,development,43,hrnet_w32,automated-source-screen,BioMotionLab_NTroje::rub106,0.022281569160663477,0.034439032565677236,0.0,0.0080993294470503,,,,,0.04534396705652462,0.027575781510804278,
unchanged,development,43,rtmpose_m,automated-source-screen,BioMotionLab_NTroje::rub053,0.014751849266337665,0.02119922826300165,0.0,0.004641993401108172,,,,,0.03233947416227674,0.019997794880678807,
unchanged,development,43,rtmpose_m,automated-source-screen,BioMotionLab_NTroje::rub054,0.013798454102085706,,0.0,0.006637858111896695,,,,,0.027922383234917324,0.019831345704098256,0.026505954224845987
unchanged,development,43,rtmpose_m,automated-source-screen,BioMotionLab_NTroje::rub070,0.01921332474097985,0.027157210336084803,0.0,0.009402832391125134,,,,,0.03660093821855043,0.025559428172302816,0.042998439527184865
unchanged,development,43,rtmpose_m,automated-source-screen,BioMotionLab_NTroje::rub072,0.031434593026928234,0.030637694263733743,0.0,0.013989740540343833,,,,,0.06752135161693729,0.037002341173664154,
unchanged,development,43,rtmpose_m,automated-source-screen,BioMotionLab_NTroje::rub075,0.020899547224978943,0.022307992291516532,0.0,0.008841913458885468,,,,,0.0380902612911876,0.02551372977834155,0.030179832586796712
unchanged,development,43,rtmpose_m,automated-source-screen,BioMotionLab_NTroje::rub086,0.01782833732789286,,0.0,0.006418683995303704,,,,,0.03189668510037908,0.022909897258489867,0.03092209045459081
unchanged,development,43,rtmpose_m,automated-source-screen,BioMotionLab_NTroje::rub098,0.01515738019043188,0.01690589467265375,0.0,0.004450829305608834,,,,,0.03273766568859612,0.018808675645430744,
unchanged,development,43,rtmpose_m,automated-source-screen,BioMotionLab_NTroje::rub106,0.021944040504319032,0.03081235416917208,0.0,0.005890591540337488,,,,,0.04324816234104082,0.026306540874314645,
unchanged,development,43,vitpose_base,automated-source-screen,BioMotionLab_NTroje::rub053,0.016251275676984808,0.0294549852233109,0.0,0.005120826059336985,,,,,0.03939456279480777,0.025663093641049343,
unchanged,development,43,vitpose_base,automated-source-screen,BioMotionLab_NTroje::rub054,0.016452590106437317,,0.0,0.007741858877292689,,,,,0.03139266636037832,0.024783350019288525,0.03127401101195163
unchanged,development,43,vitpose_base,automated-source-screen,BioMotionLab_NTroje::rub070,0.021602902859617003,0.035139123152703414,0.0,0.00785900678686831,,,,,0.0448736156310423,0.03212026288149154,0.0484748891902126
unchanged,development,43,vitpose_base,automated-source-screen,BioMotionLab_NTroje::rub072,0.04336216970217137,0.04891690905397869,0.0,0.01331224544480539,,,,,0.07966794099004806,0.05078611506188094,
unchanged,development,43,vitpose_base,automated-source-screen,BioMotionLab_NTroje::rub075,0.022603087725693322,0.027716342747950054,0.0,0.008458026108504468,,,,,0.04249335114536341,0.03051796974841675,0.03955946411116686
unchanged,development,43,vitpose_base,automated-source-screen,BioMotionLab_NTroje::rub086,0.01801112321094673,,0.0,0.006947331757485052,,,,,0.03273361014335344,0.02500452979145939,0.03655579812184975
unchanged,development,43,vitpose_base,automated-source-screen,BioMotionLab_NTroje::rub098,0.01837429824975186,0.024936894739610246,0.0,0.00519679447820594,,,,,0.037173026280923796,0.022497721337701233,
unchanged,development,43,vitpose_base,automated-source-screen,BioMotionLab_NTroje::rub106,0.029540427192947555,0.036585127210532545,0.0,0.009896275673572612,,,,,0.061655428847336546,0.03360437504995693,
