total_loss,jepa_loss,vicreg_loss,vicreg_invariance,vicreg_variance,vicreg_covariance,group_compactness,group_separation,batch_min_centroid_distance,anchor_loss,global_mask_fraction,eligible_mask_fraction,ema_momentum,stage,stage_name,added_condition,active_conditions,epoch_in_stage,optimizer_updates,learning_rate,feature_std,mean_pair_cosine,minimum_centroid_distance,mean_centroid_distance,normal_anchor_cosine
5.518009462777306,4.438700390212676,21.586181051590863,0.00012305562344248327,0.8362948771785287,0.6757327178504845,0.0,0.0,,0.0,0.1970532531194296,0.559973534106298,0.9990000089387536,0,normal_only,normal,normal,1,68,0.001,0.2728276252746582,0.8191798329353333,,,
3.2070916891098022,2.2275831489002003,19.59017032735488,0.0003393527981375775,0.7079681920654634,1.882481582928449,0.0,0.0,,0.0,0.1968861408199644,0.5593292078678772,0.9990000633705778,0,normal_only,normal,normal,2,136,0.0009999861991413664,0.27530351281166077,0.821817934513092,,,
2.9504495087791893,2.0107819543165317,18.79335092095768,0.0002781571445880485,0.6694458854549071,2.0502497207866432,0.0,0.0,,0.0,0.1968304367201426,0.5592185803517397,0.9990001726314621,0,normal_only,normal,normal,3,204,0.0009999447980891748,0.2793859839439392,0.8223959803581238,,,
2.8126494323506073,1.858426875927869,19.084451086380902,0.00037884370939376396,0.6749041290844188,2.202376912786242,0.0,0.0,,0.0,0.1966354723707665,0.5586820855417984,0.9990003367094243,0,normal_only,normal,normal,4,272,0.000999875801414386,0.2843088209629059,0.8192641735076904,,,
2.659422993659973,1.7272100957000958,18.64425791011137,0.00030953043524812744,0.6571783020215876,2.2070621926994884,0.0,0.0,,0.0,0.19674688057040998,0.5590074075535361,0.9990005555864692,0,normal_only,normal,normal,5,340,0.0009997792167347067,0.2881566286087036,0.8148884177207947,,,
2.6084902111221764,1.6870655382380766,18.4284927704755,0.0012645664689497447,0.6485307970467735,2.183608750648358,0.0,0.0,,0.0,0.19788881461675584,0.5621232533246917,0.9990008292385923,0,normal_only,normal,normal,6,408,0.0009996550547137493,0.2926965057849884,0.8071838617324829,,,
2.498389216030345,1.575648076394025,18.454822540283203,0.0018121812298726152,0.6426246622029472,2.343901484109023,0.0,0.0,,0.0,0.19708110516934046,0.5598839009465281,0.9990011576357811,0,normal_only,normal,normal,7,476,0.0009995033290598533,0.29934707283973694,0.7942476868629456,,,
2.4464853966937348,1.5343719948740566,18.24226763669182,0.001297849776379093,0.638137640321956,2.2563803555334316,0.0,0.0,,0.0,0.19468582887700536,0.5540279459960068,0.9990015407420206,0,normal_only,normal,normal,8,544,0.0009993240565245732,0.3067144453525543,0.7788968682289124,,,
2.425343730870415,1.5032304762040867,18.44226500567268,0.0018333916664500173,0.6433398907675463,2.3129329357077095,0.0,0.0,,0.0,0.19758244206773623,0.56122649974351,0.9990019785152936,0,normal_only,normal,normal,9,612,0.0009991172569008288,0.3148706257343292,0.7626071572303772,,,
2.378789007663727,1.4705910568728167,18.163958689745733,0.002481595381301732,0.6265948747887331,2.4370469551752594,0.0,0.0,,0.0,0.1968582887700535,0.5592304694467165,0.9990024709075896,0,normal_only,normal,normal,10,680,0.0009988829530207185,0.3220742344856262,0.7475209832191467,,,
2.312791529823752,1.4076943967272253,18.101942090427173,0.001605041914016885,0.6322283700985067,2.256106899832101,0.0,0.0,,0.0,0.19588346702317289,0.5567011255637752,0.9990030178649062,0,normal_only,normal,normal,11,748,0.0009986211707530006,0.32898929715156555,0.7336068749427795,,,
2.321829806355869,1.4136745995458435,18.163103580474854,0.0011596878660330892,0.62817342404057,2.4297756482573116,0.0,0.0,,0.0,0.19780525846702318,0.5619749438096919,0.9990036193272582,0,normal_only,normal,normal,12,816,0.0009983319390002353,0.33628353476524353,0.7190799713134766,,,
2.296386380405987,1.3979607066687416,17.968513124129352,0.0009983262469391134,0.6221751991440269,2.389174932942671,0.0,0.0,,0.0,0.19666332442067738,0.5587038131203148,0.9990042752286816,0,normal_only,normal,normal,13,884,0.0009980152896955949,0.3431987762451172,0.7047472596168518,,,
2.2831471544854782,1.3863413877346937,17.93611498440013,0.0012414610439865261,0.6123492787866032,2.596346597680274,0.0,0.0,,0.0,0.19841800356506242,0.5636316356631783,0.9990049854972424,0,normal_only,normal,normal,14,952,0.0009976712577993382,0.3505988121032715,0.6895729899406433,,,
2.26052592957721,1.3603309673421524,18.003898957196405,0.0014014028041428367,0.6226393624263651,2.4028799222672688,0.0,0.0,,0.0,0.19699754901960786,0.559761616997246,0.9990057500550438,0,normal_only,normal,normal,15,1020,0.0009972998812949488,0.3578876554965973,0.6743184924125671,,,
2.2236612333970913,1.3243974219350254,17.985275913687314,0.0010955739611852229,0.6219909646931816,2.4081123835023712,0.0,0.0,,0.0,0.19847370766488417,0.5637412560814785,0.9990065688182357,0,normal_only,normal,normal,16,1088,0.0009969012011849447,0.3651301860809326,0.658286988735199,,,
2.2142083329312943,1.3270211789537878,17.743742550120633,0.0013039755304977436,0.6079834480496014,2.5115569680929184,0.0,0.0,,0.0,0.19883578431372553,0.5645936841163313,0.9990074416970224,0,normal_only,normal,normal,17,1156,0.0009964752614863481,0.37210068106651306,0.6431499719619751,,,
2.1459410611320946,1.259730405667249,17.724212786730597,0.0011410324141787201,0.6079704691382015,2.496425259639235,0.0,0.0,,0.0,0.19722036541889487,0.5601355450832296,0.9990083685956735,0,normal_only,normal,normal,18,1224,0.0009960221092258277,0.37906599044799805,0.6268911957740784,,,
2.1103750116684856,1.2183823962421978,17.83985196842867,0.0010249931215452414,0.6125770903685513,2.4997998633805443,0.0,0.0,,0.0,0.196078431372549,0.55759457153356,0.9990093494125339,0,normal_only,normal,normal,19,1292,0.0009955417944345056,0.3856053352355957,0.6112958788871765,,,
2.137992403086494,1.2488842755556107,17.78216204923742,0.0008328799757531242,0.6131671824875999,2.432160559822531,0.0,0.0,,0.0,0.1960227272727273,0.5572571225694207,0.9990103840400363,0,normal_only,normal,normal,20,1360,0.0009950343701424344,0.3915383517742157,0.5967470407485962,,,
2.1240572683951435,1.2498786239063038,17.483572483062744,0.0008593611031863154,0.5929501363459755,2.6383349457207848,0.0,0.0,,0.0,0.1978609625668449,0.5622097742391156,0.9990114723647099,0,normal_only,normal,normal,21,1428,0.0009944998923727413,0.3975733816623688,0.5821653604507446,,,
2.0319104510195114,1.147061339196037,17.6969817385954,0.0009988210498276578,0.6051442228695926,2.5434054714791916,0.0,0.0,,0.0,0.19638480392156865,0.5579992299166162,0.9990126142671967,0,normal_only,normal,normal,22,1496,0.0009939384201354433,0.40365564823150635,0.5670479536056519,,,
2.021308685050291,1.1367195029469097,17.69178373673383,0.0009142668022832368,0.6073993032469469,2.4839444362065373,0.0,0.0,,0.0,0.1964683600713013,0.5584424244490823,0.9990138096222616,0,normal_only,normal,normal,23,1564,0.0009933500154209328,0.4097229242324829,0.5504071116447449,,,
2.0160086891230415,1.1353597614695043,17.612978290109073,0.0007975856123641064,0.5998361014267978,2.5971361118204452,0.0,0.0,,0.0,0.19655191622103388,0.5587318447229758,0.9990150582988083,0,normal_only,normal,normal,24,1632,0.0009927347431931313,0.4157310426235199,0.533047616481781,,,
2.016886153641869,1.1369057534372105,17.59960760789759,0.0010745070485962275,0.6028140765779159,2.5023931602344796,0.0,0.0,,0.0,0.19694184491978614,0.5595189665484304,0.9990163601598904,0,normal_only,normal,normal,25,1700,0.0009920926713823193,0.42059624195098877,0.517755389213562,,,
1.9346532646347494,1.0619914514176987,17.45323607500862,0.0007200503796679293,0.5944661322761985,2.5735815991373623,0.0,0.0,,0.0,0.1978052584670232,0.5618730559932541,0.9990177150627317,0,normal_only,normal,normal,26,1768,0.0009914238708776354,0.42608729004859924,0.5017122030258179,,,
1.9594551920890808,1.0747990678338444,17.693122386932373,0.0008879533067075125,0.6073195022695205,2.4879360558355557,0.0,0.0,,0.0,0.19616198752228167,0.5574623072352759,0.9990191228587361,0,normal_only,normal,normal,27,1836,0.0009907284155192492,0.4303387701511383,0.4881627559661865,,,
1.944151939714656,1.0592787134296753,17.697464297799502,0.0007594651826687315,0.6054583419771755,2.542019184897928,0.0,0.0,,0.0,0.19652406417112303,0.5585621138177134,0.9990205833935089,0,normal_only,normal,normal,28,1904,0.0009900063820902094,0.4333786964416504,0.47664913535118103,,,
1.9193637178224676,1.041153990170535,17.564194370718564,0.0008041226726217085,0.6001862156040528,2.53943612733308,0.0,0.0,,0.0,0.19749888591800357,0.5609650920955674,0.9990220965068692,0,normal_only,normal,normal,29,1972,0.0009892578503079663,0.4365330636501312,0.46531057357788086,,,
1.8949784022920273,1.0134698687230839,17.630170401404886,0.0008822661558737951,0.5981331064420587,2.6547860511962105,0.0,0.0,,0.0,0.19646836007130128,0.5584371292171957,0.9990236620328721,0,normal_only,normal,normal,30,2040,0.0009884829028155705,0.4389685392379761,0.4556315541267395,,,
1.9015818378504585,1.0268940592513365,17.49375550887164,0.0008248663142534069,0.6012477690682692,2.441939658978406,0.0,0.0,,0.0,0.19730392156862747,0.560525558364736,0.9990252797998221,0,normal_only,normal,normal,31,2108,0.000987681625172548,0.44074857234954834,0.4469563066959381,,,
1.883452461046331,0.9996111866305856,17.676825214834775,0.0008754813378104967,0.6014122318695573,2.6196323966278747,0.0,0.0,,0.0,0.19694184491978614,0.5593855480523275,0.9990269496302955,0,normal_only,normal,normal,32,2176,0.000986854105845455,0.44169673323631287,0.4393574595451355,,,
1.9378675082150627,1.069477544111364,17.367799001581528,0.0007343626249862342,0.5853133990484125,2.71660510932698,0.0,0.0,,0.0,0.19577205882352944,0.5567184270153537,0.9990286713411588,0,normal_only,normal,normal,33,2244,0.0009860004361981092,0.4426923990249634,0.43125516176223755,,,
1.8976653253330904,1.0293670664815342,17.365965057821835,0.0007558214121458792,0.5903228126904544,2.5889992602169514,0.0,0.0,,0.0,0.1954099821746881,0.5559733261125615,0.9990304447435889,0,normal_only,normal,normal,34,2312,0.0009851207104815036,0.44353294372558594,0.42414340376853943,,,
1.9414650517351486,1.0662546837154556,17.504206994000604,0.0010523913457719197,0.6000375397065106,2.476958657888805,0.0,0.0,,0.0,0.19685828877005349,0.5591691405916666,0.9990322696430926,0,normal_only,normal,normal,35,2380,0.0009842150258234004,0.44382205605506897,0.41780900955200195,,,
1.8784205580458921,1.0010793656110764,17.546823333291446,0.000793920983436264,0.5947527271859786,2.6581570786588333,0.0,0.0,,0.0,0.19660762032085563,0.5586211485500014,0.9990341458395297,0,normal_only,normal,normal,36,2448,0.000983283482217607,0.4443514049053192,0.41110295057296753,,,
1.868179745533887,1.0022029131650925,17.319536489598892,0.0008426103384622632,0.5898856993983773,2.551328809822307,0.0,0.0,,0.0,0.19794451871657756,0.5621964948448754,0.9990360731271343,0,normal_only,normal,normal,37,2516,0.0009823261825129361,0.44479742646217346,0.40478044748306274,,,
1.861256150638356,0.9858472439296105,17.508177757263184,0.0008275940649849979,0.5989177551339654,2.514544015421587,0.0,0.0,,0.0,0.19766599821746883,0.5616321489887958,0.9990380512945363,0,normal_only,normal,normal,38,2584,0.0009813432324018512,0.44449034333229065,0.399902880191803,,,
1.8355670501204098,0.9624479202663198,17.462382204392377,0.0009424854039988371,0.5949722265495974,2.564514416105607,0.0,0.0,,0.0,0.19624554367201424,0.5576367429660911,0.9990400801247863,0,normal_only,normal,normal,39,2652,0.0009803347404087964,0.4441339075565338,0.39438119530677795,,,
1.8129039704799652,0.9392979403629023,17.472120313083423,0.000957096780064817,0.5938706029863918,2.6014278417124466,0.0,0.0,,0.0,0.1968582887700535,0.5592768518425548,0.9990421593953783,0,normal_only,normal,normal,40,2720,0.000979300817878215,0.4440901577472687,0.3879351317882538,,,
1.8350122343091404,0.960329970016199,17.493645163143384,0.0009500641093943748,0.6008172596202177,2.4494620272341896,0.0,0.0,,0.0,0.1975824420677362,0.5612011605763348,0.9990442888782747,0,normal_only,normal,normal,41,2788,0.0009782415789622565,0.44326290488243103,0.38335132598876953,,,
1.8385193312869352,0.9682465156211573,17.40545603808235,0.0008464524011394722,0.5878801766563865,2.687290284563513,0.0,0.0,,0.0,0.19552139037433156,0.5558952386891628,0.9990464683399312,0,normal_only,normal,normal,42,2856,0.0009771571406081735,0.4427582323551178,0.37936803698539734,,,
1.8056366952026592,0.9318963946665034,17.47480563556447,0.0008377315012587453,0.5931944610441432,2.624000782475752,0.0,0.0,,0.0,0.19797237076648844,0.5623290445160886,0.9990486975413205,0,normal_only,normal,normal,43,2924,0.0009760476225454091,0.44262123107910156,0.3744862973690033,,,
1.8339130457709818,0.9659077547052327,17.360105570624857,0.00099041488048148,0.5941153712132398,2.4824608511784496,0.0,0.0,,0.0,0.19752673796791442,0.5610551317884285,0.9990509762379629,0,normal_only,normal,normal,44,2992,0.0009749131472723785,0.4422774016857147,0.3698844313621521,,,
1.7649996385854834,0.8957681568229899,17.38462958616369,0.000947086159773308,0.5905130084823159,2.5981271459775814,0.0,0.0,,0.0,0.19738747771836007,0.5606232669948479,0.9990533041799485,0,normal_only,normal,normal,45,3060,0.0009737538400429453,0.44205716252326965,0.3643437325954437,,,
1.7979903519153595,0.9292752703323084,17.374301461612475,0.0008374862062577021,0.5895005771342445,2.615849899018512,0.0,0.0,,0.0,0.1964405080213904,0.5583901548476407,0.9990556811119676,0,normal_only,normal,normal,46,3128,0.0009725698288525905,0.44125235080718994,0.3605416715145111,,,
1.778084297390545,0.9089710857061779,17.382263997021845,0.0009047524295858559,0.5872289669864318,2.678920905379688,0.0,0.0,,0.0,0.19644050802139038,0.5584353627135878,0.9990581067733371,0,normal_only,normal,normal,47,3196,0.0009713612444242827,0.4408975839614868,0.35599467158317566,,,
1.7558101906495935,0.8869535791523316,17.377131938934326,0.0009554963099242956,0.5874660830287373,2.6665922192966236,0.0,0.0,,0.0,0.19772170231729058,0.5615688756674322,0.9990605808980293,0,normal_only,normal,normal,48,3264,0.0009701282201940446,0.4400799572467804,0.35314348340034485,,,
1.7784832453026491,0.9117587112328586,17.3344905797173,0.0010497943026968964,0.5894606560468674,2.571729260332444,0.0,0.0,,0.0,0.19724821746880572,0.5603961743903367,0.9990631032147026,0,normal_only,normal,normal,49,3332,0.000968870892296221,0.43909597396850586,0.3508860766887665,,,
1.8100014714633716,0.9463360984535778,17.27330721125883,0.00096428883197779,0.579234754337984,2.7683309789966133,0.0,0.0,,0.0,0.19724821746880572,0.560446219456204,0.9990656734467291,0,normal_only,normal,normal,50,3400,0.0009675893995484487,0.43817654252052307,0.34864485263824463,,,
1.8179336628493141,0.9475151396849576,17.408370046054614,0.0008715936751019292,0.5964418807450462,2.475533170735135,0.0,0.0,,0.0,0.1978052584670232,0.5620332476732811,0.9990682913122264,0,normal_only,normal,normal,51,3468,0.0009662838834363294,0.43707624077796936,0.34753644466400146,,,
1.7979460060596466,0.9318418594844201,17.32208288417143,0.0010773684711346183,0.5896981980870751,2.552693721126108,0.0,0.0,,0.0,0.19772170231729055,0.5615854759514521,0.999070956524088,0,normal_only,normal,normal,52,3536,0.0009649544880978096,0.4358353614807129,0.3460191786289215,,,
1.7702588018249064,0.8978372089126531,17.44843157599954,0.0011423533345377484,0.5949047865236506,2.547252910102115,0.0,0.0,,0.0,0.1982230392156863,0.5629734029087665,0.9990736687900148,0,normal_only,normal,normal,53,3604,0.0009636013603072665,0.4343583583831787,0.3454079329967499,,,
1.7777496488655316,0.9178567029097501,17.197858586030847,0.001045206658412045,0.579294362488915,2.689369385733324,0.0,0.0,,0.0,0.19627339572192515,0.5579909123600509,0.9990764278125466,0,normal_only,normal,normal,54,3672,0.0009622246494593028,0.4332277774810791,0.34323596954345703,,,
1.7176616805441238,0.8606724528705373,17.139784336090088,0.0009123674648007556,0.576360672712326,2.7079584616072037,0.0,0.0,,0.0,0.19830659536541895,0.5630985288630597,0.999079233289096,0,normal_only,normal,normal,55,3740,0.0009608245075522529,0.4319199323654175,0.3412265479564667,,,
1.793520243728862,0.9310696046142017,17.249012358048383,0.0008493454715789994,0.5843605846166611,2.6187641305081986,0.0,0.0,,0.0,0.19802807486631013,0.5624785968779333,0.9990820849119809,0,normal_only,normal,normal,56,3808,0.0009594010891714011,0.4310366213321686,0.3387176990509033,,,
1.7375208525096668,0.8725341882775811,17.299733021680048,0.0009852993329439092,0.5843513038228539,2.666317971313701,0.0,0.0,,0.0,0.19741532976827098,0.561405698123162,0.9990849823684584,0,normal_only,normal,normal,57,3876,0.000957954551471914,0.4303804934024811,0.335642546415329,,,
1.7419777161934797,0.8795980131801437,17.24759390774895,0.001046571956762551,0.5833698283223545,2.6371840834617615,0.0,0.0,,0.0,0.19574420677361856,0.5566201301521196,0.9990879253407577,0,normal_only,normal,normal,58,3944,0.0009564850541614902,0.4300544261932373,0.3318568766117096,,,
1.7652369457132675,0.8990401954335325,17.32393480749691,0.0010736953668931486,0.5900122865157968,2.5467853230588577,0.0,0.0,,0.0,0.1963290998217469,0.5578179879336831,0.9990909135061182,0,normal_only,normal,normal,59,4012,0.0009549927594827266,0.42973849177360535,0.32857492566108704,,,
1.7834318806143368,0.9134732519879061,17.39917247435626,0.0010849722969878178,0.5916346302803825,2.5811822870198418,0.0,0.0,,0.0,0.19683043672014264,0.5596675311943731,0.9990939465368209,0,normal_only,normal,normal,60,4080,0.0009534778321952067,0.42871055006980896,0.3273804187774658,,,
1.772602172458873,0.9039950401467436,17.372142539304846,0.0009685517746701782,0.5939077340504703,2.5002352157059837,0.0,0.0,,0.0,0.19593917112299467,0.5569927173233887,0.999097024100227,0,normal_only,normal,normal,61,4148,0.000951940439557309,0.42767953872680664,0.3261207342147827,,,
1.7476678087430841,0.885034066351021,17.25267463571885,0.0012545412843310794,0.5844816065886441,2.609270879012697,0.0,0.0,,0.0,0.1956885026737968,0.5562380819840674,0.9991001458588145,0,normal_only,normal,normal,62,4216,0.0009503807513077412,0.4271363317966461,0.3242844045162201,,,
1.8234694880597733,0.9480732206036063,17.507925314061783,0.0011766450282747803,0.5969844372833476,2.5538981004672894,0.0,0.0,,0.0,0.1973039215686275,0.560453294546017,0.9991033114702144,0,normal_only,normal,normal,63,4284,0.0009487989396467998,0.42602601647377014,0.3238097131252289,,,
1.7705319050480337,0.9085573558421696,17.239490649279425,0.0009202740127554588,0.5858573501600939,2.570050234303755,0.0,0.0,,0.0,0.19794451871657756,0.5622274162694895,0.9991065205872461,0,normal_only,normal,normal,64,4352,0.0009471951792173574,0.4251270294189453,0.3218582272529602,,,
1.7685342711560867,0.9041020190891098,17.28864470650168,0.001232546845344854,0.5821572621079052,2.7038996167042675,0.0,0.0,,0.0,0.19599487522281642,0.5575257032465286,0.9991097728579607,0,normal_only,normal,normal,65,4420,0.0009455696470855822,0.4241296947002411,0.32088974118232727,,,
1.7616694043664372,0.9036716595292091,17.159954688128302,0.0009836117739777204,0.5798817224362317,2.6383213584913925,0.0,0.0,,0.0,0.19713680926916224,0.5599071541581013,0.9991130679256743,0,normal_only,normal,normal,66,4488,0.0009439225227213872,0.42354968190193176,0.31944093108177185,,,
1.7533673749250525,0.8843585603377399,17.380175983204563,0.0010125462371540967,0.5908845829613069,2.582747897681068,0.0,0.0,,0.0,0.1979445187165776,0.5622237473869865,0.9991164054290105,0,normal_only,normal,normal,67,4556,0.0009422539879786162,0.42268243432044983,0.3182659149169922,,,
1.7777236349442427,0.9164810351589147,17.224851860719568,0.0015290608766115516,0.5798213131287518,2.6910924832610523,0.0,0.0,,0.0,0.1970532531194296,0.5599807641651351,0.9991197850019384,0,normal_only,normal,normal,68,4624,0.0009405642270749665,0.421760231256485,0.31676310300827026,,,
1.7749202742296106,0.9124793077216429,17.24881923899931,0.0011525438186414678,0.5846282620640362,2.604299206944073,0.0,0.0,,0.0,0.1956606506238859,0.5562689904921105,0.9991232062738132,0,normal_only,normal,normal,69,4692,0.000938853426571649,0.4206405580043793,0.3151432275772095,,,
1.7549060214968288,0.8965230566613814,17.16765894609339,0.0009122329654072767,0.5807468856082243,2.6261811168754803,0.0,0.0,,0.0,0.19680258467023176,0.5591109317877735,0.9991266688694177,0,normal_only,normal,normal,70,4760,0.0009371217753527903,0.41961708664894104,0.31395313143730164,,,
1.760396438486436,0.8977931001607109,17.252066612243652,0.001037171402191127,0.583138768287266,2.647668058381361,0.0,0.0,,0.0,0.1948807932263815,0.5547520382973786,0.9991301724090015,0,normal_only,normal,normal,71,4828,0.0009353694646045803,0.41846489906311035,0.3132699429988861,,,
1.7378913339446573,0.8815163356416366,17.127499608432544,0.001136605369645301,0.5783266749452142,2.640917534337324,0.0,0.0,,0.0,0.196524064171123,0.558627108824384,0.9991337165083247,0,normal_only,normal,normal,72,4896,0.0009335966877941622,0.41720691323280334,0.3127073049545288,,,
1.7455184021416832,0.8801169421742944,17.30802900650922,0.0013496212590432739,0.5831622937146355,2.695231216795304,0.0,0.0,,0.0,0.19607843137254904,0.5572286540747071,0.9991373007786988,0,normal_only,normal,normal,73,4964,0.0009318036406482732,0.4165465533733368,0.30991700291633606,,,
1.7103734033949234,0.8521239959141788,17.164988040924072,0.0010397454260087484,0.5831895163830589,2.559256464242935,0.0,0.0,,0.0,0.19827874331550804,0.5630580848775003,0.9991409248270292,0,normal_only,normal,normal,74,5032,0.0009299905211316346,0.415302038192749,0.30881625413894653,,,
1.7681880996507757,0.900669032598243,17.350380953620462,0.0011093371970620116,0.5894969859543968,2.585222701596863,0.0,0.0,,0.0,0.19599487522281642,0.5570099557767787,0.9991445882558594,0,normal_only,normal,normal,75,5100,0.0009281575294250958,0.4138014614582062,0.30772995948791504,,,
1.7503168653039372,0.8843626976013184,17.319083101609174,0.001050423725246219,0.5869329812772134,2.6194979618577396,0.0,0.0,,0.0,0.1970811051693405,0.5598959572634418,0.9991482906634139,0,normal_only,normal,normal,76,5168,0.000926304867903532,0.4124397337436676,0.3059307932853699,,,
1.7616254178916706,0.896431425038506,17.303879485410803,0.001039202153098064,0.5866048800594666,2.6127772594199463,0.0,0.0,,0.0,0.1981116310160428,0.5628714557507246,0.999152031643642,0,normal_only,normal,normal,77,5236,0.0009244327411135011,0.4109984338283539,0.30511224269866943,,,
1.7524973539745106,0.8898439328460133,17.253068306866815,0.0009010552821564488,0.583885232315344,2.633411211125991,0.0,0.0,,0.0,0.19641265597147956,0.5581347501249642,0.9991558107862626,0,normal_only,normal,normal,78,5304,0.0009225413557506606,0.4095601737499237,0.30485066771507263,,,
1.7346880576189827,0.8795702431131812,17.10235609727747,0.0008990123487284804,0.5774806133087944,2.642865429906284,0.0,0.0,,0.0,0.19613413547237077,0.557427048263789,0.9991596276768104,0,normal_only,normal,normal,79,5372,0.0009206309206369467,0.4085785448551178,0.3030249774456024,,,
1.7350829646867865,0.8710150197148323,17.281358746921313,0.0011572350714927511,0.5860806642209783,2.600411394063164,0.0,0.0,,0.0,0.19515931372549022,0.5548268285025398,0.9991634818966783,0,normal_only,normal,normal,80,5440,0.0009187016466975188,0.4071075916290283,0.303297758102417,,,
1.7501218774739433,0.8892990228007821,17.216456777909222,0.0012659632473728648,0.5783980076803881,2.724857531926211,0.0,0.0,,0.0,0.19630124777183602,0.55801168003614,0.9991673730231667,0,normal_only,normal,normal,81,5508,0.0009167537469374722,0.4058845043182373,0.30255451798439026,,,
1.716212791555068,0.8602958584533018,17.118338528801413,0.0008623412440476172,0.5793445829082938,2.6131653961013344,0.0,0.0,,0.0,0.197415329768271,0.560926023699388,0.999171300629528,0,normal_only,normal,normal,82,5576,0.0009147874364183207,0.4046413004398346,0.30215901136398315,,,
1.7476292901179369,0.8837282990708071,17.278019596548642,0.0010658917506268207,0.5880100253750297,2.5511216091759064,0.0,0.0,,0.0,0.19677473262032083,0.559599913498303,0.9991752642850132,0,normal_only,normal,normal,83,5644,0.000912802932234252,0.4032423198223114,0.3019433617591858,,,
1.7123376551796408,0.8580801530795938,17.08514990526087,0.0009544961557206561,0.5750861680682968,2.6841332456644844,0.0,0.0,,0.0,0.1962455436720143,0.5576814977529257,0.9991792635549205,0,normal_only,normal,normal,84,5712,0.0009108004534881601,0.4022046625614166,0.3006790578365326,,,
1.7638764188570135,0.9037987077060867,17.201553905711453,0.0011287640604945516,0.5790050367222113,2.6982087668250587,0.0,0.0,,0.0,0.19669117647058823,0.5591251432082766,0.9991832980006419,0,normal_only,normal,normal,85,5780,0.0009087802212674536,0.40089666843414307,0.3000897765159607,,,
1.7364137891460867,0.8796644776183016,17.134986007914822,0.0010503888894591534,0.5768707447192248,2.686957581954844,0.0,0.0,,0.0,0.1969418449197861,0.5596689640020096,0.9991873671797116,0,normal_only,normal,normal,86,5848,0.0009067424586196467,0.3996086120605469,0.2996748685836792,,,
1.7441982276299421,0.877184172763544,17.340280729181625,0.0008833325108057846,0.5882031724733465,2.61311815942035,0.0,0.0,,0.0,0.19674688057041,0.5592509432622301,0.9991914706458545,0,normal_only,normal,normal,87,5916,0.0009046873905277334,0.3984890878200531,0.2995767295360565,,,
1.7234172347713919,0.858579674626098,17.296751078437357,0.0010570972999095615,0.5836608843768344,2.678801515523125,0.0,0.0,,0.0,0.19710895721925137,0.5599910215725536,0.9991956079490353,0,normal_only,normal,normal,88,5984,0.0009026152438853472,0.39726781845092773,0.29973170161247253,,,
1.7624156036797691,0.8979332793284865,17.28964614868164,0.0011221322569968726,0.585563055732671,2.622516352464171,0.0,0.0,,0.0,0.19811163101604282,0.5626285243715532,0.9991997786355069,0,normal_only,normal,normal,89,6052,0.0009005262474717114,0.39566120505332947,0.3010219931602478,,,
1.710947787060457,0.8496880307793617,17.22519479078405,0.0010507987822433386,0.5814975692945368,2.661485633429359,0.0,0.0,,0.0,0.19515931372549022,0.554863000334135,0.9992039822478629,0,normal_only,normal,normal,90,6120,0.0008984206319263794,0.39431095123291016,0.3015902042388916,,,
1.7305590545429903,0.8725620530107442,17.159939990324133,0.001232292505044504,0.578831201967071,2.658352706362219,0.0,0.0,,0.0,0.19521501782531198,0.5550877024576277,0.9992082183250834,0,normal_only,normal,normal,91,6188,0.0008962986297237712,0.39320746064186096,0.3019859194755554,,,
1.7063735898803263,0.8515194724587833,17.097082194160013,0.0010634046649262447,0.5793742888114032,2.5861398647813236,0.0,0.0,,0.0,0.1962176916221034,0.5575706823038046,0.9992124864025902,0,normal_only,normal,normal,92,6256,0.0008941604751475059,0.39201775193214417,0.3023887276649475,,,
1.731421824763803,0.8675652330412584,17.277131417218378,0.0012061659383428324,0.584373892230146,2.637630080475527,0.0,0.0,,0.0,0.19735962566844922,0.5608956700268363,0.999216786012294,0,normal_only,normal,normal,93,6324,0.000892006404264536,0.3911674916744232,0.30158478021621704,,,
1.6750395403188818,0.8194280766388949,17.112228926490335,0.0008661028379505939,0.5780666645835427,2.638909900013138,0.0,0.0,,0.0,0.19788881461675578,0.5622828179877124,0.9992211166826481,0,normal_only,normal,normal,94,6392,0.0008898366548990835,0.3901907503604889,0.3016332983970642,,,
1.706987284562167,0.8485458133851781,17.168829188627356,0.0010001285604898037,0.5793712743941475,2.6595440962735344,0.0,0.0,,0.0,0.19691399286987524,0.5594623792444596,0.9992254779386994,0,normal_only,normal,normal,95,6460,0.0008876514666063824,0.3892354965209961,0.30162692070007324,,,
1.7294304949395798,0.8706010334631976,17.176588927998264,0.0011323350876516675,0.5806563330047271,2.631872210432501,0.0,0.0,,0.0,0.1975824420677362,0.5612657287009704,0.9992298693021396,0,normal_only,normal,normal,96,6528,0.0008854510806462304,0.38814982771873474,0.3023180365562439,,,
1.713325346217436,0.8521165736019611,17.22417500439812,0.001116164203160545,0.5821716824875158,2.641978893209906,0.0,0.0,,0.0,0.19568850267379678,0.5561542323300454,0.9992342902913595,0,normal_only,normal,normal,97,6596,0.0008832357399563521,0.3872465193271637,0.3017931282520294,,,
1.7235288392095005,0.8649199403384152,17.17217815623564,0.0009882460679578157,0.5792538015281453,2.666126987513374,0.0,0.0,,0.0,0.19582776292335113,0.5564913970591301,0.9992387404215004,0,normal_only,normal,normal,98,6664,0.000881005689125577,0.38649284839630127,0.2996819317340851,,,
1.7257032429470736,0.8733539178090937,17.04698632745182,0.0009813810948424576,0.5743543084929971,2.663594040800543,0.0,0.0,,0.0,0.1980002228163993,0.5623665035469082,0.9992432192045068,0,normal_only,normal,normal,99,6732,0.0008787611743668355,0.3854844570159912,0.2985963523387909,,,
1.7081473469734192,0.8595523518674514,16.971899649676153,0.0009372738557645147,0.57099349796772,2.6736304391832912,0.0,0.0,,0.0,0.19649621212121213,0.5586511944093795,0.9992477261491821,0,normal_only,normal,normal,100,6800,0.0008765024434899742,0.38446342945098877,0.2976810038089752,,,
1.7229458917589748,0.8605489152319291,17.247939081753003,0.0008682578793334816,0.5847640572225347,2.6071312225916805,0.0,0.0,,0.0,0.1970811051693405,0.5598816128720442,0.9992522607612403,0,normal_only,normal,normal,101,6868,0.0008742297458743975,0.3832891285419464,0.2974262237548828,,,
1.7019105536096237,0.854382294942351,16.950564777149875,0.0011006085139396258,0.5671626478433609,2.7439832722439483,0.0,0.0,,0.0,0.19942067736185387,0.5663254568679422,0.9992568225433616,0,normal_only,normal,normal,102,6936,0.0008719433324415335,0.38226667046546936,0.2969445288181305,,,
1.7063726362060099,0.843637495794717,17.254702596103442,0.0009481054232096273,0.5838889970498926,2.633774979149594,0.0,0.0,,0.0,0.19641265597147956,0.5581695968940303,0.9992614109952458,0,normal_only,normal,normal,103,7004,0.0008696434556271308,0.38126230239868164,0.29608801007270813,,,
1.690955936908722,0.8331074377193171,17.15696974361644,0.0009878266550110899,0.5777875158716651,2.6875861129340004,0.0,0.0,,0.0,0.196301247771836,0.5580971503970352,0.9992660256136685,0,normal_only,normal,normal,104,7072,0.0008673303693533876,0.38028684258461,0.2951323091983795,,,
1.668024497873643,0.8107010875554646,17.146467938142663,0.0012533429995956419,0.5777304987697041,2.671871807645349,0.0,0.0,,0.0,0.19702540106951877,0.559911934870627,0.9992706658925348,0,normal_only,normal,normal,105,7140,0.0008650043290009173,0.37925395369529724,0.29477226734161377,,,
1.6911589065018822,0.8344681346241165,17.133815176346722,0.0007764580851097195,0.5831446156782263,2.5357883519986095,0.0,0.0,,0.0,0.19724821746880575,0.5607396860212326,0.999275331322936,0,normal_only,normal,normal,106,7208,0.0008626655913805526,0.37823912501335144,0.2942076325416565,,,
1.7187843410407795,0.8583261278622291,17.209163806017706,0.0009398507220740773,0.576256687150282,2.779250353574753,0.0,0.0,,0.0,0.19688614081996442,0.5593638888757193,0.9992800213932047,0,normal_only,normal,normal,107,7276,0.0008603144147049915,0.3772565424442291,0.29376867413520813,,,
1.6818946091567768,0.8305201026446679,17.027489746318142,0.0010413010673159186,0.5733375417835572,2.6680185864953434,0.0,0.0,,0.0,0.1973874777183601,0.5605124540450115,0.9992847355889727,0,normal_only,normal,normal,108,7344,0.0008579510585602898,0.3763880729675293,0.29324573278427124,,,
1.6904616355895996,0.8382426092729849,17.04438046848073,0.0009423252154460095,0.5747276645372895,2.6526304991806255,0.0,0.0,,0.0,0.19616198752228167,0.5574971111060224,0.9992894733932229,0,normal_only,normal,normal,109,7412,0.0008555757838771996,0.37554052472114563,0.29308679699897766,,,
1.691680578624501,0.8318444350186516,17.196722787969254,0.0010115238435580121,0.5833504498004913,2.587673411649816,0.0,0.0,,0.0,0.1957999108734403,0.5566299450742146,0.9992942342863517,0,normal_only,normal,normal,110,7480,0.000853188852902362,0.3747390806674957,0.2928207814693451,,,
1.6885095203624052,0.831699508077958,17.136199951171875,0.0007457404089483829,0.5770424407194642,2.6914953238823833,0.0,0.0,,0.0,0.19683043672014264,0.5595552789511737,0.9992990177462221,0,normal_only,normal,normal,111,7548,0.0008507905291693524,0.37378954887390137,0.2928581237792969,,,
1.6948045737603132,0.8385997094652232,17.12409715091481,0.0008554051790484021,0.575312968562631,2.7198877492371727,0.0,0.0,,0.0,0.1972203654188949,0.5602604945190357,0.9993038232482225,0,normal_only,normal,normal,112,7616,0.0008483810774695855,0.37269771099090576,0.29335904121398926,,,
1.6918201183571535,0.8323445495437173,17.18951115888708,0.0009901411581000395,0.5846844894044539,2.547645216479021,0.0,0.0,,0.0,0.1963290998217469,0.557873185990708,0.9993086502653237,0,normal_only,normal,normal,113,7684,0.0008459607638230793,0.3717321455478668,0.2931457459926605,,,
1.6794586023863625,0.8274870225611854,17.03943126341876,0.0008430631944921676,0.5714654024032986,2.7317196288529564,0.0,0.0,,0.0,0.19747103386809273,0.5608729697919177,0.9993134982681369,0,normal_only,normal,normal,114,7752,0.000843529855449086,0.3708306849002838,0.29268530011177063,,,
1.6850285424905664,0.8308654821970883,17.083261069129495,0.0009059412032536998,0.5735111981630325,2.7228326271562016,0.0,0.0,,0.0,0.19791666666666669,0.5620894933911176,0.9993183667249719,0,normal_only,normal,normal,115,7820,0.0008410886207365881,0.3697936534881592,0.29262641072273254,,,
1.6856888743007885,0.8273781919304062,17.166213372174433,0.0014234288400449954,0.5808699595577577,2.608878511278068,0.0,0.0,,0.0,0.1956606506238859,0.5566361495352522,0.9993232551018951,0,normal_only,normal,normal,116,7888,0.0008386373292146667,0.36848387122154236,0.293213427066803,,,
1.6739970340448267,0.8245700128814754,16.988540200626147,0.0007816334305329399,0.5697893149712506,2.724266406367807,0.0,0.0,,0.0,0.19627339572192518,0.5576692828899685,0.9993281628627886,0,normal_only,normal,normal,117,7956,0.000836176251522744,0.3677542209625244,0.29224175214767456,,,
1.695435436332927,0.8413790955263025,17.081126746009378,0.001248614076329806,0.5727880579583785,2.730210013249341,0.0,0.0,,0.0,0.1966354723707665,0.5586867667229931,0.9993330894694082,0,normal_only,normal,normal,118,8024,0.0008337056593807026,0.36675724387168884,0.2925646901130676,,,
1.6804321145310122,0.8269898825708557,17.068844318389893,0.0010268593797424248,0.5756852863466039,2.651040541775086,0.0,0.0,,0.0,0.19627339572192515,0.5577402490075454,0.999338034381443,0,normal_only,normal,normal,119,8092,0.0008312258255588855,0.3658192455768585,0.2921951711177826,,,
1.6843291030210608,0.8298923719455215,17.088734346277572,0.0010661180311966317,0.5776453491519479,2.620947613435633,0.0,0.0,,0.0,0.1959391711229947,0.556851389583554,0.9993429970565743,0,normal_only,normal,normal,120,8160,0.0008287370238479807,0.3647647798061371,0.2923780381679535,,,
1.663720395635156,0.8106095584876397,17.062216394087848,0.0009915615190787801,0.5748581123702666,2.665974490782794,0.0,0.0,,0.0,0.1964683600713013,0.5584989845369136,0.9993479769505358,0,normal_only,normal,normal,121,8228,0.0008262395290287932,0.36365190148353577,0.29264989495277405,,,
1.6407407118993647,0.7886326904682552,17.042160034179688,0.0010984331216497916,0.572415737544789,2.70430549102671,0.0,0.0,,0.0,0.19878008021390375,0.5645550318074859,0.9993529735171727,0,normal_only,normal,normal,122,8296,0.0008237336168419063,0.36269858479499817,0.29252615571022034,,,
1.6918326160487007,0.8346358250607463,17.143935596241672,0.0011907812519947423,0.5766877225216698,2.6969730766380535,0.0,0.0,,0.0,0.19638480392156865,0.558683307180357,0.9993579862085004,0,normal_only,normal,normal,123,8364,0.0008212195639572386,0.3615478575229645,0.2930021584033966,,,
1.654569866026149,0.8022294119000435,17.046808691585767,0.0009217533174438251,0.5752137724091025,2.643420530592694,0.0,0.0,,0.0,0.19733177361853835,0.5608604939081963,0.9993630144747679,0,normal_only,normal,normal,124,8432,0.000818697647943498,0.3604893684387207,0.2930019199848175,,,
1.6716099486631506,0.814992189845618,17.132354988771326,0.0011913270359132986,0.5803773446994669,2.5931381495559918,0.0,0.0,,0.0,0.19574420677361853,0.5564434086385212,0.9993680577645147,0,normal_only,normal,normal,125,8500,0.0008161681472375352,0.3594442307949066,0.2935596704483032,,,
1.6686109935536104,0.8154078974005055,17.064061781939337,0.0009699317766610286,0.5728957232306985,2.7174204465220955,0.0,0.0,,0.0,0.19666332442067738,0.5586893217352609,0.9993731155246333,0,normal_only,normal,normal,126,8568,0.000813631341113604,0.3583435118198395,0.29366371035575867,,,
1.6431447285063125,0.7962071251343278,16.938751809737262,0.0011144066043283708,0.5664831925840939,2.7488118217271915,0.0,0.0,,0.0,0.19833444741532982,0.563409367533762,0.9993781872004286,0,normal_only,normal,normal,127,8636,0.0008110875096525259,0.35739588737487793,0.29334715008735657,,,
1.6855983330922968,0.8291193290668375,17.129579992855298,0.0008876105324923308,0.5790016730042065,2.632348079891766,0.0,0.0,,0.0,0.19833444741532977,0.5632226484256295,0.9993832722356797,0,normal_only,normal,normal,128,8704,0.0008085369337107676,0.3564126789569855,0.2932933270931244,,,
1.6584869360222536,0.8052280194619122,17.065178282120648,0.0009649738380283131,0.5785314458258012,2.5777679637951008,0.0,0.0,,0.0,0.19800022281639929,0.5624449854614323,0.9993883700727006,0,normal_only,normal,normal,129,8772,0.0008059798948894334,0.3553537428379059,0.29312074184417725,,,
1.656470644123414,0.8028127634349991,17.07315736658433,0.0008786157747689525,0.5724062262212529,2.741036378285464,0.0,0.0,,0.0,0.1962176916221034,0.5575205516903171,0.9993934801524013,0,normal_only,normal,normal,130,8840,0.0008034166755031735,0.35440945625305176,0.2928934693336487,,,
1.685304524267421,0.8259522862294141,17.187044536366184,0.0010791934671621729,0.5820974225507063,2.607629144892973,0.0,0.0,,0.0,0.1957720588235294,0.5565688308108742,0.9993986019143489,0,normal_only,normal,normal,131,8908,0.0008008475585490152,0.35340753197669983,0.2933337688446045,,,
1.650298586663078,0.7953121741028393,17.099728051353903,0.0008754049107237198,0.5773413382908877,2.6443094479687073,0.0,0.0,,0.0,0.19641265597147953,0.5580489014419131,0.9994037347968294,0,normal_only,normal,normal,132,8976,0.0007982728276751177,0.3523649275302887,0.293833464384079,,,
1.6807074020890629,0.8246044494649943,17.122058756211224,0.0010066564449088594,0.577818355139564,2.651433410013423,0.0,0.0,,0.0,0.19702540106951874,0.5597868905262663,0.9994088782369093,0,normal_only,normal,normal,133,9044,0.0007956927671494556,0.35139763355255127,0.2940964102745056,,,
1.6307886593482073,0.779562230934115,17.024528363171747,0.001185825590201763,0.5729943776831907,2.6700233501546524,0.0,0.0,,0.0,0.19560494652406415,0.5559824931827496,0.9994140316704971,0,normal_only,normal,normal,134,9112,0.0007931076618284332,0.3505114018917084,0.2940765619277954,,,
1.654783564455369,0.8038332010893261,17.019007009618424,0.0009493132307825898,0.5686768302146126,2.778353487744051,0.0,0.0,,0.0,0.1964683600713013,0.5582464132124021,0.9994191945324055,0,normal_only,normal,normal,135,9180,0.0007905177971254356,0.34961560368537903,0.29418623447418213,,,
1.6586062838049496,0.8013492603512371,17.145140086903293,0.0008638253961287453,0.5778076648712158,2.678352802991867,0.0,0.0,,0.0,0.19699754901960786,0.560194706819103,0.9994243662564128,0,normal_only,normal,normal,136,9248,0.0007879234589793157,0.3486025333404541,0.29467615485191345,,,
1.6439620168770062,0.7844635747811374,17.189968529869528,0.0009212018371994525,0.5788462622200742,2.695781957577257,0.0,0.0,,0.0,0.19852941176470593,0.5638338332730104,0.9994295462753254,0,normal_only,normal,normal,137,9316,0.0007853249338228254,0.34760239720344543,0.29502972960472107,,,
1.6327754434417276,0.782106847009238,17.013371776132022,0.0009413446191234363,0.5726801533909405,2.672834210536059,0.0,0.0,,0.0,0.19680258467023176,0.5591679540547972,0.9994347340210403,0,normal_only,normal,normal,138,9384,0.0007827225085509919,0.3466040790081024,0.29526588320732117,,,
1.6173725583974052,0.7676068268278066,16.995314429788028,0.000884104493947876,0.5718541833407739,2.676857318948297,0.0,0.0,,0.0,0.19649621212121213,0.5586214153567424,0.9994399289246069,0,normal_only,normal,normal,139,9452,0.000780116470489441,0.3455915153026581,0.2954581379890442,,,
1.6827252980540781,0.8266539823483018,17.121426161597757,0.0009872332452419762,0.5787774087751613,2.62731009721756,0.0,0.0,,0.0,0.196969696969697,0.5595957013122913,0.9994451304162901,0,normal_only,normal,normal,140,9520,0.000777507107362676,0.34466466307640076,0.2955992519855499,,,
1.6754434792434467,0.8236508308088079,17.035852684694177,0.0011621476040304783,0.5747364978579914,2.6383866194416496,0.0,0.0,,0.0,0.19538213012477723,0.5555267637690318,0.9994503379256313,0,normal_only,normal,normal,141,9588,0.0007748947072623101,0.34384509921073914,0.29562056064605713,,,
1.633329401997959,0.7847878972397131,16.970829683191635,0.0008647956249607138,0.5680934309082872,2.746874111540177,0.0,0.0,,0.0,0.19669117647058829,0.5587575635312214,0.9994555508815123,0,normal_only,normal,normal,142,9656,0.0007722795586152587,0.3430687487125397,0.29569920897483826,,,
1.6541503194500418,0.7978755630114499,17.125494844773236,0.0012666573125256144,0.5738878758514628,2.7466316170552196,0.0,0.0,,0.0,0.19722036541889484,0.5602801746043395,0.9994607687122181,0,normal_only,normal,normal,143,9724,0.0007696619501518964,0.3422527611255646,0.29559770226478577,,,
1.6327829413554247,0.7826370658243403,17.002917233635397,0.0008395974096749662,0.5752238377052195,2.6013314531129947,0.0,0.0,,0.0,0.19699754901960786,0.5596300705775364,0.9994659908454989,0,normal_only,normal,normal,144,9792,0.0007670421708741782,0.3413512706756592,0.29585516452789307,,,
1.6393614236046286,0.7842653560287812,17.1019211656907,0.0009361969397800482,0.5750375179683461,2.7025781940011417,0.0,0.0,,0.0,0.19724821746880572,0.5602840373097959,0.9994712167086317,0,normal_only,normal,normal,145,9860,0.0007644205100237314,0.34061399102211,0.2958018183708191,,,
1.636269953321008,0.7842051860164193,17.04129507962395,0.0008036644981877864,0.5749723411658231,2.6468948792008793,0.0,0.0,,0.0,0.1975545900178253,0.5612458456993226,0.9994764457284868,0,normal_only,normal,normal,146,9928,0.0007617972570499225,0.3397381603717804,0.29592064023017883,,,
1.6285330863559948,0.7763976467882886,17.04270856520709,0.0008153770626556841,0.5739287015269784,2.674106593517696,0.0,0.0,,0.0,0.19552139037433156,0.5560729378363803,0.9994816773315863,0,normal_only,normal,normal,147,9996,0.0007591727015778993,0.33880606293678284,0.2959945499897003,,,
1.6481095026521122,0.7918407005422256,17.12537566353293,0.000962412284934544,0.5797377132317599,2.607872684212292,0.0,0.0,,0.0,0.1968025846702318,0.5593040730466513,0.9994869109441699,0,normal_only,normal,normal,148,10064,0.0007565471333766139,0.3378511369228363,0.2964720129966736,,,
1.629393318120171,0.7832448267761398,16.922969818115234,0.000903978100990678,0.5671251030529246,2.7222428093938267,0.0,0.0,,0.0,0.19710895721925134,0.5600367630255066,0.9994921459922563,0,normal_only,normal,normal,149,10132,0.0007539208423268309,0.33697667717933655,0.2967067062854767,,,
1.6280933320522308,0.7792095449917457,16.977675409878003,0.0007115634381240371,0.5675391204216901,2.7714083159671112,0.0,0.0,,0.0,0.1979166666666667,0.5621961547961664,0.9994973819017081,0,normal_only,normal,normal,150,10200,0.0007512941183891226,0.33608362078666687,0.2969420850276947,,,
1.6243010601576637,0.7734299280187663,17.01742233949549,0.0008946579199640409,0.575392929946675,2.610232519752839,0.0,0.0,,0.0,0.19674688057040998,0.5590677582351088,0.9995026180982919,0,normal_only,normal,normal,151,10268,0.0007486672515718548,0.33526673913002014,0.2967728078365326,,,
1.6342125780442183,0.7759096596170875,17.166058035457837,0.0007711987748146331,0.578899993615992,2.6742782329811767,0.0,0.0,,0.0,0.1953821301247772,0.5561455680420165,0.9995078540077434,0,normal_only,normal,normal,152,10336,0.000746040531899168,0.33447298407554626,0.2967897057533264,,,
1.6412591934204102,0.7883818552774542,17.05754627900965,0.0008481116644414963,0.5737781016265645,2.691890867317424,0.0,0.0,,0.0,0.19774955436720146,0.5616967938558693,0.9995130890558305,0,normal_only,normal,normal,153,10404,0.0007434142493789576,0.3335696756839752,0.29736170172691345,,,
1.6240728252074297,0.7702784630305627,17.075886950773352,0.0009494617291185184,0.5754748994813246,2.6652779018177704,0.0,0.0,,0.0,0.1972203654188949,0.5602264504311678,0.9995183226684138,0,normal_only,normal,normal,154,10472,0.0007407886939708536,0.33271804451942444,0.29785633087158203,,,
1.6053724078571094,0.7543098172720741,17.021251594319065,0.000948535686963142,0.5696391239762306,2.756560083697824,0.0,0.0,,0.0,0.19599487522281642,0.5570884835928104,0.9995235542715132,0,normal_only,normal,normal,155,10540,0.0007381641555542083,0.331842303276062,0.29844993352890015,,,
1.6309847901849186,0.7763923822956926,17.091847896575928,0.0007475216212589978,0.577147406690261,2.644474637859008,0.0,0.0,,0.0,0.19816733511586454,0.5627654185282731,0.9995287832913682,0,normal_only,normal,normal,156,10608,0.0007355409238960913,0.33095237612724304,0.29880744218826294,,,
1.6207473751376658,0.772237731691669,16.970192488502054,0.0008135832512754645,0.5705995244138381,2.6848647664575016,0.0,0.0,,0.0,0.19666332442067738,0.5587839676791867,0.9995340091545011,0,normal_only,normal,normal,157,10676,0.0007329192886192964,0.33009469509124756,0.299287348985672,,,
1.6309513011399437,0.7768346603740665,17.08233258303474,0.001024822756602696,0.5773968819309684,2.621789930497899,0.0,0.0,,0.0,0.19621769162210342,0.5577079472073473,0.9995392312877817,0,normal_only,normal,normal,158,10744,0.0007302995391703663,0.3292809724807739,0.2998383939266205,,,
1.638013317304499,0.7876137019518543,17.007991931017706,0.0009598979148209122,0.5714046911281698,2.6988771312377033,0.0,0.0,,0.0,0.19694184491978614,0.5599339132610472,0.9995444491184875,0,normal_only,normal,normal,159,10812,0.000727681964787636,0.3284197747707367,0.3003625273704529,,,
1.6331990466398352,0.7856717924861347,16.95054480608772,0.000967474982216492,0.5713275806868777,2.6431684914757225,0.0,0.0,,0.0,0.1966633244206774,0.5587971919646959,0.9995496620743687,0,normal_only,normal,normal,160,10880,0.0007250668544692971,0.3275660276412964,0.30049532651901245,,,
1.6202857792377472,0.7713804547401035,16.978105909684125,0.000785129673578708,0.5701926394420511,2.7036617310608135,0.0,0.0,,0.0,0.1968304367201426,0.5592531429621671,0.9995548695837099,0,normal_only,normal,normal,161,10948,0.0007224544969414924,0.3266896903514862,0.3006453812122345,,,
1.6294748923357796,0.7793017244514298,17.003462987787582,0.0008206134935950532,0.5699790567159653,2.733471444424461,0.0,0.0,,0.0,0.1966354723707665,0.5588600686331938,0.9995600710753927,0,normal_only,normal,normal,162,11016,0.0007198451806264372,0.32584378123283386,0.30087316036224365,,,
1.6087827542248894,0.7549049148664755,17.07755658205818,0.0009371085165826919,0.5771906612550511,2.6243623530163482,0.0,0.0,,0.0,0.1968025846702318,0.5593203623030484,0.9995652659789597,0,normal_only,normal,normal,163,11084,0.0007172391936105764,0.3249976933002472,0.3013002276420593,,,
1.5978551419342266,0.7468956038355827,17.019190535825842,0.0008034323954608921,0.5726819397772059,2.6820563814219307,0.0,0.0,,0.0,0.19761029411764705,0.5613944985220648,0.9995704537246749,0,normal_only,normal,normal,164,11152,0.0007146368236127775,0.3241932690143585,0.3016153573989868,,,
1.612980505999397,0.7642624737585292,16.97436029770795,0.0007486715673140305,0.571656725862447,2.6642255187034607,0.0,0.0,,0.0,0.19655191622103388,0.5588158592314094,0.9995756337435876,0,normal_only,normal,normal,165,11220,0.0007120383579525637,0.32340478897094727,0.30187681317329407,,,
1.6286635328741634,0.779913484611932,16.975000802208395,0.0008449122334936607,0.5703220078173805,2.695827726055594,0.0,0.0,,0.0,0.19577205882352944,0.5564427310522585,0.9995808054675945,0,normal_only,normal,normal,166,11288,0.0007094440835183931,0.32266664505004883,0.30222558975219727,,,
1.6192130639272577,0.7706982738831464,16.970295345082004,0.0008005244972617434,0.5704979379387463,2.6878337404307198,0.0,0.0,,0.0,0.197192513368984,0.5603408865046271,0.9995859683295026,0,normal_only,normal,normal,167,11356,0.0007068542867359835,0.3219234347343445,0.30247363448143005,,,
1.5929916203022003,0.7453576747108909,16.952678680419922,0.0007117476996106287,0.5697096016477136,2.69214504255968,0.0,0.0,,0.0,0.1961341354723708,0.5573884989644439,0.9995911217630905,0,normal_only,normal,normal,168,11424,0.000704269253536689,0.32121196389198303,0.30255916714668274,,,
1.598295914776185,0.7483766109627836,16.99838570987477,0.0009213655664686538,0.5737955522011308,2.630462976062999,0.0,0.0,,0.0,0.19635695187165778,0.5578859982058592,0.9995962652031705,0,normal_only,normal,normal,169,11492,0.0007016892693259319,0.3205273449420929,0.3025730550289154,,,
1.5931217582786785,0.74380072819836,16.986420463113223,0.0008134450822313631,0.5691419533070396,2.737535496844965,0.0,0.0,,0.0,0.19504790552584672,0.5544212451886387,0.9996013980856511,0,normal_only,normal,normal,170,11560,0.000699114618951691,0.31990036368370056,0.30253684520721436,,,
1.6039200477740343,0.7574271489592159,16.92985775891472,0.0007170899109897779,0.5681936267544242,2.707089744946536,0.0,0.0,,0.0,0.19735962566844917,0.5607581837749948,0.9996065198475986,0,normal_only,normal,normal,171,11628,0.000696545586673053,0.3192477524280548,0.30246707797050476,,,
1.6036483592846815,0.7521831634290078,17.029303578769458,0.0010215225627368508,0.5722283414181542,2.6980570011279164,0.0,0.0,,0.0,0.1979166666666667,0.5621323104807532,0.9996116299272991,0,normal_only,normal,normal,172,11696,0.0006939824561288285,0.31856048107147217,0.3025323748588562,,,
1.606709592482623,0.7579052860245985,16.976085859186508,0.0007207080552154152,0.5708369849359288,2.6871435466934654,0.0,0.0,,0.0,0.19755459001782535,0.5612457943045889,0.9996167277643204,0,normal_only,normal,normal,173,11764,0.0006914255103062357,0.31790581345558167,0.302398681640625,,,
1.6036712930482977,0.7582883028423085,16.907659446491916,0.0008470124848827254,0.5664192999110502,2.72600178157582,0.0,0.0,,0.0,0.19660762032085566,0.5586352161964117,0.9996218127995713,0,normal_only,normal,normal,174,11832,0.0006888750315096572,0.31723904609680176,0.30243781208992004,,,
1.6074065811493818,0.7580534631715101,16.987062033484964,0.00094159033805601,0.5711182610077017,2.6855658731039833,0.0,0.0,,0.0,0.19596702317290557,0.5572319143144581,0.9996268844753665,0,normal_only,normal,normal,175,11900,0.000686331301329472,0.31657567620277405,0.3024049997329712,,,
1.5986828365746666,0.748450447093038,17.004647647633274,0.0005947615284051554,0.571760793819147,2.6957586021984326,0.0,0.0,,0.0,0.19666332442067735,0.5587267660705537,0.9996319422354853,0,normal_only,normal,normal,176,11968,0.0006837946006109645,0.3159373104572296,0.3023512363433838,,,
1.5844452468787922,0.7385031892096295,16.918840829063864,0.0007558521910515778,0.568591561387567,2.6851554846062378,0.0,0.0,,0.0,0.19635695187165778,0.5579599896159421,0.9996369855252323,0,normal_only,normal,normal,177,12036,0.0006812652094233192,0.31528016924858093,0.30247390270233154,,,
1.615270404254689,0.7672575598253923,16.96025666068582,0.0007337374048374305,0.5684778146884021,2.72996783081223,0.0,0.0,,0.0,0.19797237076648844,0.562467833832117,0.9996420137914995,0,normal_only,normal,normal,178,12104,0.0006787434070286975,0.314624160528183,0.30241653323173523,,,
1.5890857840285582,0.7419049696010702,16.943615969489603,0.0007640181427311344,0.5657455088461146,2.7808778934619007,0.0,0.0,,0.0,0.19761029411764708,0.5613030692510557,0.9996470264828275,0,normal_only,normal,normal,179,12172,0.0006762294718514063,0.3140260875225067,0.30237144231796265,,,
1.5838320413056541,0.739103669191108,16.894567265230066,0.0008819856336819666,0.5682823140831554,2.6654598502551807,0.0,0.0,,0.0,0.19705325311942962,0.5598491910467597,0.9996520230494641,0,normal_only,normal,normal,180,12240,0.0006737236814471579,0.3133893609046936,0.302433043718338,,,
1.576138683978249,0.7285415179589215,16.951943173128015,0.0007227999025524375,0.5690837441121831,2.706779357265024,0.0,0.0,,0.0,0.1958277629233512,0.5564349915394723,0.9996570029434255,0,normal_only,normal,normal,181,12308,0.0006712263124724248,0.3127536475658417,0.3025302290916443,,,
1.5786379996468038,0.7337620004135019,16.897519700667438,0.0007049775720267516,0.5661769965115715,2.7254705113523148,0.0,0.0,,0.0,0.19649621212121215,0.5582968104489938,0.999661965618557,0,normal_only,normal,normal,182,12376,0.0006687376406538968,0.31210994720458984,0.3025248646736145,,,
1.5789156976868124,0.7355805609156104,16.86670227611766,0.0007969137842498158,0.5668716825106564,2.674987431834726,0.0,0.0,,0.0,0.19657976827094475,0.5585397797707288,0.9996669105305916,0,normal_only,normal,normal,183,12444,0.0006662579407580375,0.31148239970207214,0.30238646268844604,,,
1.582365334033966,0.7392444969976649,16.862416351542752,0.0007413290886688628,0.5641257087973988,2.7407403973972095,0.0,0.0,,0.0,0.19657976827094473,0.5584746833090789,0.9996718371372113,0,normal_only,normal,normal,184,12512,0.0006637874865607484,0.31088533997535706,0.30254730582237244,,,
1.593165767543456,0.7451879270374775,16.959556775934555,0.0009161410688487676,0.5694262021604706,2.7009981971453216,0.0,0.0,,0.0,0.19582776292335116,0.5570057059539665,0.9996767448981047,0,normal_only,normal,normal,185,12580,0.0006613265508171429,0.3103179335594177,0.30249184370040894,,,
1.610943366499508,0.7613515363020056,16.991836435654584,0.000818957450974267,0.5719760603764478,2.6719609358731438,0.0,0.0,,0.0,0.1980837789661319,0.5625052489900524,0.999681633275028,0,normal_only,normal,normal,186,12648,0.000658875405231431,0.30975624918937683,0.30260369181632996,,,
1.5979658417841967,0.7437640805454815,17.08403511608348,0.0007971621131111854,0.5752539700445007,2.6827568744911865,0.0,0.0,,0.0,0.19632909982174693,0.5578407830902053,0.9996865017318631,0,normal_only,normal,normal,187,12716,0.000656434320426923,0.3091854155063629,0.30253657698631287,,,
1.5786675547852236,0.7326235289082808,16.920879924998562,0.0007771568056448493,0.5701620859258315,2.6473988259539887,0.0,0.0,,0.0,0.19727606951871657,0.5604642561585912,0.9996913497346763,0,normal_only,normal,normal,188,12784,0.0006540035659161489,0.30862218141555786,0.30244189500808716,,,
1.5940276647315306,0.7458134328617769,16.964284223668717,0.0007134412228290731,0.5694918930530548,2.7091510278337143,0.0,0.0,,0.0,0.19663547237076648,0.558717626089488,0.9996961767517772,0,normal_only,normal,normal,189,12852,0.000651583410071104,0.3081323802471161,0.30231600999832153,,,
1.590761018149993,0.7405879659687772,17.00346096824197,0.0008392250456381589,0.570562869310379,2.718408656470916,0.0,0.0,,0.0,0.196524064171123,0.5588098479165696,0.9997009822537781,0,normal_only,normal,normal,190,12920,0.0006491741200936175,0.3076014816761017,0.30204159021377563,,,
1.5921546764233534,0.7482797801494598,16.877497785231647,0.0007352187431559501,0.5660626292228699,2.7075516879558563,0.0,0.0,,0.0,0.1970532531194296,0.5600032575221855,0.9997057657136484,0,normal_only,normal,normal,191,12988,0.0006467759619858529,0.30709201097488403,0.3020246922969818,,,
1.6041298122966992,0.755202232476543,16.978551443885355,0.0006811069564291221,0.5707522490445305,2.69271762230817,0.0,0.0,,0.0,0.19560494652406418,0.5559274600379964,0.9997105266067772,0,normal_only,normal,normal,192,13056,0.000644389200520938,0.30658966302871704,0.30170416831970215,,,
1.5686026864192064,0.7291026869240929,16.789999905754538,0.0008881395121320298,0.5585587778512169,2.8038268913240993,0.0,0.0,,0.0,0.19657976827094475,0.5584919908912745,0.9997152644110272,0,normal_only,normal,normal,193,13124,0.0006420140992137335,0.306121826171875,0.3013499677181244,,,
1.586596765938927,0.7422893003505819,16.886148901546704,0.0007143900854905095,0.5647912823102054,2.7485071157707885,0.0,0.0,,0.0,0.19588346702317294,0.5569652699554298,0.9997199786067952,0,normal_only,normal,normal,194,13192,0.0006396509202917384,0.3056435286998749,0.301094651222229,,,
1.6129279539865606,0.7604673439088989,17.04921195086311,0.0006857338542913032,0.5769981128327987,2.6071156298412994,0.0,0.0,,0.0,0.19671902852049913,0.5593368161107728,0.9997246686770638,0,normal_only,normal,normal,195,13260,0.0006372999246661387,0.30519959330558777,0.3006516993045807,,,
1.5933961465078241,0.7489514719037449,16.88889315549065,0.0008515891653694459,0.5650458107976353,2.7414582073688507,0.0,0.0,,0.0,0.1968582887700535,0.5597910691144771,0.9997293341074652,0,normal_only,normal,normal,196,13328,0.0006349613719030007,0.30474138259887695,0.3003857731819153,,,
1.5825623133603264,0.7310660696204971,17.029924617094153,0.0008962710744526703,0.5726138362113167,2.6921717997859504,0.0,0.0,,0.0,0.19680258467023176,0.5593240651669673,0.9997339743863316,0,normal_only,normal,normal,197,13396,0.0006326355201946127,0.3042443096637726,0.30033183097839355,,,
1.5739422510651981,0.7274387088768622,16.93007059658275,0.000743867800284694,0.568337982191759,2.703024361063452,0.0,0.0,,0.0,0.19599487522281642,0.5576553102724735,0.9997385890047544,0,normal_only,normal,normal,198,13464,0.00063032262633098,0.3037705719470978,0.3002227544784546,,,
1.5547303329495823,0.7110568543567377,16.873469521017636,0.0007185708793044529,0.5645157256547142,2.7426121480324688,0.0,0.0,,0.0,0.19627339572192515,0.558158716879024,0.9997431774566384,0,normal_only,normal,normal,199,13532,0.0006280229456714728,0.30333125591278076,0.30004259943962097,,,
1.576725803753909,0.7307053554583999,16.920408529393814,0.0007044376944737879,0.5684958424638299,2.690401531317655,0.0,0.0,,0.0,0.19733177361853838,0.5607716241699582,0.9997477392387597,0,normal_only,normal,normal,200,13600,0.0006257367321166323,0.3028641641139984,0.3000645339488983,,,
1.5739243363632875,0.7278358307393158,16.921769675086527,0.0010972621775288322,0.5669728570124682,2.7200167599846337,0.0,0.0,,0.0,0.19783311051693409,0.5619382190070259,0.9997522738508181,0,normal_only,normal,normal,201,13668,0.0006234642380801389,0.30238255858421326,0.29999008774757385,,,
1.570080560796401,0.7281525823123315,16.83855931899127,0.0007471832171123585,0.5646907590767917,2.702610711841022,0.0,0.0,,0.0,0.1951593137254902,0.5547961512162429,0.9997567807954932,0,normal_only,normal,normal,202,13736,0.0006212057144609447,0.30191853642463684,0.2998012602329254,,,
1.5779558262404274,0.7270573465263143,17.017969355863684,0.0008129142586446559,0.5741009002222734,2.6451239673530353,0.0,0.0,,0.0,0.19694184491978614,0.5597781318837244,0.9997612595784998,0,normal_only,normal,normal,203,13804,0.000618961410615571,0.30148646235466003,0.2996683418750763,,,
1.5765558831831987,0.724513424669995,17.040849012487076,0.000795286749053048,0.573192859397215,2.691145362222896,0.0,0.0,,0.0,0.19635695187165778,0.5579065603486009,0.9997657097086401,0,normal_only,normal,normal,204,13872,0.0006167315743305782,0.30104121565818787,0.2996041774749756,,,
1.5505558515296263,0.705573253771838,16.899651807897232,0.0007364494506285101,0.5648118196164861,2.760945071192349,0.0,0.0,,0.0,0.1977774064171123,0.5618369632367262,0.9997701306978602,0,normal_only,normal,normal,205,13940,0.0006145164517952097,0.3006068766117096,0.2996267080307007,,,
1.560552244677263,0.7169535366051337,16.871973935295554,0.0006917377244569841,0.5676286395858315,2.6639644766555115,0.0,0.0,,0.0,0.19722036541889484,0.5604408016715233,0.9997745220613008,0,normal_only,normal,normal,206,14008,0.0006123162875742089,0.3001920282840729,0.29971417784690857,,,
1.5747068752260769,0.7186409239383305,17.12131887323716,0.0007043759636443985,0.5773543952142491,2.669849525479709,0.0,0.0,,0.0,0.19733177361853835,0.5605762977274648,0.9997788833173515,0,normal_only,normal,normal,207,14076,0.0006101313245808188,0.2997743487358093,0.2996991276741028,,,
1.5704707082580118,0.7245616987347603,16.918179876664105,0.0007181764380327556,0.5689519486006569,2.676426696426728,0.0,0.0,,0.0,0.19777740641711233,0.5621205058245756,0.9997832139877062,0,normal_only,normal,normal,208,14144,0.0006079618040499627,0.29938703775405884,0.2995662987232208,,,
1.572762718972038,0.7219465149237829,17.016323874978458,0.000780922296732623,0.5703499676550136,2.7380515424644245,0.0,0.0,,0.0,0.1963290998217469,0.557895425161472,0.9997875135974098,0,normal_only,normal,normal,209,14212,0.0006058079655116098,0.29899415373802185,0.29945915937423706,,,
1.5741394390078152,0.7251524465049014,16.979739413541907,0.000849241971188937,0.570754299269003,2.6896509335321537,0.0,0.0,,0.0,0.19674688057041,0.5589798593507251,0.9997917816749166,0,normal_only,normal,normal,210,14280,0.0006036700467643293,0.29859986901283264,0.29952019453048706,,,
1.5860827389885397,0.737246530897477,16.97672383925494,0.000737895820159739,0.5712893789305407,2.6760419922716476,0.0,0.0,,0.0,0.19669117647058823,0.5588629320255692,0.9997960177521371,0,normal_only,normal,normal,211,14348,0.000601548283849037,0.2982065975666046,0.29951751232147217,,,
1.585965130259009,0.7371543019133455,16.976216147927676,0.000841647354665089,0.5708325741922154,2.684360542718102,0.0,0.0,,0.0,0.19710895721925134,0.5598434427817791,0.9998002213644929,0,normal_only,normal,normal,212,14416,0.0005994429110229328,0.2978028357028961,0.29950767755508423,,,
1.5723910138887518,0.7187873558963046,17.072072842541864,0.000743701013882802,0.5743962228298187,2.693574567051495,0.0,0.0,,0.0,0.1962176916221034,0.5576531381671711,0.9998043920509647,0,normal_only,normal,normal,213,14484,0.0005973541607336388,0.29741179943084717,0.2994101643562317,,,
1.5702885284143335,0.7198489860576742,17.008790577159207,0.0006412838826209362,0.572521463913076,2.6797217980903736,0.0,0.0,,0.0,0.19777740641711236,0.561897827123197,0.9998085293541453,0,normal_only,normal,normal,214,14552,0.0005952822635935346,0.2970263361930847,0.29943254590034485,,,
1.557858605595196,0.7114976504269768,16.92721888598274,0.0007296432260559146,0.5697342104771558,2.6656227690332077,0.0,0.0,,0.0,0.19646836007130128,0.5582287456266473,0.9998126328202882,0,normal_only,normal,normal,215,14620,0.0005932274483542967,0.2966562807559967,0.2993393540382385,,,
1.5589827860102934,0.7155576698920306,16.868502111995923,0.0007657450056713595,0.5653135373311884,2.716519990388085,0.0,0.0,,0.0,0.1962455436720143,0.5577367793579434,0.999816701999358,0,normal_only,normal,normal,216,14688,0.0005911899418816422,0.29629790782928467,0.29925107955932617,,,
1.5776953101158142,0.7327786447370753,16.898332848268396,0.0007358318378678899,0.5658208552528831,2.734415797626271,0.0,0.0,,0.0,0.19649621212121215,0.5584840973576364,0.9998207364450794,0,normal_only,normal,normal,217,14756,0.0005891699691302811,0.29591432213783264,0.2993145287036896,,,
1.5800114519455855,0.7293068017153179,17.014092922210693,0.0007062916299807565,0.5734438431613585,2.6603395921342514,0.0,0.0,,0.0,0.19839015151515152,0.5634506736832183,0.9998247357149869,0,normal_only,normal,normal,218,14824,0.0005871677531190809,0.2955619692802429,0.2992536127567291,,,
1.5616100202588474,0.7163655061055633,16.904890284818762,0.0008180946411170333,0.5659306829466539,2.736170819577049,0.0,0.0,,0.0,0.19552139037433158,0.5558578968602134,0.9998286993704724,0,normal_only,normal,normal,219,14892,0.0005851835149064422,0.29520902037620544,0.2992097735404968,,,
1.5569360221133512,0.7065262978567797,17.008194278268252,0.000732000581753228,0.5726337564342162,2.674050387214212,0.0,0.0,,0.0,0.1970532531194296,0.5601022938281331,0.9998326269768334,0,normal_only,normal,normal,220,14960,0.0005832174735658939,0.2948514223098755,0.29918044805526733,,,
1.572883046725217,0.7258256665047478,16.941147299373853,0.0005823017613960581,0.5708106168929268,2.6563243550412796,0.0,0.0,,0.0,0.19696969696969702,0.5595622085912697,0.9998365181033217,0,normal_only,normal,normal,221,15028,0.0005812698461619046,0.2945006191730499,0.29916685819625854,,,
1.5554672321852516,0.7088118800345589,16.933106927310718,0.0006213566152569803,0.5702127314665738,2.6622548068270966,0.0,0.0,,0.0,0.19710895721925137,0.5601278276514678,0.9998403723231898,0,normal_only,normal,normal,222,15096,0.0005793408477259182,0.29415038228034973,0.2992214560508728,,,
1.5698911477537716,0.7269017174839973,16.859788249520694,0.00071239853872719,0.5661204579998466,2.6889667931725,0.0,0.0,,0.0,0.19621769162210342,0.5577125135848452,0.999844189213737,0,normal_only,normal,normal,223,15164,0.0005774306912326125,0.2938329875469208,0.29923543334007263,,,
1.5620934226933647,0.7170007312122513,16.901853505302878,0.0006805739164573263,0.5670964279595543,2.7074284343158497,0.0,0.0,,0.0,0.19741532976827098,0.5607502104002464,0.9998479683563583,0,normal_only,normal,normal,224,15232,0.0005755395875763854,0.2935335636138916,0.299191951751709,,,
1.5501093303456026,0.7034721598029137,16.932743044460523,0.0006878758800560129,0.5715839003815371,2.6259487727109123,0.0,0.0,,0.0,0.19663547237076648,0.5590666187449018,0.9998517093365862,0,normal_only,normal,normal,225,15300,0.0005736677455480706,0.2932364344596863,0.29915258288383484,,,
1.5516167072688831,0.701636408620021,16.999605655670166,0.0006656460987227654,0.5692227824645884,2.752395057502915,0.0,0.0,,0.0,0.19663547237076648,0.5586497419178122,0.9998554117441406,0,normal_only,normal,normal,226,15368,0.0005718153718118857,0.29293349385261536,0.2991187274456024,,,
1.5740695665864384,0.7224540912053165,17.032309335820816,0.0006835878921265248,0.5730328060248319,2.689399442251991,0.0,0.0,,0.0,0.19827874331550807,0.5633205056392123,0.9998590751729706,0,normal_only,normal,normal,227,15436,0.0005699826708826154,0.2926296591758728,0.2991443872451782,,,
1.5489903390407562,0.7039609336677719,16.900587923386517,0.0006448654650525629,0.5672742917257196,2.7026089026647457,0.0,0.0,,0.0,0.19613413547237077,0.5574476782600764,0.9998626992213012,0,normal_only,normal,normal,228,15504,0.0005681698451030313,0.29233887791633606,0.29910433292388916,,,
1.5450595319271088,0.6998112254283008,16.904965989729938,0.0006903388690689634,0.5672119733165292,2.7074082160697266,0.0,0.0,,0.0,0.19566065062388593,0.5566987933303924,0.9998662834916748,0,normal_only,normal,normal,229,15572,0.0005663770946215519,0.292061448097229,0.2991020083427429,,,
1.5577397819827585,0.7097654265954214,16.959486821118524,0.0007112500979928882,0.5699966181727016,2.6917901126777424,0.0,0.0,,0.0,0.19722036541889487,0.5602858939290023,0.9998698275909981,0,normal_only,normal,normal,230,15640,0.0005646046173701447,0.29177528619766235,0.29914799332618713,,,
1.5383368993506712,0.6949504898751483,16.867727868697223,0.0006423077673603342,0.5654395853771883,2.715680488768746,0.0,0.0,,0.0,0.19616198752228164,0.5574218623316709,0.9998733311305822,0,normal_only,normal,normal,231,15708,0.0005628526090424735,0.29149913787841797,0.2991928160190582,,,
1.54743491025532,0.7024049653726465,16.900598638197955,0.0006555230730180698,0.5705121071899638,2.6214078401817993,0.0,0.0,,0.0,0.19777740641711233,0.561723235427708,0.9998767937261865,0,normal_only,normal,normal,232,15776,0.0005611212630722928,0.29122039675712585,0.2991689145565033,,,
1.5558497449930977,0.7091849950306556,16.933294969446518,0.000771819401801194,0.5682457685470581,2.707855256164775,0.0,0.0,,0.0,0.19752673796791445,0.5611412815296833,0.9998802149980617,0,normal_only,normal,normal,233,15844,0.0005594107706120899,0.29093942046165466,0.2992081344127655,,,
1.5367155653588913,0.6857891801525565,17.01852761997896,0.0006331433176134905,0.5709212702863357,2.7296674409333397,0.0,0.0,,0.0,0.19761029411764708,0.561724910075811,0.9998835945709894,0,normal_only,normal,normal,234,15912,0.0005577213205119823,0.2906702160835266,0.29922008514404297,,,
1.5424711774377262,0.694126250112758,16.966898497413187,0.0007428367350846255,0.5694562275620068,2.711921809350743,0.0,0.0,,0.0,0.19730392156862744,0.5604143043903982,0.999886932074326,0,normal_only,normal,normal,235,15980,0.0005560530992988656,0.29040980339050293,0.29918745160102844,,,
1.5377975544508766,0.6960590935366995,16.834768912371466,0.0007750013500138748,0.5643101781606674,2.707639338339076,0.0,0.0,,0.0,0.19627339572192515,0.5576502567776113,0.9998902271420391,0,normal_only,normal,normal,236,16048,0.000554406291155821,0.2901586592197418,0.29922762513160706,,,
1.5467175069977255,0.7012622983140104,16.909104038687314,0.0007509632563971321,0.5677221531377119,2.6972763065029595,0.0,0.0,,0.0,0.1967190285204991,0.5589879422751285,0.9998934794127537,0,normal_only,normal,normal,237,16116,0.0005527810779017799,0.28990665078163147,0.29923635721206665,,,
1.5302839840159697,0.6792116568369024,17.02144650851979,0.0007188182613283382,0.5709468468147165,2.72980475601028,0.0,0.0,,0.0,0.19805592691622106,0.5625560521596367,0.9998966885297859,0,normal_only,normal,normal,238,16184,0.0005511776389714489,0.28966227173805237,0.29923054575920105,,,
1.5404653163517223,0.6959679950686062,16.88994623632992,0.0007603908673391904,0.5672398647841286,2.6899399161338806,0.0,0.0,,0.0,0.19563279857397506,0.5564649846880299,0.9998998541411851,0,normal_only,normal,normal,239,16252,0.0005495961513954999,0.2894183397293091,0.2992445230484009,,,
1.5315439508241766,0.6844512053272304,16.94185470132267,0.0007899669256884783,0.5670040460193858,2.747004395022112,0.0,0.0,,0.0,0.19735962566844922,0.5606490005221447,0.9999029758997728,0,normal_only,normal,normal,240,16320,0.000548036789781025,0.28918343782424927,0.29923734068870544,,,
1.5732756940757526,0.7243193274035173,16.979127210729263,0.0007367786499397719,0.5714935975916245,2.6733678070937885,0.0,0.0,,0.0,0.19827874331550804,0.5633497653543424,0.9999060534631793,0,normal_only,normal,normal,241,16388,0.0005464997262922577,0.28895148634910583,0.2992238998413086,,,
1.5545467243475073,0.7077693838407012,16.93554676280302,0.0006975618665926638,0.5714980188538047,2.6306573538219227,0.0,0.0,,0.0,0.19660762032085563,0.5592662406704054,0.999909086493882,0,normal_only,normal,normal,242,16456,0.0005449851306315651,0.288719117641449,0.2992156744003296,,,
1.5369453097091001,0.6857342579785515,17.024220803204706,0.0007349159251830048,0.5712384476381189,2.724886838127585,0.0,0.0,,0.0,0.1959391711229947,0.5568702268284211,0.9999120746592423,0,normal_only,normal,normal,243,16524,0.0005434931700207123,0.28849759697914124,0.29922235012054443,,,
1.5441706724026625,0.7003671680303181,16.876069938435275,0.0007584558237902136,0.5664237728890251,2.696514113860972,0.0,0.0,,0.0,0.19613413547237077,0.5576994950768535,0.9999150176315416,0,normal_only,normal,normal,244,16592,0.000542024009182399,0.288286417722702,0.29925963282585144,,,
1.5272221565246582,0.6786479307886433,16.97148421231438,0.0007410668987872401,0.5708592490238302,2.6814763423274544,0.0,0.0,,0.0,0.19627339572192512,0.5582038946672979,0.9999179150880189,0,normal_only,normal,normal,245,16660,0.0005405778103220735,0.2880876362323761,0.299234002828598,,,
1.5319633483886719,0.6846388313261902,16.946490007288315,0.00083013569811181,0.5703750357908361,2.6663606780416824,0.0,0.0,,0.0,0.19616198752228167,0.557512533313762,0.9999207667109042,0,normal_only,normal,normal,246,16728,0.0005391547331100242,0.28789451718330383,0.2992207109928131,,,
1.5223162665086634,0.6803693262969747,16.838938488679773,0.0007005648103051284,0.5632551645531374,2.740045224919039,0.0,0.0,,0.0,0.19722036541889487,0.5602008910954673,0.9999235721874536,0,normal_only,normal,normal,247,16796,0.0005377549346637502,0.2877080738544464,0.29920265078544617,,,
1.5330883457380182,0.6899274123065612,16.863218531889075,0.0006901749620737974,0.5652357523932177,2.7150703019955578,0.0,0.0,,0.0,0.19755459001782533,0.5612546298490289,0.9999263312099856,0,normal_only,normal,normal,248,16864,0.0005363785695306156,0.28752437233924866,0.299162894487381,,,
1.533107340335846,0.6887998997288591,16.88614850885728,0.000714078940826071,0.5649552932556938,2.7444141542210296,0.0,0.0,,0.0,0.19733177361853838,0.56061564877188,0.9999290434759118,0,normal_only,normal,normal,249,16932,0.0005350257896707852,0.28734979033470154,0.29912036657333374,,,
1.530130684375763,0.6843306606306749,16.916000225964716,0.0006268729892540517,0.5653620309689465,2.7662777918226578,0.0,0.0,,0.0,0.1954099821746881,0.5555301383723656,0.9999317086877734,0,normal_only,normal,normal,250,17000,0.000533696744440448,0.28717944025993347,0.29906660318374634,,,
1.520719454568975,0.6737786597188782,16.938815621768725,0.0007569010302926044,0.5717436960514855,2.6263006294474884,0.0,0.0,,0.0,0.1960227272727273,0.556961385223731,0.9999343265532711,0,normal_only,normal,normal,251,17068,0.0005323915805753268,0.287014365196228,0.2990243136882782,,,
1.5349670368082382,0.689239169964019,16.914556952083814,0.0006472418711328989,0.5668063268941992,2.7282176964423237,0.0,0.0,,0.0,0.19691399286987527,0.5594130139682312,0.9999368967852975,0,normal_only,normal,normal,252,17136,0.0005311104421744774,0.28685325384140015,0.2989802360534668,,,
1.5328504653537975,0.6857166594880468,16.942675842958337,0.0006900006894070163,0.5697096665115917,2.6826841445530163,0.0,0.0,,0.0,0.19780525846702318,0.562139362643717,0.9999394191019706,0,normal_only,normal,normal,253,17204,0.0005298534706843795,0.2866956889629364,0.29896172881126404,,,
1.5140168544124155,0.6610516772112426,17.059303395888385,0.0006263956426718162,0.5761657725362217,2.639499199741027,0.0,0.0,,0.0,0.19758244206773617,0.5612610258757644,0.999941893226663,0,normal_only,normal,normal,254,17272,0.0005286208048833199,0.2865363359451294,0.298976868391037,,,
1.5280625364359688,0.6828092257766163,16.90506598528694,0.0006731160609192824,0.5664931772386327,2.7259085669237026,0.0,0.0,,0.0,0.19791666666666669,0.5622702910237551,0.9999443188880323,0,normal_only,normal,normal,255,17340,0.0005274125808660704,0.2863893210887909,0.298958420753479,,,
1.5337218554580914,0.6873200693551231,16.928035315345316,0.0005713511884952074,0.56988705256406,2.666575198664385,0.0,0.0,,0.0,0.19646836007130128,0.5588087819649035,0.9999466958200515,0,normal_only,normal,normal,256,17408,0.0005262289320288615,0.28624266386032104,0.2989579737186432,,,
1.5196561778292936,0.6756045331849772,16.881032691282385,0.0007378071065485367,0.5676316978300319,2.6717950491344227,0.0,0.0,,0.0,0.19880793226381466,0.5644261611198528,0.9999490237620369,0,normal_only,normal,normal,257,17476,0.000525069989054656,0.28609952330589294,0.2989464998245239,,,
1.5412432113114525,0.6992492965039085,16.839878166423123,0.0007318038245584295,0.5655785527299432,2.682119046940523,0.0,0.0,,0.0,0.19683043672014264,0.5593829210738926,0.9999513024586792,0,normal_only,normal,normal,258,17544,0.0005239358798987186,0.2859649956226349,0.2989314794540405,,,
1.518655207227258,0.672265068792245,16.92780253466438,0.0006756311877860058,0.5646417675649419,2.7948675436132095,0.0,0.0,,0.0,0.19605057932263817,0.5573171516494763,0.999953531660069,0,normal_only,normal,normal,259,17612,0.0005228267297744906,0.28583577275276184,0.2989116311073303,,,
1.5097050298662746,0.6663370320902151,16.867359834558822,0.0006842965243884143,0.5658047918011161,2.7051326211761024,0.0,0.0,,0.0,0.19696969696969702,0.5595345173466206,0.9999557111217252,0,normal_only,normal,normal,260,17680,0.0005217426611397646,0.2857123911380768,0.2989114820957184,,,
1.5257945761961096,0.6832556742079118,16.850777738234576,0.0005305067374780158,0.563799203318708,2.742535107276019,0.0,0.0,,0.0,0.19755459001782533,0.5611981884609604,0.9999578406046217,0,normal_only,normal,normal,261,17748,0.0005206837936831642,0.28559431433677673,0.2988908290863037,,,
1.5100300680188572,0.6650015654809335,16.900569747476016,0.0006523646198355196,0.5676570368163726,2.6928346349912533,0.0,0.0,,0.0,0.19627339572192515,0.5577805791822438,0.9999599198752138,0,normal_only,normal,normal,262,17816,0.0005196502443109303,0.28547805547714233,0.2988988757133484,,,
1.5159831695696886,0.6709210990982897,16.901241050047034,0.000592484926822662,0.5659582755144905,2.7374720170217404,0.0,0.0,,0.0,0.19635695187165783,0.558671374530194,0.9999619487054637,0,normal_only,normal,normal,263,17884,0.0005186421271340129,0.2853652536869049,0.29892247915267944,,,
1.5065051264622633,0.6666619488421608,16.796863359563492,0.0006621787197218509,0.5624628890963161,2.7187367923119488,0.0,0.0,,0.0,0.19618983957219252,0.5574181608342158,0.9999639268728657,0,normal_only,normal,normal,264,17952,0.0005176595534554734,0.2852597236633301,0.2989247441291809,,,
1.497285139911315,0.652354982407654,16.89860299054314,0.0006402441293122299,0.5649383795611999,2.7591373762663673,0.0,0.0,,0.0,0.1968861408199644,0.5595106139134147,0.99996585416047,0,normal_only,normal,normal,265,18020,0.0005167026317581949,0.28516125679016113,0.2989107072353363,,,
1.5283574426875395,0.6790333699215861,16.986481245826273,0.0006213425935236635,0.5739512215642368,2.622167103430804,0.0,0.0,,0.0,0.1985294117647059,0.5638343553642946,0.9999677303569074,0,normal_only,normal,normal,266,18088,0.0005157714676929063,0.2850651443004608,0.2989058792591095,,,
1.5269079173312468,0.6803540346377036,16.93107745226692,0.0006130974447039668,0.5662102602860507,2.760493550230475,0.0,0.0,,0.0,0.19566065062388593,0.5561041753053704,0.9999695552564108,0,normal_only,normal,normal,267,18156,0.0005148661640665164,0.2849705219268799,0.2989053726196289,,,
1.5111501918119543,0.6645059695138651,16.932884160210104,0.0006662425642870777,0.5706790440222796,2.649251986952389,0.0,0.0,,0.0,0.19747103386809273,0.5610321589956605,0.999971328658841,0,normal_only,normal,normal,268,18224,0.0005139868208307644,0.2848796248435974,0.29891690611839294,,,
1.5206196798997766,0.671179266536937,16.988808183109057,0.0006602146187266472,0.5702205791192896,2.7167882831657635,0.0,0.0,,0.0,0.19716466131907312,0.5601143456007857,0.9999730503697046,0,normal_only,normal,normal,269,18292,0.0005131335350711837,0.28479745984077454,0.298915296792984,,,
1.4992220419294693,0.6543781021062065,16.896878522985123,0.0006370461979874081,0.5652799755334854,2.7489529655260196,0.0,0.0,,0.0,0.19649621212121215,0.5583143305011044,0.9999747202001783,0,normal_only,normal,normal,270,18360,0.0005123064009963831,0.2847195565700531,0.29892972111701965,,,
1.5103929025285385,0.6653611006982186,16.900635775397806,0.0006629819478856755,0.5667877688127405,2.714366977705675,0.0,0.0,,0.0,0.19730392156862747,0.5606033052234695,0.9999763379671279,0,normal_only,normal,normal,271,18428,0.0005115055099276466,0.2846461832523346,0.2989424169063568,,,
1.5162998823558582,0.6712295413017273,16.901406344245462,0.0006903750107834212,0.5686619746334413,2.667597590123906,0.0,0.0,,0.0,0.1997827540106952,0.5671716358170638,0.9999779034931308,0,normal_only,normal,normal,272,18496,0.0005107309502888494,0.28457769751548767,0.2989353537559509,,,
1.5084010520402122,0.6653105769963825,16.861809141495648,0.000671450220312074,0.5623373327886357,2.7865895173128914,0.0,0.0,,0.0,0.19618983957219255,0.5575112132559422,0.9999794166064911,0,normal_only,normal,normal,273,18564,0.000509982807596696,0.2845149338245392,0.2989311218261719,,,
1.506639350863064,0.6660570182344493,16.811646405388327,0.0006212134297076024,0.5618932387408089,2.748784957563176,0.0,0.0,,0.0,0.19747103386809273,0.560961381471214,0.9999808771412636,0,normal_only,normal,normal,274,18632,0.0005092611644512788,0.2844562828540802,0.29892465472221375,,,
1.5091877299196579,0.6645733249538085,16.892287759219897,0.0006263151988284389,0.5682101740556604,2.6713753307566925,0.0,0.0,,0.0,0.19797237076648844,0.5626648015562201,0.9999822849372686,0,normal_only,normal,normal,275,18700,0.000508566100526958,0.28440061211586,0.29892340302467346,,,
1.5014535048428703,0.6595892954398604,16.837284060085523,0.0006017419790998032,0.5636244275990654,2.7316297853694245,0.0,0.0,,0.0,0.1970254010695187,0.5596082336942784,0.9999836398401096,0,normal_only,normal,normal,276,18768,0.0005078976925635652,0.28434860706329346,0.29891833662986755,,,
1.4983040883260614,0.6506737093715107,16.95260746338788,0.0006497161131632953,0.5710158786352943,2.6609674709684707,0.0,0.0,,0.0,0.1973874777183601,0.560790942049187,0.9999849417011921,0,normal_only,normal,normal,277,18836,0.0005072560143579311,0.28430184721946716,0.29891371726989746,,,
1.506368216346292,0.6589181423187256,16.94900136835435,0.0006293055077870068,0.5701676545774236,2.6790775393738464,0.0,0.0,,0.0,0.19563279857397506,0.556585465481653,0.9999861903777382,0,normal_only,normal,normal,278,18904,0.0005066411367557371,0.28425851464271545,0.2989087700843811,,,
1.5001021325588226,0.654118187725544,16.919678688049316,0.0006160187288461363,0.5672539875787848,2.722928648485857,0.0,0.0,,0.0,0.19788881461675586,0.5619684331984436,0.9999873857328033,0,normal_only,normal,normal,279,18972,0.0005060531276436943,0.28421953320503235,0.2989058494567871,,,
1.4977099246838514,0.6477516806300949,16.99916483374203,0.0005622147416622337,0.5717949849717757,2.6902348609531628,0.0,0.0,,0.0,0.19554924242424243,0.555841045197627,0.9999885276352901,0,normal_only,normal,normal,280,19040,0.0005054920519420477,0.28418126702308655,0.2989107668399811,,,
1.4921655409476335,0.647969583816388,16.8839189305025,0.000612577316667953,0.5662897360675475,2.7113612101358524,0.0,0.0,,0.0,0.1956885026737968,0.5561658214265561,0.9999896159599638,0,normal_only,normal,normal,281,19108,0.0005049579715974089,0.28414779901504517,0.2989060580730438,,,
1.4805283949655645,0.6345212665550849,16.920142398161047,0.0005829856929588405,0.5676086650175207,2.715351204661762,0.0,0.0,,0.0,0.19577205882352944,0.5564339134918518,0.9999906505874657,0,normal_only,normal,normal,282,19176,0.0005044509455759164,0.28411704301834106,0.2989020347595215,,,
1.5078927436295677,0.66092110293753,16.939432536854465,0.0006160054249716375,0.5697946820188972,2.6791653755833122,0.0,0.0,,0.0,0.19635695187165778,0.5581008585332894,0.9999916314043266,0,normal_only,normal,normal,283,19244,0.0005039710298567259,0.28408825397491455,0.2989009618759155,,,
1.4913880246527054,0.6469844255377265,16.888071789461023,0.0006475888644405024,0.5681796144036686,2.6673918331370636,0.0,0.0,,0.0,0.19694184491978614,0.55951834917334,0.9999925583029776,0,normal_only,normal,normal,284,19312,0.0005035182774258295,0.2840632498264313,0.29889705777168274,,,
1.5144264137043673,0.6674775310298976,16.93897746591007,0.0005878631920281538,0.566116205033134,2.771375777090297,0.0,0.0,,0.0,0.19735962566844922,0.5606695479225674,0.9999934311817642,0,normal_only,normal,normal,285,19380,0.0005030927382702053,0.28404104709625244,0.29889580607414246,,,
1.5009430401465471,0.6495946864871418,17.026966824251062,0.0006528611277591314,0.5752382865723442,2.6296882769640755,0.0,0.0,,0.0,0.19677473262032089,0.5590593681850745,0.999994249944956,0,normal_only,normal,normal,286,19448,0.0005026944593722992,0.2840212285518646,0.29889535903930664,,,
1.5115705027299768,0.6658201809315121,16.915006216834573,0.0006093950309257386,0.5684043326798607,2.6896629684111653,0.0,0.0,,0.0,0.19577205882352944,0.5568079432933376,0.9999950145027579,0,normal_only,normal,normal,287,19516,0.0005023234847048375,0.2840041220188141,0.2988937795162201,,,
1.51095750226694,0.6590493082561913,17.038163718055277,0.0006526437389445217,0.5710263690527748,2.7461885029778763,0.0,0.0,,0.0,0.1980837789661319,0.5625978917764205,0.9999957247713184,0,normal_only,normal,normal,288,19584,0.0005019798552259716,0.28398922085762024,0.29889243841171265,,,
1.4990113219794106,0.6539524340016001,16.901177518508014,0.0005943035896908602,0.5684360432274201,2.6754188116858986,0.0,0.0,,0.0,0.19724821746880572,0.5603046048363394,0.9999963806727417,0,normal_only,normal,normal,289,19652,0.0005016636088747563,0.28397610783576965,0.29889222979545593,,,
1.4923755333704107,0.6467055145870236,16.913400145138013,0.0005413098148410962,0.5698031818165499,2.654787878779804,0.0,0.0,,0.0,0.1968861408199644,0.5595487540365482,0.9999969821350936,0,normal_only,normal,normal,290,19720,0.0005013747805669613,0.2839653193950653,0.2988913953304291,,,
1.4870759546756744,0.6457131299025872,16.827256230746997,0.0006635842851477826,0.5626256483442643,2.745025394593968,0.0,0.0,,0.0,0.19735962566844925,0.5605392903845114,0.9999975290924106,0,normal_only,normal,normal,291,19788,0.0005011134021912156,0.2839566767215729,0.29889148473739624,,,
1.479851731482674,0.6362053760710884,16.872926796183865,0.0006806815805141334,0.5653074672993492,2.723222925382502,0.0,0.0,,0.0,0.19688614081996436,0.5597466314683891,0.9999980214847064,0,normal_only,normal,normal,292,19856,0.0005008795026054875,0.283949613571167,0.2988913059234619,,,
1.4920960647218369,0.6471333775450202,16.899253480574664,0.0006328006509326823,0.5664578045115751,2.7219882099067463,0.0,0.0,,0.0,0.19655191622103388,0.5586510743828877,0.9999984592579797,0,normal_only,normal,normal,293,19924,0.0005006731076338975,0.2839440107345581,0.2988910973072052,,,
1.4790836572647095,0.6420181187636712,16.741310652564554,0.0006010401609862182,0.5588142012848574,2.7559296541354237,0.0,0.0,,0.0,0.19744318181818185,0.5607922922604311,0.9999988423642189,0,normal_only,normal,normal,294,19992,0.0005004942400638688,0.28393983840942383,0.2988908290863037,,,
1.5020211268873775,0.6590909751899102,16.85860277624691,0.0006419157251751612,0.5655558056691113,2.7036597816383137,0.0,0.0,,0.0,0.19671902852049913,0.5589308547063956,0.9999991707614079,0,normal_only,normal,normal,295,20060,0.0005003429196436093,0.28393682837486267,0.2988910973072052,,,
1.479092671590693,0.6407494282021242,16.76686455221737,0.0005862664692198022,0.5592083527761347,2.7719990348114685,0.0,0.0,,0.0,0.19777740641711233,0.5618139486099951,0.9999994444135306,0,normal_only,normal,normal,296,20128,0.0005002191630799332,0.2839347720146179,0.29889100790023804,,,
1.4760440027012545,0.637206462376258,16.776750620673685,0.0005540854882811426,0.5591714645133299,2.783611739383024,0.0,0.0,,0.0,0.1951036096256685,0.554531686379657,0.9999996632905755,0,normal_only,normal,normal,297,20196,0.0005001229840364149,0.28393349051475525,0.2988910377025604,,,
1.4862970850046944,0.6432076749556205,16.861787964315976,0.0005362378858134273,0.5666137328919243,2.6830388219917523,0.0,0.0,,0.0,0.19763814616755795,0.5613860582654605,0.9999998273685375,0,normal_only,normal,normal,298,20264,0.0005000543931318818,0.2839326560497284,0.29889124631881714,,,
1.4973843851510216,0.6540076491587302,16.867534525254193,0.0006046949905901463,0.5650923138155657,2.725109345772687,0.0,0.0,,0.0,0.19663547237076648,0.5587626343484084,0.9999999366294221,0,normal_only,normal,normal,299,20332,0.0005000133979392405,0.28393158316612244,0.2988913357257843,,,
1.4811283788260292,0.6402043822933646,16.81847967821009,0.0006327231334152576,0.5638694000594756,2.7059265655629776,0.0,0.0,,0.0,0.1980837789661319,0.5626209744493117,0.9999999910612464,0,normal_only,normal,normal,300,20400,0.0005000000029846422,0.28393158316612244,0.2988913357257843,,,
2.077171341461294,1.0176607983953811,14.24406215723823,0.0013534677268848207,0.504378740401829,1.6007569861762665,0.5227213116253123,0.033840769046806225,0.8726211821331697,0.4163338156307445,0.1889761586452763,0.5361153419049166,0.9990001430505392,1,add_parkinsons,parkinsons,normal+parkinsons,1,68,0.0003,0.28581205010414124,0.30153369903564453,0.617393970489502,0.617393970489502,0.6505448818206787
1.7590201707447277,0.819123804130975,13.602125686757704,0.0014328254962011294,0.428720883148558,2.848282934988246,0.37100853749057827,0.11969546392313479,0.679120350848226,0.27422814421793995,0.18986742424242423,0.5385138022590644,0.9990010138611133,1,add_parkinsons,parkinsons,normal+parkinsons,2,136,0.000299932395602264,0.28158268332481384,0.3131812810897827,0.6083378195762634,0.6083378195762634,0.651286780834198
1.642782276167589,0.7615504834581824,13.44602211783914,0.001361868911772035,0.4032686799764633,3.3302584570996903,0.2756427191197872,0.17860568036763547,0.596737756010364,0.1907371501712238,0.1875,0.5324388431353881,0.999002760406273,1,add_parkinsons,parkinsons,normal+parkinsons,3,204,0.00029972970428517845,0.2771989405155182,0.3308287262916565,0.5984958410263062,0.5984958410263062,0.6525120735168457
1.603576693464728,0.7423436159596724,13.63048620784984,0.0013025545220657745,0.40762242937789245,3.407361724797417,0.22148899777847178,0.1908322093898759,0.5849458382410162,0.15325690718258128,0.18666443850267384,0.5303643704896298,0.999005379620783,1,add_parkinsons,parkinsons,normal+parkinsons,4,272,0.0002993922914573946,0.27284684777259827,0.351372629404068,0.589522123336792,0.589522123336792,0.6535975933074951
1.561332979623009,0.7276732150246116,13.296660619623522,0.0016268854772480315,0.3892119623282376,3.525689423084259,0.2090461669380174,0.20232426607981324,0.5680388409425231,0.13196823000907898,0.18769496434937613,0.5328361025013889,0.9990088669078491,1,add_parkinsons,parkinsons,normal+parkinsons,5,340,0.00029892076540133936,0.2685653269290924,0.37382885813713074,0.5812451243400574,0.5812451243400574,0.654219925403595
1.5418211800210617,0.7219452156740076,13.386952203862807,0.0014071103496997453,0.38884106541381164,3.630747742512647,0.19270162985605352,0.16929504210951135,0.6114353888175067,0.12005838050561793,0.18747214795008912,0.5319809973286344,0.9990132161471846,1,add_parkinsons,parkinsons,normal+parkinsons,6,408,0.0002983159761766136,0.2644273042678833,0.3974166214466095,0.5755844712257385,0.5755844712257385,0.6543403267860413
1.5256162057904636,0.718683140242801,13.37745317290811,0.001266215232830933,0.3886122392380939,3.630491810686448,0.18378194662577965,0.15268507379497512,0.6312647106892922,0.1078872891033397,0.18747214795008912,0.5323026586182684,0.9990184197057533,1,add_parkinsons,parkinsons,normal+parkinsons,7,476,0.00029757901408751866,0.26039016246795654,0.42164817452430725,0.5710685849189758,0.5710685849189758,0.6539077162742615
1.504694368909387,0.718665744890185,13.170212563346414,0.001550189173191457,0.37852362324209776,3.668367291198057,0.17779599995735815,0.13048973362979535,0.6648541307624649,0.10089305656797745,0.18947749554367205,0.53743385611809,0.9990244684511654,1,add_parkinsons,parkinsons,normal+parkinsons,8,544,0.00029671120771747285,0.25653406977653503,0.4457325041294098,0.568207859992981,0.568207859992981,0.6529645919799805
1.5207934046492857,0.745219374404234,13.192133819355684,0.0016395306528840378,0.3765169193639475,3.7382225148818073,0.16849100052872124,0.11262087497914977,0.6974322532906252,0.09137870108380038,0.189254679144385,0.5371182260159735,0.9990313517677035,1,add_parkinsons,parkinsons,normal+parkinsons,9,612,0.0002957141215338627,0.25274932384490967,0.46992337703704834,0.5666989088058472,0.5666989088058472,0.6515710949897766
1.5057513082728666,0.7424209301962572,13.112754597383386,0.0014810815623872366,0.37385774798253,3.7292838096618652,0.16213584077708862,0.0955493616664385,0.7239914418143385,0.08654263440300436,0.18825200534759357,0.5341339284862132,0.9990390575749558,1,add_parkinsons,parkinsons,normal+parkinsons,10,680,0.0002945895530676465,0.24907760322093964,0.4937434494495392,0.5665360689163208,0.5665360689163208,0.6495863199234009
1.504970487426309,0.7394279877052587,13.270904246498556,0.0016090661327539506,0.38155796904774275,3.6917283955742333,0.1555720375960364,0.09509500003519168,0.7392941437223378,0.07866104122470408,0.18752785204991088,0.5323293155984103,0.9990475723490148,1,add_parkinsons,parkinsons,normal+parkinsons,11,748,0.00029333952967279417,0.24549303948879242,0.5172033905982971,0.5677299499511719,0.5677299499511719,0.6471397280693054
1.4973281008355759,0.7423275463721332,13.286233873928294,0.0015291732937946696,0.3831026497132638,3.67043838781469,0.1428605255616062,0.07534744099094122,0.7710744146915043,0.07227372947861166,0.1879177807486631,0.5334494853955872,0.9990568811462154,1,add_parkinsons,parkinsons,normal+parkinsons,12,816,0.0002919663048714061,0.24203388392925262,0.5397074222564697,0.5698621869087219,0.5698621869087219,0.6444051265716553
1.4892524182796478,0.7446799138013054,13.198851543314317,0.001624466632218922,0.3763776342658436,3.7487991908017326,0.141839753726826,0.057578518957865636,0.7973886290017296,0.06955069566474241,0.18747214795008912,0.5319443759993561,0.9990669676293585,1,add_parkinsons,parkinsons,normal+parkinsons,13,884,0.0002904723542910997,0.23870237171649933,0.5612480044364929,0.5734115839004517,0.5734115839004517,0.6413203477859497
1.5067425159847034,0.7577955030343112,13.430202442056993,0.0015999570870703524,0.3882220961591777,3.6846511679537155,0.13331966912921736,0.05060123563495889,0.8158889184979832,0.06291329685379476,0.1883355614973262,0.5345921155463087,0.9990778140963854,1,add_parkinsons,parkinsons,normal+parkinsons,14,952,0.0002888603712019878,0.23547160625457764,0.5819688439369202,0.5780335664749146,0.5780335664749146,0.6378231644630432
1.4923033398740433,0.7583190939005684,13.219896386651431,0.0015669089552829973,0.3799203222288805,3.6827157490393696,0.12994766136740937,0.04109593186760375,0.8497937812524683,0.0604570481707068,0.18766711229946523,0.5325291200702009,0.9990894015114442,1,add_parkinsons,parkinsons,normal+parkinsons,15,1020,0.0002871332616612944,0.23240981996059418,0.6013864278793335,0.5835754871368408,0.5835754871368408,0.6341477036476135
1.4971765384954565,0.7713180026587318,13.134724196265726,0.0016900157489170156,0.3723337694126017,3.7841295740183662,0.12105028397020172,0.042402489105406005,0.8544202332987505,0.05651822335579816,0.18947749554367202,0.5378093934194358,0.9991017095382977,1,add_parkinsons,parkinsons,normal+parkinsons,16,1088,0.0002852941392743613,0.2294655293226242,0.6197304725646973,0.5892204642295837,0.5892204642295837,0.6304888129234314
1.5031534082749312,0.7768208608031273,13.260209083557129,0.0016835011286756901,0.38070562920149636,3.7004808292669407,0.11399016956634381,0.03562693651196348,0.870413300307358,0.051835613215670866,0.1888926024955437,0.5360701357520984,0.9991147165760159,1,add_parkinsons,parkinsons,normal+parkinsons,17,1156,0.00028334631958149085,0.22659482061862946,0.6372105479240417,0.5958067774772644,0.5958067774772644,0.626647412776947
1.5008017596076517,0.7839663611615405,13.151624595417696,0.0015647493427797384,0.375415077104288,3.727128894890056,0.10870553224402316,0.02905443593510589,0.8930753706132665,0.04962832699803745,0.18808489304812837,0.5338690987534096,0.999128399796885,1,add_parkinsons,parkinsons,normal+parkinsons,18,1224,0.00028129331408074254,0.22383277118206024,0.6535623669624329,0.6027800440788269,0.6027800440788269,0.6228160262107849
1.502079511390013,0.7904641768511604,13.127774042241713,0.0016349108670564258,0.3746633433243808,3.7203177248730377,0.10864793947514366,0.01881489466969095,0.9071613585247713,0.04672182395177729,0.1876392602495544,0.5324756846935877,0.9991427351864715,1,add_parkinsons,parkinsons,normal+parkinsons,19,1292,0.00027913882389746117,0.22122015058994293,0.6686797142028809,0.6108202338218689,0.6108202338218689,0.6188443899154663
1.5095573628649992,0.797295901705237,13.16844373590806,0.0017248977147734396,0.37306463411625695,3.798705451628741,0.10398581771947005,0.02142478821106659,0.9141880738384583,0.044973193722612714,0.1878899286987522,0.5332630104833589,0.9991576975857657,1,add_parkinsons,parkinsons,normal+parkinsons,20,1360,0.00027688673311194713,0.21870356798171997,0.6828010082244873,0.6189247965812683,0.6189247965812683,0.614940881729126
1.5114732367150925,0.8057294693939826,13.142600704641904,0.0018125341474147076,0.3729737519341357,3.772943542284124,0.09636385837460265,0.01617249895798857,0.9292555872131797,0.04095927143798155,0.1886697860962567,0.5355037095669308,0.9991732607353409,1,add_parkinsons,parkinsons,normal+parkinsons,21,1428,0.0002745411017572992,0.2162827104330063,0.695946991443634,0.6270369291305542,0.6270369291305542,0.6110965609550476
1.5102749501957613,0.8092102022732005,13.091445754556094,0.0014951805188662976,0.37089616586180296,3.781661973280065,0.08928934473763495,0.019472873682121538,0.9209148121230742,0.038603815085747666,0.1875278520499109,0.5322098497814269,0.9991893973214347,1,add_parkinsons,parkinsons,normal+parkinsons,22,1496,0.0002721061585000518,0.21397578716278076,0.7080726027488708,0.6349998116493225,0.6349998116493225,0.6074156165122986
1.5059813103255104,0.8056714306859409,13.116173814324771,0.001789987157441347,0.3703375695382847,3.812984785612892,0.0893822960993823,0.016475428881830446,0.93274706251481,0.03607350237229291,0.18493761140819964,0.5255712162924984,0.9992060790238897,1,add_parkinsons,parkinsons,normal+parkinsons,23,1564,0.000269586293016803,0.21182791888713837,0.7191897034645081,0.6435657739639282,0.6435657739639282,0.6036930084228516
1.5188358110540054,0.8140410912387511,13.225031530155855,0.0017017790232785046,0.37406431357650194,3.83087917285807,0.08641525177175507,0.015381103980583996,0.9382628430338467,0.036188084413023555,0.18886475044563283,0.5360208762913857,0.9992232765658523,1,add_parkinsons,parkinsons,normal+parkinsons,24,1632,0.00026698604808057607,0.20978589355945587,0.7293189764022827,0.6520352363586426,0.6520352363586426,0.6000725030899048
1.5151423356112312,0.8221516100799336,13.035865334903493,0.0018387796324746246,0.3664208668119767,3.8293740854543796,0.083004588206463,0.012673396241231838,0.9587998521678588,0.03455587783280541,0.18752785204991088,0.5325330520443748,0.9992409597651566,1,add_parkinsons,parkinsons,normal+parkinsons,25,1700,0.000264310111371181,0.20789487659931183,0.7384676933288574,0.6611495614051819,0.6611495614051819,0.5966041684150696
1.5049083162756527,0.8116871749653536,13.1077921110041,0.0017398171681527268,0.3733907574239899,3.7295277644606197,0.07800781146130141,0.009419630419281877,0.9638679194099763,0.03194935356869417,0.1905358734402852,0.5407673124082967,0.9992590975872955,1,add_parkinsons,parkinsons,normal+parkinsons,26,1768,0.0002615633070243411,0.20609016716480255,0.7469739317893982,0.6703516840934753,0.6703516840934753,0.5932321548461914
1.5090700843754936,0.8161533413564458,13.112807820825015,0.0016698926813071867,0.36649811092545004,3.9086076617240906,0.07759424868751974,0.008959638850148407,0.9644488271544961,0.03127573342884288,0.19006238859180039,0.5394216813332541,0.9992776581998849,1,add_parkinsons,parkinsons,normal+parkinsons,27,1836,0.00025875058693481805,0.20443125069141388,0.7546599507331848,0.6796086430549622,0.6796086430549622,0.5900277495384216
1.5054575835957247,0.8162859765922322,13.05201499602374,0.0015454587050686207,0.3678802129100351,3.816373239545261,0.0759799144066432,0.009852161105112934,0.9670181660091176,0.030225645969895756,0.18747214795008912,0.5322993095138229,0.9992966090285329,1,add_parkinsons,parkinsons,normal+parkinsons,28,1904,0.000255877021829216,0.20287387073040009,0.7616937160491943,0.688361644744873,0.688361644744873,0.5869663953781128
1.5032829835134394,0.8177856908125036,13.013877335716696,0.0017580962003729142,0.3661368695252082,3.816503212732427,0.07362354897400912,0.007361044210378342,0.9781506569946513,0.029114517218926373,0.18883689839572193,0.5360502773468885,0.9993159168140063,1,add_parkinsons,parkinsons,normal+parkinsons,29,1972,0.0002529477921245567,0.20139145851135254,0.7681930661201477,0.6970503330230713,0.6970503330230713,0.5840263962745667
1.5111841278917648,0.8241899644627291,13.065434497945448,0.0018115619788980385,0.3669130929252681,3.8473182180348564,0.06897000984891373,0.008314331858427441,0.9644029193064746,0.028802673606311575,0.18694295900178254,0.530548770015703,0.9993355476706033,1,add_parkinsons,parkinsons,normal+parkinsons,30,2040,0.0002499681785891072,0.19999386370182037,0.7741789817810059,0.7053127884864807,0.7053127884864807,0.5812392830848694
1.514046377995435,0.8240767577115227,13.144263351664824,0.0015236977973579675,0.3686148099162999,3.8908006093081307,0.0696548482074457,0.00617809388169168,0.9856161527773913,0.0275964114595862,0.18894830659536543,0.536430370086482,0.9993554671456235,1,add_parkinsons,parkinsons,normal+parkinsons,31,2108,0.0002469435528222956,0.1987011879682541,0.7795450687408447,0.7137695550918579,0.7137695550918579,0.5785759091377258
1.507885620874517,0.8300069158568102,12.902225241941565,0.0017680553843520636,0.3605164324536043,3.845113028498257,0.06906500140971997,0.00746671001453587,0.9894039359162835,0.02726899438044604,0.18917112299465244,0.5364335289202233,0.9993756402798326,1,add_parkinsons,parkinsons,normal+parkinsons,32,2176,0.00024387936757087753,0.19750960171222687,0.7844098210334778,0.7220155596733093,0.7220155596733093,0.5760573148727417
1.49250826940817,0.8117602555190816,12.98547467063455,0.0016817522786475498,0.3611107538728153,3.915662029210259,0.06762848334277377,0.006347297566034125,0.9792090812150169,0.025960639119148254,0.18747214795008915,0.5323139847607843,0.9993960316688179,1,add_parkinsons,parkinsons,normal+parkinsons,33,2244,0.00024078114689881242,0.1963738054037094,0.7889124155044556,0.7297688722610474,0.7297688722610474,0.5736294984817505
1.4972534092033611,0.8176533430814743,12.985584651722627,0.0017081034996355062,0.3632114108871011,3.8625967502593994,0.06567331392537146,0.0052840533199367415,0.981023379985024,0.025162935256958008,0.18995098039215688,0.5390641942869613,0.9994166055251232,1,add_parkinsons,parkinsons,normal+parkinsons,34,2312,0.00023765447622856926,0.19530804455280304,0.7930415868759155,0.737300455570221,0.737300455570221,0.5713596343994141
1.4960617282811333,0.8114053799825556,13.109595915850472,0.0016847389719366807,0.36610837193096385,3.9147682540556965,0.06303070945774808,0.004974935684961899,0.9818539058460909,0.02435026361661799,0.18894830659536543,0.5360129799551637,0.9994373257410568,1,add_parkinsons,parkinsons,normal+parkinsons,35,2380,0.0002345049922718168,0.194310262799263,0.7968125939369202,0.7445000410079956,0.7445000410079956,0.569210410118103
1.4856779137078453,0.8040191268219667,13.059921012205237,0.001637833856340662,0.36716704859453086,3.8397989238009735,0.06240201007355662,0.0033309547565937357,0.9920469776672476,0.024458987747921664,0.18800133689839574,0.5338499591955501,0.9994581559520628,1,add_parkinsons,parkinsons,normal+parkinsons,36,2448,0.00023133837286765048,0.19340287148952484,0.8001996874809265,0.75193190574646,0.75193190574646,0.567145586013794
1.4855617565267227,0.8086664282223758,12.97758033696343,0.0015205262752715498,0.3644605432363117,3.828053618178648,0.06023245178820456,0.003989661015641342,0.9856172589694753,0.023921509875970727,0.187722816399287,0.5329673294079575,0.9994790596005387,1,add_parkinsons,parkinsons,normal+parkinsons,37,2516,0.00022816032674667498,0.1925518661737442,0.8033358454704285,0.7585690021514893,0.7585690021514893,0.5652231574058533
1.4814286915694965,0.797617544146145,13.130065104540657,0.001746594025676399,0.3664456360480365,3.925259390298058,0.05864413093556376,0.0044924175761694,0.9857592451221803,0.023047489278456745,0.18766711229946526,0.5329199357291818,0.9994999999999999,1,add_parkinsons,parkinsons,normal+parkinsons,38,2584,0.0002249765832393966,0.19176195561885834,0.8061968684196472,0.7648757696151733,0.7648757696151733,0.5633638501167297
1.4706196890157812,0.7862820160739562,13.148235110675587,0.0014412778015385436,0.37428640135947394,3.7550431349698234,0.05656028949819943,0.005660865151693382,0.9845996542888529,0.022741267786306495,0.18766711229946526,0.5325117441180813,0.999520940399461,1,add_parkinsons,parkinsons,normal+parkinsons,39,2652,0.00022179288194747816,0.19102446734905243,0.8088275194168091,0.7709025740623474,0.7709025740623474,0.5615888833999634
1.4607055502779343,0.7822940016494078,13.042599074980792,0.0014243865619338227,0.36339200244230385,3.922189284773434,0.05754872904542614,0.0028661880890414227,1.012836466817295,0.022355737055049223,0.18897615864527628,0.536274824172853,0.9995418440479374,1,add_parkinsons,parkinsons,normal+parkinsons,40,2720,0.0002186149623964773,0.19040387868881226,0.8110378980636597,0.7772588133811951,0.7772588133811951,0.5599774718284607
1.4618236860808205,0.7832637920099146,13.062176900751451,0.0015426420260850778,0.363266713478986,3.941942933727713,0.056432816747795135,0.0028998533999853434,0.9878135156982085,0.021235742989708397,0.18853052584670235,0.5353187688024734,0.9995626742589427,1,add_parkinsons,parkinsons,normal+parkinsons,41,2788,0.000215448553688722,0.189764603972435,0.8132279515266418,0.7827818393707275,0.7827818393707275,0.5584431290626526
1.44682280105703,0.7683894713135326,13.06279455914217,0.001624919353857609,0.36677033673314485,3.852913162287544,0.054651041241253126,0.004448532502612366,0.9905707827385735,0.021037383114590365,0.18908756684491984,0.536635735350215,0.9995833944748768,1,add_parkinsons,parkinsons,normal+parkinsons,42,2856,0.00021229936417497684,0.189175084233284,0.8152180314064026,0.7881006002426147,0.7881006002426147,0.5569947957992554
1.4416061517070322,0.7659486387582386,13.000838433994966,0.0014238823098233243,0.36379725836655674,3.8703100085258484,0.05535408865441294,0.0053157633595166025,1.0037668154520147,0.020896220031906578,0.1882520053475936,0.5344966462144793,0.9996039683311819,1,add_parkinsons,parkinsons,normal+parkinsons,43,2924,0.0002091730711635201,0.18866296112537384,0.8169646859169006,0.7932012677192688,0.7932012677192688,0.555632472038269
1.4357339213876164,0.7623805837596164,12.980911184759702,0.0014727902376120362,0.36089131849653583,3.9218084181056305,0.05298078553203274,0.002741640486740781,1.0013505395720987,0.02075429436038522,0.18933823529411767,0.5376131955832716,0.9996243597201672,1,add_parkinsons,parkinsons,normal+parkinsons,44,2992,0.00020607531068518334,0.18818223476409912,0.8185758590698242,0.7980736494064331,0.7980736494064331,0.5543787479400635
1.4289452153093674,0.7525836062781951,13.042947236229391,0.0015240493718438836,0.3652333862641278,3.8740114324233113,0.05255024841822246,0.004742218926367059,0.9904842762386098,0.01978227583801045,0.18808489304812837,0.53372023444024,0.9996445328543766,1,add_parkinsons,parkinsons,normal+parkinsons,45,3060,0.0002030116673328058,0.18770180642604828,0.8201274871826172,0.8024579882621765,0.8024579882621765,0.5531808137893677
1.4249078964485842,0.7490725276224753,13.04262687178219,0.0013313980260350304,0.36729759722948074,3.8269020809846768,0.05252204035573146,0.0029210637865296173,0.994521793197183,0.019686463124611798,0.18786207664884133,0.5332315893538911,0.9996644523293968,1,add_parkinsons,parkinsons,normal+parkinsons,46,3128,0.00019998766419341982,0.1872662901878357,0.8215208649635315,0.8064561486244202,0.8064561486244202,0.5520989894866943
1.4154655267210567,0.7346865626818994,13.152473183239207,0.0014655938913860796,0.3680407330393791,3.914815068244934,0.050958105362951756,0.0032638648759071953,1.0032824768739588,0.019199612386086407,0.18892045454545456,0.5361336385765656,0.9996840831859934,1,add_parkinsons,parkinsons,normal+parkinsons,47,3196,0.00019700875289131847,0.18687058985233307,0.8227841854095459,0.8103346228599548,0.8103346228599548,0.5510448217391968
1.4053647360380959,0.7351322086418376,12.952405733220717,0.0013527565824915655,0.3619389358688803,3.8701134394196903,0.050513537984122246,0.001904093768766187,1.003535724738065,0.01901561635382035,0.18953319964349377,0.5375841894727892,0.9997033909714671,1,add_parkinsons,parkinsons,normal+parkinsons,48,3264,0.0001940803037599548,0.18651968240737915,0.8239197134971619,0.8138441443443298,0.8138441443443298,0.5501036643981934
1.3893230855464935,0.7215417378089007,12.911729966892915,0.0013365968034657486,0.35816137273521986,3.9242807205985573,0.04951947111198131,0.0019460033927182795,1.0023565178408342,0.018656934885417715,0.18766711229946528,0.5326361296030115,0.9997223418001149,1,add_parkinsons,parkinsons,normal+parkinsons,49,3332,0.00019120759616039082,0.18619228899478912,0.8249742388725281,0.8171848654747009,0.8171848654747009,0.5492213368415833
1.3969174202750712,0.7248994957874803,12.989752348731546,0.0012695176316329332,0.36064329524250593,3.9419320401023414,0.0492769243360004,0.0026694050911713584,1.0048875431804096,0.019087418037302354,0.18894830659536543,0.535933247271681,0.9997409024127046,1,add_parkinsons,parkinsons,normal+parkinsons,50,3400,0.00018839580896375024,0.1859138458967209,0.8258804082870483,0.8203607201576233,0.8203607201576233,0.5484235882759094
1.3826002846745884,0.712213389137212,12.974667394862456,0.0014478832740946125,0.3637029121027273,3.8458974291296566,0.047695311745080876,0.0029160217573275184,0.9930891455972896,0.01800136618754443,0.189700311942959,0.5385580114714957,0.9997590402348434,1,add_parkinsons,parkinsons,normal+parkinsons,51,3468,0.00018565001121483284,0.18562711775302887,0.8267744183540344,0.8231133818626404,0.8231133818626404,0.5476513504981995
1.383084170958575,0.7142236346707624,12.934467652264763,0.0012946805941550445,0.3578925299293855,3.9547873489996967,0.048521471072864884,0.0027229905507481665,1.0016877695041544,0.01865202626761268,0.1885862299465241,0.5351703508890193,0.9997767234341478,1,add_parkinsons,parkinsons,normal+parkinsons,52,3536,0.00018297515299372182,0.18537281453609467,0.8275648355484009,0.8256979584693909,0.8256979584693909,0.5469472408294678
1.3795440056744743,0.705576735384324,13.063926458358765,0.0013073879441328567,0.3661642267423518,3.8771360200994156,0.04614522732684717,0.002028800100484151,1.0020171254873276,0.0174548476934433,0.1884469696969697,0.5352217943091772,0.9997939209761106,1,add_parkinsons,parkinsons,normal+parkinsons,53,3604,0.000180376056491859,0.18513239920139313,0.8283030390739441,0.8280428647994995,0.8280428647994995,0.5462798476219177
1.3679987910915823,0.7011115897227737,12.910835364285637,0.001251400906339233,0.35666120709741816,3.963020209003897,0.04698763754876221,0.0027980945837083816,0.996837309178184,0.01779798900379854,0.18802918894830659,0.5340958904413791,0.9998106026785649,1,add_parkinsons,parkinsons,normal+parkinsons,54,3672,0.00017785740731867544,0.18492412567138672,0.8289484977722168,0.8301840424537659,0.8301840424537659,0.5456979274749756
1.3660212825326359,0.6965855644906268,12.969724655151367,0.0013889124007512104,0.3603147053543259,3.9271341527209565,0.04630994780317826,0.0023429668977662326,1.0107656200142467,0.017572503756074345,0.1874721479500891,0.5323539664716804,0.9998267392646594,1,add_parkinsons,parkinsons,normal+parkinsons,55,3740,0.00017542374605445014,0.18474073708057404,0.8295131325721741,0.832194447517395,0.832194447517395,0.5451653003692627
1.363931268453598,0.6993013208403307,12.881384442834293,0.0014908034953644827,0.35571218983215447,3.9513095652355865,0.04569929284865365,0.0016789726398488871,1.0044447849778568,0.0174322750638513,0.1888647504456328,0.5359790687253579,0.9998423024142342,1,add_parkinsons,parkinsons,normal+parkinsons,56,3808,0.0001730794600646247,0.1845708042383194,0.8300325274467468,0.8339762091636658,0.8339762091636658,0.5446827411651611
1.3607015767518211,0.6891049229923416,13.03370463146883,0.001320269846045823,0.3656098435030264,3.8604517579078674,0.04315033946734141,0.0026456563448257787,1.001138679244939,0.016924845821717206,0.18797348484848486,0.5335620943265167,0.999857264813529,1,add_parkinsons,parkinsons,normal+parkinsons,57,3876,0.00017082877559033153,0.1844155639410019,0.830507218837738,0.8355470299720764,0.8355470299720764,0.5442395806312561
1.3559186809203203,0.6852607389583307,13.015163211261525,0.0011848390559487812,0.3624465724124628,3.9243780304403866,0.044170633889734745,0.002319935978425078,1.0116935153217876,0.016554253942826214,0.18811274509803924,0.5340345573869518,0.9998716002031149,1,add_parkinsons,parkinsons,normal+parkinsons,58,3944,0.00016867575012939403,0.1842748373746872,0.8309320211410522,0.8370252847671509,0.8370252847671509,0.5438355803489685
1.350943204234628,0.6784500313155791,13.059232291053323,0.0013875889498569235,0.36455467562465105,3.910675609813017,0.043022240840775126,0.0014731437058397954,1.0045357802334953,0.01681540468159844,0.18847482174688057,0.5352135215615762,0.9998852834239843,1,add_parkinsons,parkinsons,normal+parkinsons,59,4012,0.0001666242651215347,0.1841500997543335,0.8313035368919373,0.838329553604126,0.838329553604126,0.5434801578521729
1.3423623723142288,0.6748408228158951,12.968172900816974,0.0013466976931393968,0.3611508423791212,3.9057343812549816,0.041817137231940735,0.0017663754723370778,1.0070478092221653,0.016434053287786597,0.18903186274509803,0.5363332615475541,0.9998982904617023,1,add_parkinsons,parkinsons,normal+parkinsons,60,4080,0.0001646780189509782,0.18404130637645721,0.8316326141357422,0.8394516110420227,0.8394516110420227,0.543167769908905
1.3409801879349876,0.6775835292304263,12.882485768374275,0.001361530806581654,0.3581601578523131,3.894443561049069,0.043198358787990665,0.0022631555851897727,1.000171678907731,0.0158139449708602,0.18836341354723707,0.5343649840686978,0.9999105984885558,1,add_parkinsons,parkinsons,normal+parkinsons,61,4148,0.00016284052027906338,0.1839406043291092,0.8319326043128967,0.8404344320297241,0.8404344320297241,0.5428816676139832
1.3373566164689905,0.6738203768344486,12.886267900466919,0.0013895097277675044,0.3577099012977937,3.9087826153811287,0.043233859243200105,0.0020237753476139465,0.99970122645883,0.015816849820754108,0.18814059714795012,0.5338905252618279,0.9999221859036145,1,add_parkinsons,parkinsons,normal+parkinsons,62,4216,0.00016111508171888495,0.18385696411132812,0.8321894407272339,0.8412717580795288,0.8412717580795288,0.5426387190818787
1.3416040697518516,0.6737570867818945,12.979072963490205,0.0011993675704134682,0.3599974372807671,3.9491527851890114,0.04220806955195525,0.002178546746448847,1.0072846561670303,0.015593319254762986,0.18914327094474156,0.5363358446140172,0.9999330323706412,1,add_parkinsons,parkinsons,normal+parkinsons,63,4284,0.00015950481386336807,0.18378381431102753,0.832411527633667,0.8420042991638184,0.8420042991638184,0.542428731918335
1.3321430437705095,0.6674183598336052,12.91571862557355,0.0012504832030732788,0.35661813222310124,3.969003270654117,0.04245047977961162,0.002124010427966074,1.0043391129549812,0.015590210171306835,0.18733288770053477,0.5318271698592252,0.9999431188537845,1,add_parkinsons,parkinsons,normal+parkinsons,64,4352,0.00015801261967754115,0.18372167646884918,0.8326008915901184,0.8426174521446228,0.8426174521446228,0.5422514081001282
1.3317406510605532,0.6664402642670799,12.93574431363274,0.0013491333242307197,0.36062105306807685,3.8864896542885723,0.04135075071826577,0.002200106257078005,1.0039731860160828,0.015250897582839517,0.1898952762923351,0.5389331592211075,0.9999524276509855,1,add_parkinsons,parkinsons,normal+parkinsons,65,4420,0.00015664118926511723,0.1836681365966797,0.8327611088752747,0.8431388735771179,0.8431388735771179,0.5421006083488464
1.3301434464314406,0.6660786516526166,12.915504062876982,0.0012218367598560529,0.36003048805629506,3.8841959483483257,0.04110348038375378,0.0014910279443858384,1.0119910248938728,0.015281903393128338,0.18794563279857399,0.5330752424001257,0.9999609424250444,1,add_parkinsons,parkinsons,normal+parkinsons,66,4488,0.00015539299501881815,0.18362408876419067,0.832892894744873,0.8435705304145813,0.8435705304145813,0.541976273059845
1.3378328260253458,0.6686815601937911,13.01857505125158,0.0012444276777815128,0.3592843820943552,4.005354793632732,0.04099820611779304,0.0018292584202767744,1.0026254031588049,0.015031282516086803,0.18797348484848486,0.5336696421926491,0.9999686482322965,1,add_parkinsons,parkinsons,normal+parkinsons,67,4556,0.00015427028716318464,0.18358822166919708,0.8330002427101135,0.8439081907272339,0.8439081907272339,0.5418736934661865
1.331922643324908,0.6591234570916962,13.099367113674388,0.0012442672748019343,0.36682096036041484,3.8977364652297077,0.039675820591476035,0.001300774737715341,1.0153077279820162,0.015173361581914565,0.1871100713012478,0.5312874014615758,0.9999755315488348,1,add_parkinsons,parkinsons,normal+parkinsons,68,4624,0.00015327508969790774,0.18356172740459442,0.8330808877944946,0.8441892862319946,0.8441892862319946,0.5417933464050293
1.3211898558280046,0.660081738496528,12.861902110716876,0.0012516050834058073,0.35652899303857016,3.9173872225424824,0.039819052360732764,0.0017234307655781202,1.0105362876373178,0.015254758736666511,0.18688725490196081,0.5306242402548568,0.9999815802942467,1,add_parkinsons,parkinsons,normal+parkinsons,69,4692,0.00015240919674899462,0.18354232609272003,0.8331415057182312,0.8443930149078369,0.8443930149078369,0.541735053062439
1.3329238576047562,0.6651489458539906,13.004200276206522,0.00129390338791863,0.3610456125701175,3.9457123840556427,0.039001456078361064,0.0013415705087124132,1.0021890997886658,0.014958274715086994,0.18830770944741534,0.5346575580989597,0.9999867838528156,1,add_parkinsons,parkinsons,normal+parkinsons,70,4760,0.00015167416933434697,0.1835271567106247,0.8331882357597351,0.8445301651954651,0.8445301651954651,0.5416921377182007
1.3220703251221602,0.6606237748089958,12.876893688650693,0.0011432495131670935,0.3563796693787855,3.9388206636204437,0.03941797369214542,0.0011689318950967684,1.0064576548688553,0.01491022898870356,0.18917112299465244,0.53695877034874,0.9999911330921514,1,add_parkinsons,parkinsons,normal+parkinsons,71,4828,0.00015107133254958316,0.18351729214191437,0.8332188725471497,0.8446239233016968,0.8446239233016968,0.541663646697998
1.3194355368614197,0.6555277700809872,12.924825065276202,0.0011969013156725421,0.3568958214977208,3.97250701750026,0.039561655755866974,0.0013289710737709852,1.0079631139250362,0.014887689667589524,0.18814059714795012,0.5339941032810048,0.9999946203792173,1,add_parkinsons,parkinsons,normal+parkinsons,72,4896,0.00015060177317917692,0.18351127207279205,0.8332377076148987,0.8446801900863647,0.8446801900863647,0.5416461825370789
1.320585459470749,0.6553123352282187,12.948622437084422,0.0013282462951953195,0.35989895419162865,3.917942359166987,0.03936307439032723,0.0028649669872840926,0.9936544921468285,0.014569971491308772,0.18791778074866314,0.5336911076012332,0.999997239593727,1,add_parkinsons,parkinsons,normal+parkinsons,73,4964,0.00015026633773722,0.18350796401500702,0.8332479596138,0.8447078466415405,0.8447078466415405,0.5416370630264282
1.3240936538752388,0.6555383512202431,13.035600662231445,0.0011745145850855967,0.36219389999614043,3.9513904522447025,0.03746689760180957,0.0012419616132319788,1.0059633246239494,0.014196086455793941,0.18947749554367202,0.5381171753495597,0.9999989861388867,1,add_parkinsons,parkinsons,normal+parkinsons,74,5032,0.00015006563094133984,0.18350671231746674,0.8332517147064209,0.8447184562683105,0.8447184562683105,0.5416338443756104
1.326140210909002,0.657002754509449,13.047179109909955,0.0011462942146702997,0.3632682044716442,3.9368167098830726,0.03699209412340732,0.0019405584271092213,1.001045915133813,0.014090652851497425,0.1880013368983957,0.5337083820068425,0.999999856949461,1,add_parkinsons,parkinsons,normal+parkinsons,75,5100,0.00015000001462252472,0.18350635468959808,0.8332523703575134,0.8447191119194031,0.8447191119194031,0.5416333079338074
1.5281556809649748,0.8779801998068305,11.509116130716661,0.00237327600702616,0.3096017548266579,3.7097402986358192,0.08539742623072337,0.18246133998036385,0.3117274763610433,0.015509919208638808,0.17822526737967914,0.5064475256559491,0.9990001430505392,2,add_stroke,stroke,normal+parkinsons+stroke,1,68,0.0003,0.19295816123485565,0.8113527894020081,0.3500325381755829,0.5813842415809631,0.5385023951530457
1.4380063958027784,0.8040102106683394,11.238702858195586,0.0025987914054627147,0.27002984329181556,4.422986980746774,0.09787685539135162,0.15501391537049236,0.3835939617060563,0.017676680403597215,0.18053698752228164,0.5124169704691096,0.9990010138611133,2,add_stroke,stroke,normal+parkinsons+stroke,2,136,0.000299932395602264,0.19277159869670868,0.8125683665275574,0.35248681902885437,0.5912691950798035,0.535834014415741
1.3875274833510904,0.7602868781370276,11.127883209901697,0.0023431601499289494,0.2650555453318007,4.442915558815002,0.09556045246255748,0.15054272191927714,0.3849740242037703,0.01864130006116979,0.1795064616755793,0.509931459131015,0.999002760406273,2,add_stroke,stroke,normal+parkinsons+stroke,3,204,0.00029972970428517845,0.19287820160388947,0.8127817511558533,0.35658809542655945,0.6026908755302429,0.5333285331726074
1.370722605901606,0.743256163509453,11.188098500756656,0.0021573486986145485,0.26894670155118494,4.410497192074271,0.09810198553125649,0.1390590626089012,0.4130920406211825,0.01754247703972985,0.18039772727272727,0.5121326240716503,0.999005379620783,2,add_stroke,stroke,normal+parkinsons+stroke,4,272,0.0002993922914573946,0.19290393590927124,0.8130151033401489,0.3599417507648468,0.6135326027870178,0.5309876799583435
1.3444813209421493,0.7200436171363381,11.13992843908422,0.0023206074008211386,0.2627946324646473,4.51204737144358,0.09045843785519109,0.14043844556983778,0.38483889379045544,0.01943409355247722,0.1775289661319073,0.5047429968166698,0.9990088669078491,2,add_stroke,stroke,normal+parkinsons+stroke,5,340,0.00029892076540133936,0.19317780435085297,0.812446653842926,0.3644489049911499,0.625758945941925,0.5288463234901428
1.3207823213408976,0.7020698110846912,11.10186980752384,0.0027253789551597196,0.25966773313634534,4.542041953872232,0.08980168352889664,0.12746689665843458,0.4269971117815551,0.018603722838794485,0.17917223707664884,0.5087761417934548,0.9990132161471846,2,add_stroke,stroke,normal+parkinsons+stroke,6,408,0.0002983159761766136,0.19349098205566406,0.8116974830627441,0.3691726624965668,0.6379291415214539,0.5268074870109558
1.3165097604779636,0.6931539248017704,11.234213015612434,0.0027083002325311743,0.2690284635652514,4.4407938508426446,0.08932791255852755,0.11884667631238699,0.4556138931828387,0.019203030887772057,0.17886586452762926,0.5079563102070359,0.9990184197057533,2,add_stroke,stroke,normal+parkinsons+stroke,7,476,0.00029757901408751866,0.1938353180885315,0.8107138872146606,0.374116450548172,0.6503413319587708,0.5248758792877197
1.29173544049263,0.6755619070985738,11.093970410964069,0.002452733149231576,0.2603280833538841,4.524449993582333,0.0881994787384482,0.12005156968884609,0.4390629433533725,0.01882448178880355,0.17936720142602494,0.5095916875810369,0.9990244684511654,2,add_stroke,stroke,normal+parkinsons+stroke,8,544,0.00029671120771747285,0.1943199634552002,0.8092193603515625,0.37968915700912476,0.6632260680198669,0.5229706168174744
1.2698484080679275,0.6516085096141871,11.202475393519682,0.0023851498571114942,0.26829788001144633,4.4353996795766495,0.08042282057816491,0.11498835737652638,0.45482467093011913,0.018526669810799992,0.1816510695187166,0.5155047553302078,0.9990313517677035,2,add_stroke,stroke,normal+parkinsons+stroke,9,612,0.0002957141215338627,0.1947546750307083,0.8077152371406555,0.38514629006385803,0.6758889555931091,0.5213080644607544
1.2646752017385818,0.6505303146208034,11.165678543203017,0.0023446164516773183,0.2674715098212747,4.4202753866420075,0.0906385290710365,0.09635738025912467,0.5098758204018369,0.018223954474224764,0.17920008912655974,0.5089323202678784,0.9990390575749558,2,add_stroke,stroke,normal+parkinsons+stroke,10,680,0.0002945895530676465,0.1953304558992386,0.8056274652481079,0.39130699634552,0.6896729469299316,0.5196311473846436
1.2295168199959923,0.6199553056674845,11.121626853942871,0.0024057951060753755,0.2613202769528417,4.528475028627059,0.08575984989019002,0.09243421333239359,0.5209848272668964,0.017863316571011263,0.17786319073083778,0.5050573593564291,0.9990475723490148,2,add_stroke,stroke,normal+parkinsons+stroke,11,748,0.00029333952967279417,0.19593346118927002,0.8034939765930176,0.39780229330062866,0.7029271721839905,0.5180835723876953
1.2120792199583614,0.6063493433244088,11.081666090909172,0.0021942149683394853,0.2615958579322871,4.4869142911013435,0.08019685800022938,0.08977265362901722,0.5227840128628647,0.018308401107788086,0.17822526737967914,0.5068553499949713,0.9990568811462154,2,add_stroke,stroke,normal+parkinsons+stroke,12,816,0.0002919663048714061,0.19661705195903778,0.8010178208351135,0.40474826097488403,0.7165334224700928,0.5166453719139099
1.2104160662959604,0.5977441699189299,11.23780772265266,0.002452974749544142,0.2705624951597522,4.4124210371690635,0.08208307377336656,0.0844676561160561,0.5378293086062459,0.018287634148317224,0.17939505347593585,0.5095503620907426,0.9990669676293585,2,add_stroke,stroke,normal+parkinsons+stroke,13,884,0.0002904723542910997,0.19735193252563477,0.7982431650161743,0.4124907851219177,0.7305901646614075,0.5152676701545715
1.1818969267256119,0.5783326525022002,11.070880875867957,0.0022858967499547254,0.26089713284197974,4.491305207504945,0.08630729285890565,0.07767300798064646,0.5562541098059977,0.018050283193588257,0.17822526737967914,0.5064218941832239,0.9990778140963854,2,add_stroke,stroke,normal+parkinsons+stroke,14,952,0.0002888603712019878,0.19807906448841095,0.7954798936843872,0.4204409122467041,0.743895947933197,0.5140340924263
1.1686139501192991,0.5666720503393341,11.07675155471353,0.002305070451043053,0.2593926272409804,4.534309089183807,0.0851298718548873,0.07032871613388553,0.5771020326544257,0.018479334957459393,0.17939505347593585,0.5095023306119375,0.9990894015114442,2,add_stroke,stroke,normal+parkinsons+stroke,15,1020,0.0002871332616612944,0.1988622397184372,0.7925127148628235,0.42815932631492615,0.7575127482414246,0.5128323435783386
1.1509630872922785,0.5475777834653854,11.126883170183968,0.0024166113066980068,0.2647728836711715,4.447145707467023,0.08319259686943363,0.07062342546551544,0.579748868723126,0.017174257951624253,0.17867090017825313,0.5076311240888113,0.9991017095382977,2,add_stroke,stroke,normal+parkinsons+stroke,16,1088,0.0002852941392743613,0.19970053434371948,0.7892836928367615,0.43622568249702454,0.7712805867195129,0.5117214918136597
1.1357733914080788,0.5356371183605755,11.087223165175494,0.0026276130349074,0.2584455832839012,4.5603932913611915,0.08252398505368654,0.06544711188796688,0.6006378590622369,0.017564633313347313,0.17931149732620322,0.5094528441545377,0.9991147165760159,2,add_stroke,stroke,normal+parkinsons+stroke,17,1156,0.00028334631958149085,0.20048373937606812,0.7862410545349121,0.44400009512901306,0.7841134071350098,0.5106737613677979
1.1199312148725284,0.5264540704734185,10.996216016657213,0.002605307663222501,0.2587055465316071,4.463444678222432,0.07780595945523065,0.06270517176017165,0.6047727638746009,0.01707706381292904,0.17903297682709443,0.5088248132344713,0.999128399796885,2,add_stroke,stroke,normal+parkinsons+stroke,18,1224,0.00028129331408074254,0.2012149542570114,0.7832649946212769,0.4515618085861206,0.796726405620575,0.5096540451049805
1.1072155394974876,0.5113889123587048,11.055561514461742,0.0022773681857335545,0.2617052265388124,4.455996622057522,0.08214034918038284,0.05536701901377562,0.6179820272852393,0.017343398402718938,0.1795064616755793,0.5096916212971304,0.9991427351864715,2,add_stroke,stroke,normal+parkinsons+stroke,19,1292,0.00027913882389746117,0.2020232081413269,0.780001699924469,0.4600411057472229,0.8095142245292664,0.5086346864700317
1.0903167505474651,0.49809975790626865,11.020481432185454,0.002234162648057784,0.25696857646107674,4.540412871276631,0.07578278672607507,0.05535637242171694,0.6278115353163551,0.016816222492386314,0.1781695632798574,0.5062115617553486,0.9991576975857657,2,add_stroke,stroke,normal+parkinsons+stroke,20,1360,0.00027688673311194713,0.20276625454425812,0.7769066095352173,0.46849682927131653,0.8217339515686035,0.5077335238456726
1.085739016532898,0.49325824748067293,11.084358467775232,0.0023276676339960166,0.26360642099205184,4.4360062129357285,0.07389840401489944,0.04685299076578196,0.6634123505038374,0.01614998631617602,0.1790886809269162,0.508528325133267,0.9991732607353409,2,add_stroke,stroke,normal+parkinsons+stroke,21,1428,0.0002745411017572992,0.20345985889434814,0.7739747166633606,0.4769480228424072,0.8331387639045715,0.5068652033805847
1.0855192314175999,0.49578987587900725,11.009538327946382,0.002222680492730647,0.2590836700709427,4.47687956164865,0.07198502972502918,0.051769324852263224,0.6432052335756666,0.016627698260195115,0.178030303030303,0.5057968053832009,0.9991893973214347,2,add_stroke,stroke,normal+parkinsons+stroke,22,1496,0.0002721061585000518,0.20413005352020264,0.7710935473442078,0.48515182733535767,0.8441991806030273,0.5060784816741943
1.064886409570189,0.4750069132184281,11.045196140513701,0.002151545270702199,0.25788287489729766,4.544335656306323,0.07187849896795609,0.04594207626274403,0.660212529494482,0.016329066718325895,0.1780581550802139,0.5060715501514954,0.9992060790238897,2,add_stroke,stroke,normal+parkinsons+stroke,23,1564,0.000269586293016803,0.20479528605937958,0.7681652903556824,0.4931757152080536,0.855170726776123,0.5053117275238037
1.057135819512255,0.46830706999582405,11.042799767325906,0.002204595470924259,0.2591171560480314,4.509755916455212,0.07221993398578729,0.04228113402667291,0.6736883288797211,0.01612695087404812,0.17808600713012476,0.505995212420571,0.9992232765658523,2,add_stroke,stroke,normal+parkinsons+stroke,24,1632,0.00026698604808057607,0.2053726464509964,0.7655414938926697,0.5010327100753784,0.8650166392326355,0.5045912861824036
1.0400687359711702,0.45714205591117635,10.938103114857393,0.002182217046912924,0.257249129607397,4.452319404658149,0.06974135410478886,0.04147381881964119,0.6737734828801716,0.016435402281144085,0.17800245098039216,0.506078754779668,0.9992409597651566,2,add_stroke,stroke,normal+parkinsons+stroke,25,1700,0.000264310111371181,0.205998957157135,0.7627363801002502,0.5092859864234924,0.8750593662261963,0.503918468952179
1.0337215881137287,0.44902924009982276,10.998731290592866,0.002223710364299169,0.25776854442322955,4.4989249040098755,0.06923517749151763,0.03750435783363441,0.6945095062255859,0.016141766134430382,0.17978498217468805,0.5107747075989102,0.9992590975872955,2,add_stroke,stroke,normal+parkinsons+stroke,26,1768,0.0002615633070243411,0.20659857988357544,0.7600131630897522,0.5176958441734314,0.884697437286377,0.5032294392585754
1.037495699875495,0.45158389824278217,11.051654380910536,0.002200695188709206,0.26206134741797166,4.445103263153749,0.068534961408552,0.032844633699449545,0.7126355627003838,0.015968328889678505,0.17920008912655971,0.5085560663356228,0.9992776581998849,2,add_stroke,stroke,normal+parkinsons+stroke,27,1836,0.00025875058693481805,0.20726627111434937,0.7571050524711609,0.5269737839698792,0.8942510485649109,0.5026392936706543
1.0279160843176,0.44390726045650597,11.035537593504962,0.0023295144920292147,0.2601868622004986,4.472628148163066,0.06456927368965219,0.03183105181190459,0.716959127170198,0.016263697077246272,0.17975713012477715,0.511039564360269,0.9992966090285329,2,add_stroke,stroke,normal+parkinsons+stroke,28,1904,0.000255877021829216,0.20785385370254517,0.7544461488723755,0.5355234146118164,0.9031860828399658,0.5020856261253357
1.018746496123426,0.43566171233268347,11.02970973183127,0.002101922528441612,0.2579423761104836,4.528602302074432,0.06438452427220695,0.03200323913958581,0.7200452549492612,0.015004692708744723,0.17761252228163993,0.5050086084647578,0.9993159168140063,2,add_stroke,stroke,normal+parkinsons+stroke,29,1972,0.0002529477921245567,0.2083762139081955,0.7519586086273193,0.5435956120491028,0.9116345047950745,0.5015115737915039
1.0108452754862167,0.43033188011716395,10.99065424414242,0.002104181465898257,0.2553284424631035,4.55483868192224,0.06227703726686099,0.031075336819733766,0.7246788288740551,0.01528517814243541,0.17663770053475936,0.5022735820560777,0.9993355476706033,2,add_stroke,stroke,normal+parkinsons+stroke,30,2040,0.0002499681785891072,0.2089388370513916,0.7493881583213806,0.5522862672805786,0.9198759198188782,0.5010074377059937
1.0098879293483847,0.42744127704816703,11.043580055236816,0.002182882631827584,0.2593540744308163,4.505156233030207,0.06396232096149641,0.026423192761071464,0.7377661072156009,0.01534253271187053,0.17950646167557932,0.510219336499762,0.9993554671456235,2,add_stroke,stroke,normal+parkinsons+stroke,31,2108,0.0002469435528222956,0.20951040089130402,0.746829628944397,0.5608983039855957,0.927919864654541,0.5005443096160889
0.995206817984581,0.4228339298244785,10.867951491299797,0.00209186747430495,0.25174787026994366,4.52195811622283,0.06075290267300956,0.025165546493714348,0.7515509251286002,0.014991373700254104,0.1810661764705882,0.5140497737689289,0.9993756402798326,2,add_stroke,stroke,normal+parkinsons+stroke,32,2176,0.00024387936757087753,0.21004439890384674,0.7444230318069458,0.5690545439720154,0.9354774355888367,0.5001164078712463
0.9911866284468595,0.4175962827661458,10.897252391366397,0.0021043754532001913,0.2552718138870071,4.4628475623972275,0.06011539275812752,0.024700502399355173,0.7536771893501282,0.015047459917909959,0.17708333333333334,0.5033496408144865,0.9993960316688179,2,add_stroke,stroke,normal+parkinsons+stroke,33,2244,0.00024078114689881242,0.21050719916820526,0.7422510385513306,0.5767275094985962,0.9424533843994141,0.49967679381370544
1.001816756585065,0.42601028917466893,10.955323107102338,0.002104593244011459,0.25620206489282493,4.497656573267544,0.06108078913872733,0.02171909385223818,0.768199977629325,0.014680654687039992,0.17805815508021391,0.5059088508564237,0.9994166055251232,2,add_stroke,stroke,normal+parkinsons+stroke,34,2312,0.00023765447622856926,0.21099461615085602,0.739976704120636,0.584476888179779,0.9494227766990662,0.4992171823978424
0.9870244413614273,0.41217708368511763,10.940878797979916,0.002142500118626391,0.2544616892495576,4.525774040642907,0.05801577740074957,0.022562601788462523,0.7619823156034246,0.015317610081504373,0.1769162210338681,0.5027237858530396,0.9994373257410568,2,add_stroke,stroke,normal+parkinsons+stroke,35,2380,0.0002345049922718168,0.21145570278167725,0.7378392219543457,0.5916221141815186,0.9560053944587708,0.498845636844635
0.9813306989038691,0.40610387176275253,10.969010928097893,0.001784799252431292,0.2563500601579161,4.515639378744013,0.05726906202514382,0.020389970251605573,0.7732244423207115,0.014723019564852995,0.18011920677361853,0.5115951886591571,0.9994581559520628,2,add_stroke,stroke,normal+parkinsons+stroke,36,2448,0.00023133837286765048,0.21188266575336456,0.7358017563819885,0.5985817909240723,0.9622257351875305,0.498484343290329
0.9852866933626288,0.41364989867981744,10.902683300130507,0.0020731580965837244,0.2535291840048397,4.512624786180608,0.0557306592407472,0.020981030637973592,0.7744146269910476,0.014649367507766275,0.17972927807486633,0.5103049693023677,0.9994790596005387,2,add_stroke,stroke,normal+parkinsons+stroke,37,2516,0.00022816032674667498,0.2123262733221054,0.7337404489517212,0.6055300235748291,0.9682741165161133,0.4980936646461487
0.9799620605566922,0.40958042881068063,10.88987026495092,0.0019449012915549032,0.25337555018417973,4.506858927362106,0.054825379841906184,0.02018226740320268,0.7797831472228555,0.014272386536878698,0.17830882352941177,0.5067351375377693,0.9994999999999999,2,add_stroke,stroke,normal+parkinsons+stroke,38,2584,0.0002249765832393966,0.21277667582035065,0.731683611869812,0.6123327612876892,0.9741578102111816,0.4977373480796814
0.9755468815565109,0.40477214446839166,10.904595108593211,0.0018902213821146527,0.2500184298876454,4.606878782019896,0.05512065040495466,0.01744499446495491,0.7957606337526265,0.014807119965553284,0.17975713012477723,0.5106352617585711,0.999520940399461,2,add_stroke,stroke,normal+parkinsons+stroke,39,2652,0.00022179288194747816,0.213221475481987,0.7296901345252991,0.6192417740821838,0.9796729683876038,0.49744561314582825
0.9672290262053994,0.3976382420343511,10.915198550504797,0.002020039312329198,0.255136382930419,4.486288053147933,0.0530598922906553,0.015113310210461564,0.805142747128711,0.01357509458766264,0.17647058823529413,0.5016097238716948,0.9995418440479374,2,add_stroke,stroke,normal+parkinsons+stroke,40,2720,0.0002186149623964773,0.21358215808868408,0.7279791235923767,0.6254259347915649,0.9846360683441162,0.497147798538208
0.9656882654218113,0.39263903152416735,10.989496048759012,0.0018818478043506142,0.25516901296727795,4.563224526012645,0.05000020169159945,0.01629652493797681,0.8019213395960191,0.014000487678191242,0.17816956327985736,0.5060032003006061,0.9995626742589427,2,add_stroke,stroke,normal+parkinsons+stroke,41,2788,0.000215448553688722,0.21390068531036377,0.7264143228530884,0.6311079859733582,0.9892497062683105,0.4968908727169037
0.9702054770553813,0.3956008917268585,11.029316579594331,0.001997509356656605,0.25948614955824967,4.492225131567786,0.052518345388200355,0.013338901451788843,0.8210435728816425,0.013348881812656628,0.17920008912655971,0.5091108568367317,0.9995833944748768,2,add_stroke,stroke,normal+parkinsons+stroke,42,2856,0.00021229936417497684,0.21423004567623138,0.7247996926307678,0.636830747127533,0.9937966465950012,0.4965971112251282
0.9583336535622092,0.3870215584688327,10.9716177407433,0.0019712810454246424,0.2567262498333174,4.504179495222428,0.04990520826814806,0.0143072781022912,0.814166850026916,0.013356158838552587,0.17967357397504455,0.5102994390334928,0.9996039683311819,2,add_stroke,stroke,normal+parkinsons+stroke,43,2924,0.0002091730711635201,0.21453212201595306,0.723321259021759,0.6421583294868469,0.9980208873748779,0.4963029623031616
0.9549042144242454,0.3854427727706292,10.955934468437643,0.0018161840528003214,0.2567903901285985,4.490770140114953,0.048181902836350834,0.012586093374171896,0.8224185573704103,0.012945411836399752,0.1794229055258467,0.5096582468030739,0.9996243597201672,2,add_stroke,stroke,normal+parkinsons+stroke,44,2992,0.00020607531068518334,0.214835986495018,0.7218547463417053,0.6473456025123596,1.002052903175354,0.496054083108902
0.9478836953639984,0.3817620825241594,10.890502522973453,0.0019379674212199032,0.25119106208576875,4.5622767420376045,0.04851054816561587,0.012812779641107601,0.8221452060867759,0.012531311196439406,0.1802027629233512,0.5121366411207103,0.9996445328543766,2,add_stroke,stroke,normal+parkinsons+stroke,45,3060,0.0002030116673328058,0.215101957321167,0.7205421924591064,0.6517993807792664,1.0059032440185547,0.49579551815986633
0.9544853182399974,0.3843378275632858,10.991399554645314,0.0018887727235457586,0.2580336301642306,4.493339528055752,0.04630341654752984,0.01107886595384437,0.8350985137855306,0.012463857145870434,0.17719474153297682,0.5040030394185939,0.9996644523293968,2,add_stroke,stroke,normal+parkinsons+stroke,46,3128,0.00019998766419341982,0.21537868678569794,0.7192218899726868,0.656473696231842,1.0095003843307495,0.4955693483352661
0.9546759689555449,0.38270688100772743,11.032272437039543,0.0018718431383604184,0.2587957743774442,4.515582028557272,0.04565601952045279,0.011275132009947864,0.8341488890788135,0.012245323728112614,0.1819574420677362,0.5162056229293311,0.9996840831859934,2,add_stroke,stroke,normal+parkinsons+stroke,47,3196,0.00019700875289131847,0.21564881503582,0.7179456949234009,0.6607159972190857,1.0129623413085938,0.49535104632377625
0.9502915363101399,0.3835337157635128,10.92849502843969,0.0020866834024405654,0.2532864570179406,4.544166498324451,0.044248565976672316,0.01112907798789606,0.8406151962630889,0.012977309963282417,0.1790608288770053,0.5090820519798678,0.9997033909714671,2,add_stroke,stroke,normal+parkinsons+stroke,48,3264,0.0001940803037599548,0.2158699482679367,0.7168550491333008,0.664591372013092,1.0160194635391235,0.4951372444629669
0.9458164116915535,0.38228173115674186,10.87297108594109,0.001838006521746352,0.25444460024728494,4.46590591879452,0.04493018869748887,0.010164490132250221,0.847496814587537,0.01222490387804368,0.17970142602495542,0.509719477330413,0.9997223418001149,2,add_stroke,stroke,normal+parkinsons+stroke,49,3332,0.00019120759616039082,0.21609167754650116,0.7157783508300781,0.6682519912719727,1.0189865827560425,0.49493667483329773
0.9465515035040238,0.37825939322219176,10.981071191675523,0.0018729281805195462,0.25637126034673524,4.524966530940112,0.04367890384267358,0.009587824721272816,0.8497963232152602,0.011843718150082757,0.17925579322638147,0.5090125064599389,0.9997409024127046,2,add_stroke,stroke,normal+parkinsons+stroke,50,3400,0.00018839580896375024,0.21628373861312866,0.7147960066795349,0.6716272234916687,1.0216530561447144,0.4947528541088104
0.9389743322835249,0.3719210835064159,10.951973171795116,0.001809970143607215,0.2566215827622834,4.491184413433075,0.04310836779939778,0.010010570635238443,0.8418721284936456,0.012349697596886578,0.1796457219251337,0.5099211076928443,0.9997590402348434,2,add_stroke,stroke,normal+parkinsons+stroke,51,3468,0.00018565001121483284,0.21645651757717133,0.7139171957969666,0.6747116446495056,1.0240693092346191,0.494602233171463
0.9388815892093322,0.3747728348654859,10.884414546629962,0.0018491982371094363,0.25122236219399113,4.557625553187202,0.04390363521216547,0.01143844022847,0.8297893895822412,0.012104998616611256,0.1801470588235294,0.5113804502450143,0.9997767234341478,2,add_stroke,stroke,normal+parkinsons+stroke,52,3536,0.00018297515299372182,0.21660327911376953,0.7131350636482239,0.6774895787239075,1.0262154340744019,0.494444340467453
0.9297673824955436,0.3691442731548758,10.822785559822531,0.0018179566421381692,0.24769728652694645,4.58490453748142,0.04410374044057201,0.009863268008784336,0.8461150237742592,0.011984125656240126,0.17894942067736186,0.5078666098322255,0.9997939209761106,2,add_stroke,stroke,normal+parkinsons+stroke,53,3604,0.000180376056491859,0.21674543619155884,0.7123907208442688,0.680183470249176,1.0282073020935059,0.49429789185523987
0.935622331850669,0.364822837359765,11.03707108778112,0.0018498289290993638,0.2579036534709089,4.543234011706184,0.043093808296629614,0.008441508846932693,0.8583541416070041,0.012124193941845614,0.17961786987522282,0.5101330506271486,0.9998106026785649,2,add_stroke,stroke,normal+parkinsons+stroke,54,3672,0.00017785740731867544,0.21689076721668243,0.7116445302963257,0.6827309131622314,1.0301817655563354,0.4941665232181549
0.9333131146781585,0.37021804863915725,10.886647757361917,0.0018392517531003036,0.253806752317092,4.495497671996846,0.042747270480236584,0.008259418869034989,0.8567875369506723,0.012021975482211393,0.1788937165775401,0.5081386355294282,0.9998267392646594,2,add_stroke,stroke,normal+parkinsons+stroke,55,3740,0.00017542374605445014,0.21702362596988678,0.7109795808792114,0.685063898563385,1.0319488048553467,0.4940520226955414
0.9311408505720251,0.3657485840513426,10.942918763441199,0.0018881769895361846,0.2528030011145508,4.575639360091266,0.04225143532761756,0.007772637561977129,0.8658649325370789,0.01148059788872214,0.17825311942959002,0.5065766409235505,0.9998423024142342,2,add_stroke,stroke,normal+parkinsons+stroke,56,3808,0.0001730794600646247,0.21714363992214203,0.7103707790374756,0.6871623396873474,1.0335540771484375,0.49394920468330383
0.9204552901141784,0.3579666375675622,10.896076735328226,0.0017093199490131263,0.25234438566600575,4.5447340782950905,0.04102137462948175,0.006508009004927076,0.8745159454205457,0.011604906881556791,0.17950646167557932,0.5094355312601668,0.999857264813529,2,add_stroke,stroke,normal+parkinsons+stroke,57,3876,0.00017082877559033153,0.21725577116012573,0.7098052501678467,0.689093291759491,1.0350537300109863,0.4938565194606781
0.9229199965210522,0.36133293938987393,10.88211964158451,0.001822682815734023,0.2538237210144015,4.4909595671822045,0.03949920953634907,0.007929272414591704,0.8651078948203255,0.011247873306274414,0.1795064616755793,0.5098491528735116,0.9998716002031149,2,add_stroke,stroke,normal+parkinsons+stroke,58,3944,0.00016867575012939403,0.217352494597435,0.7093143463134766,0.6907274127006531,1.0363956689834595,0.4937714636325836
0.9273240373415106,0.3624161867534413,10.948807520024916,0.0018803365819621831,0.25261926804395285,4.5863173709196206,0.040844460757558834,0.006902945374296156,0.8726618333774454,0.011061223990776959,0.17878230837789658,0.5077164266587403,0.9998852834239843,2,add_stroke,stroke,normal+parkinsons+stroke,59,4012,0.0001666242651215347,0.21744023263454437,0.7088704705238342,0.692215085029602,1.0375813245773315,0.49369144439697266
0.9253196988035651,0.36069826387307224,10.94727061776554,0.0016558634986936608,0.2548948988756713,4.533501554937923,0.03893340806312421,0.007409764065574992,0.8690144209300771,0.011344212819548213,0.1802584670231729,0.5118515569779576,0.9998982904617023,2,add_stroke,stroke,normal+parkinsons+stroke,60,4080,0.0001646780189509782,0.21752135455608368,0.7084647417068481,0.6935958862304688,1.038631558418274,0.49362713098526
0.9157123697154662,0.35237013219910507,10.919696064556346,0.00172672415860956,0.25017088958445716,4.622255742549896,0.03942977620617432,0.0073788087671239145,0.8653183509321773,0.011310558108722462,0.17833667557932265,0.5064343459697411,0.9999105984885558,2,add_stroke,stroke,normal+parkinsons+stroke,61,4148,0.00016284052027906338,0.21758566796779633,0.7081322073936462,0.6947460770606995,1.0395232439041138,0.4935697913169861
0.912769606884788,0.35157160504775886,10.883046570946188,0.0016197123948265525,0.25280600588987856,4.522403625880971,0.038304545642698515,0.007727998481748407,0.8636376042576397,0.011075039996820338,0.18106617647058829,0.5140742601944018,0.9999221859036145,2,add_stroke,stroke,normal+parkinsons+stroke,62,4216,0.00016111508171888495,0.21763987839221954,0.7078481912612915,0.6957287192344666,1.040298581123352,0.4935140609741211
0.915743375525755,0.3571034354322097,10.833043196622063,0.0017429272685309544,0.2487428416224087,4.570899097358479,0.039462916470844954,0.007101039621321594,0.8719333980013343,0.010693564134485582,0.18009135472370766,0.5113323714795187,0.9999330323706412,2,add_stroke,stroke,normal+parkinsons+stroke,63,4284,0.00015950481386336807,0.21768800914287567,0.7075991630554199,0.6965920925140381,1.040974497795105,0.4934655725955963
0.9091074834851658,0.35038711371667247,10.8385949976304,0.0016357991009820526,0.25054411108002944,4.534097261288586,0.03941373658530852,0.006196495789267561,0.877072249265278,0.010776097283643834,0.17694407308377896,0.5030909305842969,0.9999431188537845,2,add_stroke,stroke,normal+parkinsons+stroke,64,4352,0.00015801261967754115,0.21772919595241547,0.7073836326599121,0.6973440647125244,1.0415552854537964,0.49342256784439087
0.9040362764807308,0.34755124173620167,10.795882687849158,0.0016569332780337015,0.24578274852212736,4.609890674843507,0.03837886978598202,0.006761375488542185,0.8719170470448101,0.010811658466563505,0.17964572192513367,0.51005132682772,0.9999524276509855,2,add_stroke,stroke,normal+parkinsons+stroke,65,4420,0.00015664118926511723,0.21776223182678223,0.7072123885154724,0.6979467868804932,1.042026162147522,0.4933898448944092
0.9097160118467668,0.3555783015840194,10.754283526364494,0.0016557970101369873,0.24500001024673967,4.58788839859121,0.03805316310814198,0.005589734334909522,0.8836228935157552,0.011025594437823576,0.17633132798573972,0.5015132781346247,0.9999609424250444,2,add_stroke,stroke,normal+parkinsons+stroke,66,4488,0.00015539299501881815,0.21779310703277588,0.7070571780204773,0.6984838843345642,1.0424354076385498,0.4933636784553528
0.9000835725489784,0.3452591400812654,10.773474917692297,0.001773510006708367,0.24583609446006663,4.583234751925749,0.03780155223520363,0.00503541963210891,0.8905386740670485,0.010882874622064479,0.17755681818181818,0.5049119495132772,0.9999686482322965,2,add_stroke,stroke,normal+parkinsons+stroke,67,4556,0.00015427028716318464,0.21781791746616364,0.7069317698478699,0.6989091038703918,1.0427683591842651,0.4933429956436157
0.9032424442908343,0.3437540667021976,10.869676870458266,0.0016151779863695778,0.2467672805137494,4.660115385756773,0.037955553709145856,0.004964363507871681,0.8904377598972881,0.010549089487861185,0.17850378787878787,0.5071169456795909,0.9999755315488348,2,add_stroke,stroke,normal+parkinsons+stroke,68,4624,0.00015327508969790774,0.21783678233623505,0.7068367600440979,0.6992365121841431,1.0430229902267456,0.49332699179649353
0.903625050888342,0.3428163013475783,10.90962700282826,0.0016016455727581428,0.2545558902270654,4.50568864626043,0.035460353007211405,0.005394283355973826,0.887503428494229,0.010227464577730964,0.1796457219251337,0.5099515362092981,0.9999815802942467,2,add_stroke,stroke,normal+parkinsons+stroke,69,4692,0.00015240919674899462,0.21785010397434235,0.7067669630050659,0.6994748711585999,1.043217658996582,0.49331286549568176
0.8925196765100255,0.3373564757844981,10.786349745357738,0.0015451618614058722,0.24715328567168293,4.568888559060938,0.037263096036279905,0.005533939242869725,0.8838751964709338,0.010292878045755275,0.1792279411764706,0.5088028912996754,0.9999867838528156,2,add_stroke,stroke,normal+parkinsons+stroke,70,4760,0.00015167416933434697,0.21785968542099,0.7067166566848755,0.6996501684188843,1.0433558225631714,0.49330252408981323
0.9007574521443423,0.3428845469127683,10.847080146565157,0.0016117343218545156,0.25003816318862576,4.555832789224737,0.036262361716259926,0.005359594059615012,0.8875781385337606,0.010226781753932728,0.17733400178253117,0.5038272785049306,0.9999911330921514,2,add_stroke,stroke,normal+parkinsons+stroke,71,4828,0.00015107133254958316,0.21786577999591827,0.7066835165023804,0.699763834476471,1.0434490442276,0.49329501390457153
0.898137249490794,0.3390510386842139,10.87452605191399,0.0015356518663739896,0.24997996297829292,4.586635666735032,0.03542791375452105,0.005152652944054674,0.8888486045248368,0.01042950591620277,0.18173462566844917,0.5161358257200526,0.9999946203792173,2,add_stroke,stroke,normal+parkinsons+stroke,72,4896,0.00015060177317917692,0.21786963939666748,0.7066630125045776,0.6998361349105835,1.0435049533843994,0.4932909905910492
0.8944268577239093,0.3383687980034772,10.812791067011217,0.00176582665196346,0.2469025650883422,4.5960812533603,0.03609023517107263,0.0052275063764468275,0.8839908119510201,0.010178118067629197,0.17931149732620322,0.5094553494839156,0.999997239593727,2,add_stroke,stroke,normal+parkinsons+stroke,73,4964,0.00015026633773722,0.21787182986736298,0.706651508808136,0.6998752355575562,1.0435351133346558,0.4932890236377716
0.8955481902641409,0.3345591837868971,10.91967944537892,0.0015479901742176427,0.25287706251530084,4.559053021318772,0.03505589634947041,0.005372306764269631,0.8863276251975227,0.009795954122262843,0.18101047237076648,0.513992164471579,0.9999989861388867,2,add_stroke,stroke,normal+parkinsons+stroke,74,5032,0.00015006563094133984,0.2178725004196167,0.7066476941108704,0.6998883485794067,1.0435460805892944,0.4932880997657776
0.891147289206,0.3376334785100292,10.763888064552756,0.001684074617086855,0.24838533537352786,4.512152819072499,0.036870112478294796,0.004233753805986934,0.8994024089154076,0.010086863356478074,0.1807876559714795,0.5128922564114632,0.999999856949461,2,add_stroke,stroke,normal+parkinsons+stroke,75,5100,0.00015000001462252472,0.21787238121032715,0.706647515296936,0.699889600276947,1.0435470342636108,0.4932880401611328
1.0556099502479328,0.5182778294033864,9.851959270589491,0.0027043877900509604,0.2131309165235828,4.4560766360339,0.06339425823706038,0.09414374039453619,0.347245656830423,0.010699290563078487,0.17889371657754014,0.5058123731091521,0.9990001430505392,3,add_myopathic,myopathic,normal+parkinsons+stroke+myopathic,1,68,0.0003,0.20535558462142944,0.7448828220367432,0.2769298851490021,0.8697666525840759,0.49263808131217957
1.0162313370143665,0.4728129339568755,9.979944537667667,0.0025390269198824708,0.20846438648946145,4.704859270769007,0.06056283228099346,0.09440369032980765,0.3408642705968198,0.011359065771102905,0.177807486631016,0.503305219780603,0.9990010138611133,3,add_myopathic,myopathic,normal+parkinsons+stroke+myopathic,2,136,0.000299932395602264,0.20601816475391388,0.7415814399719238,0.2829430401325226,0.8792470097541809,0.4920825660228729
0.9990271031856537,0.4572085286764538,9.957937058280496,0.002431549073662609,0.20243547747240348,4.836261461762821,0.06566307573195766,0.0836155422798851,0.3884782508453902,0.013204103883574991,0.17939505347593585,0.5072915142173335,0.999002760406273,3,add_myopathic,myopathic,normal+parkinsons+stroke+myopathic,3,204,0.00029972970428517845,0.2067706435918808,0.7379565238952637,0.28914302587509155,0.8893193602561951,0.49155235290527344
0.9807524251587251,0.4457369122435065,9.84068367060493,0.0026843151084476095,0.19997436224537737,4.7742168237181275,0.06449954997857704,0.08143117426730254,0.4032696345273186,0.012997270506971022,0.17727829768270942,0.501511644033662,0.999005379620783,3,add_myopathic,myopathic,normal+parkinsons+stroke+myopathic,4,272,0.0002993922914573946,0.20740906894207,0.7347071170806885,0.29519495368003845,0.8987664580345154,0.49110469222068787
0.967745543402784,0.4376149863442954,9.734656137578627,0.002826257738942171,0.19728443530552528,4.731888764044818,0.06523060946560957,0.0809808687909561,0.39863752223113,0.013689744121888104,0.18095476827094473,0.5113160311281639,0.9990088669078491,3,add_myopathic,myopathic,normal+parkinsons+stroke+myopathic,5,340,0.00029892076540133936,0.20813554525375366,0.7312291860580444,0.3019142150878906,0.9079541563987732,0.4906839430332184
0.9646372611031813,0.4316376653664252,9.814379495732924,0.0028176971587955076,0.19884788770886028,4.772739876719082,0.06586166049408562,0.0749810050953837,0.432060334174072,0.014139902065781987,0.17608065953654187,0.49812109144141536,0.9990132161471846,3,add_myopathic,myopathic,normal+parkinsons+stroke+myopathic,6,408,0.0002983159761766136,0.2088554948568344,0.727715015411377,0.30860185623168945,0.9169905185699463,0.49035146832466125
0.9516112646635841,0.42145268443752737,9.752285943311804,0.0026895722001106202,0.19618366987389677,4.780454881051007,0.06299145399209331,0.08056663820410476,0.3967904689557412,0.013309492784387925,0.1798406862745098,0.508706725529446,0.9990184197057533,3,add_myopathic,myopathic,normal+parkinsons+stroke+myopathic,7,476,0.00029757901408751866,0.2096288949251175,0.7240944504737854,0.3149406611919403,0.9260232448577881,0.4899897873401642
0.9464636857018751,0.4212980524582021,9.693110073313994,0.0026726647646522477,0.1922973179641892,4.818860485273249,0.06448354057091124,0.07139283955535468,0.4360951987259528,0.013082051978391759,0.18000779857397503,0.5089431923910308,0.9990244684511654,3,add_myopathic,myopathic,normal+parkinsons+stroke+myopathic,8,544,0.00029671120771747285,0.2103021889925003,0.7209146022796631,0.3210420310497284,0.934565007686615,0.48967817425727844
0.9309960875441047,0.40306464034844847,9.751725827946382,0.0024926442214671302,0.19770243479048505,4.74684879359077,0.06074811140184894,0.0741483848541975,0.4233984487021671,0.013242053634980145,0.17761252228163993,0.5023017475687046,0.9990313517677035,3,add_myopathic,myopathic,normal+parkinsons+stroke+myopathic,9,612,0.0002957141215338627,0.21096254885196686,0.7176640629768372,0.3280583918094635,0.9424302577972412,0.48933473229408264
0.9328295229112401,0.4021644535310128,9.814380715875064,0.002630229654160383,0.20391872832003763,4.650656822849722,0.06308847468565493,0.06921290485736202,0.45210368076668067,0.013741382781197043,0.17894942067736186,0.5056381895268928,0.9990390575749558,3,add_myopathic,myopathic,normal+parkinsons+stroke+myopathic,10,680,0.0002945895530676465,0.21163301169872284,0.7143964171409607,0.33515527844429016,0.9501776099205017,0.48905429244041443
0.9206841368885601,0.39283621157793436,9.76686704860014,0.0026827894017675564,0.19723618666038795,4.768892617786632,0.060879194068119806,0.07083332056508344,0.4380047691657263,0.013152867555618286,0.17669340463458114,0.5001582436434527,0.9990475723490148,3,add_myopathic,myopathic,normal+parkinsons+stroke+myopathic,11,748,0.00029333952967279417,0.21229137480258942,0.711169958114624,0.3418724834918976,0.9577338099479675,0.4888118505477905
0.9219962823040345,0.39453880839488087,9.771832199657664,0.0024802709573551137,0.19723717408145175,4.778896082850063,0.06262371957521229,0.0666920785956523,0.45928968839785633,0.013073820401640499,0.1789772727272727,0.5060899802469843,0.9990568811462154,3,add_myopathic,myopathic,normal+parkinsons+stroke+myopathic,12,816,0.0002919663048714061,0.21301843225955963,0.707714855670929,0.3493526577949524,0.9650111794471741,0.48853933811187744
0.9114025059868308,0.3834610956118387,9.799784716437845,0.0026882658079129588,0.1986344770035323,4.766716129639569,0.06045027997563867,0.06604633945971727,0.4618881498189533,0.012656028656398548,0.17736185383244207,0.501422601612949,0.9990669676293585,3,add_myopathic,myopathic,normal+parkinsons+stroke+myopathic,13,884,0.0002904723542910997,0.2136518508195877,0.7046158313751221,0.3565705120563507,0.9718859791755676,0.48824360966682434
0.9025117009878159,0.3756486357134931,9.783784782185274,0.0022719281910480384,0.20076809757772615,4.7077841934035805,0.06066777414697058,0.0639748412239201,0.4702584088286933,0.013026322512065662,0.17942290552584672,0.5073666143886983,0.9990778140963854,3,add_myopathic,myopathic,normal+parkinsons+stroke+myopathic,14,952,0.0002888603712019878,0.2142701894044876,0.7016183137893677,0.3634839355945587,0.9783267974853516,0.4880276024341583
0.9016072005033493,0.3756218819933779,9.777848987018361,0.0029202301349655234,0.19751710729563937,4.766915507176343,0.05935664902276853,0.06165529995718423,0.48443032362881827,0.013679734047721414,0.17889371657754014,0.5059486365256705,0.9990894015114442,3,add_myopathic,myopathic,normal+parkinsons+stroke+myopathic,15,1020,0.0002871332616612944,0.21491475403308868,0.698440670967102,0.3712383508682251,0.9847524762153625,0.487833708524704
0.8880341517574647,0.3660944075707127,9.677925025715547,0.00240112172340399,0.1947212775840479,4.749865048071918,0.06152473181924399,0.06503955077599077,0.45363544409765916,0.012804827269385843,0.1797292780748663,0.5080413459534148,0.9991017095382977,3,add_myopathic,myopathic,normal+parkinsons+stroke+myopathic,16,1088,0.0002852941392743613,0.21551167964935303,0.6954503655433655,0.3777215778827667,0.9909729957580566,0.48764291405677795
0.8810584247112274,0.36119504557812915,9.651390945210176,0.0022700777695075993,0.1961752268321374,4.690258320640115,0.06076452152474838,0.06259367143844857,0.4708693062557894,0.012908561264767367,0.17777963458110516,0.5031609871547676,0.9991147165760159,3,add_myopathic,myopathic,normal+parkinsons+stroke+myopathic,17,1156,0.00028334631958149085,0.21605898439884186,0.6927217841148376,0.3841755986213684,0.9966680407524109,0.4874274432659149
0.8756747815538856,0.35741521220873385,9.622530067668242,0.002469513114192523,0.18895001446499543,4.837041854858398,0.06059500487411723,0.06231724076411303,0.46833644193761487,0.012810005861170152,0.17886586452762923,0.5056516589682416,0.999128399796885,3,add_myopathic,myopathic,normal+parkinsons+stroke+myopathic,18,1224,0.00028129331408074254,0.2166680097579956,0.6897938251495361,0.3907431364059448,1.0023066997528076,0.4872913360595703
0.8792540562503478,0.3592560804065536,9.683701080434462,0.0025976187162621714,0.19366944800404942,4.777024451424094,0.06063143635059104,0.05592678120250211,0.49913294394226637,0.013346717638127944,0.17744540998217465,0.5020665147969186,0.9991427351864715,3,add_myopathic,myopathic,normal+parkinsons+stroke+myopathic,19,1292,0.00027913882389746117,0.21727128326892853,0.686877965927124,0.3974025547504425,1.0080612897872925,0.4871046245098114
0.8793678984922522,0.356507506878937,9.762952972860898,0.0024070135268095113,0.19849253993700533,4.740464115844054,0.05769377946853638,0.05728289019316435,0.49121007893015356,0.01193713878884035,0.1789772727272727,0.505951965282694,0.9991576975857657,3,add_myopathic,myopathic,normal+parkinsons+stroke+myopathic,20,1360,0.00027688673311194713,0.21780656278133392,0.6841846108436584,0.4030804932117462,1.0136301517486572,0.4868829846382141
0.8692519130075679,0.3478709678439533,9.73377891147838,0.0024135642400805782,0.19358523956993046,4.833808765691869,0.058654481271172274,0.054923558333779085,0.5137354626375086,0.012594964574365056,0.17972927807486633,0.5083052651958108,0.9991732607353409,3,add_myopathic,myopathic,normal+parkinsons+stroke+myopathic,21,1428,0.0002745411017572992,0.21835939586162567,0.6815060973167419,0.41013213992118835,1.018499493598938,0.48674479126930237
0.8592895620009479,0.34755778159288797,9.547722451827106,0.00253350187010844,0.1890336172107388,4.758544445037842,0.057533993385732174,0.055474556681206995,0.5094119187663583,0.01218703476821675,0.17833667557932267,0.5044264626296209,0.9991893973214347,3,add_myopathic,myopathic,normal+parkinsons+stroke+myopathic,22,1496,0.0002721061585000518,0.2189883589744568,0.6785086393356323,0.41648173332214355,1.0237075090408325,0.4866165816783905
0.858155592399485,0.33772791900178967,9.711720214170569,0.0023909886393298887,0.19370748146491892,4.809258411912357,0.05838605777963119,0.05606393146273844,0.49224707999211903,0.012458313913906323,0.17783533868092694,0.5032146377588973,0.9992060790238897,3,add_myopathic,myopathic,normal+parkinsons+stroke+myopathic,23,1564,0.000269586293016803,0.21952180564403534,0.6758891940116882,0.42231422662734985,1.0285736322402954,0.48645928502082825
0.8440505494089687,0.33246361245127287,9.561932521707872,0.0023251706486061108,0.18932037274627125,4.770793883239522,0.055983508060521936,0.053885297931949884,0.5141935260856852,0.012046194251845865,0.17789104278074866,0.5032241974506195,0.9992232765658523,3,add_myopathic,myopathic,normal+parkinsons+stroke+myopathic,24,1632,0.00026698604808057607,0.22001290321350098,0.6734261512756348,0.42778846621513367,1.0332733392715454,0.48631054162979126
0.8392279244521085,0.3307502407799749,9.50133856605081,0.0023647497625514757,0.1857004538178444,4.799708482097177,0.05779158137738705,0.051596655619933325,0.5231708511710167,0.012127371395335478,0.17853163992869875,0.5048291631397561,0.9992409597651566,3,add_myopathic,myopathic,normal+parkinsons+stroke+myopathic,25,1700,0.000264310111371181,0.22052700817584991,0.6709245443344116,0.43327009677886963,1.0377978086471558,0.48617005348205566
0.8444259894244811,0.3282075811396627,9.656161981470445,0.002293023157536107,0.1926408955717788,4.782814050421996,0.05843092468293274,0.050353128271286976,0.5229929560685859,0.012428571196163403,0.1772225935828877,0.5013943696808089,0.9992590975872955,3,add_myopathic,myopathic,normal+parkinsons+stroke+myopathic,26,1768,0.0002615633070243411,0.22109083831310272,0.6681673526763916,0.4395151138305664,1.042373538017273,0.48604413866996765
0.834888219833374,0.32431645976269946,9.567915537778068,0.0023156150778317276,0.18748220319257064,4.82297008528429,0.05499541573226452,0.04960834870443625,0.5311927523683099,0.012050076442606309,0.1803977272727273,0.5099374160533104,0.9992776581998849,3,add_myopathic,myopathic,normal+parkinsons+stroke+myopathic,27,1836,0.00025875058693481805,0.2215479016304016,0.6658315062522888,0.4447914659976959,1.046463966369629,0.4858863651752472
0.8368086516857147,0.3192255141980508,9.705665868871352,0.002420593731906539,0.19400385087903807,4.795054761802449,0.055551563225248284,0.049044113880132925,0.5365728918901261,0.012301834190593046,0.17800245098039214,0.5033575553872934,0.9992966090285329,3,add_myopathic,myopathic,normal+parkinsons+stroke+myopathic,28,1904,0.000255877021829216,0.22199247777462006,0.663538932800293,0.44956251978874207,1.050582766532898,0.4857397675514221
0.831273747717633,0.3186853262869751,9.605092273038977,0.002282204942757209,0.19099886211402275,4.773065668695113,0.056891589480287885,0.048158627359525245,0.5348876221653294,0.012142481172786039,0.18070409982174687,0.5108181744825011,0.9993159168140063,3,add_myopathic,myopathic,normal+parkinsons+stroke+myopathic,29,1972,0.0002529477921245567,0.2224685400724411,0.6612197756767273,0.4548734724521637,1.0544172525405884,0.48559531569480896
0.8257806844571057,0.3149819113314152,9.586331044926363,0.002380191071150715,0.1891754376975929,4.797440272920272,0.055961428210139275,0.04583771913038457,0.5481107817853198,0.012064858394510606,0.1789772727272727,0.5059706848832137,0.9993355476706033,3,add_myopathic,myopathic,normal+parkinsons+stroke+myopathic,30,2040,0.0002499681785891072,0.22295494377613068,0.6588685512542725,0.4595833122730255,1.0584129095077515,0.4854383170604706
0.8240507218767615,0.31391109482330437,9.591446469811832,0.002275285082492594,0.19098718552028432,4.759884774684906,0.05398042949245257,0.04422278852914186,0.5646488787058521,0.012032977798405816,0.18000779857397503,0.5089541738692781,0.9993554671456235,3,add_myopathic,myopathic,normal+parkinsons+stroke+myopathic,31,2108,0.0002469435528222956,0.22340691089630127,0.6566510796546936,0.46452316641807556,1.0620206594467163,0.4853222370147705
0.8235299341818866,0.3127279879854006,9.602341679965749,0.002140582980834605,0.191500935703516,4.761303743895362,0.0542045728139141,0.045421972103855186,0.5503144303665441,0.011556430774576524,0.17750111408199643,0.5023689655107839,0.9993756402798326,3,add_myopathic,myopathic,normal+parkinsons+stroke+myopathic,32,2176,0.00024387936757087753,0.22384648025035858,0.6544838547706604,0.46948346495628357,1.0654653310775757,0.4852076768875122
0.8179284895167631,0.30476043526740637,9.651882774689618,0.0023648965040646386,0.1899676897069987,4.8435681392164796,0.0535418443272219,0.04466682327363421,0.5580026853610488,0.012043483993586372,0.17669340463458105,0.4998646622887089,0.9993960316688179,3,add_myopathic,myopathic,normal+parkinsons+stroke+myopathic,33,2244,0.00024078114689881242,0.22420699894428253,0.6526536345481873,0.47395193576812744,1.0685070753097534,0.4850815236568451
0.8155276021536659,0.3058091382331708,9.576541830511655,0.0021863137500237346,0.1896549886202111,4.780509198413176,0.054866347954991984,0.04506638747475603,0.5601985309930408,0.011816372766214259,0.17875445632798573,0.5052980748256931,0.9994166055251232,3,add_myopathic,myopathic,normal+parkinsons+stroke+myopathic,34,2312,0.00023765447622856926,0.22457294166088104,0.6507933735847473,0.47785231471061707,1.07163405418396,0.484928160905838
0.8049061289604973,0.2970294842825216,9.555685548221364,0.0022805192583131,0.19245599013041048,4.687272818649516,0.05496395077994641,0.04282851059756735,0.5550157883588005,0.011288485106299906,0.1778910427807487,0.5032535848670561,0.9994373257410568,3,add_myopathic,myopathic,normal+parkinsons+stroke+myopathic,35,2380,0.0002345049922718168,0.2249947041273117,0.6488138437271118,0.48207902908325195,1.074853777885437,0.484798789024353
0.8073773901252186,0.2954484138856916,9.65326159140643,0.002242132555693388,0.19158650277292028,4.807545742567847,0.05221488677403506,0.04249981692170396,0.565503126996405,0.011174427235827726,0.17663770053475933,0.49930604268518897,0.9994581559520628,3,add_myopathic,myopathic,normal+parkinsons+stroke+myopathic,36,2448,0.00023133837286765048,0.22541475296020508,0.6468455791473389,0.4860410690307617,1.078001618385315,0.4846508502960205
0.8020823370007908,0.2930973375983098,9.5965457944309,0.002226945976658231,0.1905666388132993,4.776706159114838,0.05272717604084926,0.042121129795251525,0.5630845975349931,0.010891239432727589,0.1768883689839572,0.5004988225011487,0.9994790596005387,3,add_myopathic,myopathic,normal+parkinsons+stroke+myopathic,37,2516,0.00022816032674667498,0.22579240798950195,0.6450456976890564,0.48939892649650574,1.080966591835022,0.4845179319381714
0.8034592542578193,0.29277963147443886,9.629110350328332,0.0023329574837321963,0.1886808550094857,4.853765063426074,0.053756769472623575,0.041325385216623545,0.5723773262956563,0.010907119687865762,0.17705548128342247,0.5007268268695979,0.9994999999999999,3,add_myopathic,myopathic,normal+parkinsons+stroke+myopathic,38,2584,0.0002249765832393966,0.226127490401268,0.6434592604637146,0.4927375912666321,1.0836626291275024,0.4844001531600952
0.7957945080364451,0.2884247916586259,9.5740146075978,0.002154080575564876,0.19045880349243388,4.758692460901597,0.05125071765745387,0.04189847368637428,0.5628819211440927,0.010763371691984288,0.17716688948306591,0.5013701441304436,0.999520940399461,3,add_myopathic,myopathic,normal+parkinsons+stroke+myopathic,39,2652,0.00022179288194747816,0.22642700374126434,0.6420122981071472,0.4961144030094147,1.0860509872436523,0.4843223989009857
0.795775245217716,0.28613388472620177,9.629608476863188,0.0022859476825140197,0.19202175035196192,4.7719161159851975,0.05036743335864123,0.04079477716346874,0.5717043683809393,0.010740749099675347,0.17989639037433158,0.5087037040492314,0.9995418440479374,3,add_myopathic,myopathic,normal+parkinsons+stroke+myopathic,40,2720,0.0002186149623964773,0.22673259675502777,0.6405446529388428,0.4994146227836609,1.0884557962417603,0.4842330813407898
0.7868633103721282,0.28443309182629867,9.48803954965928,0.0020087020615499247,0.18594251288210645,4.789259090143092,0.05222571498769171,0.03875540826907929,0.5766061938860837,0.010565911145771252,0.17789104278074866,0.5035178142129173,0.9995626742589427,3,add_myopathic,myopathic,normal+parkinsons+stroke+myopathic,41,2788,0.000215448553688722,0.22705447673797607,0.6390001177787781,0.5024280548095703,1.0909596681594849,0.4841203987598419
0.7857186811811784,0.27872809197972803,9.579967863419476,0.002174299650291419,0.1879853849463603,4.825975754681756,0.04953902609208051,0.04077261664411601,0.5666434633381227,0.010828552877201754,0.17764037433155083,0.5024348273146942,0.9995833944748768,3,add_myopathic,myopathic,normal+parkinsons+stroke+myopathic,42,2856,0.00021229936417497684,0.22733747959136963,0.6376304030418396,0.5051048398017883,1.0931869745254517,0.4840377867221832
0.7970264054396573,0.28566283820306554,9.675551148021922,0.0021809290842879016,0.19088909468230078,4.84880061009351,0.051844652742147446,0.03678313166122226,0.6016232761390069,0.010858116781010348,0.17808600713012476,0.503978035944444,0.9996039683311819,3,add_myopathic,myopathic,normal+parkinsons+stroke+myopathic,43,2924,0.0002091730711635201,0.22763746976852417,0.6362148523330688,0.5080617070198059,1.0954029560089111,0.48393091559410095
0.7792442721479079,0.2759552760159268,9.520629448049208,0.0022186440140050012,0.18781515539569013,4.769784475074095,0.05146881110747071,0.03656438143704744,0.5958918863359619,0.01049844394711887,0.17956216577540107,0.5076716999949809,0.9996243597201672,3,add_myopathic,myopathic,normal+parkinsons+stroke+myopathic,44,2992,0.00020607531068518334,0.22789113223552704,0.6349867582321167,0.510522723197937,1.0974377393722534,0.4838119447231293
0.7832276216324638,0.2782512015717871,9.541663871091956,0.002057885526001508,0.18735023434547818,4.8064608889467575,0.05284775095060468,0.037866417291190696,0.5884659202659831,0.010429353398435256,0.17716688948306594,0.5012366581950856,0.9996445328543766,3,add_myopathic,myopathic,normal+parkinsons+stroke+myopathic,45,3060,0.0002030116673328058,0.22814099490642548,0.6337677836418152,0.5129613280296326,1.0993866920471191,0.4837237298488617
0.7707667999407825,0.270026350284324,9.463508942547966,0.0019732208679402795,0.18385083710446076,4.817907515694113,0.051079197129344237,0.038633965339292496,0.5810956174836439,0.010273402228074916,0.17755681818181815,0.5023069165018776,0.9996644523293968,3,add_myopathic,myopathic,normal+parkinsons+stroke+myopathic,46,3128,0.00019998766419341982,0.22833971679210663,0.6327735185623169,0.5152524709701538,1.1009571552276611,0.4836406707763672
0.7764882033362108,0.27195272989132824,9.561712363187004,0.0021501666864530895,0.1900099487427403,4.757709482136895,0.04923127684742212,0.03561276723356808,0.6016502993948319,0.01047766296302571,0.17959001782531192,0.5076699352080392,0.9996840831859934,3,add_myopathic,myopathic,normal+parkinsons+stroke+myopathic,47,3196,0.00019700875289131847,0.22856485843658447,0.6316611766815186,0.5174164175987244,1.1026794910430908,0.48356136679649353
0.7731149108970866,0.2700415996505934,9.529802504707785,0.0020428602121469073,0.18874745246242075,4.76004473251455,0.04906153281712357,0.03562111777308233,0.6022692524334964,0.010825024808154386,0.1779467468805704,0.5030168460605245,0.9997033909714671,3,add_myopathic,myopathic,normal+parkinsons+stroke+myopathic,48,3264,0.0001940803037599548,0.22877371311187744,0.6306052207946777,0.5194514393806458,1.1042872667312622,0.483504980802536
0.7647955023190555,0.26109952019417987,9.551100015640259,0.0020653511712546736,0.18855079263448715,4.785696446895599,0.04985481434885193,0.03374588270397747,0.6085961577208603,0.010481615276897656,0.17906082887700533,0.5063509978036587,0.9997223418001149,3,add_myopathic,myopathic,normal+parkinsons+stroke+myopathic,49,3332,0.00019120759616039082,0.22897525131702423,0.6296079754829407,0.5215528607368469,1.10581374168396,0.48344478011131287
0.7596173584461212,0.26003796826390657,9.465040445327759,0.0018838737262686824,0.18320397966924837,4.837844143895542,0.04909295794170569,0.035358611877788514,0.5958932414650917,0.010428942301694085,0.18179032976827095,0.5137834613679131,0.9997409024127046,3,add_myopathic,myopathic,normal+parkinsons+stroke+myopathic,50,3400,0.00018839580896375024,0.22917287051677704,0.6286686062812805,0.5235535502433777,1.107253909111023,0.4833899736404419
0.7662874617997337,0.263820339432534,9.533565240747789,0.0018714998544002062,0.18675258229760563,4.817963130333844,0.047225509386728794,0.03510500049656805,0.6053319113219485,0.010412454605102539,0.17644273618538325,0.49933600263709166,0.9997590402348434,3,add_myopathic,myopathic,normal+parkinsons+stroke+myopathic,51,3468,0.00018565001121483284,0.2293490767478943,0.6278267502784729,0.5254800319671631,1.1085331439971924,0.4833389222621918
0.7542725012582892,0.25605925238307786,9.445936357273775,0.0020551413129878174,0.1852847127353444,4.762440053855672,0.04956244074684732,0.0342237460974823,0.6060643757090849,0.009939759969711304,0.17986853832442068,0.5084922659282198,0.9997767234341478,3,add_myopathic,myopathic,normal+parkinsons+stroke+myopathic,52,3536,0.00018297515299372182,0.22950202226638794,0.6270797848701477,0.5271586775779724,1.1097050905227661,0.48328348994255066
0.7587097111870261,0.2596307808862013,9.465920546475578,0.0020684071436442215,0.18397966509356217,4.814718709272497,0.04937036036897231,0.032999242039616496,0.6159161710563827,0.01038098948843339,0.1793393493761141,0.5072477745877293,0.9997939209761106,3,add_myopathic,myopathic,normal+parkinsons+stroke+myopathic,53,3604,0.000180376056491859,0.22965596616268158,0.6263485550880432,0.5287547707557678,1.1108226776123047,0.4832402467727661
0.7546897863640505,0.25554800559492674,9.47391463728512,0.0019674628462834176,0.18441161316107302,4.814437778557048,0.0481612812179853,0.032815641778356885,0.6121984523008851,0.010403618216514587,0.1793393493761141,0.5070891990266376,0.9998106026785649,3,add_myopathic,myopathic,normal+parkinsons+stroke+myopathic,54,3672,0.00017785740731867544,0.22979722917079926,0.6256651878356934,0.5302204489707947,1.111873984336853,0.4831954836845398
0.752401862950886,0.2521088559399633,9.493997054941515,0.001959639948087416,0.18611209883409388,4.79220364374273,0.047728426261421514,0.03386847153032089,0.6026262399904868,0.01038783963988809,0.17989639037433156,0.5087824887348881,0.9998267392646594,3,add_myopathic,myopathic,normal+parkinsons+stroke+myopathic,55,3740,0.00017542374605445014,0.22991925477981567,0.6250749826431274,0.5315842628479004,1.1128162145614624,0.48314371705055237
0.7567405665622038,0.25807544238427105,9.471035550622378,0.00187292683403939,0.1844375924590756,4.813272525282467,0.04891166359405307,0.030499728615669644,0.633440371383639,0.010520989404005162,0.17922794117647056,0.506766986100195,0.9998423024142342,3,add_myopathic,myopathic,normal+parkinsons+stroke+myopathic,56,3808,0.0001730794600646247,0.2300502210855484,0.6244687438011169,0.5329268574714661,1.1137346029281616,0.4831121265888214
0.7524157201542574,0.24968265873544357,9.5576810836792,0.001960800138048773,0.18830781692967696,4.800965698326335,0.046080447842969614,0.03232068702688112,0.6175217970329172,0.010497455211246716,0.17713903743315507,0.5014657975043368,0.999857264813529,3,add_myopathic,myopathic,normal+parkinsons+stroke+myopathic,57,3876,0.00017082877559033153,0.23016107082366943,0.6239392161369324,0.5340395569801331,1.114561676979065,0.48306575417518616
0.7497569901101729,0.2528725402320133,9.446619706995348,0.001992693800061448,0.18229410490568945,4.839449717718012,0.046133069924133664,0.03170564683044658,0.6189442614422125,0.01018755225574269,0.17920008912655974,0.5066515368290195,0.9998716002031149,3,add_myopathic,myopathic,normal+parkinsons+stroke+myopathic,58,3944,0.00016867575012939403,0.23026297986507416,0.6234588027000427,0.5351119637489319,1.115282416343689,0.48303985595703125
0.7492972989292705,0.24916060444186716,9.515934803906609,0.0019585095809923265,0.18494066354982994,4.843455458388609,0.04689798386329237,0.0295944374109454,0.6357089741265073,0.010433681747492622,0.18042557932263817,0.5100476843459104,0.9998852834239843,3,add_myopathic,myopathic,normal+parkinsons+stroke+myopathic,59,4012,0.0001666242651215347,0.23036064207553864,0.6229961514472961,0.5360540747642517,1.1159838438034058,0.4830085337162018
0.7458105481722775,0.24945559615598006,9.433529376983643,0.0018842784312950885,0.18533376122222228,4.753078460693359,0.0463136158993139,0.03186172135996029,0.6130557932397899,0.010269283371813157,0.17850378787878785,0.5046621692259546,0.9998982904617023,3,add_myopathic,myopathic,normal+parkinsons+stroke+myopathic,60,4080,0.0001646780189509782,0.23044399917125702,0.6225974559783936,0.5368990302085876,1.1166023015975952,0.48298317193984985
0.7320218121304232,0.24038281510857976,9.340789051616893,0.0018585875950520858,0.17858078878592043,4.829804613309748,0.04852968624190373,0.02910402892431354,0.6444307421060169,0.010382217519423542,0.17933934937611412,0.5069067626253179,0.9999105984885558,3,add_myopathic,myopathic,normal+parkinsons+stroke+myopathic,61,4148,0.00016284052027906338,0.23051942884922028,0.6222453117370605,0.5376434922218323,1.1171457767486572,0.4829619228839874
0.7381341273293776,0.24339174435419195,9.423577042186961,0.0019326060274205007,0.18129735352361903,4.8428280178238365,0.04539110870374476,0.02772466864382081,0.6495197169920978,0.010569156969294828,0.1786709001782531,0.5052621521936324,0.9999221859036145,3,add_myopathic,myopathic,normal+parkinsons+stroke+myopathic,62,4216,0.00016111508171888495,0.23059117794036865,0.6219135522842407,0.5383588075637817,1.1176413297653198,0.48294705152511597
0.7427794521345812,0.24561410725993268,9.476348428165212,0.0018638453569591923,0.18500461933367393,4.8046367904719185,0.04590804502367973,0.027317816912032226,0.6539459224132931,0.010082908412989448,0.18117758467023173,0.512193811250045,0.9999330323706412,3,add_myopathic,myopathic,normal+parkinsons+stroke+myopathic,63,4284,0.00015950481386336807,0.23064835369586945,0.6216461658477783,0.5389528870582581,1.118047833442688,0.48292943835258484
0.7369916596833397,0.23996390654321978,9.464771396973553,0.0019820236381800737,0.18276535084142403,4.846086943850798,0.04614851108806975,0.0284105156247011,0.6461034154190737,0.010298834127538344,0.1795343137254902,0.5076592852028564,0.9999431188537845,3,add_myopathic,myopathic,normal+parkinsons+stroke+myopathic,64,4352,0.00015801261967754115,0.23069994151592255,0.6214032173156738,0.5394536256790161,1.1184099912643433,0.48291563987731934
0.7310116054380641,0.23986294317771406,9.356675288256477,0.0018325029155034024,0.17896781971349435,4.836667225641363,0.044722390415913915,0.028895832762560424,0.6407225294148221,0.009820687420227948,0.17861519607843138,0.5050903351871474,0.9999524276509855,3,add_myopathic,myopathic,normal+parkinsons+stroke+myopathic,65,4420,0.00015664118926511723,0.2307453155517578,0.621193528175354,0.5398674011230469,1.1187260150909424,0.4828999936580658
0.7363002659643397,0.2391398790128091,9.482765323975507,0.0018765044283902492,0.18590173366315224,4.788309381288641,0.04537371140630806,0.027298817123450777,0.6558883838793811,0.00970798117272994,0.1779745989304813,0.503597158380263,0.9999609424250444,3,add_myopathic,myopathic,normal+parkinsons+stroke+myopathic,66,4488,0.00015539299501881815,0.23078088462352753,0.6210238933563232,0.5402019619941711,1.1189919710159302,0.4828881025314331
0.7329769020571428,0.23792913632796092,9.442451505100026,0.0019399768528220354,0.1827580560656155,4.825000703334808,0.044342885725200176,0.028004945337991503,0.6466977364000153,0.009676445056410396,0.1786709001782531,0.5052495271699557,0.9999686482322965,3,add_myopathic,myopathic,normal+parkinsons+stroke+myopathic,67,4556,0.00015427028716318464,0.23081092536449432,0.6208839416503906,0.5404917001724243,1.119205355644226,0.48287856578826904
0.7294112259850782,0.2393752371563631,9.34738839373869,0.0017783978597863631,0.1799665027681519,4.803765896488638,0.04552523953401867,0.024591008844949743,0.6649767129736788,0.010274994899244869,0.1783923796791444,0.5046332616561566,0.9999755315488348,3,add_myopathic,myopathic,normal+parkinsons+stroke+myopathic,68,4624,0.00015327508969790774,0.2308359146118164,0.6207699775695801,0.5407372713088989,1.1193758249282837,0.482870876789093
0.7332804115379558,0.24017569028279362,9.413993498858284,0.0018908094558248516,0.18336296804687557,4.7826491489129905,0.04486684714827467,0.02560488333213417,0.6623836317483116,0.009574215201770557,0.17719474153297682,0.5013472129896603,0.9999815802942467,3,add_myopathic,myopathic,normal+parkinsons+stroke+myopathic,69,4692,0.00015240919674899462,0.23085427284240723,0.6206837296485901,0.5409127473831177,1.1195060014724731,0.4828643798828125
0.7322602096725913,0.23508038459455266,9.48871137114132,0.0020001707393128205,0.18373835503178484,4.845248218844919,0.04457906562396709,0.02626562237684779,0.6588217011269402,0.010066166520118713,0.1782809714795009,0.5044400762381168,0.9999867838528156,3,add_myopathic,myopathic,normal+parkinsons+stroke+myopathic,70,4760,0.00015167416933434697,0.23086781799793243,0.6206211447715759,0.5410469174385071,1.1195987462997437,0.482860267162323
0.7314540954197154,0.23584560633582227,9.465181266560274,0.0018404640406301683,0.184435786350685,4.808275033445919,0.04447944374645457,0.02539315669085173,0.6655814713414978,0.009762540459632874,0.1780860071301248,0.5036002247466635,0.9999911330921514,3,add_myopathic,myopathic,normal+parkinsons+stroke+myopathic,71,4828,0.00015107133254958316,0.23087704181671143,0.6205779314041138,0.5411360263824463,1.1196635961532593,0.48285776376724243
0.731087359435418,0.2331743023413069,9.512560409658095,0.0018535220485372359,0.1867418510510641,4.797676100450404,0.04361680215772461,0.026473862187498632,0.6519316741648842,0.009524718803517958,0.17975713012477718,0.5083451014757436,0.9999946203792173,3,add_myopathic,myopathic,normal+parkinsons+stroke+myopathic,72,4896,0.00015060177317917692,0.23088230192661285,0.6205527186393738,0.5411856770515442,1.1197031736373901,0.4828561246395111
0.7324444669134477,0.23519482989521587,9.501619619481703,0.0018233868853284923,0.18510284581605127,4.828463736702414,0.04332690581898479,0.02576084982822923,0.6589768090668846,0.00979342355447657,0.17741755793226383,0.5019601767034044,0.999997239593727,3,add_myopathic,myopathic,normal+parkinsons+stroke+myopathic,73,4964,0.00015026633773722,0.23088496923446655,0.6205403208732605,0.5412115454673767,1.1197227239608765,0.48285529017448425
0.7244289517402649,0.23208062394576914,9.398029369466444,0.0018393223641289618,0.18017295068677733,4.847722533871146,0.04249604457222363,0.02719734554343364,0.647115109159666,0.010047001873745638,0.17605280748663102,0.4981430061322174,0.9999989861388867,3,add_myopathic,myopathic,normal+parkinsons+stroke+myopathic,74,5032,0.00015006563094133984,0.23088590800762177,0.6205357909202576,0.5412211418151855,1.119729995727539,0.4828548729419708
0.7255633043892243,0.23037845531807227,9.475586877149695,0.0019206899896209292,0.1857017552589669,4.785025726346409,0.04286046843866215,0.024013515315292513,0.6741239787901149,0.009374001446892233,0.17867090017825313,0.5048900094264681,0.999999856949461,3,add_myopathic,myopathic,normal+parkinsons+stroke+myopathic,75,5100,0.00015000001462252472,0.23088586330413818,0.6205354332923889,0.5412217378616333,1.1197307109832764,0.4828549325466156
0.8421943757463904,0.3559507282779497,8.755021004115834,0.003911504355902948,0.15704554604256854,4.7310947320040535,0.08371703359572326,0.08930738560636253,0.283127693897661,0.010472969097249648,0.17538435828877003,0.49488212785085156,0.9990001430505392,4,add_cerebralpalsy,cerebralpalsy,normal+parkinsons+stroke+myopathic+cerebralpalsy,1,68,0.0003,0.2293306589126587,0.6275696158409119,0.1957564502954483,0.9872496724128723,0.48262926936149597
0.8287127990933025,0.3418183773756027,8.73634800490211,0.0034327951657092746,0.15455820345703294,4.786573010332444,0.09240699893630602,0.08506631100659862,0.2955540164428599,0.011417382780243368,0.17466020499108734,0.4929868355577154,0.9990010138611133,4,add_cerebralpalsy,cerebralpalsy,normal+parkinsons+stroke+myopathic+cerebralpalsy,2,136,0.000299932395602264,0.23033611476421356,0.6229654550552368,0.20145460963249207,0.9930434226989746,0.4824008643627167
0.7988647161161199,0.3154042325913906,8.678649060866412,0.003298990721198018,0.1521482914686203,4.792466973557191,0.08427438622011858,0.09177896303727347,0.2792900079751716,0.011029374073533452,0.17747326203208555,0.5003336495905694,0.999002760406273,4,add_cerebralpalsy,cerebralpalsy,normal+parkinsons+stroke+myopathic+cerebralpalsy,3,204,0.00029972970428517845,0.23122048377990723,0.6189542412757874,0.20724248886108398,0.9983004331588745,0.4822124242782593
0.7958965161267448,0.3066654967911103,8.835259213167078,0.003214625592055895,0.1549837280283956,4.8803004236782295,0.08458018078304388,0.0824796149835867,0.31204584996928186,0.011406213921659133,0.17580213903743314,0.49621558053455184,0.999005379620783,4,add_cerebralpalsy,cerebralpalsy,normal+parkinsons+stroke+myopathic+cerebralpalsy,4,272,0.0002993922914573946,0.23220987617969513,0.614470899105072,0.21278689801692963,1.0035994052886963,0.4820043444633484
0.7787826964083839,0.29359526493970084,8.738144019070793,0.00281317819676855,0.15488731883027973,4.795631587505341,0.08395569801659268,0.0842908874482793,0.3039356831680326,0.012437162153861103,0.17538435828877005,0.49478071669015866,0.9990088669078491,4,add_cerebralpalsy,cerebralpalsy,normal+parkinsons+stroke+myopathic+cerebralpalsy,5,340,0.00029892076540133936,0.2330384999513626,0.610600471496582,0.2194249927997589,1.008200764656067,0.4819074869155884
0.7790141649105969,0.29936205025981455,8.655526048996869,0.0028876633749699548,0.1527257154093069,4.765191558529349,0.08035506631302483,0.08464713794562746,0.31956418231129646,0.011250509058727938,0.1763870320855615,0.4978652875839704,0.9990132161471846,4,add_cerebralpalsy,cerebralpalsy,normal+parkinsons+stroke+myopathic+cerebralpalsy,6,408,0.0002983159761766136,0.23371195793151855,0.6074215769767761,0.22573480010032654,1.0123870372772217,0.4818176329135895
0.7738792931332308,0.2938597767668612,8.649277553838843,0.0031884901417309746,0.1492435717407395,4.838476033771739,0.0794543639263686,0.08645899922532194,0.3007551757070948,0.012154580915675443,0.17390819964349374,0.49119188230007704,0.9990184197057533,4,add_cerebralpalsy,cerebralpalsy,normal+parkinsons+stroke+myopathic+cerebralpalsy,7,476,0.00029757901408751866,0.23441076278686523,0.6041303873062134,0.23154008388519287,1.0165592432022095,0.48173919320106506
0.7836287696571911,0.30084598677999835,8.720225053675035,0.00252979903598316,0.15380242751801715,4.8119193455752205,0.07921378654153909,0.08480002210639856,0.3197779405642958,0.011536143281880547,0.17842023172905527,0.5031281477982028,0.9990244684511654,4,add_cerebralpalsy,cerebralpalsy,normal+parkinsons+stroke+myopathic+cerebralpalsy,8,544,0.00029671120771747285,0.23499445617198944,0.6012544631958008,0.23783855140209198,1.0200860500335693,0.48170918226242065
0.763889252262957,0.2838699504294816,8.67820954322815,0.0027012884486740563,0.15051938900176218,4.847692594808691,0.07775784141438849,0.08249449379303876,0.3140486557694042,0.01209146310301388,0.17496657754010694,0.49400390691246493,0.9990313517677035,4,add_cerebralpalsy,cerebralpalsy,normal+parkinsons+stroke+myopathic+cerebralpalsy,9,612,0.0002957141215338627,0.23565423488616943,0.5981015563011169,0.24455755949020386,1.0241072177886963,0.4816586673259735
0.7628234169062447,0.2852734318550895,8.603273433797499,0.0028737539884305615,0.14757592472083428,4.842031457844903,0.08247615785940605,0.08173830752425335,0.3177158438107547,0.01266537343754488,0.17608065953654187,0.4966698475707789,0.9990390575749558,4,add_cerebralpalsy,cerebralpalsy,normal+parkinsons+stroke+myopathic+cerebralpalsy,10,680,0.0002945895530676465,0.2362491339445114,0.5952662825584412,0.25157731771469116,1.0278372764587402,0.4815581142902374
0.7651227116584778,0.28400812319972935,8.728790458510904,0.002799938705934705,0.1525378066169865,4.845346783890443,0.07203652561806581,0.08224189056850531,0.3132071670363931,0.012210921329610488,0.17638703208556153,0.4977342561866421,0.9990475723490148,4,add_cerebralpalsy,cerebralpalsy,normal+parkinsons+stroke+myopathic+cerebralpalsy,11,748,0.00029333952967279417,0.23675329983234406,0.5927830934524536,0.2580340504646301,1.0310842990875244,0.4815431237220764
0.757037993739633,0.28257936436463804,8.605452804004445,0.0028737004022867255,0.14627146797583385,4.876823642674615,0.07142987420015476,0.08241898676051813,0.3086157350198311,0.011447533965110779,0.1768326648841355,0.4988867179434122,0.9990568811462154,4,add_cerebralpalsy,cerebralpalsy,normal+parkinsons+stroke+myopathic+cerebralpalsy,12,816,0.0002919663048714061,0.23727180063724518,0.590179443359375,0.26465773582458496,1.0347187519073486,0.48145368695259094
0.7538570086745655,0.2753079691353966,8.674588946735158,0.002722938175258391,0.1526602438705809,4.790009389905369,0.07149979061282732,0.08356139009051464,0.30806213781675873,0.012108584537225612,0.17883801247771838,0.5041691533071536,0.9990669676293585,4,add_cerebralpalsy,cerebralpalsy,normal+parkinsons+stroke+myopathic+cerebralpalsy,13,884,0.0002904723542910997,0.23772867023944855,0.5878306031227112,0.27135348320007324,1.037952184677124,0.4814152419567108
0.7538831461878384,0.2751203032539171,8.712545472032884,0.002828310216393541,0.1532857434495407,4.809694118359509,0.069235361619469,0.07861549774294391,0.3313080650918624,0.012345701456069946,0.1773340017825312,0.5002325352624761,0.9990778140963854,4,add_cerebralpalsy,cerebralpalsy,normal+parkinsons+stroke+myopathic+cerebralpalsy,14,952,0.0002888603712019878,0.23821210861206055,0.5853065252304077,0.2784631550312042,1.0412517786026,0.48133769631385803
0.7474734704284107,0.27965627457289133,8.49844485170701,0.0027791276858325172,0.14251912494792657,4.865988552570343,0.06984482037232202,0.07798606803750291,0.3288106469108778,0.011874475899864645,0.17621991978609625,0.49732860221282055,0.9990894015114442,4,add_cerebralpalsy,cerebralpalsy,normal+parkinsons+stroke+myopathic+cerebralpalsy,15,1020,0.0002871332616612944,0.23869939148426056,0.5828770995140076,0.28572383522987366,1.0445168018341064,0.48129740357398987
0.7466236387982088,0.2751331971410443,8.602692211375517,0.0026774085674654037,0.1500838890890865,4.783659798257491,0.06563963253489312,0.07684397231787443,0.32824799265055093,0.011469851521884693,0.1763591800356506,0.4977122513389374,0.9991017095382977,4,add_cerebralpalsy,cerebralpalsy,normal+parkinsons+stroke+myopathic+cerebralpalsy,16,1088,0.0002852941392743613,0.23918743431568146,0.5803847908973694,0.29273495078086853,1.047836422920227,0.48125162720680237
0.7528982144944808,0.2753235296729733,8.73132964442758,0.0030453782340319935,0.15146402433952866,4.868594576330746,0.06609636813621311,0.07494147078079336,0.35598985631676283,0.011497473892043619,0.1774454099821747,0.5006118700004075,0.9991147165760159,4,add_cerebralpalsy,cerebralpalsy,normal+parkinsons+stroke+myopathic+cerebralpalsy,17,1156,0.00028334631958149085,0.23968170583248138,0.5777968168258667,0.3004350960254669,1.0510613918304443,0.48120471835136414
0.7477270355995964,0.27356561996481,8.660698035184074,0.0025997334587908186,0.149250126498587,4.864451601224787,0.06720122530618135,0.07418361782808514,0.35566358092953176,0.011560599593555225,0.17474376114082,0.49277364729733397,0.999128399796885,4,add_cerebralpalsy,cerebralpalsy,normal+parkinsons+stroke+myopathic+cerebralpalsy,18,1224,0.00028129331408074254,0.2401643991470337,0.5753401517868042,0.3074224889278412,1.0542316436767578,0.481161504983902
0.7412934864268583,0.2705364126492949,8.595315035651712,0.0025985855934456646,0.14907621723764083,4.803444992093479,0.06530939732842586,0.07527154514237362,0.3297727261396015,0.011692156686502345,0.1754679144385027,0.49525603440031624,0.9991427351864715,4,add_cerebralpalsy,cerebralpalsy,normal+parkinsons+stroke+myopathic+cerebralpalsy,19,1292,0.00027913882389746117,0.24063587188720703,0.5729652047157288,0.3139494061470032,1.0573790073394775,0.4811522364616394
0.7408738706041785,0.2741069791509825,8.538865096428815,0.0024764823234256577,0.14707886679645846,4.799981334630181,0.06321964599192142,0.07276254908784348,0.359235682469957,0.01165616074029137,0.17569073083778966,0.49583887172651636,0.9991576975857657,4,add_cerebralpalsy,cerebralpalsy,normal+parkinsons+stroke+myopathic+cerebralpalsy,20,1360,0.00027688673311194713,0.24100138247013092,0.5710440874099731,0.3200189471244812,1.0600985288619995,0.4811273217201233
0.7435301288085825,0.27147438486709313,8.645889927359189,0.002587589659550063,0.1514916840721579,4.793908077127793,0.06287697278072729,0.07310406912994735,0.3571057955131811,0.01153197095674627,0.17471590909090906,0.4932257018629656,0.9991732607353409,4,add_cerebralpalsy,cerebralpalsy,normal+parkinsons+stroke+myopathic+cerebralpalsy,21,1428,0.0002745411017572992,0.24133740365505219,0.5691395998001099,0.32650667428970337,1.062988519668579,0.48099833726882935
0.7410508052391165,0.27224205982159166,8.597826389705434,0.0025139474712298528,0.1458715833723545,4.888188057086047,0.06067108949098517,0.07164919140803463,0.3515845309285557,0.01167471268597771,0.17591354723707664,0.49663776336254156,0.9991893973214347,4,add_cerebralpalsy,cerebralpalsy,normal+parkinsons+stroke+myopathic+cerebralpalsy,22,1496,0.0002721061585000518,0.24169664084911346,0.5671008825302124,0.3329855799674988,1.0659099817276,0.4809119403362274
0.735310947193819,0.2664150632917881,8.59730869181016,0.0028027498962782216,0.14783310692976503,4.831412318874808,0.062283517409335167,0.07070600383860223,0.36686719296609654,0.011566119158969206,0.17485516934046344,0.4934483917982098,0.9992060790238897,4,add_cerebralpalsy,cerebralpalsy,normal+parkinsons+stroke+myopathic+cerebralpalsy,23,1564,0.000269586293016803,0.2420567274093628,0.5650280117988586,0.3394334316253662,1.068782091140747,0.4808104932308197
0.7358135800151264,0.2684621129404096,8.593292818349951,0.002845844245337717,0.1456707053105621,4.8803790457108445,0.060195281937280125,0.06822572544436245,0.36505217499592724,0.011163131279103896,0.17479946524064172,0.4933412566963367,0.9992232765658523,4,add_cerebralpalsy,cerebralpalsy,normal+parkinsons+stroke+myopathic+cerebralpalsy,24,1632,0.00026698604808057607,0.2424914389848709,0.5626710653305054,0.34522727131843567,1.0717891454696655,0.48073267936706543
0.7350367561859243,0.2689693955814137,8.56683330676135,0.002477628374061383,0.1470032467999879,4.829811404733097,0.059173999573378,0.06902137327501003,0.3537050097742501,0.011353693464223076,0.1761642156862745,0.4972630654636267,0.9992409597651566,4,add_cerebralpalsy,cerebralpalsy,normal+parkinsons+stroke+myopathic+cerebralpalsy,25,1700,0.000264310111371181,0.2428804636001587,0.5605822801589966,0.35167136788368225,1.0747642517089844,0.48063603043556213
0.7284494831281549,0.26305362910908814,8.556044634650736,0.002461795465719393,0.1470485784332542,4.818285339018878,0.05963721200275947,0.06791896575733143,0.371089376947459,0.011409138055408703,0.17591354723707664,0.49629801699985604,0.9992590975872955,4,add_cerebralpalsy,cerebralpalsy,normal+parkinsons+stroke+myopathic+cerebralpalsy,26,1768,0.0002615633070243411,0.24325735867023468,0.5585163235664368,0.35757535696029663,1.077675461769104,0.48052945733070374
0.7279456976582023,0.26616426666869836,8.494726973421434,0.002571778589352856,0.14455106722957947,4.81665584970923,0.05846171018064899,0.06729179089341093,0.36886721345431667,0.011213400784660788,0.178475935828877,0.5033882827028365,0.9992776581998849,4,add_cerebralpalsy,cerebralpalsy,normal+parkinsons+stroke+myopathic+cerebralpalsy,27,1836,0.00025875058693481805,0.24358709156513214,0.5566157698631287,0.36314329504966736,1.0802137851715088,0.4804227948188782
0.7243574717465568,0.25784214914721604,8.601422176641577,0.002696288374649799,0.1472420359359068,4.852964078678804,0.05723313324372558,0.06638984667027698,0.3827209722469835,0.0110769263085197,0.175829991087344,0.49605875292703727,0.9992966090285329,4,add_cerebralpalsy,cerebralpalsy,normal+parkinsons+stroke+myopathic+cerebralpalsy,28,1904,0.000255877021829216,0.2439243048429489,0.5547440052032471,0.3687966465950012,1.0826146602630615,0.48037752509117126
0.7210241512340658,0.2575869466013768,8.557584152502173,0.002610517467152985,0.1466074350344784,4.827135313959682,0.05715981701060253,0.0630886742078206,0.39634182457538214,0.010991748641518986,0.17474376114081996,0.49336132131150734,0.9993159168140063,4,add_cerebralpalsy,cerebralpalsy,normal+parkinsons+stroke+myopathic+cerebralpalsy,29,1972,0.0002529477921245567,0.24429666996002197,0.5526942610740662,0.3743569552898407,1.0853153467178345,0.48029863834381104
0.7282479396637749,0.2593233484555693,8.657938732820398,0.002485184730818112,0.14890743901624398,4.873123109340668,0.05735882357968127,0.06448817247634425,0.38798000290989876,0.011131791507496554,0.17566287878787878,0.49560483619395773,0.9993355476706033,4,add_cerebralpalsy,cerebralpalsy,normal+parkinsons+stroke+myopathic+cerebralpalsy,30,2040,0.0002499681785891072,0.24469824135303497,0.5505191087722778,0.38058069348335266,1.0881619453430176,0.4802252948284149
0.7178836762905121,0.2570309273022063,8.52687303458943,0.002487418436109746,0.14460827103432486,4.849480790250442,0.053926702314878214,0.062352062367341095,0.4001200970481424,0.010878799592747408,0.17610851158645277,0.49696895887130016,0.9993554671456235,4,add_cerebralpalsy,cerebralpalsy,normal+parkinsons+stroke+myopathic+cerebralpalsy,31,2108,0.0002469435528222956,0.24505050480365753,0.5485213398933411,0.38615280389785767,1.0908234119415283,0.4801250398159027
0.7183842124307857,0.2595439421779969,8.492738239905414,0.002612782210823806,0.14533947079497225,4.793931894442615,0.05520965777994955,0.05950021343853544,0.4139977539067759,0.011051779284196742,0.17463235294117646,0.49319123813765203,0.9993756402798326,4,add_cerebralpalsy,cerebralpalsy,normal+parkinsons+stroke+myopathic+cerebralpalsy,32,2176,0.00024387936757087753,0.24542732536792755,0.5464714765548706,0.39176756143569946,1.0934278964996338,0.4800335466861725
0.711151692797156,0.2518468400573029,8.49317381662481,0.0026631092264056753,0.14337001828586354,4.842345591853647,0.0539167876190999,0.061044797082157695,0.410884561126723,0.011811514987665065,0.17602495543672012,0.49685471762967465,0.9993960316688179,4,add_cerebralpalsy,cerebralpalsy,normal+parkinsons+stroke+myopathic+cerebralpalsy,33,2244,0.00024078114689881242,0.24569456279277802,0.5449305772781372,0.3964824676513672,1.095555067062378,0.47999849915504456
0.7048287172527874,0.25178855810971823,8.378180181278902,0.002715551785727525,0.13844979170928984,4.8490466054748085,0.056129102266448384,0.05893253984258456,0.4193253720946172,0.010731463923173793,0.1769162210338681,0.4990112631117243,0.9994166055251232,4,add_cerebralpalsy,cerebralpalsy,normal+parkinsons+stroke+myopathic+cerebralpalsy,34,2312,0.00023765447622856926,0.24606405198574066,0.5429173111915588,0.40167325735092163,1.0982214212417603,0.4799273908138275
0.7153831062948003,0.25430015386903987,8.536441788953894,0.0024962418332613785,0.14515725238358274,4.8451044208863205,0.05523870693629279,0.05898115142960759,0.4203891998485607,0.011411787832484525,0.17588569518716576,0.4966002502138277,0.9994373257410568,4,add_cerebralpalsy,cerebralpalsy,normal+parkinsons+stroke+myopathic+cerebralpalsy,35,2380,0.0002345049922718168,0.2463933229446411,0.5411252379417419,0.40632161498069763,1.1004835367202759,0.4798986315727234
0.7084367617088205,0.24912715330719948,8.505375995355493,0.0024780709157793727,0.14483557400458,4.822534817106583,0.05410365009789958,0.06082082205616376,0.3932466397390646,0.010619359857895794,0.17725044563279857,0.5002058717739036,0.9994581559520628,4,add_cerebralpalsy,cerebralpalsy,normal+parkinsons+stroke+myopathic+cerebralpalsy,36,2448,0.00023133837286765048,0.24667493999004364,0.5395455956459045,0.41070103645324707,1.1026103496551514,0.4798441529273987
0.7123872322194716,0.2509372341720497,8.569310230367323,0.002316201668958563,0.14763174896292827,4.820611543515149,0.05268551743424991,0.05864554238231743,0.41392243653535843,0.010303449981352863,0.17621991978609625,0.497216897810437,0.9994790596005387,4,add_cerebralpalsy,cerebralpalsy,normal+parkinsons+stroke+myopathic+cerebralpalsy,37,2516,0.00022816032674667498,0.24696838855743408,0.5378963947296143,0.41494929790496826,1.104811191558838,0.4797816574573517
0.701810714953086,0.24272836985833504,8.527868116603178,0.0024740009933285523,0.14553132094442844,4.8277350979692795,0.05305697900407454,0.05624577140106874,0.4197959573391606,0.010726488688412835,0.17435383244206773,0.49230784221825347,0.9994999999999999,4,add_cerebralpalsy,cerebralpalsy,normal+parkinsons+stroke+myopathic+cerebralpalsy,38,2584,0.0002249765832393966,0.24727624654769897,0.5361858606338501,0.4195992350578308,1.107001543045044,0.4797268211841583
0.7051426145960303,0.24689743404879289,8.504120469093323,0.0024142365582520142,0.14585214458844242,4.797460973262787,0.05322037456447587,0.05726137335466988,0.4069600856917746,0.010837430463117711,0.1747159090909091,0.49283293207721857,0.999520940399461,4,add_cerebralpalsy,cerebralpalsy,normal+parkinsons+stroke+myopathic+cerebralpalsy,39,2652,0.00022179288194747816,0.2475498765707016,0.5346422791481018,0.4233154356479645,1.108958125114441,0.4796508252620697
0.6973198389305788,0.23985768504002514,8.500640539562001,0.0025905200626071103,0.1440401603193844,4.834873458918403,0.05314281385611085,0.0554358839221737,0.43748149451087504,0.010570895145921147,0.1777239304812834,0.5012409440320541,0.9995418440479374,4,add_cerebralpalsy,cerebralpalsy,normal+parkinsons+stroke+myopathic+cerebralpalsy,40,2720,0.0002186149623964773,0.2478339821100235,0.5330192446708679,0.42707061767578125,1.1109066009521484,0.4796123504638672
0.697791600928587,0.24248259777531905,8.473306375391344,0.0026034503945779495,0.14401687363929608,4.807798234855428,0.05170985552317956,0.05434305072926423,0.44044512181597595,0.010260913301916683,0.17786319073083778,0.5017144421378775,0.9995626742589427,4,add_cerebralpalsy,cerebralpalsy,normal+parkinsons+stroke+myopathic+cerebralpalsy,41,2788,0.000215448553688722,0.24808037281036377,0.5316730737686157,0.4305657744407654,1.1126571893692017,0.47953060269355774
0.6953232875641655,0.23849231442984412,8.512541280073279,0.0024824835812015567,0.14363205947858446,4.859677753027747,0.051104899441056395,0.05378692564280594,0.44990072684252963,0.00996187942869523,0.1749108734402852,0.49363279748838024,0.9995833944748768,4,add_cerebralpalsy,cerebralpalsy,normal+parkinsons+stroke+myopathic+cerebralpalsy,42,2856,0.00021229936417497684,0.24833989143371582,0.5302230715751648,0.4346802234649658,1.114465355873108,0.4794679880142212
0.690989177016651,0.23599648037377527,8.462904291994432,0.0025309530627804205,0.14290519573670976,4.827000600450179,0.051043889211381185,0.05660854575826841,0.412460271269083,0.009868734023150276,0.17577428698752226,0.4959449916185547,0.9996039683311819,4,add_cerebralpalsy,cerebralpalsy,normal+parkinsons+stroke+myopathic+cerebralpalsy,43,2924,0.0002091730711635201,0.24856294691562653,0.5289842486381531,0.4378763735294342,1.116054654121399,0.4794110357761383
0.6816476329284555,0.23032295265618494,8.400174316237955,0.002578736238373334,0.1411101619767792,4.807951836025014,0.05246399605975432,0.05156519888516735,0.4574884908164249,0.010617312263039982,0.17777963458110516,0.5014939014036396,0.9996243597201672,4,add_cerebralpalsy,cerebralpalsy,normal+parkinsons+stroke+myopathic+cerebralpalsy,44,2992,0.00020607531068518334,0.2488243132829666,0.5275562405586243,0.44107586145401,1.117720365524292,0.4793737232685089
0.6912629429031821,0.23377504594185772,8.52939753672656,0.0025826403169262714,0.14524962336701505,4.833590931752148,0.051668288569678276,0.05120375807232717,0.46455151368589964,0.010600000619888306,0.17616421568627452,0.4967958590810357,0.9996445328543766,4,add_cerebralpalsy,cerebralpalsy,normal+parkinsons+stroke+myopathic+cerebralpalsy,45,3060,0.0002030116673328058,0.24906177818775177,0.5262680649757385,0.4443381428718567,1.1193389892578125,0.4792920649051666
0.679285573608735,0.22749934301656835,8.421970451579375,0.0023468544258160844,0.14124022314653678,4.832293482387767,0.050386973821065,0.052241838756291306,0.43874945995562215,0.010061003706034492,0.17399175579322637,0.49109327424012233,0.9996644523293968,4,add_cerebralpalsy,cerebralpalsy,normal+parkinsons+stroke+myopathic+cerebralpalsy,46,3128,0.00019998766419341982,0.24928198754787445,0.5250755548477173,0.4469492733478546,1.1208477020263672,0.4792501926422119
0.6825534079004737,0.22879519795670228,8.474131661302904,0.0024056259340688806,0.14504560072194128,4.787850961965673,0.04973471819368355,0.05040429483222611,0.46131331101059914,0.010033737210666431,0.17602495543672014,0.49682287210918163,0.9996840831859934,4,add_cerebralpalsy,cerebralpalsy,normal+parkinsons+stroke+myopathic+cerebralpalsy,47,3196,0.00019700875289131847,0.24949896335601807,0.523903489112854,0.4498451352119446,1.1223113536834717,0.47920554876327515
0.675185798722155,0.22482725057531805,8.410790148903342,0.0023229094752904903,0.1396284208578222,4.862006930743947,0.04765247778200051,0.051821843775756216,0.45821772362379465,0.009900920531328987,0.17602495543672014,0.49653380563441596,0.9997033909714671,4,add_cerebralpalsy,cerebralpalsy,normal+parkinsons+stroke+myopathic+cerebralpalsy,48,3264,0.0001940803037599548,0.24969802796840668,0.5228177905082703,0.45252156257629395,1.1236793994903564,0.47914931178092957
0.6762274915681166,0.2256614812375868,8.410677811678719,0.002474223417640828,0.14011373096967444,4.84597891218522,0.048730605774942565,0.05126587630194776,0.44968438805902705,0.010065986829645494,0.17507798573975042,0.4941781223361526,0.9997223418001149,4,add_cerebralpalsy,cerebralpalsy,normal+parkinsons+stroke+myopathic+cerebralpalsy,49,3332,0.00019120759616039082,0.2498883754014969,0.5217770934104919,0.45493870973587036,1.1249818801879883,0.4791000485420227
0.678907161249834,0.22169843316078186,8.547631284769844,0.0022766452842487898,0.1452991588808158,4.858236172619988,0.04830424169845441,0.050130541326806825,0.46511881425976753,0.010436929324093987,0.17755681818181818,0.5007866394588549,0.9997409024127046,4,add_cerebralpalsy,cerebralpalsy,normal+parkinsons+stroke+myopathic+cerebralpalsy,50,3400,0.00018839580896375024,0.25006458163261414,0.5207824110984802,0.45734989643096924,1.126203179359436,0.4790475368499756
0.6703432062092949,0.21875252552768765,8.435364218319163,0.002430394644547692,0.1411345146377297,4.846241502200856,0.047759275582125955,0.05172311098260038,0.44616952911019325,0.009903728085405687,0.17627562388591803,0.49738610777398334,0.9997590402348434,4,add_cerebralpalsy,cerebralpalsy,normal+parkinsons+stroke+myopathic+cerebralpalsy,51,3468,0.00018565001121483284,0.25023213028907776,0.519867479801178,0.4593155086040497,1.1273324489593506,0.47901514172554016
0.665570971720359,0.21633954959757187,8.391247146269855,0.002281917432864087,0.14148579406387665,4.797054371413062,0.048865163726184296,0.04993956130655373,0.4625861925237319,0.009935745421577902,0.17518939393939392,0.4946425311962128,0.9997767234341478,4,add_cerebralpalsy,cerebralpalsy,normal+parkinsons+stroke+myopathic+cerebralpalsy,52,3536,0.00018297515299372182,0.25039243698120117,0.5189927220344543,0.4615442454814911,1.1284310817718506,0.4789690375328064
0.6638877216507407,0.2138136748005362,8.421553492546082,0.0023269123562118586,0.14135248356443994,4.829568645533393,0.04635774070287452,0.050679231007747794,0.45884033665060997,0.009474245940937716,0.17530080213903743,0.49481264609642445,0.9997939209761106,4,add_cerebralpalsy,cerebralpalsy,normal+parkinsons+stroke+myopathic+cerebralpalsy,53,3604,0.000180376056491859,0.25051388144493103,0.5183040499687195,0.46328413486480713,1.1292856931686401,0.4789278507232666
0.6647453728844138,0.21484005845644893,8.41868111666511,0.0022171630099525347,0.14017506524482193,4.858875428929048,0.045054386945112664,0.05028617009520531,0.451570067773847,0.01027222941903507,0.17538435828877005,0.4949977269345107,0.9998106026785649,4,add_cerebralpalsy,cerebralpalsy,normal+parkinsons+stroke+myopathic+cerebralpalsy,54,3672,0.00017785740731867544,0.2506435215473175,0.5176014304161072,0.46506738662719727,1.130145788192749,0.4789043962955475
0.6664426396874821,0.21526894455446915,8.451009511947632,0.0022814376964507732,0.14452374112956665,4.78087997787139,0.04667244342100971,0.048428230590241796,0.45427531376481056,0.009696088293019463,0.17613636363636362,0.4969967310628442,0.9998267392646594,4,add_cerebralpalsy,cerebralpalsy,normal+parkinsons+stroke+myopathic+cerebralpalsy,55,3740,0.00017542374605445014,0.2507747411727905,0.5168787837028503,0.46672195196151733,1.1310173273086548,0.47887125611305237
0.6615589401301216,0.21010343314093702,8.45898674516117,0.0021186349262921687,0.1407217817271457,4.887976299313938,0.04627426530179732,0.0477184686152374,0.47276854186373596,0.010015959248823278,0.17507798573975042,0.4942084554449416,0.9998423024142342,4,add_cerebralpalsy,cerebralpalsy,normal+parkinsons+stroke+myopathic+cerebralpalsy,56,3808,0.0001730794600646247,0.2508862018585205,0.5162659883499146,0.4681563675403595,1.1317819356918335,0.47884464263916016
0.6604550875285092,0.2091989832765916,8.469170317930335,0.0023857514623908654,0.14435882187064955,4.8005560110597045,0.04523724240853506,0.04697161655434791,0.4791362187003388,0.009490741526379305,0.17435383244206773,0.4923448080432274,0.999857264813529,4,add_cerebralpalsy,cerebralpalsy,normal+parkinsons+stroke+myopathic+cerebralpalsy,57,3876,0.00017082877559033153,0.2509956359863281,0.5156638622283936,0.4694306254386902,1.1324776411056519,0.4788150489330292
0.657817609169904,0.21223033657845328,8.349052786827087,0.002260608697029324,0.13909770208684838,4.815095007419586,0.0459045294453116,0.046895268263623995,0.4846603686318678,0.009869342341142543,0.1739639037433155,0.49130286894268616,0.9998716002031149,4,add_cerebralpalsy,cerebralpalsy,normal+parkinsons+stroke+myopathic+cerebralpalsy,58,3944,0.00016867575012939403,0.25108635425567627,0.5151581764221191,0.4706335961818695,1.133072018623352,0.47878795862197876
0.6579969691879609,0.2082468792796135,8.440038793227252,0.0022712915755726177,0.14252937848077102,4.820022060590632,0.0454202930936042,0.04684746621505303,0.47258997204549175,0.009362404837327845,0.17393605169340465,0.49133926483183465,0.9998852834239843,4,add_cerebralpalsy,cerebralpalsy,normal+parkinsons+stroke+myopathic+cerebralpalsy,59,4012,0.0001666242651215347,0.2511695623397827,0.5147027373313904,0.4715481996536255,1.1336510181427002,0.47875580191612244
0.6531496477477691,0.20671114807619767,8.369699478149414,0.0021880700848722723,0.14040913531447158,4.804769302115721,0.04491955754073227,0.04723518988227143,0.4794829290579347,0.009829649153877707,0.1777239304812834,0.501407583110221,0.9998982904617023,4,add_cerebralpalsy,cerebralpalsy,normal+parkinsons+stroke+myopathic+cerebralpalsy,60,4080,0.0001646780189509782,0.2512507438659668,0.5142699480056763,0.4724964499473572,1.1341259479522705,0.47873878479003906
0.6538265838342554,0.20607712295125513,8.399920421488146,0.0021670132315621767,0.13961476219051025,4.855376061271219,0.04474494743215687,0.04696235964622568,0.4741058601614307,0.00965321940534255,0.176052807486631,0.49665331934921836,0.9999105984885558,4,add_cerebralpalsy,cerebralpalsy,normal+parkinsons+stroke+myopathic+cerebralpalsy,61,4148,0.00016284052027906338,0.2513153851032257,0.5139111876487732,0.4733346700668335,1.1345609426498413,0.4787197411060333
0.6529794037342072,0.2072832851725466,8.369996968437643,0.0023332590216715984,0.138961737318074,4.837622028939864,0.0440803412348032,0.04529541654183584,0.47772963564185533,0.009704647695316988,0.17599710338680927,0.49638773174767237,0.9999221859036145,4,add_cerebralpalsy,cerebralpalsy,normal+parkinsons+stroke+myopathic+cerebralpalsy,62,4216,0.00016111508171888495,0.2513791024684906,0.5135636329650879,0.47409987449645996,1.1349685192108154,0.47870561480522156
0.6481612201999215,0.20317436228780186,8.35797382102293,0.002404163042014903,0.13857384694411473,4.833523557466619,0.044383713975548744,0.04469507160213064,0.4744608073550112,0.009636926300385418,0.1768883689839572,0.4989644464080923,0.9999330323706412,4,add_cerebralpalsy,cerebralpalsy,normal+parkinsons+stroke+myopathic+cerebralpalsy,63,4284,0.00015950481386336807,0.2514338195323944,0.5132558345794678,0.4747377634048462,1.135327696800232,0.4786912798881531
0.6496140501078438,0.20025933249031797,8.450042717597064,0.0022098450692069225,0.14308526410776026,4.8176650404930115,0.04460384463891387,0.04411212267244563,0.4934977691839723,0.00934716796173769,0.17488302139037432,0.4937026829761991,0.9999431188537845,4,add_cerebralpalsy,cerebralpalsy,normal+parkinsons+stroke+myopathic+cerebralpalsy,64,4352,0.00015801261967754115,0.25147995352745056,0.512995183467865,0.4753050208091736,1.135643482208252,0.47867709398269653
0.647647837505621,0.20194455762119853,8.385233381215263,0.0021448717212907095,0.14001095536000588,4.8313376587979935,0.043324240182033354,0.04384950170403018,0.4919084492413437,0.009296345360138836,0.17621991978609627,0.49717700394460246,0.9999524276509855,4,add_cerebralpalsy,cerebralpalsy,normal+parkinsons+stroke+myopathic+cerebralpalsy,65,4420,0.00015664118926511723,0.2515186369419098,0.512775182723999,0.4757803678512573,1.1359087228775024,0.4786660671234131
0.6464017533204135,0.1971043234362322,8.448443062165204,0.0021846128134604763,0.1432897258988198,4.811584626927095,0.04370692013488973,0.04499780014157295,0.47878601467784715,0.00939818427843206,0.1751058377896613,0.49404931323132134,0.9999609424250444,4,add_cerebralpalsy,cerebralpalsy,normal+parkinsons+stroke+myopathic+cerebralpalsy,66,4488,0.00015539299501881815,0.25155219435691833,0.512586236000061,0.47618910670280457,1.1361305713653564,0.47865691781044006
0.6452173520536983,0.19794374244178042,8.420272841173059,0.002187878018423148,0.14334230716614163,4.78201821271111,0.04177194211960716,0.044639696695787066,0.4847676464739968,0.009314104038126329,0.17644273618538325,0.4977527252831705,0.9999686482322965,4,add_cerebralpalsy,cerebralpalsy,normal+parkinsons+stroke+myopathic+cerebralpalsy,67,4556,0.00015427028716318464,0.2515775263309479,0.51244056224823,0.4764847755432129,1.1363062858581543,0.47864922881126404
0.6356633305549622,0.19455304851426797,8.299356663928313,0.0022077137614627752,0.13629670353496776,4.83674620179569,0.04438954361659639,0.04152801085044356,0.5163401553736013,0.009326117880204144,0.17516154188948305,0.4941156787479291,0.9999755315488348,4,add_cerebralpalsy,cerebralpalsy,normal+parkinsons+stroke+myopathic+cerebralpalsy,68,4624,0.00015327508969790774,0.2516005337238312,0.5123120546340942,0.47673967480659485,1.1364551782608032,0.4786422848701477
0.6418645942912382,0.19466383536072338,8.434201626216664,0.0020963215553338695,0.14211587837952025,4.828896578620462,0.04157302772407146,0.04206395382061601,0.5001643354840138,0.009162848486619838,0.17660984848484845,0.49836118201163443,0.9999815802942467,4,add_cerebralpalsy,cerebralpalsy,normal+parkinsons+stroke+myopathic+cerebralpalsy,69,4692,0.00015240919674899462,0.25161823630332947,0.5122144818305969,0.47694969177246094,1.1365704536437988,0.4786372482776642
0.6414932065150317,0.19450426715261795,8.416416890480939,0.002176064280587632,0.1398472908665152,4.8658330791136795,0.04269708260236418,0.0437717141912264,0.498484252130284,0.00910177914535298,0.17440953654188948,0.4918895422105893,0.9999867838528156,4,add_cerebralpalsy,cerebralpalsy,normal+parkinsons+stroke+myopathic+cerebralpalsy,70,4760,0.00015167416933434697,0.2516302466392517,0.5121485590934753,0.47708970308303833,1.1366493701934814,0.47863373160362244
0.6446482539176941,0.19634195592473536,8.454156910671907,0.002127677871612832,0.14262646885917468,4.83530318035799,0.041911893442054,0.04154253594906015,0.5110517091610852,0.009469687062151292,0.17803030303030298,0.5022432512939767,0.9999911330921514,4,add_cerebralpalsy,cerebralpalsy,normal+parkinsons+stroke+myopathic+cerebralpalsy,71,4828,0.00015107133254958316,0.2516385614871979,0.5121027231216431,0.4771856963634491,1.1367039680480957,0.4786314368247986
0.635599640362403,0.19458237684824886,8.300619588178748,0.002257810036740814,0.13703359082779465,4.818334579467773,0.043467843220295274,0.04262185463791385,0.5048203290823627,0.008927711669136496,0.17705548128342244,0.4993928755243014,0.9999946203792173,4,add_cerebralpalsy,cerebralpalsy,normal+parkinsons+stroke+myopathic+cerebralpalsy,72,4896,0.00015060177317917692,0.25164368748664856,0.5120753049850464,0.47724229097366333,1.1367368698120117,0.47863006591796875
0.6342928058960858,0.19390460596803358,8.301878711756538,0.0021570256811922744,0.1360363409142284,4.847044594147626,0.042504273738492936,0.04144876976223553,0.5069488080985406,0.008612000766922446,0.17772393048128343,0.5010755698590896,0.999997239593727,4,add_cerebralpalsy,cerebralpalsy,normal+parkinsons+stroke+myopathic+cerebralpalsy,73,4964,0.00015026633773722,0.2516463100910187,0.5120611786842346,0.47727352380752563,1.136753797531128,0.47862932085990906
0.6405108124017715,0.1972230288254864,8.360229723593768,0.0021721054115058746,0.1413025216144674,4.773364049546859,0.04065205912817927,0.04255122464040623,0.4913073190871407,0.008950958357137792,0.17864304812834222,0.503690900957259,0.9999989861388867,4,add_cerebralpalsy,cerebralpalsy,normal+parkinsons+stroke+myopathic+cerebralpalsy,74,5032,0.00015006563094133984,0.2516472637653351,0.5120561718940735,0.4772840142250061,1.1367597579956055,0.4786289930343628
0.634399034521159,0.19117751717567444,8.348547542796416,0.0022961756193955593,0.1366887310629382,4.873924875960631,0.042597189025186444,0.0424634270808276,0.49060870575554233,0.009057959212976344,0.1749944295900178,0.4939218259545759,0.999999856949461,4,add_cerebralpalsy,cerebralpalsy,normal+parkinsons+stroke+myopathic+cerebralpalsy,75,5100,0.00015000001462252472,0.25164714455604553,0.5120558142662048,0.47728443145751953,1.1367603540420532,0.47862905263900757
