seq,frame_num,cam_view,gait_event,dataset,gait_pat,bbox,vid_info,id,url
cllamxx59004k3o6lkg8cvmpl,4396,back,,Abnormal Gait,myopathic,"{'top': 9.0, 'left': 276.0, 'height': 335.0, 'width': 104.0}","{'height': 360, 'width': 640, 'mime_type': 'video/mp4'}",zJ6PFxJrGf8,https://www.youtube.com/watch?v=zJ6PFxJrGf8
cllamxx59004k3o6lkg8cvmpl,4397,back,,Abnormal Gait,myopathic,"{'top': 8.709677419354838, 'left': 275.16129032258067, 'height': 335.5161290322581, 'width': 106.70967741935482}","{'height': 360, 'width': 640, 'mime_type': 'video/mp4'}",zJ6PFxJrGf8,https://www.youtube.com/watch?v=zJ6PFxJrGf8
cllamxx59004k3o6lkg8cvmpl,4398,back,,Abnormal Gait,myopathic,"{'top': 8.419354838709678, 'left': 274.3225806451613, 'height': 336.0322580645161, 'width': 109.4193548387097}","{'height': 360, 'width': 640, 'mime_type': 'video/mp4'}",zJ6PFxJrGf8,https://www.youtube.com/watch?v=zJ6PFxJrGf8
cllamxx59004k3o6lkg8cvmpl,4399,back,,Abnormal Gait,myopathic,"{'top': 8.129032258064516, 'left': 273.48387096774195, 'height': 336.5483870967742, 'width': 112.12903225806451}","{'height': 360, 'width': 640, 'mime_type': 'video/mp4'}",zJ6PFxJrGf8,https://www.youtube.com/watch?v=zJ6PFxJrGf8
cllamxx59004k3o6lkg8cvmpl,4400,back,,Abnormal Gait,myopathic,"{'top': 7.838709677419355, 'left': 272.64516129032256, 'height': 337.06451612903226, 'width': 114.83870967741939}","{'height': 360, 'width': 640, 'mime_type': 'video/mp4'}",zJ6PFxJrGf8,https://www.youtube.com/watch?v=zJ6PFxJrGf8
cllamxx59004k3o6lkg8cvmpl,4401,back,,Abnormal Gait,myopathic,"{'top': 7.548387096774194, 'left': 271.80645161290323, 'height': 337.5806451612903, 'width': 117.5483870967742}","{'height': 360, 'width': 640, 'mime_type': 'video/mp4'}",zJ6PFxJrGf8,https://www.youtube.com/watch?v=zJ6PFxJrGf8
cllamxx59004k3o6lkg8cvmpl,4402,back,,Abnormal Gait,myopathic,"{'top': 7.258064516129032, 'left': 270.96774193548384, 'height': 338.0967741935484, 'width': 120.25806451612908}","{'height': 360, 'width': 640, 'mime_type': 'video/mp4'}",zJ6PFxJrGf8,https://www.youtube.com/watch?v=zJ6PFxJrGf8
cllamxx59004k3o6lkg8cvmpl,4403,back,,Abnormal Gait,myopathic,"{'top': 6.967741935483871, 'left': 270.1290322580645, 'height': 338.61290322580646, 'width': 122.9677419354839}","{'height': 360, 'width': 640, 'mime_type': 'video/mp4'}",zJ6PFxJrGf8,https://www.youtube.com/watch?v=zJ6PFxJrGf8
cllamxx59004k3o6lkg8cvmpl,4404,back,,Abnormal Gait,myopathic,"{'top': 6.67741935483871, 'left': 269.2903225806452, 'height': 339.1290322580645, 'width': 125.67741935483866}","{'height': 360, 'width': 640, 'mime_type': 'video/mp4'}",zJ6PFxJrGf8,https://www.youtube.com/watch?v=zJ6PFxJrGf8
cllamxx59004k3o6lkg8cvmpl,4405,back,,Abnormal Gait,myopathic,"{'top': 6.387096774193548, 'left': 268.4516129032258, 'height': 339.6451612903226, 'width': 128.38709677419354}","{'height': 360, 'width': 640, 'mime_type': 'video/mp4'}",zJ6PFxJrGf8,https://www.youtube.com/watch?v=zJ6PFxJrGf8
cllamxx59004k3o6lkg8cvmpl,4406,back,,Abnormal Gait,myopathic,"{'top': 6.096774193548387, 'left': 267.61290322580646, 'height': 340.1612903225806, 'width': 131.09677419354836}","{'height': 360, 'width': 640, 'mime_type': 'video/mp4'}",zJ6PFxJrGf8,https://www.youtube.com/watch?v=zJ6PFxJrGf8
cllamxx59004k3o6lkg8cvmpl,4407,back,,Abnormal Gait,myopathic,"{'top': 5.806451612903226, 'left': 266.7741935483871, 'height': 340.6774193548387, 'width': 133.80645161290323}","{'height': 360, 'width': 640, 'mime_type': 'video/mp4'}",zJ6PFxJrGf8,https://www.youtube.com/watch?v=zJ6PFxJrGf8
cllamxx59004k3o6lkg8cvmpl,4408,back,,Abnormal Gait,myopathic,"{'top': 5.516129032258064, 'left': 265.93548387096774, 'height': 341.19354838709677, 'width': 136.51612903225805}","{'height': 360, 'width': 640, 'mime_type': 'video/mp4'}",zJ6PFxJrGf8,https://www.youtube.com/watch?v=zJ6PFxJrGf8
cllamxx59004k3o6lkg8cvmpl,4409,back,,Abnormal Gait,myopathic,"{'top': 5.225806451612903, 'left': 265.0967741935484, 'height': 341.7096774193548, 'width': 139.22580645161287}","{'height': 360, 'width': 640, 'mime_type': 'video/mp4'}",zJ6PFxJrGf8,https://www.youtube.com/watch?v=zJ6PFxJrGf8
cllamxx59004k3o6lkg8cvmpl,4410,back,,Abnormal Gait,myopathic,"{'top': 4.935483870967742, 'left': 264.258064516129, 'height': 342.2258064516129, 'width': 141.93548387096774}","{'height': 360, 'width': 640, 'mime_type': 'video/mp4'}",zJ6PFxJrGf8,https://www.youtube.com/watch?v=zJ6PFxJrGf8
cllamxx59004k3o6lkg8cvmpl,4411,back,,Abnormal Gait,myopathic,"{'top': 4.64516129032258, 'left': 263.4193548387097, 'height': 342.741935483871, 'width': 144.64516129032256}","{'height': 360, 'width': 640, 'mime_type': 'video/mp4'}",zJ6PFxJrGf8,https://www.youtube.com/watch?v=zJ6PFxJrGf8
cllamxx59004k3o6lkg8cvmpl,4412,back,,Abnormal Gait,myopathic,"{'top': 4.35483870967742, 'left': 262.5806451612903, 'height': 343.258064516129, 'width': 147.35483870967744}","{'height': 360, 'width': 640, 'mime_type': 'video/mp4'}",zJ6PFxJrGf8,https://www.youtube.com/watch?v=zJ6PFxJrGf8
cllamxx59004k3o6lkg8cvmpl,4413,back,,Abnormal Gait,myopathic,"{'top': 4.064516129032258, 'left': 261.741935483871, 'height': 343.7741935483871, 'width': 150.06451612903226}","{'height': 360, 'width': 640, 'mime_type': 'video/mp4'}",zJ6PFxJrGf8,https://www.youtube.com/watch?v=zJ6PFxJrGf8
cllamxx59004k3o6lkg8cvmpl,4414,back,,Abnormal Gait,myopathic,"{'top': 3.774193548387096, 'left': 260.9032258064516, 'height': 344.2903225806452, 'width': 152.77419354838713}","{'height': 360, 'width': 640, 'mime_type': 'video/mp4'}",zJ6PFxJrGf8,https://www.youtube.com/watch?v=zJ6PFxJrGf8
cllamxx59004k3o6lkg8cvmpl,4415,back,,Abnormal Gait,myopathic,"{'top': 3.483870967741935, 'left': 260.06451612903226, 'height': 344.80645161290323, 'width': 155.48387096774195}","{'height': 360, 'width': 640, 'mime_type': 'video/mp4'}",zJ6PFxJrGf8,https://www.youtube.com/watch?v=zJ6PFxJrGf8
cllamxx59004k3o6lkg8cvmpl,4416,back,,Abnormal Gait,myopathic,"{'top': 3.193548387096774, 'left': 259.2258064516129, 'height': 345.3225806451613, 'width': 158.19354838709677}","{'height': 360, 'width': 640, 'mime_type': 'video/mp4'}",zJ6PFxJrGf8,https://www.youtube.com/watch?v=zJ6PFxJrGf8
cllamxx59004k3o6lkg8cvmpl,4417,back,,Abnormal Gait,myopathic,"{'top': 2.903225806451613, 'left': 258.38709677419354, 'height': 345.8387096774194, 'width': 160.90322580645164}","{'height': 360, 'width': 640, 'mime_type': 'video/mp4'}",zJ6PFxJrGf8,https://www.youtube.com/watch?v=zJ6PFxJrGf8
cllamxx59004k3o6lkg8cvmpl,4418,back,,Abnormal Gait,myopathic,"{'top': 2.612903225806451, 'left': 257.5483870967742, 'height': 346.3548387096774, 'width': 163.61290322580646}","{'height': 360, 'width': 640, 'mime_type': 'video/mp4'}",zJ6PFxJrGf8,https://www.youtube.com/watch?v=zJ6PFxJrGf8
cllamxx59004k3o6lkg8cvmpl,4419,back,,Abnormal Gait,myopathic,"{'top': 2.32258064516129, 'left': 256.7096774193548, 'height': 346.8709677419355, 'width': 166.32258064516128}","{'height': 360, 'width': 640, 'mime_type': 'video/mp4'}",zJ6PFxJrGf8,https://www.youtube.com/watch?v=zJ6PFxJrGf8
cllamxx59004k3o6lkg8cvmpl,4420,back,,Abnormal Gait,myopathic,"{'top': 2.032258064516129, 'left': 255.8709677419355, 'height': 347.38709677419354, 'width': 169.0322580645161}","{'height': 360, 'width': 640, 'mime_type': 'video/mp4'}",zJ6PFxJrGf8,https://www.youtube.com/watch?v=zJ6PFxJrGf8
cllamxx59004k3o6lkg8cvmpl,4421,back,,Abnormal Gait,myopathic,"{'top': 1.741935483870968, 'left': 255.03225806451613, 'height': 347.9032258064516, 'width': 171.74193548387095}","{'height': 360, 'width': 640, 'mime_type': 'video/mp4'}",zJ6PFxJrGf8,https://www.youtube.com/watch?v=zJ6PFxJrGf8
cllamxx59004k3o6lkg8cvmpl,4422,back,,Abnormal Gait,myopathic,"{'top': 1.451612903225806, 'left': 254.19354838709677, 'height': 348.4193548387097, 'width': 174.4516129032258}","{'height': 360, 'width': 640, 'mime_type': 'video/mp4'}",zJ6PFxJrGf8,https://www.youtube.com/watch?v=zJ6PFxJrGf8
cllamxx59004k3o6lkg8cvmpl,4423,back,,Abnormal Gait,myopathic,"{'top': 1.161290322580645, 'left': 253.3548387096774, 'height': 348.93548387096774, 'width': 177.16129032258064}","{'height': 360, 'width': 640, 'mime_type': 'video/mp4'}",zJ6PFxJrGf8,https://www.youtube.com/watch?v=zJ6PFxJrGf8
cllamxx59004k3o6lkg8cvmpl,4424,back,,Abnormal Gait,myopathic,"{'top': 0.8709677419354841, 'left': 252.51612903225805, 'height': 349.4516129032258, 'width': 179.8709677419355}","{'height': 360, 'width': 640, 'mime_type': 'video/mp4'}",zJ6PFxJrGf8,https://www.youtube.com/watch?v=zJ6PFxJrGf8
cllamxx59004k3o6lkg8cvmpl,4425,back,,Abnormal Gait,myopathic,"{'top': 0.5806451612903231, 'left': 251.67741935483872, 'height': 349.9677419354839, 'width': 182.5806451612903}","{'height': 360, 'width': 640, 'mime_type': 'video/mp4'}",zJ6PFxJrGf8,https://www.youtube.com/watch?v=zJ6PFxJrGf8
cllamxx59004k3o6lkg8cvmpl,4426,back,,Abnormal Gait,myopathic,"{'top': 0.29032258064516003, 'left': 250.83870967741936, 'height': 350.4838709677419, 'width': 185.29032258064515}","{'height': 360, 'width': 640, 'mime_type': 'video/mp4'}",zJ6PFxJrGf8,https://www.youtube.com/watch?v=zJ6PFxJrGf8
cllamxx59004k3o6lkg8cvmpl,4427,back,,Abnormal Gait,myopathic,"{'top': 0.0, 'left': 250.0, 'height': 351.0, 'width': 188.0}","{'height': 360, 'width': 640, 'mime_type': 'video/mp4'}",zJ6PFxJrGf8,https://www.youtube.com/watch?v=zJ6PFxJrGf8
cllamxx59004k3o6lkg8cvmpl,4428,back,,Abnormal Gait,myopathic,"{'top': 0.237903225806451, 'left': 249.99193548387098, 'height': 350.5040322580645, 'width': 187.7459677419355}","{'height': 360, 'width': 640, 'mime_type': 'video/mp4'}",zJ6PFxJrGf8,https://www.youtube.com/watch?v=zJ6PFxJrGf8
cllamxx59004k3o6lkg8cvmpl,4429,back,,Abnormal Gait,myopathic,"{'top': 0.475806451612903, 'left': 249.98387096774192, 'height': 350.008064516129, 'width': 187.491935483871}","{'height': 360, 'width': 640, 'mime_type': 'video/mp4'}",zJ6PFxJrGf8,https://www.youtube.com/watch?v=zJ6PFxJrGf8
cllamxx59004k3o6lkg8cvmpl,4430,back,,Abnormal Gait,myopathic,"{'top': 0.7137096774193541, 'left': 249.9758064516129, 'height': 349.5120967741936, 'width': 187.23790322580643}","{'height': 360, 'width': 640, 'mime_type': 'video/mp4'}",zJ6PFxJrGf8,https://www.youtube.com/watch?v=zJ6PFxJrGf8
cllamxx59004k3o6lkg8cvmpl,4431,back,,Abnormal Gait,myopathic,"{'top': 0.951612903225806, 'left': 249.96774193548387, 'height': 349.01612903225805, 'width': 186.98387096774192}","{'height': 360, 'width': 640, 'mime_type': 'video/mp4'}",zJ6PFxJrGf8,https://www.youtube.com/watch?v=zJ6PFxJrGf8
cllamxx59004k3o6lkg8cvmpl,4432,back,,Abnormal Gait,myopathic,"{'top': 1.189516129032258, 'left': 249.95967741935485, 'height': 348.52016129032256, 'width': 186.7298387096774}","{'height': 360, 'width': 640, 'mime_type': 'video/mp4'}",zJ6PFxJrGf8,https://www.youtube.com/watch?v=zJ6PFxJrGf8
cllamxx59004k3o6lkg8cvmpl,4433,back,,Abnormal Gait,myopathic,"{'top': 1.427419354838709, 'left': 249.9516129032258, 'height': 348.0241935483871, 'width': 186.47580645161293}","{'height': 360, 'width': 640, 'mime_type': 'video/mp4'}",zJ6PFxJrGf8,https://www.youtube.com/watch?v=zJ6PFxJrGf8
cllamxx59004k3o6lkg8cvmpl,4434,back,,Abnormal Gait,myopathic,"{'top': 1.665322580645161, 'left': 249.94354838709677, 'height': 347.5282258064516, 'width': 186.2217741935484}","{'height': 360, 'width': 640, 'mime_type': 'video/mp4'}",zJ6PFxJrGf8,https://www.youtube.com/watch?v=zJ6PFxJrGf8
cllamxx59004k3o6lkg8cvmpl,4435,back,,Abnormal Gait,myopathic,"{'top': 1.903225806451612, 'left': 249.93548387096774, 'height': 347.03225806451616, 'width': 185.96774193548384}","{'height': 360, 'width': 640, 'mime_type': 'video/mp4'}",zJ6PFxJrGf8,https://www.youtube.com/watch?v=zJ6PFxJrGf8
cllamxx59004k3o6lkg8cvmpl,4436,back,,Abnormal Gait,myopathic,"{'top': 2.141129032258064, 'left': 249.92741935483872, 'height': 346.53629032258067, 'width': 185.71370967741933}","{'height': 360, 'width': 640, 'mime_type': 'video/mp4'}",zJ6PFxJrGf8,https://www.youtube.com/watch?v=zJ6PFxJrGf8
cllamxx59004k3o6lkg8cvmpl,4437,back,,Abnormal Gait,myopathic,"{'top': 2.379032258064516, 'left': 249.91935483870967, 'height': 346.0403225806452, 'width': 185.45967741935485}","{'height': 360, 'width': 640, 'mime_type': 'video/mp4'}",zJ6PFxJrGf8,https://www.youtube.com/watch?v=zJ6PFxJrGf8
cllamxx59004k3o6lkg8cvmpl,4438,back,,Abnormal Gait,myopathic,"{'top': 2.616935483870968, 'left': 249.91129032258064, 'height': 345.5443548387097, 'width': 185.20564516129033}","{'height': 360, 'width': 640, 'mime_type': 'video/mp4'}",zJ6PFxJrGf8,https://www.youtube.com/watch?v=zJ6PFxJrGf8
cllamxx59004k3o6lkg8cvmpl,4439,back,,Abnormal Gait,myopathic,"{'top': 2.854838709677419, 'left': 249.90322580645162, 'height': 345.04838709677415, 'width': 184.95161290322582}","{'height': 360, 'width': 640, 'mime_type': 'video/mp4'}",zJ6PFxJrGf8,https://www.youtube.com/watch?v=zJ6PFxJrGf8
cllamxx59004k3o6lkg8cvmpl,4440,back,,Abnormal Gait,myopathic,"{'top': 3.092741935483871, 'left': 249.8951612903226, 'height': 344.5524193548387, 'width': 184.69758064516125}","{'height': 360, 'width': 640, 'mime_type': 'video/mp4'}",zJ6PFxJrGf8,https://www.youtube.com/watch?v=zJ6PFxJrGf8
cllamxx59004k3o6lkg8cvmpl,4441,back,,Abnormal Gait,myopathic,"{'top': 3.330645161290322, 'left': 249.88709677419354, 'height': 344.05645161290323, 'width': 184.44354838709677}","{'height': 360, 'width': 640, 'mime_type': 'video/mp4'}",zJ6PFxJrGf8,https://www.youtube.com/watch?v=zJ6PFxJrGf8
cllamxx59004k3o6lkg8cvmpl,4442,back,,Abnormal Gait,myopathic,"{'top': 3.568548387096774, 'left': 249.8790322580645, 'height': 343.56048387096774, 'width': 184.18951612903226}","{'height': 360, 'width': 640, 'mime_type': 'video/mp4'}",zJ6PFxJrGf8,https://www.youtube.com/watch?v=zJ6PFxJrGf8
cllamxx59004k3o6lkg8cvmpl,4443,back,,Abnormal Gait,myopathic,"{'top': 3.806451612903225, 'left': 249.8709677419355, 'height': 343.06451612903226, 'width': 183.93548387096774}","{'height': 360, 'width': 640, 'mime_type': 'video/mp4'}",zJ6PFxJrGf8,https://www.youtube.com/watch?v=zJ6PFxJrGf8
cllamxx59004k3o6lkg8cvmpl,4444,back,,Abnormal Gait,myopathic,"{'top': 4.044354838709677, 'left': 249.86290322580646, 'height': 342.56854838709677, 'width': 183.68145161290323}","{'height': 360, 'width': 640, 'mime_type': 'video/mp4'}",zJ6PFxJrGf8,https://www.youtube.com/watch?v=zJ6PFxJrGf8
cllamxx59004k3o6lkg8cvmpl,4445,back,,Abnormal Gait,myopathic,"{'top': 4.282258064516129, 'left': 249.8548387096774, 'height': 342.0725806451613, 'width': 183.42741935483875}","{'height': 360, 'width': 640, 'mime_type': 'video/mp4'}",zJ6PFxJrGf8,https://www.youtube.com/watch?v=zJ6PFxJrGf8
cllamxx59004k3o6lkg8cvmpl,4446,back,,Abnormal Gait,myopathic,"{'top': 4.520161290322581, 'left': 249.84677419354838, 'height': 341.57661290322585, 'width': 183.17338709677418}","{'height': 360, 'width': 640, 'mime_type': 'video/mp4'}",zJ6PFxJrGf8,https://www.youtube.com/watch?v=zJ6PFxJrGf8
cllamxx59004k3o6lkg8cvmpl,4447,back,,Abnormal Gait,myopathic,"{'top': 4.758064516129032, 'left': 249.83870967741936, 'height': 341.0806451612903, 'width': 182.91935483870967}","{'height': 360, 'width': 640, 'mime_type': 'video/mp4'}",zJ6PFxJrGf8,https://www.youtube.com/watch?v=zJ6PFxJrGf8
cllamxx59004k3o6lkg8cvmpl,4448,back,,Abnormal Gait,myopathic,"{'top': 4.995967741935483, 'left': 249.83064516129033, 'height': 340.5846774193548, 'width': 182.66532258064515}","{'height': 360, 'width': 640, 'mime_type': 'video/mp4'}",zJ6PFxJrGf8,https://www.youtube.com/watch?v=zJ6PFxJrGf8
cllamxx59004k3o6lkg8cvmpl,4449,back,,Abnormal Gait,myopathic,"{'top': 5.233870967741936, 'left': 249.82258064516128, 'height': 340.08870967741933, 'width': 182.41129032258067}","{'height': 360, 'width': 640, 'mime_type': 'video/mp4'}",zJ6PFxJrGf8,https://www.youtube.com/watch?v=zJ6PFxJrGf8
cllamxx59004k3o6lkg8cvmpl,4450,back,,Abnormal Gait,myopathic,"{'top': 5.471774193548387, 'left': 249.81451612903226, 'height': 339.59274193548384, 'width': 182.15725806451616}","{'height': 360, 'width': 640, 'mime_type': 'video/mp4'}",zJ6PFxJrGf8,https://www.youtube.com/watch?v=zJ6PFxJrGf8
cllamxx59004k3o6lkg8cvmpl,4451,back,,Abnormal Gait,myopathic,"{'top': 5.709677419354839, 'left': 249.80645161290323, 'height': 339.0967741935484, 'width': 181.9032258064516}","{'height': 360, 'width': 640, 'mime_type': 'video/mp4'}",zJ6PFxJrGf8,https://www.youtube.com/watch?v=zJ6PFxJrGf8
cllamxx59004k3o6lkg8cvmpl,4452,back,,Abnormal Gait,myopathic,"{'top': 5.94758064516129, 'left': 249.7983870967742, 'height': 338.6008064516129, 'width': 181.64919354838707}","{'height': 360, 'width': 640, 'mime_type': 'video/mp4'}",zJ6PFxJrGf8,https://www.youtube.com/watch?v=zJ6PFxJrGf8
cllamxx59004k3o6lkg8cvmpl,4453,back,,Abnormal Gait,myopathic,"{'top': 6.185483870967742, 'left': 249.79032258064515, 'height': 338.10483870967744, 'width': 181.3951612903226}","{'height': 360, 'width': 640, 'mime_type': 'video/mp4'}",zJ6PFxJrGf8,https://www.youtube.com/watch?v=zJ6PFxJrGf8
cllamxx59004k3o6lkg8cvmpl,4454,back,,Abnormal Gait,myopathic,"{'top': 6.423387096774194, 'left': 249.78225806451613, 'height': 337.60887096774195, 'width': 181.14112903225808}","{'height': 360, 'width': 640, 'mime_type': 'video/mp4'}",zJ6PFxJrGf8,https://www.youtube.com/watch?v=zJ6PFxJrGf8
cllamxx59004k3o6lkg8cvmpl,4455,back,,Abnormal Gait,myopathic,"{'top': 6.661290322580645, 'left': 249.7741935483871, 'height': 337.1129032258064, 'width': 180.88709677419357}","{'height': 360, 'width': 640, 'mime_type': 'video/mp4'}",zJ6PFxJrGf8,https://www.youtube.com/watch?v=zJ6PFxJrGf8
cllamxx59004k3o6lkg8cvmpl,4456,back,,Abnormal Gait,myopathic,"{'top': 6.899193548387096, 'left': 249.76612903225808, 'height': 336.616935483871, 'width': 180.633064516129}","{'height': 360, 'width': 640, 'mime_type': 'video/mp4'}",zJ6PFxJrGf8,https://www.youtube.com/watch?v=zJ6PFxJrGf8
cllamxx59004k3o6lkg8cvmpl,4457,back,,Abnormal Gait,myopathic,"{'top': 7.137096774193549, 'left': 249.75806451612902, 'height': 336.1209677419355, 'width': 180.3790322580645}","{'height': 360, 'width': 640, 'mime_type': 'video/mp4'}",zJ6PFxJrGf8,https://www.youtube.com/watch?v=zJ6PFxJrGf8
cllamxx59004k3o6lkg8cvmpl,4458,back,,Abnormal Gait,myopathic,"{'top': 7.375, 'left': 249.75, 'height': 335.625, 'width': 180.125}","{'height': 360, 'width': 640, 'mime_type': 'video/mp4'}",zJ6PFxJrGf8,https://www.youtube.com/watch?v=zJ6PFxJrGf8
cllamxx59004k3o6lkg8cvmpl,4459,back,,Abnormal Gait,myopathic,"{'top': 7.612903225806451, 'left': 249.74193548387098, 'height': 335.1290322580645, 'width': 179.8709677419355}","{'height': 360, 'width': 640, 'mime_type': 'video/mp4'}",zJ6PFxJrGf8,https://www.youtube.com/watch?v=zJ6PFxJrGf8
cllamxx59004k3o6lkg8cvmpl,4460,back,,Abnormal Gait,myopathic,"{'top': 7.850806451612903, 'left': 249.73387096774192, 'height': 334.633064516129, 'width': 179.616935483871}","{'height': 360, 'width': 640, 'mime_type': 'video/mp4'}",zJ6PFxJrGf8,https://www.youtube.com/watch?v=zJ6PFxJrGf8
cllamxx59004k3o6lkg8cvmpl,4461,back,,Abnormal Gait,myopathic,"{'top': 8.088709677419354, 'left': 249.7258064516129, 'height': 334.1370967741936, 'width': 179.36290322580643}","{'height': 360, 'width': 640, 'mime_type': 'video/mp4'}",zJ6PFxJrGf8,https://www.youtube.com/watch?v=zJ6PFxJrGf8
cllamxx59004k3o6lkg8cvmpl,4462,back,,Abnormal Gait,myopathic,"{'top': 8.326612903225808, 'left': 249.71774193548387, 'height': 333.64112903225805, 'width': 179.10887096774192}","{'height': 360, 'width': 640, 'mime_type': 'video/mp4'}",zJ6PFxJrGf8,https://www.youtube.com/watch?v=zJ6PFxJrGf8
cllamxx59004k3o6lkg8cvmpl,4463,back,,Abnormal Gait,myopathic,"{'top': 8.564516129032258, 'left': 249.70967741935485, 'height': 333.14516129032256, 'width': 178.8548387096774}","{'height': 360, 'width': 640, 'mime_type': 'video/mp4'}",zJ6PFxJrGf8,https://www.youtube.com/watch?v=zJ6PFxJrGf8
cllamxx59004k3o6lkg8cvmpl,4464,back,,Abnormal Gait,myopathic,"{'top': 8.80241935483871, 'left': 249.7016129032258, 'height': 332.6491935483871, 'width': 178.60080645161293}","{'height': 360, 'width': 640, 'mime_type': 'video/mp4'}",zJ6PFxJrGf8,https://www.youtube.com/watch?v=zJ6PFxJrGf8
cllamxx59004k3o6lkg8cvmpl,4465,back,,Abnormal Gait,myopathic,"{'top': 9.040322580645162, 'left': 249.69354838709677, 'height': 332.1532258064516, 'width': 178.3467741935484}","{'height': 360, 'width': 640, 'mime_type': 'video/mp4'}",zJ6PFxJrGf8,https://www.youtube.com/watch?v=zJ6PFxJrGf8
cllamxx59004k3o6lkg8cvmpl,4466,back,,Abnormal Gait,myopathic,"{'top': 9.278225806451612, 'left': 249.68548387096774, 'height': 331.65725806451616, 'width': 178.09274193548384}","{'height': 360, 'width': 640, 'mime_type': 'video/mp4'}",zJ6PFxJrGf8,https://www.youtube.com/watch?v=zJ6PFxJrGf8
cllamxx59004k3o6lkg8cvmpl,4467,back,,Abnormal Gait,myopathic,"{'top': 9.516129032258064, 'left': 249.67741935483872, 'height': 331.16129032258067, 'width': 177.83870967741933}","{'height': 360, 'width': 640, 'mime_type': 'video/mp4'}",zJ6PFxJrGf8,https://www.youtube.com/watch?v=zJ6PFxJrGf8
cllamxx59004k3o6lkg8cvmpl,4468,back,,Abnormal Gait,myopathic,"{'top': 9.754032258064516, 'left': 249.66935483870967, 'height': 330.6653225806452, 'width': 177.58467741935485}","{'height': 360, 'width': 640, 'mime_type': 'video/mp4'}",zJ6PFxJrGf8,https://www.youtube.com/watch?v=zJ6PFxJrGf8
cllamxx59004k3o6lkg8cvmpl,4469,back,,Abnormal Gait,myopathic,"{'top': 9.991935483870966, 'left': 249.66129032258064, 'height': 330.1693548387097, 'width': 177.33064516129033}","{'height': 360, 'width': 640, 'mime_type': 'video/mp4'}",zJ6PFxJrGf8,https://www.youtube.com/watch?v=zJ6PFxJrGf8
cllamxx59004k3o6lkg8cvmpl,4470,back,,Abnormal Gait,myopathic,"{'top': 10.22983870967742, 'left': 249.65322580645162, 'height': 329.67338709677415, 'width': 177.07661290322582}","{'height': 360, 'width': 640, 'mime_type': 'video/mp4'}",zJ6PFxJrGf8,https://www.youtube.com/watch?v=zJ6PFxJrGf8
cllamxx59004k3o6lkg8cvmpl,4471,back,,Abnormal Gait,myopathic,"{'top': 10.467741935483872, 'left': 249.6451612903226, 'height': 329.17741935483866, 'width': 176.82258064516125}","{'height': 360, 'width': 640, 'mime_type': 'video/mp4'}",zJ6PFxJrGf8,https://www.youtube.com/watch?v=zJ6PFxJrGf8
cllamxx59004k3o6lkg8cvmpl,4472,back,,Abnormal Gait,myopathic,"{'top': 10.705645161290322, 'left': 249.63709677419354, 'height': 328.68145161290323, 'width': 176.56854838709677}","{'height': 360, 'width': 640, 'mime_type': 'video/mp4'}",zJ6PFxJrGf8,https://www.youtube.com/watch?v=zJ6PFxJrGf8
cllamxx59004k3o6lkg8cvmpl,4473,back,,Abnormal Gait,myopathic,"{'top': 10.943548387096774, 'left': 249.6290322580645, 'height': 328.18548387096774, 'width': 176.31451612903226}","{'height': 360, 'width': 640, 'mime_type': 'video/mp4'}",zJ6PFxJrGf8,https://www.youtube.com/watch?v=zJ6PFxJrGf8
cllamxx59004k3o6lkg8cvmpl,4474,back,,Abnormal Gait,myopathic,"{'top': 11.181451612903226, 'left': 249.6209677419355, 'height': 327.68951612903226, 'width': 176.06048387096774}","{'height': 360, 'width': 640, 'mime_type': 'video/mp4'}",zJ6PFxJrGf8,https://www.youtube.com/watch?v=zJ6PFxJrGf8
cllamxx59004k3o6lkg8cvmpl,4475,back,,Abnormal Gait,myopathic,"{'top': 11.419354838709678, 'left': 249.61290322580646, 'height': 327.19354838709677, 'width': 175.80645161290323}","{'height': 360, 'width': 640, 'mime_type': 'video/mp4'}",zJ6PFxJrGf8,https://www.youtube.com/watch?v=zJ6PFxJrGf8
cllamxx59004k3o6lkg8cvmpl,4476,back,,Abnormal Gait,myopathic,"{'top': 11.657258064516128, 'left': 249.6048387096774, 'height': 326.69758064516134, 'width': 175.55241935483875}","{'height': 360, 'width': 640, 'mime_type': 'video/mp4'}",zJ6PFxJrGf8,https://www.youtube.com/watch?v=zJ6PFxJrGf8
cllamxx59004k3o6lkg8cvmpl,4477,back,,Abnormal Gait,myopathic,"{'top': 11.89516129032258, 'left': 249.59677419354838, 'height': 326.20161290322585, 'width': 175.29838709677418}","{'height': 360, 'width': 640, 'mime_type': 'video/mp4'}",zJ6PFxJrGf8,https://www.youtube.com/watch?v=zJ6PFxJrGf8
cllamxx59004k3o6lkg8cvmpl,4478,back,,Abnormal Gait,myopathic,"{'top': 12.133064516129034, 'left': 249.58870967741936, 'height': 325.7056451612903, 'width': 175.04435483870967}","{'height': 360, 'width': 640, 'mime_type': 'video/mp4'}",zJ6PFxJrGf8,https://www.youtube.com/watch?v=zJ6PFxJrGf8
cllamxx59004k3o6lkg8cvmpl,4479,back,,Abnormal Gait,myopathic,"{'top': 12.370967741935484, 'left': 249.58064516129033, 'height': 325.2096774193548, 'width': 174.79032258064515}","{'height': 360, 'width': 640, 'mime_type': 'video/mp4'}",zJ6PFxJrGf8,https://www.youtube.com/watch?v=zJ6PFxJrGf8
cllamxx59004k3o6lkg8cvmpl,4480,back,,Abnormal Gait,myopathic,"{'top': 12.608870967741936, 'left': 249.57258064516128, 'height': 324.71370967741933, 'width': 174.53629032258067}","{'height': 360, 'width': 640, 'mime_type': 'video/mp4'}",zJ6PFxJrGf8,https://www.youtube.com/watch?v=zJ6PFxJrGf8
cllamxx59004k3o6lkg8cvmpl,4481,back,,Abnormal Gait,myopathic,"{'top': 12.846774193548388, 'left': 249.56451612903226, 'height': 324.21774193548384, 'width': 174.28225806451616}","{'height': 360, 'width': 640, 'mime_type': 'video/mp4'}",zJ6PFxJrGf8,https://www.youtube.com/watch?v=zJ6PFxJrGf8
cllamxx59004k3o6lkg8cvmpl,4482,back,,Abnormal Gait,myopathic,"{'top': 13.084677419354838, 'left': 249.55645161290323, 'height': 323.7217741935484, 'width': 174.0282258064516}","{'height': 360, 'width': 640, 'mime_type': 'video/mp4'}",zJ6PFxJrGf8,https://www.youtube.com/watch?v=zJ6PFxJrGf8
cllamxx59004k3o6lkg8cvmpl,4483,back,,Abnormal Gait,myopathic,"{'top': 13.32258064516129, 'left': 249.5483870967742, 'height': 323.2258064516129, 'width': 173.77419354838707}","{'height': 360, 'width': 640, 'mime_type': 'video/mp4'}",zJ6PFxJrGf8,https://www.youtube.com/watch?v=zJ6PFxJrGf8
cllamxx59004k3o6lkg8cvmpl,4484,back,,Abnormal Gait,myopathic,"{'top': 13.560483870967742, 'left': 249.54032258064515, 'height': 322.72983870967744, 'width': 173.5201612903226}","{'height': 360, 'width': 640, 'mime_type': 'video/mp4'}",zJ6PFxJrGf8,https://www.youtube.com/watch?v=zJ6PFxJrGf8
cllamxx59004k3o6lkg8cvmpl,4485,back,,Abnormal Gait,myopathic,"{'top': 13.798387096774192, 'left': 249.53225806451613, 'height': 322.23387096774195, 'width': 173.26612903225808}","{'height': 360, 'width': 640, 'mime_type': 'video/mp4'}",zJ6PFxJrGf8,https://www.youtube.com/watch?v=zJ6PFxJrGf8
cllamxx59004k3o6lkg8cvmpl,4486,back,,Abnormal Gait,myopathic,"{'top': 14.036290322580646, 'left': 249.5241935483871, 'height': 321.7379032258064, 'width': 173.01209677419357}","{'height': 360, 'width': 640, 'mime_type': 'video/mp4'}",zJ6PFxJrGf8,https://www.youtube.com/watch?v=zJ6PFxJrGf8
cllamxx59004k3o6lkg8cvmpl,4487,back,,Abnormal Gait,myopathic,"{'top': 14.274193548387098, 'left': 249.51612903225808, 'height': 321.241935483871, 'width': 172.758064516129}","{'height': 360, 'width': 640, 'mime_type': 'video/mp4'}",zJ6PFxJrGf8,https://www.youtube.com/watch?v=zJ6PFxJrGf8
cllamxx59004k3o6lkg8cvmpl,4488,back,,Abnormal Gait,myopathic,"{'top': 14.512096774193548, 'left': 249.50806451612902, 'height': 320.7459677419355, 'width': 172.5040322580645}","{'height': 360, 'width': 640, 'mime_type': 'video/mp4'}",zJ6PFxJrGf8,https://www.youtube.com/watch?v=zJ6PFxJrGf8
cllamxx59004k3o6lkg8cvmpl,4489,back,,Abnormal Gait,myopathic,"{'top': 14.75, 'left': 249.5, 'height': 320.25, 'width': 172.25}","{'height': 360, 'width': 640, 'mime_type': 'video/mp4'}",zJ6PFxJrGf8,https://www.youtube.com/watch?v=zJ6PFxJrGf8
cllamxx59004k3o6lkg8cvmpl,4490,back,,Abnormal Gait,myopathic,"{'top': 14.987903225806452, 'left': 249.49193548387098, 'height': 319.7540322580645, 'width': 171.9959677419355}","{'height': 360, 'width': 640, 'mime_type': 'video/mp4'}",zJ6PFxJrGf8,https://www.youtube.com/watch?v=zJ6PFxJrGf8
cllamxx59004k3o6lkg8cvmpl,4491,back,,Abnormal Gait,myopathic,"{'top': 15.225806451612902, 'left': 249.48387096774192, 'height': 319.258064516129, 'width': 171.741935483871}","{'height': 360, 'width': 640, 'mime_type': 'video/mp4'}",zJ6PFxJrGf8,https://www.youtube.com/watch?v=zJ6PFxJrGf8
cllamxx59004k3o6lkg8cvmpl,4492,back,,Abnormal Gait,myopathic,"{'top': 15.463709677419354, 'left': 249.4758064516129, 'height': 318.7620967741936, 'width': 171.48790322580643}","{'height': 360, 'width': 640, 'mime_type': 'video/mp4'}",zJ6PFxJrGf8,https://www.youtube.com/watch?v=zJ6PFxJrGf8
cllamxx59004k3o6lkg8cvmpl,4493,back,,Abnormal Gait,myopathic,"{'top': 15.701612903225806, 'left': 249.46774193548387, 'height': 318.2661290322581, 'width': 171.23387096774192}","{'height': 360, 'width': 640, 'mime_type': 'video/mp4'}",zJ6PFxJrGf8,https://www.youtube.com/watch?v=zJ6PFxJrGf8
cllamxx59004k3o6lkg8cvmpl,4494,back,,Abnormal Gait,myopathic,"{'top': 15.939516129032256, 'left': 249.45967741935485, 'height': 317.77016129032256, 'width': 170.9798387096774}","{'height': 360, 'width': 640, 'mime_type': 'video/mp4'}",zJ6PFxJrGf8,https://www.youtube.com/watch?v=zJ6PFxJrGf8
cllamxx59004k3o6lkg8cvmpl,4495,back,,Abnormal Gait,myopathic,"{'top': 16.177419354838708, 'left': 249.4516129032258, 'height': 317.2741935483871, 'width': 170.72580645161293}","{'height': 360, 'width': 640, 'mime_type': 'video/mp4'}",zJ6PFxJrGf8,https://www.youtube.com/watch?v=zJ6PFxJrGf8
cllamxx59004k3o6lkg8cvmpl,4496,back,,Abnormal Gait,myopathic,"{'top': 16.41532258064516, 'left': 249.44354838709677, 'height': 316.7782258064516, 'width': 170.4717741935484}","{'height': 360, 'width': 640, 'mime_type': 'video/mp4'}",zJ6PFxJrGf8,https://www.youtube.com/watch?v=zJ6PFxJrGf8
cllamxx59004k3o6lkg8cvmpl,4497,back,,Abnormal Gait,myopathic,"{'top': 16.653225806451616, 'left': 249.43548387096774, 'height': 316.2822580645161, 'width': 170.21774193548384}","{'height': 360, 'width': 640, 'mime_type': 'video/mp4'}",zJ6PFxJrGf8,https://www.youtube.com/watch?v=zJ6PFxJrGf8
cllamxx59004k3o6lkg8cvmpl,4498,back,,Abnormal Gait,myopathic,"{'top': 16.891129032258068, 'left': 249.42741935483872, 'height': 315.78629032258067, 'width': 169.96370967741933}","{'height': 360, 'width': 640, 'mime_type': 'video/mp4'}",zJ6PFxJrGf8,https://www.youtube.com/watch?v=zJ6PFxJrGf8
cllamxx59004k3o6lkg8cvmpl,4499,back,,Abnormal Gait,myopathic,"{'top': 17.129032258064516, 'left': 249.41935483870967, 'height': 315.2903225806452, 'width': 169.70967741935485}","{'height': 360, 'width': 640, 'mime_type': 'video/mp4'}",zJ6PFxJrGf8,https://www.youtube.com/watch?v=zJ6PFxJrGf8
cllamxx59004k3o6lkg8cvmpl,4500,back,,Abnormal Gait,myopathic,"{'top': 17.366935483870968, 'left': 249.41129032258064, 'height': 314.7943548387097, 'width': 169.45564516129033}","{'height': 360, 'width': 640, 'mime_type': 'video/mp4'}",zJ6PFxJrGf8,https://www.youtube.com/watch?v=zJ6PFxJrGf8
cllamxx59004k3o6lkg8cvmpl,4501,back,,Abnormal Gait,myopathic,"{'top': 17.60483870967742, 'left': 249.40322580645162, 'height': 314.29838709677415, 'width': 169.20161290322582}","{'height': 360, 'width': 640, 'mime_type': 'video/mp4'}",zJ6PFxJrGf8,https://www.youtube.com/watch?v=zJ6PFxJrGf8
cllamxx59004k3o6lkg8cvmpl,4502,back,,Abnormal Gait,myopathic,"{'top': 17.842741935483872, 'left': 249.3951612903226, 'height': 313.80241935483866, 'width': 168.9475806451613}","{'height': 360, 'width': 640, 'mime_type': 'video/mp4'}",zJ6PFxJrGf8,https://www.youtube.com/watch?v=zJ6PFxJrGf8
cllamxx59004k3o6lkg8cvmpl,4503,back,,Abnormal Gait,myopathic,"{'top': 18.080645161290324, 'left': 249.38709677419354, 'height': 313.30645161290323, 'width': 168.69354838709677}","{'height': 360, 'width': 640, 'mime_type': 'video/mp4'}",zJ6PFxJrGf8,https://www.youtube.com/watch?v=zJ6PFxJrGf8
cllamxx59004k3o6lkg8cvmpl,4504,back,,Abnormal Gait,myopathic,"{'top': 18.318548387096776, 'left': 249.3790322580645, 'height': 312.81048387096774, 'width': 168.43951612903226}","{'height': 360, 'width': 640, 'mime_type': 'video/mp4'}",zJ6PFxJrGf8,https://www.youtube.com/watch?v=zJ6PFxJrGf8
cllamxx59004k3o6lkg8cvmpl,4505,back,,Abnormal Gait,myopathic,"{'top': 18.556451612903224, 'left': 249.3709677419355, 'height': 312.31451612903226, 'width': 168.18548387096774}","{'height': 360, 'width': 640, 'mime_type': 'video/mp4'}",zJ6PFxJrGf8,https://www.youtube.com/watch?v=zJ6PFxJrGf8
cllamxx59004k3o6lkg8cvmpl,4506,back,,Abnormal Gait,myopathic,"{'top': 18.794354838709676, 'left': 249.36290322580646, 'height': 311.81854838709677, 'width': 167.93145161290323}","{'height': 360, 'width': 640, 'mime_type': 'video/mp4'}",zJ6PFxJrGf8,https://www.youtube.com/watch?v=zJ6PFxJrGf8
cllamxx59004k3o6lkg8cvmpl,4507,back,,Abnormal Gait,myopathic,"{'top': 19.032258064516128, 'left': 249.3548387096774, 'height': 311.32258064516134, 'width': 167.6774193548387}","{'height': 360, 'width': 640, 'mime_type': 'video/mp4'}",zJ6PFxJrGf8,https://www.youtube.com/watch?v=zJ6PFxJrGf8
cllamxx59004k3o6lkg8cvmpl,4508,back,,Abnormal Gait,myopathic,"{'top': 19.27016129032258, 'left': 249.34677419354838, 'height': 310.82661290322585, 'width': 167.42338709677418}","{'height': 360, 'width': 640, 'mime_type': 'video/mp4'}",zJ6PFxJrGf8,https://www.youtube.com/watch?v=zJ6PFxJrGf8
cllamxx59004k3o6lkg8cvmpl,4509,back,,Abnormal Gait,myopathic,"{'top': 19.508064516129032, 'left': 249.33870967741936, 'height': 310.3306451612903, 'width': 167.16935483870967}","{'height': 360, 'width': 640, 'mime_type': 'video/mp4'}",zJ6PFxJrGf8,https://www.youtube.com/watch?v=zJ6PFxJrGf8
cllamxx59004k3o6lkg8cvmpl,4510,back,,Abnormal Gait,myopathic,"{'top': 19.745967741935484, 'left': 249.33064516129033, 'height': 309.8346774193548, 'width': 166.91532258064515}","{'height': 360, 'width': 640, 'mime_type': 'video/mp4'}",zJ6PFxJrGf8,https://www.youtube.com/watch?v=zJ6PFxJrGf8
cllamxx59004k3o6lkg8cvmpl,4511,back,,Abnormal Gait,myopathic,"{'top': 19.983870967741932, 'left': 249.32258064516128, 'height': 309.33870967741933, 'width': 166.66129032258067}","{'height': 360, 'width': 640, 'mime_type': 'video/mp4'}",zJ6PFxJrGf8,https://www.youtube.com/watch?v=zJ6PFxJrGf8
cllamxx59004k3o6lkg8cvmpl,4512,back,,Abnormal Gait,myopathic,"{'top': 20.221774193548384, 'left': 249.31451612903226, 'height': 308.8427419354839, 'width': 166.40725806451616}","{'height': 360, 'width': 640, 'mime_type': 'video/mp4'}",zJ6PFxJrGf8,https://www.youtube.com/watch?v=zJ6PFxJrGf8
cllamxx59004k3o6lkg8cvmpl,4513,back,,Abnormal Gait,myopathic,"{'top': 20.45967741935484, 'left': 249.30645161290323, 'height': 308.3467741935484, 'width': 166.1532258064516}","{'height': 360, 'width': 640, 'mime_type': 'video/mp4'}",zJ6PFxJrGf8,https://www.youtube.com/watch?v=zJ6PFxJrGf8
cllamxx59004k3o6lkg8cvmpl,4514,back,,Abnormal Gait,myopathic,"{'top': 20.697580645161292, 'left': 249.2983870967742, 'height': 307.8508064516129, 'width': 165.89919354838707}","{'height': 360, 'width': 640, 'mime_type': 'video/mp4'}",zJ6PFxJrGf8,https://www.youtube.com/watch?v=zJ6PFxJrGf8
cllamxx59004k3o6lkg8cvmpl,4515,back,,Abnormal Gait,myopathic,"{'top': 20.935483870967744, 'left': 249.29032258064515, 'height': 307.35483870967744, 'width': 165.6451612903226}","{'height': 360, 'width': 640, 'mime_type': 'video/mp4'}",zJ6PFxJrGf8,https://www.youtube.com/watch?v=zJ6PFxJrGf8
cllamxx59004k3o6lkg8cvmpl,4516,back,,Abnormal Gait,myopathic,"{'top': 21.173387096774196, 'left': 249.28225806451613, 'height': 306.8588709677419, 'width': 165.39112903225808}","{'height': 360, 'width': 640, 'mime_type': 'video/mp4'}",zJ6PFxJrGf8,https://www.youtube.com/watch?v=zJ6PFxJrGf8
cllamxx59004k3o6lkg8cvmpl,4517,back,,Abnormal Gait,myopathic,"{'top': 21.411290322580644, 'left': 249.2741935483871, 'height': 306.3629032258064, 'width': 165.13709677419357}","{'height': 360, 'width': 640, 'mime_type': 'video/mp4'}",zJ6PFxJrGf8,https://www.youtube.com/watch?v=zJ6PFxJrGf8
cllamxx59004k3o6lkg8cvmpl,4518,back,,Abnormal Gait,myopathic,"{'top': 21.649193548387096, 'left': 249.26612903225808, 'height': 305.866935483871, 'width': 164.883064516129}","{'height': 360, 'width': 640, 'mime_type': 'video/mp4'}",zJ6PFxJrGf8,https://www.youtube.com/watch?v=zJ6PFxJrGf8
cllamxx59004k3o6lkg8cvmpl,4519,back,,Abnormal Gait,myopathic,"{'top': 21.887096774193548, 'left': 249.25806451612902, 'height': 305.3709677419355, 'width': 164.6290322580645}","{'height': 360, 'width': 640, 'mime_type': 'video/mp4'}",zJ6PFxJrGf8,https://www.youtube.com/watch?v=zJ6PFxJrGf8
cllamxx59004k3o6lkg8cvmpl,4520,back,,Abnormal Gait,myopathic,"{'top': 22.125, 'left': 249.25, 'height': 304.875, 'width': 164.375}","{'height': 360, 'width': 640, 'mime_type': 'video/mp4'}",zJ6PFxJrGf8,https://www.youtube.com/watch?v=zJ6PFxJrGf8
cllamxx59004k3o6lkg8cvmpl,4521,back,,Abnormal Gait,myopathic,"{'top': 22.362903225806452, 'left': 249.24193548387098, 'height': 304.3790322580645, 'width': 164.1209677419355}","{'height': 360, 'width': 640, 'mime_type': 'video/mp4'}",zJ6PFxJrGf8,https://www.youtube.com/watch?v=zJ6PFxJrGf8
cllamxx59004k3o6lkg8cvmpl,4522,back,,Abnormal Gait,myopathic,"{'top': 22.600806451612904, 'left': 249.23387096774192, 'height': 303.883064516129, 'width': 163.866935483871}","{'height': 360, 'width': 640, 'mime_type': 'video/mp4'}",zJ6PFxJrGf8,https://www.youtube.com/watch?v=zJ6PFxJrGf8
cllamxx59004k3o6lkg8cvmpl,4523,back,,Abnormal Gait,myopathic,"{'top': 22.838709677419356, 'left': 249.2258064516129, 'height': 303.3870967741936, 'width': 163.61290322580643}","{'height': 360, 'width': 640, 'mime_type': 'video/mp4'}",zJ6PFxJrGf8,https://www.youtube.com/watch?v=zJ6PFxJrGf8
cllamxx59004k3o6lkg8cvmpl,4524,back,,Abnormal Gait,myopathic,"{'top': 23.076612903225804, 'left': 249.21774193548387, 'height': 302.8911290322581, 'width': 163.35887096774192}","{'height': 360, 'width': 640, 'mime_type': 'video/mp4'}",zJ6PFxJrGf8,https://www.youtube.com/watch?v=zJ6PFxJrGf8
cllamxx59004k3o6lkg8cvmpl,4525,back,,Abnormal Gait,myopathic,"{'top': 23.314516129032256, 'left': 249.20967741935485, 'height': 302.39516129032256, 'width': 163.1048387096774}","{'height': 360, 'width': 640, 'mime_type': 'video/mp4'}",zJ6PFxJrGf8,https://www.youtube.com/watch?v=zJ6PFxJrGf8
cllamxx59004k3o6lkg8cvmpl,4526,back,,Abnormal Gait,myopathic,"{'top': 23.552419354838708, 'left': 249.2016129032258, 'height': 301.8991935483871, 'width': 162.85080645161293}","{'height': 360, 'width': 640, 'mime_type': 'video/mp4'}",zJ6PFxJrGf8,https://www.youtube.com/watch?v=zJ6PFxJrGf8
cllamxx59004k3o6lkg8cvmpl,4527,back,,Abnormal Gait,myopathic,"{'top': 23.79032258064516, 'left': 249.19354838709677, 'height': 301.4032258064516, 'width': 162.5967741935484}","{'height': 360, 'width': 640, 'mime_type': 'video/mp4'}",zJ6PFxJrGf8,https://www.youtube.com/watch?v=zJ6PFxJrGf8
cllamxx59004k3o6lkg8cvmpl,4528,back,,Abnormal Gait,myopathic,"{'top': 24.028225806451616, 'left': 249.18548387096774, 'height': 300.9072580645161, 'width': 162.34274193548384}","{'height': 360, 'width': 640, 'mime_type': 'video/mp4'}",zJ6PFxJrGf8,https://www.youtube.com/watch?v=zJ6PFxJrGf8
cllamxx59004k3o6lkg8cvmpl,4529,back,,Abnormal Gait,myopathic,"{'top': 24.266129032258068, 'left': 249.17741935483872, 'height': 300.41129032258067, 'width': 162.08870967741933}","{'height': 360, 'width': 640, 'mime_type': 'video/mp4'}",zJ6PFxJrGf8,https://www.youtube.com/watch?v=zJ6PFxJrGf8
cllamxx59004k3o6lkg8cvmpl,4530,back,,Abnormal Gait,myopathic,"{'top': 24.504032258064516, 'left': 249.16935483870967, 'height': 299.9153225806452, 'width': 161.83467741935485}","{'height': 360, 'width': 640, 'mime_type': 'video/mp4'}",zJ6PFxJrGf8,https://www.youtube.com/watch?v=zJ6PFxJrGf8
cllamxx59004k3o6lkg8cvmpl,4531,back,,Abnormal Gait,myopathic,"{'top': 24.741935483870968, 'left': 249.16129032258064, 'height': 299.4193548387097, 'width': 161.58064516129033}","{'height': 360, 'width': 640, 'mime_type': 'video/mp4'}",zJ6PFxJrGf8,https://www.youtube.com/watch?v=zJ6PFxJrGf8
cllamxx59004k3o6lkg8cvmpl,4532,back,,Abnormal Gait,myopathic,"{'top': 24.97983870967742, 'left': 249.15322580645162, 'height': 298.92338709677415, 'width': 161.32661290322582}","{'height': 360, 'width': 640, 'mime_type': 'video/mp4'}",zJ6PFxJrGf8,https://www.youtube.com/watch?v=zJ6PFxJrGf8
cllamxx59004k3o6lkg8cvmpl,4533,back,,Abnormal Gait,myopathic,"{'top': 25.217741935483872, 'left': 249.1451612903226, 'height': 298.42741935483866, 'width': 161.0725806451613}","{'height': 360, 'width': 640, 'mime_type': 'video/mp4'}",zJ6PFxJrGf8,https://www.youtube.com/watch?v=zJ6PFxJrGf8
cllamxx59004k3o6lkg8cvmpl,4534,back,,Abnormal Gait,myopathic,"{'top': 25.455645161290324, 'left': 249.13709677419354, 'height': 297.93145161290323, 'width': 160.81854838709677}","{'height': 360, 'width': 640, 'mime_type': 'video/mp4'}",zJ6PFxJrGf8,https://www.youtube.com/watch?v=zJ6PFxJrGf8
cllamxx59004k3o6lkg8cvmpl,4535,back,,Abnormal Gait,myopathic,"{'top': 25.693548387096776, 'left': 249.1290322580645, 'height': 297.43548387096774, 'width': 160.56451612903226}","{'height': 360, 'width': 640, 'mime_type': 'video/mp4'}",zJ6PFxJrGf8,https://www.youtube.com/watch?v=zJ6PFxJrGf8
cllamxx59004k3o6lkg8cvmpl,4536,back,,Abnormal Gait,myopathic,"{'top': 25.931451612903224, 'left': 249.1209677419355, 'height': 296.93951612903226, 'width': 160.31048387096774}","{'height': 360, 'width': 640, 'mime_type': 'video/mp4'}",zJ6PFxJrGf8,https://www.youtube.com/watch?v=zJ6PFxJrGf8
cllamxx59004k3o6lkg8cvmpl,4537,back,,Abnormal Gait,myopathic,"{'top': 26.169354838709676, 'left': 249.11290322580646, 'height': 296.44354838709677, 'width': 160.05645161290323}","{'height': 360, 'width': 640, 'mime_type': 'video/mp4'}",zJ6PFxJrGf8,https://www.youtube.com/watch?v=zJ6PFxJrGf8
cllamxx59004k3o6lkg8cvmpl,4538,back,,Abnormal Gait,myopathic,"{'top': 26.407258064516128, 'left': 249.1048387096774, 'height': 295.94758064516134, 'width': 159.8024193548387}","{'height': 360, 'width': 640, 'mime_type': 'video/mp4'}",zJ6PFxJrGf8,https://www.youtube.com/watch?v=zJ6PFxJrGf8
cllamxx59004k3o6lkg8cvmpl,4539,back,,Abnormal Gait,myopathic,"{'top': 26.64516129032258, 'left': 249.09677419354838, 'height': 295.45161290322585, 'width': 159.54838709677418}","{'height': 360, 'width': 640, 'mime_type': 'video/mp4'}",zJ6PFxJrGf8,https://www.youtube.com/watch?v=zJ6PFxJrGf8
cllamxx59004k3o6lkg8cvmpl,4540,back,,Abnormal Gait,myopathic,"{'top': 26.883064516129032, 'left': 249.08870967741936, 'height': 294.9556451612903, 'width': 159.29435483870967}","{'height': 360, 'width': 640, 'mime_type': 'video/mp4'}",zJ6PFxJrGf8,https://www.youtube.com/watch?v=zJ6PFxJrGf8
cllamxx59004k3o6lkg8cvmpl,4541,back,,Abnormal Gait,myopathic,"{'top': 27.120967741935484, 'left': 249.08064516129033, 'height': 294.4596774193548, 'width': 159.04032258064515}","{'height': 360, 'width': 640, 'mime_type': 'video/mp4'}",zJ6PFxJrGf8,https://www.youtube.com/watch?v=zJ6PFxJrGf8
cllamxx59004k3o6lkg8cvmpl,4542,back,,Abnormal Gait,myopathic,"{'top': 27.358870967741932, 'left': 249.07258064516128, 'height': 293.96370967741933, 'width': 158.78629032258067}","{'height': 360, 'width': 640, 'mime_type': 'video/mp4'}",zJ6PFxJrGf8,https://www.youtube.com/watch?v=zJ6PFxJrGf8
cllamxx59004k3o6lkg8cvmpl,4543,back,,Abnormal Gait,myopathic,"{'top': 27.596774193548384, 'left': 249.06451612903226, 'height': 293.4677419354839, 'width': 158.53225806451616}","{'height': 360, 'width': 640, 'mime_type': 'video/mp4'}",zJ6PFxJrGf8,https://www.youtube.com/watch?v=zJ6PFxJrGf8
cllamxx59004k3o6lkg8cvmpl,4544,back,,Abnormal Gait,myopathic,"{'top': 27.83467741935484, 'left': 249.05645161290323, 'height': 292.9717741935484, 'width': 158.2782258064516}","{'height': 360, 'width': 640, 'mime_type': 'video/mp4'}",zJ6PFxJrGf8,https://www.youtube.com/watch?v=zJ6PFxJrGf8
cllamxx59004k3o6lkg8cvmpl,4545,back,,Abnormal Gait,myopathic,"{'top': 28.072580645161292, 'left': 249.0483870967742, 'height': 292.4758064516129, 'width': 158.02419354838707}","{'height': 360, 'width': 640, 'mime_type': 'video/mp4'}",zJ6PFxJrGf8,https://www.youtube.com/watch?v=zJ6PFxJrGf8
cllamxx59004k3o6lkg8cvmpl,4546,back,,Abnormal Gait,myopathic,"{'top': 28.310483870967744, 'left': 249.04032258064515, 'height': 291.97983870967744, 'width': 157.7701612903226}","{'height': 360, 'width': 640, 'mime_type': 'video/mp4'}",zJ6PFxJrGf8,https://www.youtube.com/watch?v=zJ6PFxJrGf8
cllamxx59004k3o6lkg8cvmpl,4547,back,,Abnormal Gait,myopathic,"{'top': 28.548387096774196, 'left': 249.03225806451613, 'height': 291.4838709677419, 'width': 157.51612903225808}","{'height': 360, 'width': 640, 'mime_type': 'video/mp4'}",zJ6PFxJrGf8,https://www.youtube.com/watch?v=zJ6PFxJrGf8
cllamxx59004k3o6lkg8cvmpl,4548,back,,Abnormal Gait,myopathic,"{'top': 28.786290322580644, 'left': 249.0241935483871, 'height': 290.9879032258064, 'width': 157.26209677419357}","{'height': 360, 'width': 640, 'mime_type': 'video/mp4'}",zJ6PFxJrGf8,https://www.youtube.com/watch?v=zJ6PFxJrGf8
cllamxx59004k3o6lkg8cvmpl,4549,back,,Abnormal Gait,myopathic,"{'top': 29.024193548387096, 'left': 249.01612903225808, 'height': 290.491935483871, 'width': 157.008064516129}","{'height': 360, 'width': 640, 'mime_type': 'video/mp4'}",zJ6PFxJrGf8,https://www.youtube.com/watch?v=zJ6PFxJrGf8
cllamxx59004k3o6lkg8cvmpl,4550,back,,Abnormal Gait,myopathic,"{'top': 29.262096774193548, 'left': 249.00806451612902, 'height': 289.9959677419355, 'width': 156.7540322580645}","{'height': 360, 'width': 640, 'mime_type': 'video/mp4'}",zJ6PFxJrGf8,https://www.youtube.com/watch?v=zJ6PFxJrGf8
cllamxx59004k3o6lkg8cvmpl,4551,back,,Abnormal Gait,myopathic,"{'top': 29.5, 'left': 249.0, 'height': 289.5, 'width': 156.5}","{'height': 360, 'width': 640, 'mime_type': 'video/mp4'}",zJ6PFxJrGf8,https://www.youtube.com/watch?v=zJ6PFxJrGf8
cllamxx59004k3o6lkg8cvmpl,4552,back,,Abnormal Gait,myopathic,"{'top': 29.737903225806452, 'left': 248.99193548387098, 'height': 289.0040322580645, 'width': 156.2459677419355}","{'height': 360, 'width': 640, 'mime_type': 'video/mp4'}",zJ6PFxJrGf8,https://www.youtube.com/watch?v=zJ6PFxJrGf8
cllamxx59004k3o6lkg8cvmpl,4553,back,,Abnormal Gait,myopathic,"{'top': 29.975806451612904, 'left': 248.98387096774192, 'height': 288.508064516129, 'width': 155.991935483871}","{'height': 360, 'width': 640, 'mime_type': 'video/mp4'}",zJ6PFxJrGf8,https://www.youtube.com/watch?v=zJ6PFxJrGf8
cllamxx59004k3o6lkg8cvmpl,4554,back,,Abnormal Gait,myopathic,"{'top': 30.213709677419356, 'left': 248.9758064516129, 'height': 288.0120967741936, 'width': 155.73790322580643}","{'height': 360, 'width': 640, 'mime_type': 'video/mp4'}",zJ6PFxJrGf8,https://www.youtube.com/watch?v=zJ6PFxJrGf8
cllamxx59004k3o6lkg8cvmpl,4555,back,,Abnormal Gait,myopathic,"{'top': 30.451612903225804, 'left': 248.96774193548387, 'height': 287.5161290322581, 'width': 155.48387096774192}","{'height': 360, 'width': 640, 'mime_type': 'video/mp4'}",zJ6PFxJrGf8,https://www.youtube.com/watch?v=zJ6PFxJrGf8
cllamxx59004k3o6lkg8cvmpl,4556,back,,Abnormal Gait,myopathic,"{'top': 30.689516129032256, 'left': 248.95967741935485, 'height': 287.02016129032256, 'width': 155.2298387096774}","{'height': 360, 'width': 640, 'mime_type': 'video/mp4'}",zJ6PFxJrGf8,https://www.youtube.com/watch?v=zJ6PFxJrGf8
cllamxx59004k3o6lkg8cvmpl,4557,back,,Abnormal Gait,myopathic,"{'top': 30.927419354838708, 'left': 248.9516129032258, 'height': 286.5241935483871, 'width': 154.97580645161293}","{'height': 360, 'width': 640, 'mime_type': 'video/mp4'}",zJ6PFxJrGf8,https://www.youtube.com/watch?v=zJ6PFxJrGf8
cllamxx59004k3o6lkg8cvmpl,4558,back,,Abnormal Gait,myopathic,"{'top': 31.16532258064516, 'left': 248.94354838709677, 'height': 286.0282258064516, 'width': 154.7217741935484}","{'height': 360, 'width': 640, 'mime_type': 'video/mp4'}",zJ6PFxJrGf8,https://www.youtube.com/watch?v=zJ6PFxJrGf8
cllamxx59004k3o6lkg8cvmpl,4559,back,,Abnormal Gait,myopathic,"{'top': 31.403225806451612, 'left': 248.93548387096774, 'height': 285.53225806451616, 'width': 154.46774193548384}","{'height': 360, 'width': 640, 'mime_type': 'video/mp4'}",zJ6PFxJrGf8,https://www.youtube.com/watch?v=zJ6PFxJrGf8
cllamxx59004k3o6lkg8cvmpl,4560,back,,Abnormal Gait,myopathic,"{'top': 31.641129032258064, 'left': 248.92741935483872, 'height': 285.03629032258067, 'width': 154.21370967741933}","{'height': 360, 'width': 640, 'mime_type': 'video/mp4'}",zJ6PFxJrGf8,https://www.youtube.com/watch?v=zJ6PFxJrGf8
cllamxx59004k3o6lkg8cvmpl,4561,back,,Abnormal Gait,myopathic,"{'top': 31.879032258064512, 'left': 248.91935483870967, 'height': 284.5403225806452, 'width': 153.95967741935485}","{'height': 360, 'width': 640, 'mime_type': 'video/mp4'}",zJ6PFxJrGf8,https://www.youtube.com/watch?v=zJ6PFxJrGf8
cllamxx59004k3o6lkg8cvmpl,4562,back,,Abnormal Gait,myopathic,"{'top': 32.11693548387097, 'left': 248.91129032258064, 'height': 284.0443548387097, 'width': 153.70564516129033}","{'height': 360, 'width': 640, 'mime_type': 'video/mp4'}",zJ6PFxJrGf8,https://www.youtube.com/watch?v=zJ6PFxJrGf8
cllamxx59004k3o6lkg8cvmpl,4563,back,,Abnormal Gait,myopathic,"{'top': 32.354838709677416, 'left': 248.90322580645162, 'height': 283.54838709677415, 'width': 153.45161290322582}","{'height': 360, 'width': 640, 'mime_type': 'video/mp4'}",zJ6PFxJrGf8,https://www.youtube.com/watch?v=zJ6PFxJrGf8
cllamxx59004k3o6lkg8cvmpl,4564,back,,Abnormal Gait,myopathic,"{'top': 32.592741935483865, 'left': 248.8951612903226, 'height': 283.0524193548387, 'width': 153.1975806451613}","{'height': 360, 'width': 640, 'mime_type': 'video/mp4'}",zJ6PFxJrGf8,https://www.youtube.com/watch?v=zJ6PFxJrGf8
cllamxx59004k3o6lkg8cvmpl,4565,back,,Abnormal Gait,myopathic,"{'top': 32.83064516129032, 'left': 248.88709677419354, 'height': 282.55645161290323, 'width': 152.94354838709677}","{'height': 360, 'width': 640, 'mime_type': 'video/mp4'}",zJ6PFxJrGf8,https://www.youtube.com/watch?v=zJ6PFxJrGf8
cllamxx59004k3o6lkg8cvmpl,4566,back,,Abnormal Gait,myopathic,"{'top': 33.06854838709677, 'left': 248.8790322580645, 'height': 282.06048387096774, 'width': 152.68951612903226}","{'height': 360, 'width': 640, 'mime_type': 'video/mp4'}",zJ6PFxJrGf8,https://www.youtube.com/watch?v=zJ6PFxJrGf8
cllamxx59004k3o6lkg8cvmpl,4567,back,,Abnormal Gait,myopathic,"{'top': 33.30645161290323, 'left': 248.8709677419355, 'height': 281.56451612903226, 'width': 152.43548387096774}","{'height': 360, 'width': 640, 'mime_type': 'video/mp4'}",zJ6PFxJrGf8,https://www.youtube.com/watch?v=zJ6PFxJrGf8
cllamxx59004k3o6lkg8cvmpl,4568,back,,Abnormal Gait,myopathic,"{'top': 33.54435483870968, 'left': 248.86290322580646, 'height': 281.06854838709677, 'width': 152.18145161290323}","{'height': 360, 'width': 640, 'mime_type': 'video/mp4'}",zJ6PFxJrGf8,https://www.youtube.com/watch?v=zJ6PFxJrGf8
cllamxx59004k3o6lkg8cvmpl,4569,back,,Abnormal Gait,myopathic,"{'top': 33.782258064516135, 'left': 248.8548387096774, 'height': 280.5725806451613, 'width': 151.9274193548387}","{'height': 360, 'width': 640, 'mime_type': 'video/mp4'}",zJ6PFxJrGf8,https://www.youtube.com/watch?v=zJ6PFxJrGf8
cllamxx59004k3o6lkg8cvmpl,4570,back,,Abnormal Gait,myopathic,"{'top': 34.020161290322584, 'left': 248.84677419354838, 'height': 280.07661290322585, 'width': 151.67338709677418}","{'height': 360, 'width': 640, 'mime_type': 'video/mp4'}",zJ6PFxJrGf8,https://www.youtube.com/watch?v=zJ6PFxJrGf8
cllamxx59004k3o6lkg8cvmpl,4571,back,,Abnormal Gait,myopathic,"{'top': 34.25806451612903, 'left': 248.83870967741936, 'height': 279.5806451612903, 'width': 151.41935483870967}","{'height': 360, 'width': 640, 'mime_type': 'video/mp4'}",zJ6PFxJrGf8,https://www.youtube.com/watch?v=zJ6PFxJrGf8
cllamxx59004k3o6lkg8cvmpl,4572,back,,Abnormal Gait,myopathic,"{'top': 34.49596774193549, 'left': 248.83064516129033, 'height': 279.0846774193548, 'width': 151.16532258064515}","{'height': 360, 'width': 640, 'mime_type': 'video/mp4'}",zJ6PFxJrGf8,https://www.youtube.com/watch?v=zJ6PFxJrGf8
cllamxx59004k3o6lkg8cvmpl,4573,back,,Abnormal Gait,myopathic,"{'top': 34.733870967741936, 'left': 248.82258064516128, 'height': 278.58870967741933, 'width': 150.91129032258067}","{'height': 360, 'width': 640, 'mime_type': 'video/mp4'}",zJ6PFxJrGf8,https://www.youtube.com/watch?v=zJ6PFxJrGf8
cllamxx59004k3o6lkg8cvmpl,4574,back,,Abnormal Gait,myopathic,"{'top': 34.97177419354839, 'left': 248.81451612903226, 'height': 278.09274193548384, 'width': 150.65725806451616}","{'height': 360, 'width': 640, 'mime_type': 'video/mp4'}",zJ6PFxJrGf8,https://www.youtube.com/watch?v=zJ6PFxJrGf8
cllamxx59004k3o6lkg8cvmpl,4575,back,,Abnormal Gait,myopathic,"{'top': 35.20967741935484, 'left': 248.80645161290323, 'height': 277.5967741935484, 'width': 150.4032258064516}","{'height': 360, 'width': 640, 'mime_type': 'video/mp4'}",zJ6PFxJrGf8,https://www.youtube.com/watch?v=zJ6PFxJrGf8
cllamxx59004k3o6lkg8cvmpl,4576,back,,Abnormal Gait,myopathic,"{'top': 35.44758064516129, 'left': 248.7983870967742, 'height': 277.1008064516129, 'width': 150.14919354838707}","{'height': 360, 'width': 640, 'mime_type': 'video/mp4'}",zJ6PFxJrGf8,https://www.youtube.com/watch?v=zJ6PFxJrGf8
cllamxx59004k3o6lkg8cvmpl,4577,back,,Abnormal Gait,myopathic,"{'top': 35.685483870967744, 'left': 248.79032258064515, 'height': 276.60483870967744, 'width': 149.8951612903226}","{'height': 360, 'width': 640, 'mime_type': 'video/mp4'}",zJ6PFxJrGf8,https://www.youtube.com/watch?v=zJ6PFxJrGf8
cllamxx59004k3o6lkg8cvmpl,4578,back,,Abnormal Gait,myopathic,"{'top': 35.92338709677419, 'left': 248.78225806451613, 'height': 276.1088709677419, 'width': 149.64112903225808}","{'height': 360, 'width': 640, 'mime_type': 'video/mp4'}",zJ6PFxJrGf8,https://www.youtube.com/watch?v=zJ6PFxJrGf8
cllamxx59004k3o6lkg8cvmpl,4579,back,,Abnormal Gait,myopathic,"{'top': 36.16129032258065, 'left': 248.7741935483871, 'height': 275.6129032258064, 'width': 149.38709677419357}","{'height': 360, 'width': 640, 'mime_type': 'video/mp4'}",zJ6PFxJrGf8,https://www.youtube.com/watch?v=zJ6PFxJrGf8
cllamxx59004k3o6lkg8cvmpl,4580,back,,Abnormal Gait,myopathic,"{'top': 36.399193548387096, 'left': 248.76612903225808, 'height': 275.116935483871, 'width': 149.133064516129}","{'height': 360, 'width': 640, 'mime_type': 'video/mp4'}",zJ6PFxJrGf8,https://www.youtube.com/watch?v=zJ6PFxJrGf8
cllamxx59004k3o6lkg8cvmpl,4581,back,,Abnormal Gait,myopathic,"{'top': 36.63709677419355, 'left': 248.75806451612902, 'height': 274.6209677419355, 'width': 148.8790322580645}","{'height': 360, 'width': 640, 'mime_type': 'video/mp4'}",zJ6PFxJrGf8,https://www.youtube.com/watch?v=zJ6PFxJrGf8
cllamxx59004k3o6lkg8cvmpl,4582,back,,Abnormal Gait,myopathic,"{'top': 36.875, 'left': 248.75, 'height': 274.125, 'width': 148.625}","{'height': 360, 'width': 640, 'mime_type': 'video/mp4'}",zJ6PFxJrGf8,https://www.youtube.com/watch?v=zJ6PFxJrGf8
cllamxx59004k3o6lkg8cvmpl,4583,back,,Abnormal Gait,myopathic,"{'top': 37.11290322580645, 'left': 248.74193548387098, 'height': 273.6290322580645, 'width': 148.3709677419355}","{'height': 360, 'width': 640, 'mime_type': 'video/mp4'}",zJ6PFxJrGf8,https://www.youtube.com/watch?v=zJ6PFxJrGf8
cllamxx59004k3o6lkg8cvmpl,4584,back,,Abnormal Gait,myopathic,"{'top': 37.350806451612904, 'left': 248.73387096774192, 'height': 273.133064516129, 'width': 148.116935483871}","{'height': 360, 'width': 640, 'mime_type': 'video/mp4'}",zJ6PFxJrGf8,https://www.youtube.com/watch?v=zJ6PFxJrGf8
cllamxx59004k3o6lkg8cvmpl,4585,back,,Abnormal Gait,myopathic,"{'top': 37.58870967741935, 'left': 248.7258064516129, 'height': 272.6370967741936, 'width': 147.86290322580643}","{'height': 360, 'width': 640, 'mime_type': 'video/mp4'}",zJ6PFxJrGf8,https://www.youtube.com/watch?v=zJ6PFxJrGf8
cllamxx59004k3o6lkg8cvmpl,4586,back,,Abnormal Gait,myopathic,"{'top': 37.82661290322581, 'left': 248.71774193548387, 'height': 272.1411290322581, 'width': 147.60887096774192}","{'height': 360, 'width': 640, 'mime_type': 'video/mp4'}",zJ6PFxJrGf8,https://www.youtube.com/watch?v=zJ6PFxJrGf8
cllamxx59004k3o6lkg8cvmpl,4587,back,,Abnormal Gait,myopathic,"{'top': 38.064516129032256, 'left': 248.70967741935485, 'height': 271.64516129032256, 'width': 147.3548387096774}","{'height': 360, 'width': 640, 'mime_type': 'video/mp4'}",zJ6PFxJrGf8,https://www.youtube.com/watch?v=zJ6PFxJrGf8
cllamxx59004k3o6lkg8cvmpl,4588,back,,Abnormal Gait,myopathic,"{'top': 38.30241935483871, 'left': 248.7016129032258, 'height': 271.1491935483871, 'width': 147.10080645161293}","{'height': 360, 'width': 640, 'mime_type': 'video/mp4'}",zJ6PFxJrGf8,https://www.youtube.com/watch?v=zJ6PFxJrGf8
cllamxx59004k3o6lkg8cvmpl,4589,back,,Abnormal Gait,myopathic,"{'top': 38.54032258064516, 'left': 248.69354838709677, 'height': 270.6532258064516, 'width': 146.8467741935484}","{'height': 360, 'width': 640, 'mime_type': 'video/mp4'}",zJ6PFxJrGf8,https://www.youtube.com/watch?v=zJ6PFxJrGf8
cllamxx59004k3o6lkg8cvmpl,4590,back,,Abnormal Gait,myopathic,"{'top': 38.77822580645161, 'left': 248.68548387096774, 'height': 270.15725806451616, 'width': 146.59274193548384}","{'height': 360, 'width': 640, 'mime_type': 'video/mp4'}",zJ6PFxJrGf8,https://www.youtube.com/watch?v=zJ6PFxJrGf8
cllamxx59004k3o6lkg8cvmpl,4591,back,,Abnormal Gait,myopathic,"{'top': 39.016129032258064, 'left': 248.67741935483872, 'height': 269.66129032258067, 'width': 146.33870967741933}","{'height': 360, 'width': 640, 'mime_type': 'video/mp4'}",zJ6PFxJrGf8,https://www.youtube.com/watch?v=zJ6PFxJrGf8
cllamxx59004k3o6lkg8cvmpl,4592,back,,Abnormal Gait,myopathic,"{'top': 39.25403225806451, 'left': 248.66935483870967, 'height': 269.1653225806452, 'width': 146.08467741935485}","{'height': 360, 'width': 640, 'mime_type': 'video/mp4'}",zJ6PFxJrGf8,https://www.youtube.com/watch?v=zJ6PFxJrGf8
cllamxx59004k3o6lkg8cvmpl,4593,back,,Abnormal Gait,myopathic,"{'top': 39.49193548387097, 'left': 248.66129032258064, 'height': 268.6693548387097, 'width': 145.83064516129033}","{'height': 360, 'width': 640, 'mime_type': 'video/mp4'}",zJ6PFxJrGf8,https://www.youtube.com/watch?v=zJ6PFxJrGf8
cllamxx59004k3o6lkg8cvmpl,4594,back,,Abnormal Gait,myopathic,"{'top': 39.729838709677416, 'left': 248.65322580645162, 'height': 268.17338709677415, 'width': 145.57661290322582}","{'height': 360, 'width': 640, 'mime_type': 'video/mp4'}",zJ6PFxJrGf8,https://www.youtube.com/watch?v=zJ6PFxJrGf8
cllamxx59004k3o6lkg8cvmpl,4595,back,,Abnormal Gait,myopathic,"{'top': 39.967741935483865, 'left': 248.6451612903226, 'height': 267.6774193548387, 'width': 145.3225806451613}","{'height': 360, 'width': 640, 'mime_type': 'video/mp4'}",zJ6PFxJrGf8,https://www.youtube.com/watch?v=zJ6PFxJrGf8
cllamxx59004k3o6lkg8cvmpl,4596,back,,Abnormal Gait,myopathic,"{'top': 40.20564516129032, 'left': 248.63709677419354, 'height': 267.18145161290323, 'width': 145.06854838709677}","{'height': 360, 'width': 640, 'mime_type': 'video/mp4'}",zJ6PFxJrGf8,https://www.youtube.com/watch?v=zJ6PFxJrGf8
cllamxx59004k3o6lkg8cvmpl,4597,back,,Abnormal Gait,myopathic,"{'top': 40.44354838709677, 'left': 248.6290322580645, 'height': 266.68548387096774, 'width': 144.81451612903226}","{'height': 360, 'width': 640, 'mime_type': 'video/mp4'}",zJ6PFxJrGf8,https://www.youtube.com/watch?v=zJ6PFxJrGf8
cllamxx59004k3o6lkg8cvmpl,4598,back,,Abnormal Gait,myopathic,"{'top': 40.68145161290323, 'left': 248.6209677419355, 'height': 266.18951612903226, 'width': 144.56048387096774}","{'height': 360, 'width': 640, 'mime_type': 'video/mp4'}",zJ6PFxJrGf8,https://www.youtube.com/watch?v=zJ6PFxJrGf8
cllamxx59004k3o6lkg8cvmpl,4599,back,,Abnormal Gait,myopathic,"{'top': 40.91935483870968, 'left': 248.61290322580646, 'height': 265.69354838709677, 'width': 144.30645161290323}","{'height': 360, 'width': 640, 'mime_type': 'video/mp4'}",zJ6PFxJrGf8,https://www.youtube.com/watch?v=zJ6PFxJrGf8
cllamxx59004k3o6lkg8cvmpl,4600,back,,Abnormal Gait,myopathic,"{'top': 41.157258064516135, 'left': 248.6048387096774, 'height': 265.1975806451613, 'width': 144.0524193548387}","{'height': 360, 'width': 640, 'mime_type': 'video/mp4'}",zJ6PFxJrGf8,https://www.youtube.com/watch?v=zJ6PFxJrGf8
cllamxx59004k3o6lkg8cvmpl,4601,back,,Abnormal Gait,myopathic,"{'top': 41.395161290322584, 'left': 248.59677419354838, 'height': 264.70161290322585, 'width': 143.79838709677418}","{'height': 360, 'width': 640, 'mime_type': 'video/mp4'}",zJ6PFxJrGf8,https://www.youtube.com/watch?v=zJ6PFxJrGf8
cllamxx59004k3o6lkg8cvmpl,4602,back,,Abnormal Gait,myopathic,"{'top': 41.63306451612903, 'left': 248.58870967741936, 'height': 264.2056451612903, 'width': 143.54435483870967}","{'height': 360, 'width': 640, 'mime_type': 'video/mp4'}",zJ6PFxJrGf8,https://www.youtube.com/watch?v=zJ6PFxJrGf8
cllamxx59004k3o6lkg8cvmpl,4603,back,,Abnormal Gait,myopathic,"{'top': 41.87096774193549, 'left': 248.58064516129033, 'height': 263.7096774193548, 'width': 143.29032258064515}","{'height': 360, 'width': 640, 'mime_type': 'video/mp4'}",zJ6PFxJrGf8,https://www.youtube.com/watch?v=zJ6PFxJrGf8
cllamxx59004k3o6lkg8cvmpl,4604,back,,Abnormal Gait,myopathic,"{'top': 42.108870967741936, 'left': 248.57258064516128, 'height': 263.21370967741933, 'width': 143.03629032258067}","{'height': 360, 'width': 640, 'mime_type': 'video/mp4'}",zJ6PFxJrGf8,https://www.youtube.com/watch?v=zJ6PFxJrGf8
cllamxx59004k3o6lkg8cvmpl,4605,back,,Abnormal Gait,myopathic,"{'top': 42.34677419354839, 'left': 248.56451612903226, 'height': 262.71774193548384, 'width': 142.78225806451616}","{'height': 360, 'width': 640, 'mime_type': 'video/mp4'}",zJ6PFxJrGf8,https://www.youtube.com/watch?v=zJ6PFxJrGf8
cllamxx59004k3o6lkg8cvmpl,4606,back,,Abnormal Gait,myopathic,"{'top': 42.58467741935484, 'left': 248.55645161290323, 'height': 262.2217741935484, 'width': 142.5282258064516}","{'height': 360, 'width': 640, 'mime_type': 'video/mp4'}",zJ6PFxJrGf8,https://www.youtube.com/watch?v=zJ6PFxJrGf8
cllamxx59004k3o6lkg8cvmpl,4607,back,,Abnormal Gait,myopathic,"{'top': 42.82258064516129, 'left': 248.5483870967742, 'height': 261.7258064516129, 'width': 142.27419354838707}","{'height': 360, 'width': 640, 'mime_type': 'video/mp4'}",zJ6PFxJrGf8,https://www.youtube.com/watch?v=zJ6PFxJrGf8
cllamxx59004k3o6lkg8cvmpl,4608,back,,Abnormal Gait,myopathic,"{'top': 43.060483870967744, 'left': 248.54032258064515, 'height': 261.22983870967744, 'width': 142.0201612903226}","{'height': 360, 'width': 640, 'mime_type': 'video/mp4'}",zJ6PFxJrGf8,https://www.youtube.com/watch?v=zJ6PFxJrGf8
cllamxx59004k3o6lkg8cvmpl,4609,back,,Abnormal Gait,myopathic,"{'top': 43.29838709677419, 'left': 248.53225806451613, 'height': 260.7338709677419, 'width': 141.76612903225808}","{'height': 360, 'width': 640, 'mime_type': 'video/mp4'}",zJ6PFxJrGf8,https://www.youtube.com/watch?v=zJ6PFxJrGf8
cllamxx59004k3o6lkg8cvmpl,4610,back,,Abnormal Gait,myopathic,"{'top': 43.53629032258065, 'left': 248.5241935483871, 'height': 260.2379032258064, 'width': 141.51209677419357}","{'height': 360, 'width': 640, 'mime_type': 'video/mp4'}",zJ6PFxJrGf8,https://www.youtube.com/watch?v=zJ6PFxJrGf8
cllamxx59004k3o6lkg8cvmpl,4611,back,,Abnormal Gait,myopathic,"{'top': 43.774193548387096, 'left': 248.51612903225808, 'height': 259.741935483871, 'width': 141.258064516129}","{'height': 360, 'width': 640, 'mime_type': 'video/mp4'}",zJ6PFxJrGf8,https://www.youtube.com/watch?v=zJ6PFxJrGf8
cllamxx59004k3o6lkg8cvmpl,4612,back,,Abnormal Gait,myopathic,"{'top': 44.01209677419355, 'left': 248.50806451612902, 'height': 259.2459677419355, 'width': 141.0040322580645}","{'height': 360, 'width': 640, 'mime_type': 'video/mp4'}",zJ6PFxJrGf8,https://www.youtube.com/watch?v=zJ6PFxJrGf8
cllamxx59004k3o6lkg8cvmpl,4613,back,,Abnormal Gait,myopathic,"{'top': 44.25, 'left': 248.5, 'height': 258.75, 'width': 140.75}","{'height': 360, 'width': 640, 'mime_type': 'video/mp4'}",zJ6PFxJrGf8,https://www.youtube.com/watch?v=zJ6PFxJrGf8
cllamxx59004k3o6lkg8cvmpl,4614,back,,Abnormal Gait,myopathic,"{'top': 44.48790322580645, 'left': 248.49193548387098, 'height': 258.2540322580645, 'width': 140.4959677419355}","{'height': 360, 'width': 640, 'mime_type': 'video/mp4'}",zJ6PFxJrGf8,https://www.youtube.com/watch?v=zJ6PFxJrGf8
cllamxx59004k3o6lkg8cvmpl,4615,back,,Abnormal Gait,myopathic,"{'top': 44.725806451612904, 'left': 248.48387096774192, 'height': 257.758064516129, 'width': 140.241935483871}","{'height': 360, 'width': 640, 'mime_type': 'video/mp4'}",zJ6PFxJrGf8,https://www.youtube.com/watch?v=zJ6PFxJrGf8
cllamxx59004k3o6lkg8cvmpl,4616,back,,Abnormal Gait,myopathic,"{'top': 44.96370967741935, 'left': 248.4758064516129, 'height': 257.2620967741936, 'width': 139.98790322580643}","{'height': 360, 'width': 640, 'mime_type': 'video/mp4'}",zJ6PFxJrGf8,https://www.youtube.com/watch?v=zJ6PFxJrGf8
cllamxx59004k3o6lkg8cvmpl,4617,back,,Abnormal Gait,myopathic,"{'top': 45.20161290322581, 'left': 248.46774193548387, 'height': 256.7661290322581, 'width': 139.73387096774192}","{'height': 360, 'width': 640, 'mime_type': 'video/mp4'}",zJ6PFxJrGf8,https://www.youtube.com/watch?v=zJ6PFxJrGf8
cllamxx59004k3o6lkg8cvmpl,4618,back,,Abnormal Gait,myopathic,"{'top': 45.439516129032256, 'left': 248.45967741935485, 'height': 256.27016129032256, 'width': 139.4798387096774}","{'height': 360, 'width': 640, 'mime_type': 'video/mp4'}",zJ6PFxJrGf8,https://www.youtube.com/watch?v=zJ6PFxJrGf8
cllamxx59004k3o6lkg8cvmpl,4619,back,,Abnormal Gait,myopathic,"{'top': 45.67741935483871, 'left': 248.4516129032258, 'height': 255.77419354838707, 'width': 139.22580645161293}","{'height': 360, 'width': 640, 'mime_type': 'video/mp4'}",zJ6PFxJrGf8,https://www.youtube.com/watch?v=zJ6PFxJrGf8
cllamxx59004k3o6lkg8cvmpl,4620,back,,Abnormal Gait,myopathic,"{'top': 45.91532258064516, 'left': 248.44354838709677, 'height': 255.27822580645162, 'width': 138.9717741935484}","{'height': 360, 'width': 640, 'mime_type': 'video/mp4'}",zJ6PFxJrGf8,https://www.youtube.com/watch?v=zJ6PFxJrGf8
cllamxx59004k3o6lkg8cvmpl,4621,back,,Abnormal Gait,myopathic,"{'top': 46.15322580645161, 'left': 248.43548387096774, 'height': 254.78225806451613, 'width': 138.71774193548384}","{'height': 360, 'width': 640, 'mime_type': 'video/mp4'}",zJ6PFxJrGf8,https://www.youtube.com/watch?v=zJ6PFxJrGf8
cllamxx59004k3o6lkg8cvmpl,4622,back,,Abnormal Gait,myopathic,"{'top': 46.391129032258064, 'left': 248.42741935483872, 'height': 254.28629032258067, 'width': 138.46370967741933}","{'height': 360, 'width': 640, 'mime_type': 'video/mp4'}",zJ6PFxJrGf8,https://www.youtube.com/watch?v=zJ6PFxJrGf8
cllamxx59004k3o6lkg8cvmpl,4623,back,,Abnormal Gait,myopathic,"{'top': 46.62903225806451, 'left': 248.41935483870967, 'height': 253.79032258064518, 'width': 138.20967741935485}","{'height': 360, 'width': 640, 'mime_type': 'video/mp4'}",zJ6PFxJrGf8,https://www.youtube.com/watch?v=zJ6PFxJrGf8
cllamxx59004k3o6lkg8cvmpl,4624,back,,Abnormal Gait,myopathic,"{'top': 46.86693548387097, 'left': 248.41129032258064, 'height': 253.2943548387097, 'width': 137.95564516129033}","{'height': 360, 'width': 640, 'mime_type': 'video/mp4'}",zJ6PFxJrGf8,https://www.youtube.com/watch?v=zJ6PFxJrGf8
cllamxx59004k3o6lkg8cvmpl,4625,back,,Abnormal Gait,myopathic,"{'top': 47.104838709677416, 'left': 248.40322580645162, 'height': 252.79838709677418, 'width': 137.70161290322582}","{'height': 360, 'width': 640, 'mime_type': 'video/mp4'}",zJ6PFxJrGf8,https://www.youtube.com/watch?v=zJ6PFxJrGf8
cllamxx59004k3o6lkg8cvmpl,4626,back,,Abnormal Gait,myopathic,"{'top': 47.342741935483865, 'left': 248.3951612903226, 'height': 252.3024193548387, 'width': 137.4475806451613}","{'height': 360, 'width': 640, 'mime_type': 'video/mp4'}",zJ6PFxJrGf8,https://www.youtube.com/watch?v=zJ6PFxJrGf8
cllamxx59004k3o6lkg8cvmpl,4627,back,,Abnormal Gait,myopathic,"{'top': 47.58064516129032, 'left': 248.38709677419354, 'height': 251.80645161290323, 'width': 137.19354838709677}","{'height': 360, 'width': 640, 'mime_type': 'video/mp4'}",zJ6PFxJrGf8,https://www.youtube.com/watch?v=zJ6PFxJrGf8
cllamxx59004k3o6lkg8cvmpl,4628,back,,Abnormal Gait,myopathic,"{'top': 47.81854838709677, 'left': 248.3790322580645, 'height': 251.31048387096774, 'width': 136.93951612903226}","{'height': 360, 'width': 640, 'mime_type': 'video/mp4'}",zJ6PFxJrGf8,https://www.youtube.com/watch?v=zJ6PFxJrGf8
cllamxx59004k3o6lkg8cvmpl,4629,back,,Abnormal Gait,myopathic,"{'top': 48.05645161290323, 'left': 248.3709677419355, 'height': 250.81451612903226, 'width': 136.68548387096774}","{'height': 360, 'width': 640, 'mime_type': 'video/mp4'}",zJ6PFxJrGf8,https://www.youtube.com/watch?v=zJ6PFxJrGf8
cllamxx59004k3o6lkg8cvmpl,4630,back,,Abnormal Gait,myopathic,"{'top': 48.29435483870968, 'left': 248.36290322580646, 'height': 250.31854838709677, 'width': 136.43145161290323}","{'height': 360, 'width': 640, 'mime_type': 'video/mp4'}",zJ6PFxJrGf8,https://www.youtube.com/watch?v=zJ6PFxJrGf8
cllamxx59004k3o6lkg8cvmpl,4631,back,,Abnormal Gait,myopathic,"{'top': 48.532258064516135, 'left': 248.3548387096774, 'height': 249.8225806451613, 'width': 136.1774193548387}","{'height': 360, 'width': 640, 'mime_type': 'video/mp4'}",zJ6PFxJrGf8,https://www.youtube.com/watch?v=zJ6PFxJrGf8
cllamxx59004k3o6lkg8cvmpl,4632,back,,Abnormal Gait,myopathic,"{'top': 48.770161290322584, 'left': 248.34677419354838, 'height': 249.32661290322582, 'width': 135.92338709677418}","{'height': 360, 'width': 640, 'mime_type': 'video/mp4'}",zJ6PFxJrGf8,https://www.youtube.com/watch?v=zJ6PFxJrGf8
cllamxx59004k3o6lkg8cvmpl,4633,back,,Abnormal Gait,myopathic,"{'top': 49.00806451612903, 'left': 248.33870967741936, 'height': 248.8306451612903, 'width': 135.66935483870967}","{'height': 360, 'width': 640, 'mime_type': 'video/mp4'}",zJ6PFxJrGf8,https://www.youtube.com/watch?v=zJ6PFxJrGf8
cllamxx59004k3o6lkg8cvmpl,4634,back,,Abnormal Gait,myopathic,"{'top': 49.24596774193549, 'left': 248.33064516129033, 'height': 248.33467741935482, 'width': 135.41532258064515}","{'height': 360, 'width': 640, 'mime_type': 'video/mp4'}",zJ6PFxJrGf8,https://www.youtube.com/watch?v=zJ6PFxJrGf8
cllamxx59004k3o6lkg8cvmpl,4635,back,,Abnormal Gait,myopathic,"{'top': 49.483870967741936, 'left': 248.32258064516128, 'height': 247.83870967741933, 'width': 135.16129032258067}","{'height': 360, 'width': 640, 'mime_type': 'video/mp4'}",zJ6PFxJrGf8,https://www.youtube.com/watch?v=zJ6PFxJrGf8
cllamxx59004k3o6lkg8cvmpl,4636,back,,Abnormal Gait,myopathic,"{'top': 49.72177419354839, 'left': 248.31451612903226, 'height': 247.34274193548387, 'width': 134.90725806451616}","{'height': 360, 'width': 640, 'mime_type': 'video/mp4'}",zJ6PFxJrGf8,https://www.youtube.com/watch?v=zJ6PFxJrGf8
cllamxx59004k3o6lkg8cvmpl,4637,back,,Abnormal Gait,myopathic,"{'top': 49.95967741935484, 'left': 248.30645161290323, 'height': 246.84677419354838, 'width': 134.6532258064516}","{'height': 360, 'width': 640, 'mime_type': 'video/mp4'}",zJ6PFxJrGf8,https://www.youtube.com/watch?v=zJ6PFxJrGf8
cllamxx59004k3o6lkg8cvmpl,4638,back,,Abnormal Gait,myopathic,"{'top': 50.19758064516129, 'left': 248.2983870967742, 'height': 246.35080645161293, 'width': 134.39919354838707}","{'height': 360, 'width': 640, 'mime_type': 'video/mp4'}",zJ6PFxJrGf8,https://www.youtube.com/watch?v=zJ6PFxJrGf8
cllamxx59004k3o6lkg8cvmpl,4639,back,,Abnormal Gait,myopathic,"{'top': 50.435483870967744, 'left': 248.29032258064515, 'height': 245.85483870967744, 'width': 134.1451612903226}","{'height': 360, 'width': 640, 'mime_type': 'video/mp4'}",zJ6PFxJrGf8,https://www.youtube.com/watch?v=zJ6PFxJrGf8
cllamxx59004k3o6lkg8cvmpl,4640,back,,Abnormal Gait,myopathic,"{'top': 50.67338709677419, 'left': 248.28225806451613, 'height': 245.3588709677419, 'width': 133.89112903225808}","{'height': 360, 'width': 640, 'mime_type': 'video/mp4'}",zJ6PFxJrGf8,https://www.youtube.com/watch?v=zJ6PFxJrGf8
cllamxx59004k3o6lkg8cvmpl,4641,back,,Abnormal Gait,myopathic,"{'top': 50.91129032258065, 'left': 248.2741935483871, 'height': 244.86290322580643, 'width': 133.63709677419357}","{'height': 360, 'width': 640, 'mime_type': 'video/mp4'}",zJ6PFxJrGf8,https://www.youtube.com/watch?v=zJ6PFxJrGf8
cllamxx59004k3o6lkg8cvmpl,4642,back,,Abnormal Gait,myopathic,"{'top': 51.149193548387096, 'left': 248.26612903225808, 'height': 244.36693548387095, 'width': 133.383064516129}","{'height': 360, 'width': 640, 'mime_type': 'video/mp4'}",zJ6PFxJrGf8,https://www.youtube.com/watch?v=zJ6PFxJrGf8
cllamxx59004k3o6lkg8cvmpl,4643,back,,Abnormal Gait,myopathic,"{'top': 51.38709677419355, 'left': 248.25806451612902, 'height': 243.8709677419355, 'width': 133.1290322580645}","{'height': 360, 'width': 640, 'mime_type': 'video/mp4'}",zJ6PFxJrGf8,https://www.youtube.com/watch?v=zJ6PFxJrGf8
cllamxx59004k3o6lkg8cvmpl,4644,back,,Abnormal Gait,myopathic,"{'top': 51.625, 'left': 248.25, 'height': 243.375, 'width': 132.875}","{'height': 360, 'width': 640, 'mime_type': 'video/mp4'}",zJ6PFxJrGf8,https://www.youtube.com/watch?v=zJ6PFxJrGf8
cllamxx59004k3o6lkg8cvmpl,4645,back,,Abnormal Gait,myopathic,"{'top': 51.86290322580645, 'left': 248.24193548387098, 'height': 242.8790322580645, 'width': 132.6209677419355}","{'height': 360, 'width': 640, 'mime_type': 'video/mp4'}",zJ6PFxJrGf8,https://www.youtube.com/watch?v=zJ6PFxJrGf8
cllamxx59004k3o6lkg8cvmpl,4646,back,,Abnormal Gait,myopathic,"{'top': 52.100806451612904, 'left': 248.23387096774192, 'height': 242.38306451612905, 'width': 132.366935483871}","{'height': 360, 'width': 640, 'mime_type': 'video/mp4'}",zJ6PFxJrGf8,https://www.youtube.com/watch?v=zJ6PFxJrGf8
cllamxx59004k3o6lkg8cvmpl,4647,back,,Abnormal Gait,myopathic,"{'top': 52.33870967741935, 'left': 248.2258064516129, 'height': 241.88709677419357, 'width': 132.11290322580643}","{'height': 360, 'width': 640, 'mime_type': 'video/mp4'}",zJ6PFxJrGf8,https://www.youtube.com/watch?v=zJ6PFxJrGf8
cllamxx59004k3o6lkg8cvmpl,4648,back,,Abnormal Gait,myopathic,"{'top': 52.57661290322581, 'left': 248.21774193548387, 'height': 241.3911290322581, 'width': 131.85887096774192}","{'height': 360, 'width': 640, 'mime_type': 'video/mp4'}",zJ6PFxJrGf8,https://www.youtube.com/watch?v=zJ6PFxJrGf8
cllamxx59004k3o6lkg8cvmpl,4649,back,,Abnormal Gait,myopathic,"{'top': 52.814516129032256, 'left': 248.20967741935485, 'height': 240.89516129032256, 'width': 131.6048387096774}","{'height': 360, 'width': 640, 'mime_type': 'video/mp4'}",zJ6PFxJrGf8,https://www.youtube.com/watch?v=zJ6PFxJrGf8
cllamxx59004k3o6lkg8cvmpl,4650,back,,Abnormal Gait,myopathic,"{'top': 53.05241935483871, 'left': 248.2016129032258, 'height': 240.39919354838707, 'width': 131.35080645161293}","{'height': 360, 'width': 640, 'mime_type': 'video/mp4'}",zJ6PFxJrGf8,https://www.youtube.com/watch?v=zJ6PFxJrGf8
cllamxx59004k3o6lkg8cvmpl,4651,back,,Abnormal Gait,myopathic,"{'top': 53.29032258064516, 'left': 248.19354838709677, 'height': 239.90322580645162, 'width': 131.0967741935484}","{'height': 360, 'width': 640, 'mime_type': 'video/mp4'}",zJ6PFxJrGf8,https://www.youtube.com/watch?v=zJ6PFxJrGf8
cllamxx59004k3o6lkg8cvmpl,4652,back,,Abnormal Gait,myopathic,"{'top': 53.52822580645161, 'left': 248.18548387096774, 'height': 239.40725806451613, 'width': 130.84274193548384}","{'height': 360, 'width': 640, 'mime_type': 'video/mp4'}",zJ6PFxJrGf8,https://www.youtube.com/watch?v=zJ6PFxJrGf8
cllamxx59004k3o6lkg8cvmpl,4653,back,,Abnormal Gait,myopathic,"{'top': 53.766129032258064, 'left': 248.17741935483872, 'height': 238.91129032258067, 'width': 130.58870967741933}","{'height': 360, 'width': 640, 'mime_type': 'video/mp4'}",zJ6PFxJrGf8,https://www.youtube.com/watch?v=zJ6PFxJrGf8
cllamxx59004k3o6lkg8cvmpl,4654,back,,Abnormal Gait,myopathic,"{'top': 54.00403225806451, 'left': 248.16935483870967, 'height': 238.41532258064518, 'width': 130.33467741935485}","{'height': 360, 'width': 640, 'mime_type': 'video/mp4'}",zJ6PFxJrGf8,https://www.youtube.com/watch?v=zJ6PFxJrGf8
cllamxx59004k3o6lkg8cvmpl,4655,back,,Abnormal Gait,myopathic,"{'top': 54.24193548387097, 'left': 248.16129032258064, 'height': 237.9193548387097, 'width': 130.08064516129033}","{'height': 360, 'width': 640, 'mime_type': 'video/mp4'}",zJ6PFxJrGf8,https://www.youtube.com/watch?v=zJ6PFxJrGf8
cllamxx59004k3o6lkg8cvmpl,4656,back,,Abnormal Gait,myopathic,"{'top': 54.479838709677416, 'left': 248.15322580645162, 'height': 237.42338709677418, 'width': 129.82661290322582}","{'height': 360, 'width': 640, 'mime_type': 'video/mp4'}",zJ6PFxJrGf8,https://www.youtube.com/watch?v=zJ6PFxJrGf8
cllamxx59004k3o6lkg8cvmpl,4657,back,,Abnormal Gait,myopathic,"{'top': 54.717741935483865, 'left': 248.1451612903226, 'height': 236.9274193548387, 'width': 129.5725806451613}","{'height': 360, 'width': 640, 'mime_type': 'video/mp4'}",zJ6PFxJrGf8,https://www.youtube.com/watch?v=zJ6PFxJrGf8
cllamxx59004k3o6lkg8cvmpl,4658,back,,Abnormal Gait,myopathic,"{'top': 54.95564516129032, 'left': 248.13709677419354, 'height': 236.43145161290323, 'width': 129.31854838709677}","{'height': 360, 'width': 640, 'mime_type': 'video/mp4'}",zJ6PFxJrGf8,https://www.youtube.com/watch?v=zJ6PFxJrGf8
cllamxx59004k3o6lkg8cvmpl,4659,back,,Abnormal Gait,myopathic,"{'top': 55.19354838709677, 'left': 248.1290322580645, 'height': 235.93548387096774, 'width': 129.06451612903226}","{'height': 360, 'width': 640, 'mime_type': 'video/mp4'}",zJ6PFxJrGf8,https://www.youtube.com/watch?v=zJ6PFxJrGf8
cllamxx59004k3o6lkg8cvmpl,4660,back,,Abnormal Gait,myopathic,"{'top': 55.43145161290323, 'left': 248.1209677419355, 'height': 235.43951612903226, 'width': 128.81048387096774}","{'height': 360, 'width': 640, 'mime_type': 'video/mp4'}",zJ6PFxJrGf8,https://www.youtube.com/watch?v=zJ6PFxJrGf8
cllamxx59004k3o6lkg8cvmpl,4661,back,,Abnormal Gait,myopathic,"{'top': 55.66935483870968, 'left': 248.11290322580646, 'height': 234.94354838709677, 'width': 128.55645161290323}","{'height': 360, 'width': 640, 'mime_type': 'video/mp4'}",zJ6PFxJrGf8,https://www.youtube.com/watch?v=zJ6PFxJrGf8
cllamxx59004k3o6lkg8cvmpl,4662,back,,Abnormal Gait,myopathic,"{'top': 55.907258064516135, 'left': 248.1048387096774, 'height': 234.4475806451613, 'width': 128.3024193548387}","{'height': 360, 'width': 640, 'mime_type': 'video/mp4'}",zJ6PFxJrGf8,https://www.youtube.com/watch?v=zJ6PFxJrGf8
cllamxx59004k3o6lkg8cvmpl,4663,back,,Abnormal Gait,myopathic,"{'top': 56.145161290322584, 'left': 248.09677419354838, 'height': 233.95161290322582, 'width': 128.04838709677418}","{'height': 360, 'width': 640, 'mime_type': 'video/mp4'}",zJ6PFxJrGf8,https://www.youtube.com/watch?v=zJ6PFxJrGf8
cllamxx59004k3o6lkg8cvmpl,4664,back,,Abnormal Gait,myopathic,"{'top': 56.38306451612903, 'left': 248.08870967741936, 'height': 233.4556451612903, 'width': 127.79435483870967}","{'height': 360, 'width': 640, 'mime_type': 'video/mp4'}",zJ6PFxJrGf8,https://www.youtube.com/watch?v=zJ6PFxJrGf8
cllamxx59004k3o6lkg8cvmpl,4665,back,,Abnormal Gait,myopathic,"{'top': 56.62096774193549, 'left': 248.08064516129033, 'height': 232.95967741935482, 'width': 127.54032258064515}","{'height': 360, 'width': 640, 'mime_type': 'video/mp4'}",zJ6PFxJrGf8,https://www.youtube.com/watch?v=zJ6PFxJrGf8
cllamxx59004k3o6lkg8cvmpl,4666,back,,Abnormal Gait,myopathic,"{'top': 56.858870967741936, 'left': 248.07258064516128, 'height': 232.46370967741933, 'width': 127.28629032258067}","{'height': 360, 'width': 640, 'mime_type': 'video/mp4'}",zJ6PFxJrGf8,https://www.youtube.com/watch?v=zJ6PFxJrGf8
cllamxx59004k3o6lkg8cvmpl,4667,back,,Abnormal Gait,myopathic,"{'top': 57.09677419354839, 'left': 248.06451612903226, 'height': 231.96774193548387, 'width': 127.03225806451616}","{'height': 360, 'width': 640, 'mime_type': 'video/mp4'}",zJ6PFxJrGf8,https://www.youtube.com/watch?v=zJ6PFxJrGf8
cllamxx59004k3o6lkg8cvmpl,4668,back,,Abnormal Gait,myopathic,"{'top': 57.33467741935484, 'left': 248.05645161290323, 'height': 231.47177419354838, 'width': 126.77822580645159}","{'height': 360, 'width': 640, 'mime_type': 'video/mp4'}",zJ6PFxJrGf8,https://www.youtube.com/watch?v=zJ6PFxJrGf8
cllamxx59004k3o6lkg8cvmpl,4669,back,,Abnormal Gait,myopathic,"{'top': 57.57258064516129, 'left': 248.0483870967742, 'height': 230.97580645161293, 'width': 126.52419354838707}","{'height': 360, 'width': 640, 'mime_type': 'video/mp4'}",zJ6PFxJrGf8,https://www.youtube.com/watch?v=zJ6PFxJrGf8
cllamxx59004k3o6lkg8cvmpl,4670,back,,Abnormal Gait,myopathic,"{'top': 57.810483870967744, 'left': 248.04032258064515, 'height': 230.47983870967744, 'width': 126.27016129032259}","{'height': 360, 'width': 640, 'mime_type': 'video/mp4'}",zJ6PFxJrGf8,https://www.youtube.com/watch?v=zJ6PFxJrGf8
cllamxx59004k3o6lkg8cvmpl,4671,back,,Abnormal Gait,myopathic,"{'top': 58.04838709677419, 'left': 248.03225806451613, 'height': 229.9838709677419, 'width': 126.01612903225808}","{'height': 360, 'width': 640, 'mime_type': 'video/mp4'}",zJ6PFxJrGf8,https://www.youtube.com/watch?v=zJ6PFxJrGf8
cllamxx59004k3o6lkg8cvmpl,4672,back,,Abnormal Gait,myopathic,"{'top': 58.28629032258065, 'left': 248.0241935483871, 'height': 229.48790322580643, 'width': 125.76209677419351}","{'height': 360, 'width': 640, 'mime_type': 'video/mp4'}",zJ6PFxJrGf8,https://www.youtube.com/watch?v=zJ6PFxJrGf8
cllamxx59004k3o6lkg8cvmpl,4673,back,,Abnormal Gait,myopathic,"{'top': 58.524193548387096, 'left': 248.01612903225808, 'height': 228.99193548387095, 'width': 125.508064516129}","{'height': 360, 'width': 640, 'mime_type': 'video/mp4'}",zJ6PFxJrGf8,https://www.youtube.com/watch?v=zJ6PFxJrGf8
cllamxx59004k3o6lkg8cvmpl,4674,back,,Abnormal Gait,myopathic,"{'top': 58.76209677419355, 'left': 248.00806451612902, 'height': 228.4959677419355, 'width': 125.25403225806451}","{'height': 360, 'width': 640, 'mime_type': 'video/mp4'}",zJ6PFxJrGf8,https://www.youtube.com/watch?v=zJ6PFxJrGf8
cllamxx59004k3o6lkg8cvmpl,4675,back,,Abnormal Gait,myopathic,"{'top': 59.0, 'left': 248.0, 'height': 228.0, 'width': 125.0}","{'height': 360, 'width': 640, 'mime_type': 'video/mp4'}",zJ6PFxJrGf8,https://www.youtube.com/watch?v=zJ6PFxJrGf8
cllamxx59004k3o6lkg8cvmpl,4676,back,,Abnormal Gait,myopathic,"{'top': 59.236111111111114, 'left': 248.23611111111111, 'height': 227.3472222222222, 'width': 124.49999999999997}","{'height': 360, 'width': 640, 'mime_type': 'video/mp4'}",zJ6PFxJrGf8,https://www.youtube.com/watch?v=zJ6PFxJrGf8
cllamxx59004k3o6lkg8cvmpl,4677,back,,Abnormal Gait,myopathic,"{'top': 59.47222222222222, 'left': 248.47222222222223, 'height': 226.69444444444446, 'width': 124.0}","{'height': 360, 'width': 640, 'mime_type': 'video/mp4'}",zJ6PFxJrGf8,https://www.youtube.com/watch?v=zJ6PFxJrGf8
cllamxx59004k3o6lkg8cvmpl,4678,back,,Abnormal Gait,myopathic,"{'top': 59.708333333333336, 'left': 248.70833333333334, 'height': 226.04166666666666, 'width': 123.49999999999997}","{'height': 360, 'width': 640, 'mime_type': 'video/mp4'}",zJ6PFxJrGf8,https://www.youtube.com/watch?v=zJ6PFxJrGf8
cllamxx59004k3o6lkg8cvmpl,4679,back,,Abnormal Gait,myopathic,"{'top': 59.94444444444444, 'left': 248.94444444444446, 'height': 225.38888888888886, 'width': 123.0}","{'height': 360, 'width': 640, 'mime_type': 'video/mp4'}",zJ6PFxJrGf8,https://www.youtube.com/watch?v=zJ6PFxJrGf8
cllamxx59004k3o6lkg8cvmpl,4680,back,,Abnormal Gait,myopathic,"{'top': 60.18055555555556, 'left': 249.18055555555554, 'height': 224.73611111111114, 'width': 122.5}","{'height': 360, 'width': 640, 'mime_type': 'video/mp4'}",zJ6PFxJrGf8,https://www.youtube.com/watch?v=zJ6PFxJrGf8
cllamxx59004k3o6lkg8cvmpl,4681,back,,Abnormal Gait,myopathic,"{'top': 60.416666666666664, 'left': 249.41666666666666, 'height': 224.08333333333334, 'width': 122.00000000000003}","{'height': 360, 'width': 640, 'mime_type': 'video/mp4'}",zJ6PFxJrGf8,https://www.youtube.com/watch?v=zJ6PFxJrGf8
cllamxx59004k3o6lkg8cvmpl,4682,back,,Abnormal Gait,myopathic,"{'top': 60.65277777777778, 'left': 249.65277777777777, 'height': 223.43055555555554, 'width': 121.5}","{'height': 360, 'width': 640, 'mime_type': 'video/mp4'}",zJ6PFxJrGf8,https://www.youtube.com/watch?v=zJ6PFxJrGf8
cllamxx59004k3o6lkg8cvmpl,4683,back,,Abnormal Gait,myopathic,"{'top': 60.888888888888886, 'left': 249.88888888888889, 'height': 222.7777777777778, 'width': 121.00000000000003}","{'height': 360, 'width': 640, 'mime_type': 'video/mp4'}",zJ6PFxJrGf8,https://www.youtube.com/watch?v=zJ6PFxJrGf8
cllamxx59004k3o6lkg8cvmpl,4684,back,,Abnormal Gait,myopathic,"{'top': 61.125, 'left': 250.125, 'height': 222.125, 'width': 120.5}","{'height': 360, 'width': 640, 'mime_type': 'video/mp4'}",zJ6PFxJrGf8,https://www.youtube.com/watch?v=zJ6PFxJrGf8
cllamxx59004k3o6lkg8cvmpl,4685,back,,Abnormal Gait,myopathic,"{'top': 61.361111111111114, 'left': 250.36111111111111, 'height': 221.4722222222222, 'width': 119.99999999999997}","{'height': 360, 'width': 640, 'mime_type': 'video/mp4'}",zJ6PFxJrGf8,https://www.youtube.com/watch?v=zJ6PFxJrGf8
cllamxx59004k3o6lkg8cvmpl,4686,back,,Abnormal Gait,myopathic,"{'top': 61.59722222222222, 'left': 250.59722222222223, 'height': 220.81944444444446, 'width': 119.5}","{'height': 360, 'width': 640, 'mime_type': 'video/mp4'}",zJ6PFxJrGf8,https://www.youtube.com/watch?v=zJ6PFxJrGf8
cllamxx59004k3o6lkg8cvmpl,4687,back,,Abnormal Gait,myopathic,"{'top': 61.833333333333336, 'left': 250.83333333333334, 'height': 220.16666666666666, 'width': 118.99999999999997}","{'height': 360, 'width': 640, 'mime_type': 'video/mp4'}",zJ6PFxJrGf8,https://www.youtube.com/watch?v=zJ6PFxJrGf8
cllamxx59004k3o6lkg8cvmpl,4688,back,,Abnormal Gait,myopathic,"{'top': 62.06944444444444, 'left': 251.06944444444446, 'height': 219.51388888888886, 'width': 118.5}","{'height': 360, 'width': 640, 'mime_type': 'video/mp4'}",zJ6PFxJrGf8,https://www.youtube.com/watch?v=zJ6PFxJrGf8
cllamxx59004k3o6lkg8cvmpl,4689,back,,Abnormal Gait,myopathic,"{'top': 62.30555555555556, 'left': 251.30555555555554, 'height': 218.86111111111114, 'width': 118.0}","{'height': 360, 'width': 640, 'mime_type': 'video/mp4'}",zJ6PFxJrGf8,https://www.youtube.com/watch?v=zJ6PFxJrGf8
cllamxx59004k3o6lkg8cvmpl,4690,back,,Abnormal Gait,myopathic,"{'top': 62.541666666666664, 'left': 251.54166666666666, 'height': 218.20833333333334, 'width': 117.50000000000003}","{'height': 360, 'width': 640, 'mime_type': 'video/mp4'}",zJ6PFxJrGf8,https://www.youtube.com/watch?v=zJ6PFxJrGf8
cllamxx59004k3o6lkg8cvmpl,4691,back,,Abnormal Gait,myopathic,"{'top': 62.77777777777778, 'left': 251.77777777777777, 'height': 217.55555555555554, 'width': 117.0}","{'height': 360, 'width': 640, 'mime_type': 'video/mp4'}",zJ6PFxJrGf8,https://www.youtube.com/watch?v=zJ6PFxJrGf8
cllamxx59004k3o6lkg8cvmpl,4692,back,,Abnormal Gait,myopathic,"{'top': 63.013888888888886, 'left': 252.01388888888889, 'height': 216.9027777777778, 'width': 116.50000000000003}","{'height': 360, 'width': 640, 'mime_type': 'video/mp4'}",zJ6PFxJrGf8,https://www.youtube.com/watch?v=zJ6PFxJrGf8
cllamxx59004k3o6lkg8cvmpl,4693,back,,Abnormal Gait,myopathic,"{'top': 63.25, 'left': 252.25, 'height': 216.25, 'width': 116.0}","{'height': 360, 'width': 640, 'mime_type': 'video/mp4'}",zJ6PFxJrGf8,https://www.youtube.com/watch?v=zJ6PFxJrGf8
cllamxx59004k3o6lkg8cvmpl,4694,back,,Abnormal Gait,myopathic,"{'top': 63.486111111111114, 'left': 252.48611111111111, 'height': 215.5972222222222, 'width': 115.49999999999997}","{'height': 360, 'width': 640, 'mime_type': 'video/mp4'}",zJ6PFxJrGf8,https://www.youtube.com/watch?v=zJ6PFxJrGf8
cllamxx59004k3o6lkg8cvmpl,4695,back,,Abnormal Gait,myopathic,"{'top': 63.72222222222222, 'left': 252.72222222222223, 'height': 214.94444444444446, 'width': 115.0}","{'height': 360, 'width': 640, 'mime_type': 'video/mp4'}",zJ6PFxJrGf8,https://www.youtube.com/watch?v=zJ6PFxJrGf8
cllamxx59004k3o6lkg8cvmpl,4696,back,,Abnormal Gait,myopathic,"{'top': 63.958333333333336, 'left': 252.95833333333334, 'height': 214.29166666666666, 'width': 114.49999999999997}","{'height': 360, 'width': 640, 'mime_type': 'video/mp4'}",zJ6PFxJrGf8,https://www.youtube.com/watch?v=zJ6PFxJrGf8
cllamxx59004k3o6lkg8cvmpl,4697,back,,Abnormal Gait,myopathic,"{'top': 64.19444444444444, 'left': 253.19444444444446, 'height': 213.63888888888886, 'width': 114.0}","{'height': 360, 'width': 640, 'mime_type': 'video/mp4'}",zJ6PFxJrGf8,https://www.youtube.com/watch?v=zJ6PFxJrGf8
cllamxx59004k3o6lkg8cvmpl,4698,back,,Abnormal Gait,myopathic,"{'top': 64.43055555555556, 'left': 253.43055555555554, 'height': 212.98611111111114, 'width': 113.5}","{'height': 360, 'width': 640, 'mime_type': 'video/mp4'}",zJ6PFxJrGf8,https://www.youtube.com/watch?v=zJ6PFxJrGf8
cllamxx59004k3o6lkg8cvmpl,4699,back,,Abnormal Gait,myopathic,"{'top': 64.66666666666667, 'left': 253.66666666666666, 'height': 212.33333333333331, 'width': 113.00000000000003}","{'height': 360, 'width': 640, 'mime_type': 'video/mp4'}",zJ6PFxJrGf8,https://www.youtube.com/watch?v=zJ6PFxJrGf8
cllamxx59004k3o6lkg8cvmpl,4700,back,,Abnormal Gait,myopathic,"{'top': 64.90277777777777, 'left': 253.90277777777777, 'height': 211.68055555555554, 'width': 112.5}","{'height': 360, 'width': 640, 'mime_type': 'video/mp4'}",zJ6PFxJrGf8,https://www.youtube.com/watch?v=zJ6PFxJrGf8
cllamxx59004k3o6lkg8cvmpl,4701,back,,Abnormal Gait,myopathic,"{'top': 65.13888888888889, 'left': 254.13888888888889, 'height': 211.0277777777778, 'width': 112.00000000000003}","{'height': 360, 'width': 640, 'mime_type': 'video/mp4'}",zJ6PFxJrGf8,https://www.youtube.com/watch?v=zJ6PFxJrGf8
cllamxx59004k3o6lkg8cvmpl,4702,back,,Abnormal Gait,myopathic,"{'top': 65.375, 'left': 254.375, 'height': 210.375, 'width': 111.5}","{'height': 360, 'width': 640, 'mime_type': 'video/mp4'}",zJ6PFxJrGf8,https://www.youtube.com/watch?v=zJ6PFxJrGf8
cllamxx59004k3o6lkg8cvmpl,4703,back,,Abnormal Gait,myopathic,"{'top': 65.61111111111111, 'left': 254.61111111111111, 'height': 209.7222222222222, 'width': 110.99999999999997}","{'height': 360, 'width': 640, 'mime_type': 'video/mp4'}",zJ6PFxJrGf8,https://www.youtube.com/watch?v=zJ6PFxJrGf8
cllamxx59004k3o6lkg8cvmpl,4704,back,,Abnormal Gait,myopathic,"{'top': 65.84722222222223, 'left': 254.84722222222223, 'height': 209.06944444444446, 'width': 110.5}","{'height': 360, 'width': 640, 'mime_type': 'video/mp4'}",zJ6PFxJrGf8,https://www.youtube.com/watch?v=zJ6PFxJrGf8
cllamxx59004k3o6lkg8cvmpl,4705,back,,Abnormal Gait,myopathic,"{'top': 66.08333333333333, 'left': 255.08333333333334, 'height': 208.41666666666669, 'width': 109.99999999999997}","{'height': 360, 'width': 640, 'mime_type': 'video/mp4'}",zJ6PFxJrGf8,https://www.youtube.com/watch?v=zJ6PFxJrGf8
cllamxx59004k3o6lkg8cvmpl,4706,back,,Abnormal Gait,myopathic,"{'top': 66.31944444444444, 'left': 255.31944444444446, 'height': 207.76388888888886, 'width': 109.5}","{'height': 360, 'width': 640, 'mime_type': 'video/mp4'}",zJ6PFxJrGf8,https://www.youtube.com/watch?v=zJ6PFxJrGf8
cllamxx59004k3o6lkg8cvmpl,4707,back,,Abnormal Gait,myopathic,"{'top': 66.55555555555556, 'left': 255.55555555555554, 'height': 207.11111111111114, 'width': 109.0}","{'height': 360, 'width': 640, 'mime_type': 'video/mp4'}",zJ6PFxJrGf8,https://www.youtube.com/watch?v=zJ6PFxJrGf8
cllamxx59004k3o6lkg8cvmpl,4708,back,,Abnormal Gait,myopathic,"{'top': 66.79166666666667, 'left': 255.79166666666666, 'height': 206.45833333333331, 'width': 108.50000000000003}","{'height': 360, 'width': 640, 'mime_type': 'video/mp4'}",zJ6PFxJrGf8,https://www.youtube.com/watch?v=zJ6PFxJrGf8
cllamxx59004k3o6lkg8cvmpl,4709,back,,Abnormal Gait,myopathic,"{'top': 67.02777777777777, 'left': 256.02777777777777, 'height': 205.80555555555554, 'width': 108.0}","{'height': 360, 'width': 640, 'mime_type': 'video/mp4'}",zJ6PFxJrGf8,https://www.youtube.com/watch?v=zJ6PFxJrGf8
cllamxx59004k3o6lkg8cvmpl,4710,back,,Abnormal Gait,myopathic,"{'top': 67.26388888888889, 'left': 256.2638888888889, 'height': 205.1527777777778, 'width': 107.5}","{'height': 360, 'width': 640, 'mime_type': 'video/mp4'}",zJ6PFxJrGf8,https://www.youtube.com/watch?v=zJ6PFxJrGf8
cllamxx59004k3o6lkg8cvmpl,4711,back,,Abnormal Gait,myopathic,"{'top': 67.5, 'left': 256.5, 'height': 204.5, 'width': 107.0}","{'height': 360, 'width': 640, 'mime_type': 'video/mp4'}",zJ6PFxJrGf8,https://www.youtube.com/watch?v=zJ6PFxJrGf8
cllamxx59004k3o6lkg8cvmpl,4712,back,,Abnormal Gait,myopathic,"{'top': 67.73611111111111, 'left': 256.7361111111111, 'height': 203.8472222222222, 'width': 106.5}","{'height': 360, 'width': 640, 'mime_type': 'video/mp4'}",zJ6PFxJrGf8,https://www.youtube.com/watch?v=zJ6PFxJrGf8
cllamxx59004k3o6lkg8cvmpl,4713,back,,Abnormal Gait,myopathic,"{'top': 67.97222222222223, 'left': 256.97222222222223, 'height': 203.19444444444446, 'width': 106.0}","{'height': 360, 'width': 640, 'mime_type': 'video/mp4'}",zJ6PFxJrGf8,https://www.youtube.com/watch?v=zJ6PFxJrGf8
cllamxx59004k3o6lkg8cvmpl,4714,back,,Abnormal Gait,myopathic,"{'top': 68.20833333333333, 'left': 257.2083333333333, 'height': 202.54166666666669, 'width': 105.5}","{'height': 360, 'width': 640, 'mime_type': 'video/mp4'}",zJ6PFxJrGf8,https://www.youtube.com/watch?v=zJ6PFxJrGf8
cllamxx59004k3o6lkg8cvmpl,4715,back,,Abnormal Gait,myopathic,"{'top': 68.44444444444444, 'left': 257.44444444444446, 'height': 201.88888888888886, 'width': 105.0}","{'height': 360, 'width': 640, 'mime_type': 'video/mp4'}",zJ6PFxJrGf8,https://www.youtube.com/watch?v=zJ6PFxJrGf8
cllamxx59004k3o6lkg8cvmpl,4716,back,,Abnormal Gait,myopathic,"{'top': 68.68055555555556, 'left': 257.68055555555554, 'height': 201.23611111111114, 'width': 104.5}","{'height': 360, 'width': 640, 'mime_type': 'video/mp4'}",zJ6PFxJrGf8,https://www.youtube.com/watch?v=zJ6PFxJrGf8
cllamxx59004k3o6lkg8cvmpl,4717,back,,Abnormal Gait,myopathic,"{'top': 68.91666666666667, 'left': 257.9166666666667, 'height': 200.58333333333331, 'width': 104.0}","{'height': 360, 'width': 640, 'mime_type': 'video/mp4'}",zJ6PFxJrGf8,https://www.youtube.com/watch?v=zJ6PFxJrGf8
cllamxx59004k3o6lkg8cvmpl,4718,back,,Abnormal Gait,myopathic,"{'top': 69.15277777777777, 'left': 258.15277777777777, 'height': 199.93055555555554, 'width': 103.5}","{'height': 360, 'width': 640, 'mime_type': 'video/mp4'}",zJ6PFxJrGf8,https://www.youtube.com/watch?v=zJ6PFxJrGf8
cllamxx59004k3o6lkg8cvmpl,4719,back,,Abnormal Gait,myopathic,"{'top': 69.38888888888889, 'left': 258.3888888888889, 'height': 199.2777777777778, 'width': 103.0}","{'height': 360, 'width': 640, 'mime_type': 'video/mp4'}",zJ6PFxJrGf8,https://www.youtube.com/watch?v=zJ6PFxJrGf8
cllamxx59004k3o6lkg8cvmpl,4720,back,,Abnormal Gait,myopathic,"{'top': 69.625, 'left': 258.625, 'height': 198.625, 'width': 102.5}","{'height': 360, 'width': 640, 'mime_type': 'video/mp4'}",zJ6PFxJrGf8,https://www.youtube.com/watch?v=zJ6PFxJrGf8
cllamxx59004k3o6lkg8cvmpl,4721,back,,Abnormal Gait,myopathic,"{'top': 69.86111111111111, 'left': 258.8611111111111, 'height': 197.9722222222222, 'width': 102.0}","{'height': 360, 'width': 640, 'mime_type': 'video/mp4'}",zJ6PFxJrGf8,https://www.youtube.com/watch?v=zJ6PFxJrGf8
cllamxx59004k3o6lkg8cvmpl,4722,back,,Abnormal Gait,myopathic,"{'top': 70.09722222222223, 'left': 259.09722222222223, 'height': 197.31944444444446, 'width': 101.5}","{'height': 360, 'width': 640, 'mime_type': 'video/mp4'}",zJ6PFxJrGf8,https://www.youtube.com/watch?v=zJ6PFxJrGf8
cllamxx59004k3o6lkg8cvmpl,4723,back,,Abnormal Gait,myopathic,"{'top': 70.33333333333333, 'left': 259.3333333333333, 'height': 196.66666666666669, 'width': 101.0}","{'height': 360, 'width': 640, 'mime_type': 'video/mp4'}",zJ6PFxJrGf8,https://www.youtube.com/watch?v=zJ6PFxJrGf8
cllamxx59004k3o6lkg8cvmpl,4724,back,,Abnormal Gait,myopathic,"{'top': 70.56944444444444, 'left': 259.56944444444446, 'height': 196.01388888888886, 'width': 100.5}","{'height': 360, 'width': 640, 'mime_type': 'video/mp4'}",zJ6PFxJrGf8,https://www.youtube.com/watch?v=zJ6PFxJrGf8
cllamxx59004k3o6lkg8cvmpl,4725,back,,Abnormal Gait,myopathic,"{'top': 70.80555555555556, 'left': 259.80555555555554, 'height': 195.36111111111114, 'width': 100.0}","{'height': 360, 'width': 640, 'mime_type': 'video/mp4'}",zJ6PFxJrGf8,https://www.youtube.com/watch?v=zJ6PFxJrGf8
cllamxx59004k3o6lkg8cvmpl,4726,back,,Abnormal Gait,myopathic,"{'top': 71.04166666666667, 'left': 260.0416666666667, 'height': 194.70833333333331, 'width': 99.5}","{'height': 360, 'width': 640, 'mime_type': 'video/mp4'}",zJ6PFxJrGf8,https://www.youtube.com/watch?v=zJ6PFxJrGf8
cllamxx59004k3o6lkg8cvmpl,4727,back,,Abnormal Gait,myopathic,"{'top': 71.27777777777777, 'left': 260.27777777777777, 'height': 194.05555555555554, 'width': 99.0}","{'height': 360, 'width': 640, 'mime_type': 'video/mp4'}",zJ6PFxJrGf8,https://www.youtube.com/watch?v=zJ6PFxJrGf8
cllamxx59004k3o6lkg8cvmpl,4728,back,,Abnormal Gait,myopathic,"{'top': 71.51388888888889, 'left': 260.5138888888889, 'height': 193.4027777777778, 'width': 98.5}","{'height': 360, 'width': 640, 'mime_type': 'video/mp4'}",zJ6PFxJrGf8,https://www.youtube.com/watch?v=zJ6PFxJrGf8
cllamxx59004k3o6lkg8cvmpl,4729,back,,Abnormal Gait,myopathic,"{'top': 71.75, 'left': 260.75, 'height': 192.75, 'width': 98.0}","{'height': 360, 'width': 640, 'mime_type': 'video/mp4'}",zJ6PFxJrGf8,https://www.youtube.com/watch?v=zJ6PFxJrGf8
cllamxx59004k3o6lkg8cvmpl,4730,back,,Abnormal Gait,myopathic,"{'top': 71.98611111111111, 'left': 260.9861111111111, 'height': 192.0972222222222, 'width': 97.5}","{'height': 360, 'width': 640, 'mime_type': 'video/mp4'}",zJ6PFxJrGf8,https://www.youtube.com/watch?v=zJ6PFxJrGf8
cllamxx59004k3o6lkg8cvmpl,4731,back,,Abnormal Gait,myopathic,"{'top': 72.22222222222223, 'left': 261.22222222222223, 'height': 191.44444444444446, 'width': 97.0}","{'height': 360, 'width': 640, 'mime_type': 'video/mp4'}",zJ6PFxJrGf8,https://www.youtube.com/watch?v=zJ6PFxJrGf8
cllamxx59004k3o6lkg8cvmpl,4732,back,,Abnormal Gait,myopathic,"{'top': 72.45833333333333, 'left': 261.4583333333333, 'height': 190.79166666666669, 'width': 96.5}","{'height': 360, 'width': 640, 'mime_type': 'video/mp4'}",zJ6PFxJrGf8,https://www.youtube.com/watch?v=zJ6PFxJrGf8
cllamxx59004k3o6lkg8cvmpl,4733,back,,Abnormal Gait,myopathic,"{'top': 72.69444444444444, 'left': 261.69444444444446, 'height': 190.13888888888886, 'width': 96.0}","{'height': 360, 'width': 640, 'mime_type': 'video/mp4'}",zJ6PFxJrGf8,https://www.youtube.com/watch?v=zJ6PFxJrGf8
cllamxx59004k3o6lkg8cvmpl,4734,back,,Abnormal Gait,myopathic,"{'top': 72.93055555555556, 'left': 261.93055555555554, 'height': 189.48611111111114, 'width': 95.5}","{'height': 360, 'width': 640, 'mime_type': 'video/mp4'}",zJ6PFxJrGf8,https://www.youtube.com/watch?v=zJ6PFxJrGf8
cllamxx59004k3o6lkg8cvmpl,4735,back,,Abnormal Gait,myopathic,"{'top': 73.16666666666667, 'left': 262.1666666666667, 'height': 188.83333333333331, 'width': 95.0}","{'height': 360, 'width': 640, 'mime_type': 'video/mp4'}",zJ6PFxJrGf8,https://www.youtube.com/watch?v=zJ6PFxJrGf8
cllamxx59004k3o6lkg8cvmpl,4736,back,,Abnormal Gait,myopathic,"{'top': 73.40277777777777, 'left': 262.40277777777777, 'height': 188.18055555555554, 'width': 94.5}","{'height': 360, 'width': 640, 'mime_type': 'video/mp4'}",zJ6PFxJrGf8,https://www.youtube.com/watch?v=zJ6PFxJrGf8
cllamxx59004k3o6lkg8cvmpl,4737,back,,Abnormal Gait,myopathic,"{'top': 73.63888888888889, 'left': 262.6388888888889, 'height': 187.5277777777778, 'width': 94.0}","{'height': 360, 'width': 640, 'mime_type': 'video/mp4'}",zJ6PFxJrGf8,https://www.youtube.com/watch?v=zJ6PFxJrGf8
cllamxx59004k3o6lkg8cvmpl,4738,back,,Abnormal Gait,myopathic,"{'top': 73.875, 'left': 262.875, 'height': 186.875, 'width': 93.5}","{'height': 360, 'width': 640, 'mime_type': 'video/mp4'}",zJ6PFxJrGf8,https://www.youtube.com/watch?v=zJ6PFxJrGf8
cllamxx59004k3o6lkg8cvmpl,4739,back,,Abnormal Gait,myopathic,"{'top': 74.11111111111111, 'left': 263.1111111111111, 'height': 186.2222222222222, 'width': 93.0}","{'height': 360, 'width': 640, 'mime_type': 'video/mp4'}",zJ6PFxJrGf8,https://www.youtube.com/watch?v=zJ6PFxJrGf8
cllamxx59004k3o6lkg8cvmpl,4740,back,,Abnormal Gait,myopathic,"{'top': 74.34722222222223, 'left': 263.34722222222223, 'height': 185.56944444444446, 'width': 92.5}","{'height': 360, 'width': 640, 'mime_type': 'video/mp4'}",zJ6PFxJrGf8,https://www.youtube.com/watch?v=zJ6PFxJrGf8
cllamxx59004k3o6lkg8cvmpl,4741,back,,Abnormal Gait,myopathic,"{'top': 74.58333333333333, 'left': 263.5833333333333, 'height': 184.91666666666669, 'width': 92.0}","{'height': 360, 'width': 640, 'mime_type': 'video/mp4'}",zJ6PFxJrGf8,https://www.youtube.com/watch?v=zJ6PFxJrGf8
cllamxx59004k3o6lkg8cvmpl,4742,back,,Abnormal Gait,myopathic,"{'top': 74.81944444444444, 'left': 263.81944444444446, 'height': 184.26388888888886, 'width': 91.5}","{'height': 360, 'width': 640, 'mime_type': 'video/mp4'}",zJ6PFxJrGf8,https://www.youtube.com/watch?v=zJ6PFxJrGf8
cllamxx59004k3o6lkg8cvmpl,4743,back,,Abnormal Gait,myopathic,"{'top': 75.05555555555556, 'left': 264.05555555555554, 'height': 183.61111111111114, 'width': 91.0}","{'height': 360, 'width': 640, 'mime_type': 'video/mp4'}",zJ6PFxJrGf8,https://www.youtube.com/watch?v=zJ6PFxJrGf8
cllamxx59004k3o6lkg8cvmpl,4744,back,,Abnormal Gait,myopathic,"{'top': 75.29166666666667, 'left': 264.2916666666667, 'height': 182.95833333333331, 'width': 90.5}","{'height': 360, 'width': 640, 'mime_type': 'video/mp4'}",zJ6PFxJrGf8,https://www.youtube.com/watch?v=zJ6PFxJrGf8
cllamxx59004k3o6lkg8cvmpl,4745,back,,Abnormal Gait,myopathic,"{'top': 75.52777777777777, 'left': 264.52777777777777, 'height': 182.30555555555554, 'width': 90.0}","{'height': 360, 'width': 640, 'mime_type': 'video/mp4'}",zJ6PFxJrGf8,https://www.youtube.com/watch?v=zJ6PFxJrGf8
cllamxx59004k3o6lkg8cvmpl,4746,back,,Abnormal Gait,myopathic,"{'top': 75.76388888888889, 'left': 264.7638888888889, 'height': 181.6527777777778, 'width': 89.5}","{'height': 360, 'width': 640, 'mime_type': 'video/mp4'}",zJ6PFxJrGf8,https://www.youtube.com/watch?v=zJ6PFxJrGf8
cllamxx59004k3o6lkg8cvmpl,4747,back,,Abnormal Gait,myopathic,"{'top': 76.0, 'left': 265.0, 'height': 181.0, 'width': 89.0}","{'height': 360, 'width': 640, 'mime_type': 'video/mp4'}",zJ6PFxJrGf8,https://www.youtube.com/watch?v=zJ6PFxJrGf8
cllamxx59004k3o6lkg8cvmpl,4748,back,,Abnormal Gait,myopathic,"{'top': 76.23611111111111, 'left': 265.2361111111111, 'height': 180.3472222222222, 'width': 88.5}","{'height': 360, 'width': 640, 'mime_type': 'video/mp4'}",zJ6PFxJrGf8,https://www.youtube.com/watch?v=zJ6PFxJrGf8
cllamxx59004k3o6lkg8cvmpl,4749,back,,Abnormal Gait,myopathic,"{'top': 76.47222222222223, 'left': 265.47222222222223, 'height': 179.69444444444446, 'width': 88.0}","{'height': 360, 'width': 640, 'mime_type': 'video/mp4'}",zJ6PFxJrGf8,https://www.youtube.com/watch?v=zJ6PFxJrGf8
cllamxx59004k3o6lkg8cvmpl,4750,back,,Abnormal Gait,myopathic,"{'top': 76.70833333333334, 'left': 265.7083333333333, 'height': 179.04166666666666, 'width': 87.5}","{'height': 360, 'width': 640, 'mime_type': 'video/mp4'}",zJ6PFxJrGf8,https://www.youtube.com/watch?v=zJ6PFxJrGf8
cllamxx59004k3o6lkg8cvmpl,4751,back,,Abnormal Gait,myopathic,"{'top': 76.94444444444444, 'left': 265.94444444444446, 'height': 178.3888888888889, 'width': 87.0}","{'height': 360, 'width': 640, 'mime_type': 'video/mp4'}",zJ6PFxJrGf8,https://www.youtube.com/watch?v=zJ6PFxJrGf8
cllamxx59004k3o6lkg8cvmpl,4752,back,,Abnormal Gait,myopathic,"{'top': 77.18055555555556, 'left': 266.18055555555554, 'height': 177.7361111111111, 'width': 86.5}","{'height': 360, 'width': 640, 'mime_type': 'video/mp4'}",zJ6PFxJrGf8,https://www.youtube.com/watch?v=zJ6PFxJrGf8
cllamxx59004k3o6lkg8cvmpl,4753,back,,Abnormal Gait,myopathic,"{'top': 77.41666666666666, 'left': 266.4166666666667, 'height': 177.08333333333334, 'width': 86.0}","{'height': 360, 'width': 640, 'mime_type': 'video/mp4'}",zJ6PFxJrGf8,https://www.youtube.com/watch?v=zJ6PFxJrGf8
cllamxx59004k3o6lkg8cvmpl,4754,back,,Abnormal Gait,myopathic,"{'top': 77.65277777777777, 'left': 266.65277777777777, 'height': 176.43055555555554, 'width': 85.5}","{'height': 360, 'width': 640, 'mime_type': 'video/mp4'}",zJ6PFxJrGf8,https://www.youtube.com/watch?v=zJ6PFxJrGf8
cllamxx59004k3o6lkg8cvmpl,4755,back,,Abnormal Gait,myopathic,"{'top': 77.88888888888889, 'left': 266.8888888888889, 'height': 175.77777777777777, 'width': 85.0}","{'height': 360, 'width': 640, 'mime_type': 'video/mp4'}",zJ6PFxJrGf8,https://www.youtube.com/watch?v=zJ6PFxJrGf8
cllamxx59004k3o6lkg8cvmpl,4756,back,,Abnormal Gait,myopathic,"{'top': 78.125, 'left': 267.125, 'height': 175.125, 'width': 84.5}","{'height': 360, 'width': 640, 'mime_type': 'video/mp4'}",zJ6PFxJrGf8,https://www.youtube.com/watch?v=zJ6PFxJrGf8
cllamxx59004k3o6lkg8cvmpl,4757,back,,Abnormal Gait,myopathic,"{'top': 78.36111111111111, 'left': 267.3611111111111, 'height': 174.47222222222223, 'width': 84.0}","{'height': 360, 'width': 640, 'mime_type': 'video/mp4'}",zJ6PFxJrGf8,https://www.youtube.com/watch?v=zJ6PFxJrGf8
cllamxx59004k3o6lkg8cvmpl,4758,back,,Abnormal Gait,myopathic,"{'top': 78.59722222222223, 'left': 267.59722222222223, 'height': 173.81944444444446, 'width': 83.5}","{'height': 360, 'width': 640, 'mime_type': 'video/mp4'}",zJ6PFxJrGf8,https://www.youtube.com/watch?v=zJ6PFxJrGf8
cllamxx59004k3o6lkg8cvmpl,4759,back,,Abnormal Gait,myopathic,"{'top': 78.83333333333334, 'left': 267.8333333333333, 'height': 173.16666666666666, 'width': 83.0}","{'height': 360, 'width': 640, 'mime_type': 'video/mp4'}",zJ6PFxJrGf8,https://www.youtube.com/watch?v=zJ6PFxJrGf8
cllamxx59004k3o6lkg8cvmpl,4760,back,,Abnormal Gait,myopathic,"{'top': 79.06944444444444, 'left': 268.06944444444446, 'height': 172.5138888888889, 'width': 82.5}","{'height': 360, 'width': 640, 'mime_type': 'video/mp4'}",zJ6PFxJrGf8,https://www.youtube.com/watch?v=zJ6PFxJrGf8
cllamxx59004k3o6lkg8cvmpl,4761,back,,Abnormal Gait,myopathic,"{'top': 79.30555555555556, 'left': 268.30555555555554, 'height': 171.8611111111111, 'width': 82.0}","{'height': 360, 'width': 640, 'mime_type': 'video/mp4'}",zJ6PFxJrGf8,https://www.youtube.com/watch?v=zJ6PFxJrGf8
cllamxx59004k3o6lkg8cvmpl,4762,back,,Abnormal Gait,myopathic,"{'top': 79.54166666666666, 'left': 268.5416666666667, 'height': 171.20833333333334, 'width': 81.5}","{'height': 360, 'width': 640, 'mime_type': 'video/mp4'}",zJ6PFxJrGf8,https://www.youtube.com/watch?v=zJ6PFxJrGf8
cllamxx59004k3o6lkg8cvmpl,4763,back,,Abnormal Gait,myopathic,"{'top': 79.77777777777777, 'left': 268.77777777777777, 'height': 170.55555555555554, 'width': 81.0}","{'height': 360, 'width': 640, 'mime_type': 'video/mp4'}",zJ6PFxJrGf8,https://www.youtube.com/watch?v=zJ6PFxJrGf8
cllamxx59004k3o6lkg8cvmpl,4764,back,,Abnormal Gait,myopathic,"{'top': 80.01388888888889, 'left': 269.0138888888889, 'height': 169.90277777777777, 'width': 80.5}","{'height': 360, 'width': 640, 'mime_type': 'video/mp4'}",zJ6PFxJrGf8,https://www.youtube.com/watch?v=zJ6PFxJrGf8
cllamxx59004k3o6lkg8cvmpl,4765,back,,Abnormal Gait,myopathic,"{'top': 80.25, 'left': 269.25, 'height': 169.25, 'width': 80.0}","{'height': 360, 'width': 640, 'mime_type': 'video/mp4'}",zJ6PFxJrGf8,https://www.youtube.com/watch?v=zJ6PFxJrGf8
cllamxx59004k3o6lkg8cvmpl,4766,back,,Abnormal Gait,myopathic,"{'top': 80.48611111111111, 'left': 269.4861111111111, 'height': 168.59722222222223, 'width': 79.5}","{'height': 360, 'width': 640, 'mime_type': 'video/mp4'}",zJ6PFxJrGf8,https://www.youtube.com/watch?v=zJ6PFxJrGf8
cllamxx59004k3o6lkg8cvmpl,4767,back,,Abnormal Gait,myopathic,"{'top': 80.72222222222223, 'left': 269.72222222222223, 'height': 167.94444444444446, 'width': 79.0}","{'height': 360, 'width': 640, 'mime_type': 'video/mp4'}",zJ6PFxJrGf8,https://www.youtube.com/watch?v=zJ6PFxJrGf8
cllamxx59004k3o6lkg8cvmpl,4768,back,,Abnormal Gait,myopathic,"{'top': 80.95833333333334, 'left': 269.9583333333333, 'height': 167.29166666666666, 'width': 78.5}","{'height': 360, 'width': 640, 'mime_type': 'video/mp4'}",zJ6PFxJrGf8,https://www.youtube.com/watch?v=zJ6PFxJrGf8
cllamxx59004k3o6lkg8cvmpl,4769,back,,Abnormal Gait,myopathic,"{'top': 81.19444444444444, 'left': 270.19444444444446, 'height': 166.6388888888889, 'width': 78.0}","{'height': 360, 'width': 640, 'mime_type': 'video/mp4'}",zJ6PFxJrGf8,https://www.youtube.com/watch?v=zJ6PFxJrGf8
cllamxx59004k3o6lkg8cvmpl,4770,back,,Abnormal Gait,myopathic,"{'top': 81.43055555555556, 'left': 270.43055555555554, 'height': 165.9861111111111, 'width': 77.5}","{'height': 360, 'width': 640, 'mime_type': 'video/mp4'}",zJ6PFxJrGf8,https://www.youtube.com/watch?v=zJ6PFxJrGf8
cllamxx59004k3o6lkg8cvmpl,4771,back,,Abnormal Gait,myopathic,"{'top': 81.66666666666666, 'left': 270.6666666666667, 'height': 165.33333333333334, 'width': 77.0}","{'height': 360, 'width': 640, 'mime_type': 'video/mp4'}",zJ6PFxJrGf8,https://www.youtube.com/watch?v=zJ6PFxJrGf8
cllamxx59004k3o6lkg8cvmpl,4772,back,,Abnormal Gait,myopathic,"{'top': 81.90277777777777, 'left': 270.90277777777777, 'height': 164.68055555555554, 'width': 76.5}","{'height': 360, 'width': 640, 'mime_type': 'video/mp4'}",zJ6PFxJrGf8,https://www.youtube.com/watch?v=zJ6PFxJrGf8
cllamxx59004k3o6lkg8cvmpl,4773,back,,Abnormal Gait,myopathic,"{'top': 82.13888888888889, 'left': 271.1388888888889, 'height': 164.02777777777777, 'width': 76.0}","{'height': 360, 'width': 640, 'mime_type': 'video/mp4'}",zJ6PFxJrGf8,https://www.youtube.com/watch?v=zJ6PFxJrGf8
cllamxx59004k3o6lkg8cvmpl,4774,back,,Abnormal Gait,myopathic,"{'top': 82.375, 'left': 271.375, 'height': 163.375, 'width': 75.5}","{'height': 360, 'width': 640, 'mime_type': 'video/mp4'}",zJ6PFxJrGf8,https://www.youtube.com/watch?v=zJ6PFxJrGf8
cllamxx59004k3o6lkg8cvmpl,4775,back,,Abnormal Gait,myopathic,"{'top': 82.61111111111111, 'left': 271.6111111111111, 'height': 162.72222222222223, 'width': 75.0}","{'height': 360, 'width': 640, 'mime_type': 'video/mp4'}",zJ6PFxJrGf8,https://www.youtube.com/watch?v=zJ6PFxJrGf8
cllamxx59004k3o6lkg8cvmpl,4776,back,,Abnormal Gait,myopathic,"{'top': 82.84722222222223, 'left': 271.84722222222223, 'height': 162.06944444444446, 'width': 74.5}","{'height': 360, 'width': 640, 'mime_type': 'video/mp4'}",zJ6PFxJrGf8,https://www.youtube.com/watch?v=zJ6PFxJrGf8
cllamxx59004k3o6lkg8cvmpl,4777,back,,Abnormal Gait,myopathic,"{'top': 83.08333333333334, 'left': 272.0833333333333, 'height': 161.41666666666666, 'width': 74.0}","{'height': 360, 'width': 640, 'mime_type': 'video/mp4'}",zJ6PFxJrGf8,https://www.youtube.com/watch?v=zJ6PFxJrGf8
cllamxx59004k3o6lkg8cvmpl,4778,back,,Abnormal Gait,myopathic,"{'top': 83.31944444444444, 'left': 272.31944444444446, 'height': 160.7638888888889, 'width': 73.5}","{'height': 360, 'width': 640, 'mime_type': 'video/mp4'}",zJ6PFxJrGf8,https://www.youtube.com/watch?v=zJ6PFxJrGf8
cllamxx59004k3o6lkg8cvmpl,4779,back,,Abnormal Gait,myopathic,"{'top': 83.55555555555556, 'left': 272.55555555555554, 'height': 160.1111111111111, 'width': 73.0}","{'height': 360, 'width': 640, 'mime_type': 'video/mp4'}",zJ6PFxJrGf8,https://www.youtube.com/watch?v=zJ6PFxJrGf8
cllamxx59004k3o6lkg8cvmpl,4780,back,,Abnormal Gait,myopathic,"{'top': 83.79166666666666, 'left': 272.7916666666667, 'height': 159.45833333333334, 'width': 72.5}","{'height': 360, 'width': 640, 'mime_type': 'video/mp4'}",zJ6PFxJrGf8,https://www.youtube.com/watch?v=zJ6PFxJrGf8
cllamxx59004k3o6lkg8cvmpl,4781,back,,Abnormal Gait,myopathic,"{'top': 84.02777777777777, 'left': 273.02777777777777, 'height': 158.80555555555554, 'width': 72.0}","{'height': 360, 'width': 640, 'mime_type': 'video/mp4'}",zJ6PFxJrGf8,https://www.youtube.com/watch?v=zJ6PFxJrGf8
cllamxx59004k3o6lkg8cvmpl,4782,back,,Abnormal Gait,myopathic,"{'top': 84.26388888888889, 'left': 273.2638888888889, 'height': 158.15277777777777, 'width': 71.5}","{'height': 360, 'width': 640, 'mime_type': 'video/mp4'}",zJ6PFxJrGf8,https://www.youtube.com/watch?v=zJ6PFxJrGf8
cllamxx59004k3o6lkg8cvmpl,4783,back,,Abnormal Gait,myopathic,"{'top': 84.5, 'left': 273.5, 'height': 157.5, 'width': 71.0}","{'height': 360, 'width': 640, 'mime_type': 'video/mp4'}",zJ6PFxJrGf8,https://www.youtube.com/watch?v=zJ6PFxJrGf8
cllamxx59004k3o6lkg8cvmpl,4784,back,,Abnormal Gait,myopathic,"{'top': 84.73611111111111, 'left': 273.7361111111111, 'height': 156.84722222222223, 'width': 70.5}","{'height': 360, 'width': 640, 'mime_type': 'video/mp4'}",zJ6PFxJrGf8,https://www.youtube.com/watch?v=zJ6PFxJrGf8
cllamxx59004k3o6lkg8cvmpl,4785,back,,Abnormal Gait,myopathic,"{'top': 84.97222222222223, 'left': 273.97222222222223, 'height': 156.19444444444446, 'width': 70.0}","{'height': 360, 'width': 640, 'mime_type': 'video/mp4'}",zJ6PFxJrGf8,https://www.youtube.com/watch?v=zJ6PFxJrGf8
cllamxx59004k3o6lkg8cvmpl,4786,back,,Abnormal Gait,myopathic,"{'top': 85.20833333333334, 'left': 274.2083333333333, 'height': 155.54166666666666, 'width': 69.5}","{'height': 360, 'width': 640, 'mime_type': 'video/mp4'}",zJ6PFxJrGf8,https://www.youtube.com/watch?v=zJ6PFxJrGf8
cllamxx59004k3o6lkg8cvmpl,4787,back,,Abnormal Gait,myopathic,"{'top': 85.44444444444444, 'left': 274.44444444444446, 'height': 154.8888888888889, 'width': 69.0}","{'height': 360, 'width': 640, 'mime_type': 'video/mp4'}",zJ6PFxJrGf8,https://www.youtube.com/watch?v=zJ6PFxJrGf8
cllamxx59004k3o6lkg8cvmpl,4788,back,,Abnormal Gait,myopathic,"{'top': 85.68055555555556, 'left': 274.68055555555554, 'height': 154.2361111111111, 'width': 68.5}","{'height': 360, 'width': 640, 'mime_type': 'video/mp4'}",zJ6PFxJrGf8,https://www.youtube.com/watch?v=zJ6PFxJrGf8
cllamxx59004k3o6lkg8cvmpl,4789,back,,Abnormal Gait,myopathic,"{'top': 85.91666666666666, 'left': 274.9166666666667, 'height': 153.58333333333334, 'width': 68.0}","{'height': 360, 'width': 640, 'mime_type': 'video/mp4'}",zJ6PFxJrGf8,https://www.youtube.com/watch?v=zJ6PFxJrGf8
cllamxx59004k3o6lkg8cvmpl,4790,back,,Abnormal Gait,myopathic,"{'top': 86.15277777777777, 'left': 275.15277777777777, 'height': 152.93055555555554, 'width': 67.5}","{'height': 360, 'width': 640, 'mime_type': 'video/mp4'}",zJ6PFxJrGf8,https://www.youtube.com/watch?v=zJ6PFxJrGf8
cllamxx59004k3o6lkg8cvmpl,4791,back,,Abnormal Gait,myopathic,"{'top': 86.38888888888889, 'left': 275.3888888888889, 'height': 152.27777777777777, 'width': 67.0}","{'height': 360, 'width': 640, 'mime_type': 'video/mp4'}",zJ6PFxJrGf8,https://www.youtube.com/watch?v=zJ6PFxJrGf8
cllamxx59004k3o6lkg8cvmpl,4792,back,,Abnormal Gait,myopathic,"{'top': 86.625, 'left': 275.625, 'height': 151.625, 'width': 66.5}","{'height': 360, 'width': 640, 'mime_type': 'video/mp4'}",zJ6PFxJrGf8,https://www.youtube.com/watch?v=zJ6PFxJrGf8
cllamxx59004k3o6lkg8cvmpl,4793,back,,Abnormal Gait,myopathic,"{'top': 86.86111111111111, 'left': 275.8611111111111, 'height': 150.97222222222223, 'width': 66.0}","{'height': 360, 'width': 640, 'mime_type': 'video/mp4'}",zJ6PFxJrGf8,https://www.youtube.com/watch?v=zJ6PFxJrGf8
cllamxx59004k3o6lkg8cvmpl,4794,back,,Abnormal Gait,myopathic,"{'top': 87.09722222222223, 'left': 276.09722222222223, 'height': 150.31944444444446, 'width': 65.5}","{'height': 360, 'width': 640, 'mime_type': 'video/mp4'}",zJ6PFxJrGf8,https://www.youtube.com/watch?v=zJ6PFxJrGf8
cllamxx59004k3o6lkg8cvmpl,4795,back,,Abnormal Gait,myopathic,"{'top': 87.33333333333334, 'left': 276.3333333333333, 'height': 149.66666666666666, 'width': 65.0}","{'height': 360, 'width': 640, 'mime_type': 'video/mp4'}",zJ6PFxJrGf8,https://www.youtube.com/watch?v=zJ6PFxJrGf8
cllamxx59004k3o6lkg8cvmpl,4796,back,,Abnormal Gait,myopathic,"{'top': 87.56944444444444, 'left': 276.56944444444446, 'height': 149.0138888888889, 'width': 64.5}","{'height': 360, 'width': 640, 'mime_type': 'video/mp4'}",zJ6PFxJrGf8,https://www.youtube.com/watch?v=zJ6PFxJrGf8
cllamxx59004k3o6lkg8cvmpl,4797,back,,Abnormal Gait,myopathic,"{'top': 87.80555555555556, 'left': 276.80555555555554, 'height': 148.3611111111111, 'width': 64.0}","{'height': 360, 'width': 640, 'mime_type': 'video/mp4'}",zJ6PFxJrGf8,https://www.youtube.com/watch?v=zJ6PFxJrGf8
cllamxx59004k3o6lkg8cvmpl,4798,back,,Abnormal Gait,myopathic,"{'top': 88.04166666666666, 'left': 277.0416666666667, 'height': 147.70833333333334, 'width': 63.5}","{'height': 360, 'width': 640, 'mime_type': 'video/mp4'}",zJ6PFxJrGf8,https://www.youtube.com/watch?v=zJ6PFxJrGf8
cllamxx59004k3o6lkg8cvmpl,4799,back,,Abnormal Gait,myopathic,"{'top': 88.27777777777777, 'left': 277.27777777777777, 'height': 147.05555555555554, 'width': 63.0}","{'height': 360, 'width': 640, 'mime_type': 'video/mp4'}",zJ6PFxJrGf8,https://www.youtube.com/watch?v=zJ6PFxJrGf8
cllamxx59004k3o6lkg8cvmpl,4800,back,,Abnormal Gait,myopathic,"{'top': 88.51388888888889, 'left': 277.5138888888889, 'height': 146.40277777777777, 'width': 62.5}","{'height': 360, 'width': 640, 'mime_type': 'video/mp4'}",zJ6PFxJrGf8,https://www.youtube.com/watch?v=zJ6PFxJrGf8
cllamxx59004k3o6lkg8cvmpl,4801,back,,Abnormal Gait,myopathic,"{'top': 88.75, 'left': 277.75, 'height': 145.75, 'width': 62.0}","{'height': 360, 'width': 640, 'mime_type': 'video/mp4'}",zJ6PFxJrGf8,https://www.youtube.com/watch?v=zJ6PFxJrGf8
cllamxx59004k3o6lkg8cvmpl,4802,back,,Abnormal Gait,myopathic,"{'top': 88.98611111111111, 'left': 277.9861111111111, 'height': 145.09722222222223, 'width': 61.5}","{'height': 360, 'width': 640, 'mime_type': 'video/mp4'}",zJ6PFxJrGf8,https://www.youtube.com/watch?v=zJ6PFxJrGf8
cllamxx59004k3o6lkg8cvmpl,4803,back,,Abnormal Gait,myopathic,"{'top': 89.22222222222223, 'left': 278.22222222222223, 'height': 144.44444444444446, 'width': 61.0}","{'height': 360, 'width': 640, 'mime_type': 'video/mp4'}",zJ6PFxJrGf8,https://www.youtube.com/watch?v=zJ6PFxJrGf8
cllamxx59004k3o6lkg8cvmpl,4804,back,,Abnormal Gait,myopathic,"{'top': 89.45833333333334, 'left': 278.4583333333333, 'height': 143.79166666666666, 'width': 60.5}","{'height': 360, 'width': 640, 'mime_type': 'video/mp4'}",zJ6PFxJrGf8,https://www.youtube.com/watch?v=zJ6PFxJrGf8
cllamxx59004k3o6lkg8cvmpl,4805,back,,Abnormal Gait,myopathic,"{'top': 89.69444444444444, 'left': 278.69444444444446, 'height': 143.1388888888889, 'width': 60.0}","{'height': 360, 'width': 640, 'mime_type': 'video/mp4'}",zJ6PFxJrGf8,https://www.youtube.com/watch?v=zJ6PFxJrGf8
cllamxx59004k3o6lkg8cvmpl,4806,back,,Abnormal Gait,myopathic,"{'top': 89.93055555555556, 'left': 278.93055555555554, 'height': 142.4861111111111, 'width': 59.5}","{'height': 360, 'width': 640, 'mime_type': 'video/mp4'}",zJ6PFxJrGf8,https://www.youtube.com/watch?v=zJ6PFxJrGf8
cllamxx59004k3o6lkg8cvmpl,4807,back,,Abnormal Gait,myopathic,"{'top': 90.16666666666666, 'left': 279.1666666666667, 'height': 141.83333333333334, 'width': 59.0}","{'height': 360, 'width': 640, 'mime_type': 'video/mp4'}",zJ6PFxJrGf8,https://www.youtube.com/watch?v=zJ6PFxJrGf8
cllamxx59004k3o6lkg8cvmpl,4808,back,,Abnormal Gait,myopathic,"{'top': 90.40277777777777, 'left': 279.40277777777777, 'height': 141.18055555555554, 'width': 58.5}","{'height': 360, 'width': 640, 'mime_type': 'video/mp4'}",zJ6PFxJrGf8,https://www.youtube.com/watch?v=zJ6PFxJrGf8
cllamxx59004k3o6lkg8cvmpl,4809,back,,Abnormal Gait,myopathic,"{'top': 90.63888888888889, 'left': 279.6388888888889, 'height': 140.52777777777777, 'width': 58.0}","{'height': 360, 'width': 640, 'mime_type': 'video/mp4'}",zJ6PFxJrGf8,https://www.youtube.com/watch?v=zJ6PFxJrGf8
cllamxx59004k3o6lkg8cvmpl,4810,back,,Abnormal Gait,myopathic,"{'top': 90.875, 'left': 279.875, 'height': 139.875, 'width': 57.5}","{'height': 360, 'width': 640, 'mime_type': 'video/mp4'}",zJ6PFxJrGf8,https://www.youtube.com/watch?v=zJ6PFxJrGf8
cllamxx59004k3o6lkg8cvmpl,4811,back,,Abnormal Gait,myopathic,"{'top': 91.11111111111111, 'left': 280.1111111111111, 'height': 139.22222222222223, 'width': 57.0}","{'height': 360, 'width': 640, 'mime_type': 'video/mp4'}",zJ6PFxJrGf8,https://www.youtube.com/watch?v=zJ6PFxJrGf8
cllamxx59004k3o6lkg8cvmpl,4812,back,,Abnormal Gait,myopathic,"{'top': 91.34722222222223, 'left': 280.34722222222223, 'height': 138.56944444444446, 'width': 56.5}","{'height': 360, 'width': 640, 'mime_type': 'video/mp4'}",zJ6PFxJrGf8,https://www.youtube.com/watch?v=zJ6PFxJrGf8
cllamxx59004k3o6lkg8cvmpl,4813,back,,Abnormal Gait,myopathic,"{'top': 91.58333333333334, 'left': 280.5833333333333, 'height': 137.91666666666666, 'width': 56.0}","{'height': 360, 'width': 640, 'mime_type': 'video/mp4'}",zJ6PFxJrGf8,https://www.youtube.com/watch?v=zJ6PFxJrGf8
cllamxx59004k3o6lkg8cvmpl,4814,back,,Abnormal Gait,myopathic,"{'top': 91.81944444444444, 'left': 280.81944444444446, 'height': 137.2638888888889, 'width': 55.5}","{'height': 360, 'width': 640, 'mime_type': 'video/mp4'}",zJ6PFxJrGf8,https://www.youtube.com/watch?v=zJ6PFxJrGf8
cllamxx59004k3o6lkg8cvmpl,4815,back,,Abnormal Gait,myopathic,"{'top': 92.05555555555556, 'left': 281.05555555555554, 'height': 136.6111111111111, 'width': 55.0}","{'height': 360, 'width': 640, 'mime_type': 'video/mp4'}",zJ6PFxJrGf8,https://www.youtube.com/watch?v=zJ6PFxJrGf8
cllamxx59004k3o6lkg8cvmpl,4816,back,,Abnormal Gait,myopathic,"{'top': 92.29166666666666, 'left': 281.2916666666667, 'height': 135.95833333333334, 'width': 54.5}","{'height': 360, 'width': 640, 'mime_type': 'video/mp4'}",zJ6PFxJrGf8,https://www.youtube.com/watch?v=zJ6PFxJrGf8
cllamxx59004k3o6lkg8cvmpl,4817,back,,Abnormal Gait,myopathic,"{'top': 92.52777777777777, 'left': 281.52777777777777, 'height': 135.30555555555554, 'width': 54.0}","{'height': 360, 'width': 640, 'mime_type': 'video/mp4'}",zJ6PFxJrGf8,https://www.youtube.com/watch?v=zJ6PFxJrGf8
cllamxx59004k3o6lkg8cvmpl,4818,back,,Abnormal Gait,myopathic,"{'top': 92.76388888888889, 'left': 281.7638888888889, 'height': 134.65277777777777, 'width': 53.5}","{'height': 360, 'width': 640, 'mime_type': 'video/mp4'}",zJ6PFxJrGf8,https://www.youtube.com/watch?v=zJ6PFxJrGf8
cllamxx59004k3o6lkg8cvmpl,4819,back,,Abnormal Gait,myopathic,"{'top': 93.0, 'left': 282.0, 'height': 134.0, 'width': 53.0}","{'height': 360, 'width': 640, 'mime_type': 'video/mp4'}",zJ6PFxJrGf8,https://www.youtube.com/watch?v=zJ6PFxJrGf8
