stratum_type,stratum,method,metric,unit,estimate,ci_low,ci_high,person_t_low,person_t_high,people,seeds,interval_type
held_intervention,False,F-response-coordinate_delta_v1-graph_time-base,A_error,degrees,10.792941320394473,9.598290316471209,11.891413577491706,9.66229679739202,11.923585843396925,14,3,"descriptive crossed person/seed percentile bootstrap, 2000 draws, RNG731"
held_intervention,False,F-response-coordinate_delta_v1-graph_time-base,waveform_error,degrees,16.067528409536685,15.063573821395185,17.139164544997897,14.958335397679278,17.17672142139409,14,3,"descriptive crossed person/seed percentile bootstrap, 2000 draws, RNG731"
held_intervention,False,F-response-coordinate_delta_v1-graph_time-base,synthetic_all_nle,dimensionless NLE,0.05496044123379391,0.05230486346601956,0.058110779203413704,0.05179193104981926,0.05812895141776854,14,3,"descriptive crossed person/seed percentile bootstrap, 2000 draws, RNG731"
held_intervention,False,F-response-coordinate_delta_v1-graph_time-base,assignment_failure_rate,fraction,0.4290322536004436,0.41337627537350696,0.44786199250682696,0.4139832868677739,0.4440812203331134,14,3,"descriptive crossed person/seed percentile bootstrap, 2000 draws, RNG731"
held_intervention,False,F-response-coordinate_delta_v1-graph_time-base,left_excursion_error,degrees,26.32970957272152,23.70064917513383,28.794607692789036,23.33972368888238,29.31969545656066,14,3,"descriptive crossed person/seed percentile bootstrap, 2000 draws, RNG731"
held_intervention,False,F-response-coordinate_delta_v1-graph_time-base,right_excursion_error,degrees,24.210582914604018,21.98305044798492,26.659403505549456,22.038775710922454,26.382390118285574,14,3,"descriptive crossed person/seed percentile bootstrap, 2000 draws, RNG731"
held_intervention,False,F-response-coordinate_delta_v1-graph_time-base,response_error,degrees,8.389276715890418,6.173477583399446,11.182149373549427,5.778702541158114,10.99985089062272,14,3,"descriptive crossed person/seed percentile bootstrap, 2000 draws, RNG731"
held_intervention,False,F-response-coordinate_delta_v1-graph_time-base,zero_response_error,degrees,4.103719929050653,3.9265094202807123,4.273990008694952,3.903084351712011,4.304355506389293,14,3,"descriptive crossed person/seed percentile bootstrap, 2000 draws, RNG731"
held_intervention,False,F-response-coordinate_delta_v1-graph_time-base,response_failure_rate,fraction,0.005403301366843032,0.002348555307539682,0.009216924327601406,0.0018197204500067753,0.008986882283679288,14,3,"descriptive crossed person/seed percentile bootstrap, 2000 draws, RNG731"
held_intervention,False,F-response-coordinate_delta_v1-graph_time-base,response_failure_contribution,degrees,3.890376984126984,1.6909598214285717,6.636185515873016,1.3101987240048785,6.4705552442490895,14,3,"descriptive crossed person/seed percentile bootstrap, 2000 draws, RNG731"
held_intervention,False,F-response-coordinate_delta_v1-graph_time-base,response_success_contribution,degrees,4.498899731763433,4.31739504928169,4.673946314636444,4.295928325799679,4.701871137727187,14,3,"descriptive crossed person/seed percentile bootstrap, 2000 draws, RNG731"
held_intervention,False,F-response-coordinate_delta_v1-graph_time-paired_change,A_error,degrees,14.608886529385394,11.66278759984271,18.15108931899753,12.10411973682152,17.113653321949265,14,3,"descriptive crossed person/seed percentile bootstrap, 2000 draws, RNG731"
held_intervention,False,F-response-coordinate_delta_v1-graph_time-paired_change,waveform_error,degrees,20.954868096690475,19.710562828074902,22.31342394743987,19.739295966807383,22.170440226573575,14,3,"descriptive crossed person/seed percentile bootstrap, 2000 draws, RNG731"
held_intervention,False,F-response-coordinate_delta_v1-graph_time-paired_change,synthetic_all_nle,dimensionless NLE,0.06163613660098691,0.05870209871096114,0.06517976698776935,0.05814393775598129,0.06512833544599253,14,3,"descriptive crossed person/seed percentile bootstrap, 2000 draws, RNG731"
held_intervention,False,F-response-coordinate_delta_v1-graph_time-paired_change,assignment_failure_rate,fraction,0.47755417419813706,0.45501552830268843,0.4960177294960432,0.466030090259934,0.4890782581363402,14,3,"descriptive crossed person/seed percentile bootstrap, 2000 draws, RNG731"
held_intervention,False,F-response-coordinate_delta_v1-graph_time-paired_change,left_excursion_error,degrees,14.862214464982216,13.079049599002387,16.69955089242739,13.01308505421872,16.711343875745712,14,3,"descriptive crossed person/seed percentile bootstrap, 2000 draws, RNG731"
held_intervention,False,F-response-coordinate_delta_v1-graph_time-paired_change,right_excursion_error,degrees,19.075006543086797,14.154133301347379,23.88845165719577,15.716453406685355,22.43355967948823,14,3,"descriptive crossed person/seed percentile bootstrap, 2000 draws, RNG731"
held_intervention,False,F-response-coordinate_delta_v1-graph_time-paired_change,response_error,degrees,12.798930070639992,8.7640688741218,17.697788681226033,7.777886262251155,17.819973879028833,14,3,"descriptive crossed person/seed percentile bootstrap, 2000 draws, RNG731"
held_intervention,False,F-response-coordinate_delta_v1-graph_time-paired_change,zero_response_error,degrees,4.103719929050653,3.9265094202807123,4.273990008694952,3.903084351712011,4.304355506389293,14,3,"descriptive crossed person/seed percentile bootstrap, 2000 draws, RNG731"
held_intervention,False,F-response-coordinate_delta_v1-graph_time-paired_change,response_failure_rate,fraction,0.01162252902704291,0.005974306244488535,0.01841222764182832,0.004665862293257426,0.018579195760828397,14,3,"descriptive crossed person/seed percentile bootstrap, 2000 draws, RNG731"
held_intervention,False,F-response-coordinate_delta_v1-graph_time-paired_change,response_failure_contribution,degrees,8.3682208994709,4.301500496031745,13.256803902116394,3.35942085114535,13.377020947796451,14,3,"descriptive crossed person/seed percentile bootstrap, 2000 draws, RNG731"
held_intervention,False,F-response-coordinate_delta_v1-graph_time-paired_change,response_success_contribution,degrees,4.4307091711690925,4.233801655540384,4.629434547663098,4.22888719003036,4.632531152307827,14,3,"descriptive crossed person/seed percentile bootstrap, 2000 draws, RNG731"
held_intervention,False,F-response-jepa_delta_v1-graph_time-base,A_error,degrees,11.77013196956738,10.484808585890438,13.230385944600414,10.455527980832738,13.08473595830202,14,3,"descriptive crossed person/seed percentile bootstrap, 2000 draws, RNG731"
held_intervention,False,F-response-jepa_delta_v1-graph_time-base,waveform_error,degrees,17.222604763471775,16.185093735517775,18.420952873151876,16.102019371261388,18.343190155682162,14,3,"descriptive crossed person/seed percentile bootstrap, 2000 draws, RNG731"
held_intervention,False,F-response-jepa_delta_v1-graph_time-base,synthetic_all_nle,dimensionless NLE,0.0627770615842953,0.0589104079738228,0.0676205517689354,0.05773140925763982,0.06782271391095077,14,3,"descriptive crossed person/seed percentile bootstrap, 2000 draws, RNG731"
held_intervention,False,F-response-jepa_delta_v1-graph_time-base,assignment_failure_rate,fraction,0.48978903725097683,0.4759038093755491,0.5019420769892826,0.4763304255309505,0.5032476489710032,14,3,"descriptive crossed person/seed percentile bootstrap, 2000 draws, RNG731"
held_intervention,False,F-response-jepa_delta_v1-graph_time-base,left_excursion_error,degrees,19.72547745028465,17.58862977639947,21.69094942126186,17.386160358517195,22.0647945420521,14,3,"descriptive crossed person/seed percentile bootstrap, 2000 draws, RNG731"
held_intervention,False,F-response-jepa_delta_v1-graph_time-base,right_excursion_error,degrees,18.17043790928574,16.125858928044817,20.134329977264922,16.07994416175623,20.260931656815252,14,3,"descriptive crossed person/seed percentile bootstrap, 2000 draws, RNG731"
held_intervention,False,F-response-jepa_delta_v1-graph_time-base,response_error,degrees,9.21287571443697,7.04350500457719,11.80075191910785,6.664833338917436,11.760918089956505,14,3,"descriptive crossed person/seed percentile bootstrap, 2000 draws, RNG731"
held_intervention,False,F-response-jepa_delta_v1-graph_time-base,zero_response_error,degrees,4.103719929050653,3.9265094202807123,4.273990008694952,3.903084351712011,4.304355506389293,14,3,"descriptive crossed person/seed percentile bootstrap, 2000 draws, RNG731"
held_intervention,False,F-response-jepa_delta_v1-graph_time-base,response_failure_rate,fraction,0.006401794900058786,0.003346595293209875,0.009913383901014101,0.0029083547650776338,0.009895235035039942,14,3,"descriptive crossed person/seed percentile bootstrap, 2000 draws, RNG731"
held_intervention,False,F-response-jepa_delta_v1-graph_time-base,response_failure_contribution,degrees,4.6092923280423275,2.4095486111111115,7.137636408730158,2.094015430855895,7.124569225228759,14,3,"descriptive crossed person/seed percentile bootstrap, 2000 draws, RNG731"
held_intervention,False,F-response-jepa_delta_v1-graph_time-base,response_success_contribution,degrees,4.60358338639464,4.393163410720236,4.825124830314417,4.397106356104652,4.810060416684628,14,3,"descriptive crossed person/seed percentile bootstrap, 2000 draws, RNG731"
held_intervention,False,F-response-jepa_delta_v1-graph_time-paired_change,A_error,degrees,13.049287667283911,10.519109868129844,16.613797942525014,10.993939575760635,15.10463575880718,14,3,"descriptive crossed person/seed percentile bootstrap, 2000 draws, RNG731"
held_intervention,False,F-response-jepa_delta_v1-graph_time-paired_change,waveform_error,degrees,21.624036683985203,20.489704177233364,22.82405939642203,20.635326289292493,22.612747078677913,14,3,"descriptive crossed person/seed percentile bootstrap, 2000 draws, RNG731"
held_intervention,False,F-response-jepa_delta_v1-graph_time-paired_change,synthetic_all_nle,dimensionless NLE,0.06980075984846079,0.06635992852812565,0.07399818521404178,0.06552220998427426,0.0740793097126473,14,3,"descriptive crossed person/seed percentile bootstrap, 2000 draws, RNG731"
held_intervention,False,F-response-jepa_delta_v1-graph_time-paired_change,assignment_failure_rate,fraction,0.5046299087931682,0.49663920236718084,0.5130784470105162,0.4995537852370526,0.5097060323492839,14,3,"descriptive crossed person/seed percentile bootstrap, 2000 draws, RNG731"
held_intervention,False,F-response-jepa_delta_v1-graph_time-paired_change,left_excursion_error,degrees,15.666496043823134,12.827092532350859,19.364551495648303,12.013450342293647,19.31954174535262,14,3,"descriptive crossed person/seed percentile bootstrap, 2000 draws, RNG731"
held_intervention,False,F-response-jepa_delta_v1-graph_time-paired_change,right_excursion_error,degrees,15.172782437541715,13.543357349542259,17.139641263949027,14.064490966945876,16.281073908137554,14,3,"descriptive crossed person/seed percentile bootstrap, 2000 draws, RNG731"
held_intervention,False,F-response-jepa_delta_v1-graph_time-paired_change,response_error,degrees,8.206380236556612,6.2154645014585705,10.775121228063128,5.8223677753660255,10.590392697747195,14,3,"descriptive crossed person/seed percentile bootstrap, 2000 draws, RNG731"
held_intervention,False,F-response-jepa_delta_v1-graph_time-paired_change,zero_response_error,degrees,4.103719929050653,3.9265094202807123,4.273990008694952,3.903084351712011,4.304355506389293,14,3,"descriptive crossed person/seed percentile bootstrap, 2000 draws, RNG731"
held_intervention,False,F-response-jepa_delta_v1-graph_time-paired_change,response_failure_rate,fraction,0.005105223030570251,0.0023130580357142855,0.008637014991181649,0.0018355691321572509,0.008374876928983253,14,3,"descriptive crossed person/seed percentile bootstrap, 2000 draws, RNG731"
held_intervention,False,F-response-jepa_delta_v1-graph_time-paired_change,response_failure_contribution,degrees,3.6757605820105823,1.6654017857142853,6.218650793650788,1.3216097751532199,6.029911388867944,14,3,"descriptive crossed person/seed percentile bootstrap, 2000 draws, RNG731"
held_intervention,False,F-response-jepa_delta_v1-graph_time-paired_change,response_success_contribution,degrees,4.530619654546029,4.3313513277170905,4.7322758769727535,4.327848833498555,4.733390475593504,14,3,"descriptive crossed person/seed percentile bootstrap, 2000 draws, RNG731"
held_intervention,False,F-response-jepa_endpoint_v1-graph_time-base,A_error,degrees,11.125361135595654,9.832473994875297,12.418635068277668,9.860054421037061,12.39066785015425,14,3,"descriptive crossed person/seed percentile bootstrap, 2000 draws, RNG731"
held_intervention,False,F-response-jepa_endpoint_v1-graph_time-base,waveform_error,degrees,16.740033195684425,15.784797297845495,17.85458116627967,15.588642893511642,17.891423497857204,14,3,"descriptive crossed person/seed percentile bootstrap, 2000 draws, RNG731"
held_intervention,False,F-response-jepa_endpoint_v1-graph_time-base,synthetic_all_nle,dimensionless NLE,0.06316743278690995,0.05905268077774855,0.06841052451606264,0.05772523846411968,0.0686096271097002,14,3,"descriptive crossed person/seed percentile bootstrap, 2000 draws, RNG731"
held_intervention,False,F-response-jepa_endpoint_v1-graph_time-base,assignment_failure_rate,fraction,0.49974248956269335,0.48719934119327424,0.511726275770731,0.48817907444691305,0.5113059046784739,14,3,"descriptive crossed person/seed percentile bootstrap, 2000 draws, RNG731"
held_intervention,False,F-response-jepa_endpoint_v1-graph_time-base,left_excursion_error,degrees,20.89353130513982,18.150543055586077,23.58064000948553,18.055403669257228,23.731658941022413,14,3,"descriptive crossed person/seed percentile bootstrap, 2000 draws, RNG731"
held_intervention,False,F-response-jepa_endpoint_v1-graph_time-base,right_excursion_error,degrees,20.70507851026616,18.205744433412647,22.92674923834804,18.778148636255327,22.632008384276997,14,3,"descriptive crossed person/seed percentile bootstrap, 2000 draws, RNG731"
held_intervention,False,F-response-jepa_endpoint_v1-graph_time-base,response_error,degrees,8.461804662752417,6.623979644388144,10.763153500599056,6.311351245304412,10.612258080200423,14,3,"descriptive crossed person/seed percentile bootstrap, 2000 draws, RNG731"
held_intervention,False,F-response-jepa_endpoint_v1-graph_time-base,zero_response_error,degrees,4.103719929050653,3.9265094202807123,4.273990008694952,3.903084351712011,4.304355506389293,14,3,"descriptive crossed person/seed percentile bootstrap, 2000 draws, RNG731"
held_intervention,False,F-response-jepa_endpoint_v1-graph_time-base,response_failure_rate,fraction,0.005177331349206347,0.0027032352292768957,0.008322637648809519,0.002284967305708617,0.008069695392704081,14,3,"descriptive crossed person/seed percentile bootstrap, 2000 draws, RNG731"
held_intervention,False,F-response-jepa_endpoint_v1-graph_time-base,response_failure_contribution,degrees,3.7276785714285716,1.9463293650793652,5.992299107142856,1.6451764601102048,5.810180682746939,14,3,"descriptive crossed person/seed percentile bootstrap, 2000 draws, RNG731"
held_intervention,False,F-response-jepa_endpoint_v1-graph_time-base,response_success_contribution,degrees,4.734126091323844,4.539613680279403,4.92177402515232,4.529659492271327,4.938592690376361,14,3,"descriptive crossed person/seed percentile bootstrap, 2000 draws, RNG731"
held_intervention,False,F-response-jepa_endpoint_v1-graph_time-paired_change,A_error,degrees,15.722435448129726,13.29775981759154,17.799948615374593,14.399775098305081,17.045095797954374,14,3,"descriptive crossed person/seed percentile bootstrap, 2000 draws, RNG731"
held_intervention,False,F-response-jepa_endpoint_v1-graph_time-paired_change,waveform_error,degrees,21.897752561871894,20.43151192979861,23.78983908770574,20.660431203360254,23.135073920383533,14,3,"descriptive crossed person/seed percentile bootstrap, 2000 draws, RNG731"
held_intervention,False,F-response-jepa_endpoint_v1-graph_time-paired_change,synthetic_all_nle,dimensionless NLE,0.07037621427573776,0.0668379052112968,0.07413956383898783,0.06634438440625436,0.07440804414522116,14,3,"descriptive crossed person/seed percentile bootstrap, 2000 draws, RNG731"
held_intervention,False,F-response-jepa_endpoint_v1-graph_time-paired_change,assignment_failure_rate,fraction,0.4969321164523749,0.4855077670607785,0.5054859400298625,0.48845100317816825,0.5054132297265815,14,3,"descriptive crossed person/seed percentile bootstrap, 2000 draws, RNG731"
held_intervention,False,F-response-jepa_endpoint_v1-graph_time-paired_change,left_excursion_error,degrees,16.184015436593292,13.598434186851653,19.888487204384653,13.898453735804042,18.469577137382547,14,3,"descriptive crossed person/seed percentile bootstrap, 2000 draws, RNG731"
held_intervention,False,F-response-jepa_endpoint_v1-graph_time-paired_change,right_excursion_error,degrees,15.423448751037043,13.279217183507827,18.11673690361771,13.963447917093017,16.883449584981065,14,3,"descriptive crossed person/seed percentile bootstrap, 2000 draws, RNG731"
held_intervention,False,F-response-jepa_endpoint_v1-graph_time-paired_change,response_error,degrees,8.598391119626058,6.2887597459253435,11.10124748050453,5.799826013564816,11.396956225687296,14,3,"descriptive crossed person/seed percentile bootstrap, 2000 draws, RNG731"
held_intervention,False,F-response-jepa_endpoint_v1-graph_time-paired_change,zero_response_error,degrees,4.103719929050653,3.9265094202807123,4.273990008694952,3.903084351712011,4.304355506389293,14,3,"descriptive crossed person/seed percentile bootstrap, 2000 draws, RNG731"
held_intervention,False,F-response-jepa_endpoint_v1-graph_time-paired_change,response_failure_rate,fraction,0.005537872942386829,0.0023037746638007047,0.009079103284832446,0.0016688517304429998,0.009406894154330658,14,3,"descriptive crossed person/seed percentile bootstrap, 2000 draws, RNG731"
held_intervention,False,F-response-jepa_endpoint_v1-graph_time-paired_change,response_failure_contribution,degrees,3.987268518518518,1.658717757936508,6.536954365079363,1.20157324591896,6.772963791118077,14,3,"descriptive crossed person/seed percentile bootstrap, 2000 draws, RNG731"
held_intervention,False,F-response-jepa_endpoint_v1-graph_time-paired_change,response_success_contribution,degrees,4.611122601107539,4.433745783070786,4.792158276807759,4.416257690713911,4.805987511501167,14,3,"descriptive crossed person/seed percentile bootstrap, 2000 draws, RNG731"
held_intervention,False,I-initialized-none-base,A_error,degrees,11.041438714629988,9.837029365015141,12.250555477086337,9.798022161389577,12.2848552678704,14,3,"descriptive crossed person/seed percentile bootstrap, 2000 draws, RNG731"
held_intervention,False,I-initialized-none-base,waveform_error,degrees,16.809497095468462,15.910786966880096,17.843691142042545,15.738448782861164,17.88054540807576,14,3,"descriptive crossed person/seed percentile bootstrap, 2000 draws, RNG731"
held_intervention,False,I-initialized-none-base,synthetic_all_nle,dimensionless NLE,0.06864503474590469,0.06441983925601331,0.07361884614650192,0.06349989422985751,0.07379017526195188,14,3,"descriptive crossed person/seed percentile bootstrap, 2000 draws, RNG731"
held_intervention,False,I-initialized-none-base,assignment_failure_rate,fraction,0.5083881300560568,0.503038558882355,0.5143472628554386,0.5023515922913087,0.5144246678208049,14,3,"descriptive crossed person/seed percentile bootstrap, 2000 draws, RNG731"
held_intervention,False,I-initialized-none-base,left_excursion_error,degrees,17.30503553263861,15.087250774882031,19.33873854216438,14.908706455729725,19.7013646095475,14,3,"descriptive crossed person/seed percentile bootstrap, 2000 draws, RNG731"
held_intervention,False,I-initialized-none-base,right_excursion_error,degrees,16.26631319991921,14.439536120655582,18.01812156816293,14.37713589482516,18.15549050501327,14,3,"descriptive crossed person/seed percentile bootstrap, 2000 draws, RNG731"
held_intervention,False,I-initialized-none-base,response_error,degrees,7.690172214084448,5.712522438777089,10.046804204660013,5.329192918086179,10.05115151008272,14,3,"descriptive crossed person/seed percentile bootstrap, 2000 draws, RNG731"
held_intervention,False,I-initialized-none-base,zero_response_error,degrees,4.103719929050653,3.9265094202807123,4.273990008694952,3.903084351712011,4.304355506389293,14,3,"descriptive crossed person/seed percentile bootstrap, 2000 draws, RNG731"
held_intervention,False,I-initialized-none-base,response_failure_rate,fraction,0.0038695069077013507,0.0011241319444444445,0.007155912422839503,0.0005691829255380296,0.007169830889864671,14,3,"descriptive crossed person/seed percentile bootstrap, 2000 draws, RNG731"
held_intervention,False,I-initialized-none-base,response_failure_contribution,degrees,2.7860449735449735,0.8093750000000001,5.152256944444442,0.4098117063873814,5.162278240702564,14,3,"descriptive crossed person/seed percentile bootstrap, 2000 draws, RNG731"
held_intervention,False,I-initialized-none-base,response_success_contribution,degrees,4.904127240539476,4.715426350036539,5.0841171593658805,4.6954027143595995,5.112851766719353,14,3,"descriptive crossed person/seed percentile bootstrap, 2000 draws, RNG731"
held_intervention,False,I-initialized-none-paired_change,A_error,degrees,13.545278906038691,11.122354364283265,16.418360467482536,11.666136431740108,15.42442138033728,14,3,"descriptive crossed person/seed percentile bootstrap, 2000 draws, RNG731"
held_intervention,False,I-initialized-none-paired_change,waveform_error,degrees,21.82034878230401,20.880528257346516,22.853867150292167,20.761063557576,22.879634007032024,14,3,"descriptive crossed person/seed percentile bootstrap, 2000 draws, RNG731"
held_intervention,False,I-initialized-none-paired_change,synthetic_all_nle,dimensionless NLE,0.07172624483196044,0.06934082903214109,0.07450566632698652,0.06881551709480928,0.0746369725691116,14,3,"descriptive crossed person/seed percentile bootstrap, 2000 draws, RNG731"
held_intervention,False,I-initialized-none-paired_change,assignment_failure_rate,fraction,0.4969890065090227,0.4866270513038674,0.5045449709518908,0.48703451601499176,0.5069434970030535,14,3,"descriptive crossed person/seed percentile bootstrap, 2000 draws, RNG731"
held_intervention,False,I-initialized-none-paired_change,left_excursion_error,degrees,17.717525041045622,14.927998170242736,21.222906584688044,14.756793961261993,20.67825612082925,14,3,"descriptive crossed person/seed percentile bootstrap, 2000 draws, RNG731"
held_intervention,False,I-initialized-none-paired_change,right_excursion_error,degrees,15.381950048686148,14.274632374771361,16.62888976317458,14.27645724945614,16.487442847916153,14,3,"descriptive crossed person/seed percentile bootstrap, 2000 draws, RNG731"
held_intervention,False,I-initialized-none-paired_change,response_error,degrees,8.42925825244174,6.1719323526722745,11.187490450113362,5.723782023922478,11.134734480961,14,3,"descriptive crossed person/seed percentile bootstrap, 2000 draws, RNG731"
held_intervention,False,I-initialized-none-paired_change,zero_response_error,degrees,4.103719929050653,3.9265094202807123,4.273990008694952,3.903084351712011,4.304355506389293,14,3,"descriptive crossed person/seed percentile bootstrap, 2000 draws, RNG731"
held_intervention,False,I-initialized-none-paired_change,response_failure_rate,fraction,0.005215681951793062,0.0021014522707231034,0.00903214676109641,0.001478616300873343,0.00895274760271278,14,3,"descriptive crossed person/seed percentile bootstrap, 2000 draws, RNG731"
held_intervention,False,I-initialized-none-paired_change,response_failure_contribution,degrees,3.7552910052910056,1.513045634920635,6.503145667989418,1.0646037366288068,6.445978273953203,14,3,"descriptive crossed person/seed percentile bootstrap, 2000 draws, RNG731"
held_intervention,False,I-initialized-none-paired_change,response_success_contribution,degrees,4.673967247150735,4.4979552164188545,4.855675940604046,4.472332692931161,4.87560180137031,14,3,"descriptive crossed person/seed percentile bootstrap, 2000 draws, RNG731"
held_intervention,False,I-shuffled_jepa-graph_time-base,A_error,degrees,11.0411803898232,9.91148118559559,12.232984369605928,9.901118497101699,12.181242282544698,14,3,"descriptive crossed person/seed percentile bootstrap, 2000 draws, RNG731"
held_intervention,False,I-shuffled_jepa-graph_time-base,waveform_error,degrees,16.585692461006065,15.609988734510667,17.677839587606556,15.470557074033373,17.700827847978758,14,3,"descriptive crossed person/seed percentile bootstrap, 2000 draws, RNG731"
held_intervention,False,I-shuffled_jepa-graph_time-base,synthetic_all_nle,dimensionless NLE,0.06757682380863796,0.06333473405777743,0.07258046877849263,0.06241365177312562,0.07273999584415032,14,3,"descriptive crossed person/seed percentile bootstrap, 2000 draws, RNG731"
held_intervention,False,I-shuffled_jepa-graph_time-base,assignment_failure_rate,fraction,0.502919953777023,0.4962367449255483,0.5098632022496579,0.4958438603678904,0.5099960471861557,14,3,"descriptive crossed person/seed percentile bootstrap, 2000 draws, RNG731"
held_intervention,False,I-shuffled_jepa-graph_time-base,left_excursion_error,degrees,17.35012819082585,15.380512072517325,19.210669486416354,15.19847638485708,19.501779996794625,14,3,"descriptive crossed person/seed percentile bootstrap, 2000 draws, RNG731"
held_intervention,False,I-shuffled_jepa-graph_time-base,right_excursion_error,degrees,16.16344427745766,14.46819222877051,17.826263509491532,14.502852843900028,17.82403571101528,14,3,"descriptive crossed person/seed percentile bootstrap, 2000 draws, RNG731"
held_intervention,False,I-shuffled_jepa-graph_time-base,response_error,degrees,7.6444219730726655,5.810126214020745,9.843731061872058,5.475738184778317,9.813105761367014,14,3,"descriptive crossed person/seed percentile bootstrap, 2000 draws, RNG731"
held_intervention,False,I-shuffled_jepa-graph_time-base,zero_response_error,degrees,4.103719929050653,3.9265094202807123,4.273990008694952,3.903084351712011,4.304355506389293,14,3,"descriptive crossed person/seed percentile bootstrap, 2000 draws, RNG731"
held_intervention,False,I-shuffled_jepa-graph_time-base,response_failure_rate,fraction,0.003938629850088181,0.0013768842317019396,0.006917145475088179,0.0009491100795299221,0.00692814962064644,14,3,"descriptive crossed person/seed percentile bootstrap, 2000 draws, RNG731"
held_intervention,False,I-shuffled_jepa-graph_time-base,response_failure_contribution,degrees,2.8358134920634916,0.9913566468253968,4.980344742063491,0.6833592572615439,4.988267726865439,14,3,"descriptive crossed person/seed percentile bootstrap, 2000 draws, RNG731"
held_intervention,False,I-shuffled_jepa-graph_time-base,response_success_contribution,degrees,4.808608481009174,4.608533493755139,4.985933152229771,4.61488995307323,5.002327008945117,14,3,"descriptive crossed person/seed percentile bootstrap, 2000 draws, RNG731"
held_intervention,False,I-shuffled_jepa-graph_time-paired_change,A_error,degrees,11.959921126649881,10.071934631166728,13.982383421167482,10.272087968549995,13.64775428474976,14,3,"descriptive crossed person/seed percentile bootstrap, 2000 draws, RNG731"
held_intervention,False,I-shuffled_jepa-graph_time-paired_change,waveform_error,degrees,21.2158223957632,20.134755814339922,22.46013312445514,20.217998978743115,22.213645812783287,14,3,"descriptive crossed person/seed percentile bootstrap, 2000 draws, RNG731"
held_intervention,False,I-shuffled_jepa-graph_time-paired_change,synthetic_all_nle,dimensionless NLE,0.07172905586502697,0.06938960973794,0.07448307629779854,0.06884622796570387,0.07461188376435009,14,3,"descriptive crossed person/seed percentile bootstrap, 2000 draws, RNG731"
held_intervention,False,I-shuffled_jepa-graph_time-paired_change,assignment_failure_rate,fraction,0.4949633476119316,0.4857849587208029,0.5015611762706712,0.4858567529912676,0.5040699422325956,14,3,"descriptive crossed person/seed percentile bootstrap, 2000 draws, RNG731"
held_intervention,False,I-shuffled_jepa-graph_time-paired_change,left_excursion_error,degrees,16.524099359240708,14.225264784682567,19.061558500078284,14.556161846212621,18.4920368722688,14,3,"descriptive crossed person/seed percentile bootstrap, 2000 draws, RNG731"
held_intervention,False,I-shuffled_jepa-graph_time-paired_change,right_excursion_error,degrees,15.855069983219327,14.301966632531016,17.858535353267232,14.60495830130602,17.105181665132626,14,3,"descriptive crossed person/seed percentile bootstrap, 2000 draws, RNG731"
held_intervention,False,I-shuffled_jepa-graph_time-paired_change,response_error,degrees,10.016543151608877,6.678790495966565,13.676170862979765,7.011238950490104,13.021847352727661,14,3,"descriptive crossed person/seed percentile bootstrap, 2000 draws, RNG731"
held_intervention,False,I-shuffled_jepa-graph_time-paired_change,zero_response_error,degrees,4.103719929050653,3.9265094202807123,4.273990008694952,3.903084351712011,4.304355506389293,14,3,"descriptive crossed person/seed percentile bootstrap, 2000 draws, RNG731"
held_intervention,False,I-shuffled_jepa-graph_time-paired_change,response_failure_rate,fraction,0.0074882422104644315,0.00281101879409171,0.01263180436140505,0.0032517062938742,0.01172477812705466,14,3,"descriptive crossed person/seed percentile bootstrap, 2000 draws, RNG731"
held_intervention,False,I-shuffled_jepa-graph_time-paired_change,response_failure_contribution,degrees,5.391534391534392,2.023933531746032,9.09489914021164,2.3412285315894255,8.441840251479357,14,3,"descriptive crossed person/seed percentile bootstrap, 2000 draws, RNG731"
held_intervention,False,I-shuffled_jepa-graph_time-paired_change,response_success_contribution,degrees,4.625008760074488,4.452371948638038,4.790735678949609,4.431695135225075,4.818322384923899,14,3,"descriptive crossed person/seed percentile bootstrap, 2000 draws, RNG731"
held_intervention,False,M-coordinate-graph_time-base,A_error,degrees,10.756598394364238,9.620492456698775,11.896891636705643,9.72358556153597,11.789611227192506,14,3,"descriptive crossed person/seed percentile bootstrap, 2000 draws, RNG731"
held_intervention,False,M-coordinate-graph_time-base,waveform_error,degrees,15.743374283977863,14.784859400003224,16.675741683536394,14.706709455899828,16.780039112055896,14,3,"descriptive crossed person/seed percentile bootstrap, 2000 draws, RNG731"
held_intervention,False,M-coordinate-graph_time-base,synthetic_all_nle,dimensionless NLE,0.048640484573928534,0.04602980124838237,0.051749410569584126,0.04542948624460585,0.05185148290325122,14,3,"descriptive crossed person/seed percentile bootstrap, 2000 draws, RNG731"
held_intervention,False,M-coordinate-graph_time-base,assignment_failure_rate,fraction,0.3907349550988413,0.37792948374327573,0.4058116549813368,0.3775736377841743,0.40389627241350845,14,3,"descriptive crossed person/seed percentile bootstrap, 2000 draws, RNG731"
held_intervention,False,M-coordinate-graph_time-base,left_excursion_error,degrees,26.473634253911747,23.010914020363504,29.438640829759034,22.908026243869212,30.039242263954282,14,3,"descriptive crossed person/seed percentile bootstrap, 2000 draws, RNG731"
held_intervention,False,M-coordinate-graph_time-base,right_excursion_error,degrees,24.24703553507519,21.576128755898505,26.70177707765829,21.381881822614023,27.112189247536353,14,3,"descriptive crossed person/seed percentile bootstrap, 2000 draws, RNG731"
held_intervention,False,M-coordinate-graph_time-base,response_error,degrees,8.618268621763967,6.852516273824214,10.749497520638641,6.630457679652324,10.606079563875607,14,3,"descriptive crossed person/seed percentile bootstrap, 2000 draws, RNG731"
held_intervention,False,M-coordinate-graph_time-base,zero_response_error,degrees,4.103719929050653,3.9265094202807123,4.273990008694952,3.903084351712011,4.304355506389293,14,3,"descriptive crossed person/seed percentile bootstrap, 2000 draws, RNG731"
held_intervention,False,M-coordinate-graph_time-base,response_failure_rate,fraction,0.0057029872134038775,0.003235160383597883,0.008619481646825392,0.0029795402598210637,0.008426434166986694,14,3,"descriptive crossed person/seed percentile bootstrap, 2000 draws, RNG731"
held_intervention,False,M-coordinate-graph_time-base,response_failure_contribution,degrees,4.1061507936507935,2.329315476190476,6.206026785714286,2.145268987071166,6.067032600230421,14,3,"descriptive crossed person/seed percentile bootstrap, 2000 draws, RNG731"
held_intervention,False,M-coordinate-graph_time-base,response_success_contribution,degrees,4.512117828113173,4.334958417794282,4.690151276417711,4.311634398553305,4.7126012576730405,14,3,"descriptive crossed person/seed percentile bootstrap, 2000 draws, RNG731"
held_intervention,False,M-coordinate-graph_time-paired_change,A_error,degrees,13.988163252290649,11.838614744848345,16.558115665608653,12.348954796926423,15.627371707654879,14,3,"descriptive crossed person/seed percentile bootstrap, 2000 draws, RNG731"
held_intervention,False,M-coordinate-graph_time-paired_change,waveform_error,degrees,21.305191118844885,20.500500930717294,22.21260358287903,20.42304342246121,22.187338815228554,14,3,"descriptive crossed person/seed percentile bootstrap, 2000 draws, RNG731"
held_intervention,False,M-coordinate-graph_time-paired_change,synthetic_all_nle,dimensionless NLE,0.05604786357520412,0.053213690883380516,0.05942629764440831,0.0525889607512157,0.05950676639919251,14,3,"descriptive crossed person/seed percentile bootstrap, 2000 draws, RNG731"
held_intervention,False,M-coordinate-graph_time-paired_change,assignment_failure_rate,fraction,0.44471155312826044,0.4342579125937945,0.45758449041131816,0.43355577411056495,0.4558673321459557,14,3,"descriptive crossed person/seed percentile bootstrap, 2000 draws, RNG731"
held_intervention,False,M-coordinate-graph_time-paired_change,left_excursion_error,degrees,12.246789807388328,10.555011226958953,14.128141219334932,11.206153560886616,13.287426053890034,14,3,"descriptive crossed person/seed percentile bootstrap, 2000 draws, RNG731"
held_intervention,False,M-coordinate-graph_time-paired_change,right_excursion_error,degrees,13.802999674285177,11.422353171588693,16.94048924563713,11.793941712925204,15.81205763564515,14,3,"descriptive crossed person/seed percentile bootstrap, 2000 draws, RNG731"
held_intervention,False,M-coordinate-graph_time-paired_change,response_error,degrees,9.528244992459014,7.234692159718028,12.25329210162178,7.021721971311443,12.03476801360658,14,3,"descriptive crossed person/seed percentile bootstrap, 2000 draws, RNG731"
held_intervention,False,M-coordinate-graph_time-paired_change,zero_response_error,degrees,4.103719929050653,3.9265094202807123,4.273990008694952,3.903084351712011,4.304355506389293,14,3,"descriptive crossed person/seed percentile bootstrap, 2000 draws, RNG731"
held_intervention,False,M-coordinate-graph_time-paired_change,response_failure_rate,fraction,0.007121729864785418,0.0039506345072751305,0.010911940586419748,0.003686455968233686,0.010557003761337152,14,3,"descriptive crossed person/seed percentile bootstrap, 2000 draws, RNG731"
held_intervention,False,M-coordinate-graph_time-paired_change,response_failure_contribution,degrees,5.127645502645502,2.8444568452380956,7.85659722222222,2.654248297128254,7.601042708162751,14,3,"descriptive crossed person/seed percentile bootstrap, 2000 draws, RNG731"
held_intervention,False,M-coordinate-graph_time-paired_change,response_success_contribution,degrees,4.4005994898135095,4.231520866205701,4.567398147897844,4.207948754039613,4.593250225587406,14,3,"descriptive crossed person/seed percentile bootstrap, 2000 draws, RNG731"
held_intervention,False,M-paired_jepa-graph_time-base,A_error,degrees,11.574174659905236,10.398544413577971,12.975448370168998,10.362219815732674,12.7861295040778,14,3,"descriptive crossed person/seed percentile bootstrap, 2000 draws, RNG731"
held_intervention,False,M-paired_jepa-graph_time-base,waveform_error,degrees,17.294152930952084,16.206638628157748,18.55562807659099,16.205218793944756,18.383087067959412,14,3,"descriptive crossed person/seed percentile bootstrap, 2000 draws, RNG731"
held_intervention,False,M-paired_jepa-graph_time-base,synthetic_all_nle,dimensionless NLE,0.0625011132921289,0.05867649058520862,0.06746190702371947,0.05745358726569821,0.06754863931855962,14,3,"descriptive crossed person/seed percentile bootstrap, 2000 draws, RNG731"
held_intervention,False,M-paired_jepa-graph_time-base,assignment_failure_rate,fraction,0.48645416862506297,0.4708378473573444,0.4993178282528915,0.47219258088804605,0.5007157563620799,14,3,"descriptive crossed person/seed percentile bootstrap, 2000 draws, RNG731"
held_intervention,False,M-paired_jepa-graph_time-base,left_excursion_error,degrees,19.74621007216007,17.512790535524033,21.666715442102287,17.489868681397166,22.002551462922977,14,3,"descriptive crossed person/seed percentile bootstrap, 2000 draws, RNG731"
held_intervention,False,M-paired_jepa-graph_time-base,right_excursion_error,degrees,17.997076881373474,15.925749533005794,19.9610057072409,15.851212818179722,20.142940944567226,14,3,"descriptive crossed person/seed percentile bootstrap, 2000 draws, RNG731"
held_intervention,False,M-paired_jepa-graph_time-base,response_error,degrees,8.95372014065307,6.931116695398049,11.342774326071728,6.487448625313107,11.419991655993034,14,3,"descriptive crossed person/seed percentile bootstrap, 2000 draws, RNG731"
held_intervention,False,M-paired_jepa-graph_time-base,zero_response_error,degrees,4.103719929050653,3.9265094202807123,4.273990008694952,3.903084351712011,4.304355506389293,14,3,"descriptive crossed person/seed percentile bootstrap, 2000 draws, RNG731"
held_intervention,False,M-paired_jepa-graph_time-base,response_failure_rate,fraction,0.006056639476778364,0.003207941789756025,0.009429046792328036,0.0026716384726568608,0.009441640480899866,14,3,"descriptive crossed person/seed percentile bootstrap, 2000 draws, RNG731"
held_intervention,False,M-paired_jepa-graph_time-base,response_failure_contribution,degrees,4.360780423280423,2.3097180886243387,6.788913690476187,1.9235797003129407,6.797981146247906,14,3,"descriptive crossed person/seed percentile bootstrap, 2000 draws, RNG731"
held_intervention,False,M-paired_jepa-graph_time-base,response_success_contribution,degrees,4.592939717372645,4.3697283537850655,4.831804868552446,4.3806136267800175,4.805265807965273,14,3,"descriptive crossed person/seed percentile bootstrap, 2000 draws, RNG731"
held_intervention,False,M-paired_jepa-graph_time-paired_change,A_error,degrees,16.010663020385696,10.800831994970794,23.370331128666376,14.168375347862401,17.852950692908998,14,3,"descriptive crossed person/seed percentile bootstrap, 2000 draws, RNG731"
held_intervention,False,M-paired_jepa-graph_time-paired_change,waveform_error,degrees,22.445789962953313,21.442787480084128,23.498930909620487,21.44555945753818,23.446020468368445,14,3,"descriptive crossed person/seed percentile bootstrap, 2000 draws, RNG731"
held_intervention,False,M-paired_jepa-graph_time-paired_change,synthetic_all_nle,dimensionless NLE,0.06991927410595396,0.06645321176942043,0.07403150209318393,0.0657661844681705,0.07407236374373742,14,3,"descriptive crossed person/seed percentile bootstrap, 2000 draws, RNG731"
held_intervention,False,M-paired_jepa-graph_time-paired_change,assignment_failure_rate,fraction,0.49702404586940785,0.4881956401432869,0.5048295932840212,0.48888886598371856,0.5051592257550971,14,3,"descriptive crossed person/seed percentile bootstrap, 2000 draws, RNG731"
held_intervention,False,M-paired_jepa-graph_time-paired_change,left_excursion_error,degrees,16.086279734562755,13.556031715196463,18.228523025100472,14.157864496867045,18.014694972258464,14,3,"descriptive crossed person/seed percentile bootstrap, 2000 draws, RNG731"
held_intervention,False,M-paired_jepa-graph_time-paired_change,right_excursion_error,degrees,15.561548936593507,13.432069512077069,19.042115939359704,13.313799850287484,17.80929802289953,14,3,"descriptive crossed person/seed percentile bootstrap, 2000 draws, RNG731"
held_intervention,False,M-paired_jepa-graph_time-paired_change,response_error,degrees,8.474190036711276,6.5343717369994785,10.775020239485787,6.333864648091103,10.614515425331453,14,3,"descriptive crossed person/seed percentile bootstrap, 2000 draws, RNG731"
held_intervention,False,M-paired_jepa-graph_time-paired_change,zero_response_error,degrees,4.103719929050653,3.9265094202807123,4.273990008694952,3.903084351712011,4.304355506389293,14,3,"descriptive crossed person/seed percentile bootstrap, 2000 draws, RNG731"
held_intervention,False,M-paired_jepa-graph_time-paired_change,response_failure_rate,fraction,0.005508019179894179,0.002849409584435625,0.008649725804673707,0.002558924085220879,0.008457114274567476,14,3,"descriptive crossed person/seed percentile bootstrap, 2000 draws, RNG731"
held_intervention,False,M-paired_jepa-graph_time-paired_change,response_failure_contribution,degrees,3.9657738095238093,2.0515749007936512,6.227802579365071,1.842425341359034,6.089122277688585,14,3,"descriptive crossed person/seed percentile bootstrap, 2000 draws, RNG731"
held_intervention,False,M-paired_jepa-graph_time-paired_change,response_success_contribution,degrees,4.508416227187467,4.312535433968633,4.703949685399852,4.2991064440924704,4.717726010282463,14,3,"descriptive crossed person/seed percentile bootstrap, 2000 draws, RNG731"
held_intervention,False,P-direct-none-base,A_error,degrees,8.832742778836773,8.098900604687556,9.552621425696026,8.084701967864786,9.580783589808759,14,3,"descriptive crossed person/seed percentile bootstrap, 2000 draws, RNG731"
held_intervention,False,P-direct-none-base,waveform_error,degrees,11.956049099402957,11.230640643623195,12.718969126041843,11.158072873605077,12.754025325200834,14,3,"descriptive crossed person/seed percentile bootstrap, 2000 draws, RNG731"
held_intervention,False,P-direct-none-base,synthetic_all_nle,dimensionless NLE,0.029730378181236687,0.028215550009431732,0.03128273091274075,0.028011002407461617,0.03144975395501176,14,3,"descriptive crossed person/seed percentile bootstrap, 2000 draws, RNG731"
held_intervention,False,P-direct-none-base,assignment_failure_rate,fraction,0.20941503211962678,0.19047543832013375,0.22351846006571016,0.1900600538930683,0.22877001034618533,14,3,"descriptive crossed person/seed percentile bootstrap, 2000 draws, RNG731"
held_intervention,False,P-direct-none-base,left_excursion_error,degrees,17.555964566537714,15.208354561679505,19.717535688534724,15.06757150757305,20.04435762550238,14,3,"descriptive crossed person/seed percentile bootstrap, 2000 draws, RNG731"
held_intervention,False,P-direct-none-base,right_excursion_error,degrees,16.769226037826407,14.952587341951007,18.453393671885753,14.825264655842515,18.713187419810293,14,3,"descriptive crossed person/seed percentile bootstrap, 2000 draws, RNG731"
held_intervention,False,P-direct-none-base,response_error,degrees,6.163554062913833,4.977282492759871,7.583948626015756,4.765186838612798,7.561921287214866,14,3,"descriptive crossed person/seed percentile bootstrap, 2000 draws, RNG731"
held_intervention,False,P-direct-none-base,zero_response_error,degrees,4.103719929050653,3.9265094202807123,4.273990008694952,3.903084351712011,4.304355506389293,14,3,"descriptive crossed person/seed percentile bootstrap, 2000 draws, RNG731"
held_intervention,False,P-direct-none-base,response_failure_rate,fraction,0.003335583847736624,0.0017167233888154016,0.005274074763007053,0.0014414180820266805,0.005229749613446568,14,3,"descriptive crossed person/seed percentile bootstrap, 2000 draws, RNG731"
held_intervention,False,P-direct-none-base,response_failure_contribution,degrees,2.4016203703703702,1.23604083994709,3.797333829365078,1.0378210190592096,3.765419721681531,14,3,"descriptive crossed person/seed percentile bootstrap, 2000 draws, RNG731"
held_intervention,False,P-direct-none-base,response_success_contribution,degrees,3.7619336925434625,3.616824040291577,3.900597070805925,3.6011600340551198,3.9227073510318045,14,3,"descriptive crossed person/seed percentile bootstrap, 2000 draws, RNG731"
held_intervention,False,P-direct-none-paired_change,A_error,degrees,15.08090773422963,13.61666662431122,16.522804427621434,14.140038126145031,16.021777342314227,14,3,"descriptive crossed person/seed percentile bootstrap, 2000 draws, RNG731"
held_intervention,False,P-direct-none-paired_change,waveform_error,degrees,19.170294098798077,18.149282104811263,20.241958991353332,17.96956817440952,20.37102002318664,14,3,"descriptive crossed person/seed percentile bootstrap, 2000 draws, RNG731"
held_intervention,False,P-direct-none-paired_change,synthetic_all_nle,dimensionless NLE,0.051722981144059835,0.048664595149200754,0.05532269327846172,0.04797101156279119,0.05547495072532848,14,3,"descriptive crossed person/seed percentile bootstrap, 2000 draws, RNG731"
held_intervention,False,P-direct-none-paired_change,assignment_failure_rate,fraction,0.39350887912412214,0.38060626771672434,0.4100371473413585,0.37790459243205365,0.4091131658161907,14,3,"descriptive crossed person/seed percentile bootstrap, 2000 draws, RNG731"
held_intervention,False,P-direct-none-paired_change,left_excursion_error,degrees,14.665338658435392,13.226648318814009,16.234805091290294,13.277827676044087,16.052849640826693,14,3,"descriptive crossed person/seed percentile bootstrap, 2000 draws, RNG731"
held_intervention,False,P-direct-none-paired_change,right_excursion_error,degrees,15.687342025543474,14.142997967215543,17.447769027048572,13.981285084323822,17.39339896676313,14,3,"descriptive crossed person/seed percentile bootstrap, 2000 draws, RNG731"
held_intervention,False,P-direct-none-paired_change,response_error,degrees,9.281109359664908,7.584697499162083,11.096162700972712,7.339323404652923,11.222895314676894,14,3,"descriptive crossed person/seed percentile bootstrap, 2000 draws, RNG731"
held_intervention,False,P-direct-none-paired_change,zero_response_error,degrees,4.103719929050653,3.9265094202807123,4.273990008694952,3.903084351712011,4.304355506389293,14,3,"descriptive crossed person/seed percentile bootstrap, 2000 draws, RNG731"
held_intervention,False,P-direct-none-paired_change,response_failure_rate,fraction,0.007123107730746618,0.004764138052983538,0.009648368606701934,0.004431134916607378,0.009815080544885857,14,3,"descriptive crossed person/seed percentile bootstrap, 2000 draws, RNG731"
held_intervention,False,P-direct-none-paired_change,response_failure_contribution,degrees,5.128637566137566,3.4301793981481485,6.946825396825394,3.190417139957312,7.06685799231782,14,3,"descriptive crossed person/seed percentile bootstrap, 2000 draws, RNG731"
held_intervention,False,P-direct-none-paired_change,response_success_contribution,degrees,4.152471793527343,3.9776543602165146,4.349124786486723,3.9723059089740467,4.332637678080639,14,3,"descriptive crossed person/seed percentile bootstrap, 2000 draws, RNG731"
held_intervention,True,F-response-coordinate_delta_v1-graph_time-base,A_error,degrees,12.71368811041381,11.453653026916184,14.093957987266322,11.28580806282886,14.141568157998758,14,3,"descriptive crossed person/seed percentile bootstrap, 2000 draws, RNG731"
held_intervention,True,F-response-coordinate_delta_v1-graph_time-base,waveform_error,degrees,16.834545698698232,15.773502972515155,17.97266923838149,15.657118486403172,18.011972910993293,14,3,"descriptive crossed person/seed percentile bootstrap, 2000 draws, RNG731"
held_intervention,True,F-response-coordinate_delta_v1-graph_time-base,synthetic_all_nle,dimensionless NLE,0.05529050606546739,0.052647587412178606,0.05843766110942964,0.05213150032164571,0.058449511809289076,14,3,"descriptive crossed person/seed percentile bootstrap, 2000 draws, RNG731"
held_intervention,True,F-response-coordinate_delta_v1-graph_time-base,assignment_failure_rate,fraction,0.42971465027341615,0.4141819705812628,0.4484326275767998,0.41473582491470296,0.44469347563212946,14,3,"descriptive crossed person/seed percentile bootstrap, 2000 draws, RNG731"
held_intervention,True,F-response-coordinate_delta_v1-graph_time-base,left_excursion_error,degrees,28.53068563708572,25.93041164096848,30.977134841541385,25.623228604984565,31.43814266918689,14,3,"descriptive crossed person/seed percentile bootstrap, 2000 draws, RNG731"
held_intervention,True,F-response-coordinate_delta_v1-graph_time-base,right_excursion_error,degrees,26.83139888986212,24.57511930227156,29.276642577927255,24.609398550350015,29.053399229374207,14,3,"descriptive crossed person/seed percentile bootstrap, 2000 draws, RNG731"
held_intervention,True,F-response-coordinate_delta_v1-graph_time-base,response_error,degrees,13.753461544161492,11.202374425898869,17.159340916322893,10.663237593283725,16.843685495039256,14,3,"descriptive crossed person/seed percentile bootstrap, 2000 draws, RNG731"
held_intervention,True,F-response-coordinate_delta_v1-graph_time-base,zero_response_error,degrees,9.225048743968259,8.820021770707251,9.591880192453514,8.77620840798765,9.673889079948864,14,3,"descriptive crossed person/seed percentile bootstrap, 2000 draws, RNG731"
held_intervention,True,F-response-coordinate_delta_v1-graph_time-base,response_failure_rate,fraction,0.0059950947971781285,0.002613501708553791,0.010658275462962958,0.0018038727453525086,0.01018631684900375,14,3,"descriptive crossed person/seed percentile bootstrap, 2000 draws, RNG731"
held_intervention,True,F-response-coordinate_delta_v1-graph_time-base,response_failure_contribution,degrees,4.316468253968255,1.8817212301587303,7.673958333333333,1.2987883766538069,7.334148131282701,14,3,"descriptive crossed person/seed percentile bootstrap, 2000 draws, RNG731"
held_intervention,True,F-response-coordinate_delta_v1-graph_time-base,response_success_contribution,degrees,9.43699329019324,8.999951590730998,9.84860524248569,8.955719253544704,9.918267326841775,14,3,"descriptive crossed person/seed percentile bootstrap, 2000 draws, RNG731"
held_intervention,True,F-response-coordinate_delta_v1-graph_time-paired_change,A_error,degrees,16.09975978516012,13.182623359559352,19.39498709569094,13.383989787631343,18.81552978268889,14,3,"descriptive crossed person/seed percentile bootstrap, 2000 draws, RNG731"
held_intervention,True,F-response-coordinate_delta_v1-graph_time-paired_change,waveform_error,degrees,21.604870995403633,20.351742392826228,22.986301194864467,20.354874559958375,22.8548674308489,14,3,"descriptive crossed person/seed percentile bootstrap, 2000 draws, RNG731"
held_intervention,True,F-response-coordinate_delta_v1-graph_time-paired_change,synthetic_all_nle,dimensionless NLE,0.06197037429647046,0.05903267431133074,0.0654988068536198,0.05848819015148982,0.06545255844145108,14,3,"descriptive crossed person/seed percentile bootstrap, 2000 draws, RNG731"
held_intervention,True,F-response-coordinate_delta_v1-graph_time-paired_change,assignment_failure_rate,fraction,0.47748783654906596,0.4548557980276188,0.49595012988711434,0.4660789554562378,0.48889671764189424,14,3,"descriptive crossed person/seed percentile bootstrap, 2000 draws, RNG731"
held_intervention,True,F-response-coordinate_delta_v1-graph_time-paired_change,left_excursion_error,degrees,16.106049443836895,14.107037480538857,18.114575652465103,13.900798368493348,18.31130051918045,14,3,"descriptive crossed person/seed percentile bootstrap, 2000 draws, RNG731"
held_intervention,True,F-response-coordinate_delta_v1-graph_time-paired_change,right_excursion_error,degrees,21.289905737024217,15.95592262946233,26.367933453975525,17.60095787092972,24.978853603118722,14,3,"descriptive crossed person/seed percentile bootstrap, 2000 draws, RNG731"
held_intervention,True,F-response-coordinate_delta_v1-graph_time-paired_change,response_error,degrees,17.961544676664786,13.727046476017183,23.0703438632973,12.74981744659862,23.173271906730946,14,3,"descriptive crossed person/seed percentile bootstrap, 2000 draws, RNG731"
held_intervention,True,F-response-coordinate_delta_v1-graph_time-paired_change,zero_response_error,degrees,9.225048743968259,8.820021770707251,9.591880192453514,8.77620840798765,9.673889079948864,14,3,"descriptive crossed person/seed percentile bootstrap, 2000 draws, RNG731"
held_intervention,True,F-response-coordinate_delta_v1-graph_time-paired_change,response_failure_rate,fraction,0.011862048059964722,0.00604410089653145,0.018933405441651965,0.004732673275380928,0.018991422844548522,14,3,"descriptive crossed person/seed percentile bootstrap, 2000 draws, RNG731"
held_intervention,True,F-response-coordinate_delta_v1-graph_time-paired_change,response_failure_contribution,degrees,8.540674603174605,4.351752645502645,13.632051917989418,3.407524758274266,13.673824448074939,14,3,"descriptive crossed person/seed percentile bootstrap, 2000 draws, RNG731"
held_intervention,True,F-response-coordinate_delta_v1-graph_time-paired_change,response_success_contribution,degrees,9.420870073490182,8.978635781172738,9.859210137463284,8.965837004507998,9.875903142472366,14,3,"descriptive crossed person/seed percentile bootstrap, 2000 draws, RNG731"
held_intervention,True,F-response-jepa_delta_v1-graph_time-base,A_error,degrees,13.545554509516043,12.192665496311047,15.094431379208501,12.140339491034034,14.950769527998045,14,3,"descriptive crossed person/seed percentile bootstrap, 2000 draws, RNG731"
held_intervention,True,F-response-jepa_delta_v1-graph_time-base,waveform_error,degrees,17.994448370500216,16.96533444820613,19.13994593143533,16.887865003727658,19.101031737272766,14,3,"descriptive crossed person/seed percentile bootstrap, 2000 draws, RNG731"
held_intervention,True,F-response-jepa_delta_v1-graph_time-base,synthetic_all_nle,dimensionless NLE,0.06310316411918267,0.0592680761466709,0.0679398992308966,0.0580661348130728,0.06814019342529255,14,3,"descriptive crossed person/seed percentile bootstrap, 2000 draws, RNG731"
held_intervention,True,F-response-jepa_delta_v1-graph_time-base,assignment_failure_rate,fraction,0.48970079711516123,0.4759536964133058,0.5016698159239583,0.47639375623083713,0.5030078379994855,14,3,"descriptive crossed person/seed percentile bootstrap, 2000 draws, RNG731"
held_intervention,True,F-response-jepa_delta_v1-graph_time-base,left_excursion_error,degrees,21.032280001423374,18.81783648803165,23.10413574898521,18.596785948275784,23.46777405457097,14,3,"descriptive crossed person/seed percentile bootstrap, 2000 draws, RNG731"
held_intervention,True,F-response-jepa_delta_v1-graph_time-base,right_excursion_error,degrees,20.003764211243993,17.98251855999529,21.99957261206764,17.87291173801139,22.134616684476605,14,3,"descriptive crossed person/seed percentile bootstrap, 2000 draws, RNG731"
held_intervention,True,F-response-jepa_delta_v1-graph_time-base,response_error,degrees,14.408572642077838,12.181127940268132,16.90325488950511,11.832734199962019,16.984411084193663,14,3,"descriptive crossed person/seed percentile bootstrap, 2000 draws, RNG731"
held_intervention,True,F-response-jepa_delta_v1-graph_time-base,zero_response_error,degrees,9.225048743968259,8.820021770707251,9.591880192453514,8.77620840798765,9.673889079948864,14,3,"descriptive crossed person/seed percentile bootstrap, 2000 draws, RNG731"
held_intervention,True,F-response-jepa_delta_v1-graph_time-base,response_failure_rate,fraction,0.006605489417989416,0.0035817396017048786,0.010065460115373305,0.0031274488527033685,0.010083529983275462,14,3,"descriptive crossed person/seed percentile bootstrap, 2000 draws, RNG731"
held_intervention,True,F-response-jepa_delta_v1-graph_time-base,response_failure_contribution,degrees,4.755952380952381,2.5788525132275133,7.247131283068781,2.2517631739464252,7.260141587958335,14,3,"descriptive crossed person/seed percentile bootstrap, 2000 draws, RNG731"
held_intervention,True,F-response-jepa_delta_v1-graph_time-base,response_success_contribution,degrees,9.65262026112546,9.17046300664,10.126824952579096,9.208145385526716,10.097095136724207,14,3,"descriptive crossed person/seed percentile bootstrap, 2000 draws, RNG731"
held_intervention,True,F-response-jepa_delta_v1-graph_time-paired_change,A_error,degrees,14.868401343511055,12.687852634581594,17.773017508836414,12.8831799380725,16.85362274894961,14,3,"descriptive crossed person/seed percentile bootstrap, 2000 draws, RNG731"
held_intervention,True,F-response-jepa_delta_v1-graph_time-paired_change,waveform_error,degrees,22.3279236410503,21.243679136150234,23.46370366149123,21.357440397289906,23.29840688481069,14,3,"descriptive crossed person/seed percentile bootstrap, 2000 draws, RNG731"
held_intervention,True,F-response-jepa_delta_v1-graph_time-paired_change,synthetic_all_nle,dimensionless NLE,0.0701094606180233,0.06668791366014307,0.07429303889372839,0.065836142326897,0.07438277890914957,14,3,"descriptive crossed person/seed percentile bootstrap, 2000 draws, RNG731"
held_intervention,True,F-response-jepa_delta_v1-graph_time-paired_change,assignment_failure_rate,fraction,0.5043172223960617,0.49639450682244324,0.5127007367260463,0.4993641937697123,0.5092702510224111,14,3,"descriptive crossed person/seed percentile bootstrap, 2000 draws, RNG731"
held_intervention,True,F-response-jepa_delta_v1-graph_time-paired_change,left_excursion_error,degrees,15.821146807330697,13.427858954440673,18.865419190560672,12.866645802384976,18.775647812276414,14,3,"descriptive crossed person/seed percentile bootstrap, 2000 draws, RNG731"
held_intervention,True,F-response-jepa_delta_v1-graph_time-paired_change,right_excursion_error,degrees,15.773522840845539,14.336356852908146,17.20785524069435,14.619668118665636,16.92737756302545,14,3,"descriptive crossed person/seed percentile bootstrap, 2000 draws, RNG731"
held_intervention,True,F-response-jepa_delta_v1-graph_time-paired_change,response_error,degrees,13.551344074336331,11.434653732753652,16.143634565471235,11.047761659241718,16.054926489430937,14,3,"descriptive crossed person/seed percentile bootstrap, 2000 draws, RNG731"
held_intervention,True,F-response-jepa_delta_v1-graph_time-paired_change,zero_response_error,degrees,9.225048743968259,8.820021770707251,9.591880192453514,8.77620840798765,9.673889079948864,14,3,"descriptive crossed person/seed percentile bootstrap, 2000 draws, RNG731"
held_intervention,True,F-response-jepa_delta_v1-graph_time-paired_change,response_failure_rate,fraction,0.005533050411522631,0.0025915477109053494,0.009236088146678423,0.0021448856822828357,0.008921215140762431,14,3,"descriptive crossed person/seed percentile bootstrap, 2000 draws, RNG731"
held_intervention,True,F-response-jepa_delta_v1-graph_time-paired_change,response_failure_contribution,degrees,3.9837962962962967,1.865914351851852,6.649983465608465,1.5443176912436427,6.423274901348952,14,3,"descriptive crossed person/seed percentile bootstrap, 2000 draws, RNG731"
held_intervention,True,F-response-jepa_delta_v1-graph_time-paired_change,response_success_contribution,degrees,9.567547778040032,9.175716444463067,9.928778874613817,9.163912632030074,9.97118292404999,14,3,"descriptive crossed person/seed percentile bootstrap, 2000 draws, RNG731"
held_intervention,True,F-response-jepa_endpoint_v1-graph_time-base,A_error,degrees,13.42950340246011,12.124265423810245,14.841593294345287,11.984622023038412,14.874384781881815,14,3,"descriptive crossed person/seed percentile bootstrap, 2000 draws, RNG731"
held_intervention,True,F-response-jepa_endpoint_v1-graph_time-base,waveform_error,degrees,17.53402777869699,16.572751882136174,18.672661962229338,16.35656407364115,18.711491483752834,14,3,"descriptive crossed person/seed percentile bootstrap, 2000 draws, RNG731"
held_intervention,True,F-response-jepa_endpoint_v1-graph_time-base,synthetic_all_nle,dimensionless NLE,0.06349438509186897,0.05939383098738325,0.06873885096577348,0.05805956865778707,0.06892920152595088,14,3,"descriptive crossed person/seed percentile bootstrap, 2000 draws, RNG731"
held_intervention,True,F-response-jepa_endpoint_v1-graph_time-base,assignment_failure_rate,fraction,0.4995869706645278,0.48724771897875296,0.5113573144811944,0.48818676306099507,0.5109871782680604,14,3,"descriptive crossed person/seed percentile bootstrap, 2000 draws, RNG731"
held_intervention,True,F-response-jepa_endpoint_v1-graph_time-base,left_excursion_error,degrees,22.28878025880538,19.530040171011503,24.901926483306145,19.562280848553684,25.01527966905708,14,3,"descriptive crossed person/seed percentile bootstrap, 2000 draws, RNG731"
held_intervention,True,F-response-jepa_endpoint_v1-graph_time-base,right_excursion_error,degrees,22.522503958825023,20.064610569858676,24.776658319460864,20.629800893095297,24.415207024554743,14,3,"descriptive crossed person/seed percentile bootstrap, 2000 draws, RNG731"
held_intervention,True,F-response-jepa_endpoint_v1-graph_time-base,response_error,degrees,13.774362798315162,11.701591378438367,16.26075447531843,11.425583990438154,16.123141606192178,14,3,"descriptive crossed person/seed percentile bootstrap, 2000 draws, RNG731"
held_intervention,True,F-response-jepa_endpoint_v1-graph_time-base,zero_response_error,degrees,9.225048743968259,8.820021770707251,9.591880192453514,8.77620840798765,9.673889079948864,14,3,"descriptive crossed person/seed percentile bootstrap, 2000 draws, RNG731"
held_intervention,True,F-response-jepa_endpoint_v1-graph_time-base,response_failure_rate,fraction,0.005435681216931215,0.002776227678571428,0.008708457341269835,0.002386004304492515,0.008485358129369916,14,3,"descriptive crossed person/seed percentile bootstrap, 2000 draws, RNG731"
held_intervention,True,F-response-jepa_endpoint_v1-graph_time-base,response_failure_contribution,degrees,3.9136904761904763,1.9988839285714288,6.270089285714286,1.717923099234611,6.109457853146342,14,3,"descriptive crossed person/seed percentile bootstrap, 2000 draws, RNG731"
held_intervention,True,F-response-jepa_endpoint_v1-graph_time-base,response_success_contribution,degrees,9.860672322124687,9.453425936759151,10.243078093450377,9.430330682205755,10.291013962043616,14,3,"descriptive crossed person/seed percentile bootstrap, 2000 draws, RNG731"
held_intervention,True,F-response-jepa_endpoint_v1-graph_time-paired_change,A_error,degrees,17.406127252696006,15.237132244521568,19.255934376121562,15.838864398137785,18.973390107254232,14,3,"descriptive crossed person/seed percentile bootstrap, 2000 draws, RNG731"
held_intervention,True,F-response-jepa_endpoint_v1-graph_time-paired_change,waveform_error,degrees,22.564506586310618,21.16384845803065,24.34498531298855,21.376123615475695,23.75288955714554,14,3,"descriptive crossed person/seed percentile bootstrap, 2000 draws, RNG731"
held_intervention,True,F-response-jepa_endpoint_v1-graph_time-paired_change,synthetic_all_nle,dimensionless NLE,0.07068838368692568,0.06713798471072505,0.07445315780279158,0.06666023542339714,0.07471653195045425,14,3,"descriptive crossed person/seed percentile bootstrap, 2000 draws, RNG731"
held_intervention,True,F-response-jepa_endpoint_v1-graph_time-paired_change,assignment_failure_rate,fraction,0.4966677923078172,0.48536022003971574,0.5051669316405897,0.488304265615497,0.5050313190001375,14,3,"descriptive crossed person/seed percentile bootstrap, 2000 draws, RNG731"
held_intervention,True,F-response-jepa_endpoint_v1-graph_time-paired_change,left_excursion_error,degrees,16.67255182161301,14.359693968916952,19.389316721114643,14.92029197413856,18.424811669087457,14,3,"descriptive crossed person/seed percentile bootstrap, 2000 draws, RNG731"
held_intervention,True,F-response-jepa_endpoint_v1-graph_time-paired_change,right_excursion_error,degrees,16.285621225363425,14.405498598273317,18.522602543268402,14.841859717241636,17.729382733485213,14,3,"descriptive crossed person/seed percentile bootstrap, 2000 draws, RNG731"
held_intervention,True,F-response-jepa_endpoint_v1-graph_time-paired_change,response_error,degrees,13.8864828209312,11.426929791254388,16.665730730057074,10.970573561097222,16.802392080765173,14,3,"descriptive crossed person/seed percentile bootstrap, 2000 draws, RNG731"
held_intervention,True,F-response-jepa_endpoint_v1-graph_time-paired_change,zero_response_error,degrees,9.225048743968259,8.820021770707251,9.591880192453514,8.77620840798765,9.673889079948864,14,3,"descriptive crossed person/seed percentile bootstrap, 2000 draws, RNG731"
held_intervention,True,F-response-jepa_endpoint_v1-graph_time-paired_change,response_failure_rate,fraction,0.005820565108759552,0.0024471932870370364,0.009583574459876537,0.0018273496304614155,0.009813780587057685,14,3,"descriptive crossed person/seed percentile bootstrap, 2000 draws, RNG731"
held_intervention,True,F-response-jepa_endpoint_v1-graph_time-paired_change,response_failure_contribution,degrees,4.190806878306878,1.7619791666666669,6.90017361111111,1.31569173393222,7.065922022681536,14,3,"descriptive crossed person/seed percentile bootstrap, 2000 draws, RNG731"
held_intervention,True,F-response-jepa_endpoint_v1-graph_time-paired_change,response_success_contribution,degrees,9.695675942624323,9.313060351955995,10.041625191049365,9.276533777703403,10.11481810754524,14,3,"descriptive crossed person/seed percentile bootstrap, 2000 draws, RNG731"
held_intervention,True,I-initialized-none-base,A_error,degrees,13.203312406339416,11.798864555448395,14.61441889355819,11.639438364903185,14.767186447775646,14,3,"descriptive crossed person/seed percentile bootstrap, 2000 draws, RNG731"
held_intervention,True,I-initialized-none-base,waveform_error,degrees,17.604614666922902,16.717769868799188,18.608777882686173,16.525768688224147,18.683460645621658,14,3,"descriptive crossed person/seed percentile bootstrap, 2000 draws, RNG731"
held_intervention,True,I-initialized-none-base,synthetic_all_nle,dimensionless NLE,0.06895136989965385,0.06473621745651661,0.07392273354113313,0.06380924025286117,0.07409349954644653,14,3,"descriptive crossed person/seed percentile bootstrap, 2000 draws, RNG731"
held_intervention,True,I-initialized-none-base,assignment_failure_rate,fraction,0.508093014298908,0.5028168342502815,0.5140237105686568,0.5021162842848403,0.5140697443129756,14,3,"descriptive crossed person/seed percentile bootstrap, 2000 draws, RNG731"
held_intervention,True,I-initialized-none-base,left_excursion_error,degrees,18.415908439310975,16.182272379624994,20.486888865622085,15.93467230549439,20.897144573127562,14,3,"descriptive crossed person/seed percentile bootstrap, 2000 draws, RNG731"
held_intervention,True,I-initialized-none-base,right_excursion_error,degrees,17.808891551086663,16.07580098500932,19.508822382411363,15.930697393741575,19.687085708431752,14,3,"descriptive crossed person/seed percentile bootstrap, 2000 draws, RNG731"
held_intervention,True,I-initialized-none-base,response_error,degrees,12.918860071608709,10.875297851106108,15.252844140363749,10.556426651291792,15.281293491925629,14,3,"descriptive crossed person/seed percentile bootstrap, 2000 draws, RNG731"
held_intervention,True,I-initialized-none-base,zero_response_error,degrees,9.225048743968259,8.820021770707251,9.591880192453514,8.77620840798765,9.673889079948864,14,3,"descriptive crossed person/seed percentile bootstrap, 2000 draws, RNG731"
held_intervention,True,I-initialized-none-base,response_failure_rate,fraction,0.003889715608465608,0.0011502425044091708,0.007154293430335091,0.0006712302374195498,0.007108200979511665,14,3,"descriptive crossed person/seed percentile bootstrap, 2000 draws, RNG731"
held_intervention,True,I-initialized-none-base,response_failure_contribution,degrees,2.800595238095238,0.8281746031746033,5.151091269841268,0.4832857709420759,5.1179047052484,14,3,"descriptive crossed person/seed percentile bootstrap, 2000 draws, RNG731"
held_intervention,True,I-initialized-none-base,response_success_contribution,degrees,10.118264833513472,9.750126989359867,10.454460294156128,9.711168940081315,10.525360726945632,14,3,"descriptive crossed person/seed percentile bootstrap, 2000 draws, RNG731"
held_intervention,True,I-initialized-none-paired_change,A_error,degrees,15.208952206398934,12.81498328598851,17.820161048761303,13.36108895029256,17.056815462505305,14,3,"descriptive crossed person/seed percentile bootstrap, 2000 draws, RNG731"
held_intervention,True,I-initialized-none-paired_change,waveform_error,degrees,22.50176406086328,21.59555900647077,23.512584645613234,21.480250623865206,23.52327749786136,14,3,"descriptive crossed person/seed percentile bootstrap, 2000 draws, RNG731"
held_intervention,True,I-initialized-none-paired_change,synthetic_all_nle,dimensionless NLE,0.07202903664558737,0.06963588725396923,0.07481963796355079,0.0691159399231692,0.07494213336800554,14,3,"descriptive crossed person/seed percentile bootstrap, 2000 draws, RNG731"
held_intervention,True,I-initialized-none-paired_change,assignment_failure_rate,fraction,0.49681371271152974,0.4864262389251959,0.5043423424101878,0.48692332686271567,0.5067040985603439,14,3,"descriptive crossed person/seed percentile bootstrap, 2000 draws, RNG731"
held_intervention,True,I-initialized-none-paired_change,left_excursion_error,degrees,17.697538001680062,15.379771631099793,20.587050102802774,15.351513224721703,20.04356277863842,14,3,"descriptive crossed person/seed percentile bootstrap, 2000 draws, RNG731"
held_intervention,True,I-initialized-none-paired_change,right_excursion_error,degrees,15.8919407078975,14.546826582475987,17.462187783573295,14.44893865112391,17.33494276467109,14,3,"descriptive crossed person/seed percentile bootstrap, 2000 draws, RNG731"
held_intervention,True,I-initialized-none-paired_change,response_error,degrees,13.618678230251984,11.402915992466513,16.450006313663664,10.9692344735107,16.26812198699327,14,3,"descriptive crossed person/seed percentile bootstrap, 2000 draws, RNG731"
held_intervention,True,I-initialized-none-paired_change,zero_response_error,degrees,9.225048743968259,8.820021770707251,9.591880192453514,8.77620840798765,9.673889079948864,14,3,"descriptive crossed person/seed percentile bootstrap, 2000 draws, RNG731"
held_intervention,True,I-initialized-none-paired_change,response_failure_rate,fraction,0.0053148883009994105,0.0023372051366843034,0.009236214451058197,0.001720341903081872,0.00890943469891695,14,3,"descriptive crossed person/seed percentile bootstrap, 2000 draws, RNG731"
held_intervention,True,I-initialized-none-paired_change,response_failure_contribution,degrees,3.8267195767195767,1.6827876984126988,6.650074404761904,1.2386461702189488,6.414792983220206,14,3,"descriptive crossed person/seed percentile bootstrap, 2000 draws, RNG731"
held_intervention,True,I-initialized-none-paired_change,response_success_contribution,degrees,9.791958653532406,9.407415516941663,10.135480696949589,9.376091886841584,10.207825420223228,14,3,"descriptive crossed person/seed percentile bootstrap, 2000 draws, RNG731"
held_intervention,True,I-shuffled_jepa-graph_time-base,A_error,degrees,13.102543738408903,11.833889808559809,14.439999847061356,11.70956296919379,14.495524507624015,14,3,"descriptive crossed person/seed percentile bootstrap, 2000 draws, RNG731"
held_intervention,True,I-shuffled_jepa-graph_time-base,waveform_error,degrees,17.333427827612887,16.38618509740304,18.380288800128334,16.22730515234896,18.439550502876813,14,3,"descriptive crossed person/seed percentile bootstrap, 2000 draws, RNG731"
held_intervention,True,I-shuffled_jepa-graph_time-base,synthetic_all_nle,dimensionless NLE,0.06788118410013702,0.06363784867909755,0.07286379360233762,0.0627228058898643,0.07303956231040974,14,3,"descriptive crossed person/seed percentile bootstrap, 2000 draws, RNG731"
held_intervention,True,I-shuffled_jepa-graph_time-base,assignment_failure_rate,fraction,0.502691115686966,0.49609108177062533,0.5094711631943493,0.49573872697678345,0.5096435043971486,14,3,"descriptive crossed person/seed percentile bootstrap, 2000 draws, RNG731"
held_intervention,True,I-shuffled_jepa-graph_time-base,left_excursion_error,degrees,18.446560104143096,16.301929388760954,20.416850019843036,16.157218868706273,20.73590133957991,14,3,"descriptive crossed person/seed percentile bootstrap, 2000 draws, RNG731"
held_intervention,True,I-shuffled_jepa-graph_time-base,right_excursion_error,degrees,17.76563540622221,16.01270219504693,19.453723158928728,16.008602080122373,19.522668732322046,14,3,"descriptive crossed person/seed percentile bootstrap, 2000 draws, RNG731"
held_intervention,True,I-shuffled_jepa-graph_time-base,response_error,degrees,12.746212675672556,10.920647242972233,15.029270291789105,10.562676845501894,14.929748505843218,14,3,"descriptive crossed person/seed percentile bootstrap, 2000 draws, RNG731"
held_intervention,True,I-shuffled_jepa-graph_time-base,zero_response_error,degrees,9.225048743968259,8.820021770707251,9.591880192453514,8.77620840798765,9.673889079948864,14,3,"descriptive crossed person/seed percentile bootstrap, 2000 draws, RNG731"
held_intervention,True,I-shuffled_jepa-graph_time-base,response_failure_rate,fraction,0.0038139329805996457,0.001343419312169312,0.006940310846560845,0.0008251393760991569,0.006802726585100135,14,3,"descriptive crossed person/seed percentile bootstrap, 2000 draws, RNG731"
held_intervention,True,I-shuffled_jepa-graph_time-base,response_failure_contribution,degrees,2.746031746031746,0.9672619047619048,4.997023809523809,0.5941003507913938,4.897963141272099,14,3,"descriptive crossed person/seed percentile bootstrap, 2000 draws, RNG731"
held_intervention,True,I-shuffled_jepa-graph_time-base,response_success_contribution,degrees,10.000180929640813,9.570589387035064,10.379411330692093,9.572854077946525,10.427507781335104,14,3,"descriptive crossed person/seed percentile bootstrap, 2000 draws, RNG731"
held_intervention,True,I-shuffled_jepa-graph_time-paired_change,A_error,degrees,14.164709523338043,12.284898957930642,16.154509830507088,12.375839832247143,15.95357921442895,14,3,"descriptive crossed person/seed percentile bootstrap, 2000 draws, RNG731"
held_intervention,True,I-shuffled_jepa-graph_time-paired_change,waveform_error,degrees,21.973422393752898,20.874171022858054,23.261149474946908,20.966020330872173,22.98082445663361,14,3,"descriptive crossed person/seed percentile bootstrap, 2000 draws, RNG731"
held_intervention,True,I-shuffled_jepa-graph_time-paired_change,synthetic_all_nle,dimensionless NLE,0.07203254211587076,0.06968742432954482,0.07479605335928322,0.06914672644272632,0.07491835778901518,14,3,"descriptive crossed person/seed percentile bootstrap, 2000 draws, RNG731"
held_intervention,True,I-shuffled_jepa-graph_time-paired_change,assignment_failure_rate,fraction,0.4948057848166634,0.48571103003821725,0.5012502885982798,0.4858006843586089,0.5038108852747177,14,3,"descriptive crossed person/seed percentile bootstrap, 2000 draws, RNG731"
held_intervention,True,I-shuffled_jepa-graph_time-paired_change,left_excursion_error,degrees,16.711782706973565,14.63257492631129,18.81457096589313,15.16790847204299,18.255656941904146,14,3,"descriptive crossed person/seed percentile bootstrap, 2000 draws, RNG731"
held_intervention,True,I-shuffled_jepa-graph_time-paired_change,right_excursion_error,degrees,16.25387964044003,14.726106652312325,18.092390421184188,15.004158472570577,17.503600808309475,14,3,"descriptive crossed person/seed percentile bootstrap, 2000 draws, RNG731"
held_intervention,True,I-shuffled_jepa-graph_time-paired_change,response_error,degrees,15.20527559072588,11.898581580733081,18.99465028647631,12.054854157893459,18.355697023558292,14,3,"descriptive crossed person/seed percentile bootstrap, 2000 draws, RNG731"
held_intervention,True,I-shuffled_jepa-graph_time-paired_change,zero_response_error,degrees,9.225048743968259,8.820021770707251,9.591880192453514,8.77620840798765,9.673889079948864,14,3,"descriptive crossed person/seed percentile bootstrap, 2000 draws, RNG731"
held_intervention,True,I-shuffled_jepa-graph_time-paired_change,response_failure_rate,fraction,0.007637051734273955,0.0030701264880952372,0.013120005235890648,0.003164396083433443,0.012109707385114465,14,3,"descriptive crossed person/seed percentile bootstrap, 2000 draws, RNG731"
held_intervention,True,I-shuffled_jepa-graph_time-paired_change,response_failure_contribution,degrees,5.498677248677248,2.2104910714285717,9.44640376984127,2.278365180072079,8.71898931728242,14,3,"descriptive crossed person/seed percentile bootstrap, 2000 draws, RNG731"
held_intervention,True,I-shuffled_jepa-graph_time-paired_change,response_success_contribution,degrees,9.706598342048627,9.323847764826755,10.05651956916957,9.295279395143304,10.11791728895395,14,3,"descriptive crossed person/seed percentile bootstrap, 2000 draws, RNG731"
held_intervention,True,M-coordinate-graph_time-base,A_error,degrees,12.642843430544374,11.572952526435856,13.699534787453164,11.51633930495871,13.76934755613004,14,3,"descriptive crossed person/seed percentile bootstrap, 2000 draws, RNG731"
held_intervention,True,M-coordinate-graph_time-base,waveform_error,degrees,16.426516432456847,15.456876032380974,17.403961522803154,15.350919470993974,17.502113393919718,14,3,"descriptive crossed person/seed percentile bootstrap, 2000 draws, RNG731"
held_intervention,True,M-coordinate-graph_time-base,synthetic_all_nle,dimensionless NLE,0.04898012134284628,0.046386289226920764,0.052081274485647734,0.04577208997312024,0.05218815271257232,14,3,"descriptive crossed person/seed percentile bootstrap, 2000 draws, RNG731"
held_intervention,True,M-coordinate-graph_time-base,assignment_failure_rate,fraction,0.391209501431006,0.3784490485898716,0.4062459532885635,0.3781524804965514,0.4042665223654606,14,3,"descriptive crossed person/seed percentile bootstrap, 2000 draws, RNG731"
held_intervention,True,M-coordinate-graph_time-base,left_excursion_error,degrees,28.6110760589628,25.10527421800717,31.61131543712942,25.025739084111173,32.19641303381442,14,3,"descriptive crossed person/seed percentile bootstrap, 2000 draws, RNG731"
held_intervention,True,M-coordinate-graph_time-base,right_excursion_error,degrees,26.660284149483616,23.849929245687214,29.28599688208057,23.67611731926729,29.644450979699933,14,3,"descriptive crossed person/seed percentile bootstrap, 2000 draws, RNG731"
held_intervention,True,M-coordinate-graph_time-base,response_error,degrees,13.505275860760527,11.619253612677882,15.604945503055252,11.438598501203897,15.57195322031716,14,3,"descriptive crossed person/seed percentile bootstrap, 2000 draws, RNG731"
held_intervention,True,M-coordinate-graph_time-base,zero_response_error,degrees,9.225048743968259,8.820021770707251,9.591880192453514,8.77620840798765,9.673889079948864,14,3,"descriptive crossed person/seed percentile bootstrap, 2000 draws, RNG731"
held_intervention,True,M-coordinate-graph_time-base,response_failure_rate,fraction,0.005718603027630804,0.0031165605709876534,0.008594025573192235,0.0028808032952084063,0.008556402760053202,14,3,"descriptive crossed person/seed percentile bootstrap, 2000 draws, RNG731"
held_intervention,True,M-coordinate-graph_time-base,response_failure_contribution,degrees,4.1173941798941796,2.243923611111111,6.187698412698412,2.0741783725500533,6.160609987238308,14,3,"descriptive crossed person/seed percentile bootstrap, 2000 draws, RNG731"
held_intervention,True,M-coordinate-graph_time-base,response_success_contribution,degrees,9.387881680866347,8.962099933096852,9.775933713726573,8.92228818064795,9.853475181084743,14,3,"descriptive crossed person/seed percentile bootstrap, 2000 draws, RNG731"
held_intervention,True,M-coordinate-graph_time-paired_change,A_error,degrees,15.077490420126761,13.185852005189169,17.392526518721112,13.401139281017612,16.753841559235916,14,3,"descriptive crossed person/seed percentile bootstrap, 2000 draws, RNG731"
held_intervention,True,M-coordinate-graph_time-paired_change,waveform_error,degrees,21.803409458812204,21.023586452778062,22.679030784857197,20.929810877400538,22.67700804022387,14,3,"descriptive crossed person/seed percentile bootstrap, 2000 draws, RNG731"
held_intervention,True,M-coordinate-graph_time-paired_change,synthetic_all_nle,dimensionless NLE,0.05637897143474017,0.05351763712224827,0.05975567173350278,0.05292391098897532,0.059834031880505026,14,3,"descriptive crossed person/seed percentile bootstrap, 2000 draws, RNG731"
held_intervention,True,M-coordinate-graph_time-paired_change,assignment_failure_rate,fraction,0.44503225477019126,0.43457761521869226,0.45783511457469295,0.43395333575509537,0.45611117378528726,14,3,"descriptive crossed person/seed percentile bootstrap, 2000 draws, RNG731"
held_intervention,True,M-coordinate-graph_time-paired_change,left_excursion_error,degrees,13.393050339158982,11.513660067741426,15.543610828475533,12.024196303848878,14.76190437446908,14,3,"descriptive crossed person/seed percentile bootstrap, 2000 draws, RNG731"
held_intervention,True,M-coordinate-graph_time-paired_change,right_excursion_error,degrees,14.328373345275676,11.580868772763058,17.397396039197385,12.734078932355946,15.922667758195413,14,3,"descriptive crossed person/seed percentile bootstrap, 2000 draws, RNG731"
held_intervention,True,M-coordinate-graph_time-paired_change,response_error,degrees,14.466522723539551,12.079725915741903,17.42550185741527,11.805516328860389,17.127529118218717,14,3,"descriptive crossed person/seed percentile bootstrap, 2000 draws, RNG731"
held_intervention,True,M-coordinate-graph_time-paired_change,zero_response_error,degrees,9.225048743968259,8.820021770707251,9.591880192453514,8.77620840798765,9.673889079948864,14,3,"descriptive crossed person/seed percentile bootstrap, 2000 draws, RNG731"
held_intervention,True,M-coordinate-graph_time-paired_change,response_failure_rate,fraction,0.007072126690182244,0.003847484016754849,0.011055514219576713,0.0035431570329748706,0.010601096347389614,14,3,"descriptive crossed person/seed percentile bootstrap, 2000 draws, RNG731"
held_intervention,True,M-coordinate-graph_time-paired_change,response_failure_contribution,degrees,5.091931216931218,2.7701884920634923,7.959970238095236,2.5510730637419075,7.632789370120524,14,3,"descriptive crossed person/seed percentile bootstrap, 2000 draws, RNG731"
held_intervention,True,M-coordinate-graph_time-paired_change,response_success_contribution,degrees,9.374591506608336,8.964250685061394,9.728414321798164,8.94402989895527,9.805153114261406,14,3,"descriptive crossed person/seed percentile bootstrap, 2000 draws, RNG731"
held_intervention,True,M-paired_jepa-graph_time-base,A_error,degrees,13.46682796384454,12.148007883223242,14.967454580215481,12.08883653538005,14.844819392309027,14,3,"descriptive crossed person/seed percentile bootstrap, 2000 draws, RNG731"
held_intervention,True,M-paired_jepa-graph_time-base,waveform_error,degrees,18.08940101735424,17.03950580139707,19.250948107589384,16.994160884172306,19.184641150536184,14,3,"descriptive crossed person/seed percentile bootstrap, 2000 draws, RNG731"
held_intervention,True,M-paired_jepa-graph_time-base,synthetic_all_nle,dimensionless NLE,0.06282620641082012,0.059022808025081766,0.06777384153456249,0.057786832051420406,0.06786558077021981,14,3,"descriptive crossed person/seed percentile bootstrap, 2000 draws, RNG731"
held_intervention,True,M-paired_jepa-graph_time-base,assignment_failure_rate,fraction,0.4863808089312071,0.47090820564883146,0.49907576239731133,0.4722675463683874,0.5004940714940266,14,3,"descriptive crossed person/seed percentile bootstrap, 2000 draws, RNG731"
held_intervention,True,M-paired_jepa-graph_time-base,left_excursion_error,degrees,21.09444843354085,18.936745451590234,23.06950033518947,18.74091698873728,23.44797987834443,14,3,"descriptive crossed person/seed percentile bootstrap, 2000 draws, RNG731"
held_intervention,True,M-paired_jepa-graph_time-base,right_excursion_error,degrees,19.84258074432413,17.740482343475186,21.85361941232575,17.641845893678134,22.043315594970114,14,3,"descriptive crossed person/seed percentile bootstrap, 2000 draws, RNG731"
held_intervention,True,M-paired_jepa-graph_time-base,response_error,degrees,14.16678540320719,12.098508733484572,16.56530203236727,11.637271052983936,16.696299753430438,14,3,"descriptive crossed person/seed percentile bootstrap, 2000 draws, RNG731"
held_intervention,True,M-paired_jepa-graph_time-base,zero_response_error,degrees,9.225048743968259,8.820021770707251,9.591880192453514,8.77620840798765,9.673889079948864,14,3,"descriptive crossed person/seed percentile bootstrap, 2000 draws, RNG731"
held_intervention,True,M-paired_jepa-graph_time-base,response_failure_rate,fraction,0.0062660751028806565,0.0033536453740446786,0.00967379023368606,0.002833323931849505,0.00969882627391181,14,3,"descriptive crossed person/seed percentile bootstrap, 2000 draws, RNG731"
held_intervention,True,M-paired_jepa-graph_time-base,response_failure_contribution,degrees,4.511574074074074,2.414624669312169,6.965128968253966,2.039993230931644,6.983154917216504,14,3,"descriptive crossed person/seed percentile bootstrap, 2000 draws, RNG731"
held_intervention,True,M-paired_jepa-graph_time-base,response_success_contribution,degrees,9.655211329133111,9.147211329053203,10.179653056162255,9.198850124060941,10.111572534205282,14,3,"descriptive crossed person/seed percentile bootstrap, 2000 draws, RNG731"
held_intervention,True,M-paired_jepa-graph_time-paired_change,A_error,degrees,16.94709550118776,12.475091589831916,22.96746738955649,15.26496139568706,18.629229606688455,14,3,"descriptive crossed person/seed percentile bootstrap, 2000 draws, RNG731"
held_intervention,True,M-paired_jepa-graph_time-paired_change,waveform_error,degrees,22.983404225983776,22.041342126555822,23.958629922231953,22.02111551576181,23.94569293620575,14,3,"descriptive crossed person/seed percentile bootstrap, 2000 draws, RNG731"
held_intervention,True,M-paired_jepa-graph_time-paired_change,synthetic_all_nle,dimensionless NLE,0.07022507487756108,0.06676715361846156,0.07432650624811578,0.06607595615395002,0.07437419360117213,14,3,"descriptive crossed person/seed percentile bootstrap, 2000 draws, RNG731"
held_intervention,True,M-paired_jepa-graph_time-paired_change,assignment_failure_rate,fraction,0.496757488636288,0.4879335415150249,0.5045013429076104,0.4887577243146771,0.5047572529578987,14,3,"descriptive crossed person/seed percentile bootstrap, 2000 draws, RNG731"
held_intervention,True,M-paired_jepa-graph_time-paired_change,left_excursion_error,degrees,16.546519580802016,14.176834478186201,18.51635144618409,15.03921048523619,18.05382867636785,14,3,"descriptive crossed person/seed percentile bootstrap, 2000 draws, RNG731"
held_intervention,True,M-paired_jepa-graph_time-paired_change,right_excursion_error,degrees,15.295237548793093,13.675086454644275,17.879489524505036,13.427683765908101,17.162791331678086,14,3,"descriptive crossed person/seed percentile bootstrap, 2000 draws, RNG731"
held_intervention,True,M-paired_jepa-graph_time-paired_change,response_error,degrees,13.25032124319107,11.285751456108661,15.56916810447341,11.005185861066359,15.495456625315793,14,3,"descriptive crossed person/seed percentile bootstrap, 2000 draws, RNG731"
held_intervention,True,M-paired_jepa-graph_time-paired_change,zero_response_error,degrees,9.225048743968259,8.820021770707251,9.591880192453514,8.77620840798765,9.673889079948864,14,3,"descriptive crossed person/seed percentile bootstrap, 2000 draws, RNG731"
held_intervention,True,M-paired_jepa-graph_time-paired_change,response_failure_rate,fraction,0.00515321869488536,0.0024677234898589054,0.008326754023368603,0.002128838996012473,0.008177598393758248,14,3,"descriptive crossed person/seed percentile bootstrap, 2000 draws, RNG731"
held_intervention,True,M-paired_jepa-graph_time-paired_change,response_failure_contribution,degrees,3.7103174603174605,1.7767609126984125,5.995262896825395,1.5327640771289812,5.887870843505938,14,3,"descriptive crossed person/seed percentile bootstrap, 2000 draws, RNG731"
held_intervention,True,M-paired_jepa-graph_time-paired_change,response_success_contribution,degrees,9.540003782873614,9.119459786586456,9.920349492066698,9.091499917944361,9.988507647802866,14,3,"descriptive crossed person/seed percentile bootstrap, 2000 draws, RNG731"
held_intervention,True,P-direct-none-base,A_error,degrees,10.308792795494814,9.447290218020605,11.27460376725998,9.279814759902877,11.33777083108675,14,3,"descriptive crossed person/seed percentile bootstrap, 2000 draws, RNG731"
held_intervention,True,P-direct-none-base,waveform_error,degrees,12.5422257971682,11.788073640594208,13.343124428602435,11.7104658407126,13.373985753623808,14,3,"descriptive crossed person/seed percentile bootstrap, 2000 draws, RNG731"
held_intervention,True,P-direct-none-base,synthetic_all_nle,dimensionless NLE,0.030031413851988306,0.028508805414410934,0.03158861596868302,0.028302124425941568,0.03176070327803506,14,3,"descriptive crossed person/seed percentile bootstrap, 2000 draws, RNG731"
held_intervention,True,P-direct-none-base,assignment_failure_rate,fraction,0.21007999180013415,0.1911032437491841,0.22407706542287922,0.1908711304963847,0.22928885310388358,14,3,"descriptive crossed person/seed percentile bootstrap, 2000 draws, RNG731"
held_intervention,True,P-direct-none-base,left_excursion_error,degrees,19.49596475580654,17.092338267068218,21.683383416929498,16.952303220244325,22.039626291368762,14,3,"descriptive crossed person/seed percentile bootstrap, 2000 draws, RNG731"
held_intervention,True,P-direct-none-base,right_excursion_error,degrees,18.856710162907465,16.968309071931948,20.658586401924698,16.794172709030846,20.919247616784084,14,3,"descriptive crossed person/seed percentile bootstrap, 2000 draws, RNG731"
held_intervention,True,P-direct-none-base,response_error,degrees,10.3053564977915,9.02023664536224,11.89758043237281,8.827663263988766,11.783049731594238,14,3,"descriptive crossed person/seed percentile bootstrap, 2000 draws, RNG731"
held_intervention,True,P-direct-none-base,zero_response_error,degrees,9.225048743968259,8.820021770707251,9.591880192453514,8.77620840798765,9.673889079948864,14,3,"descriptive crossed person/seed percentile bootstrap, 2000 draws, RNG731"
held_intervention,True,P-direct-none-base,response_failure_rate,fraction,0.003641699735449735,0.0019813597699882414,0.005702217904908874,0.0017374055550656473,0.005545993915833822,14,3,"descriptive crossed person/seed percentile bootstrap, 2000 draws, RNG731"
held_intervention,True,P-direct-none-base,response_failure_contribution,degrees,2.6220238095238093,1.4265790343915343,4.105596891534391,1.2509319996472663,3.993115619400353,14,3,"descriptive crossed person/seed percentile bootstrap, 2000 draws, RNG731"
held_intervention,True,P-direct-none-base,response_success_contribution,degrees,7.683332688267691,7.309595610672995,8.030712218878048,7.281671657022401,8.084993719512983,14,3,"descriptive crossed person/seed percentile bootstrap, 2000 draws, RNG731"
held_intervention,True,P-direct-none-paired_change,A_error,degrees,15.86795687113857,14.663582645977673,17.17164911884115,14.780752534962454,16.955161207314696,14,3,"descriptive crossed person/seed percentile bootstrap, 2000 draws, RNG731"
held_intervention,True,P-direct-none-paired_change,waveform_error,degrees,19.723020140697432,18.666941287771554,20.854671549476,18.496444593344805,20.94959568805006,14,3,"descriptive crossed person/seed percentile bootstrap, 2000 draws, RNG731"
held_intervention,True,P-direct-none-paired_change,synthetic_all_nle,dimensionless NLE,0.052051675944796,0.04899974548722946,0.05565226292002584,0.048301503296493874,0.05580184859309809,14,3,"descriptive crossed person/seed percentile bootstrap, 2000 draws, RNG731"
held_intervention,True,P-direct-none-paired_change,assignment_failure_rate,fraction,0.3952252594125956,0.3826595763582007,0.4114868247346717,0.38000106043830795,0.4104494583868834,14,3,"descriptive crossed person/seed percentile bootstrap, 2000 draws, RNG731"
held_intervention,True,P-direct-none-paired_change,left_excursion_error,degrees,15.22869878810315,13.48240753410029,17.096726979320827,13.667163150730111,16.790234425476186,14,3,"descriptive crossed person/seed percentile bootstrap, 2000 draws, RNG731"
held_intervention,True,P-direct-none-paired_change,right_excursion_error,degrees,17.335433091484056,15.623160072399974,19.23863154873026,15.40163749124584,19.269228691722272,14,3,"descriptive crossed person/seed percentile bootstrap, 2000 draws, RNG731"
held_intervention,True,P-direct-none-paired_change,response_error,degrees,13.70073359994117,11.700308697006363,15.78571042553304,11.544274283186258,15.857192916696079,14,3,"descriptive crossed person/seed percentile bootstrap, 2000 draws, RNG731"
held_intervention,True,P-direct-none-paired_change,zero_response_error,degrees,9.225048743968259,8.820021770707251,9.591880192453514,8.77620840798765,9.673889079948864,14,3,"descriptive crossed person/seed percentile bootstrap, 2000 draws, RNG731"
held_intervention,True,P-direct-none-paired_change,response_failure_rate,fraction,0.007088201793062902,0.004475101962081128,0.009817673886684298,0.004150573299059478,0.010025830287066329,14,3,"descriptive crossed person/seed percentile bootstrap, 2000 draws, RNG731"
held_intervention,True,P-direct-none-paired_change,response_failure_contribution,degrees,5.103505291005291,3.2220734126984123,7.0687251984126975,2.9884127753228245,7.218597806687757,14,3,"descriptive crossed person/seed percentile bootstrap, 2000 draws, RNG731"
held_intervention,True,P-direct-none-paired_change,response_success_contribution,degrees,8.597228308935877,8.220809684799898,8.993408565660172,8.233332143480931,8.96112447439082,14,3,"descriptive crossed person/seed percentile bootstrap, 2000 draws, RNG731"
naming,correct,F-response-coordinate_delta_v1-graph_time-base,A_error,degrees,10.980206562774969,9.779132107624246,12.222920186044238,9.702361624805583,12.258051500744351,14,3,"descriptive crossed person/seed percentile bootstrap, 2000 draws, RNG731"
naming,correct,F-response-coordinate_delta_v1-graph_time-base,waveform_error,degrees,15.106570329044803,14.085356874189268,16.293439309935362,13.959695534361499,16.25344512372811,14,3,"descriptive crossed person/seed percentile bootstrap, 2000 draws, RNG731"
naming,correct,F-response-coordinate_delta_v1-graph_time-base,synthetic_all_nle,dimensionless NLE,0.04954737251475677,0.047394457757782345,0.052172811474599554,0.04687227940563404,0.0522224656238795,14,3,"descriptive crossed person/seed percentile bootstrap, 2000 draws, RNG731"
naming,correct,F-response-coordinate_delta_v1-graph_time-base,assignment_failure_rate,fraction,0.31512039272202713,0.29348301247049746,0.3316141759070858,0.29369391515840704,0.33654687028564734,14,3,"descriptive crossed person/seed percentile bootstrap, 2000 draws, RNG731"
naming,correct,F-response-coordinate_delta_v1-graph_time-base,left_excursion_error,degrees,27.62644289386985,24.780170919740158,30.25418377538536,24.491543033361932,30.761342754377754,14,3,"descriptive crossed person/seed percentile bootstrap, 2000 draws, RNG731"
naming,correct,F-response-coordinate_delta_v1-graph_time-base,right_excursion_error,degrees,24.900418702274838,22.70738848273016,27.361020042894367,22.76413696179177,27.036700442757905,14,3,"descriptive crossed person/seed percentile bootstrap, 2000 draws, RNG731"
naming,correct,F-response-coordinate_delta_v1-graph_time-base,response_error,degrees,9.35047744828421,6.682804870826809,12.953075769458117,6.12062964306943,12.580325253498993,14,3,"descriptive crossed person/seed percentile bootstrap, 2000 draws, RNG731"
naming,correct,F-response-coordinate_delta_v1-graph_time-base,zero_response_error,degrees,5.8108295340231875,5.565160012226307,6.043321949781563,5.534631934465794,6.087027133580581,14,3,"descriptive crossed person/seed percentile bootstrap, 2000 draws, RNG731"
naming,correct,F-response-coordinate_delta_v1-graph_time-base,response_failure_rate,fraction,0.0055707120811287454,0.0018509906856261017,0.01057798032407407,0.0011392099866380382,0.010002214175619452,14,3,"descriptive crossed person/seed percentile bootstrap, 2000 draws, RNG731"
naming,correct,F-response-coordinate_delta_v1-graph_time-base,response_failure_contribution,degrees,4.010912698412699,1.3327132936507937,7.616145833333333,0.8202311903793893,7.20159420644601,14,3,"descriptive crossed person/seed percentile bootstrap, 2000 draws, RNG731"
naming,correct,F-response-coordinate_delta_v1-graph_time-base,response_success_contribution,degrees,5.339564749871513,5.126398844001034,5.550007439398534,5.118644030756149,5.560485468986878,14,3,"descriptive crossed person/seed percentile bootstrap, 2000 draws, RNG731"
naming,correct,F-response-coordinate_delta_v1-graph_time-paired_change,A_error,degrees,14.815165392613919,11.587368108646784,18.820044809689737,12.129354508109984,17.500976277117857,14,3,"descriptive crossed person/seed percentile bootstrap, 2000 draws, RNG731"
naming,correct,F-response-coordinate_delta_v1-graph_time-paired_change,waveform_error,degrees,20.331349273148888,19.02168203082483,21.679771888776415,19.138212644182634,21.524485902115128,14,3,"descriptive crossed person/seed percentile bootstrap, 2000 draws, RNG731"
naming,correct,F-response-coordinate_delta_v1-graph_time-paired_change,synthetic_all_nle,dimensionless NLE,0.05356267337953208,0.05111132884905965,0.05639889953618136,0.05064311344671335,0.056482233312350805,14,3,"descriptive crossed person/seed percentile bootstrap, 2000 draws, RNG731"
naming,correct,F-response-coordinate_delta_v1-graph_time-paired_change,assignment_failure_rate,fraction,0.3383398946199955,0.32078809928602503,0.36065048101742814,0.3300579404357545,0.34662184880423647,14,3,"descriptive crossed person/seed percentile bootstrap, 2000 draws, RNG731"
naming,correct,F-response-coordinate_delta_v1-graph_time-paired_change,left_excursion_error,degrees,15.32813504422603,13.422210312029998,17.195701522420038,13.335027078505373,17.321243009946688,14,3,"descriptive crossed person/seed percentile bootstrap, 2000 draws, RNG731"
naming,correct,F-response-coordinate_delta_v1-graph_time-paired_change,right_excursion_error,degrees,19.237073670748753,13.976818562783578,24.46825152573671,15.81336168865468,22.660785652842826,14,3,"descriptive crossed person/seed percentile bootstrap, 2000 draws, RNG731"
naming,correct,F-response-coordinate_delta_v1-graph_time-paired_change,response_error,degrees,13.623472033412197,9.404134233175192,18.801714326741287,8.411630375565078,18.83531369125932,14,3,"descriptive crossed person/seed percentile bootstrap, 2000 draws, RNG731"
naming,correct,F-response-coordinate_delta_v1-graph_time-paired_change,zero_response_error,degrees,5.8108295340231875,5.565160012226307,6.043321949781563,5.534631934465794,6.087027133580581,14,3,"descriptive crossed person/seed percentile bootstrap, 2000 draws, RNG731"
naming,correct,F-response-coordinate_delta_v1-graph_time-paired_change,response_failure_rate,fraction,0.011490942827748377,0.0056344728284832436,0.018737495866402103,0.004256169157888345,0.018725716497608413,14,3,"descriptive crossed person/seed percentile bootstrap, 2000 draws, RNG731"
naming,correct,F-response-coordinate_delta_v1-graph_time-paired_change,response_failure_contribution,degrees,8.273478835978835,4.0568204365079366,13.49099702380952,3.0644417936796087,13.482515878278058,14,3,"descriptive crossed person/seed percentile bootstrap, 2000 draws, RNG731"
naming,correct,F-response-coordinate_delta_v1-graph_time-paired_change,response_success_contribution,degrees,5.349993197433363,5.101185689805548,5.583309248950575,5.070880025972813,5.629106368893914,14,3,"descriptive crossed person/seed percentile bootstrap, 2000 draws, RNG731"
naming,correct,F-response-jepa_delta_v1-graph_time-base,A_error,degrees,11.405997329977097,10.06356180145062,13.132152944663934,9.974816088244017,12.837178571710181,14,3,"descriptive crossed person/seed percentile bootstrap, 2000 draws, RNG731"
naming,correct,F-response-jepa_delta_v1-graph_time-base,waveform_error,degrees,14.921344344293228,13.766304154168521,16.323682848936148,13.757926690564403,16.08476199802206,14,3,"descriptive crossed person/seed percentile bootstrap, 2000 draws, RNG731"
naming,correct,F-response-jepa_delta_v1-graph_time-base,synthetic_all_nle,dimensionless NLE,0.04842218915962627,0.04472432349695131,0.05284842954789932,0.04408210823895224,0.05276227008030028,14,3,"descriptive crossed person/seed percentile bootstrap, 2000 draws, RNG731"
naming,correct,F-response-jepa_delta_v1-graph_time-base,assignment_failure_rate,fraction,0.2552736071125171,0.23004944603827396,0.2722996375721754,0.23243696066601813,0.27811025355901603,14,3,"descriptive crossed person/seed percentile bootstrap, 2000 draws, RNG731"
naming,correct,F-response-jepa_delta_v1-graph_time-base,left_excursion_error,degrees,20.05685438308648,17.646072438892443,22.27010200929302,17.409312074117466,22.70439669205549,14,3,"descriptive crossed person/seed percentile bootstrap, 2000 draws, RNG731"
naming,correct,F-response-jepa_delta_v1-graph_time-base,right_excursion_error,degrees,18.769131590722196,16.69000164795086,20.725859662694383,16.482717922514507,21.055545258929886,14,3,"descriptive crossed person/seed percentile bootstrap, 2000 draws, RNG731"
naming,correct,F-response-jepa_delta_v1-graph_time-base,response_error,degrees,9.517677792506598,7.001989026595601,12.636467150583567,6.5130021192272105,12.52235346578599,14,3,"descriptive crossed person/seed percentile bootstrap, 2000 draws, RNG731"
naming,correct,F-response-jepa_delta_v1-graph_time-base,zero_response_error,degrees,5.8108295340231875,5.565160012226307,6.043321949781563,5.534631934465794,6.087027133580581,14,3,"descriptive crossed person/seed percentile bootstrap, 2000 draws, RNG731"
naming,correct,F-response-jepa_delta_v1-graph_time-base,response_failure_rate,fraction,0.007034924309229862,0.003576342960023513,0.01128862617577895,0.0029504531398662215,0.0111193954785935,14,3,"descriptive crossed person/seed percentile bootstrap, 2000 draws, RNG731"
naming,correct,F-response-jepa_delta_v1-graph_time-base,response_failure_contribution,degrees,5.065145502645502,2.5749669312169314,8.127810846560845,2.124326260703681,8.005964744587324,14,3,"descriptive crossed person/seed percentile bootstrap, 2000 draws, RNG731"
naming,correct,F-response-jepa_delta_v1-graph_time-base,response_success_contribution,degrees,4.452532289861094,4.168633264458286,4.756561406799382,4.185242040361112,4.719822539361077,14,3,"descriptive crossed person/seed percentile bootstrap, 2000 draws, RNG731"
naming,correct,F-response-jepa_delta_v1-graph_time-paired_change,A_error,degrees,13.454586228261789,10.747851073718122,16.99692529066529,11.097111641095601,15.812060815427976,14,3,"descriptive crossed person/seed percentile bootstrap, 2000 draws, RNG731"
naming,correct,F-response-jepa_delta_v1-graph_time-paired_change,waveform_error,degrees,19.273148346583124,17.70875383184526,20.7537770906335,18.194233750962304,20.352062942203943,14,3,"descriptive crossed person/seed percentile bootstrap, 2000 draws, RNG731"
naming,correct,F-response-jepa_delta_v1-graph_time-paired_change,synthetic_all_nle,dimensionless NLE,0.04917429808167065,0.045849327240801686,0.053374171868597296,0.04512565161244952,0.05322294455089175,14,3,"descriptive crossed person/seed percentile bootstrap, 2000 draws, RNG731"
naming,correct,F-response-jepa_delta_v1-graph_time-paired_change,assignment_failure_rate,fraction,0.2414929669022357,0.22170357363803853,0.2573054754730282,0.22500894385119635,0.2579769899532751,14,3,"descriptive crossed person/seed percentile bootstrap, 2000 draws, RNG731"
naming,correct,F-response-jepa_delta_v1-graph_time-paired_change,left_excursion_error,degrees,15.902018484711865,13.020015286863538,19.57191925823269,12.259496630454699,19.54454033896903,14,3,"descriptive crossed person/seed percentile bootstrap, 2000 draws, RNG731"
naming,correct,F-response-jepa_delta_v1-graph_time-paired_change,right_excursion_error,degrees,14.932106107459964,13.197287313489431,16.863122361176202,13.82582394207659,16.038388272843335,14,3,"descriptive crossed person/seed percentile bootstrap, 2000 draws, RNG731"
naming,correct,F-response-jepa_delta_v1-graph_time-paired_change,response_error,degrees,8.684169648927812,6.090735582893115,11.865890515982246,5.945517911506979,11.422821386348648,14,3,"descriptive crossed person/seed percentile bootstrap, 2000 draws, RNG731"
naming,correct,F-response-jepa_delta_v1-graph_time-paired_change,zero_response_error,degrees,5.8108295340231875,5.565160012226307,6.043321949781563,5.534631934465794,6.087027133580581,14,3,"descriptive crossed person/seed percentile bootstrap, 2000 draws, RNG731"
naming,correct,F-response-jepa_delta_v1-graph_time-paired_change,response_failure_rate,fraction,0.0056850749559082875,0.0022878430886243382,0.009976197365520276,0.0019903107730826716,0.009379839138733904,14,3,"descriptive crossed person/seed percentile bootstrap, 2000 draws, RNG731"
naming,correct,F-response-jepa_delta_v1-graph_time-paired_change,response_failure_contribution,degrees,4.093253968253968,1.6472470238095238,7.182862103174601,1.4330237566195225,6.753484179888412,14,3,"descriptive crossed person/seed percentile bootstrap, 2000 draws, RNG731"
naming,correct,F-response-jepa_delta_v1-graph_time-paired_change,response_success_contribution,degrees,4.590915680673844,4.264218212718944,4.929877430041692,4.345953447409902,4.8358779139377885,14,3,"descriptive crossed person/seed percentile bootstrap, 2000 draws, RNG731"
naming,correct,F-response-jepa_endpoint_v1-graph_time-base,A_error,degrees,10.924868731431815,9.623761991236547,12.291134573158079,9.607264428080441,12.242473034783188,14,3,"descriptive crossed person/seed percentile bootstrap, 2000 draws, RNG731"
naming,correct,F-response-jepa_endpoint_v1-graph_time-base,waveform_error,degrees,14.301642946782124,13.355135145034833,15.370111839016959,13.182178118256893,15.421107775307352,14,3,"descriptive crossed person/seed percentile bootstrap, 2000 draws, RNG731"
naming,correct,F-response-jepa_endpoint_v1-graph_time-base,synthetic_all_nle,dimensionless NLE,0.04920675042867108,0.04533105846783649,0.05393795658368208,0.04420634185351493,0.0542071590038272,14,3,"descriptive crossed person/seed percentile bootstrap, 2000 draws, RNG731"
naming,correct,F-response-jepa_endpoint_v1-graph_time-base,assignment_failure_rate,fraction,0.25796140403098355,0.23651343413667297,0.2733220214783278,0.23740561004107816,0.2785171980208888,14,3,"descriptive crossed person/seed percentile bootstrap, 2000 draws, RNG731"
naming,correct,F-response-jepa_endpoint_v1-graph_time-base,left_excursion_error,degrees,21.47046603072898,18.554668937998322,24.258102654708384,18.41077420346744,24.530157857990517,14,3,"descriptive crossed person/seed percentile bootstrap, 2000 draws, RNG731"
naming,correct,F-response-jepa_endpoint_v1-graph_time-base,right_excursion_error,degrees,21.615856291470468,19.02142472250917,23.82425443937292,19.646901336217773,23.584811246723163,14,3,"descriptive crossed person/seed percentile bootstrap, 2000 draws, RNG731"
naming,correct,F-response-jepa_endpoint_v1-graph_time-base,response_error,degrees,8.437643494714028,6.275942033852362,10.931254925691071,5.94749761706484,10.927789372363211,14,3,"descriptive crossed person/seed percentile bootstrap, 2000 draws, RNG731"
naming,correct,F-response-jepa_endpoint_v1-graph_time-base,zero_response_error,degrees,5.8108295340231875,5.565160012226307,6.043321949781563,5.534631934465794,6.087027133580581,14,3,"descriptive crossed person/seed percentile bootstrap, 2000 draws, RNG731"
naming,correct,F-response-jepa_endpoint_v1-graph_time-base,response_failure_rate,fraction,0.0055955136684303335,0.0027403342702821865,0.008760954034391527,0.0023230671729293864,0.008867960163931283,14,3,"descriptive crossed person/seed percentile bootstrap, 2000 draws, RNG731"
naming,correct,F-response-jepa_endpoint_v1-graph_time-base,response_failure_contribution,degrees,4.028769841269842,1.9730406746031748,6.307886904761903,1.6726083645091574,6.3849313180305245,14,3,"descriptive crossed person/seed percentile bootstrap, 2000 draws, RNG731"
naming,correct,F-response-jepa_endpoint_v1-graph_time-base,response_success_contribution,degrees,4.408873653444185,4.120467929632205,4.699888282088347,4.130550187300279,4.687197119588094,14,3,"descriptive crossed person/seed percentile bootstrap, 2000 draws, RNG731"
naming,correct,F-response-jepa_endpoint_v1-graph_time-paired_change,A_error,degrees,16.1447553534461,12.937521918105432,18.793621217895033,14.686819599738225,17.602691107153976,14,3,"descriptive crossed person/seed percentile bootstrap, 2000 draws, RNG731"
naming,correct,F-response-jepa_endpoint_v1-graph_time-paired_change,waveform_error,degrees,19.902870631541038,18.305209666041396,21.871060162244532,18.567239252322775,21.2385020107593,14,3,"descriptive crossed person/seed percentile bootstrap, 2000 draws, RNG731"
naming,correct,F-response-jepa_endpoint_v1-graph_time-paired_change,synthetic_all_nle,dimensionless NLE,0.049312569656456695,0.0461787407656242,0.05289332503850732,0.0455409806868283,0.05308415862608508,14,3,"descriptive crossed person/seed percentile bootstrap, 2000 draws, RNG731"
naming,correct,F-response-jepa_endpoint_v1-graph_time-paired_change,assignment_failure_rate,fraction,0.24702206997606485,0.22614583535892185,0.26443392168398183,0.22836476387609023,0.2656793760760395,14,3,"descriptive crossed person/seed percentile bootstrap, 2000 draws, RNG731"
naming,correct,F-response-jepa_endpoint_v1-graph_time-paired_change,left_excursion_error,degrees,16.51125975514431,13.716059745062925,20.17260912088777,14.2493401604172,18.773179349871416,14,3,"descriptive crossed person/seed percentile bootstrap, 2000 draws, RNG731"
naming,correct,F-response-jepa_endpoint_v1-graph_time-paired_change,right_excursion_error,degrees,15.106430245152838,12.801404063910391,17.816477654527503,13.67765418976588,16.535206300539794,14,3,"descriptive crossed person/seed percentile bootstrap, 2000 draws, RNG731"
naming,correct,F-response-jepa_endpoint_v1-graph_time-paired_change,response_error,degrees,8.601055765323892,6.289737112647208,11.189448107600068,5.890682833119174,11.311428697528614,14,3,"descriptive crossed person/seed percentile bootstrap, 2000 draws, RNG731"
naming,correct,F-response-jepa_endpoint_v1-graph_time-paired_change,zero_response_error,degrees,5.8108295340231875,5.565160012226307,6.043321949781563,5.534631934465794,6.087027133580581,14,3,"descriptive crossed person/seed percentile bootstrap, 2000 draws, RNG731"
naming,correct,F-response-jepa_endpoint_v1-graph_time-paired_change,response_failure_rate,fraction,0.0057208994708994685,0.002564277447089947,0.009281442901234564,0.0019754564548544904,0.00946634248694445,14,3,"descriptive crossed person/seed percentile bootstrap, 2000 draws, RNG731"
naming,correct,F-response-jepa_endpoint_v1-graph_time-paired_change,response_failure_contribution,degrees,4.119047619047619,1.8462797619047622,6.682638888888888,1.4223286474952328,6.8157665906000044,14,3,"descriptive crossed person/seed percentile bootstrap, 2000 draws, RNG731"
naming,correct,F-response-jepa_endpoint_v1-graph_time-paired_change,response_success_contribution,degrees,4.482008146276273,4.205078202189436,4.804680097430577,4.254496027138647,4.709520265413899,14,3,"descriptive crossed person/seed percentile bootstrap, 2000 draws, RNG731"
naming,correct,I-initialized-none-base,A_error,degrees,10.571961863581848,9.326770253510821,11.898516855702304,9.250472449609063,11.893451277554632,14,3,"descriptive crossed person/seed percentile bootstrap, 2000 draws, RNG731"
naming,correct,I-initialized-none-base,waveform_error,degrees,13.202265813334517,12.327048724148954,14.229378130786651,12.179024674007673,14.225506952661364,14,3,"descriptive crossed person/seed percentile bootstrap, 2000 draws, RNG731"
naming,correct,I-initialized-none-base,synthetic_all_nle,dimensionless NLE,0.04719528107736517,0.0426250612981141,0.05291376697449276,0.0413824959196729,0.053008066235057424,14,3,"descriptive crossed person/seed percentile bootstrap, 2000 draws, RNG731"
naming,correct,I-initialized-none-base,assignment_failure_rate,fraction,0.24667301829944457,0.23428854988890485,0.2572888706877411,0.23437279057515817,0.25897324602373095,14,3,"descriptive crossed person/seed percentile bootstrap, 2000 draws, RNG731"
naming,correct,I-initialized-none-base,left_excursion_error,degrees,17.640103243406845,15.210031887856532,19.883228068974073,15.009956310977817,20.27025017583588,14,3,"descriptive crossed person/seed percentile bootstrap, 2000 draws, RNG731"
naming,correct,I-initialized-none-base,right_excursion_error,degrees,15.854224550689827,13.833564507158512,17.732076742407223,13.830550755294766,17.877898346084883,14,3,"descriptive crossed person/seed percentile bootstrap, 2000 draws, RNG731"
naming,correct,I-initialized-none-base,response_error,degrees,6.790520451460842,4.655192984361913,9.272017169954841,4.227438634229426,9.353602268692258,14,3,"descriptive crossed person/seed percentile bootstrap, 2000 draws, RNG731"
naming,correct,I-initialized-none-base,zero_response_error,degrees,5.8108295340231875,5.565160012226307,6.043321949781563,5.534631934465794,6.087027133580581,14,3,"descriptive crossed person/seed percentile bootstrap, 2000 draws, RNG731"
naming,correct,I-initialized-none-base,response_failure_rate,fraction,0.004017857142857142,0.0010299548059964725,0.007369033840388002,0.00048506910205754023,0.0075506451836567425,14,3,"descriptive crossed person/seed percentile bootstrap, 2000 draws, RNG731"
naming,correct,I-initialized-none-base,response_failure_contribution,degrees,2.892857142857143,0.7415674603174603,5.3057043650793645,0.3492497534814296,5.436464532232856,14,3,"descriptive crossed person/seed percentile bootstrap, 2000 draws, RNG731"
naming,correct,I-initialized-none-base,response_success_contribution,degrees,3.897663308603699,3.6679326373291175,4.110267511148945,3.6424027763838245,4.152923840823574,14,3,"descriptive crossed person/seed percentile bootstrap, 2000 draws, RNG731"
naming,correct,I-initialized-none-paired_change,A_error,degrees,12.909659837711924,10.898995532483761,15.54928660956966,10.93255918060225,14.886760494821601,14,3,"descriptive crossed person/seed percentile bootstrap, 2000 draws, RNG731"
naming,correct,I-initialized-none-paired_change,waveform_error,degrees,19.358897015686786,18.350746240294747,20.44500510205932,18.276532852356944,20.441261179016628,14,3,"descriptive crossed person/seed percentile bootstrap, 2000 draws, RNG731"
naming,correct,I-initialized-none-paired_change,synthetic_all_nle,dimensionless NLE,0.046672495982828154,0.044851248504784925,0.048720435766299384,0.04454869122789859,0.048796300737757745,14,3,"descriptive crossed person/seed percentile bootstrap, 2000 draws, RNG731"
naming,correct,I-initialized-none-paired_change,assignment_failure_rate,fraction,0.22377731889662075,0.19455983400221863,0.24866561159877512,0.19324573876155174,0.25430889903168985,14,3,"descriptive crossed person/seed percentile bootstrap, 2000 draws, RNG731"
naming,correct,I-initialized-none-paired_change,left_excursion_error,degrees,17.731800001867434,14.925331777046152,21.0781273236755,14.875165466122922,20.58843453761196,14,3,"descriptive crossed person/seed percentile bootstrap, 2000 draws, RNG731"
naming,correct,I-initialized-none-paired_change,right_excursion_error,degrees,15.095547822138236,13.866685707006098,16.549930580871074,13.913631103838748,16.27746454043772,14,3,"descriptive crossed person/seed percentile bootstrap, 2000 draws, RNG731"
naming,correct,I-initialized-none-paired_change,response_error,degrees,7.981961725017191,5.772765860467412,10.5971986564176,5.403112049208483,10.5608114008259,14,3,"descriptive crossed person/seed percentile bootstrap, 2000 draws, RNG731"
naming,correct,I-initialized-none-paired_change,zero_response_error,degrees,5.8108295340231875,5.565160012226307,6.043321949781563,5.534631934465794,6.087027133580581,14,3,"descriptive crossed person/seed percentile bootstrap, 2000 draws, RNG731"
naming,correct,I-initialized-none-paired_change,response_failure_rate,fraction,0.0049754739858906515,0.0019488536155202814,0.008502810846560837,0.001423516998322518,0.008527430973458781,14,3,"descriptive crossed person/seed percentile bootstrap, 2000 draws, RNG731"
naming,correct,I-initialized-none-paired_change,response_failure_contribution,degrees,3.58234126984127,1.4031746031746033,6.122023809523805,1.024932238792215,6.139750300890325,14,3,"descriptive crossed person/seed percentile bootstrap, 2000 draws, RNG731"
naming,correct,I-initialized-none-paired_change,response_success_contribution,degrees,4.399620455175922,4.171851176526182,4.642985657391197,4.170706315810098,4.628534594541748,14,3,"descriptive crossed person/seed percentile bootstrap, 2000 draws, RNG731"
naming,correct,I-shuffled_jepa-graph_time-base,A_error,degrees,10.472495878478611,9.239277614449838,11.829570387790742,9.317467028607654,11.627524728349568,14,3,"descriptive crossed person/seed percentile bootstrap, 2000 draws, RNG731"
naming,correct,I-shuffled_jepa-graph_time-base,waveform_error,degrees,13.116675444525256,12.26218901502301,14.087298094832988,12.125536074111967,14.10781481493854,14,3,"descriptive crossed person/seed percentile bootstrap, 2000 draws, RNG731"
naming,correct,I-shuffled_jepa-graph_time-base,synthetic_all_nle,dimensionless NLE,0.04740817001945449,0.042682592762832344,0.05319430644472239,0.0416850111761825,0.0531313288627265,14,3,"descriptive crossed person/seed percentile bootstrap, 2000 draws, RNG731"
naming,correct,I-shuffled_jepa-graph_time-base,assignment_failure_rate,fraction,0.24311669994925933,0.22740103591181207,0.25595803347574214,0.2273298534684682,0.2589035464300504,14,3,"descriptive crossed person/seed percentile bootstrap, 2000 draws, RNG731"
naming,correct,I-shuffled_jepa-graph_time-base,left_excursion_error,degrees,17.52689182701574,15.24756960954322,19.63552956502371,15.052590905654236,20.001192748377235,14,3,"descriptive crossed person/seed percentile bootstrap, 2000 draws, RNG731"
naming,correct,I-shuffled_jepa-graph_time-base,right_excursion_error,degrees,15.936668678901643,14.015562401290584,17.771063288387406,14.1385118293166,17.734825528486684,14,3,"descriptive crossed person/seed percentile bootstrap, 2000 draws, RNG731"
naming,correct,I-shuffled_jepa-graph_time-base,response_error,degrees,6.9318658085322715,4.968290898887016,9.240765669961146,4.6422961284519015,9.221435488612642,14,3,"descriptive crossed person/seed percentile bootstrap, 2000 draws, RNG731"
naming,correct,I-shuffled_jepa-graph_time-base,zero_response_error,degrees,5.8108295340231875,5.565160012226307,6.043321949781563,5.534631934465794,6.087027133580581,14,3,"descriptive crossed person/seed percentile bootstrap, 2000 draws, RNG731"
naming,correct,I-shuffled_jepa-graph_time-base,response_failure_rate,fraction,0.004086750440917107,0.0014228877314814811,0.007168175429894174,0.0009781926374332062,0.007195308244401006,14,3,"descriptive crossed person/seed percentile bootstrap, 2000 draws, RNG731"
naming,correct,I-shuffled_jepa-graph_time-base,response_failure_contribution,degrees,2.9424603174603177,1.0244791666666666,5.1610863095238075,0.704298698951908,5.180621935968727,14,3,"descriptive crossed person/seed percentile bootstrap, 2000 draws, RNG731"
naming,correct,I-shuffled_jepa-graph_time-base,response_success_contribution,degrees,3.989405491071953,3.745214574736416,4.213207590851533,3.732119474300585,4.246691507843323,14,3,"descriptive crossed person/seed percentile bootstrap, 2000 draws, RNG731"
naming,correct,I-shuffled_jepa-graph_time-paired_change,A_error,degrees,11.22437776762032,9.371857074933345,13.212482397833154,9.434875002233088,13.013880533007544,14,3,"descriptive crossed person/seed percentile bootstrap, 2000 draws, RNG731"
naming,correct,I-shuffled_jepa-graph_time-paired_change,waveform_error,degrees,18.505337918600283,17.455013557935093,19.646246622820513,17.502127845175092,19.508547992025473,14,3,"descriptive crossed person/seed percentile bootstrap, 2000 draws, RNG731"
naming,correct,I-shuffled_jepa-graph_time-paired_change,synthetic_all_nle,dimensionless NLE,0.046910085168746715,0.04499983143097515,0.04911001695151261,0.044794570880300554,0.04902559945719288,14,3,"descriptive crossed person/seed percentile bootstrap, 2000 draws, RNG731"
naming,correct,I-shuffled_jepa-graph_time-paired_change,assignment_failure_rate,fraction,0.2189266253251771,0.18968447381119605,0.24343845292336885,0.18836325082844377,0.24948999982191047,14,3,"descriptive crossed person/seed percentile bootstrap, 2000 draws, RNG731"
naming,correct,I-shuffled_jepa-graph_time-paired_change,left_excursion_error,degrees,16.269221333029332,14.14199341047196,18.524999176730965,14.465856283071716,18.072586382986948,14,3,"descriptive crossed person/seed percentile bootstrap, 2000 draws, RNG731"
naming,correct,I-shuffled_jepa-graph_time-paired_change,right_excursion_error,degrees,15.214290603110928,13.539181320700985,17.157153362611886,13.842610556035446,16.58597065018642,14,3,"descriptive crossed person/seed percentile bootstrap, 2000 draws, RNG731"
naming,correct,I-shuffled_jepa-graph_time-paired_change,response_error,degrees,9.547637341839678,6.47129805018343,12.980647846872122,6.186164068512159,12.909110615167194,14,3,"descriptive crossed person/seed percentile bootstrap, 2000 draws, RNG731"
naming,correct,I-shuffled_jepa-graph_time-paired_change,zero_response_error,degrees,5.8108295340231875,5.565160012226307,6.043321949781563,5.534631934465794,6.087027133580581,14,3,"descriptive crossed person/seed percentile bootstrap, 2000 draws, RNG731"
naming,correct,I-shuffled_jepa-graph_time-paired_change,response_failure_rate,fraction,0.007214506172839504,0.0028379905202821866,0.012031594466490294,0.002535765232603929,0.01189324711307508,14,3,"descriptive crossed person/seed percentile bootstrap, 2000 draws, RNG731"
naming,correct,I-shuffled_jepa-graph_time-paired_change,response_failure_contribution,degrees,5.194444444444445,2.0433531746031743,8.662748015873015,1.8257509674748276,8.56313792141406,14,3,"descriptive crossed person/seed percentile bootstrap, 2000 draws, RNG731"
naming,correct,I-shuffled_jepa-graph_time-paired_change,response_success_contribution,degrees,4.353192897395232,4.09636520165848,4.626132183152781,4.1036796238536,4.602706170936865,14,3,"descriptive crossed person/seed percentile bootstrap, 2000 draws, RNG731"
naming,correct,M-coordinate-graph_time-base,A_error,degrees,10.35857245894606,9.372683500509225,11.351236233179662,9.51495014937708,11.202194768515037,14,3,"descriptive crossed person/seed percentile bootstrap, 2000 draws, RNG731"
naming,correct,M-coordinate-graph_time-base,waveform_error,degrees,14.638025794944001,13.64404230337406,15.61033328763377,13.57500391493171,15.701047674956296,14,3,"descriptive crossed person/seed percentile bootstrap, 2000 draws, RNG731"
naming,correct,M-coordinate-graph_time-base,synthetic_all_nle,dimensionless NLE,0.044088582792169415,0.04179677439877314,0.04651599442813604,0.04173186260969431,0.04644530297464452,14,3,"descriptive crossed person/seed percentile bootstrap, 2000 draws, RNG731"
naming,correct,M-coordinate-graph_time-base,assignment_failure_rate,fraction,0.29813632788507227,0.2658930187490095,0.325821620584807,0.26471157498871173,0.3315610807814328,14,3,"descriptive crossed person/seed percentile bootstrap, 2000 draws, RNG731"
naming,correct,M-coordinate-graph_time-base,left_excursion_error,degrees,27.16190653329111,23.611159168143562,30.182563690454163,23.5613108205491,30.76250224603311,14,3,"descriptive crossed person/seed percentile bootstrap, 2000 draws, RNG731"
naming,correct,M-coordinate-graph_time-base,right_excursion_error,degrees,24.58131671222825,21.743857203990423,27.206163969353145,21.80295395400496,27.35967947045155,14,3,"descriptive crossed person/seed percentile bootstrap, 2000 draws, RNG731"
naming,correct,M-coordinate-graph_time-base,response_error,degrees,9.052421198369672,6.994282962837616,11.277690679195716,6.98023173683246,11.124610659906883,14,3,"descriptive crossed person/seed percentile bootstrap, 2000 draws, RNG731"
naming,correct,M-coordinate-graph_time-base,zero_response_error,degrees,5.8108295340231875,5.565160012226307,6.043321949781563,5.534631934465794,6.087027133580581,14,3,"descriptive crossed person/seed percentile bootstrap, 2000 draws, RNG731"
naming,correct,M-coordinate-graph_time-base,response_failure_rate,fraction,0.0053392305996472645,0.0025049258708112862,0.008461612654320983,0.0024695259744803313,0.008208935224814203,14,3,"descriptive crossed person/seed percentile bootstrap, 2000 draws, RNG731"
naming,correct,M-coordinate-graph_time-base,response_failure_contribution,degrees,3.844246031746032,1.803546626984127,6.092361111111112,1.7780587016258376,5.910433361866225,14,3,"descriptive crossed person/seed percentile bootstrap, 2000 draws, RNG731"
naming,correct,M-coordinate-graph_time-base,response_success_contribution,degrees,5.208175166623639,4.983518686214172,5.409296655917406,4.966848757345373,5.449501575901904,14,3,"descriptive crossed person/seed percentile bootstrap, 2000 draws, RNG731"
naming,correct,M-coordinate-graph_time-paired_change,A_error,degrees,13.970483140564697,12.243146219235681,16.128386422475955,12.401018064228563,15.539948216900829,14,3,"descriptive crossed person/seed percentile bootstrap, 2000 draws, RNG731"
naming,correct,M-coordinate-graph_time-paired_change,waveform_error,degrees,20.295813275296307,19.436956766976493,21.219798693016084,19.45131870068144,21.140307849911167,14,3,"descriptive crossed person/seed percentile bootstrap, 2000 draws, RNG731"
naming,correct,M-coordinate-graph_time-paired_change,synthetic_all_nle,dimensionless NLE,0.050402032029792716,0.047920909109918676,0.05297224651687842,0.047881819160336035,0.0529222448992494,14,3,"descriptive crossed person/seed percentile bootstrap, 2000 draws, RNG731"
naming,correct,M-coordinate-graph_time-paired_change,assignment_failure_rate,fraction,0.3110470043717636,0.2752235082114237,0.3426948763875881,0.29152909375964997,0.3305649149838772,14,3,"descriptive crossed person/seed percentile bootstrap, 2000 draws, RNG731"
naming,correct,M-coordinate-graph_time-paired_change,left_excursion_error,degrees,12.372954103008423,10.943297233111656,14.02923342297989,11.288975038441603,13.45693316757525,14,3,"descriptive crossed person/seed percentile bootstrap, 2000 draws, RNG731"
naming,correct,M-coordinate-graph_time-paired_change,right_excursion_error,degrees,14.262602833312902,11.723227370646963,17.245869030684144,12.466647917061545,16.058557749564258,14,3,"descriptive crossed person/seed percentile bootstrap, 2000 draws, RNG731"
naming,correct,M-coordinate-graph_time-paired_change,response_error,degrees,10.75848248530278,8.156650798832043,13.987068469871819,7.937633686406212,13.579331284199348,14,3,"descriptive crossed person/seed percentile bootstrap, 2000 draws, RNG731"
naming,correct,M-coordinate-graph_time-paired_change,zero_response_error,degrees,5.8108295340231875,5.565160012226307,6.043321949781563,5.534631934465794,6.087027133580581,14,3,"descriptive crossed person/seed percentile bootstrap, 2000 draws, RNG731"
naming,correct,M-coordinate-graph_time-paired_change,response_failure_rate,fraction,0.007636133156966487,0.004148582175925924,0.01198195684523809,0.0038010683947679496,0.011471197919165024,14,3,"descriptive crossed person/seed percentile bootstrap, 2000 draws, RNG731"
naming,correct,M-coordinate-graph_time-paired_change,response_failure_contribution,degrees,5.4980158730158735,2.9869791666666665,8.62700892857143,2.736769244232924,8.25926250179882,14,3,"descriptive crossed person/seed percentile bootstrap, 2000 draws, RNG731"
naming,correct,M-coordinate-graph_time-paired_change,response_success_contribution,degrees,5.2604666122869075,4.92728773870138,5.560094557133035,5.003880427392005,5.51705279718181,14,3,"descriptive crossed person/seed percentile bootstrap, 2000 draws, RNG731"
naming,correct,M-paired_jepa-graph_time-base,A_error,degrees,11.213660104873636,9.873147935198714,12.85550763625706,9.85995347038948,12.567366739357796,14,3,"descriptive crossed person/seed percentile bootstrap, 2000 draws, RNG731"
naming,correct,M-paired_jepa-graph_time-base,waveform_error,degrees,15.003083749925183,13.835204436554314,16.388720854421695,13.894714542991386,16.11145295685898,14,3,"descriptive crossed person/seed percentile bootstrap, 2000 draws, RNG731"
naming,correct,M-paired_jepa-graph_time-base,synthetic_all_nle,dimensionless NLE,0.04840069106646422,0.04461313757775484,0.05298172226987178,0.04407020931249231,0.05273117282043614,14,3,"descriptive crossed person/seed percentile bootstrap, 2000 draws, RNG731"
naming,correct,M-paired_jepa-graph_time-base,assignment_failure_rate,fraction,0.2560660857053517,0.22967295217667869,0.2741104846010703,0.23236307412041066,0.2797690972902928,14,3,"descriptive crossed person/seed percentile bootstrap, 2000 draws, RNG731"
naming,correct,M-paired_jepa-graph_time-base,left_excursion_error,degrees,20.082902986827033,17.731796517417976,22.155135877585916,17.575053998078317,22.59075197557575,14,3,"descriptive crossed person/seed percentile bootstrap, 2000 draws, RNG731"
naming,correct,M-paired_jepa-graph_time-base,right_excursion_error,degrees,18.596730527021787,16.433574599874973,20.59259357477762,16.240746161203116,20.95271489284045,14,3,"descriptive crossed person/seed percentile bootstrap, 2000 draws, RNG731"
naming,correct,M-paired_jepa-graph_time-base,response_error,degrees,9.214040556398615,6.9077997084211376,11.950798248572001,6.501248659645817,11.926832453151412,14,3,"descriptive crossed person/seed percentile bootstrap, 2000 draws, RNG731"
naming,correct,M-paired_jepa-graph_time-base,zero_response_error,degrees,5.8108295340231875,5.565160012226307,6.043321949781563,5.534631934465794,6.087027133580581,14,3,"descriptive crossed person/seed percentile bootstrap, 2000 draws, RNG731"
naming,correct,M-paired_jepa-graph_time-base,response_failure_rate,fraction,0.006603652263374482,0.003360408399470898,0.010350701333774245,0.0028820150239387598,0.010325289502810205,14,3,"descriptive crossed person/seed percentile bootstrap, 2000 draws, RNG731"
naming,correct,M-paired_jepa-graph_time-base,response_failure_contribution,degrees,4.75462962962963,2.419494047619047,7.45250496031746,2.075050817235908,7.434208442023349,14,3,"descriptive crossed person/seed percentile bootstrap, 2000 draws, RNG731"
naming,correct,M-paired_jepa-graph_time-base,response_success_contribution,degrees,4.459410926768985,4.180901540230886,4.743472611659972,4.198123783562792,4.72069806997518,14,3,"descriptive crossed person/seed percentile bootstrap, 2000 draws, RNG731"
naming,correct,M-paired_jepa-graph_time-paired_change,A_error,degrees,15.576283513024592,10.237572280273254,23.092520051299267,13.76403410270808,17.388532923341106,14,3,"descriptive crossed person/seed percentile bootstrap, 2000 draws, RNG731"
naming,correct,M-paired_jepa-graph_time-paired_change,waveform_error,degrees,20.341357554332237,19.265068918966648,21.3752279189926,19.297388352844145,21.38532675582033,14,3,"descriptive crossed person/seed percentile bootstrap, 2000 draws, RNG731"
naming,correct,M-paired_jepa-graph_time-paired_change,synthetic_all_nle,dimensionless NLE,0.04955361772119833,0.04636350986453796,0.053759821684055464,0.04579430298259737,0.05331293245979927,14,3,"descriptive crossed person/seed percentile bootstrap, 2000 draws, RNG731"
naming,correct,M-paired_jepa-graph_time-paired_change,assignment_failure_rate,fraction,0.23675036737414842,0.21608583293934785,0.2519310778224209,0.2182479744914673,0.25525276025682964,14,3,"descriptive crossed person/seed percentile bootstrap, 2000 draws, RNG731"
naming,correct,M-paired_jepa-graph_time-paired_change,left_excursion_error,degrees,16.05183022128953,13.544874313382156,18.304758157904693,14.144109745982885,17.959550696596178,14,3,"descriptive crossed person/seed percentile bootstrap, 2000 draws, RNG731"
naming,correct,M-paired_jepa-graph_time-paired_change,right_excursion_error,degrees,14.90410850189978,12.778324303268603,18.188732972997528,12.686929870509912,17.12128713328964,14,3,"descriptive crossed person/seed percentile bootstrap, 2000 draws, RNG731"
naming,correct,M-paired_jepa-graph_time-paired_change,response_error,degrees,8.491937619649295,6.380840925721901,10.831176972024249,6.184644789587777,10.799230449710814,14,3,"descriptive crossed person/seed percentile bootstrap, 2000 draws, RNG731"
naming,correct,M-paired_jepa-graph_time-paired_change,zero_response_error,degrees,5.8108295340231875,5.565160012226307,6.043321949781563,5.534631934465794,6.087027133580581,14,3,"descriptive crossed person/seed percentile bootstrap, 2000 draws, RNG731"
naming,correct,M-paired_jepa-graph_time-paired_change,response_failure_rate,fraction,0.005352549970605525,0.0024511202050264535,0.008588583002645495,0.0021513018684854524,0.008553798072725594,14,3,"descriptive crossed person/seed percentile bootstrap, 2000 draws, RNG731"
naming,correct,M-paired_jepa-graph_time-paired_change,response_failure_contribution,degrees,3.853835978835979,1.7648065476190475,6.18377976190476,1.5489373453095263,6.158734612362432,14,3,"descriptive crossed person/seed percentile bootstrap, 2000 draws, RNG731"
naming,correct,M-paired_jepa-graph_time-paired_change,response_success_contribution,degrees,4.638101640813317,4.38397848679539,4.916952943716689,4.398295265861037,4.8779080157655965,14,3,"descriptive crossed person/seed percentile bootstrap, 2000 draws, RNG731"
naming,correct,P-direct-none-base,A_error,degrees,8.321158177352808,7.401717566834497,9.297111529063555,7.470012946656377,9.172303408049236,14,3,"descriptive crossed person/seed percentile bootstrap, 2000 draws, RNG731"
naming,correct,P-direct-none-base,waveform_error,degrees,10.027587900972119,9.22050070473185,10.83855204789591,9.180799668372453,10.874376133571785,14,3,"descriptive crossed person/seed percentile bootstrap, 2000 draws, RNG731"
naming,correct,P-direct-none-base,synthetic_all_nle,dimensionless NLE,0.02617364277968356,0.024553565108202426,0.027827462966779782,0.024345568393651002,0.02800171716571612,14,3,"descriptive crossed person/seed percentile bootstrap, 2000 draws, RNG731"
naming,correct,P-direct-none-base,assignment_failure_rate,fraction,0.18612078064753582,0.16155384829469344,0.2060325023333318,0.1604162906864009,0.21182527060867073,14,3,"descriptive crossed person/seed percentile bootstrap, 2000 draws, RNG731"
naming,correct,P-direct-none-base,left_excursion_error,degrees,16.227612457165918,13.607720424172992,18.51750245630494,13.522216547578136,18.9330083667537,14,3,"descriptive crossed person/seed percentile bootstrap, 2000 draws, RNG731"
naming,correct,P-direct-none-base,right_excursion_error,degrees,14.565023773131264,12.658468657293998,16.177609374142794,12.583261816854593,16.546785729407933,14,3,"descriptive crossed person/seed percentile bootstrap, 2000 draws, RNG731"
naming,correct,P-direct-none-base,response_error,degrees,6.192961334243309,4.874544866754751,7.669969881048113,4.9240939723826385,7.4618286961039795,14,3,"descriptive crossed person/seed percentile bootstrap, 2000 draws, RNG731"
naming,correct,P-direct-none-base,zero_response_error,degrees,5.8108295340231875,5.565160012226307,6.043321949781563,5.534631934465794,6.087027133580581,14,3,"descriptive crossed person/seed percentile bootstrap, 2000 draws, RNG731"
naming,correct,P-direct-none-base,response_failure_rate,fraction,0.0031240814226925332,0.001389991181657848,0.005089905753968252,0.001458234296302945,0.004789928549082122,14,3,"descriptive crossed person/seed percentile bootstrap, 2000 draws, RNG731"
naming,correct,P-direct-none-base,response_failure_contribution,degrees,2.249338624338624,1.0007936507936508,3.664732142857143,1.04992869333812,3.4487485553391286,14,3,"descriptive crossed person/seed percentile bootstrap, 2000 draws, RNG731"
naming,correct,P-direct-none-base,response_success_contribution,degrees,3.943622709904684,3.720384298629978,4.1489844953761645,3.6987995557443702,4.188445864064997,14,3,"descriptive crossed person/seed percentile bootstrap, 2000 draws, RNG731"
naming,correct,P-direct-none-paired_change,A_error,degrees,12.222623731198516,10.796635903657245,13.898189145984029,11.129770681267434,13.315476781129593,14,3,"descriptive crossed person/seed percentile bootstrap, 2000 draws, RNG731"
naming,correct,P-direct-none-paired_change,waveform_error,degrees,15.448877963609997,14.343702211752044,16.68314175546711,14.39888970248319,16.49886622473681,14,3,"descriptive crossed person/seed percentile bootstrap, 2000 draws, RNG731"
naming,correct,P-direct-none-paired_change,synthetic_all_nle,dimensionless NLE,0.03848787785760891,0.036892938216781065,0.04049126035818768,0.0366041154799797,0.04037164023523815,14,3,"descriptive crossed person/seed percentile bootstrap, 2000 draws, RNG731"
naming,correct,P-direct-none-paired_change,assignment_failure_rate,fraction,0.21961294095298498,0.18855848869367176,0.2451434204917577,0.1867610464091866,0.25246483549678345,14,3,"descriptive crossed person/seed percentile bootstrap, 2000 draws, RNG731"
naming,correct,P-direct-none-paired_change,left_excursion_error,degrees,15.412105919628495,13.439137860301452,17.41206144052604,13.596178231682579,17.228033607574414,14,3,"descriptive crossed person/seed percentile bootstrap, 2000 draws, RNG731"
naming,correct,P-direct-none-paired_change,right_excursion_error,degrees,15.293945264124865,13.176387581329314,17.54993533503476,13.500392313527328,17.087498214722398,14,3,"descriptive crossed person/seed percentile bootstrap, 2000 draws, RNG731"
naming,correct,P-direct-none-paired_change,response_error,degrees,7.786495555481783,5.798586816996359,10.349529020204253,5.797192419600213,9.775798691363352,14,3,"descriptive crossed person/seed percentile bootstrap, 2000 draws, RNG731"
naming,correct,P-direct-none-paired_change,zero_response_error,degrees,5.8108295340231875,5.565160012226307,6.043321949781563,5.534631934465794,6.087027133580581,14,3,"descriptive crossed person/seed percentile bootstrap, 2000 draws, RNG731"
naming,correct,P-direct-none-paired_change,response_failure_rate,fraction,0.005066413139329805,0.002259631283068782,0.008564367008377417,0.0024036826987912756,0.007729143579868333,14,3,"descriptive crossed person/seed percentile bootstrap, 2000 draws, RNG731"
naming,correct,P-direct-none-paired_change,response_failure_contribution,degrees,3.6478174603174605,1.6269345238095239,6.166344246031742,1.730651543129719,5.564983377505203,14,3,"descriptive crossed person/seed percentile bootstrap, 2000 draws, RNG731"
naming,correct,P-direct-none-paired_change,response_success_contribution,degrees,4.138678095164323,3.869071405247255,4.40411045776135,3.874270220194627,4.403085970134021,14,3,"descriptive crossed person/seed percentile bootstrap, 2000 draws, RNG731"
naming,global_swap,F-response-coordinate_delta_v1-graph_time-base,A_error,degrees,12.420822516036063,11.350351145362767,13.449799340498073,11.42717088913087,13.414474142941263,14,3,"descriptive crossed person/seed percentile bootstrap, 2000 draws, RNG731"
naming,global_swap,F-response-coordinate_delta_v1-graph_time-base,waveform_error,degrees,17.945319871236165,16.863134945321097,18.991986319840137,16.816900925520496,19.073738816951835,14,3,"descriptive crossed person/seed percentile bootstrap, 2000 draws, RNG731"
naming,global_swap,F-response-coordinate_delta_v1-graph_time-base,synthetic_all_nle,dimensionless NLE,0.06377575088619968,0.060417496626775646,0.06784383959675165,0.059767739024239264,0.06778376274816009,14,3,"descriptive crossed person/seed percentile bootstrap, 2000 draws, RNG731"
naming,global_swap,F-response-coordinate_delta_v1-graph_time-base,assignment_failure_rate,fraction,0.6169195421076402,0.5667225710375295,0.6646732967246604,0.5798571129329394,0.653981971282341,14,3,"descriptive crossed person/seed percentile bootstrap, 2000 draws, RNG731"
naming,global_swap,F-response-coordinate_delta_v1-graph_time-base,left_excursion_error,degrees,26.34202721718726,23.634417236091878,28.796463536445145,23.402602570699557,29.281451863674945,14,3,"descriptive crossed person/seed percentile bootstrap, 2000 draws, RNG731"
naming,global_swap,F-response-coordinate_delta_v1-graph_time-base,right_excursion_error,degrees,25.050150101198295,22.668976804116042,27.5989363597591,22.71673178263698,27.3835684197596,14,3,"descriptive crossed person/seed percentile bootstrap, 2000 draws, RNG731"
naming,global_swap,F-response-coordinate_delta_v1-graph_time-base,response_error,degrees,11.142201357720008,8.974029728420392,13.587839625924428,8.869725615918519,13.414677099521498,14,3,"descriptive crossed person/seed percentile bootstrap, 2000 draws, RNG731"
naming,global_swap,F-response-coordinate_delta_v1-graph_time-base,zero_response_error,degrees,5.8108295340231875,5.565160012226307,6.043321949781563,5.534631934465794,6.087027133580581,14,3,"descriptive crossed person/seed percentile bootstrap, 2000 draws, RNG731"
naming,global_swap,F-response-coordinate_delta_v1-graph_time-base,response_failure_rate,fraction,0.0058269951499118145,0.0029471519510582004,0.009238591269841265,0.002734735319042797,0.008919254980780833,14,3,"descriptive crossed person/seed percentile bootstrap, 2000 draws, RNG731"
naming,global_swap,F-response-coordinate_delta_v1-graph_time-base,response_failure_contribution,degrees,4.195436507936508,2.1219494047619047,6.651785714285714,1.9690094297108143,6.4218635861622015,14,3,"descriptive crossed person/seed percentile bootstrap, 2000 draws, RNG731"
naming,global_swap,F-response-coordinate_delta_v1-graph_time-base,response_success_contribution,degrees,6.946764849783501,6.632813864776401,7.245632303551021,6.612364645276366,7.2811650542906365,14,3,"descriptive crossed person/seed percentile bootstrap, 2000 draws, RNG731"
naming,global_swap,F-response-coordinate_delta_v1-graph_time-paired_change,A_error,degrees,15.526464501919467,12.933973173667923,18.534630259294364,13.044382321764989,18.008546682073955,14,3,"descriptive crossed person/seed percentile bootstrap, 2000 draws, RNG731"
naming,global_swap,F-response-coordinate_delta_v1-graph_time-paired_change,waveform_error,degrees,22.10362187209676,20.883190464456494,23.45209738922889,20.829942364975754,23.377301379217773,14,3,"descriptive crossed person/seed percentile bootstrap, 2000 draws, RNG731"
naming,global_swap,F-response-coordinate_delta_v1-graph_time-paired_change,synthetic_all_nle,dimensionless NLE,0.07293879298120805,0.06879807707842922,0.07796454973980604,0.06873628219953229,0.0771413037628838,14,3,"descriptive crossed person/seed percentile bootstrap, 2000 draws, RNG731"
naming,global_swap,F-response-coordinate_delta_v1-graph_time-paired_change,assignment_failure_rate,fraction,0.6771246973386864,0.6346257979749548,0.7255925317924681,0.6537162657080313,0.7005331289693413,14,3,"descriptive crossed person/seed percentile bootstrap, 2000 draws, RNG731"
naming,global_swap,F-response-coordinate_delta_v1-graph_time-paired_change,left_excursion_error,degrees,14.82870444429089,12.929280448575343,16.69166768688544,13.004042482872809,16.653366405708972,14,3,"descriptive crossed person/seed percentile bootstrap, 2000 draws, RNG731"
naming,global_swap,F-response-coordinate_delta_v1-graph_time-paired_change,right_excursion_error,degrees,20.035190703161796,15.528201367112986,24.584170624419635,16.576761764609394,23.49361964171419,14,3,"descriptive crossed person/seed percentile bootstrap, 2000 draws, RNG731"
naming,global_swap,F-response-coordinate_delta_v1-graph_time-paired_change,response_error,degrees,14.95141919777086,10.918089691251321,19.8506285825353,9.861823228954584,20.041015166587137,14,3,"descriptive crossed person/seed percentile bootstrap, 2000 draws, RNG731"
naming,global_swap,F-response-coordinate_delta_v1-graph_time-paired_change,zero_response_error,degrees,5.8108295340231875,5.565160012226307,6.043321949781563,5.534631934465794,6.087027133580581,14,3,"descriptive crossed person/seed percentile bootstrap, 2000 draws, RNG731"
naming,global_swap,F-response-coordinate_delta_v1-graph_time-paired_change,response_failure_rate,fraction,0.011343511169900053,0.005764818948412695,0.01815155836640211,0.004384390323173501,0.018302632016626606,14,3,"descriptive crossed person/seed percentile bootstrap, 2000 draws, RNG731"
naming,global_swap,F-response-coordinate_delta_v1-graph_time-paired_change,response_failure_contribution,degrees,8.167328042328043,4.150669642857142,13.069122023809523,3.1567610326849236,13.177895051971163,14,3,"descriptive crossed person/seed percentile bootstrap, 2000 draws, RNG731"
naming,global_swap,F-response-coordinate_delta_v1-graph_time-paired_change,response_success_contribution,degrees,6.784091155442816,6.464857042174907,7.097155501192093,6.463412694040334,7.1047696168452985,14,3,"descriptive crossed person/seed percentile bootstrap, 2000 draws, RNG731"
naming,global_swap,F-response-jepa_delta_v1-graph_time-base,A_error,degrees,14.198805273328716,12.933474589867355,15.593420513518852,12.890265721225683,15.507344825431746,14,3,"descriptive crossed person/seed percentile bootstrap, 2000 draws, RNG731"
naming,global_swap,F-response-jepa_delta_v1-graph_time-base,waveform_error,degrees,20.82127724736966,19.622541453845237,22.0024663854168,19.615186952795924,22.0273675419434,14,3,"descriptive crossed person/seed percentile bootstrap, 2000 draws, RNG731"
naming,global_swap,F-response-jepa_delta_v1-graph_time-base,synthetic_all_nle,dimensionless NLE,0.08204034035841716,0.07677719242675665,0.08803780811346243,0.07617932996931256,0.08790135074752173,14,3,"descriptive crossed person/seed percentile bootstrap, 2000 draws, RNG731"
naming,global_swap,F-response-jepa_delta_v1-graph_time-base,assignment_failure_rate,fraction,0.7886520832277173,0.7576611856223254,0.8223841183599214,0.7651309235009535,0.8121732429544809,14,3,"descriptive crossed person/seed percentile bootstrap, 2000 draws, RNG731"
naming,global_swap,F-response-jepa_delta_v1-graph_time-base,left_excursion_error,degrees,20.245249973866674,18.24803832822177,22.21423722895901,18.04782325411599,22.442676693617372,14,3,"descriptive crossed person/seed percentile bootstrap, 2000 draws, RNG731"
naming,global_swap,F-response-jepa_delta_v1-graph_time-base,right_excursion_error,degrees,19.272517140046997,17.213889110209255,21.346273522835645,17.178312272594876,21.366722007499117,14,3,"descriptive crossed person/seed percentile bootstrap, 2000 draws, RNG731"
naming,global_swap,F-response-jepa_delta_v1-graph_time-base,response_error,degrees,12.49164804833053,10.434343141841964,15.019180710371309,10.38572677149887,14.597569325162194,14,3,"descriptive crossed person/seed percentile bootstrap, 2000 draws, RNG731"
naming,global_swap,F-response-jepa_delta_v1-graph_time-base,zero_response_error,degrees,5.8108295340231875,5.565160012226307,6.043321949781563,5.534631934465794,6.087027133580581,14,3,"descriptive crossed person/seed percentile bootstrap, 2000 draws, RNG731"
naming,global_swap,F-response-jepa_delta_v1-graph_time-base,response_failure_rate,fraction,0.006135637125220457,0.0032778053350970004,0.009529941027336855,0.003248404770584112,0.009022869479856803,14,3,"descriptive crossed person/seed percentile bootstrap, 2000 draws, RNG731"
naming,global_swap,F-response-jepa_delta_v1-graph_time-base,response_failure_contribution,degrees,4.41765873015873,2.360019841269841,6.861557539682538,2.338851434820561,6.496466025496901,14,3,"descriptive crossed person/seed percentile bootstrap, 2000 draws, RNG731"
naming,global_swap,F-response-jepa_delta_v1-graph_time-base,response_success_contribution,degrees,8.073989318171801,7.7552769088503934,8.367650106998305,7.746524149468787,8.401454486874815,14,3,"descriptive crossed person/seed percentile bootstrap, 2000 draws, RNG731"
naming,global_swap,F-response-jepa_delta_v1-graph_time-paired_change,A_error,degrees,14.701135840983278,12.473126602420725,17.91260494349956,13.191578434402512,16.21069324756405,14,3,"descriptive crossed person/seed percentile bootstrap, 2000 draws, RNG731"
naming,global_swap,F-response-jepa_delta_v1-graph_time-paired_change,waveform_error,degrees,24.95013619171762,23.984811673937145,25.962541033635166,23.934852717394623,25.965419666040606,14,3,"descriptive crossed person/seed percentile bootstrap, 2000 draws, RNG731"
naming,global_swap,F-response-jepa_delta_v1-graph_time-paired_change,synthetic_all_nle,dimensionless NLE,0.09566977093448878,0.09185886432217237,0.10034586888391259,0.09092380048029246,0.1004157413886851,14,3,"descriptive crossed person/seed percentile bootstrap, 2000 draws, RNG731"
naming,global_swap,F-response-jepa_delta_v1-graph_time-paired_change,assignment_failure_rate,fraction,0.833991070844169,0.8149888898092493,0.8566357674754022,0.811148306375382,0.8568338353129558,14,3,"descriptive crossed person/seed percentile bootstrap, 2000 draws, RNG731"
naming,global_swap,F-response-jepa_delta_v1-graph_time-paired_change,left_excursion_error,degrees,15.369519829124025,12.637420244652642,18.883867157752476,11.920516403252643,18.81852325499541,14,3,"descriptive crossed person/seed percentile bootstrap, 2000 draws, RNG731"
naming,global_swap,F-response-jepa_delta_v1-graph_time-paired_change,right_excursion_error,degrees,16.003324378079974,14.45247417462007,17.619167985590863,14.808171173631326,17.19847758252862,14,3,"descriptive crossed person/seed percentile bootstrap, 2000 draws, RNG731"
naming,global_swap,F-response-jepa_delta_v1-graph_time-paired_change,response_error,degrees,11.263608747996868,9.264408769457916,13.707386509903774,8.861922797914639,13.6652946980791,14,3,"descriptive crossed person/seed percentile bootstrap, 2000 draws, RNG731"
naming,global_swap,F-response-jepa_delta_v1-graph_time-paired_change,zero_response_error,degrees,5.8108295340231875,5.565160012226307,6.043321949781563,5.534631934465794,6.087027133580581,14,3,"descriptive crossed person/seed percentile bootstrap, 2000 draws, RNG731"
naming,global_swap,F-response-jepa_delta_v1-graph_time-paired_change,response_failure_rate,fraction,0.004934138007054672,0.002112096285273368,0.008369571208112872,0.0016439820572753325,0.008224293956834012,14,3,"descriptive crossed person/seed percentile bootstrap, 2000 draws, RNG731"
naming,global_swap,F-response-jepa_delta_v1-graph_time-paired_change,response_failure_contribution,degrees,3.552579365079365,1.5207093253968254,6.0260912698412685,1.1836670812382395,5.92149164892049,14,3,"descriptive crossed person/seed percentile bootstrap, 2000 draws, RNG731"
naming,global_swap,F-response-jepa_delta_v1-graph_time-paired_change,response_success_contribution,degrees,7.711029382917505,7.2078136009754,8.180894083674449,7.339131030660394,8.082927735174614,14,3,"descriptive crossed person/seed percentile bootstrap, 2000 draws, RNG731"
naming,global_swap,F-response-jepa_endpoint_v1-graph_time-base,A_error,degrees,13.769045372516066,12.386230237253395,15.201180105118123,12.467691428086688,15.070399316945444,14,3,"descriptive crossed person/seed percentile bootstrap, 2000 draws, RNG731"
naming,global_swap,F-response-jepa_endpoint_v1-graph_time-base,waveform_error,degrees,20.25423255111221,19.14757047036555,21.471013362268256,18.990400264074616,21.518064838149805,14,3,"descriptive crossed person/seed percentile bootstrap, 2000 draws, RNG731"
naming,global_swap,F-response-jepa_endpoint_v1-graph_time-base,synthetic_all_nle,dimensionless NLE,0.08157963578607007,0.0771043732589502,0.08715665528564238,0.07565322980883962,0.08750604176330054,14,3,"descriptive crossed person/seed percentile bootstrap, 2000 draws, RNG731"
naming,global_swap,F-response-jepa_endpoint_v1-graph_time-base,assignment_failure_rate,fraction,0.8087146121476672,0.7869426670582398,0.834447401310321,0.7878602815754433,0.8295689427198912,14,3,"descriptive crossed person/seed percentile bootstrap, 2000 draws, RNG731"
naming,global_swap,F-response-jepa_endpoint_v1-graph_time-base,left_excursion_error,degrees,21.472802291477915,18.577397404423355,24.255743779661525,18.77586711858711,24.169737464368705,14,3,"descriptive crossed person/seed percentile bootstrap, 2000 draws, RNG731"
naming,global_swap,F-response-jepa_endpoint_v1-graph_time-base,right_excursion_error,degrees,21.237225201986785,18.74248547478389,23.497132135659204,19.257637747761066,23.216812656212497,14,3,"descriptive crossed person/seed percentile bootstrap, 2000 draws, RNG731"
naming,global_swap,F-response-jepa_endpoint_v1-graph_time-base,response_error,degrees,11.614578919760017,9.670832853809713,14.052800585875708,9.653364223970017,13.575793615550017,14,3,"descriptive crossed person/seed percentile bootstrap, 2000 draws, RNG731"
naming,global_swap,F-response-jepa_endpoint_v1-graph_time-base,zero_response_error,degrees,5.8108295340231875,5.565160012226307,6.043321949781563,5.534631934465794,6.087027133580581,14,3,"descriptive crossed person/seed percentile bootstrap, 2000 draws, RNG731"
naming,global_swap,F-response-jepa_endpoint_v1-graph_time-base,response_failure_rate,fraction,0.004651675485008816,0.0018669739307760136,0.008147459215167544,0.0020666205566289577,0.007236730413388676,14,3,"descriptive crossed person/seed percentile bootstrap, 2000 draws, RNG731"
naming,global_swap,F-response-jepa_endpoint_v1-graph_time-base,response_failure_contribution,degrees,3.349206349206349,1.3442212301587302,5.866170634920635,1.4879668007728495,5.210445897639849,14,3,"descriptive crossed person/seed percentile bootstrap, 2000 draws, RNG731"
naming,global_swap,F-response-jepa_endpoint_v1-graph_time-base,response_success_contribution,degrees,8.26537257055367,7.885308825077865,8.63808852275485,7.943065025388362,8.587680115718976,14,3,"descriptive crossed person/seed percentile bootstrap, 2000 draws, RNG731"
naming,global_swap,F-response-jepa_endpoint_v1-graph_time-paired_change,A_error,degrees,16.60611671543306,15.155947216316624,18.05163227845195,15.337610921325531,17.874622509540597,14,3,"descriptive crossed person/seed percentile bootstrap, 2000 draws, RNG731"
naming,global_swap,F-response-jepa_endpoint_v1-graph_time-paired_change,waveform_error,degrees,24.731283847210594,23.205822406463756,26.668773804934037,23.53155303542551,25.93101465899568,14,3,"descriptive crossed person/seed percentile bootstrap, 2000 draws, RNG731"
naming,global_swap,F-response-jepa_endpoint_v1-graph_time-paired_change,synthetic_all_nle,dimensionless NLE,0.09671205288350591,0.09264410769973301,0.1013493384014809,0.09208521144207879,0.10133889432493304,14,3,"descriptive crossed person/seed percentile bootstrap, 2000 draws, RNG731"
naming,global_swap,F-response-jepa_endpoint_v1-graph_time-paired_change,assignment_failure_rate,fraction,0.8112314144284136,0.7931758754819482,0.8311788820070306,0.7950455486276757,0.8274172802291515,14,3,"descriptive crossed person/seed percentile bootstrap, 2000 draws, RNG731"
naming,global_swap,F-response-jepa_endpoint_v1-graph_time-paired_change,left_excursion_error,degrees,15.972095876328757,13.722628268907599,19.325953838345384,13.889584130375148,18.054607622282372,14,3,"descriptive crossed person/seed percentile bootstrap, 2000 draws, RNG731"
naming,global_swap,F-response-jepa_endpoint_v1-graph_time-paired_change,right_excursion_error,degrees,16.373642312722442,14.53323137092881,18.991836578713844,14.806029187460718,17.941255437984164,14,3,"descriptive crossed person/seed percentile bootstrap, 2000 draws, RNG731"
naming,global_swap,F-response-jepa_endpoint_v1-graph_time-paired_change,response_error,degrees,11.888954130956549,9.464695646149364,14.649827567004778,9.036384496097131,14.74152376581597,14,3,"descriptive crossed person/seed percentile bootstrap, 2000 draws, RNG731"
naming,global_swap,F-response-jepa_endpoint_v1-graph_time-paired_change,zero_response_error,degrees,5.8108295340231875,5.565160012226307,6.043321949781563,5.534631934465794,6.087027133580581,14,3,"descriptive crossed person/seed percentile bootstrap, 2000 draws, RNG731"
naming,global_swap,F-response-jepa_endpoint_v1-graph_time-paired_change,response_failure_rate,fraction,0.005491714432686653,0.0022441302910052906,0.009246077674897114,0.0016265121730508572,0.00935691669232245,14,3,"descriptive crossed person/seed percentile bootstrap, 2000 draws, RNG731"
naming,global_swap,F-response-jepa_endpoint_v1-graph_time-paired_change,response_failure_contribution,degrees,3.954034391534391,1.6157738095238097,6.657175925925924,1.1710887645966177,6.736980018472165,14,3,"descriptive crossed person/seed percentile bootstrap, 2000 draws, RNG731"
naming,global_swap,F-response-jepa_endpoint_v1-graph_time-paired_change,response_success_contribution,degrees,7.934919739422159,7.5340960113658895,8.30133808016065,7.571829017880501,8.298010460963814,14,3,"descriptive crossed person/seed percentile bootstrap, 2000 draws, RNG731"
naming,global_swap,I-initialized-none-base,A_error,degrees,14.152354278642035,12.830956736836857,15.344083136035653,12.790953908289579,15.513754648994487,14,3,"descriptive crossed person/seed percentile bootstrap, 2000 draws, RNG731"
naming,global_swap,I-initialized-none-base,waveform_error,degrees,21.576717558823834,20.399254090807315,22.778137723876323,20.218501881216483,22.934933236431185,14,3,"descriptive crossed person/seed percentile bootstrap, 2000 draws, RNG731"
naming,global_swap,I-initialized-none-base,synthetic_all_nle,dimensionless NLE,0.09603870413027069,0.09239348177019724,0.10018689145647575,0.09156969021796353,0.10050771804257787,14,3,"descriptive crossed person/seed percentile bootstrap, 2000 draws, RNG731"
naming,global_swap,I-initialized-none-base,assignment_failure_rate,fraction,0.8355090459617238,0.8158311540056379,0.8584979182257448,0.8117313785740952,0.859286713349352,14,3,"descriptive crossed person/seed percentile bootstrap, 2000 draws, RNG731"
naming,global_swap,I-initialized-none-base,left_excursion_error,degrees,17.89618776282779,15.543520764351891,20.037662669964703,15.390729317566139,20.40164620808944,14,3,"descriptive crossed person/seed percentile bootstrap, 2000 draws, RNG731"
naming,global_swap,I-initialized-none-base,right_excursion_error,degrees,18.093215250827164,16.39066860250014,19.838256013433256,16.22370874484334,19.962721756810996,14,3,"descriptive crossed person/seed percentile bootstrap, 2000 draws, RNG731"
naming,global_swap,I-initialized-none-base,response_error,degrees,11.859095987769015,9.935782847985745,14.173545588248421,9.626548495592562,14.091643479945468,14,3,"descriptive crossed person/seed percentile bootstrap, 2000 draws, RNG731"
naming,global_swap,I-initialized-none-base,zero_response_error,degrees,5.8108295340231875,5.565160012226307,6.043321949781563,5.534631934465794,6.087027133580581,14,3,"descriptive crossed person/seed percentile bootstrap, 2000 draws, RNG731"
naming,global_swap,I-initialized-none-base,response_failure_rate,fraction,0.003737691064079952,0.0010034882973251021,0.006968350418871246,0.0006233768678565827,0.006852005260303321,14,3,"descriptive crossed person/seed percentile bootstrap, 2000 draws, RNG731"
naming,global_swap,I-initialized-none-base,response_failure_contribution,degrees,2.691137566137566,0.7225115740740742,5.017212301587301,0.4488313448567398,4.933443787418392,14,3,"descriptive crossed person/seed percentile bootstrap, 2000 draws, RNG731"
naming,global_swap,I-initialized-none-base,response_success_contribution,degrees,9.16795842163145,8.88099179964064,9.43308386153883,8.85871263960243,9.47720420366047,14,3,"descriptive crossed person/seed percentile bootstrap, 2000 draws, RNG731"
naming,global_swap,I-initialized-none-paired_change,A_error,degrees,15.922895057049308,13.162086875266692,18.749667507901606,14.267429783622587,17.57836033047602,14,3,"descriptive crossed person/seed percentile bootstrap, 2000 draws, RNG731"
naming,global_swap,I-initialized-none-paired_change,waveform_error,degrees,25.212630388714576,24.229061697915565,26.34651509375351,24.06334563272903,26.361915144700124,14,3,"descriptive crossed person/seed percentile bootstrap, 2000 draws, RNG731"
naming,global_swap,I-initialized-none-paired_change,synthetic_all_nle,dimensionless NLE,0.10278438773265289,0.09918602749360794,0.10717906900246545,0.0982743328474671,0.10729444261783862,14,3,"descriptive crossed person/seed percentile bootstrap, 2000 draws, RNG731"
naming,global_swap,I-initialized-none-paired_change,assignment_failure_rate,fraction,0.8386765204467437,0.8201302541842647,0.860378438235808,0.8172288703533391,0.8601241705401484,14,3,"descriptive crossed person/seed percentile bootstrap, 2000 draws, RNG731"
naming,global_swap,I-initialized-none-paired_change,left_excursion_error,degrees,17.61580152363694,14.744809255172962,21.02719225770298,14.829205812842273,20.40239723443161,14,3,"descriptive crossed person/seed percentile bootstrap, 2000 draws, RNG731"
naming,global_swap,I-initialized-none-paired_change,right_excursion_error,degrees,15.994878970595726,14.705616318207188,17.33192698346732,14.685463349484975,17.304294591706473,14,3,"descriptive crossed person/seed percentile bootstrap, 2000 draws, RNG731"
naming,global_swap,I-initialized-none-paired_change,response_error,degrees,12.132928570083468,9.685965747295535,15.690589271373963,9.197442250184782,15.068414889982154,14,3,"descriptive crossed person/seed percentile bootstrap, 2000 draws, RNG731"
naming,global_swap,I-initialized-none-paired_change,zero_response_error,degrees,5.8108295340231875,5.565160012226307,6.043321949781563,5.534631934465794,6.087027133580581,14,3,"descriptive crossed person/seed percentile bootstrap, 2000 draws, RNG731"
naming,global_swap,I-initialized-none-paired_change,response_failure_rate,fraction,0.005665784832451497,0.0022637993276014103,0.010541466876102277,0.0016463213937644708,0.009685248271138522,14,3,"descriptive crossed person/seed percentile bootstrap, 2000 draws, RNG731"
naming,global_swap,I-initialized-none-paired_change,response_failure_contribution,degrees,4.079365079365079,1.629935515873016,7.5898561507936435,1.18535140351042,6.9733787552197395,14,3,"descriptive crossed person/seed percentile bootstrap, 2000 draws, RNG731"
naming,global_swap,I-initialized-none-paired_change,response_success_contribution,degrees,8.053563490718387,7.716226113455811,8.36966221375749,7.7388787296599375,8.368248251776837,14,3,"descriptive crossed person/seed percentile bootstrap, 2000 draws, RNG731"
naming,global_swap,I-shuffled_jepa-graph_time-base,A_error,degrees,14.288430143152445,12.954740649587183,15.617856029330449,12.868324062486602,15.708536223818287,14,3,"descriptive crossed person/seed percentile bootstrap, 2000 draws, RNG731"
naming,global_swap,I-shuffled_jepa-graph_time-base,waveform_error,degrees,21.26853059089296,19.996104348530146,22.530213420253254,19.857459478000965,22.679601703784957,14,3,"descriptive crossed person/seed percentile bootstrap, 2000 draws, RNG731"
naming,global_swap,I-shuffled_jepa-graph_time-base,synthetic_all_nle,dimensionless NLE,0.09377338815137516,0.08999191593967756,0.09826909582118783,0.08906950347841143,0.09847727282433895,14,3,"descriptive crossed person/seed percentile bootstrap, 2000 draws, RNG731"
naming,global_swap,I-shuffled_jepa-graph_time-base,assignment_failure_rate,fraction,0.8306249501486833,0.8112835734450482,0.853916619183879,0.8068154115472321,0.8544344887501343,14,3,"descriptive crossed person/seed percentile bootstrap, 2000 draws, RNG731"
naming,global_swap,I-shuffled_jepa-graph_time-base,left_excursion_error,degrees,18.26178432652645,16.217570250295534,20.226689289539582,16.12639012589976,20.397178527153137,14,3,"descriptive crossed person/seed percentile bootstrap, 2000 draws, RNG731"
naming,global_swap,I-shuffled_jepa-graph_time-base,right_excursion_error,degrees,17.826467338806616,16.15324304484797,19.471209158051348,16.083536590444748,19.569398087168484,14,3,"descriptive crossed person/seed percentile bootstrap, 2000 draws, RNG731"
naming,global_swap,I-shuffled_jepa-graph_time-base,response_error,degrees,11.653023022334256,9.825749097942074,13.966355933913308,9.419942968976132,13.88610307569238,14,3,"descriptive crossed person/seed percentile bootstrap, 2000 draws, RNG731"
naming,global_swap,I-shuffled_jepa-graph_time-base,zero_response_error,degrees,5.8108295340231875,5.565160012226307,6.043321949781563,5.534631934465794,6.087027133580581,14,3,"descriptive crossed person/seed percentile bootstrap, 2000 draws, RNG731"
naming,global_swap,I-shuffled_jepa-graph_time-base,response_failure_rate,fraction,0.0038594025573192225,0.0014025986552028216,0.007027323082010577,0.0008206832938153939,0.006898121820823052,14,3,"descriptive crossed person/seed percentile bootstrap, 2000 draws, RNG731"
naming,global_swap,I-shuffled_jepa-graph_time-base,response_failure_contribution,degrees,2.7787698412698414,1.0098710317460318,5.059672619047619,0.5908919715470833,4.9666477109926,14,3,"descriptive crossed person/seed percentile bootstrap, 2000 draws, RNG731"
naming,global_swap,I-shuffled_jepa-graph_time-base,response_success_contribution,degrees,8.874253181064415,8.558900034337523,9.146355056088467,8.569672754910629,9.178833607218204,14,3,"descriptive crossed person/seed percentile bootstrap, 2000 draws, RNG731"
naming,global_swap,I-shuffled_jepa-graph_time-paired_change,A_error,degrees,15.003284007727931,12.878773786170278,17.812631083699706,13.072921937465118,16.933646077990744,14,3,"descriptive crossed person/seed percentile bootstrap, 2000 draws, RNG731"
naming,global_swap,I-shuffled_jepa-graph_time-paired_change,waveform_error,degrees,24.954423956555654,23.60507147837399,26.666141722010693,23.818104024074934,26.09074388903639,14,3,"descriptive crossed person/seed percentile bootstrap, 2000 draws, RNG731"
naming,global_swap,I-shuffled_jepa-graph_time-paired_change,synthetic_all_nle,dimensionless NLE,0.10265779730524448,0.09910011044382112,0.10698126981933524,0.09817652054346494,0.10713907406702404,14,3,"descriptive crossed person/seed percentile bootstrap, 2000 draws, RNG731"
naming,global_swap,I-shuffled_jepa-graph_time-paired_change,assignment_failure_rate,fraction,0.8395497499004869,0.8204412980547885,0.8616654221696393,0.8162817334770615,0.8628177663239122,14,3,"descriptive crossed person/seed percentile bootstrap, 2000 draws, RNG731"
naming,global_swap,I-shuffled_jepa-graph_time-paired_change,left_excursion_error,degrees,16.901639966719497,14.34868346010911,19.60169566586802,14.99111795615718,18.812161977281807,14,3,"descriptive crossed person/seed percentile bootstrap, 2000 draws, RNG731"
naming,global_swap,I-shuffled_jepa-graph_time-paired_change,right_excursion_error,degrees,16.668600243385917,15.137640476163948,19.003271488681808,15.291873418856369,18.04532706791546,14,3,"descriptive crossed person/seed percentile bootstrap, 2000 draws, RNG731"
naming,global_swap,I-shuffled_jepa-graph_time-paired_change,response_error,degrees,14.14455720689327,10.255693999877705,20.044655498813096,11.021858276256461,17.267256137530072,14,3,"descriptive crossed person/seed percentile bootstrap, 2000 draws, RNG731"
naming,global_swap,I-shuffled_jepa-graph_time-paired_change,zero_response_error,degrees,5.8108295340231875,5.565160012226307,6.043321949781563,5.534631934465794,6.087027133580581,14,3,"descriptive crossed person/seed percentile bootstrap, 2000 draws, RNG731"
naming,global_swap,I-shuffled_jepa-graph_time-paired_change,response_failure_rate,fraction,0.008363646384479716,0.0029967895723104045,0.01639846505731922,0.0038798467450858716,0.012847446023873561,14,3,"descriptive crossed person/seed percentile bootstrap, 2000 draws, RNG731"
naming,global_swap,I-shuffled_jepa-graph_time-paired_change,response_failure_contribution,degrees,6.021825396825397,2.157688492063492,11.80689484126984,2.793489656461828,9.250161137188966,14,3,"descriptive crossed person/seed percentile bootstrap, 2000 draws, RNG731"
naming,global_swap,I-shuffled_jepa-graph_time-paired_change,response_success_contribution,degrees,8.12273181006787,7.8210666419443005,8.407546405642803,7.811550403788621,8.433913216347124,14,3,"descriptive crossed person/seed percentile bootstrap, 2000 draws, RNG731"
naming,global_swap,M-coordinate-graph_time-base,A_error,degrees,12.797751902628018,11.712926973340053,13.966020180139948,11.65045875908692,13.945045046169117,14,3,"descriptive crossed person/seed percentile bootstrap, 2000 draws, RNG731"
naming,global_swap,M-coordinate-graph_time-base,waveform_error,degrees,17.675638194413878,16.688587209129683,18.613124269950738,16.63375925251993,18.717517136307826,14,3,"descriptive crossed person/seed percentile bootstrap, 2000 draws, RNG731"
naming,global_swap,M-coordinate-graph_time-base,synthetic_all_nle,dimensionless NLE,0.05547766564320945,0.05173786472420843,0.060203638701250534,0.050706109999129986,0.06024922128728891,14,3,"descriptive crossed person/seed percentile bootstrap, 2000 draws, RNG731"
naming,global_swap,M-coordinate-graph_time-base,assignment_failure_rate,fraction,0.5331421061688496,0.48980682080141735,0.5916318077173336,0.4839945190852555,0.5822896932524433,14,3,"descriptive crossed person/seed percentile bootstrap, 2000 draws, RNG731"
naming,global_swap,M-coordinate-graph_time-base,left_excursion_error,degrees,26.892119593757283,23.40762215747853,29.947271574282414,23.238291256378975,30.545947931135576,14,3,"descriptive crossed person/seed percentile bootstrap, 2000 draws, RNG731"
naming,global_swap,M-coordinate-graph_time-base,right_excursion_error,degrees,25.478362880795927,22.699469668402244,28.09076454329083,22.42484039179675,28.5318853697951,14,3,"descriptive crossed person/seed percentile bootstrap, 2000 draws, RNG731"
naming,global_swap,M-coordinate-graph_time-base,response_error,degrees,11.534481857121525,9.545769165401392,13.769975863192913,9.4277386572384,13.64122505700465,14,3,"descriptive crossed person/seed percentile bootstrap, 2000 draws, RNG731"
naming,global_swap,M-coordinate-graph_time-base,zero_response_error,degrees,5.8108295340231875,5.565160012226307,6.043321949781563,5.534631934465794,6.087027133580581,14,3,"descriptive crossed person/seed percentile bootstrap, 2000 draws, RNG731"
naming,global_swap,M-coordinate-graph_time-base,response_failure_rate,fraction,0.006252296443268664,0.0035424589395943546,0.009317232969576717,0.003358199509459801,0.009146393377077525,14,3,"descriptive crossed person/seed percentile bootstrap, 2000 draws, RNG731"
naming,global_swap,M-coordinate-graph_time-base,response_failure_contribution,degrees,4.501653439153439,2.5505704365079365,6.708407738095238,2.417903646811058,6.585403231495822,14,3,"descriptive crossed person/seed percentile bootstrap, 2000 draws, RNG731"
naming,global_swap,M-coordinate-graph_time-base,response_success_contribution,degrees,7.032828417968085,6.723574316408547,7.3194695002450425,6.701759067764779,7.363897768171394,14,3,"descriptive crossed person/seed percentile bootstrap, 2000 draws, RNG731"
naming,global_swap,M-coordinate-graph_time-paired_change,A_error,degrees,15.149382886503455,12.659477235922473,17.939082106860464,13.462617072802043,16.83614870020487,14,3,"descriptive crossed person/seed percentile bootstrap, 2000 draws, RNG731"
naming,global_swap,M-coordinate-graph_time-paired_change,waveform_error,degrees,22.977129060072077,22.03686708106198,24.01405210724702,21.96632966280994,23.987928457334213,14,3,"descriptive crossed person/seed percentile bootstrap, 2000 draws, RNG731"
naming,global_swap,M-coordinate-graph_time-paired_change,synthetic_all_nle,dimensionless NLE,0.064556424424607,0.06046723684378839,0.06929769933169118,0.059597283440249,0.06951556540896504,14,3,"descriptive crossed person/seed percentile bootstrap, 2000 draws, RNG731"
naming,global_swap,M-coordinate-graph_time-paired_change,assignment_failure_rate,fraction,0.6395509070212895,0.5872183171841993,0.7006091082440077,0.5965892334503882,0.682512580592191,14,3,"descriptive crossed person/seed percentile bootstrap, 2000 draws, RNG731"
naming,global_swap,M-coordinate-graph_time-paired_change,left_excursion_error,degrees,12.963087539529088,10.803422782084096,14.935745544365192,11.714742491277388,14.211432587780791,14,3,"descriptive crossed person/seed percentile bootstrap, 2000 draws, RNG731"
naming,global_swap,M-coordinate-graph_time-paired_change,right_excursion_error,degrees,13.707121770068516,11.252890071003089,17.002118590833717,11.62004965487778,15.794193885259252,14,3,"descriptive crossed person/seed percentile bootstrap, 2000 draws, RNG731"
naming,global_swap,M-coordinate-graph_time-paired_change,response_error,degrees,11.689108493430508,9.172356682106066,14.741674732924116,9.08340350843931,14.294813478421705,14,3,"descriptive crossed person/seed percentile bootstrap, 2000 draws, RNG731"
naming,global_swap,M-coordinate-graph_time-paired_change,zero_response_error,degrees,5.8108295340231875,5.565160012226307,6.043321949781563,5.534631934465794,6.087027133580581,14,3,"descriptive crossed person/seed percentile bootstrap, 2000 draws, RNG731"
naming,global_swap,M-coordinate-graph_time-paired_change,response_failure_rate,fraction,0.006853505291005287,0.0033438740079365066,0.011184206900352728,0.0033167219171647473,0.010390288664845829,14,3,"descriptive crossed person/seed percentile bootstrap, 2000 draws, RNG731"
naming,global_swap,M-coordinate-graph_time-paired_change,response_failure_contribution,degrees,4.934523809523809,2.4075892857142858,8.052628968253968,2.3880397803586204,7.481007838689,14,3,"descriptive crossed person/seed percentile bootstrap, 2000 draws, RNG731"
naming,global_swap,M-coordinate-graph_time-paired_change,response_success_contribution,degrees,6.754584683906698,6.446317259121718,7.077905709091646,6.4628741365693845,7.046295231244013,14,3,"descriptive crossed person/seed percentile bootstrap, 2000 draws, RNG731"
naming,global_swap,M-paired_jepa-graph_time-base,A_error,degrees,13.891401680642616,12.697944008834659,15.086780816936333,12.674366224424054,15.108437136861175,14,3,"descriptive crossed person/seed percentile bootstrap, 2000 draws, RNG731"
naming,global_swap,M-paired_jepa-graph_time-base,waveform_error,degrees,20.84849389128626,19.594944816137453,22.097425458664855,19.628960541335026,22.068027241237502,14,3,"descriptive crossed person/seed percentile bootstrap, 2000 draws, RNG731"
naming,global_swap,M-paired_jepa-graph_time-base,synthetic_all_nle,dimensionless NLE,0.08133159358338904,0.07587826786564798,0.08744194421902003,0.07540056822586917,0.08726261894090893,14,3,"descriptive crossed person/seed percentile bootstrap, 2000 draws, RNG731"
naming,global_swap,M-paired_jepa-graph_time-base,assignment_failure_rate,fraction,0.77953305312277,0.7452263832490376,0.8180872024830012,0.7549895654774623,0.8040765407680774,14,3,"descriptive crossed person/seed percentile bootstrap, 2000 draws, RNG731"
naming,global_swap,M-paired_jepa-graph_time-base,left_excursion_error,degrees,20.249657146056514,18.22541762064283,22.103014256681053,18.113933856740314,22.385380435372706,14,3,"descriptive crossed person/seed percentile bootstrap, 2000 draws, RNG731"
naming,global_swap,M-paired_jepa-graph_time-base,right_excursion_error,degrees,19.103148792332423,17.04714462573111,21.202678122718886,16.993768346233402,21.21252923843145,14,3,"descriptive crossed person/seed percentile bootstrap, 2000 draws, RNG731"
naming,global_swap,M-paired_jepa-graph_time-base,response_error,degrees,12.071101786195845,9.970647060743827,14.619302857327359,9.82278145288445,14.319422119507239,14,3,"descriptive crossed person/seed percentile bootstrap, 2000 draws, RNG731"
naming,global_swap,M-paired_jepa-graph_time-base,zero_response_error,degrees,5.8108295340231875,5.565160012226307,6.043321949781563,5.534631934465794,6.087027133580581,14,3,"descriptive crossed person/seed percentile bootstrap, 2000 draws, RNG731"
naming,global_swap,M-paired_jepa-graph_time-base,response_failure_rate,fraction,0.0055955136684303335,0.0028255208333333327,0.009081583443562607,0.0025650645078833085,0.008625962828977358,14,3,"descriptive crossed person/seed percentile bootstrap, 2000 draws, RNG731"
naming,global_swap,M-paired_jepa-graph_time-base,response_failure_contribution,degrees,4.028769841269842,2.034375,6.538740079365079,1.8468464456759826,6.210693236863699,14,3,"descriptive crossed person/seed percentile bootstrap, 2000 draws, RNG731"
naming,global_swap,M-paired_jepa-graph_time-base,response_success_contribution,degrees,8.042331944926005,7.708136379087039,8.36874787137253,7.704045826379113,8.380618063472896,14,3,"descriptive crossed person/seed percentile bootstrap, 2000 draws, RNG731"
naming,global_swap,M-paired_jepa-graph_time-paired_change,A_error,degrees,17.699230077182772,12.821577257100277,24.694824382816304,15.935810656198953,19.462649498166584,14,3,"descriptive crossed person/seed percentile bootstrap, 2000 draws, RNG731"
naming,global_swap,M-paired_jepa-graph_time-paired_change,waveform_error,degrees,25.38557552475999,24.2876483702088,26.47115644054655,24.31416680696215,26.45698424255783,14,3,"descriptive crossed person/seed percentile bootstrap, 2000 draws, RNG731"
naming,global_swap,M-paired_jepa-graph_time-paired_change,synthetic_all_nle,dimensionless NLE,0.0954753993659297,0.0914933759368901,0.10043241837282332,0.09065886375889938,0.10029193497296003,14,3,"descriptive crossed person/seed percentile bootstrap, 2000 draws, RNG731"
naming,global_swap,M-paired_jepa-graph_time-paired_change,assignment_failure_rate,fraction,0.823024074740426,0.8053872591281723,0.8435899048731472,0.8022595122603736,0.8437886372204789,14,3,"descriptive crossed person/seed percentile bootstrap, 2000 draws, RNG731"
naming,global_swap,M-paired_jepa-graph_time-paired_change,left_excursion_error,degrees,16.33555417236027,13.74470001035852,18.394742688467517,14.556228497483897,18.114879847236647,14,3,"descriptive crossed person/seed percentile bootstrap, 2000 draws, RNG731"
naming,global_swap,M-paired_jepa-graph_time-paired_change,right_excursion_error,degrees,16.15101207641913,14.183778922272378,19.514543984740733,13.92436388787512,18.377660264963144,14,3,"descriptive crossed person/seed percentile bootstrap, 2000 draws, RNG731"
naming,global_swap,M-paired_jepa-graph_time-paired_change,response_error,degrees,11.622920130842013,9.471703989794609,14.638216508750292,9.237704070685878,14.00813619099815,14,3,"descriptive crossed person/seed percentile bootstrap, 2000 draws, RNG731"
naming,global_swap,M-paired_jepa-graph_time-paired_change,zero_response_error,degrees,5.8108295340231875,5.565160012226307,6.043321949781563,5.534631934465794,6.087027133580581,14,3,"descriptive crossed person/seed percentile bootstrap, 2000 draws, RNG731"
naming,global_swap,M-paired_jepa-graph_time-paired_change,response_failure_rate,fraction,0.005584031452087006,0.00261412174823633,0.009894145447530854,0.0023720584579745934,0.008796004446199416,14,3,"descriptive crossed person/seed percentile bootstrap, 2000 draws, RNG731"
naming,global_swap,M-paired_jepa-graph_time-paired_change,response_failure_contribution,degrees,4.0205026455026465,1.8821676587301588,7.12378472222222,1.707882089741707,6.333123201263582,14,3,"descriptive crossed person/seed percentile bootstrap, 2000 draws, RNG731"
naming,global_swap,M-paired_jepa-graph_time-paired_change,response_success_contribution,degrees,7.602417485339366,7.233157837016195,7.963050394394296,7.258605540065215,7.946229430613521,14,3,"descriptive crossed person/seed percentile bootstrap, 2000 draws, RNG731"
naming,global_swap,P-direct-none-base,A_error,degrees,10.702112928008457,9.677440941490511,11.833596265282218,9.667901765942926,11.736324090073989,14,3,"descriptive crossed person/seed percentile bootstrap, 2000 draws, RNG731"
naming,global_swap,P-direct-none-base,waveform_error,degrees,14.547246949388958,13.847271111951212,15.29285239009531,13.761797643193884,15.332696255584032,14,3,"descriptive crossed person/seed percentile bootstrap, 2000 draws, RNG731"
naming,global_swap,P-direct-none-base,synthetic_all_nle,dimensionless NLE,0.03395388675909946,0.03233626567028579,0.03581235755158438,0.03201666431301603,0.03589110920518289,14,3,"descriptive crossed person/seed percentile bootstrap, 2000 draws, RNG731"
naming,global_swap,P-direct-none-base,assignment_failure_rate,fraction,0.23285664320786698,0.21639884950635827,0.24560415379907627,0.2166742306672826,0.24903905574845134,14,3,"descriptive crossed person/seed percentile bootstrap, 2000 draws, RNG731"
naming,global_swap,P-direct-none-base,left_excursion_error,degrees,20.889003039092675,18.59884198882999,23.246777065592354,18.460292306484927,23.317713771700422,14,3,"descriptive crossed person/seed percentile bootstrap, 2000 draws, RNG731"
naming,global_swap,P-direct-none-base,right_excursion_error,degrees,21.681177417053707,19.41800770585645,23.73063929073957,19.238448149347455,24.123906684759966,14,3,"descriptive crossed person/seed percentile bootstrap, 2000 draws, RNG731"
naming,global_swap,P-direct-none-base,response_error,degrees,8.80540519903611,7.168311787688976,10.853361876154478,6.845878508406097,10.764931889666128,14,3,"descriptive crossed person/seed percentile bootstrap, 2000 draws, RNG731"
naming,global_swap,P-direct-none-base,zero_response_error,degrees,5.8108295340231875,5.565160012226307,6.043321949781563,5.534631934465794,6.087027133580581,14,3,"descriptive crossed person/seed percentile bootstrap, 2000 draws, RNG731"
naming,global_swap,P-direct-none-base,response_failure_rate,fraction,0.003659152704291592,0.0014534878380364484,0.006322613536155201,0.001064440084469655,0.006253865324113529,14,3,"descriptive crossed person/seed percentile bootstrap, 2000 draws, RNG731"
naming,global_swap,P-direct-none-base,response_failure_contribution,degrees,2.634589947089947,1.0465112433862431,4.5522817460317455,0.766396860818152,4.502783033361742,14,3,"descriptive crossed person/seed percentile bootstrap, 2000 draws, RNG731"
naming,global_swap,P-direct-none-base,response_success_contribution,degrees,6.170815251946165,5.933792564720727,6.411420704599748,5.909072545864084,6.4325579580282435,14,3,"descriptive crossed person/seed percentile bootstrap, 2000 draws, RNG731"
naming,global_swap,P-direct-none-paired_change,A_error,degrees,19.602533842024474,18.08643330209669,20.930532267086747,18.3957028380388,20.809364846010133,14,3,"descriptive crossed person/seed percentile bootstrap, 2000 draws, RNG731"
naming,global_swap,P-direct-none-paired_change,waveform_error,degrees,23.450034930361944,22.217835469218503,24.682505882567735,22.08306915362208,24.81700070710181,14,3,"descriptive crossed person/seed percentile bootstrap, 2000 draws, RNG731"
naming,global_swap,P-direct-none-paired_change,synthetic_all_nle,dimensionless NLE,0.06665760409943992,0.06057210764142588,0.07420419339339704,0.058783353089650936,0.07453185510922891,14,3,"descriptive crossed person/seed percentile bootstrap, 2000 draws, RNG731"
naming,global_swap,P-direct-none-paired_change,assignment_failure_rate,fraction,0.5739561100711111,0.5116311643382635,0.6527581255920973,0.49406708586601455,0.6538451342762079,14,3,"descriptive crossed person/seed percentile bootstrap, 2000 draws, RNG731"
naming,global_swap,P-direct-none-paired_change,left_excursion_error,degrees,15.839290162423259,14.307733766037819,17.56496958693834,14.397934725423827,17.280645599422698,14,3,"descriptive crossed person/seed percentile bootstrap, 2000 draws, RNG731"
naming,global_swap,P-direct-none-paired_change,right_excursion_error,degrees,17.272341494787238,14.688106361429723,20.106265585646774,15.47340949366796,19.071273495906517,14,3,"descriptive crossed person/seed percentile bootstrap, 2000 draws, RNG731"
naming,global_swap,P-direct-none-paired_change,response_error,degrees,12.574369835946593,10.575521141626234,14.802771200158459,10.51713973916398,14.631599932729209,14,3,"descriptive crossed person/seed percentile bootstrap, 2000 draws, RNG731"
naming,global_swap,P-direct-none-paired_change,zero_response_error,degrees,5.8108295340231875,5.565160012226307,6.043321949781563,5.534631934465794,6.087027133580581,14,3,"descriptive crossed person/seed percentile bootstrap, 2000 draws, RNG731"
naming,global_swap,P-direct-none-paired_change,response_failure_rate,fraction,0.007862103174603173,0.005143539186507936,0.010896232914462076,0.004932366467769773,0.010791839881436572,14,3,"descriptive crossed person/seed percentile bootstrap, 2000 draws, RNG731"
naming,global_swap,P-direct-none-paired_change,response_failure_contribution,degrees,5.660714285714286,3.7033482142857146,7.845287698412697,3.5513038567942377,7.770124714634335,14,3,"descriptive crossed person/seed percentile bootstrap, 2000 draws, RNG731"
naming,global_swap,P-direct-none-paired_change,response_success_contribution,degrees,6.913655550232308,6.572442777976431,7.265211633602836,6.570378363789355,7.256932736675261,14,3,"descriptive crossed person/seed percentile bootstrap, 2000 draws, RNG731"
naming,temporary_swap,F-response-coordinate_delta_v1-graph_time-base,A_error,degrees,10.130242956383983,8.856882597215675,11.394639903102396,8.888672604934511,11.371813307833458,14,3,"descriptive crossed person/seed percentile bootstrap, 2000 draws, RNG731"
naming,temporary_swap,F-response-coordinate_delta_v1-graph_time-base,waveform_error,degrees,15.610905401826011,14.626727113017651,16.71445069093451,14.48339224235967,16.738418561292352,14,3,"descriptive crossed person/seed percentile bootstrap, 2000 draws, RNG731"
naming,temporary_swap,F-response-coordinate_delta_v1-graph_time-base,synthetic_all_nle,dimensionless NLE,0.051756239199429364,0.04937383865550756,0.05467789940383176,0.048809700626116864,0.054702777772741906,14,3,"descriptive crossed person/seed percentile bootstrap, 2000 draws, RNG731"
naming,temporary_swap,F-response-coordinate_delta_v1-graph_time-base,assignment_failure_rate,fraction,0.355466263975447,0.3382367156839821,0.3728209839491364,0.3388291492306543,0.3721033787202397,14,3,"descriptive crossed person/seed percentile bootstrap, 2000 draws, RNG731"
naming,temporary_swap,F-response-coordinate_delta_v1-graph_time-base,left_excursion_error,degrees,26.341244245725978,23.832845464742444,28.791743537253947,23.47241716304996,29.210071328402,14,3,"descriptive crossed person/seed percentile bootstrap, 2000 draws, RNG731"
naming,temporary_swap,F-response-coordinate_delta_v1-graph_time-base,right_excursion_error,degrees,24.253669525493784,22.10323641791733,26.574978216785603,22.155751890590473,26.351587160397088,14,3,"descriptive crossed person/seed percentile bootstrap, 2000 draws, RNG731"
naming,temporary_swap,F-response-coordinate_delta_v1-graph_time-base,response_error,degrees,10.039336169938103,7.579611205073679,13.24784616493875,7.052239518410845,13.026432821465365,14,3,"descriptive crossed person/seed percentile bootstrap, 2000 draws, RNG731"
naming,temporary_swap,F-response-coordinate_delta_v1-graph_time-base,zero_response_error,degrees,5.8108295340231875,5.565160012226307,6.043321949781563,5.534631934465794,6.087027133580581,14,3,"descriptive crossed person/seed percentile bootstrap, 2000 draws, RNG731"
naming,temporary_swap,F-response-coordinate_delta_v1-graph_time-base,response_failure_rate,fraction,0.005403990299823631,0.0020504023368606693,0.00975535989858906,0.0013007179195377774,0.009507262680109483,14,3,"descriptive crossed person/seed percentile bootstrap, 2000 draws, RNG731"
naming,temporary_swap,F-response-coordinate_delta_v1-graph_time-base,response_failure_contribution,degrees,3.890873015873016,1.4762896825396825,7.023859126984126,0.9365169020672006,6.845229129678831,14,3,"descriptive crossed person/seed percentile bootstrap, 2000 draws, RNG731"
naming,temporary_swap,F-response-coordinate_delta_v1-graph_time-base,response_success_contribution,degrees,6.14846315406509,5.8272130279150804,6.463742654821185,5.800220026030596,6.496706282099584,14,3,"descriptive crossed person/seed percentile bootstrap, 2000 draws, RNG731"
naming,temporary_swap,F-response-coordinate_delta_v1-graph_time-paired_change,A_error,degrees,14.37955364708763,11.272592328718725,17.85970207812138,11.855212429189816,16.90389486498545,14,3,"descriptive crossed person/seed percentile bootstrap, 2000 draws, RNG731"
naming,temporary_swap,F-response-coordinate_delta_v1-graph_time-paired_change,waveform_error,degrees,20.819634884053677,19.55122483953488,22.213580013891313,19.598012010245213,22.041257757862134,14,3,"descriptive crossed person/seed percentile bootstrap, 2000 draws, RNG731"
naming,temporary_swap,F-response-coordinate_delta_v1-graph_time-paired_change,synthetic_all_nle,dimensionless NLE,0.05860748605951075,0.055857991764602564,0.06201824782912161,0.055174625601299196,0.06204034651772232,14,3,"descriptive crossed person/seed percentile bootstrap, 2000 draws, RNG731"
naming,temporary_swap,F-response-coordinate_delta_v1-graph_time-paired_change,assignment_failure_rate,fraction,0.4171581280462866,0.39384116004187397,0.4392481255518344,0.40388192295296993,0.4304343331396035,14,3,"descriptive crossed person/seed percentile bootstrap, 2000 draws, RNG731"
naming,temporary_swap,F-response-coordinate_delta_v1-graph_time-paired_change,left_excursion_error,degrees,15.176104893742536,13.390115953415098,17.035277435941172,13.309588721309018,17.042621066176057,14,3,"descriptive crossed person/seed percentile bootstrap, 2000 draws, RNG731"
naming,temporary_swap,F-response-coordinate_delta_v1-graph_time-paired_change,right_excursion_error,degrees,19.281694771712278,14.005609722951874,24.314065815349203,15.8837490474933,22.67964049593127,14,3,"descriptive crossed person/seed percentile bootstrap, 2000 draws, RNG731"
naming,temporary_swap,F-response-coordinate_delta_v1-graph_time-paired_change,response_error,degrees,14.984513586761713,10.82764241619027,20.039970495843388,9.902851195133227,20.0661759783902,14,3,"descriptive crossed person/seed percentile bootstrap, 2000 draws, RNG731"
naming,temporary_swap,F-response-coordinate_delta_v1-graph_time-paired_change,zero_response_error,degrees,5.8108295340231875,5.565160012226307,6.043321949781563,5.534631934465794,6.087027133580581,14,3,"descriptive crossed person/seed percentile bootstrap, 2000 draws, RNG731"
naming,temporary_swap,F-response-coordinate_delta_v1-graph_time-paired_change,response_failure_rate,fraction,0.01227265211640211,0.006398981757054672,0.019425154320987646,0.0052330819566036085,0.019312222276200608,14,3,"descriptive crossed person/seed percentile bootstrap, 2000 draws, RNG731"
naming,temporary_swap,F-response-coordinate_delta_v1-graph_time-paired_change,response_failure_contribution,degrees,8.836309523809524,4.607266865079366,13.98611111111111,3.7678190087546,13.904800038864447,14,3,"descriptive crossed person/seed percentile bootstrap, 2000 draws, RNG731"
naming,temporary_swap,F-response-coordinate_delta_v1-graph_time-paired_change,response_success_contribution,degrees,6.14820406295219,5.819641741680082,6.488646280480364,5.87280216873243,6.423605957171948,14,3,"descriptive crossed person/seed percentile bootstrap, 2000 draws, RNG731"
naming,temporary_swap,F-response-jepa_delta_v1-graph_time-base,A_error,degrees,10.770846829365526,9.286788851209833,12.538969398122491,9.269684838125155,12.272008820605901,14,3,"descriptive crossed person/seed percentile bootstrap, 2000 draws, RNG731"
naming,temporary_swap,F-response-jepa_delta_v1-graph_time-base,waveform_error,degrees,16.388298862969496,15.457042167631966,17.516452401163065,15.30829745945748,17.468300266481517,14,3,"descriptive crossed person/seed percentile bootstrap, 2000 draws, RNG731"
naming,temporary_swap,F-response-jepa_delta_v1-graph_time-base,synthetic_all_nle,dimensionless NLE,0.05806431675577489,0.054185792884641315,0.06301230788681207,0.05305581391958771,0.06307281959196208,14,3,"descriptive crossed person/seed percentile bootstrap, 2000 draws, RNG731"
naming,temporary_swap,F-response-jepa_delta_v1-graph_time-base,assignment_failure_rate,fraction,0.4253884773312069,0.3996484395645139,0.4417337372458555,0.40187537965228515,0.4489015750101285,14,3,"descriptive crossed person/seed percentile bootstrap, 2000 draws, RNG731"
naming,temporary_swap,F-response-jepa_delta_v1-graph_time-base,left_excursion_error,degrees,19.658409524584027,17.587623679554582,21.53282237853459,17.375330634917088,21.941488414250966,14,3,"descriptive crossed person/seed percentile bootstrap, 2000 draws, RNG731"
naming,temporary_swap,F-response-jepa_delta_v1-graph_time-base,right_excursion_error,degrees,17.56966077826299,15.481632079553727,19.720840543774894,15.623885145364005,19.51543641116197,14,3,"descriptive crossed person/seed percentile bootstrap, 2000 draws, RNG731"
naming,temporary_swap,F-response-jepa_delta_v1-graph_time-base,response_error,degrees,10.82499823011465,8.388770274357121,13.624520385231543,8.09622515878873,13.553771301440566,14,3,"descriptive crossed person/seed percentile bootstrap, 2000 draws, RNG731"
naming,temporary_swap,F-response-jepa_delta_v1-graph_time-base,zero_response_error,degrees,5.8108295340231875,5.565160012226307,6.043321949781563,5.534631934465794,6.087027133580581,14,3,"descriptive crossed person/seed percentile bootstrap, 2000 draws, RNG731"
naming,temporary_swap,F-response-jepa_delta_v1-graph_time-base,response_failure_rate,fraction,0.006238517783656671,0.0028961020171957667,0.010245765358612572,0.0025612396227358302,0.009915795944577508,14,3,"descriptive crossed person/seed percentile bootstrap, 2000 draws, RNG731"
naming,temporary_swap,F-response-jepa_delta_v1-graph_time-base,response_failure_contribution,degrees,4.491732804232804,2.0851934523809526,7.376951058201054,1.8440925283697998,7.13937308009581,14,3,"descriptive crossed person/seed percentile bootstrap, 2000 draws, RNG731"
naming,temporary_swap,F-response-jepa_delta_v1-graph_time-base,response_success_contribution,degrees,6.333265425881846,5.966156502336933,6.737170079212227,6.014168156398927,6.652362695364763,14,3,"descriptive crossed person/seed percentile bootstrap, 2000 draws, RNG731"
naming,temporary_swap,F-response-jepa_delta_v1-graph_time-paired_change,A_error,degrees,12.083609138342952,9.548363706928189,15.808808104330664,9.754730906316516,14.412487370369393,14,3,"descriptive crossed person/seed percentile bootstrap, 2000 draws, RNG731"
naming,temporary_swap,F-response-jepa_delta_v1-graph_time-paired_change,waveform_error,degrees,21.07115768789393,19.95880210876567,22.27059730209922,20.082670171193666,22.059645204594194,14,3,"descriptive crossed person/seed percentile bootstrap, 2000 draws, RNG731"
naming,temporary_swap,F-response-jepa_delta_v1-graph_time-paired_change,synthetic_all_nle,dimensionless NLE,0.06474343099096044,0.061046655912498915,0.06924291942579104,0.06013403624274198,0.06935282573917893,14,3,"descriptive crossed person/seed percentile bootstrap, 2000 draws, RNG731"
naming,temporary_swap,F-response-jepa_delta_v1-graph_time-paired_change,assignment_failure_rate,fraction,0.438218076794836,0.42470177548079313,0.44772078693387013,0.4269851965301107,0.44945095705956106,14,3,"descriptive crossed person/seed percentile bootstrap, 2000 draws, RNG731"
naming,temporary_swap,F-response-jepa_delta_v1-graph_time-paired_change,left_excursion_error,degrees,15.820740275738055,13.181004260983356,19.31876651982345,12.353715995873616,19.287764555602486,14,3,"descriptive crossed person/seed percentile bootstrap, 2000 draws, RNG731"
naming,temporary_swap,F-response-jepa_delta_v1-graph_time-paired_change,right_excursion_error,degrees,14.943361069067501,13.312045181269912,16.90747222939998,13.828582516228217,16.058139621906793,14,3,"descriptive crossed person/seed percentile bootstrap, 2000 draws, RNG731"
naming,temporary_swap,F-response-jepa_delta_v1-graph_time-paired_change,response_error,degrees,10.016326150524867,7.9465325040075765,12.604366388659777,7.52731688284001,12.50533541820973,14,3,"descriptive crossed person/seed percentile bootstrap, 2000 draws, RNG731"
naming,temporary_swap,F-response-jepa_delta_v1-graph_time-paired_change,zero_response_error,degrees,5.8108295340231875,5.565160012226307,6.043321949781563,5.534631934465794,6.087027133580581,14,3,"descriptive crossed person/seed percentile bootstrap, 2000 draws, RNG731"
naming,temporary_swap,F-response-jepa_delta_v1-graph_time-paired_change,response_failure_rate,fraction,0.005124283509700175,0.0022527075066137558,0.008697675540123451,0.0016751823380055596,0.008573384681394791,14,3,"descriptive crossed person/seed percentile bootstrap, 2000 draws, RNG731"
naming,temporary_swap,F-response-jepa_delta_v1-graph_time-paired_change,response_failure_contribution,degrees,3.6894841269841265,1.6219494047619047,6.262326388888886,1.206131283364002,6.172836970604251,14,3,"descriptive crossed person/seed percentile bootstrap, 2000 draws, RNG731"
naming,temporary_swap,F-response-jepa_delta_v1-graph_time-paired_change,response_success_contribution,degrees,6.32684202354074,6.006459444306529,6.647657626066801,6.0708615561886194,6.5828224908928625,14,3,"descriptive crossed person/seed percentile bootstrap, 2000 draws, RNG731"
naming,temporary_swap,F-response-jepa_endpoint_v1-graph_time-base,A_error,degrees,10.064654662957759,8.747950113834053,11.536966435456106,8.591935739927484,11.537373585988037,14,3,"descriptive crossed person/seed percentile bootstrap, 2000 draws, RNG731"
naming,temporary_swap,F-response-jepa_endpoint_v1-graph_time-base,waveform_error,degrees,16.140620838966473,15.174425299234649,17.258414146468635,14.986644860379773,17.294596817553174,14,3,"descriptive crossed person/seed percentile bootstrap, 2000 draws, RNG731"
naming,temporary_swap,F-response-jepa_endpoint_v1-graph_time-base,synthetic_all_nle,dimensionless NLE,0.05891208352896412,0.054800372219711686,0.06419753697550067,0.053447427605028644,0.0643767394528996,14,3,"descriptive crossed person/seed percentile bootstrap, 2000 draws, RNG731"
naming,temporary_swap,F-response-jepa_endpoint_v1-graph_time-base,assignment_failure_rate,fraction,0.43245814117052994,0.4113686649374969,0.4477233212498656,0.4119974959941994,0.4529187863468605,14,3,"descriptive crossed person/seed percentile bootstrap, 2000 draws, RNG731"
naming,temporary_swap,F-response-jepa_endpoint_v1-graph_time-base,left_excursion_error,degrees,20.574474965411913,17.974671897020116,23.02297708173036,17.842304545366662,23.306645385457163,14,3,"descriptive crossed person/seed percentile bootstrap, 2000 draws, RNG731"
naming,temporary_swap,F-response-jepa_endpoint_v1-graph_time-base,right_excursion_error,degrees,20.352609306476545,17.923550639067173,22.558553567034256,18.50550157221504,22.19971704073805,14,3,"descriptive crossed person/seed percentile bootstrap, 2000 draws, RNG731"
naming,temporary_swap,F-response-jepa_endpoint_v1-graph_time-base,response_error,degrees,10.645749709345953,8.586942392504564,13.145474808776044,8.220750293024725,13.070749125667177,14,3,"descriptive crossed person/seed percentile bootstrap, 2000 draws, RNG731"
naming,temporary_swap,F-response-jepa_endpoint_v1-graph_time-base,zero_response_error,degrees,5.8108295340231875,5.565160012226307,6.043321949781563,5.534631934465794,6.087027133580581,14,3,"descriptive crossed person/seed percentile bootstrap, 2000 draws, RNG731"
naming,temporary_swap,F-response-jepa_endpoint_v1-graph_time-base,response_failure_rate,fraction,0.00554315476190476,0.002744640101410935,0.009022610780423275,0.0022680612272420425,0.008818248296567478,14,3,"descriptive crossed person/seed percentile bootstrap, 2000 draws, RNG731"
naming,temporary_swap,F-response-jepa_endpoint_v1-graph_time-base,response_failure_contribution,degrees,3.9910714285714284,1.9761408730158732,6.49627976190476,1.6330040836142707,6.349138773528588,14,3,"descriptive crossed person/seed percentile bootstrap, 2000 draws, RNG731"
naming,temporary_swap,F-response-jepa_endpoint_v1-graph_time-base,response_success_contribution,degrees,6.654678280774523,6.320351016431815,6.956687328870319,6.333493605690108,6.975862955858941,14,3,"descriptive crossed person/seed percentile bootstrap, 2000 draws, RNG731"
naming,temporary_swap,F-response-jepa_endpoint_v1-graph_time-paired_change,A_error,degrees,15.42664935824979,12.593559522745382,17.636651704095854,13.93348202145409,16.919816695045498,14,3,"descriptive crossed person/seed percentile bootstrap, 2000 draws, RNG731"
naming,temporary_swap,F-response-jepa_endpoint_v1-graph_time-paired_change,waveform_error,degrees,21.459155621527284,20.037703616886716,23.25809892735684,20.224976212814333,22.693335030240235,14,3,"descriptive crossed person/seed percentile bootstrap, 2000 draws, RNG731"
naming,temporary_swap,F-response-jepa_endpoint_v1-graph_time-paired_change,synthetic_all_nle,dimensionless NLE,0.06529132193396343,0.06152364356281359,0.06934395178325037,0.06092292535943171,0.06965971850849519,14,3,"descriptive crossed person/seed percentile bootstrap, 2000 draws, RNG731"
naming,temporary_swap,F-response-jepa_endpoint_v1-graph_time-paired_change,assignment_failure_rate,fraction,0.43238427046591166,0.4145879864017603,0.4437116878037449,0.41646611256668314,0.44830242836514017,14,3,"descriptive crossed person/seed percentile bootstrap, 2000 draws, RNG731"
naming,temporary_swap,F-response-jepa_endpoint_v1-graph_time-paired_change,left_excursion_error,degrees,16.36181250931864,13.739006177047107,19.90829878035642,14.184356561692443,18.539268456944836,14,3,"descriptive crossed person/seed percentile bootstrap, 2000 draws, RNG731"
naming,temporary_swap,F-response-jepa_endpoint_v1-graph_time-paired_change,right_excursion_error,degrees,15.307577179831675,13.105753488594246,17.849435419649026,13.917029253417365,16.698125106245975,14,3,"descriptive crossed person/seed percentile bootstrap, 2000 draws, RNG731"
naming,temporary_swap,F-response-jepa_endpoint_v1-graph_time-paired_change,response_error,degrees,10.593255163902873,8.071170164527002,13.308300919475764,7.55646613256596,13.630044195239785,14,3,"descriptive crossed person/seed percentile bootstrap, 2000 draws, RNG731"
naming,temporary_swap,F-response-jepa_endpoint_v1-graph_time-paired_change,zero_response_error,degrees,5.8108295340231875,5.565160012226307,6.043321949781563,5.534631934465794,6.087027133580581,14,3,"descriptive crossed person/seed percentile bootstrap, 2000 draws, RNG731"
naming,temporary_swap,F-response-jepa_endpoint_v1-graph_time-paired_change,response_failure_rate,fraction,0.0056836970899470885,0.0021574625220458546,0.009451092647707226,0.0014810149537653177,0.009886379226128856,14,3,"descriptive crossed person/seed percentile bootstrap, 2000 draws, RNG731"
naming,temporary_swap,F-response-jepa_endpoint_v1-graph_time-paired_change,response_failure_contribution,degrees,4.092261904761905,1.553373015873016,6.804786706349204,1.06633076671103,7.118193042812779,14,3,"descriptive crossed person/seed percentile bootstrap, 2000 draws, RNG731"
naming,temporary_swap,F-response-jepa_endpoint_v1-graph_time-paired_change,response_success_contribution,degrees,6.500993259140968,6.231557440438203,6.74846305434712,6.236635390845301,6.7653511274366345,14,3,"descriptive crossed person/seed percentile bootstrap, 2000 draws, RNG731"
naming,temporary_swap,I-initialized-none-base,A_error,degrees,9.697124216691742,8.396805212215712,11.259770308357552,8.217783713396667,11.176464719986821,14,3,"descriptive crossed person/seed percentile bootstrap, 2000 draws, RNG731"
naming,temporary_swap,I-initialized-none-base,waveform_error,degrees,16.1265784571197,15.32622895395995,17.091846353884872,15.150924040286457,17.102232873952943,14,3,"descriptive crossed person/seed percentile bootstrap, 2000 draws, RNG731"
naming,temporary_swap,I-initialized-none-base,synthetic_all_nle,dimensionless NLE,0.06288492012232771,0.05814604644706655,0.06861407857539033,0.05701156129167563,0.0687582789529798,14,3,"descriptive crossed person/seed percentile bootstrap, 2000 draws, RNG731"
naming,temporary_swap,I-initialized-none-base,assignment_failure_rate,fraction,0.44280525645271285,0.4362233149627105,0.44920659080513997,0.43561032659854276,0.45000018630688293,14,3,"descriptive crossed person/seed percentile bootstrap, 2000 draws, RNG731"
naming,temporary_swap,I-initialized-none-base,left_excursion_error,degrees,17.045339335684616,15.084974129152132,18.912896175735288,14.880120175643976,19.21055849572525,14,3,"descriptive crossed person/seed percentile bootstrap, 2000 draws, RNG731"
naming,temporary_swap,I-initialized-none-base,right_excursion_error,degrees,15.777046808941114,14.052812730972697,17.41605934009619,13.969768006163317,17.58432561171891,14,3,"descriptive crossed person/seed percentile bootstrap, 2000 draws, RNG731"
naming,temporary_swap,I-initialized-none-base,response_error,degrees,9.64958806054775,7.631601567949919,12.045631561416727,7.29566302557888,12.003513095516627,14,3,"descriptive crossed person/seed percentile bootstrap, 2000 draws, RNG731"
naming,temporary_swap,I-initialized-none-base,zero_response_error,degrees,5.8108295340231875,5.565160012226307,6.043321949781563,5.534631934465794,6.087027133580581,14,3,"descriptive crossed person/seed percentile bootstrap, 2000 draws, RNG731"
naming,temporary_swap,I-initialized-none-base,response_failure_rate,fraction,0.003873181216931216,0.0011375661375661373,0.007121086860670191,0.0006505578802330379,0.007095804553629393,14,3,"descriptive crossed person/seed percentile bootstrap, 2000 draws, RNG731"
naming,temporary_swap,I-initialized-none-base,response_failure_contribution,degrees,2.7886904761904763,0.8190476190476191,5.127182539682538,0.46840167376778696,5.108979278613164,14,3,"descriptive crossed person/seed percentile bootstrap, 2000 draws, RNG731"
naming,temporary_swap,I-initialized-none-base,response_success_contribution,degrees,6.860897584357273,6.515433069505534,7.208482362929095,6.475877948091134,7.245917220623414,14,3,"descriptive crossed person/seed percentile bootstrap, 2000 draws, RNG731"
naming,temporary_swap,I-initialized-none-paired_change,A_error,degrees,12.801485803570992,10.065064100596372,16.02379510691374,10.677931013779288,14.92504059336269,14,3,"descriptive crossed person/seed percentile bootstrap, 2000 draws, RNG731"
naming,temporary_swap,I-initialized-none-paired_change,waveform_error,degrees,21.298368109646223,20.34404001925279,22.359919833308226,20.253241362324655,22.343494856967798,14,3,"descriptive crossed person/seed percentile bootstrap, 2000 draws, RNG731"
naming,temporary_swap,I-initialized-none-paired_change,synthetic_all_nle,dimensionless NLE,0.06590352586857647,0.06336447993291827,0.06902674785356466,0.06270158215597431,0.06910546958117862,14,3,"descriptive crossed person/seed percentile bootstrap, 2000 draws, RNG731"
naming,temporary_swap,I-initialized-none-paired_change,assignment_failure_rate,fraction,0.42840800390520767,0.4075121593203961,0.44192091820439394,0.40843807354873657,0.4483779342616789,14,3,"descriptive crossed person/seed percentile bootstrap, 2000 draws, RNG731"
naming,temporary_swap,I-initialized-none-paired_change,left_excursion_error,degrees,17.792981374013145,15.150584842505378,21.23090942949825,14.891960987294866,20.694001760731425,14,3,"descriptive crossed person/seed percentile bootstrap, 2000 draws, RNG731"
naming,temporary_swap,I-initialized-none-paired_change,right_excursion_error,degrees,15.361417748851299,14.294707456016889,16.560817150409825,14.251483219878441,16.471352277824156,14,3,"descriptive crossed person/seed percentile bootstrap, 2000 draws, RNG731"
naming,temporary_swap,I-initialized-none-paired_change,response_error,degrees,10.362304440034807,8.150101736497723,12.987541849674157,7.680049290738485,13.04455958933113,14,3,"descriptive crossed person/seed percentile bootstrap, 2000 draws, RNG731"
naming,temporary_swap,I-initialized-none-paired_change,zero_response_error,degrees,5.8108295340231875,5.565160012226307,6.043321949781563,5.534631934465794,6.087027133580581,14,3,"descriptive crossed person/seed percentile bootstrap, 2000 draws, RNG731"
naming,temporary_swap,I-initialized-none-paired_change,response_failure_rate,fraction,0.005104993386243385,0.00197014164462081,0.00870280809082892,0.0013960358648192391,0.008813950907667532,14,3,"descriptive crossed person/seed percentile bootstrap, 2000 draws, RNG731"
naming,temporary_swap,I-initialized-none-paired_change,response_failure_contribution,degrees,3.675595238095238,1.4185019841269841,6.266021825396826,1.0051458226698515,6.346044653520625,14,3,"descriptive crossed person/seed percentile bootstrap, 2000 draws, RNG731"
naming,temporary_swap,I-initialized-none-paired_change,response_success_contribution,degrees,6.686709201939569,6.396888990791046,6.966221374005123,6.380920345955904,6.99249805792323,14,3,"descriptive crossed person/seed percentile bootstrap, 2000 draws, RNG731"
naming,temporary_swap,I-shuffled_jepa-graph_time-base,A_error,degrees,9.599433156989964,8.442199131530652,10.926679394230348,8.298442090934053,10.900424223045874,14,3,"descriptive crossed person/seed percentile bootstrap, 2000 draws, RNG731"
naming,temporary_swap,I-shuffled_jepa-graph_time-base,waveform_error,degrees,15.820512567564075,14.926413625025956,16.82348309763089,14.808966535511637,16.832058599616506,14,3,"descriptive crossed person/seed percentile bootstrap, 2000 draws, RNG731"
naming,temporary_swap,I-shuffled_jepa-graph_time-base,synthetic_all_nle,dimensionless NLE,0.061731529429983646,0.05701881959452129,0.06731364707426835,0.0560154585296254,0.06744760033034189,14,3,"descriptive crossed person/seed percentile bootstrap, 2000 draws, RNG731"
naming,temporary_swap,I-shuffled_jepa-graph_time-base,assignment_failure_rate,fraction,0.43488090837909227,0.4206807539445871,0.44459140217785326,0.4220962056241534,0.447665611134031,14,3,"descriptive crossed person/seed percentile bootstrap, 2000 draws, RNG731"
naming,temporary_swap,I-shuffled_jepa-graph_time-base,left_excursion_error,degrees,16.919567566925714,15.092004546039385,18.72812504340474,14.928486315938958,18.910648817912477,14,3,"descriptive crossed person/seed percentile bootstrap, 2000 draws, RNG731"
naming,temporary_swap,I-shuffled_jepa-graph_time-base,right_excursion_error,degrees,15.688511491923443,14.122647003425293,17.219656390650567,14.145678001694495,17.231344982152383,14,3,"descriptive crossed person/seed percentile bootstrap, 2000 draws, RNG731"
naming,temporary_swap,I-shuffled_jepa-graph_time-base,response_error,degrees,9.450167790951364,7.631097699052996,11.63175710556234,7.381543697968976,11.518791883933751,14,3,"descriptive crossed person/seed percentile bootstrap, 2000 draws, RNG731"
naming,temporary_swap,I-shuffled_jepa-graph_time-base,zero_response_error,degrees,5.8108295340231875,5.565160012226307,6.043321949781563,5.534631934465794,6.087027133580581,14,3,"descriptive crossed person/seed percentile bootstrap, 2000 draws, RNG731"
naming,temporary_swap,I-shuffled_jepa-graph_time-base,response_failure_rate,fraction,0.003745039682539682,0.001277178406084656,0.006676070601851848,0.0008513552514300411,0.006638724113649321,14,3,"descriptive crossed person/seed percentile bootstrap, 2000 draws, RNG731"
naming,temporary_swap,I-shuffled_jepa-graph_time-base,response_failure_contribution,degrees,2.6964285714285716,0.9195684523809523,4.806770833333331,0.6129757810296299,4.779881361827513,14,3,"descriptive crossed person/seed percentile bootstrap, 2000 draws, RNG731"
naming,temporary_swap,I-shuffled_jepa-graph_time-base,response_success_contribution,degrees,6.753739219522791,6.352676812499077,7.159422640975329,6.380221599837233,7.12725683920835,14,3,"descriptive crossed person/seed percentile bootstrap, 2000 draws, RNG731"
naming,temporary_swap,I-shuffled_jepa-graph_time-paired_change,A_error,degrees,10.974974642614294,9.156735495664138,13.011566363751742,9.13624521591807,12.813704069310518,14,3,"descriptive crossed person/seed percentile bootstrap, 2000 draws, RNG731"
naming,temporary_swap,I-shuffled_jepa-graph_time-paired_change,waveform_error,degrees,20.642265310927485,19.59395084822305,21.88096147942718,19.615336414399618,21.66919420745535,14,3,"descriptive crossed person/seed percentile bootstrap, 2000 draws, RNG731"
naming,temporary_swap,I-shuffled_jepa-graph_time-paired_change,synthetic_all_nle,dimensionless NLE,0.06580137687159598,0.06329532156189155,0.06889521695110036,0.06260936452823403,0.06899338921495794,14,3,"descriptive crossed person/seed percentile bootstrap, 2000 draws, RNG731"
naming,temporary_swap,I-shuffled_jepa-graph_time-paired_change,assignment_failure_rate,fraction,0.42631912993297005,0.4062234219854556,0.438675627586892,0.4072024204483176,0.4454358394176225,14,3,"descriptive crossed person/seed percentile bootstrap, 2000 draws, RNG731"
naming,temporary_swap,I-shuffled_jepa-graph_time-paired_change,left_excursion_error,degrees,16.51404678661301,14.342896418861487,18.942189390421653,14.557538090195285,18.470555483030736,14,3,"descriptive crossed person/seed percentile bootstrap, 2000 draws, RNG731"
naming,temporary_swap,I-shuffled_jepa-graph_time-paired_change,right_excursion_error,degrees,15.92160489749355,14.414201853058815,17.778993945088885,14.713793753317024,17.12941604167008,14,3,"descriptive crossed person/seed percentile bootstrap, 2000 draws, RNG731"
naming,temporary_swap,I-shuffled_jepa-graph_time-paired_change,response_error,degrees,11.54616734521069,8.324399309364479,15.243130775224982,8.169474209013867,14.922860481407515,14,3,"descriptive crossed person/seed percentile bootstrap, 2000 draws, RNG731"
naming,temporary_swap,I-shuffled_jepa-graph_time-paired_change,zero_response_error,degrees,5.8108295340231875,5.565160012226307,6.043321949781563,5.534631934465794,6.087027133580581,14,3,"descriptive crossed person/seed percentile bootstrap, 2000 draws, RNG731"
naming,temporary_swap,I-shuffled_jepa-graph_time-paired_change,response_failure_rate,fraction,0.007035383597883594,0.0025047536375661364,0.012260044642857133,0.0022735317122480163,0.011797235483519176,14,3,"descriptive crossed person/seed percentile bootstrap, 2000 draws, RNG731"
naming,temporary_swap,I-shuffled_jepa-graph_time-paired_change,response_failure_contribution,degrees,5.065476190476191,1.8034226190476192,8.827232142857136,1.6369428328185722,8.494009548133809,14,3,"descriptive crossed person/seed percentile bootstrap, 2000 draws, RNG731"
naming,temporary_swap,I-shuffled_jepa-graph_time-paired_change,response_success_contribution,degrees,6.480691154734499,6.201114144398705,6.774627237244626,6.203263105994772,6.758119203474228,14,3,"descriptive crossed person/seed percentile bootstrap, 2000 draws, RNG731"
naming,temporary_swap,M-coordinate-graph_time-base,A_error,degrees,10.24521784322672,8.872547094321288,11.675114663393481,9.162128486645159,11.328307199808282,14,3,"descriptive crossed person/seed percentile bootstrap, 2000 draws, RNG731"
naming,temporary_swap,M-coordinate-graph_time-base,waveform_error,degrees,15.326344151663088,14.337806524918442,16.327447787887433,14.24167817036633,16.41101013295985,14,3,"descriptive crossed person/seed percentile bootstrap, 2000 draws, RNG731"
naming,temporary_swap,M-coordinate-graph_time-base,synthetic_all_nle,dimensionless NLE,0.04655898734775738,0.04418391805506899,0.04931605865026001,0.04371308941237867,0.049404885283136094,14,3,"descriptive crossed person/seed percentile bootstrap, 2000 draws, RNG731"
naming,temporary_swap,M-coordinate-graph_time-base,assignment_failure_rate,fraction,0.3412111590419011,0.32327889707644075,0.3562603127363679,0.32476404732286906,0.3576582707609331,14,3,"descriptive crossed person/seed percentile bootstrap, 2000 draws, RNG731"
naming,temporary_swap,M-coordinate-graph_time-base,left_excursion_error,degrees,26.64934171771749,23.253778302947495,29.52688623918157,23.18456307374639,30.114120361688585,14,3,"descriptive crossed person/seed percentile bootstrap, 2000 draws, RNG731"
naming,temporary_swap,M-coordinate-graph_time-base,right_excursion_error,degrees,24.129376180846446,21.55496510372624,26.548769052231386,21.27498217417181,26.983770187521074,14,3,"descriptive crossed person/seed percentile bootstrap, 2000 draws, RNG731"
naming,temporary_swap,M-coordinate-graph_time-base,response_error,degrees,10.154910048797266,8.21715264911849,12.58552557252656,8.063704374686699,12.24611572290783,14,3,"descriptive crossed person/seed percentile bootstrap, 2000 draws, RNG731"
naming,temporary_swap,M-coordinate-graph_time-base,zero_response_error,degrees,5.8108295340231875,5.565160012226307,6.043321949781563,5.534631934465794,6.087027133580581,14,3,"descriptive crossed person/seed percentile bootstrap, 2000 draws, RNG731"
naming,temporary_swap,M-coordinate-graph_time-base,response_failure_rate,fraction,0.005533050411522631,0.002836991567460317,0.00882926173941798,0.0026822295790512904,0.008383871243993974,14,3,"descriptive crossed person/seed percentile bootstrap, 2000 draws, RNG731"
naming,temporary_swap,M-coordinate-graph_time-base,response_failure_contribution,degrees,3.9837962962962967,2.0426339285714286,6.357068452380948,1.9312052969169287,6.036387295675664,14,3,"descriptive crossed person/seed percentile bootstrap, 2000 draws, RNG731"
naming,temporary_swap,M-coordinate-graph_time-base,response_success_contribution,degrees,6.171113752500967,5.879140180854829,6.456713674192374,5.836800317344482,6.505427187657453,14,3,"descriptive crossed person/seed percentile bootstrap, 2000 draws, RNG731"
naming,temporary_swap,M-coordinate-graph_time-paired_change,A_error,degrees,13.498220030505463,11.153528092037721,16.1501794045638,11.628942902721445,15.367497158289485,14,3,"descriptive crossed person/seed percentile bootstrap, 2000 draws, RNG731"
naming,temporary_swap,M-coordinate-graph_time-paired_change,waveform_error,degrees,20.94156202514666,20.18456701122764,21.800024828402105,20.115410718904823,21.76771333138849,14,3,"descriptive crossed person/seed percentile bootstrap, 2000 draws, RNG731"
naming,temporary_swap,M-coordinate-graph_time-paired_change,synthetic_all_nle,dimensionless NLE,0.05338379898693423,0.05070967751650915,0.056412189722937385,0.05018492761457656,0.05658267035929189,14,3,"descriptive crossed person/seed percentile bootstrap, 2000 draws, RNG731"
naming,temporary_swap,M-coordinate-graph_time-paired_change,assignment_failure_rate,fraction,0.38372916897688664,0.3711896032727516,0.3958118611542208,0.37150370666562277,0.3959546312881504,14,3,"descriptive crossed person/seed percentile bootstrap, 2000 draws, RNG731"
naming,temporary_swap,M-coordinate-graph_time-paired_change,left_excursion_error,degrees,12.092084098689856,10.198192632211127,14.296429681979564,11.0952752980305,13.088892899349212,14,3,"descriptive crossed person/seed percentile bootstrap, 2000 draws, RNG731"
naming,temporary_swap,M-coordinate-graph_time-paired_change,right_excursion_error,degrees,13.754498622068414,11.383058823944925,16.78096580096509,11.859074916663536,15.649922327473293,14,3,"descriptive crossed person/seed percentile bootstrap, 2000 draws, RNG731"
naming,temporary_swap,M-coordinate-graph_time-paired_change,response_error,degrees,11.075421729724289,8.908361440203876,13.78321941545891,8.659283772908983,13.491559686539594,14,3,"descriptive crossed person/seed percentile bootstrap, 2000 draws, RNG731"
naming,temporary_swap,M-coordinate-graph_time-paired_change,zero_response_error,degrees,5.8108295340231875,5.565160012226307,6.043321949781563,5.534631934465794,6.087027133580581,14,3,"descriptive crossed person/seed percentile bootstrap, 2000 draws, RNG731"
naming,temporary_swap,M-coordinate-graph_time-paired_change,response_failure_rate,fraction,0.006825947971781304,0.0038951581790123437,0.010562996031746028,0.0035571006066069787,0.010094795336955625,14,3,"descriptive crossed person/seed percentile bootstrap, 2000 draws, RNG731"
naming,temporary_swap,M-coordinate-graph_time-paired_change,response_failure_contribution,degrees,4.9146825396825395,2.8045138888888883,7.605357142857141,2.5611124367570257,7.268252642608053,14,3,"descriptive crossed person/seed percentile bootstrap, 2000 draws, RNG731"
naming,temporary_swap,M-coordinate-graph_time-paired_change,response_success_contribution,degrees,6.160739190041751,5.913538667232634,6.391917882211089,5.893983069743581,6.427495310339922,14,3,"descriptive crossed person/seed percentile bootstrap, 2000 draws, RNG731"
naming,temporary_swap,M-paired_jepa-graph_time-base,A_error,degrees,10.753054176563039,9.270375823829111,12.715378525830872,9.40166128464021,12.104447068485866,14,3,"descriptive crossed person/seed percentile bootstrap, 2000 draws, RNG731"
naming,temporary_swap,M-paired_jepa-graph_time-base,waveform_error,degrees,16.508030003486112,15.488002522346747,17.718143325659206,15.429225148947909,17.586834858024325,14,3,"descriptive crossed person/seed percentile bootstrap, 2000 draws, RNG731"
naming,temporary_swap,M-paired_jepa-graph_time-base,synthetic_all_nle,dimensionless NLE,0.05796611109774821,0.05414362823137249,0.06284342081009653,0.053018999417272894,0.06291322277822352,14,3,"descriptive crossed person/seed percentile bootstrap, 2000 draws, RNG731"
naming,temporary_swap,M-paired_jepa-graph_time-base,assignment_failure_rate,fraction,0.4237193512307536,0.3972884346288393,0.44060402683604255,0.3995293864657315,0.4479093159957757,14,3,"descriptive crossed person/seed percentile bootstrap, 2000 draws, RNG731"
naming,temporary_swap,M-paired_jepa-graph_time-base,left_excursion_error,degrees,19.715013100425132,17.421393385270207,21.772606909599865,17.461334359963026,21.96869184088724,14,3,"descriptive crossed person/seed percentile bootstrap, 2000 draws, RNG731"
naming,temporary_swap,M-paired_jepa-graph_time-base,right_excursion_error,degrees,17.398653642536605,15.270174056817705,19.531914394685227,15.364834659291303,19.432472625781905,14,3,"descriptive crossed person/seed percentile bootstrap, 2000 draws, RNG731"
naming,temporary_swap,M-paired_jepa-graph_time-base,response_error,degrees,10.789083341918861,8.510007337915454,13.4468471685508,8.118222732353228,13.45994395148449,14,3,"descriptive crossed person/seed percentile bootstrap, 2000 draws, RNG731"
naming,temporary_swap,M-paired_jepa-graph_time-base,zero_response_error,degrees,5.8108295340231875,5.565160012226307,6.043321949781563,5.534631934465794,6.087027133580581,14,3,"descriptive crossed person/seed percentile bootstrap, 2000 draws, RNG731"
naming,temporary_swap,M-paired_jepa-graph_time-base,response_failure_rate,fraction,0.006180188124632567,0.0030654761904761883,0.00977747464726631,0.0024949029936758072,0.009865473255589325,14,3,"descriptive crossed person/seed percentile bootstrap, 2000 draws, RNG731"
naming,temporary_swap,M-paired_jepa-graph_time-base,response_failure_contribution,degrees,4.44973544973545,2.2071428571428573,7.039781746031746,1.7963301554465834,7.1031407440243175,14,3,"descriptive crossed person/seed percentile bootstrap, 2000 draws, RNG731"
naming,temporary_swap,M-paired_jepa-graph_time-base,response_success_contribution,degrees,6.339347892183412,5.905535906131179,6.842975470839592,5.988674263221776,6.690021521145049,14,3,"descriptive crossed person/seed percentile bootstrap, 2000 draws, RNG731"
naming,temporary_swap,M-paired_jepa-graph_time-paired_change,A_error,degrees,15.318334959430967,10.257616417015884,22.156929349184313,13.3946654771215,17.242004441740438,14,3,"descriptive crossed person/seed percentile bootstrap, 2000 draws, RNG731"
naming,temporary_swap,M-paired_jepa-graph_time-paired_change,waveform_error,degrees,21.933005367585988,20.975572257674916,22.892821213842343,20.98533515442274,22.88067558074923,14,3,"descriptive crossed person/seed percentile bootstrap, 2000 draws, RNG731"
naming,temporary_swap,M-paired_jepa-graph_time-paired_change,synthetic_all_nle,dimensionless NLE,0.0649122856936981,0.06138715393033546,0.06927124605737438,0.0605178078240393,0.0693067635633569,14,3,"descriptive crossed person/seed percentile bootstrap, 2000 draws, RNG731"
naming,temporary_swap,M-paired_jepa-graph_time-paired_change,assignment_failure_rate,fraction,0.4311377611537768,0.413887791630362,0.44319422989694773,0.41553827158234724,0.4467372507252064,14,3,"descriptive crossed person/seed percentile bootstrap, 2000 draws, RNG731"
naming,temporary_swap,M-paired_jepa-graph_time-paired_change,left_excursion_error,degrees,16.147598717782017,13.796858119961218,18.270646464680617,14.307010907617617,17.98818652794641,14,3,"descriptive crossed person/seed percentile bootstrap, 2000 draws, RNG731"
naming,temporary_swap,M-paired_jepa-graph_time-paired_change,right_excursion_error,degrees,15.469739398781368,13.457070409492282,18.771145285638898,13.37632125462408,17.56315754293866,14,3,"descriptive crossed person/seed percentile bootstrap, 2000 draws, RNG731"
naming,temporary_swap,M-paired_jepa-graph_time-paired_change,response_error,degrees,10.083843566122315,8.090641420717235,12.210535891336187,8.139463402090731,12.028223730153899,14,3,"descriptive crossed person/seed percentile bootstrap, 2000 draws, RNG731"
naming,temporary_swap,M-paired_jepa-graph_time-paired_change,zero_response_error,degrees,5.8108295340231875,5.565160012226307,6.043321949781563,5.534631934465794,6.087027133580581,14,3,"descriptive crossed person/seed percentile bootstrap, 2000 draws, RNG731"
naming,temporary_swap,M-paired_jepa-graph_time-paired_change,response_failure_rate,fraction,0.005232675631981186,0.0026118138227513217,0.008162891313932975,0.0025853951000931485,0.007879956163869226,14,3,"descriptive crossed person/seed percentile bootstrap, 2000 draws, RNG731"
naming,temporary_swap,M-paired_jepa-graph_time-paired_change,response_failure_contribution,degrees,3.767526455026455,1.8805059523809524,5.877281746031744,1.8614844720670662,5.6735684379858435,14,3,"descriptive crossed person/seed percentile bootstrap, 2000 draws, RNG731"
naming,temporary_swap,M-paired_jepa-graph_time-paired_change,response_success_contribution,degrees,6.31631711109586,5.9597659130596226,6.6687627785476815,6.002169985299612,6.630464236892112,14,3,"descriptive crossed person/seed percentile bootstrap, 2000 draws, RNG731"
naming,temporary_swap,P-direct-none-base,A_error,degrees,8.360587241143879,7.55228512331272,9.27444466117396,7.464504690176785,9.256669792110973,14,3,"descriptive crossed person/seed percentile bootstrap, 2000 draws, RNG731"
naming,temporary_swap,P-direct-none-base,waveform_error,degrees,11.64501846650694,10.872404459392675,12.462486417967034,10.818488063169001,12.471548869844872,14,3,"descriptive crossed person/seed percentile bootstrap, 2000 draws, RNG731"
naming,temporary_swap,P-direct-none-base,synthetic_all_nle,dimensionless NLE,0.029244226407378025,0.027779743252210345,0.030771327510950137,0.027568696710488342,0.030919756104267716,14,3,"descriptive crossed person/seed percentile bootstrap, 2000 draws, RNG731"
naming,temporary_swap,P-direct-none-base,assignment_failure_rate,fraction,0.20966664831178183,0.19107124044285168,0.22428883159923357,0.19000872480863384,0.22932457181492993,14,3,"descriptive crossed person/seed percentile bootstrap, 2000 draws, RNG731"
naming,temporary_swap,P-direct-none-base,left_excursion_error,degrees,16.715278316915846,14.314952091515629,18.844626246369103,14.203827353412757,19.226729280418937,14,3,"descriptive crossed person/seed percentile bootstrap, 2000 draws, RNG731"
naming,temporary_swap,P-direct-none-base,right_excursion_error,degrees,15.313967398342877,13.541519937327033,16.90624118116764,13.52397905456796,17.103955742117794,14,3,"descriptive crossed person/seed percentile bootstrap, 2000 draws, RNG731"
naming,temporary_swap,P-direct-none-base,response_error,degrees,7.634098090339744,6.337594478468927,9.37620560735205,6.135941371090386,9.132254809589101,14,3,"descriptive crossed person/seed percentile bootstrap, 2000 draws, RNG731"
naming,temporary_swap,P-direct-none-base,zero_response_error,degrees,5.8108295340231875,5.565160012226307,6.043321949781563,5.534631934465794,6.087027133580581,14,3,"descriptive crossed person/seed percentile bootstrap, 2000 draws, RNG731"
naming,temporary_swap,P-direct-none-base,response_failure_rate,fraction,0.0035296333039388584,0.0016724192570546734,0.005919725529100527,0.0014058468731392763,0.00565341973473844,14,3,"descriptive crossed person/seed percentile bootstrap, 2000 draws, RNG731"
naming,temporary_swap,P-direct-none-base,response_failure_contribution,degrees,2.541335978835979,1.204141865079365,4.262202380952379,1.0122097486602792,4.070462209011678,14,3,"descriptive crossed person/seed percentile bootstrap, 2000 draws, RNG731"
naming,temporary_swap,P-direct-none-base,response_success_contribution,degrees,5.092762111503766,4.871185575051023,5.297355834813887,4.854391431016172,5.331132791991362,14,3,"descriptive crossed person/seed percentile bootstrap, 2000 draws, RNG731"
naming,temporary_swap,P-direct-none-paired_change,A_error,degrees,13.889795111611265,12.132091576620134,15.663803025656783,12.646866664968767,15.132723558253764,14,3,"descriptive crossed person/seed percentile bootstrap, 2000 draws, RNG731"
naming,temporary_swap,P-direct-none-paired_change,waveform_error,degrees,18.943605027561905,17.87572032149843,20.025214702036457,17.653535886396533,20.233674168727276,14,3,"descriptive crossed person/seed percentile bootstrap, 2000 draws, RNG731"
naming,temporary_swap,P-direct-none-paired_change,synthetic_all_nle,dimensionless NLE,0.050220678355572354,0.0477487671272773,0.053032602253546966,0.047263215258514235,0.05317814145263046,14,3,"descriptive crossed person/seed percentile bootstrap, 2000 draws, RNG731"
naming,temporary_swap,P-direct-none-paired_change,assignment_failure_rate,fraction,0.38798741452135443,0.36829359260188954,0.4044147429670152,0.37074003042438003,0.40523479861832895,14,3,"descriptive crossed person/seed percentile bootstrap, 2000 draws, RNG731"
naming,temporary_swap,P-direct-none-paired_change,left_excursion_error,degrees,13.082635971055078,11.913465614579225,14.387287562559097,11.87691044985785,14.2883614922523,14,3,"descriptive crossed person/seed percentile bootstrap, 2000 draws, RNG731"
naming,temporary_swap,P-direct-none-paired_change,right_excursion_error,degrees,15.484593957282668,13.562062080319098,17.845919707415767,13.697511266889098,17.271676647676237,14,3,"descriptive crossed person/seed percentile bootstrap, 2000 draws, RNG731"
naming,temporary_swap,P-direct-none-paired_change,response_error,degrees,11.902086927842607,9.564568063516363,14.133412464906739,9.436855128201058,14.367318727484156,14,3,"descriptive crossed person/seed percentile bootstrap, 2000 draws, RNG731"
naming,temporary_swap,P-direct-none-paired_change,zero_response_error,degrees,5.8108295340231875,5.565160012226307,6.043321949781563,5.534631934465794,6.087027133580581,14,3,"descriptive crossed person/seed percentile bootstrap, 2000 draws, RNG731"
naming,temporary_swap,P-direct-none-paired_change,response_failure_rate,fraction,0.00840590094062316,0.0053662712191357995,0.01145514127718988,0.005029223107397415,0.011782578773848905,14,3,"descriptive crossed person/seed percentile bootstrap, 2000 draws, RNG731"
naming,temporary_swap,P-direct-none-paired_change,response_failure_contribution,degrees,6.052248677248677,3.8637152777777777,8.247701719576716,3.6210406373261397,8.483456717171215,14,3,"descriptive crossed person/seed percentile bootstrap, 2000 draws, RNG731"
naming,temporary_swap,P-direct-none-paired_change,response_success_contribution,degrees,5.849838250593931,5.551959033061376,6.205379420097237,5.5134234417318035,6.186253059456059,14,3,"descriptive crossed person/seed percentile bootstrap, 2000 draws, RNG731"
observation,clear,F-response-coordinate_delta_v1-graph_time-base,A_error,degrees,8.217994297389055,6.893654890496512,9.644404459437787,6.961910297206482,9.47407829757163,14,3,"descriptive crossed person/seed percentile bootstrap, 2000 draws, RNG731"
observation,clear,F-response-coordinate_delta_v1-graph_time-base,waveform_error,degrees,14.206342794361412,13.637025075067797,14.775125585044801,13.634929071843326,14.777756516879505,14,3,"descriptive crossed person/seed percentile bootstrap, 2000 draws, RNG731"
observation,clear,F-response-coordinate_delta_v1-graph_time-base,synthetic_all_nle,dimensionless NLE,0.050860308270708886,0.04812926905005525,0.05443813963721463,0.04731819043904396,0.0544024261023738,14,3,"descriptive crossed person/seed percentile bootstrap, 2000 draws, RNG731"
observation,clear,F-response-coordinate_delta_v1-graph_time-base,assignment_failure_rate,fraction,0.39582130475360716,0.37814115334318604,0.41935365237735045,0.37702195735144567,0.41462065215576854,14,3,"descriptive crossed person/seed percentile bootstrap, 2000 draws, RNG731"
observation,clear,F-response-coordinate_delta_v1-graph_time-base,left_excursion_error,degrees,24.870794882963153,22.546267417466584,27.065807806942644,22.274494224717664,27.467095541208636,14,3,"descriptive crossed person/seed percentile bootstrap, 2000 draws, RNG731"
observation,clear,F-response-coordinate_delta_v1-graph_time-base,right_excursion_error,degrees,22.913472703024166,20.750465314158326,25.182255209657814,21.050287740738053,24.77665766531027,14,3,"descriptive crossed person/seed percentile bootstrap, 2000 draws, RNG731"
observation,clear,F-response-coordinate_delta_v1-graph_time-base,response_error,degrees,5.890485344678143,5.623649832767425,6.156185981151475,5.601985792129716,6.178984897226568,14,3,"descriptive crossed person/seed percentile bootstrap, 2000 draws, RNG731"
observation,clear,F-response-coordinate_delta_v1-graph_time-base,zero_response_error,degrees,5.810829534023187,5.565160012226307,6.043321949781563,5.534631934465793,6.08702713358058,14,3,"descriptive crossed person/seed percentile bootstrap, 2000 draws, RNG731"
observation,clear,F-response-coordinate_delta_v1-graph_time-base,response_failure_rate,fraction,0.0,0.0,0.0,0.0,0.0,14,3,"descriptive crossed person/seed percentile bootstrap, 2000 draws, RNG731"
observation,clear,F-response-coordinate_delta_v1-graph_time-base,response_failure_contribution,degrees,0.0,0.0,0.0,0.0,0.0,14,3,"descriptive crossed person/seed percentile bootstrap, 2000 draws, RNG731"
observation,clear,F-response-coordinate_delta_v1-graph_time-base,response_success_contribution,degrees,5.890485344678143,5.623649832767425,6.156185981151475,5.601985792129716,6.178984897226568,14,3,"descriptive crossed person/seed percentile bootstrap, 2000 draws, RNG731"
observation,clear,F-response-coordinate_delta_v1-graph_time-paired_change,A_error,degrees,11.065940776299723,8.020380259895278,13.769703075771753,9.629765687053018,12.502115865546427,14,3,"descriptive crossed person/seed percentile bootstrap, 2000 draws, RNG731"
observation,clear,F-response-coordinate_delta_v1-graph_time-paired_change,waveform_error,degrees,18.37770594939562,17.558003342944044,19.290098158139283,17.758710775801596,18.99670112298965,14,3,"descriptive crossed person/seed percentile bootstrap, 2000 draws, RNG731"
observation,clear,F-response-coordinate_delta_v1-graph_time-paired_change,synthetic_all_nle,dimensionless NLE,0.05730571720342882,0.05418200204348593,0.06141260358541234,0.053257989440691766,0.06135344496616586,14,3,"descriptive crossed person/seed percentile bootstrap, 2000 draws, RNG731"
observation,clear,F-response-coordinate_delta_v1-graph_time-paired_change,assignment_failure_rate,fraction,0.4549188523326829,0.43120423777002276,0.47699848506564013,0.43926773890233145,0.4705699657630345,14,3,"descriptive crossed person/seed percentile bootstrap, 2000 draws, RNG731"
observation,clear,F-response-coordinate_delta_v1-graph_time-paired_change,left_excursion_error,degrees,10.368906926117273,8.311492384343582,12.395775194801557,8.580709648816985,12.15710420341756,14,3,"descriptive crossed person/seed percentile bootstrap, 2000 draws, RNG731"
observation,clear,F-response-coordinate_delta_v1-graph_time-paired_change,right_excursion_error,degrees,15.579814007511478,9.962470858001662,20.761120450139305,12.912625644484924,18.247002370538024,14,3,"descriptive crossed person/seed percentile bootstrap, 2000 draws, RNG731"
observation,clear,F-response-coordinate_delta_v1-graph_time-paired_change,response_error,degrees,6.0057993787193045,5.701340708535392,6.309383990958029,5.720641895089688,6.290956862348919,14,3,"descriptive crossed person/seed percentile bootstrap, 2000 draws, RNG731"
observation,clear,F-response-coordinate_delta_v1-graph_time-paired_change,zero_response_error,degrees,5.810829534023187,5.565160012226307,6.043321949781563,5.534631934465793,6.08702713358058,14,3,"descriptive crossed person/seed percentile bootstrap, 2000 draws, RNG731"
observation,clear,F-response-coordinate_delta_v1-graph_time-paired_change,response_failure_rate,fraction,5.511463844797176e-05,0.0,0.00022045855379188703,-6.395329896730545e-05,0.00017418257586324898,14,3,"descriptive crossed person/seed percentile bootstrap, 2000 draws, RNG731"
observation,clear,F-response-coordinate_delta_v1-graph_time-paired_change,response_failure_contribution,degrees,0.03968253968253969,0.0,0.15873015873015875,-0.046046375256459986,0.12541145462153935,14,3,"descriptive crossed person/seed percentile bootstrap, 2000 draws, RNG731"
observation,clear,F-response-coordinate_delta_v1-graph_time-paired_change,response_success_contribution,degrees,5.966116839036765,5.667906610187743,6.286323517031433,5.690056575378563,6.242177102694967,14,3,"descriptive crossed person/seed percentile bootstrap, 2000 draws, RNG731"
observation,clear,F-response-jepa_delta_v1-graph_time-base,A_error,degrees,8.828504166260311,7.520081894193473,10.439914114992279,7.425310698308653,10.231697634211969,14,3,"descriptive crossed person/seed percentile bootstrap, 2000 draws, RNG731"
observation,clear,F-response-jepa_delta_v1-graph_time-base,waveform_error,degrees,14.004235329796998,13.233552232704069,14.96642038438935,13.484164739327037,14.524305920266956,14,3,"descriptive crossed person/seed percentile bootstrap, 2000 draws, RNG731"
observation,clear,F-response-jepa_delta_v1-graph_time-base,synthetic_all_nle,dimensionless NLE,0.05750123749773143,0.05322459096915727,0.06305743615212991,0.05177069681674002,0.06323177817872283,14,3,"descriptive crossed person/seed percentile bootstrap, 2000 draws, RNG731"
observation,clear,F-response-jepa_delta_v1-graph_time-base,assignment_failure_rate,fraction,0.45769855350479477,0.44494710476527094,0.4702423947179973,0.446070967309811,0.46932613969977854,14,3,"descriptive crossed person/seed percentile bootstrap, 2000 draws, RNG731"
observation,clear,F-response-jepa_delta_v1-graph_time-base,left_excursion_error,degrees,12.459504542889178,11.371582308012055,13.598679119104078,11.354868052707614,13.564141033070742,14,3,"descriptive crossed person/seed percentile bootstrap, 2000 draws, RNG731"
observation,clear,F-response-jepa_delta_v1-graph_time-base,right_excursion_error,degrees,10.737247001774389,9.51110564101995,11.93699788966081,9.802090074173623,11.67240392937515,14,3,"descriptive crossed person/seed percentile bootstrap, 2000 draws, RNG731"
observation,clear,F-response-jepa_delta_v1-graph_time-base,response_error,degrees,6.1594130623886185,5.791665524815358,6.571801812388612,5.848668602448955,6.470157522328282,14,3,"descriptive crossed person/seed percentile bootstrap, 2000 draws, RNG731"
observation,clear,F-response-jepa_delta_v1-graph_time-base,zero_response_error,degrees,5.810829534023187,5.565160012226307,6.043321949781563,5.534631934465793,6.08702713358058,14,3,"descriptive crossed person/seed percentile bootstrap, 2000 draws, RNG731"
observation,clear,F-response-jepa_delta_v1-graph_time-base,response_failure_rate,fraction,5.511463844797176e-05,0.0,0.00033068783068783056,-6.395329896730545e-05,0.00017418257586324898,14,3,"descriptive crossed person/seed percentile bootstrap, 2000 draws, RNG731"
observation,clear,F-response-jepa_delta_v1-graph_time-base,response_failure_contribution,degrees,0.03968253968253969,0.0,0.23809523809523808,-0.046046375256459986,0.12541145462153935,14,3,"descriptive crossed person/seed percentile bootstrap, 2000 draws, RNG731"
observation,clear,F-response-jepa_delta_v1-graph_time-base,response_success_contribution,degrees,6.119730522706078,5.759942289913318,6.541237695585839,5.814615252109773,6.424845793302385,14,3,"descriptive crossed person/seed percentile bootstrap, 2000 draws, RNG731"
observation,clear,F-response-jepa_delta_v1-graph_time-paired_change,A_error,degrees,10.460941139054421,8.583832402770602,13.58115194745188,8.33942867011167,12.582453607997175,14,3,"descriptive crossed person/seed percentile bootstrap, 2000 draws, RNG731"
observation,clear,F-response-jepa_delta_v1-graph_time-paired_change,waveform_error,degrees,19.486547092043914,18.222953338698755,20.863613398301982,18.44867537593432,20.524418808153506,14,3,"descriptive crossed person/seed percentile bootstrap, 2000 draws, RNG731"
observation,clear,F-response-jepa_delta_v1-graph_time-paired_change,synthetic_all_nle,dimensionless NLE,0.06400033846926236,0.059833909226387025,0.0691800403992096,0.05874169205998716,0.06925898487853754,14,3,"descriptive crossed person/seed percentile bootstrap, 2000 draws, RNG731"
observation,clear,F-response-jepa_delta_v1-graph_time-paired_change,assignment_failure_rate,fraction,0.4781521522773796,0.46891724449273575,0.4902003815398815,0.46985295803466887,0.48645134652009037,14,3,"descriptive crossed person/seed percentile bootstrap, 2000 draws, RNG731"
observation,clear,F-response-jepa_delta_v1-graph_time-paired_change,left_excursion_error,degrees,10.875958250968194,7.345923451608381,15.19823256418918,6.402502110345059,15.349414391591328,14,3,"descriptive crossed person/seed percentile bootstrap, 2000 draws, RNG731"
observation,clear,F-response-jepa_delta_v1-graph_time-paired_change,right_excursion_error,degrees,9.369446361519524,6.216185853552049,13.793191520429287,7.530308575527151,11.208584147511893,14,3,"descriptive crossed person/seed percentile bootstrap, 2000 draws, RNG731"
observation,clear,F-response-jepa_delta_v1-graph_time-paired_change,response_error,degrees,6.100496029731958,5.803196074168941,6.380019967304515,5.836932457542177,6.364059601921739,14,3,"descriptive crossed person/seed percentile bootstrap, 2000 draws, RNG731"
observation,clear,F-response-jepa_delta_v1-graph_time-paired_change,zero_response_error,degrees,5.810829534023187,5.565160012226307,6.043321949781563,5.534631934465793,6.08702713358058,14,3,"descriptive crossed person/seed percentile bootstrap, 2000 draws, RNG731"
observation,clear,F-response-jepa_delta_v1-graph_time-paired_change,response_failure_rate,fraction,0.0,0.0,0.0,0.0,0.0,14,3,"descriptive crossed person/seed percentile bootstrap, 2000 draws, RNG731"
observation,clear,F-response-jepa_delta_v1-graph_time-paired_change,response_failure_contribution,degrees,0.0,0.0,0.0,0.0,0.0,14,3,"descriptive crossed person/seed percentile bootstrap, 2000 draws, RNG731"
observation,clear,F-response-jepa_delta_v1-graph_time-paired_change,response_success_contribution,degrees,6.100496029731958,5.803196074168941,6.380019967304515,5.836932457542177,6.364059601921739,14,3,"descriptive crossed person/seed percentile bootstrap, 2000 draws, RNG731"
observation,clear,F-response-jepa_endpoint_v1-graph_time-base,A_error,degrees,8.524898687866255,7.321371792298258,9.92707132584994,7.0902692415878805,9.959528134144627,14,3,"descriptive crossed person/seed percentile bootstrap, 2000 draws, RNG731"
observation,clear,F-response-jepa_endpoint_v1-graph_time-base,waveform_error,degrees,13.63043673933934,13.14105955275368,14.161445226972171,13.192483856234881,14.06838962244379,14,3,"descriptive crossed person/seed percentile bootstrap, 2000 draws, RNG731"
observation,clear,F-response-jepa_endpoint_v1-graph_time-base,synthetic_all_nle,dimensionless NLE,0.05783448691497273,0.05339108621996775,0.06360719988808955,0.05171508246112779,0.06395389136881767,14,3,"descriptive crossed person/seed percentile bootstrap, 2000 draws, RNG731"
observation,clear,F-response-jepa_endpoint_v1-graph_time-base,assignment_failure_rate,fraction,0.4708063185945228,0.45842695747845164,0.4846789855671714,0.45947355452438565,0.48213908266465977,14,3,"descriptive crossed person/seed percentile bootstrap, 2000 draws, RNG731"
observation,clear,F-response-jepa_endpoint_v1-graph_time-base,left_excursion_error,degrees,13.688520168783539,11.792799256200977,15.497519824435294,12.347962985726191,15.02907735184089,14,3,"descriptive crossed person/seed percentile bootstrap, 2000 draws, RNG731"
observation,clear,F-response-jepa_endpoint_v1-graph_time-base,right_excursion_error,degrees,13.33942504950589,10.843126538656216,15.852276796720172,12.21158284569205,14.467267253319726,14,3,"descriptive crossed person/seed percentile bootstrap, 2000 draws, RNG731"
observation,clear,F-response-jepa_endpoint_v1-graph_time-base,response_error,degrees,6.346133215222018,6.049069041814432,6.618213473002536,6.066917022741115,6.625349407702921,14,3,"descriptive crossed person/seed percentile bootstrap, 2000 draws, RNG731"
observation,clear,F-response-jepa_endpoint_v1-graph_time-base,zero_response_error,degrees,5.810829534023187,5.565160012226307,6.043321949781563,5.534631934465793,6.08702713358058,14,3,"descriptive crossed person/seed percentile bootstrap, 2000 draws, RNG731"
observation,clear,F-response-jepa_endpoint_v1-graph_time-base,response_failure_rate,fraction,3.6743092298647793e-05,0.0,0.00014697236919459117,-4.263553264487028e-05,0.00011612171724216587,14,3,"descriptive crossed person/seed percentile bootstrap, 2000 draws, RNG731"
observation,clear,F-response-jepa_endpoint_v1-graph_time-base,response_failure_contribution,degrees,0.026455026455026457,0.0,0.10582010582010583,-0.030697583504306663,0.08360763641435957,14,3,"descriptive crossed person/seed percentile bootstrap, 2000 draws, RNG731"
observation,clear,F-response-jepa_endpoint_v1-graph_time-base,response_success_contribution,degrees,6.31967818876699,6.017379238306974,6.599209131243774,6.043631468445162,6.595724909088822,14,3,"descriptive crossed person/seed percentile bootstrap, 2000 draws, RNG731"
observation,clear,F-response-jepa_endpoint_v1-graph_time-paired_change,A_error,degrees,14.485850204048255,10.633354011484089,17.44262808541346,13.66385922725313,15.307841180843376,14,3,"descriptive crossed person/seed percentile bootstrap, 2000 draws, RNG731"
observation,clear,F-response-jepa_endpoint_v1-graph_time-paired_change,waveform_error,degrees,19.6582280032744,18.177233801149125,21.632945128288174,18.29963643264131,21.0168195739075,14,3,"descriptive crossed person/seed percentile bootstrap, 2000 draws, RNG731"
observation,clear,F-response-jepa_endpoint_v1-graph_time-paired_change,synthetic_all_nle,dimensionless NLE,0.06445138217476591,0.060274040775045105,0.06918493222054978,0.05945638903653468,0.06944637531299713,14,3,"descriptive crossed person/seed percentile bootstrap, 2000 draws, RNG731"
observation,clear,F-response-jepa_endpoint_v1-graph_time-paired_change,assignment_failure_rate,fraction,0.4726054262101578,0.46432854046564376,0.4815390360443548,0.46625872201563723,0.47895213040467854,14,3,"descriptive crossed person/seed percentile bootstrap, 2000 draws, RNG731"
observation,clear,F-response-jepa_endpoint_v1-graph_time-paired_change,left_excursion_error,degrees,10.503238592965644,7.100771956747798,15.8396903768537,7.3771308755548475,13.629346310376441,14,3,"descriptive crossed person/seed percentile bootstrap, 2000 draws, RNG731"
observation,clear,F-response-jepa_endpoint_v1-graph_time-paired_change,right_excursion_error,degrees,10.224864473316362,5.792646221311301,14.456565576257564,8.304729693527293,12.144999253105428,14,3,"descriptive crossed person/seed percentile bootstrap, 2000 draws, RNG731"
observation,clear,F-response-jepa_endpoint_v1-graph_time-paired_change,response_error,degrees,6.345600667658833,6.052088057344929,6.6807955507813555,6.015492305494714,6.6757090298229524,14,3,"descriptive crossed person/seed percentile bootstrap, 2000 draws, RNG731"
observation,clear,F-response-jepa_endpoint_v1-graph_time-paired_change,zero_response_error,degrees,5.810829534023187,5.565160012226307,6.043321949781563,5.534631934465793,6.08702713358058,14,3,"descriptive crossed person/seed percentile bootstrap, 2000 draws, RNG731"
observation,clear,F-response-jepa_endpoint_v1-graph_time-paired_change,response_failure_rate,fraction,0.00012860082304526747,0.0,0.0006613756613756611,-0.00014922436425704615,0.00040642601034758107,14,3,"descriptive crossed person/seed percentile bootstrap, 2000 draws, RNG731"
observation,clear,F-response-jepa_endpoint_v1-graph_time-paired_change,response_failure_contribution,degrees,0.0925925925925926,0.0,0.47619047619047616,-0.10744154226507334,0.29262672745025853,14,3,"descriptive crossed person/seed percentile bootstrap, 2000 draws, RNG731"
observation,clear,F-response-jepa_endpoint_v1-graph_time-paired_change,response_success_contribution,degrees,6.253008075066241,6.012775236299909,6.481438818746799,6.004238176772631,6.501777973359848,14,3,"descriptive crossed person/seed percentile bootstrap, 2000 draws, RNG731"
observation,clear,I-initialized-none-base,A_error,degrees,8.581287260686535,7.5492296228357505,9.743651734752477,7.3391323707563645,9.823442150616707,14,3,"descriptive crossed person/seed percentile bootstrap, 2000 draws, RNG731"
observation,clear,I-initialized-none-base,waveform_error,degrees,13.506211939982174,13.006253192731448,14.054349945451019,12.961519194195168,14.050904685769174,14,3,"descriptive crossed person/seed percentile bootstrap, 2000 draws, RNG731"
observation,clear,I-initialized-none-base,synthetic_all_nle,dimensionless NLE,0.06251712785748795,0.05758144076248723,0.06871058421072945,0.05627345766508736,0.06876079804988854,14,3,"descriptive crossed person/seed percentile bootstrap, 2000 draws, RNG731"
observation,clear,I-initialized-none-base,assignment_failure_rate,fraction,0.4787828603166863,0.4687134178146526,0.491131915085599,0.4660379972589001,0.49152772337447254,14,3,"descriptive crossed person/seed percentile bootstrap, 2000 draws, RNG731"
observation,clear,I-initialized-none-base,left_excursion_error,degrees,6.7462660228491655,6.167297376531026,7.335084939262842,6.146070850249109,7.346461195449222,14,3,"descriptive crossed person/seed percentile bootstrap, 2000 draws, RNG731"
observation,clear,I-initialized-none-base,right_excursion_error,degrees,6.068719825519915,5.169022480820076,7.088603723768193,5.206953768943027,6.930485882096802,14,3,"descriptive crossed person/seed percentile bootstrap, 2000 draws, RNG731"
observation,clear,I-initialized-none-base,response_error,degrees,6.642325302501973,6.393710738600618,6.910497174924432,6.344256322497633,6.940394282506314,14,3,"descriptive crossed person/seed percentile bootstrap, 2000 draws, RNG731"
observation,clear,I-initialized-none-base,zero_response_error,degrees,5.810829534023187,5.565160012226307,6.043321949781563,5.534631934465793,6.08702713358058,14,3,"descriptive crossed person/seed percentile bootstrap, 2000 draws, RNG731"
observation,clear,I-initialized-none-base,response_failure_rate,fraction,0.0,0.0,0.0,0.0,0.0,14,3,"descriptive crossed person/seed percentile bootstrap, 2000 draws, RNG731"
observation,clear,I-initialized-none-base,response_failure_contribution,degrees,0.0,0.0,0.0,0.0,0.0,14,3,"descriptive crossed person/seed percentile bootstrap, 2000 draws, RNG731"
observation,clear,I-initialized-none-base,response_success_contribution,degrees,6.642325302501973,6.393710738600618,6.910497174924432,6.344256322497633,6.940394282506314,14,3,"descriptive crossed person/seed percentile bootstrap, 2000 draws, RNG731"
observation,clear,I-initialized-none-paired_change,A_error,degrees,10.417611643105882,8.542677409694438,12.97771029374987,8.401743129983771,12.433480156227994,14,3,"descriptive crossed person/seed percentile bootstrap, 2000 draws, RNG731"
observation,clear,I-initialized-none-paired_change,waveform_error,degrees,19.80747029265474,18.87575349926403,21.004989878018883,18.724596195101878,20.8903443902076,14,3,"descriptive crossed person/seed percentile bootstrap, 2000 draws, RNG731"
observation,clear,I-initialized-none-paired_change,synthetic_all_nle,dimensionless NLE,0.06558435771422069,0.06285665349798424,0.06913012536582723,0.061996790923006126,0.06917192450543523,14,3,"descriptive crossed person/seed percentile bootstrap, 2000 draws, RNG731"
observation,clear,I-initialized-none-paired_change,assignment_failure_rate,fraction,0.467258159497861,0.46270289599178704,0.47107146731880123,0.4634088659234223,0.4711074530722998,14,3,"descriptive crossed person/seed percentile bootstrap, 2000 draws, RNG731"
observation,clear,I-initialized-none-paired_change,left_excursion_error,degrees,13.901567509326474,10.29520529517342,18.306315393535073,10.268645063087504,17.53448995556545,14,3,"descriptive crossed person/seed percentile bootstrap, 2000 draws, RNG731"
observation,clear,I-initialized-none-paired_change,right_excursion_error,degrees,9.700438247274631,8.200040562277987,11.340617854223916,8.195001504952998,11.205874989596268,14,3,"descriptive crossed person/seed percentile bootstrap, 2000 draws, RNG731"
observation,clear,I-initialized-none-paired_change,response_error,degrees,6.483333284061985,6.17714744934578,6.8905267019833705,6.18350566775028,6.783160900373689,14,3,"descriptive crossed person/seed percentile bootstrap, 2000 draws, RNG731"
observation,clear,I-initialized-none-paired_change,zero_response_error,degrees,5.810829534023187,5.565160012226307,6.043321949781563,5.534631934465793,6.08702713358058,14,3,"descriptive crossed person/seed percentile bootstrap, 2000 draws, RNG731"
observation,clear,I-initialized-none-paired_change,response_failure_rate,fraction,0.00011022927689594353,0.0,0.0006613756613756611,-0.000127906597934611,0.0003483651517264981,14,3,"descriptive crossed person/seed percentile bootstrap, 2000 draws, RNG731"
observation,clear,I-initialized-none-paired_change,response_failure_contribution,degrees,0.07936507936507937,0.0,0.47619047619047616,-0.09209275051291997,0.2508229092430787,14,3,"descriptive crossed person/seed percentile bootstrap, 2000 draws, RNG731"
observation,clear,I-initialized-none-paired_change,response_success_contribution,degrees,6.4039682046969055,6.160526218910623,6.630522788241569,6.15914587681979,6.648790532574023,14,3,"descriptive crossed person/seed percentile bootstrap, 2000 draws, RNG731"
observation,clear,I-shuffled_jepa-graph_time-base,A_error,degrees,8.806964528397348,7.620599218658094,10.164014642425544,7.516707988211588,10.097221068583107,14,3,"descriptive crossed person/seed percentile bootstrap, 2000 draws, RNG731"
observation,clear,I-shuffled_jepa-graph_time-base,waveform_error,degrees,13.344620143020382,12.832548589420535,13.911578725977584,12.781214043490031,13.90802624255073,14,3,"descriptive crossed person/seed percentile bootstrap, 2000 draws, RNG731"
observation,clear,I-shuffled_jepa-graph_time-base,synthetic_all_nle,dimensionless NLE,0.061863716284860704,0.05680788620722858,0.06785161090880605,0.05569284486216858,0.06803458770755284,14,3,"descriptive crossed person/seed percentile bootstrap, 2000 draws, RNG731"
observation,clear,I-shuffled_jepa-graph_time-base,assignment_failure_rate,fraction,0.4736681097802385,0.46554481134952574,0.483707827732219,0.46368062504237245,0.4836555945181042,14,3,"descriptive crossed person/seed percentile bootstrap, 2000 draws, RNG731"
observation,clear,I-shuffled_jepa-graph_time-base,left_excursion_error,degrees,7.445287747686367,6.433386881074264,8.538318194170225,6.875384131720633,8.015191363652098,14,3,"descriptive crossed person/seed percentile bootstrap, 2000 draws, RNG731"
observation,clear,I-shuffled_jepa-graph_time-base,right_excursion_error,degrees,6.398915715692995,5.400007467516559,7.677193910106156,5.4789392712380165,7.318892160147974,14,3,"descriptive crossed person/seed percentile bootstrap, 2000 draws, RNG731"
observation,clear,I-shuffled_jepa-graph_time-base,response_error,degrees,6.519755999582455,6.217029602308507,6.834066351683905,6.216403458264874,6.823108540900033,14,3,"descriptive crossed person/seed percentile bootstrap, 2000 draws, RNG731"
observation,clear,I-shuffled_jepa-graph_time-base,zero_response_error,degrees,5.810829534023187,5.565160012226307,6.043321949781563,5.534631934465793,6.08702713358058,14,3,"descriptive crossed person/seed percentile bootstrap, 2000 draws, RNG731"
observation,clear,I-shuffled_jepa-graph_time-base,response_failure_rate,fraction,0.0,0.0,0.0,0.0,0.0,14,3,"descriptive crossed person/seed percentile bootstrap, 2000 draws, RNG731"
observation,clear,I-shuffled_jepa-graph_time-base,response_failure_contribution,degrees,0.0,0.0,0.0,0.0,0.0,14,3,"descriptive crossed person/seed percentile bootstrap, 2000 draws, RNG731"
observation,clear,I-shuffled_jepa-graph_time-base,response_success_contribution,degrees,6.519755999582455,6.217029602308507,6.834066351683905,6.216403458264874,6.823108540900033,14,3,"descriptive crossed person/seed percentile bootstrap, 2000 draws, RNG731"
observation,clear,I-shuffled_jepa-graph_time-paired_change,A_error,degrees,9.396453229696242,8.181606577501169,10.889557881651557,8.07396751447294,10.718938944919547,14,3,"descriptive crossed person/seed percentile bootstrap, 2000 draws, RNG731"
observation,clear,I-shuffled_jepa-graph_time-paired_change,waveform_error,degrees,18.806886813438002,17.80351403418703,20.09560544819294,17.924537398938202,19.68923622793781,14,3,"descriptive crossed person/seed percentile bootstrap, 2000 draws, RNG731"
observation,clear,I-shuffled_jepa-graph_time-paired_change,synthetic_all_nle,dimensionless NLE,0.06550403560058304,0.06280988536562349,0.06898406815720272,0.06196042582341498,0.06904764537775113,14,3,"descriptive crossed person/seed percentile bootstrap, 2000 draws, RNG731"
observation,clear,I-shuffled_jepa-graph_time-paired_change,assignment_failure_rate,fraction,0.4663564560705397,0.461044051229445,0.47061702675988176,0.4630916277161414,0.46962128442493795,14,3,"descriptive crossed person/seed percentile bootstrap, 2000 draws, RNG731"
observation,clear,I-shuffled_jepa-graph_time-paired_change,left_excursion_error,degrees,12.2472210740707,9.658070516449868,15.207336112589138,9.594248104658268,14.90019404348313,14,3,"descriptive crossed person/seed percentile bootstrap, 2000 draws, RNG731"
observation,clear,I-shuffled_jepa-graph_time-paired_change,right_excursion_error,degrees,10.73466641661497,8.159497396447637,13.622238791037415,8.796300908740346,12.673031924489592,14,3,"descriptive crossed person/seed percentile bootstrap, 2000 draws, RNG731"
observation,clear,I-shuffled_jepa-graph_time-paired_change,response_error,degrees,7.186596191436634,6.255994731482876,8.972703308994909,6.457418574111315,7.915773808761956,14,3,"descriptive crossed person/seed percentile bootstrap, 2000 draws, RNG731"
observation,clear,I-shuffled_jepa-graph_time-paired_change,zero_response_error,degrees,5.810829534023187,5.565160012226307,6.043321949781563,5.534631934465793,6.08702713358058,14,3,"descriptive crossed person/seed percentile bootstrap, 2000 draws, RNG731"
observation,clear,I-shuffled_jepa-graph_time-paired_change,response_failure_rate,fraction,0.001258450911228689,0.0,0.003858575837742501,8.79639792282505e-05,0.0024289378432291275,14,3,"descriptive crossed person/seed percentile bootstrap, 2000 draws, RNG731"
observation,clear,I-shuffled_jepa-graph_time-paired_change,response_failure_contribution,degrees,0.9060846560846562,0.0,2.778174603174601,0.06333406504434003,1.7488352471249722,14,3,"descriptive crossed person/seed percentile bootstrap, 2000 draws, RNG731"
observation,clear,I-shuffled_jepa-graph_time-paired_change,response_success_contribution,degrees,6.2805115353519785,6.025812831355986,6.524977433296212,6.023840804183023,6.537182266520934,14,3,"descriptive crossed person/seed percentile bootstrap, 2000 draws, RNG731"
observation,clear,M-coordinate-graph_time-base,A_error,degrees,8.134417179633266,6.965725076585298,9.409565518786978,6.866738316919471,9.402096042347063,14,3,"descriptive crossed person/seed percentile bootstrap, 2000 draws, RNG731"
observation,clear,M-coordinate-graph_time-base,waveform_error,degrees,13.682878085946099,13.14362149650072,14.187850972409896,13.109855606259773,14.255900565632421,14,3,"descriptive crossed person/seed percentile bootstrap, 2000 draws, RNG731"
observation,clear,M-coordinate-graph_time-base,synthetic_all_nle,dimensionless NLE,0.0442724684091864,0.041539849774401366,0.047623905187448745,0.0407455582049466,0.047799378613426216,14,3,"descriptive crossed person/seed percentile bootstrap, 2000 draws, RNG731"
observation,clear,M-coordinate-graph_time-base,assignment_failure_rate,fraction,0.3547770245635572,0.3412446053304881,0.3736989781544166,0.3394119609676188,0.37014208815949573,14,3,"descriptive crossed person/seed percentile bootstrap, 2000 draws, RNG731"
observation,clear,M-coordinate-graph_time-base,left_excursion_error,degrees,25.530650985991674,22.381800764237664,28.28024005990332,22.221226794183558,28.840075177799797,14,3,"descriptive crossed person/seed percentile bootstrap, 2000 draws, RNG731"
observation,clear,M-coordinate-graph_time-base,right_excursion_error,degrees,22.875989779163337,20.463189840687942,25.244501362985766,20.333010050128777,25.418969508197897,14,3,"descriptive crossed person/seed percentile bootstrap, 2000 draws, RNG731"
observation,clear,M-coordinate-graph_time-base,response_error,degrees,5.848331974154162,5.592592046907331,6.095515592201617,5.558095294939305,6.138568653369019,14,3,"descriptive crossed person/seed percentile bootstrap, 2000 draws, RNG731"
observation,clear,M-coordinate-graph_time-base,zero_response_error,degrees,5.810829534023187,5.565160012226307,6.043321949781563,5.534631934465793,6.08702713358058,14,3,"descriptive crossed person/seed percentile bootstrap, 2000 draws, RNG731"
observation,clear,M-coordinate-graph_time-base,response_failure_rate,fraction,0.0,0.0,0.0,0.0,0.0,14,3,"descriptive crossed person/seed percentile bootstrap, 2000 draws, RNG731"
observation,clear,M-coordinate-graph_time-base,response_failure_contribution,degrees,0.0,0.0,0.0,0.0,0.0,14,3,"descriptive crossed person/seed percentile bootstrap, 2000 draws, RNG731"
observation,clear,M-coordinate-graph_time-base,response_success_contribution,degrees,5.848331974154162,5.592592046907331,6.095515592201617,5.558095294939305,6.138568653369019,14,3,"descriptive crossed person/seed percentile bootstrap, 2000 draws, RNG731"
observation,clear,M-coordinate-graph_time-paired_change,A_error,degrees,11.045239850797271,9.170241032121606,13.560321679115276,8.864972603011486,13.225507098583057,14,3,"descriptive crossed person/seed percentile bootstrap, 2000 draws, RNG731"
observation,clear,M-coordinate-graph_time-paired_change,waveform_error,degrees,18.925033644278578,18.195543012889956,19.858206089851315,18.06527504191459,19.784792246642567,14,3,"descriptive crossed person/seed percentile bootstrap, 2000 draws, RNG731"
observation,clear,M-coordinate-graph_time-paired_change,synthetic_all_nle,dimensionless NLE,0.05134716059597144,0.04824578644533631,0.05520318332611364,0.04744286824570656,0.05525145294623635,14,3,"descriptive crossed person/seed percentile bootstrap, 2000 draws, RNG731"
observation,clear,M-coordinate-graph_time-paired_change,assignment_failure_rate,fraction,0.4199321289534993,0.4084654466860584,0.4349444276869478,0.4050422085983538,0.43482204930864465,14,3,"descriptive crossed person/seed percentile bootstrap, 2000 draws, RNG731"
observation,clear,M-coordinate-graph_time-paired_change,left_excursion_error,degrees,7.440249005558312,5.436531938889471,9.677322964252815,6.1472808078495,8.733217203267126,14,3,"descriptive crossed person/seed percentile bootstrap, 2000 draws, RNG731"
observation,clear,M-coordinate-graph_time-paired_change,right_excursion_error,degrees,10.230770996624855,7.629772579676942,13.457977269221896,7.762948979917445,12.698593013332266,14,3,"descriptive crossed person/seed percentile bootstrap, 2000 draws, RNG731"
observation,clear,M-coordinate-graph_time-paired_change,response_error,degrees,5.917871116294778,5.678132861180119,6.146298159019868,5.648893805519597,6.186848427069961,14,3,"descriptive crossed person/seed percentile bootstrap, 2000 draws, RNG731"
observation,clear,M-coordinate-graph_time-paired_change,zero_response_error,degrees,5.810829534023187,5.565160012226307,6.043321949781563,5.534631934465793,6.08702713358058,14,3,"descriptive crossed person/seed percentile bootstrap, 2000 draws, RNG731"
observation,clear,M-coordinate-graph_time-paired_change,response_failure_rate,fraction,0.0,0.0,0.0,0.0,0.0,14,3,"descriptive crossed person/seed percentile bootstrap, 2000 draws, RNG731"
observation,clear,M-coordinate-graph_time-paired_change,response_failure_contribution,degrees,0.0,0.0,0.0,0.0,0.0,14,3,"descriptive crossed person/seed percentile bootstrap, 2000 draws, RNG731"
observation,clear,M-coordinate-graph_time-paired_change,response_success_contribution,degrees,5.917871116294778,5.678132861180119,6.146298159019868,5.648893805519597,6.186848427069961,14,3,"descriptive crossed person/seed percentile bootstrap, 2000 draws, RNG731"
observation,clear,M-paired_jepa-graph_time-base,A_error,degrees,8.72401218758589,7.437683227588746,10.321436776767364,7.38011654252337,10.067907832648409,14,3,"descriptive crossed person/seed percentile bootstrap, 2000 draws, RNG731"
observation,clear,M-paired_jepa-graph_time-base,waveform_error,degrees,14.119626937791363,13.28562099719686,15.248317738523042,13.559235829913831,14.680018045668898,14,3,"descriptive crossed person/seed percentile bootstrap, 2000 draws, RNG731"
observation,clear,M-paired_jepa-graph_time-base,synthetic_all_nle,dimensionless NLE,0.05730719083782265,0.05303318657943059,0.06291380940305961,0.05159011857223432,0.06302426310341099,14,3,"descriptive crossed person/seed percentile bootstrap, 2000 draws, RNG731"
observation,clear,M-paired_jepa-graph_time-base,assignment_failure_rate,fraction,0.45336946423353197,0.4381011394099153,0.4684841288823306,0.44077839935763174,0.4659605291094323,14,3,"descriptive crossed person/seed percentile bootstrap, 2000 draws, RNG731"
observation,clear,M-paired_jepa-graph_time-base,left_excursion_error,degrees,12.67645147841225,11.467917044661421,14.02096339301647,11.603113688490229,13.749789268334268,14,3,"descriptive crossed person/seed percentile bootstrap, 2000 draws, RNG731"
observation,clear,M-paired_jepa-graph_time-base,right_excursion_error,degrees,10.69325397635795,9.612308437632572,11.774340860122015,9.77639630764708,11.61011164506882,14,3,"descriptive crossed person/seed percentile bootstrap, 2000 draws, RNG731"
observation,clear,M-paired_jepa-graph_time-base,response_error,degrees,6.153809784294346,5.745948693634221,6.6178430871144505,5.823155881353431,6.484463687235262,14,3,"descriptive crossed person/seed percentile bootstrap, 2000 draws, RNG731"
observation,clear,M-paired_jepa-graph_time-base,zero_response_error,degrees,5.810829534023187,5.565160012226307,6.043321949781563,5.534631934465793,6.08702713358058,14,3,"descriptive crossed person/seed percentile bootstrap, 2000 draws, RNG731"
observation,clear,M-paired_jepa-graph_time-base,response_failure_rate,fraction,5.511463844797176e-05,0.0,0.00033068783068783056,-6.395329896730545e-05,0.00017418257586324898,14,3,"descriptive crossed person/seed percentile bootstrap, 2000 draws, RNG731"
observation,clear,M-paired_jepa-graph_time-base,response_failure_contribution,degrees,0.03968253968253969,0.0,0.23809523809523808,-0.046046375256459986,0.12541145462153935,14,3,"descriptive crossed person/seed percentile bootstrap, 2000 draws, RNG731"
observation,clear,M-paired_jepa-graph_time-base,response_success_contribution,degrees,6.114127244611806,5.7126666226829155,6.595424113207251,5.787786188223824,6.440468300999789,14,3,"descriptive crossed person/seed percentile bootstrap, 2000 draws, RNG731"
observation,clear,M-paired_jepa-graph_time-paired_change,A_error,degrees,13.170880600039125,8.861056465735404,19.053004488283214,11.167099983572195,15.174661216506054,14,3,"descriptive crossed person/seed percentile bootstrap, 2000 draws, RNG731"
observation,clear,M-paired_jepa-graph_time-paired_change,waveform_error,degrees,20.54256473176411,19.541289598288174,21.69819684563667,19.475489138721258,21.60964032480696,14,3,"descriptive crossed person/seed percentile bootstrap, 2000 draws, RNG731"
observation,clear,M-paired_jepa-graph_time-paired_change,synthetic_all_nle,dimensionless NLE,0.06419742939517616,0.06019944827934922,0.0691326101048362,0.05913178435758137,0.06926307443277095,14,3,"descriptive crossed person/seed percentile bootstrap, 2000 draws, RNG731"
observation,clear,M-paired_jepa-graph_time-paired_change,assignment_failure_rate,fraction,0.47112485265643483,0.4642321994812844,0.4795219659112269,0.4634279589417665,0.47882174637110303,14,3,"descriptive crossed person/seed percentile bootstrap, 2000 draws, RNG731"
observation,clear,M-paired_jepa-graph_time-paired_change,left_excursion_error,degrees,10.640065871986337,8.140551177733615,13.77384834417129,7.902284847785222,13.377846896187453,14,3,"descriptive crossed person/seed percentile bootstrap, 2000 draws, RNG731"
observation,clear,M-paired_jepa-graph_time-paired_change,right_excursion_error,degrees,10.911479011806026,7.635917595582476,15.379806078531768,7.804441309218989,14.018516714393067,14,3,"descriptive crossed person/seed percentile bootstrap, 2000 draws, RNG731"
observation,clear,M-paired_jepa-graph_time-paired_change,response_error,degrees,6.090175594954003,5.7765298837761785,6.3946356218189475,5.802902060615924,6.377449129292083,14,3,"descriptive crossed person/seed percentile bootstrap, 2000 draws, RNG731"
observation,clear,M-paired_jepa-graph_time-paired_change,zero_response_error,degrees,5.810829534023187,5.565160012226307,6.043321949781563,5.534631934465793,6.08702713358058,14,3,"descriptive crossed person/seed percentile bootstrap, 2000 draws, RNG731"
observation,clear,M-paired_jepa-graph_time-paired_change,response_failure_rate,fraction,0.0,0.0,0.0,0.0,0.0,14,3,"descriptive crossed person/seed percentile bootstrap, 2000 draws, RNG731"
observation,clear,M-paired_jepa-graph_time-paired_change,response_failure_contribution,degrees,0.0,0.0,0.0,0.0,0.0,14,3,"descriptive crossed person/seed percentile bootstrap, 2000 draws, RNG731"
observation,clear,M-paired_jepa-graph_time-paired_change,response_success_contribution,degrees,6.090175594954003,5.7765298837761785,6.3946356218189475,5.802902060615924,6.377449129292083,14,3,"descriptive crossed person/seed percentile bootstrap, 2000 draws, RNG731"
observation,clear,P-direct-none-base,A_error,degrees,6.515817295751431,5.87013347755831,7.263250806950129,5.770758945573958,7.260875645928905,14,3,"descriptive crossed person/seed percentile bootstrap, 2000 draws, RNG731"
observation,clear,P-direct-none-base,waveform_error,degrees,7.702900214836453,7.263862798309665,8.115774405006285,7.315932813248784,8.089867616424119,14,3,"descriptive crossed person/seed percentile bootstrap, 2000 draws, RNG731"
observation,clear,P-direct-none-base,synthetic_all_nle,dimensionless NLE,0.019576145872479727,0.01800994144607709,0.021613704996177575,0.01746102196004486,0.021691269784914608,14,3,"descriptive crossed person/seed percentile bootstrap, 2000 draws, RNG731"
observation,clear,P-direct-none-base,assignment_failure_rate,fraction,0.07013780000379317,0.059787806999078805,0.08533745232918417,0.05475667184433227,0.08551892816325404,14,3,"descriptive crossed person/seed percentile bootstrap, 2000 draws, RNG731"
observation,clear,P-direct-none-base,left_excursion_error,degrees,8.118463922838687,6.925904407717862,9.298319359668266,7.239777474915736,8.997150370761643,14,3,"descriptive crossed person/seed percentile bootstrap, 2000 draws, RNG731"
observation,clear,P-direct-none-base,right_excursion_error,degrees,7.556673863807274,6.551366678796018,8.616010009188617,6.597391425744721,8.51595630186983,14,3,"descriptive crossed person/seed percentile bootstrap, 2000 draws, RNG731"
observation,clear,P-direct-none-base,response_error,degrees,3.8973192882877545,3.7320507174069024,4.043488931073104,3.7234917417591733,4.071146834816337,14,3,"descriptive crossed person/seed percentile bootstrap, 2000 draws, RNG731"
observation,clear,P-direct-none-base,zero_response_error,degrees,5.810829534023187,5.565160012226307,6.043321949781563,5.534631934465793,6.08702713358058,14,3,"descriptive crossed person/seed percentile bootstrap, 2000 draws, RNG731"
observation,clear,P-direct-none-base,response_failure_rate,fraction,0.0,0.0,0.0,0.0,0.0,14,3,"descriptive crossed person/seed percentile bootstrap, 2000 draws, RNG731"
observation,clear,P-direct-none-base,response_failure_contribution,degrees,0.0,0.0,0.0,0.0,0.0,14,3,"descriptive crossed person/seed percentile bootstrap, 2000 draws, RNG731"
observation,clear,P-direct-none-base,response_success_contribution,degrees,3.8973192882877545,3.7320507174069024,4.043488931073104,3.7234917417591733,4.071146834816337,14,3,"descriptive crossed person/seed percentile bootstrap, 2000 draws, RNG731"
observation,clear,P-direct-none-paired_change,A_error,degrees,12.91614534532828,12.183149716533407,13.869767217525734,12.32449790408977,13.50779278656679,14,3,"descriptive crossed person/seed percentile bootstrap, 2000 draws, RNG731"
observation,clear,P-direct-none-paired_change,waveform_error,degrees,15.901930170455383,15.258928817145891,16.55225915111249,15.449824158864928,16.35403618204584,14,3,"descriptive crossed person/seed percentile bootstrap, 2000 draws, RNG731"
observation,clear,P-direct-none-paired_change,synthetic_all_nle,dimensionless NLE,0.04477885391102733,0.04120458297534763,0.04929800817487718,0.0401970312506434,0.049360676571411244,14,3,"descriptive crossed person/seed percentile bootstrap, 2000 draws, RNG731"
observation,clear,P-direct-none-paired_change,assignment_failure_rate,fraction,0.3343354529997657,0.31234869014540984,0.36211057990515005,0.3067232822600373,0.3619476237394941,14,3,"descriptive crossed person/seed percentile bootstrap, 2000 draws, RNG731"
observation,clear,P-direct-none-paired_change,left_excursion_error,degrees,7.446688914216769,6.202913242312845,8.994236345033483,6.787621122410155,8.105756706023385,14,3,"descriptive crossed person/seed percentile bootstrap, 2000 draws, RNG731"
observation,clear,P-direct-none-paired_change,right_excursion_error,degrees,8.003918067128007,6.433468859747176,9.591461121978954,7.189351375588402,8.818484758667612,14,3,"descriptive crossed person/seed percentile bootstrap, 2000 draws, RNG731"
observation,clear,P-direct-none-paired_change,response_error,degrees,5.074315848563641,4.686385871464373,5.5091619008201596,4.702042146591547,5.446589550535738,14,3,"descriptive crossed person/seed percentile bootstrap, 2000 draws, RNG731"
observation,clear,P-direct-none-paired_change,zero_response_error,degrees,5.810829534023187,5.565160012226307,6.043321949781563,5.534631934465793,6.08702713358058,14,3,"descriptive crossed person/seed percentile bootstrap, 2000 draws, RNG731"
observation,clear,P-direct-none-paired_change,response_failure_rate,fraction,0.00016534391534391528,0.0,0.0006613756613756611,-9.25778970393714e-05,0.000423265727727202,14,3,"descriptive crossed person/seed percentile bootstrap, 2000 draws, RNG731"
observation,clear,P-direct-none-paired_change,response_failure_contribution,degrees,0.11904761904761904,0.0,0.47619047619047616,-0.06665608586834747,0.30475132396358556,14,3,"descriptive crossed person/seed percentile bootstrap, 2000 draws, RNG731"
observation,clear,P-direct-none-paired_change,response_success_contribution,degrees,4.955268229516022,4.611999745386784,5.351849311514248,4.609681277838158,5.300855181193887,14,3,"descriptive crossed person/seed percentile bootstrap, 2000 draws, RNG731"
observation,occluded,F-response-coordinate_delta_v1-graph_time-base,A_error,degrees,14.136187059407623,12.35909574573264,16.368807617999774,11.978887422953726,16.29348669586152,14,3,"descriptive crossed person/seed percentile bootstrap, 2000 draws, RNG731"
observation,occluded,F-response-coordinate_delta_v1-graph_time-base,waveform_error,degrees,18.235520940376574,16.673773993427393,19.993757789901117,16.36337740717693,20.107664473576225,14,3,"descriptive crossed person/seed percentile bootstrap, 2000 draws, RNG731"
observation,occluded,F-response-coordinate_delta_v1-graph_time-base,synthetic_all_nle,dimensionless NLE,0.059192600129548315,0.056266151523530254,0.06245489360621557,0.05589152776724611,0.06249367249185056,14,3,"descriptive crossed person/seed percentile bootstrap, 2000 draws, RNG731"
observation,occluded,F-response-coordinate_delta_v1-graph_time-base,assignment_failure_rate,fraction,0.46251616111646915,0.44644805359252737,0.4789318720468121,0.44820439387006206,0.47682792836287613,14,3,"descriptive crossed person/seed percentile bootstrap, 2000 draws, RNG731"
observation,occluded,F-response-coordinate_delta_v1-graph_time-base,left_excursion_error,degrees,28.669014688225573,25.464743152564594,31.686192439857475,25.158726077381782,32.17930329906936,14,3,"descriptive crossed person/seed percentile bootstrap, 2000 draws, RNG731"
observation,occluded,F-response-coordinate_delta_v1-graph_time-base,right_excursion_error,degrees,26.55601951628711,23.84027647147742,29.415371965990012,23.83461661463122,29.277422417942997,14,3,"descriptive crossed person/seed percentile bootstrap, 2000 draws, RNG731"
observation,occluded,F-response-coordinate_delta_v1-graph_time-base,response_error,degrees,14.464191305950076,9.889014792271217,20.397053409815953,8.986657191363271,19.941725420536883,14,3,"descriptive crossed person/seed percentile bootstrap, 2000 draws, RNG731"
observation,occluded,F-response-coordinate_delta_v1-graph_time-base,zero_response_error,degrees,5.810829534023187,5.565160012226307,6.043321949781563,5.534631934465793,6.08702713358058,14,3,"descriptive crossed person/seed percentile bootstrap, 2000 draws, RNG731"
observation,occluded,F-response-coordinate_delta_v1-graph_time-base,response_failure_rate,fraction,0.011201131687242795,0.004890321869488534,0.01949253196649029,0.003637858333637236,0.01876440504084835,14,3,"descriptive crossed person/seed percentile bootstrap, 2000 draws, RNG731"
observation,occluded,F-response-coordinate_delta_v1-graph_time-base,response_failure_contribution,degrees,8.064814814814815,3.521031746031746,14.034623015873017,2.619258000218811,13.51037162941082,14,3,"descriptive crossed person/seed percentile bootstrap, 2000 draws, RNG731"
observation,occluded,F-response-coordinate_delta_v1-graph_time-base,response_success_contribution,degrees,6.3993764911352615,6.1094140938395745,6.669343494569508,6.086704803549197,6.712048178721328,14,3,"descriptive crossed person/seed percentile bootstrap, 2000 draws, RNG731"
observation,occluded,F-response-coordinate_delta_v1-graph_time-paired_change,A_error,degrees,18.748181584780962,14.840441866822522,23.81633391830095,14.168436831710808,23.32792633785111,14,3,"descriptive crossed person/seed percentile bootstrap, 2000 draws, RNG731"
observation,occluded,F-response-coordinate_delta_v1-graph_time-paired_change,waveform_error,degrees,23.79203140347059,21.77931670036629,26.243435055427906,21.381411064605032,26.202651742336144,14,3,"descriptive crossed person/seed percentile bootstrap, 2000 draws, RNG731"
observation,occluded,F-response-coordinate_delta_v1-graph_time-paired_change,synthetic_all_nle,dimensionless NLE,0.06610025107673843,0.06292470444561755,0.0695716460967516,0.06256507043389425,0.06963543171958261,14,3,"descriptive crossed person/seed percentile bootstrap, 2000 draws, RNG731"
observation,occluded,F-response-coordinate_delta_v1-graph_time-paired_change,assignment_failure_rate,fraction,0.5001629610039627,0.4782868198875806,0.5163118102432541,0.49059713617053374,0.5097287858373919,14,3,"descriptive crossed person/seed percentile bootstrap, 2000 draws, RNG731"
observation,occluded,F-response-coordinate_delta_v1-graph_time-paired_change,left_excursion_error,degrees,19.853055995389035,17.128112896675024,22.72531205481068,16.864047437330207,22.842064553447862,14,3,"descriptive crossed person/seed percentile bootstrap, 2000 draws, RNG731"
observation,occluded,F-response-coordinate_delta_v1-graph_time-paired_change,right_excursion_error,degrees,23.456158756237077,18.376953295169095,28.786446792578968,19.062898346834494,27.849419165639652,14,3,"descriptive crossed person/seed percentile bootstrap, 2000 draws, RNG731"
observation,occluded,F-response-coordinate_delta_v1-graph_time-paired_change,response_error,degrees,23.033803833243876,14.93506587994798,32.89283434978563,12.947435965434993,33.12017170105275,14,3,"descriptive crossed person/seed percentile bootstrap, 2000 draws, RNG731"
observation,occluded,F-response-coordinate_delta_v1-graph_time-paired_change,zero_response_error,degrees,5.810829534023187,5.565160012226307,6.043321949781563,5.534631934465793,6.08702713358058,14,3,"descriptive crossed person/seed percentile bootstrap, 2000 draws, RNG731"
observation,occluded,F-response-coordinate_delta_v1-graph_time-paired_change,response_failure_rate,fraction,0.023349622770919058,0.011995968976582394,0.03695483202282966,0.00934671104197848,0.03735253449985963,14,3,"descriptive crossed person/seed percentile bootstrap, 2000 draws, RNG731"
observation,occluded,F-response-coordinate_delta_v1-graph_time-paired_change,response_failure_contribution,degrees,16.81172839506173,8.637097663139329,26.60747905643737,6.729631950224508,26.893824839898947,14,3,"descriptive crossed person/seed percentile bootstrap, 2000 draws, RNG731"
observation,occluded,F-response-coordinate_delta_v1-graph_time-paired_change,response_success_contribution,degrees,6.222075438182147,5.927867431737149,6.497991681937758,5.9135247547422525,6.530626121622039,14,3,"descriptive crossed person/seed percentile bootstrap, 2000 draws, RNG731"
observation,occluded,F-response-jepa_delta_v1-graph_time-base,A_error,degrees,15.421928788853915,13.553574653889344,17.535083713416594,13.292583707618636,17.55127387008919,14,3,"descriptive crossed person/seed percentile bootstrap, 2000 draws, RNG731"
observation,occluded,F-response-jepa_delta_v1-graph_time-base,waveform_error,degrees,20.749711639957926,18.972550886507655,22.863449957065683,18.566279655101248,22.933143624814612,14,3,"descriptive crossed person/seed percentile bootstrap, 2000 draws, RNG731"
observation,occluded,F-response-jepa_delta_v1-graph_time-base,synthetic_all_nle,dimensionless NLE,0.06818332668481412,0.0641791626868677,0.07295610199500327,0.06325574670182439,0.07311090666780386,14,3,"descriptive crossed person/seed percentile bootstrap, 2000 draws, RNG731"
observation,occluded,F-response-jepa_delta_v1-graph_time-base,assignment_failure_rate,fraction,0.5218442249428327,0.502372684133594,0.536474366391793,0.5034710462226184,0.5402174036630472,14,3,"descriptive crossed person/seed percentile bootstrap, 2000 draws, RNG731"
observation,occluded,F-response-jepa_delta_v1-graph_time-base,left_excursion_error,degrees,27.514171378135615,23.82196119809691,30.9157829040577,23.528091171581284,31.50025158468993,14,3,"descriptive crossed person/seed percentile bootstrap, 2000 draws, RNG731"
observation,occluded,F-response-jepa_delta_v1-graph_time-base,right_excursion_error,degrees,26.336959337580396,22.77925255852045,29.656453098813582,22.541678811090378,30.132239864070414,14,3,"descriptive crossed person/seed percentile bootstrap, 2000 draws, RNG731"
observation,occluded,F-response-jepa_delta_v1-graph_time-base,response_error,degrees,15.730136318245902,11.407352695972312,20.83794362148713,10.688446023481,20.771826613010802,14,3,"descriptive crossed person/seed percentile bootstrap, 2000 draws, RNG731"
observation,occluded,F-response-jepa_delta_v1-graph_time-base,zero_response_error,degrees,5.810829534023187,5.565160012226307,6.043321949781563,5.534631934465793,6.08702713358058,14,3,"descriptive crossed person/seed percentile bootstrap, 2000 draws, RNG731"
observation,occluded,F-response-jepa_delta_v1-graph_time-base,response_failure_rate,fraction,0.012884271506956686,0.006860509442974718,0.019883983686067006,0.005954983559710323,0.01981355945420305,14,3,"descriptive crossed person/seed percentile bootstrap, 2000 draws, RNG731"
observation,occluded,F-response-jepa_delta_v1-graph_time-base,response_failure_contribution,degrees,9.27667548500882,4.9395667989418,14.316468253968251,4.287588162991433,14.265762807026203,14,3,"descriptive crossed person/seed percentile bootstrap, 2000 draws, RNG731"
observation,occluded,F-response-jepa_delta_v1-graph_time-base,response_success_contribution,degrees,6.4534608332370835,6.158394931388247,6.752440835349416,6.12731117720913,6.7796104892650355,14,3,"descriptive crossed person/seed percentile bootstrap, 2000 draws, RNG731"
observation,occluded,F-response-jepa_delta_v1-graph_time-paired_change,A_error,degrees,16.36527966600426,12.987805605411472,20.48632924577115,13.826953788113858,18.90360554389466,14,3,"descriptive crossed person/seed percentile bootstrap, 2000 draws, RNG731"
observation,occluded,F-response-jepa_delta_v1-graph_time-paired_change,waveform_error,degrees,24.04308105875253,22.42964698377671,25.992916691037035,22.349965486248983,25.73619663125607,14,3,"descriptive crossed person/seed percentile bootstrap, 2000 draws, RNG731"
observation,occluded,F-response-jepa_delta_v1-graph_time-paired_change,synthetic_all_nle,dimensionless NLE,0.07572466153548424,0.07234690213836589,0.07945627475055364,0.07170278741476345,0.079746535656205,14,3,"descriptive crossed person/seed percentile bootstrap, 2000 draws, RNG731"
observation,occluded,F-response-jepa_delta_v1-graph_time-paired_change,assignment_failure_rate,fraction,0.5309825907501141,0.518357841414675,0.5399537072764595,0.5216061592203457,0.5403590222798825,14,3,"descriptive crossed person/seed percentile bootstrap, 2000 draws, RNG731"
observation,occluded,F-response-jepa_delta_v1-graph_time-paired_change,left_excursion_error,degrees,20.5188941420811,17.841314288776076,23.684715837799263,17.431633582107732,23.606154702054464,14,3,"descriptive crossed person/seed percentile bootstrap, 2000 draws, RNG731"
observation,occluded,F-response-jepa_delta_v1-graph_time-paired_change,right_excursion_error,degrees,21.21641467488544,18.28428539169773,24.675250714481514,18.888891656781603,23.543937692989275,14,3,"descriptive crossed person/seed percentile bootstrap, 2000 draws, RNG731"
observation,occluded,F-response-jepa_delta_v1-graph_time-paired_change,response_error,degrees,13.875573668567746,9.823660075486602,18.98882146082692,9.071826238163169,18.679321098972316,14,3,"descriptive crossed person/seed percentile bootstrap, 2000 draws, RNG731"
observation,occluded,F-response-jepa_delta_v1-graph_time-paired_change,zero_response_error,degrees,5.810829534023187,5.565160012226307,6.043321949781563,5.534631934465793,6.08702713358058,14,3,"descriptive crossed person/seed percentile bootstrap, 2000 draws, RNG731"
observation,occluded,F-response-jepa_delta_v1-graph_time-paired_change,response_failure_rate,fraction,0.010495664315108757,0.004851741622574955,0.01761156121399175,0.0038977826949309234,0.017093545935286586,14,3,"descriptive crossed person/seed percentile bootstrap, 2000 draws, RNG731"
observation,occluded,F-response-jepa_delta_v1-graph_time-paired_change,response_failure_contribution,degrees,7.556878306878308,3.4932539682539674,12.680324074074065,2.8064035403502663,12.30735307340635,14,3,"descriptive crossed person/seed percentile bootstrap, 2000 draws, RNG731"
observation,occluded,F-response-jepa_delta_v1-graph_time-paired_change,response_success_contribution,degrees,6.318695361689436,6.052389671332151,6.589780046602484,6.01530349191951,6.6220872314593615,14,3,"descriptive crossed person/seed percentile bootstrap, 2000 draws, RNG731"
observation,occluded,F-response-jepa_endpoint_v1-graph_time-base,A_error,degrees,14.647480490070839,12.81194961480083,16.78703237922301,12.672039444390848,16.62292153575083,14,3,"descriptive crossed person/seed percentile bootstrap, 2000 draws, RNG731"
observation,occluded,F-response-jepa_endpoint_v1-graph_time-base,waveform_error,degrees,20.167227485234537,18.43508139376117,22.26227602148924,17.965650337806814,22.368804632662247,14,3,"descriptive crossed person/seed percentile bootstrap, 2000 draws, RNG731"
observation,occluded,F-response-jepa_endpoint_v1-graph_time-base,synthetic_all_nle,dimensionless NLE,0.06863115958083078,0.06427464827745884,0.07363133756853585,0.06332655390124502,0.07393576526041658,14,3,"descriptive crossed person/seed percentile bootstrap, 2000 draws, RNG731"
observation,occluded,F-response-jepa_endpoint_v1-graph_time-base,assignment_failure_rate,fraction,0.5286164529715978,0.5118377223124979,0.5411943456561611,0.5127037920828033,0.5445291138603923,14,3,"descriptive crossed person/seed percentile bootstrap, 2000 draws, RNG731"
observation,occluded,F-response-jepa_endpoint_v1-graph_time-base,left_excursion_error,degrees,28.656642022962327,24.467631719705693,32.52800863556963,24.165702584655996,33.14758146126866,14,3,"descriptive crossed person/seed percentile bootstrap, 2000 draws, RNG731"
observation,occluded,F-response-jepa_endpoint_v1-graph_time-base,right_excursion_error,degrees,28.797702150449975,25.423434867495764,31.86518894391739,25.320999239030495,32.27440506186945,14,3,"descriptive crossed person/seed percentile bootstrap, 2000 draws, RNG731"
observation,occluded,F-response-jepa_endpoint_v1-graph_time-base,response_error,degrees,14.119181533991313,10.446007438464063,18.7140023449346,9.800618302240299,18.437744765742327,14,3,"descriptive crossed person/seed percentile bootstrap, 2000 draws, RNG731"
observation,occluded,F-response-jepa_endpoint_v1-graph_time-base,zero_response_error,degrees,5.810829534023187,5.565160012226307,6.043321949781563,5.534631934465793,6.08702713358058,14,3,"descriptive crossed person/seed percentile bootstrap, 2000 draws, RNG731"
observation,occluded,F-response-jepa_endpoint_v1-graph_time-base,response_failure_rate,fraction,0.01049015285126396,0.005525196575543797,0.01680197310405643,0.004635059287061316,0.016345246415466603,14,3,"descriptive crossed person/seed percentile bootstrap, 2000 draws, RNG731"
observation,occluded,F-response-jepa_endpoint_v1-graph_time-base,response_failure_contribution,degrees,7.552910052910053,3.9781415343915345,12.097420634920635,3.3372426866841485,11.768577419135958,14,3,"descriptive crossed person/seed percentile bootstrap, 2000 draws, RNG731"
observation,occluded,F-response-jepa_endpoint_v1-graph_time-base,response_success_contribution,degrees,6.566271481081261,6.284401813497038,6.844030692786483,6.248247414978516,6.884295547184004,14,3,"descriptive crossed person/seed percentile bootstrap, 2000 draws, RNG731"
observation,occluded,F-response-jepa_endpoint_v1-graph_time-paired_change,A_error,degrees,17.632497414037715,15.345534416025705,20.048458366229426,15.18739436455152,20.0776004635239,14,3,"descriptive crossed person/seed percentile bootstrap, 2000 draws, RNG731"
observation,occluded,F-response-jepa_endpoint_v1-graph_time-paired_change,waveform_error,degrees,24.403978730244873,22.592707923820857,26.6500158858185,22.584082422369622,26.223875038120138,14,3,"descriptive crossed person/seed percentile bootstrap, 2000 draws, RNG731"
observation,occluded,F-response-jepa_endpoint_v1-graph_time-paired_change,synthetic_all_nle,dimensionless NLE,0.07642591414118478,0.07277971352484706,0.08004838448102082,0.07254924337982234,0.08030258490254726,14,3,"descriptive crossed person/seed percentile bootstrap, 2000 draws, RNG731"
observation,occluded,F-response-jepa_endpoint_v1-graph_time-paired_change,assignment_failure_rate,fraction,0.5211530770367689,0.5038879677990246,0.533872958185996,0.5075623638056402,0.5347437902678976,14,3,"descriptive crossed person/seed percentile bootstrap, 2000 draws, RNG731"
observation,occluded,F-response-jepa_endpoint_v1-graph_time-paired_change,left_excursion_error,degrees,22.06020683422883,18.999634123688065,25.160022637930332,20.01344387493412,24.10696979352354,14,3,"descriptive crossed person/seed percentile bootstrap, 2000 draws, RNG731"
observation,occluded,F-response-jepa_endpoint_v1-graph_time-paired_change,right_excursion_error,degrees,20.96690201848827,18.69001099230934,23.500064893421108,18.561233156225704,23.372570880750835,14,3,"descriptive crossed person/seed percentile bootstrap, 2000 draws, RNG731"
observation,occluded,F-response-jepa_endpoint_v1-graph_time-paired_change,response_error,degrees,14.376576039130043,9.812318091998778,19.43850527625529,8.840276922523412,19.91287515573668,14,3,"descriptive crossed person/seed percentile bootstrap, 2000 draws, RNG731"
observation,occluded,F-response-jepa_endpoint_v1-graph_time-paired_change,zero_response_error,degrees,5.810829534023187,5.565160012226307,6.043321949781563,5.534631934465793,6.08702713358058,14,3,"descriptive crossed person/seed percentile bootstrap, 2000 draws, RNG731"
observation,occluded,F-response-jepa_endpoint_v1-graph_time-paired_change,response_failure_rate,fraction,0.011135606505976873,0.004636710329708014,0.018214645490397797,0.003469463097492057,0.018801749914461686,14,3,"descriptive crossed person/seed percentile bootstrap, 2000 draws, RNG731"
observation,occluded,F-response-jepa_endpoint_v1-graph_time-paired_change,response_failure_contribution,degrees,8.017636684303351,3.3384314373897706,13.114544753086419,2.4980134301942796,13.537259938412422,14,3,"descriptive crossed person/seed percentile bootstrap, 2000 draws, RNG731"
observation,occluded,F-response-jepa_endpoint_v1-graph_time-paired_change,response_success_contribution,degrees,6.358939354826695,6.083656903900219,6.622078233339595,6.0546996063080005,6.663179103345387,14,3,"descriptive crossed person/seed percentile bootstrap, 2000 draws, RNG731"
observation,occluded,I-initialized-none-base,A_error,degrees,14.366339645257215,12.323242293639572,16.62830883221393,12.113454022444026,16.6192252680704,14,3,"descriptive crossed person/seed percentile bootstrap, 2000 draws, RNG731"
observation,occluded,I-initialized-none-base,waveform_error,degrees,20.43082927953653,18.730240489825796,22.499448749005957,18.232680560398222,22.62897799867484,14,3,"descriptive crossed person/seed percentile bootstrap, 2000 draws, RNG731"
observation,occluded,I-initialized-none-base,synthetic_all_nle,dimensionless NLE,0.07489547569582108,0.07098605977308506,0.079050360104059,0.07036516916767435,0.07942578222396784,14,3,"descriptive crossed person/seed percentile bootstrap, 2000 draws, RNG731"
observation,occluded,I-initialized-none-base,assignment_failure_rate,fraction,0.5378753534925677,0.5307099454384804,0.5439947010071039,0.5310026868250753,0.54474802016006,14,3,"descriptive crossed person/seed percentile bootstrap, 2000 draws, RNG731"
observation,occluded,I-initialized-none-base,left_excursion_error,degrees,28.308154205096997,23.84494523285799,32.180258080641195,23.578362026792526,33.037946383401476,14,3,"descriptive crossed person/seed percentile bootstrap, 2000 draws, RNG731"
observation,occluded,I-initialized-none-base,right_excursion_error,degrees,27.080937914785483,23.226157505917396,30.627917581460224,22.94777291183259,31.21410291773839,14,3,"descriptive crossed person/seed percentile bootstrap, 2000 draws, RNG731"
observation,occluded,I-initialized-none-base,response_error,degrees,12.223811030683102,8.246279732720968,16.90652136794498,7.529216092025836,16.91840596934037,14,3,"descriptive crossed person/seed percentile bootstrap, 2000 draws, RNG731"
observation,occluded,I-initialized-none-base,zero_response_error,degrees,5.810829534023187,5.565160012226307,6.043321949781563,5.534631934465793,6.08702713358058,14,3,"descriptive crossed person/seed percentile bootstrap, 2000 draws, RNG731"
observation,occluded,I-initialized-none-base,response_failure_rate,fraction,0.007752486282578872,0.002284616585831863,0.014141451719576703,0.0012303496961666065,0.014274622868991137,14,3,"descriptive crossed person/seed percentile bootstrap, 2000 draws, RNG731"
observation,occluded,I-initialized-none-base,response_failure_contribution,degrees,5.58179012345679,1.6449239417989419,10.181845238095232,0.8858517812399578,10.277728465673622,14,3,"descriptive crossed person/seed percentile bootstrap, 2000 draws, RNG731"
observation,occluded,I-initialized-none-base,response_success_contribution,degrees,6.642020907226309,6.334327194643351,6.949031130096915,6.29717538529012,6.986866429162499,14,3,"descriptive crossed person/seed percentile bootstrap, 2000 draws, RNG731"
observation,occluded,I-initialized-none-paired_change,A_error,degrees,17.3384154891156,13.805943316744129,21.023293888513916,14.801453910154596,19.87537706807659,14,3,"descriptive crossed person/seed percentile bootstrap, 2000 draws, RNG731"
observation,occluded,I-initialized-none-paired_change,waveform_error,degrees,24.105793383376984,22.624284962007177,25.888411845918334,22.324893372564695,25.886693394189273,14,3,"descriptive crossed person/seed percentile bootstrap, 2000 draws, RNG731"
observation,occluded,I-initialized-none-paired_change,synthetic_all_nle,dimensionless NLE,0.07798924867515097,0.07492096132626955,0.08113711971934937,0.07456928689607562,0.08140921045422636,14,3,"descriptive crossed person/seed percentile bootstrap, 2000 draws, RNG731"
observation,occluded,I-initialized-none-paired_change,assignment_failure_rate,fraction,0.526649736001187,0.5091013918328406,0.5403120575691959,0.5094617840804669,0.5438376879219073,14,3,"descriptive crossed person/seed percentile bootstrap, 2000 draws, RNG731"
observation,occluded,I-initialized-none-paired_change,left_excursion_error,degrees,21.525487757018542,18.794171659890743,24.49043043136984,18.760218378559067,24.29075713547801,14,3,"descriptive crossed person/seed percentile bootstrap, 2000 draws, RNG731"
observation,occluded,I-initialized-none-paired_change,right_excursion_error,degrees,21.267458113782205,18.660162902837893,24.29546006294937,18.311784317806065,24.223131909758344,14,3,"descriptive crossed person/seed percentile bootstrap, 2000 draws, RNG731"
observation,occluded,I-initialized-none-paired_change,response_error,degrees,13.834796539361658,9.44033039806275,19.17897889400501,8.575379302957948,19.09421377576537,14,3,"descriptive crossed person/seed percentile bootstrap, 2000 draws, RNG731"
observation,occluded,I-initialized-none-paired_change,zero_response_error,degrees,5.810829534023187,5.565160012226307,6.043321949781563,5.534631934465793,6.08702713358058,14,3,"descriptive crossed person/seed percentile bootstrap, 2000 draws, RNG731"
observation,occluded,I-initialized-none-paired_change,response_failure_rate,fraction,0.010387272192827745,0.004386528145208701,0.017655193636096404,0.0031230777961056538,0.017651466589549837,14,3,"descriptive crossed person/seed percentile bootstrap, 2000 draws, RNG731"
observation,occluded,I-initialized-none-paired_change,response_failure_contribution,degrees,7.478835978835979,3.1583002645502645,12.711739417989413,2.248616013196072,12.709055944475887,14,3,"descriptive crossed person/seed percentile bootstrap, 2000 draws, RNG731"
observation,occluded,I-initialized-none-paired_change,response_success_contribution,degrees,6.35596056052568,6.076793720761197,6.637200788620435,6.041782460002907,6.670138661048452,14,3,"descriptive crossed person/seed percentile bootstrap, 2000 draws, RNG731"
observation,occluded,I-shuffled_jepa-graph_time-base,A_error,degrees,14.099941590683333,12.36449375471698,16.077563204782454,12.177995111984357,16.02188806938231,14,3,"descriptive crossed person/seed percentile bootstrap, 2000 draws, RNG731"
observation,occluded,I-shuffled_jepa-graph_time-base,waveform_error,degrees,20.12585892563448,18.354328092651905,22.140446521168222,17.956337032558736,22.295380818710214,14,3,"descriptive crossed person/seed percentile bootstrap, 2000 draws, RNG731"
observation,occluded,I-shuffled_jepa-graph_time-base,synthetic_all_nle,dimensionless NLE,0.07341167544901485,0.0694548010750746,0.07776616446711075,0.06877439622707737,0.0780489546709523,14,3,"descriptive crossed person/seed percentile bootstrap, 2000 draws, RNG731"
observation,occluded,I-shuffled_jepa-graph_time-base,assignment_failure_rate,fraction,0.532080262537785,0.5203073904403129,0.5405963120044568,0.5206124439126091,0.5435480811629608,14,3,"descriptive crossed person/seed percentile bootstrap, 2000 draws, RNG731"
observation,occluded,I-shuffled_jepa-graph_time-base,left_excursion_error,degrees,27.69354139929223,23.6404978925302,31.2569404134704,23.331354809743544,32.05572798884093,14,3,"descriptive crossed person/seed percentile bootstrap, 2000 draws, RNG731"
observation,occluded,I-shuffled_jepa-graph_time-base,right_excursion_error,degrees,26.568849290728135,22.891805441736466,29.86893665453807,22.736929542623525,30.400769038832752,14,3,"descriptive crossed person/seed percentile bootstrap, 2000 draws, RNG731"
observation,occluded,I-shuffled_jepa-graph_time-base,response_error,degrees,12.17028174829614,8.563083923372165,16.572476702466457,7.843157198469453,16.497406298122822,14,3,"descriptive crossed person/seed percentile bootstrap, 2000 draws, RNG731"
observation,occluded,I-shuffled_jepa-graph_time-base,zero_response_error,degrees,5.810829534023187,5.565160012226307,6.043321949781563,5.534631934465793,6.08702713358058,14,3,"descriptive crossed person/seed percentile bootstrap, 2000 draws, RNG731"
observation,occluded,I-shuffled_jepa-graph_time-base,response_failure_rate,fraction,0.007794128453850673,0.002770337301587301,0.013833866108171658,0.001829530068418234,0.013758726839283114,14,3,"descriptive crossed person/seed percentile bootstrap, 2000 draws, RNG731"
observation,occluded,I-shuffled_jepa-graph_time-base,response_failure_contribution,degrees,5.6117724867724865,1.9946428571428572,9.960383597883597,1.3172616492611287,9.906283324283844,14,3,"descriptive crossed person/seed percentile bootstrap, 2000 draws, RNG731"
observation,occluded,I-shuffled_jepa-graph_time-base,response_success_contribution,degrees,6.558509261523653,6.282270953682996,6.829822235055766,6.2534253031424205,6.863593219904883,14,3,"descriptive crossed person/seed percentile bootstrap, 2000 draws, RNG731"
observation,occluded,I-shuffled_jepa-graph_time-paired_change,A_error,degrees,15.405304382278784,12.437681776419595,18.705721045101754,12.497857267270193,18.31275149728738,14,3,"descriptive crossed person/seed percentile bootstrap, 2000 draws, RNG731"
observation,occluded,I-shuffled_jepa-graph_time-paired_change,waveform_error,degrees,23.92779797728428,22.19583081057674,25.944893805547913,22.01662421532227,25.838971739246286,14,3,"descriptive crossed person/seed percentile bootstrap, 2000 draws, RNG731"
observation,occluded,I-shuffled_jepa-graph_time-paired_change,synthetic_all_nle,dimensionless NLE,0.07807547062980841,0.07505749926720089,0.08112905637484881,0.07468040915086312,0.08147053210875367,14,3,"descriptive crossed person/seed percentile bootstrap, 2000 draws, RNG731"
observation,occluded,I-shuffled_jepa-graph_time-paired_change,assignment_failure_rate,fraction,0.5235072140352164,0.5078214448785213,0.535534856965497,0.5072085132227139,0.5398059148477189,14,3,"descriptive crossed person/seed percentile bootstrap, 2000 draws, RNG731"
observation,occluded,I-shuffled_jepa-graph_time-paired_change,left_excursion_error,degrees,20.876050983503863,18.20961714962774,23.48344403721465,18.655085952426372,23.097016014581353,14,3,"descriptive crossed person/seed percentile bootstrap, 2000 draws, RNG731"
observation,occluded,I-shuffled_jepa-graph_time-paired_change,right_excursion_error,degrees,21.13499741271196,18.779599833495542,23.62579142122098,18.635180512979268,23.634814312444654,14,3,"descriptive crossed person/seed percentile bootstrap, 2000 draws, RNG731"
observation,occluded,I-shuffled_jepa-graph_time-paired_change,response_error,degrees,16.30564507119246,10.409454274947418,22.963267942544924,10.274691692152256,22.33659845023266,14,3,"descriptive crossed person/seed percentile bootstrap, 2000 draws, RNG731"
observation,occluded,I-shuffled_jepa-graph_time-paired_change,zero_response_error,degrees,5.810829534023187,5.565160012226307,6.043321949781563,5.534631934465793,6.08702713358058,14,3,"descriptive crossed person/seed percentile bootstrap, 2000 draws, RNG731"
observation,occluded,I-shuffled_jepa-graph_time-paired_change,response_failure_rate,fraction,0.013817239858906523,0.005657219099059374,0.023129845495296873,0.005384630333147582,0.022249849384665468,14,3,"descriptive crossed person/seed percentile bootstrap, 2000 draws, RNG731"
observation,occluded,I-shuffled_jepa-graph_time-paired_change,response_failure_contribution,degrees,9.9484126984127,4.073197751322752,16.653488756613754,3.8769338398662576,16.019891556959138,14,3,"descriptive crossed person/seed percentile bootstrap, 2000 draws, RNG731"
observation,occluded,I-shuffled_jepa-graph_time-paired_change,response_success_contribution,degrees,6.357232372779758,6.082999472039874,6.611094742264681,6.067066394095364,6.647398351464148,14,3,"descriptive crossed person/seed percentile bootstrap, 2000 draws, RNG731"
observation,occluded,M-coordinate-graph_time-base,A_error,degrees,14.133277623567263,12.533352906554699,15.87683788429907,12.466734681704487,15.79982056543004,14,3,"descriptive crossed person/seed percentile bootstrap, 2000 draws, RNG731"
observation,occluded,M-coordinate-graph_time-base,waveform_error,degrees,18.07712734140122,16.623693178655124,19.6305329747961,16.416494278666775,19.737760404135656,14,3,"descriptive crossed person/seed percentile bootstrap, 2000 draws, RNG731"
observation,occluded,M-coordinate-graph_time-base,synthetic_all_nle,dimensionless NLE,0.05314435544623776,0.05022286619066527,0.05629919243199256,0.04974686447440942,0.05654184641806608,14,3,"descriptive crossed person/seed percentile bootstrap, 2000 draws, RNG731"
observation,occluded,M-coordinate-graph_time-base,assignment_failure_rate,fraction,0.4268827041669913,0.40967491587133786,0.4421979584417876,0.4113620045060655,0.4424034038279172,14,3,"descriptive crossed person/seed percentile bootstrap, 2000 draws, RNG731"
observation,occluded,M-coordinate-graph_time-base,left_excursion_error,degrees,28.27159424385225,24.496769088661086,31.483271944165182,24.348401661350795,32.194786826353706,14,3,"descriptive crossed person/seed percentile bootstrap, 2000 draws, RNG731"
observation,occluded,M-coordinate-graph_time-base,right_excursion_error,degrees,26.583380736750406,23.472154540918623,29.384989895145253,23.244245134618925,29.922516338881895,14,3,"descriptive crossed person/seed percentile bootstrap, 2000 draws, RNG731"
observation,occluded,M-coordinate-graph_time-base,response_error,degrees,14.646210095371478,11.033109161737393,18.856890020380742,10.63986977168818,18.652550419054776,14,3,"descriptive crossed person/seed percentile bootstrap, 2000 draws, RNG731"
observation,occluded,M-coordinate-graph_time-base,zero_response_error,degrees,5.810829534023187,5.565160012226307,6.043321949781563,5.534631934465793,6.08702713358058,14,3,"descriptive crossed person/seed percentile bootstrap, 2000 draws, RNG731"
observation,occluded,M-coordinate-graph_time-base,response_failure_rate,fraction,0.011416384969625706,0.0063526280496766585,0.017181644069664895,0.00590366702307302,0.016929102916178388,14,3,"descriptive crossed person/seed percentile bootstrap, 2000 draws, RNG731"
observation,occluded,M-coordinate-graph_time-base,response_failure_contribution,degrees,8.219797178130513,4.573892195767195,12.370783730158731,4.250640256612577,12.188954099648445,14,3,"descriptive crossed person/seed percentile bootstrap, 2000 draws, RNG731"
observation,occluded,M-coordinate-graph_time-base,response_success_contribution,degrees,6.426412917240968,6.1433006366433975,6.690578909398068,6.117188353743409,6.735637480738524,14,3,"descriptive crossed person/seed percentile bootstrap, 2000 draws, RNG731"
observation,occluded,M-coordinate-graph_time-paired_change,A_error,degrees,17.366817520918477,14.167777260251263,20.559550505184482,15.444872519493096,19.28876252234386,14,3,"descriptive crossed person/seed percentile bootstrap, 2000 draws, RNG731"
observation,occluded,M-coordinate-graph_time-paired_change,waveform_error,degrees,23.884635929398115,22.553649580676485,25.505312527092908,22.268349918336728,25.50092194045951,14,3,"descriptive crossed person/seed percentile bootstrap, 2000 draws, RNG731"
observation,occluded,M-coordinate-graph_time-paired_change,synthetic_all_nle,dimensionless NLE,0.06088100969825119,0.0576798374376295,0.06430678461436089,0.0572095596544969,0.06455245974200549,14,3,"descriptive crossed person/seed percentile bootstrap, 2000 draws, RNG731"
observation,occluded,M-coordinate-graph_time-paired_change,assignment_failure_rate,fraction,0.4696192579597939,0.4576723222787345,0.48287419573751894,0.4597149517442674,0.47952356417532066,14,3,"descriptive crossed person/seed percentile bootstrap, 2000 draws, RNG731"
observation,occluded,M-coordinate-graph_time-paired_change,left_excursion_error,degrees,17.511834821926602,15.27460605692897,19.97321148631814,15.308360409971272,19.715309233881932,14,3,"descriptive crossed person/seed percentile bootstrap, 2000 draws, RNG731"
observation,occluded,M-coordinate-graph_time-paired_change,right_excursion_error,degrees,17.585377820341698,14.798181929475216,21.027454762242364,15.604777729037469,19.565977911645927,14,3,"descriptive crossed person/seed percentile bootstrap, 2000 draws, RNG731"
observation,occluded,M-coordinate-graph_time-paired_change,response_error,degrees,16.43080402267694,11.878565357884877,22.024767325418033,11.396698825412026,21.46490921994186,14,3,"descriptive crossed person/seed percentile bootstrap, 2000 draws, RNG731"
observation,occluded,M-coordinate-graph_time-paired_change,zero_response_error,degrees,5.810829534023187,5.565160012226307,6.043321949781563,5.534631934465793,6.08702713358058,14,3,"descriptive crossed person/seed percentile bootstrap, 2000 draws, RNG731"
observation,occluded,M-coordinate-graph_time-paired_change,response_failure_rate,fraction,0.014210390946502052,0.0078629069297472,0.021924786890064652,0.007283273827568472,0.02113750806543563,14,3,"descriptive crossed person/seed percentile bootstrap, 2000 draws, RNG731"
observation,occluded,M-coordinate-graph_time-paired_change,response_failure_contribution,degrees,10.231481481481481,5.66129298941799,15.785846560846553,5.243957155849302,15.21900580711366,14,3,"descriptive crossed person/seed percentile bootstrap, 2000 draws, RNG731"
observation,occluded,M-coordinate-graph_time-paired_change,response_success_contribution,degrees,6.199322541195459,5.933858639138168,6.443854700830393,5.91762940908641,6.481015673304506,14,3,"descriptive crossed person/seed percentile bootstrap, 2000 draws, RNG731"
observation,occluded,M-paired_jepa-graph_time-base,A_error,degrees,15.181398453800304,13.298253950011173,17.246999361800505,13.104723537381098,17.25807337021951,14,3,"descriptive crossed person/seed percentile bootstrap, 2000 draws, RNG731"
observation,occluded,M-paired_jepa-graph_time-base,waveform_error,degrees,20.786778158673673,19.007483155077384,22.92097442997939,18.627533808046756,22.94602250930059,14,3,"descriptive crossed person/seed percentile bootstrap, 2000 draws, RNG731"
observation,occluded,M-paired_jepa-graph_time-base,synthetic_all_nle,dimensionless NLE,0.06782507299391168,0.06381282876209252,0.07257649650192746,0.0628815826755399,0.07276856331228346,14,3,"descriptive crossed person/seed percentile bootstrap, 2000 draws, RNG731"
observation,occluded,M-paired_jepa-graph_time-base,assignment_failure_rate,fraction,0.5195095291390515,0.4993157243112071,0.5343607056791724,0.5003683736390147,0.5386506846390885,14,3,"descriptive crossed person/seed percentile bootstrap, 2000 draws, RNG731"
observation,occluded,M-paired_jepa-graph_time-base,left_excursion_error,degrees,27.355264010460203,23.751596879785314,30.643689849369444,23.462122135764737,31.248405885155655,14,3,"descriptive crossed person/seed percentile bootstrap, 2000 draws, RNG731"
observation,occluded,M-paired_jepa-graph_time-base,right_excursion_error,degrees,26.039101331569256,22.416284846967496,29.367873356699192,22.16471451752614,29.913488145612366,14,3,"descriptive crossed person/seed percentile bootstrap, 2000 draws, RNG731"
observation,occluded,M-paired_jepa-graph_time-base,response_error,degrees,15.229007338714537,11.116728248987616,20.06604966275289,10.300627374093219,20.157387303335852,14,3,"descriptive crossed person/seed percentile bootstrap, 2000 draws, RNG731"
observation,occluded,M-paired_jepa-graph_time-base,zero_response_error,degrees,5.810829534023187,5.565160012226307,6.043321949781563,5.534631934465793,6.08702713358058,14,3,"descriptive crossed person/seed percentile bootstrap, 2000 draws, RNG731"
observation,occluded,M-paired_jepa-graph_time-base,response_failure_rate,fraction,0.012197788065843616,0.0065257569077013505,0.018955524017734655,0.005431364452535288,0.018964211679151948,14,3,"descriptive crossed person/seed percentile bootstrap, 2000 draws, RNG731"
observation,occluded,M-paired_jepa-graph_time-base,response_failure_contribution,degrees,8.782407407407408,4.698544973544974,13.647977292768957,3.9105824058254086,13.654232408989408,14,3,"descriptive crossed person/seed percentile bootstrap, 2000 draws, RNG731"
observation,occluded,M-paired_jepa-graph_time-base,response_success_contribution,degrees,6.4465999313071265,6.151471423899234,6.737582923413876,6.127716683990883,6.765483178623368,14,3,"descriptive crossed person/seed percentile bootstrap, 2000 draws, RNG731"
observation,occluded,M-paired_jepa-graph_time-paired_change,A_error,degrees,19.2250184330531,13.16517541568122,27.548218019258446,17.09131640792976,21.358720458176435,14,3,"descriptive crossed person/seed percentile bootstrap, 2000 draws, RNG731"
observation,occluded,M-paired_jepa-graph_time-paired_change,waveform_error,degrees,24.5640608993547,23.115344320977186,26.144693517052996,22.98844428085883,26.139677517850572,14,3,"descriptive crossed person/seed percentile bootstrap, 2000 draws, RNG731"
observation,occluded,M-paired_jepa-graph_time-paired_change,synthetic_all_nle,dimensionless NLE,0.0757634391253746,0.07235710730692405,0.07956938561611923,0.07178178675058956,0.07974509150015964,14,3,"descriptive crossed person/seed percentile bootstrap, 2000 draws, RNG731"
observation,occluded,M-paired_jepa-graph_time-paired_change,assignment_failure_rate,fraction,0.5228166161891329,0.5083462651442775,0.5335386881383389,0.5098346159737069,0.5357986164045588,14,3,"descriptive crossed person/seed percentile bootstrap, 2000 draws, RNG731"
observation,occluded,M-paired_jepa-graph_time-paired_change,left_excursion_error,degrees,21.71658953563487,18.57483275184238,24.661931385049975,19.857069651228272,23.576109420041476,14,3,"descriptive crossed person/seed percentile bootstrap, 2000 draws, RNG731"
observation,occluded,M-paired_jepa-graph_time-paired_change,right_excursion_error,degrees,20.105094306260824,17.945014587573297,22.5809232499327,17.998518661572874,22.21166995094878,14,3,"descriptive crossed person/seed percentile bootstrap, 2000 draws, RNG731"
observation,occluded,M-paired_jepa-graph_time-paired_change,response_error,degrees,14.042291949455082,10.175345773544544,18.71784012181652,9.743330513541007,18.34125338536915,14,3,"descriptive crossed person/seed percentile bootstrap, 2000 draws, RNG731"
observation,occluded,M-paired_jepa-graph_time-paired_change,zero_response_error,degrees,5.810829534023187,5.565160012226307,6.043321949781563,5.534631934465793,6.08702713358058,14,3,"descriptive crossed person/seed percentile bootstrap, 2000 draws, RNG731"
observation,occluded,M-paired_jepa-graph_time-paired_change,response_failure_rate,fraction,0.010779504703115811,0.005417424492945324,0.017177831973838913,0.004848744645905509,0.016710264760326117,14,3,"descriptive crossed person/seed percentile bootstrap, 2000 draws, RNG731"
observation,occluded,M-paired_jepa-graph_time-paired_change,response_failure_contribution,degrees,7.761243386243386,3.9005456349206344,12.368039021164023,3.4910961450519666,12.031390627434806,14,3,"descriptive crossed person/seed percentile bootstrap, 2000 draws, RNG731"
observation,occluded,M-paired_jepa-graph_time-paired_change,response_success_contribution,degrees,6.281048563211693,5.998796864803432,6.5472456165189845,5.974899340800986,6.587197785622401,14,3,"descriptive crossed person/seed percentile bootstrap, 2000 draws, RNG731"
observation,occluded,P-direct-none-base,A_error,degrees,11.740088268585332,10.574224496733247,13.137743176764545,10.327801588168326,13.152374949002335,14,3,"descriptive crossed person/seed percentile bootstrap, 2000 draws, RNG731"
observation,occluded,P-direct-none-base,waveform_error,degrees,16.443668663075556,14.837192142502312,17.949648113722983,14.716409690714407,18.17092763543672,14,3,"descriptive crossed person/seed percentile bootstrap, 2000 draws, RNG731"
observation,occluded,P-direct-none-base,synthetic_all_nle,dimensionless NLE,0.04000502475829431,0.037231362901887124,0.042967581032925244,0.03671110411647083,0.04329894540011779,14,3,"descriptive crossed person/seed percentile bootstrap, 2000 draws, RNG731"
observation,occluded,P-direct-none-base,assignment_failure_rate,fraction,0.34895824810766324,0.30677228872045653,0.38227318594510584,0.3050742889386379,0.39284220727668856,14,3,"descriptive crossed person/seed percentile bootstrap, 2000 draws, RNG731"
observation,occluded,P-direct-none-base,left_excursion_error,degrees,27.769465285944275,23.37063537963885,31.52169961876831,23.13135730716606,32.40757326472247,14,3,"descriptive crossed person/seed percentile bootstrap, 2000 draws, RNG731"
observation,occluded,P-direct-none-base,right_excursion_error,degrees,26.816771861877957,23.024668725006904,30.16822859157457,22.813483155103167,30.820060568652746,14,3,"descriptive crossed person/seed percentile bootstrap, 2000 draws, RNG731"
observation,occluded,P-direct-none-base,response_error,degrees,11.19099046079169,8.776165035289395,14.160881877537062,8.347525434037312,14.034455487546069,14,3,"descriptive crossed person/seed percentile bootstrap, 2000 draws, RNG731"
observation,occluded,P-direct-none-base,zero_response_error,degrees,5.810829534023187,5.565160012226307,6.043321949781563,5.534631934465793,6.08702713358058,14,3,"descriptive crossed person/seed percentile bootstrap, 2000 draws, RNG731"
observation,occluded,P-direct-none-base,response_failure_rate,fraction,0.006875244953948654,0.0036602549970605512,0.010728110302763076,0.003090422604929596,0.010660067302967716,14,3,"descriptive crossed person/seed percentile bootstrap, 2000 draws, RNG731"
observation,occluded,P-direct-none-base,response_failure_contribution,degrees,4.950176366843034,2.635383597883598,7.724239417989416,2.225104275549309,7.675248458136757,14,3,"descriptive crossed person/seed percentile bootstrap, 2000 draws, RNG731"
observation,occluded,P-direct-none-base,response_success_contribution,degrees,6.240814093948656,5.896655477174629,6.558600028724505,5.866842852127318,6.614785335769993,14,3,"descriptive crossed person/seed percentile bootstrap, 2000 draws, RNG731"
observation,occluded,P-direct-none-paired_change,A_error,degrees,17.560489777894556,15.058637694006842,20.001091592378554,15.859975911870496,19.261003643918617,14,3,"descriptive crossed person/seed percentile bootstrap, 2000 draws, RNG731"
observation,occluded,P-direct-none-paired_change,waveform_error,degrees,22.65974844390052,20.95546402968845,24.5886705240548,20.514548870024417,24.80494801777662,14,3,"descriptive crossed person/seed percentile bootstrap, 2000 draws, RNG731"
observation,occluded,P-direct-none-paired_change,synthetic_all_nle,dimensionless NLE,0.05879858629738679,0.055426581252740456,0.06244128894793256,0.05491390663844828,0.06268326595632533,14,3,"descriptive crossed person/seed percentile bootstrap, 2000 draws, RNG731"
observation,occluded,P-direct-none-paired_change,assignment_failure_rate,fraction,0.453368857363868,0.4397206071872206,0.46589574851659765,0.4414706768253646,0.4652670379023715,14,3,"descriptive crossed person/seed percentile bootstrap, 2000 draws, RNG731"
observation,occluded,P-direct-none-paired_change,left_excursion_error,degrees,22.109332454521116,19.147463254848013,25.310766739244283,19.098833413172855,25.119831495869377,14,3,"descriptive crossed person/seed percentile bootstrap, 2000 draws, RNG731"
observation,occluded,P-direct-none-paired_change,right_excursion_error,degrees,24.03000241033517,20.83430992007172,27.49719588504136,20.674351978597585,27.385652842072766,14,3,"descriptive crossed person/seed percentile bootstrap, 2000 draws, RNG731"
observation,occluded,P-direct-none-paired_change,response_error,degrees,16.43431903095035,12.950295743854666,20.076631028876395,12.484658552023886,20.383979509876816,14,3,"descriptive crossed person/seed percentile bootstrap, 2000 draws, RNG731"
observation,occluded,P-direct-none-paired_change,zero_response_error,degrees,5.810829534023187,5.565160012226307,6.043321949781563,5.534631934465793,6.08702713358058,14,3,"descriptive crossed person/seed percentile bootstrap, 2000 draws, RNG731"
observation,occluded,P-direct-none-paired_change,response_failure_rate,fraction,0.014057600921026843,0.009285170794140698,0.01907868992504408,0.008646045888743403,0.01946915595331028,14,3,"descriptive crossed person/seed percentile bootstrap, 2000 draws, RNG731"
observation,occluded,P-direct-none-paired_change,response_failure_contribution,degrees,10.12147266313933,6.685322971781306,13.736656746031745,6.225153039895254,14.017792286383408,14,3,"descriptive crossed person/seed percentile bootstrap, 2000 draws, RNG731"
observation,occluded,P-direct-none-paired_change,response_success_contribution,degrees,6.3128463678110185,6.05315963003229,6.583761455767744,6.020517855489711,6.605174880132324,14,3,"descriptive crossed person/seed percentile bootstrap, 2000 draws, RNG731"
observation_by_extractor,clear | hrnet_w32,F-response-coordinate_delta_v1-graph_time-base,A_error,degrees,8.183377903238492,6.890125253213071,9.604895689828792,6.915314678794409,9.451441127682575,14,3,"descriptive crossed person/seed percentile bootstrap, 2000 draws, RNG731"
observation_by_extractor,clear | hrnet_w32,F-response-coordinate_delta_v1-graph_time-base,waveform_error,degrees,14.239273863992528,13.659986448210203,14.814275869831311,13.667741725179905,14.810806002805148,14,3,"descriptive crossed person/seed percentile bootstrap, 2000 draws, RNG731"
observation_by_extractor,clear | hrnet_w32,F-response-coordinate_delta_v1-graph_time-base,synthetic_all_nle,dimensionless NLE,0.050954606022888906,0.04826941896005232,0.05448680338725748,0.04745603888846396,0.05445317315731385,14,3,"descriptive crossed person/seed percentile bootstrap, 2000 draws, RNG731"
observation_by_extractor,clear | hrnet_w32,F-response-coordinate_delta_v1-graph_time-base,assignment_failure_rate,fraction,0.39543871986620177,0.3778602137050432,0.41906166160951885,0.37663935167789775,0.4142380880545057,14,3,"descriptive crossed person/seed percentile bootstrap, 2000 draws, RNG731"
observation_by_extractor,clear | hrnet_w32,F-response-coordinate_delta_v1-graph_time-base,left_excursion_error,degrees,24.249546587249235,21.97834821771612,26.432755445971246,21.686361006442585,26.812732168055884,14,3,"descriptive crossed person/seed percentile bootstrap, 2000 draws, RNG731"
observation_by_extractor,clear | hrnet_w32,F-response-coordinate_delta_v1-graph_time-base,right_excursion_error,degrees,22.39976014123047,20.292126798790026,24.571205720580075,20.540657215713935,24.258863066746997,14,3,"descriptive crossed person/seed percentile bootstrap, 2000 draws, RNG731"
observation_by_extractor,clear | hrnet_w32,F-response-coordinate_delta_v1-graph_time-base,response_error,degrees,5.896029340466816,5.617606638016297,6.163561459861437,5.604741303757981,6.187317377175651,14,3,"descriptive crossed person/seed percentile bootstrap, 2000 draws, RNG731"
observation_by_extractor,clear | hrnet_w32,F-response-coordinate_delta_v1-graph_time-base,zero_response_error,degrees,5.8108295340231875,5.565160012226307,6.043321949781563,5.534631934465794,6.087027133580581,14,3,"descriptive crossed person/seed percentile bootstrap, 2000 draws, RNG731"
observation_by_extractor,clear | hrnet_w32,F-response-coordinate_delta_v1-graph_time-base,response_failure_rate,fraction,0.0,0.0,0.0,0.0,0.0,14,3,"descriptive crossed person/seed percentile bootstrap, 2000 draws, RNG731"
observation_by_extractor,clear | hrnet_w32,F-response-coordinate_delta_v1-graph_time-base,response_failure_contribution,degrees,0.0,0.0,0.0,0.0,0.0,14,3,"descriptive crossed person/seed percentile bootstrap, 2000 draws, RNG731"
observation_by_extractor,clear | hrnet_w32,F-response-coordinate_delta_v1-graph_time-base,response_success_contribution,degrees,5.896029340466816,5.617606638016297,6.163561459861437,5.604741303757981,6.187317377175651,14,3,"descriptive crossed person/seed percentile bootstrap, 2000 draws, RNG731"
observation_by_extractor,clear | hrnet_w32,F-response-coordinate_delta_v1-graph_time-paired_change,A_error,degrees,11.121947707182605,7.962917497203084,13.955855363291803,9.697441393112845,12.546454021252371,14,3,"descriptive crossed person/seed percentile bootstrap, 2000 draws, RNG731"
observation_by_extractor,clear | hrnet_w32,F-response-coordinate_delta_v1-graph_time-paired_change,waveform_error,degrees,18.412703934309725,17.60581353438977,19.320856493777054,17.804838949824454,19.020568918794982,14,3,"descriptive crossed person/seed percentile bootstrap, 2000 draws, RNG731"
observation_by_extractor,clear | hrnet_w32,F-response-coordinate_delta_v1-graph_time-paired_change,synthetic_all_nle,dimensionless NLE,0.057442536031339426,0.054333334144551625,0.061564879353105645,0.053429194598638624,0.06145587746404024,14,3,"descriptive crossed person/seed percentile bootstrap, 2000 draws, RNG731"
observation_by_extractor,clear | hrnet_w32,F-response-coordinate_delta_v1-graph_time-paired_change,assignment_failure_rate,fraction,0.45492943057944,0.43124771337006684,0.4769864515716554,0.4391579609009011,0.47070090025797917,14,3,"descriptive crossed person/seed percentile bootstrap, 2000 draws, RNG731"
observation_by_extractor,clear | hrnet_w32,F-response-coordinate_delta_v1-graph_time-paired_change,left_excursion_error,degrees,10.090040364373003,8.040384134460941,12.107670392374278,8.296848903268428,11.883231825477575,14,3,"descriptive crossed person/seed percentile bootstrap, 2000 draws, RNG731"
observation_by_extractor,clear | hrnet_w32,F-response-coordinate_delta_v1-graph_time-paired_change,right_excursion_error,degrees,15.299860460780922,9.65472434415641,20.469691883023962,12.650948480817787,17.948772440744058,14,3,"descriptive crossed person/seed percentile bootstrap, 2000 draws, RNG731"
observation_by_extractor,clear | hrnet_w32,F-response-coordinate_delta_v1-graph_time-paired_change,response_error,degrees,6.113808336285568,5.75485820781422,6.562105429846135,5.740427150777414,6.487189521793722,14,3,"descriptive crossed person/seed percentile bootstrap, 2000 draws, RNG731"
observation_by_extractor,clear | hrnet_w32,F-response-coordinate_delta_v1-graph_time-paired_change,zero_response_error,degrees,5.8108295340231875,5.565160012226307,6.043321949781563,5.534631934465794,6.087027133580581,14,3,"descriptive crossed person/seed percentile bootstrap, 2000 draws, RNG731"
observation_by_extractor,clear | hrnet_w32,F-response-coordinate_delta_v1-graph_time-paired_change,response_failure_rate,fraction,0.00016534391534391528,0.0,0.0006613756613756611,-0.00019185989690191646,0.0005225477275897471,14,3,"descriptive crossed person/seed percentile bootstrap, 2000 draws, RNG731"
observation_by_extractor,clear | hrnet_w32,F-response-coordinate_delta_v1-graph_time-paired_change,response_failure_contribution,degrees,0.11904761904761904,0.0,0.47619047619047616,-0.13813912576937992,0.37623436386461806,14,3,"descriptive crossed person/seed percentile bootstrap, 2000 draws, RNG731"
observation_by_extractor,clear | hrnet_w32,F-response-coordinate_delta_v1-graph_time-paired_change,response_success_contribution,degrees,5.994760717237949,5.6966187219298305,6.308667027391671,5.708703391414133,6.280818043061766,14,3,"descriptive crossed person/seed percentile bootstrap, 2000 draws, RNG731"
observation_by_extractor,clear | hrnet_w32,F-response-jepa_delta_v1-graph_time-base,A_error,degrees,8.790871462720228,7.4985857028277225,10.416683658026376,7.405696098454248,10.176046826986207,14,3,"descriptive crossed person/seed percentile bootstrap, 2000 draws, RNG731"
observation_by_extractor,clear | hrnet_w32,F-response-jepa_delta_v1-graph_time-base,waveform_error,degrees,14.001765731617215,13.21247591971059,14.99129250675306,13.491033843331296,14.512497619903138,14,3,"descriptive crossed person/seed percentile bootstrap, 2000 draws, RNG731"
observation_by_extractor,clear | hrnet_w32,F-response-jepa_delta_v1-graph_time-base,synthetic_all_nle,dimensionless NLE,0.05756491831446555,0.05332292072623406,0.06317403171430412,0.0518585428540189,0.06327129377491221,14,3,"descriptive crossed person/seed percentile bootstrap, 2000 draws, RNG731"
observation_by_extractor,clear | hrnet_w32,F-response-jepa_delta_v1-graph_time-base,assignment_failure_rate,fraction,0.4567868165353935,0.4439927220223533,0.46965533201997184,0.44493969860473054,0.46863393446605667,14,3,"descriptive crossed person/seed percentile bootstrap, 2000 draws, RNG731"
observation_by_extractor,clear | hrnet_w32,F-response-jepa_delta_v1-graph_time-base,left_excursion_error,degrees,11.714683914982674,10.584805717352744,12.837602621069871,10.641243217521154,12.788124612444193,14,3,"descriptive crossed person/seed percentile bootstrap, 2000 draws, RNG731"
observation_by_extractor,clear | hrnet_w32,F-response-jepa_delta_v1-graph_time-base,right_excursion_error,degrees,10.08064439059813,8.93784585362131,11.257721806650038,9.162909075404697,10.998379705791558,14,3,"descriptive crossed person/seed percentile bootstrap, 2000 draws, RNG731"
observation_by_extractor,clear | hrnet_w32,F-response-jepa_delta_v1-graph_time-base,response_error,degrees,6.289797814018378,5.873111972060107,6.793812723997679,5.893658999933974,6.685936628102784,14,3,"descriptive crossed person/seed percentile bootstrap, 2000 draws, RNG731"
observation_by_extractor,clear | hrnet_w32,F-response-jepa_delta_v1-graph_time-base,zero_response_error,degrees,5.8108295340231875,5.565160012226307,6.043321949781563,5.534631934465794,6.087027133580581,14,3,"descriptive crossed person/seed percentile bootstrap, 2000 draws, RNG731"
observation_by_extractor,clear | hrnet_w32,F-response-jepa_delta_v1-graph_time-base,response_failure_rate,fraction,0.00016534391534391528,0.0,0.0009920634920634916,-0.00019185989690191646,0.0005225477275897471,14,3,"descriptive crossed person/seed percentile bootstrap, 2000 draws, RNG731"
observation_by_extractor,clear | hrnet_w32,F-response-jepa_delta_v1-graph_time-base,response_failure_contribution,degrees,0.11904761904761904,0.0,0.7142857142857143,-0.13813912576937992,0.37623436386461806,14,3,"descriptive crossed person/seed percentile bootstrap, 2000 draws, RNG731"
observation_by_extractor,clear | hrnet_w32,F-response-jepa_delta_v1-graph_time-base,response_success_contribution,degrees,6.1707501949707595,5.819620103285841,6.622549935540347,5.846179429220756,6.495320960720761,14,3,"descriptive crossed person/seed percentile bootstrap, 2000 draws, RNG731"
observation_by_extractor,clear | hrnet_w32,F-response-jepa_delta_v1-graph_time-paired_change,A_error,degrees,10.427340047009695,8.585297754379123,13.512953503417513,8.317566944929233,12.537113149090153,14,3,"descriptive crossed person/seed percentile bootstrap, 2000 draws, RNG731"
observation_by_extractor,clear | hrnet_w32,F-response-jepa_delta_v1-graph_time-paired_change,waveform_error,degrees,19.544265976921604,18.307260122617002,20.89785478956787,18.515220500859225,20.573311452983983,14,3,"descriptive crossed person/seed percentile bootstrap, 2000 draws, RNG731"
observation_by_extractor,clear | hrnet_w32,F-response-jepa_delta_v1-graph_time-paired_change,synthetic_all_nle,dimensionless NLE,0.06389468876688562,0.059719915826488675,0.06911505688142229,0.05865320831791589,0.06913616921585534,14,3,"descriptive crossed person/seed percentile bootstrap, 2000 draws, RNG731"
observation_by_extractor,clear | hrnet_w32,F-response-jepa_delta_v1-graph_time-paired_change,assignment_failure_rate,fraction,0.4787915257697496,0.4696079259630793,0.4910748565275125,0.47030146527080424,0.48728158626869494,14,3,"descriptive crossed person/seed percentile bootstrap, 2000 draws, RNG731"
observation_by_extractor,clear | hrnet_w32,F-response-jepa_delta_v1-graph_time-paired_change,left_excursion_error,degrees,11.247508638593118,7.679058222125728,15.54896879285912,6.804330511269807,15.690686765916428,14,3,"descriptive crossed person/seed percentile bootstrap, 2000 draws, RNG731"
observation_by_extractor,clear | hrnet_w32,F-response-jepa_delta_v1-graph_time-paired_change,right_excursion_error,degrees,9.511188541639067,6.118518799201588,14.140940493063873,7.653699260029837,11.3686778232483,14,3,"descriptive crossed person/seed percentile bootstrap, 2000 draws, RNG731"
observation_by_extractor,clear | hrnet_w32,F-response-jepa_delta_v1-graph_time-paired_change,response_error,degrees,6.168114210416412,5.85585217321207,6.471516041137172,5.900376868890651,6.435851551942172,14,3,"descriptive crossed person/seed percentile bootstrap, 2000 draws, RNG731"
observation_by_extractor,clear | hrnet_w32,F-response-jepa_delta_v1-graph_time-paired_change,zero_response_error,degrees,5.8108295340231875,5.565160012226307,6.043321949781563,5.534631934465794,6.087027133580581,14,3,"descriptive crossed person/seed percentile bootstrap, 2000 draws, RNG731"
observation_by_extractor,clear | hrnet_w32,F-response-jepa_delta_v1-graph_time-paired_change,response_failure_rate,fraction,0.0,0.0,0.0,0.0,0.0,14,3,"descriptive crossed person/seed percentile bootstrap, 2000 draws, RNG731"
observation_by_extractor,clear | hrnet_w32,F-response-jepa_delta_v1-graph_time-paired_change,response_failure_contribution,degrees,0.0,0.0,0.0,0.0,0.0,14,3,"descriptive crossed person/seed percentile bootstrap, 2000 draws, RNG731"
observation_by_extractor,clear | hrnet_w32,F-response-jepa_delta_v1-graph_time-paired_change,response_success_contribution,degrees,6.168114210416412,5.85585217321207,6.471516041137172,5.900376868890651,6.435851551942172,14,3,"descriptive crossed person/seed percentile bootstrap, 2000 draws, RNG731"
observation_by_extractor,clear | hrnet_w32,F-response-jepa_endpoint_v1-graph_time-base,A_error,degrees,8.592006260460192,7.419419267623538,9.9629647574324,7.1813487264381415,10.002663794482242,14,3,"descriptive crossed person/seed percentile bootstrap, 2000 draws, RNG731"
observation_by_extractor,clear | hrnet_w32,F-response-jepa_endpoint_v1-graph_time-base,waveform_error,degrees,13.637478189952644,13.152027967297544,14.16781480618455,13.213587152009005,14.061369227896282,14,3,"descriptive crossed person/seed percentile bootstrap, 2000 draws, RNG731"
observation_by_extractor,clear | hrnet_w32,F-response-jepa_endpoint_v1-graph_time-base,synthetic_all_nle,dimensionless NLE,0.057906592108542126,0.05349152500597016,0.06370908809542268,0.051788088236960926,0.06402509598012333,14,3,"descriptive crossed person/seed percentile bootstrap, 2000 draws, RNG731"
observation_by_extractor,clear | hrnet_w32,F-response-jepa_endpoint_v1-graph_time-base,assignment_failure_rate,fraction,0.46979965030016607,0.45705881544123916,0.4842561084569815,0.45789513254873665,0.4817041680515957,14,3,"descriptive crossed person/seed percentile bootstrap, 2000 draws, RNG731"
observation_by_extractor,clear | hrnet_w32,F-response-jepa_endpoint_v1-graph_time-base,left_excursion_error,degrees,12.9261165159005,11.000929025106347,14.73905147972461,11.647192876222364,14.205040155578631,14,3,"descriptive crossed person/seed percentile bootstrap, 2000 draws, RNG731"
observation_by_extractor,clear | hrnet_w32,F-response-jepa_endpoint_v1-graph_time-base,right_excursion_error,degrees,12.5862844196655,10.082395278973024,15.165469491874076,11.429921501698228,13.742647337632771,14,3,"descriptive crossed person/seed percentile bootstrap, 2000 draws, RNG731"
observation_by_extractor,clear | hrnet_w32,F-response-jepa_endpoint_v1-graph_time-base,response_error,degrees,6.462789574848405,6.138746558490218,6.766456040219195,6.148200471843653,6.777378677853161,14,3,"descriptive crossed person/seed percentile bootstrap, 2000 draws, RNG731"
observation_by_extractor,clear | hrnet_w32,F-response-jepa_endpoint_v1-graph_time-base,zero_response_error,degrees,5.8108295340231875,5.565160012226307,6.043321949781563,5.534631934465794,6.087027133580581,14,3,"descriptive crossed person/seed percentile bootstrap, 2000 draws, RNG731"
observation_by_extractor,clear | hrnet_w32,F-response-jepa_endpoint_v1-graph_time-base,response_failure_rate,fraction,0.0001102292768959434,0.0,0.0004409171075837736,-0.00012790659793461085,0.0003483651517264976,14,3,"descriptive crossed person/seed percentile bootstrap, 2000 draws, RNG731"
observation_by_extractor,clear | hrnet_w32,F-response-jepa_endpoint_v1-graph_time-base,response_failure_contribution,degrees,0.07936507936507937,0.0,0.3174603174603175,-0.09209275051291997,0.2508229092430787,14,3,"descriptive crossed person/seed percentile bootstrap, 2000 draws, RNG731"
observation_by_extractor,clear | hrnet_w32,F-response-jepa_endpoint_v1-graph_time-base,response_success_contribution,degrees,6.383424495483327,6.083397868227843,6.657975767502108,6.121410696134629,6.645438294832025,14,3,"descriptive crossed person/seed percentile bootstrap, 2000 draws, RNG731"
observation_by_extractor,clear | hrnet_w32,F-response-jepa_endpoint_v1-graph_time-paired_change,A_error,degrees,14.498903452859611,10.587485229321574,17.50787944543526,13.657106685246564,15.340700220472655,14,3,"descriptive crossed person/seed percentile bootstrap, 2000 draws, RNG731"
observation_by_extractor,clear | hrnet_w32,F-response-jepa_endpoint_v1-graph_time-paired_change,waveform_error,degrees,19.720884680947293,18.20990370425226,21.726148432275068,18.370549617090706,21.071219744803873,14,3,"descriptive crossed person/seed percentile bootstrap, 2000 draws, RNG731"
observation_by_extractor,clear | hrnet_w32,F-response-jepa_endpoint_v1-graph_time-paired_change,synthetic_all_nle,dimensionless NLE,0.06431312230329585,0.06020070094242691,0.06906198740650575,0.05933587223674306,0.06929037236984863,14,3,"descriptive crossed person/seed percentile bootstrap, 2000 draws, RNG731"
observation_by_extractor,clear | hrnet_w32,F-response-jepa_endpoint_v1-graph_time-paired_change,assignment_failure_rate,fraction,0.47279548750299405,0.46423455769725275,0.48215584108162957,0.46632129906773584,0.47926967593825226,14,3,"descriptive crossed person/seed percentile bootstrap, 2000 draws, RNG731"
observation_by_extractor,clear | hrnet_w32,F-response-jepa_endpoint_v1-graph_time-paired_change,left_excursion_error,degrees,10.65579258539791,7.043667877567779,16.310110964801485,7.510765149814246,13.80082002098157,14,3,"descriptive crossed person/seed percentile bootstrap, 2000 draws, RNG731"
observation_by_extractor,clear | hrnet_w32,F-response-jepa_endpoint_v1-graph_time-paired_change,right_excursion_error,degrees,10.261318797011425,5.819233778999512,14.59159455911859,8.325636541805352,12.197001052217502,14,3,"descriptive crossed person/seed percentile bootstrap, 2000 draws, RNG731"
observation_by_extractor,clear | hrnet_w32,F-response-jepa_endpoint_v1-graph_time-paired_change,response_error,degrees,6.538032685734797,6.063536997711352,7.535788277484118,5.87769093240911,7.198374439060484,14,3,"descriptive crossed person/seed percentile bootstrap, 2000 draws, RNG731"
observation_by_extractor,clear | hrnet_w32,F-response-jepa_endpoint_v1-graph_time-paired_change,zero_response_error,degrees,5.8108295340231875,5.565160012226307,6.043321949781563,5.534631934465794,6.087027133580581,14,3,"descriptive crossed person/seed percentile bootstrap, 2000 draws, RNG731"
observation_by_extractor,clear | hrnet_w32,F-response-jepa_endpoint_v1-graph_time-paired_change,response_failure_rate,fraction,0.00038580246913580234,0.0,0.001984126984126983,-0.0004476730927711385,0.0012192780310427433,14,3,"descriptive crossed person/seed percentile bootstrap, 2000 draws, RNG731"
observation_by_extractor,clear | hrnet_w32,F-response-jepa_endpoint_v1-graph_time-paired_change,response_failure_contribution,degrees,0.2777777777777778,0.0,1.4285714285714286,-0.3223246267952198,0.8778801823507754,14,3,"descriptive crossed person/seed percentile bootstrap, 2000 draws, RNG731"
observation_by_extractor,clear | hrnet_w32,F-response-jepa_endpoint_v1-graph_time-paired_change,response_success_contribution,degrees,6.260254907957019,6.001320808978001,6.487019036597945,6.017630622353024,6.502879193561015,14,3,"descriptive crossed person/seed percentile bootstrap, 2000 draws, RNG731"
observation_by_extractor,clear | hrnet_w32,I-initialized-none-base,A_error,degrees,8.45736009147171,7.424502468348546,9.64721094229184,7.200191234589633,9.71452894835379,14,3,"descriptive crossed person/seed percentile bootstrap, 2000 draws, RNG731"
observation_by_extractor,clear | hrnet_w32,I-initialized-none-base,waveform_error,degrees,13.554477888987723,13.070849129955574,14.095882039698852,13.026797846601482,14.08215793137396,14,3,"descriptive crossed person/seed percentile bootstrap, 2000 draws, RNG731"
observation_by_extractor,clear | hrnet_w32,I-initialized-none-base,synthetic_all_nle,dimensionless NLE,0.06240420822843674,0.057480768641856375,0.06853833820186858,0.056207546807859096,0.06860086964901439,14,3,"descriptive crossed person/seed percentile bootstrap, 2000 draws, RNG731"
observation_by_extractor,clear | hrnet_w32,I-initialized-none-base,assignment_failure_rate,fraction,0.47876695758654925,0.46837370220660196,0.491448433308953,0.4657142905227476,0.4918196246503509,14,3,"descriptive crossed person/seed percentile bootstrap, 2000 draws, RNG731"
observation_by_extractor,clear | hrnet_w32,I-initialized-none-base,left_excursion_error,degrees,5.9881460343038,5.411402120095214,6.586042747035543,5.362387477058968,6.6139045915486285,14,3,"descriptive crossed person/seed percentile bootstrap, 2000 draws, RNG731"
observation_by_extractor,clear | hrnet_w32,I-initialized-none-base,right_excursion_error,degrees,5.655029835219009,4.791984068985467,6.669481544773895,4.776491303385996,6.533568367052022,14,3,"descriptive crossed person/seed percentile bootstrap, 2000 draws, RNG731"
observation_by_extractor,clear | hrnet_w32,I-initialized-none-base,response_error,degrees,6.742294849908232,6.494119830204109,6.994885744435893,6.459979361887794,7.024610337928668,14,3,"descriptive crossed person/seed percentile bootstrap, 2000 draws, RNG731"
observation_by_extractor,clear | hrnet_w32,I-initialized-none-base,zero_response_error,degrees,5.8108295340231875,5.565160012226307,6.043321949781563,5.534631934465794,6.087027133580581,14,3,"descriptive crossed person/seed percentile bootstrap, 2000 draws, RNG731"
observation_by_extractor,clear | hrnet_w32,I-initialized-none-base,response_failure_rate,fraction,0.0,0.0,0.0,0.0,0.0,14,3,"descriptive crossed person/seed percentile bootstrap, 2000 draws, RNG731"
observation_by_extractor,clear | hrnet_w32,I-initialized-none-base,response_failure_contribution,degrees,0.0,0.0,0.0,0.0,0.0,14,3,"descriptive crossed person/seed percentile bootstrap, 2000 draws, RNG731"
observation_by_extractor,clear | hrnet_w32,I-initialized-none-base,response_success_contribution,degrees,6.742294849908232,6.494119830204109,6.994885744435893,6.459979361887794,7.024610337928668,14,3,"descriptive crossed person/seed percentile bootstrap, 2000 draws, RNG731"
observation_by_extractor,clear | hrnet_w32,I-initialized-none-paired_change,A_error,degrees,10.46392984898442,8.608031236484658,13.039132074598097,8.44361804439293,12.484241653575909,14,3,"descriptive crossed person/seed percentile bootstrap, 2000 draws, RNG731"
observation_by_extractor,clear | hrnet_w32,I-initialized-none-paired_change,waveform_error,degrees,19.884862036018173,18.960983464611196,21.064359459726926,18.815545783161777,20.95417828887457,14,3,"descriptive crossed person/seed percentile bootstrap, 2000 draws, RNG731"
observation_by_extractor,clear | hrnet_w32,I-initialized-none-paired_change,synthetic_all_nle,dimensionless NLE,0.06531929274265187,0.0626120352381614,0.06885979070397186,0.06175543690375784,0.0688831485815459,14,3,"descriptive crossed person/seed percentile bootstrap, 2000 draws, RNG731"
observation_by_extractor,clear | hrnet_w32,I-initialized-none-paired_change,assignment_failure_rate,fraction,0.46746981703169865,0.46318920819218423,0.47106660369254316,0.46380643289670354,0.47113320116669366,14,3,"descriptive crossed person/seed percentile bootstrap, 2000 draws, RNG731"
observation_by_extractor,clear | hrnet_w32,I-initialized-none-paired_change,left_excursion_error,degrees,14.465490510049582,10.865811977998268,18.738095883715438,10.909114015473397,18.02186700462577,14,3,"descriptive crossed person/seed percentile bootstrap, 2000 draws, RNG731"
observation_by_extractor,clear | hrnet_w32,I-initialized-none-paired_change,right_excursion_error,degrees,10.170065573580018,8.677676695383834,11.823512010618684,8.702407890035746,11.637723257124291,14,3,"descriptive crossed person/seed percentile bootstrap, 2000 draws, RNG731"
observation_by_extractor,clear | hrnet_w32,I-initialized-none-paired_change,response_error,degrees,6.72839160164491,6.251049834201444,7.876794820133757,6.148360383709944,7.308422819579874,14,3,"descriptive crossed person/seed percentile bootstrap, 2000 draws, RNG731"
observation_by_extractor,clear | hrnet_w32,I-initialized-none-paired_change,zero_response_error,degrees,5.8108295340231875,5.565160012226307,6.043321949781563,5.534631934465794,6.087027133580581,14,3,"descriptive crossed person/seed percentile bootstrap, 2000 draws, RNG731"
observation_by_extractor,clear | hrnet_w32,I-initialized-none-paired_change,response_failure_rate,fraction,0.00033068783068783056,0.0,0.001984126984126983,-0.00038371979380383297,0.0010450954551794941,14,3,"descriptive crossed person/seed percentile bootstrap, 2000 draws, RNG731"
observation_by_extractor,clear | hrnet_w32,I-initialized-none-paired_change,response_failure_contribution,degrees,0.23809523809523808,0.0,1.4285714285714286,-0.27627825153875984,0.7524687277292361,14,3,"descriptive crossed person/seed percentile bootstrap, 2000 draws, RNG731"
observation_by_extractor,clear | hrnet_w32,I-initialized-none-paired_change,response_success_contribution,degrees,6.490296363549672,6.2273241522588085,6.734175943515778,6.217758384996759,6.762834342102585,14,3,"descriptive crossed person/seed percentile bootstrap, 2000 draws, RNG731"
observation_by_extractor,clear | hrnet_w32,I-shuffled_jepa-graph_time-base,A_error,degrees,8.701370969679813,7.4875512433470455,10.103101974630398,7.382802797783521,10.019939141576101,14,3,"descriptive crossed person/seed percentile bootstrap, 2000 draws, RNG731"
observation_by_extractor,clear | hrnet_w32,I-shuffled_jepa-graph_time-base,waveform_error,degrees,13.332193126759838,12.824697404769001,13.882404962202909,12.776419562719346,13.887966690800324,14,3,"descriptive crossed person/seed percentile bootstrap, 2000 draws, RNG731"
observation_by_extractor,clear | hrnet_w32,I-shuffled_jepa-graph_time-base,synthetic_all_nle,dimensionless NLE,0.061873328243452284,0.05688069723641143,0.06778061212222945,0.05573547350250557,0.06801118298439898,14,3,"descriptive crossed person/seed percentile bootstrap, 2000 draws, RNG731"
observation_by_extractor,clear | hrnet_w32,I-shuffled_jepa-graph_time-base,assignment_failure_rate,fraction,0.47341570995467996,0.46487958345463837,0.48396448470324926,0.4629415039867597,0.4838899159226001,14,3,"descriptive crossed person/seed percentile bootstrap, 2000 draws, RNG731"
observation_by_extractor,clear | hrnet_w32,I-shuffled_jepa-graph_time-base,left_excursion_error,degrees,6.7408324736385605,5.720267509068456,7.765134878926728,6.147687071377823,7.333977875899298,14,3,"descriptive crossed person/seed percentile bootstrap, 2000 draws, RNG731"
observation_by_extractor,clear | hrnet_w32,I-shuffled_jepa-graph_time-base,right_excursion_error,degrees,5.930393209406996,5.008973292455621,7.120688141681913,5.012488200491889,6.8482982183221015,14,3,"descriptive crossed person/seed percentile bootstrap, 2000 draws, RNG731"
observation_by_extractor,clear | hrnet_w32,I-shuffled_jepa-graph_time-base,response_error,degrees,6.620019103716355,6.317149137548135,6.920890636672429,6.328585539964236,6.9114526674684695,14,3,"descriptive crossed person/seed percentile bootstrap, 2000 draws, RNG731"
observation_by_extractor,clear | hrnet_w32,I-shuffled_jepa-graph_time-base,zero_response_error,degrees,5.8108295340231875,5.565160012226307,6.043321949781563,5.534631934465794,6.087027133580581,14,3,"descriptive crossed person/seed percentile bootstrap, 2000 draws, RNG731"
observation_by_extractor,clear | hrnet_w32,I-shuffled_jepa-graph_time-base,response_failure_rate,fraction,0.0,0.0,0.0,0.0,0.0,14,3,"descriptive crossed person/seed percentile bootstrap, 2000 draws, RNG731"
observation_by_extractor,clear | hrnet_w32,I-shuffled_jepa-graph_time-base,response_failure_contribution,degrees,0.0,0.0,0.0,0.0,0.0,14,3,"descriptive crossed person/seed percentile bootstrap, 2000 draws, RNG731"
observation_by_extractor,clear | hrnet_w32,I-shuffled_jepa-graph_time-base,response_success_contribution,degrees,6.620019103716355,6.317149137548135,6.920890636672429,6.328585539964236,6.9114526674684695,14,3,"descriptive crossed person/seed percentile bootstrap, 2000 draws, RNG731"
observation_by_extractor,clear | hrnet_w32,I-shuffled_jepa-graph_time-paired_change,A_error,degrees,9.217667757624508,7.915888199424766,10.939388818758033,7.696078418241885,10.739257097007131,14,3,"descriptive crossed person/seed percentile bootstrap, 2000 draws, RNG731"
observation_by_extractor,clear | hrnet_w32,I-shuffled_jepa-graph_time-paired_change,waveform_error,degrees,18.80976213661948,17.837015758510304,20.111648773126923,17.923500728933462,19.696023544305497,14,3,"descriptive crossed person/seed percentile bootstrap, 2000 draws, RNG731"
observation_by_extractor,clear | hrnet_w32,I-shuffled_jepa-graph_time-paired_change,synthetic_all_nle,dimensionless NLE,0.06522566020012543,0.06253475013810003,0.06871852516903162,0.06171442637196625,0.06873689402828465,14,3,"descriptive crossed person/seed percentile bootstrap, 2000 draws, RNG731"
observation_by_extractor,clear | hrnet_w32,I-shuffled_jepa-graph_time-paired_change,assignment_failure_rate,fraction,0.46643408595582436,0.4610248258258229,0.47065868300318214,0.4632793011346424,0.46958887077700645,14,3,"descriptive crossed person/seed percentile bootstrap, 2000 draws, RNG731"
observation_by_extractor,clear | hrnet_w32,I-shuffled_jepa-graph_time-paired_change,left_excursion_error,degrees,12.652469242810477,10.047741991559619,15.609604835363603,10.041821517065516,15.263116968555442,14,3,"descriptive crossed person/seed percentile bootstrap, 2000 draws, RNG731"
observation_by_extractor,clear | hrnet_w32,I-shuffled_jepa-graph_time-paired_change,right_excursion_error,degrees,11.237763368257939,8.70329314374475,14.08227363611042,9.325559549118848,13.14996718739703,14,3,"descriptive crossed person/seed percentile bootstrap, 2000 draws, RNG731"
observation_by_extractor,clear | hrnet_w32,I-shuffled_jepa-graph_time-paired_change,response_error,degrees,7.108309205396838,6.204618343836699,8.882542127375219,6.292139567621302,7.924478843172373,14,3,"descriptive crossed person/seed percentile bootstrap, 2000 draws, RNG731"
observation_by_extractor,clear | hrnet_w32,I-shuffled_jepa-graph_time-paired_change,zero_response_error,degrees,5.8108295340231875,5.565160012226307,6.043321949781563,5.534631934465794,6.087027133580581,14,3,"descriptive crossed person/seed percentile bootstrap, 2000 draws, RNG731"
observation_by_extractor,clear | hrnet_w32,I-shuffled_jepa-graph_time-paired_change,response_failure_rate,fraction,0.0010582010582010583,0.0,0.0037367724867724867,-0.00026978733281103205,0.002386189449213149,14,3,"descriptive crossed person/seed percentile bootstrap, 2000 draws, RNG731"
observation_by_extractor,clear | hrnet_w32,I-shuffled_jepa-graph_time-paired_change,response_failure_contribution,degrees,0.7619047619047619,0.0,2.6904761904761907,-0.19424687962394305,1.7180564034334669,14,3,"descriptive crossed person/seed percentile bootstrap, 2000 draws, RNG731"
observation_by_extractor,clear | hrnet_w32,I-shuffled_jepa-graph_time-paired_change,response_success_contribution,degrees,6.346404443492075,6.076326083020218,6.646166316344255,6.08999224208811,6.602816644896041,14,3,"descriptive crossed person/seed percentile bootstrap, 2000 draws, RNG731"
observation_by_extractor,clear | hrnet_w32,M-coordinate-graph_time-base,A_error,degrees,8.055388232789612,6.896874847385633,9.339783564264822,6.791850207157269,9.318926258421955,14,3,"descriptive crossed person/seed percentile bootstrap, 2000 draws, RNG731"
observation_by_extractor,clear | hrnet_w32,M-coordinate-graph_time-base,waveform_error,degrees,13.709846973054917,13.168486779438084,14.21785817973925,13.138431364152824,14.281262581957003,14,3,"descriptive crossed person/seed percentile bootstrap, 2000 draws, RNG731"
observation_by_extractor,clear | hrnet_w32,M-coordinate-graph_time-base,synthetic_all_nle,dimensionless NLE,0.0442364436503556,0.041504866697841834,0.047594994180347745,0.04071892580373797,0.04775396149697324,14,3,"descriptive crossed person/seed percentile bootstrap, 2000 draws, RNG731"
observation_by_extractor,clear | hrnet_w32,M-coordinate-graph_time-base,assignment_failure_rate,fraction,0.35503049387040486,0.34174245525926994,0.37378601992533694,0.3399668608852177,0.3700941268555919,14,3,"descriptive crossed person/seed percentile bootstrap, 2000 draws, RNG731"
observation_by_extractor,clear | hrnet_w32,M-coordinate-graph_time-base,left_excursion_error,degrees,24.988621354891432,21.899693035921892,27.698368457214993,21.736574274567023,28.240668435215856,14,3,"descriptive crossed person/seed percentile bootstrap, 2000 draws, RNG731"
observation_by_extractor,clear | hrnet_w32,M-coordinate-graph_time-base,right_excursion_error,degrees,22.40986810117594,20.00635334448506,24.759337168329072,19.889639548614607,24.93009665373727,14,3,"descriptive crossed person/seed percentile bootstrap, 2000 draws, RNG731"
observation_by_extractor,clear | hrnet_w32,M-coordinate-graph_time-base,response_error,degrees,5.869099986811453,5.607332916356673,6.124365250257393,5.574441246721529,6.163758726901374,14,3,"descriptive crossed person/seed percentile bootstrap, 2000 draws, RNG731"
observation_by_extractor,clear | hrnet_w32,M-coordinate-graph_time-base,zero_response_error,degrees,5.8108295340231875,5.565160012226307,6.043321949781563,5.534631934465794,6.087027133580581,14,3,"descriptive crossed person/seed percentile bootstrap, 2000 draws, RNG731"
observation_by_extractor,clear | hrnet_w32,M-coordinate-graph_time-base,response_failure_rate,fraction,0.0,0.0,0.0,0.0,0.0,14,3,"descriptive crossed person/seed percentile bootstrap, 2000 draws, RNG731"
observation_by_extractor,clear | hrnet_w32,M-coordinate-graph_time-base,response_failure_contribution,degrees,0.0,0.0,0.0,0.0,0.0,14,3,"descriptive crossed person/seed percentile bootstrap, 2000 draws, RNG731"
observation_by_extractor,clear | hrnet_w32,M-coordinate-graph_time-base,response_success_contribution,degrees,5.869099986811453,5.607332916356673,6.124365250257393,5.574441246721529,6.163758726901374,14,3,"descriptive crossed person/seed percentile bootstrap, 2000 draws, RNG731"
observation_by_extractor,clear | hrnet_w32,M-coordinate-graph_time-paired_change,A_error,degrees,11.055293027897282,9.189612388243365,13.506625161424367,8.912855335190422,13.197730720604145,14,3,"descriptive crossed person/seed percentile bootstrap, 2000 draws, RNG731"
observation_by_extractor,clear | hrnet_w32,M-coordinate-graph_time-paired_change,waveform_error,degrees,18.947364723735497,18.229049086942176,19.85806898762668,18.098666283422308,19.796063164048686,14,3,"descriptive crossed person/seed percentile bootstrap, 2000 draws, RNG731"
observation_by_extractor,clear | hrnet_w32,M-coordinate-graph_time-paired_change,synthetic_all_nle,dimensionless NLE,0.05147074444332293,0.04846793692732548,0.055260215864939254,0.047633835428963864,0.055307653457682016,14,3,"descriptive crossed person/seed percentile bootstrap, 2000 draws, RNG731"
observation_by_extractor,clear | hrnet_w32,M-coordinate-graph_time-paired_change,assignment_failure_rate,fraction,0.4203652462514858,0.40900039478340067,0.43526840539864264,0.4056709491959315,0.4350595433070401,14,3,"descriptive crossed person/seed percentile bootstrap, 2000 draws, RNG731"
observation_by_extractor,clear | hrnet_w32,M-coordinate-graph_time-paired_change,left_excursion_error,degrees,7.305888273891493,5.360700904944614,9.471399707600256,6.028940007349302,8.582836540433682,14,3,"descriptive crossed person/seed percentile bootstrap, 2000 draws, RNG731"
observation_by_extractor,clear | hrnet_w32,M-coordinate-graph_time-paired_change,right_excursion_error,degrees,10.099715208431311,7.588325645120314,13.316213302285403,7.615348012088704,12.584082404773914,14,3,"descriptive crossed person/seed percentile bootstrap, 2000 draws, RNG731"
observation_by_extractor,clear | hrnet_w32,M-coordinate-graph_time-paired_change,response_error,degrees,5.949137093980824,5.71200094976666,6.1756344328763095,5.696195084100951,6.202079103860699,14,3,"descriptive crossed person/seed percentile bootstrap, 2000 draws, RNG731"
observation_by_extractor,clear | hrnet_w32,M-coordinate-graph_time-paired_change,zero_response_error,degrees,5.8108295340231875,5.565160012226307,6.043321949781563,5.534631934465794,6.087027133580581,14,3,"descriptive crossed person/seed percentile bootstrap, 2000 draws, RNG731"
observation_by_extractor,clear | hrnet_w32,M-coordinate-graph_time-paired_change,response_failure_rate,fraction,0.0,0.0,0.0,0.0,0.0,14,3,"descriptive crossed person/seed percentile bootstrap, 2000 draws, RNG731"
observation_by_extractor,clear | hrnet_w32,M-coordinate-graph_time-paired_change,response_failure_contribution,degrees,0.0,0.0,0.0,0.0,0.0,14,3,"descriptive crossed person/seed percentile bootstrap, 2000 draws, RNG731"
observation_by_extractor,clear | hrnet_w32,M-coordinate-graph_time-paired_change,response_success_contribution,degrees,5.949137093980824,5.71200094976666,6.1756344328763095,5.696195084100951,6.202079103860699,14,3,"descriptive crossed person/seed percentile bootstrap, 2000 draws, RNG731"
observation_by_extractor,clear | hrnet_w32,M-paired_jepa-graph_time-base,A_error,degrees,8.696071738880121,7.447799712809766,10.29156965766691,7.375077905092377,10.017065572667862,14,3,"descriptive crossed person/seed percentile bootstrap, 2000 draws, RNG731"
observation_by_extractor,clear | hrnet_w32,M-paired_jepa-graph_time-base,waveform_error,degrees,14.122215575249557,13.26603705849719,15.291620537399872,13.573018195456186,14.671412955042928,14,3,"descriptive crossed person/seed percentile bootstrap, 2000 draws, RNG731"
observation_by_extractor,clear | hrnet_w32,M-paired_jepa-graph_time-base,synthetic_all_nle,dimensionless NLE,0.0573888285453125,0.05316116097008242,0.06297653416483974,0.051699205161407025,0.06307845192921799,14,3,"descriptive crossed person/seed percentile bootstrap, 2000 draws, RNG731"
observation_by_extractor,clear | hrnet_w32,M-paired_jepa-graph_time-base,assignment_failure_rate,fraction,0.45230864842315316,0.4368328409859638,0.4674015260745985,0.4395710405421356,0.46504625630417096,14,3,"descriptive crossed person/seed percentile bootstrap, 2000 draws, RNG731"
observation_by_extractor,clear | hrnet_w32,M-paired_jepa-graph_time-base,left_excursion_error,degrees,11.963141927435066,10.718874875900353,13.38909018394017,10.911429322404373,13.014854532465755,14,3,"descriptive crossed person/seed percentile bootstrap, 2000 draws, RNG731"
observation_by_extractor,clear | hrnet_w32,M-paired_jepa-graph_time-base,right_excursion_error,degrees,10.066791325119388,9.056783578406465,11.10388269574002,9.157612908873714,10.975969741365057,14,3,"descriptive crossed person/seed percentile bootstrap, 2000 draws, RNG731"
observation_by_extractor,clear | hrnet_w32,M-paired_jepa-graph_time-base,response_error,degrees,6.283492986610507,5.826208696999794,6.818253230138861,5.878264670064067,6.688721303156945,14,3,"descriptive crossed person/seed percentile bootstrap, 2000 draws, RNG731"
observation_by_extractor,clear | hrnet_w32,M-paired_jepa-graph_time-base,zero_response_error,degrees,5.8108295340231875,5.565160012226307,6.043321949781563,5.534631934465794,6.087027133580581,14,3,"descriptive crossed person/seed percentile bootstrap, 2000 draws, RNG731"
observation_by_extractor,clear | hrnet_w32,M-paired_jepa-graph_time-base,response_failure_rate,fraction,0.00016534391534391528,0.0,0.0009920634920634916,-0.00019185989690191646,0.0005225477275897471,14,3,"descriptive crossed person/seed percentile bootstrap, 2000 draws, RNG731"
observation_by_extractor,clear | hrnet_w32,M-paired_jepa-graph_time-base,response_failure_contribution,degrees,0.11904761904761904,0.0,0.7142857142857143,-0.13813912576937992,0.37623436386461806,14,3,"descriptive crossed person/seed percentile bootstrap, 2000 draws, RNG731"
observation_by_extractor,clear | hrnet_w32,M-paired_jepa-graph_time-base,response_success_contribution,degrees,6.164445367562887,5.762056962944564,6.660343052122722,5.824124922773339,6.504765812352434,14,3,"descriptive crossed person/seed percentile bootstrap, 2000 draws, RNG731"
observation_by_extractor,clear | hrnet_w32,M-paired_jepa-graph_time-paired_change,A_error,degrees,13.054400429437258,8.795006352307725,18.924196457276423,11.031097941582138,15.077702917292376,14,3,"descriptive crossed person/seed percentile bootstrap, 2000 draws, RNG731"
observation_by_extractor,clear | hrnet_w32,M-paired_jepa-graph_time-paired_change,waveform_error,degrees,20.56506791225982,19.55348181505748,21.727209554695612,19.500220187039666,21.629915637479968,14,3,"descriptive crossed person/seed percentile bootstrap, 2000 draws, RNG731"
observation_by_extractor,clear | hrnet_w32,M-paired_jepa-graph_time-paired_change,synthetic_all_nle,dimensionless NLE,0.06408340103268621,0.06009388165210283,0.06904941015666509,0.059031527043505214,0.06913527502186721,14,3,"descriptive crossed person/seed percentile bootstrap, 2000 draws, RNG731"
observation_by_extractor,clear | hrnet_w32,M-paired_jepa-graph_time-paired_change,assignment_failure_rate,fraction,0.47143066135917266,0.4646055482318879,0.4800216059014756,0.4636043676372518,0.4792569550810935,14,3,"descriptive crossed person/seed percentile bootstrap, 2000 draws, RNG731"
observation_by_extractor,clear | hrnet_w32,M-paired_jepa-graph_time-paired_change,left_excursion_error,degrees,10.537770748358094,8.08725563986507,13.817324563351479,7.78831883796245,13.287222658753738,14,3,"descriptive crossed person/seed percentile bootstrap, 2000 draws, RNG731"
observation_by_extractor,clear | hrnet_w32,M-paired_jepa-graph_time-paired_change,right_excursion_error,degrees,11.291111524603352,8.014748898153323,15.740047881675284,8.21711518375499,14.365107865451714,14,3,"descriptive crossed person/seed percentile bootstrap, 2000 draws, RNG731"
observation_by_extractor,clear | hrnet_w32,M-paired_jepa-graph_time-paired_change,response_error,degrees,6.144213091356304,5.8222931638694035,6.441399438651678,5.87797136056844,6.4104548221441675,14,3,"descriptive crossed person/seed percentile bootstrap, 2000 draws, RNG731"
observation_by_extractor,clear | hrnet_w32,M-paired_jepa-graph_time-paired_change,zero_response_error,degrees,5.8108295340231875,5.565160012226307,6.043321949781563,5.534631934465794,6.087027133580581,14,3,"descriptive crossed person/seed percentile bootstrap, 2000 draws, RNG731"
observation_by_extractor,clear | hrnet_w32,M-paired_jepa-graph_time-paired_change,response_failure_rate,fraction,0.0,0.0,0.0,0.0,0.0,14,3,"descriptive crossed person/seed percentile bootstrap, 2000 draws, RNG731"
observation_by_extractor,clear | hrnet_w32,M-paired_jepa-graph_time-paired_change,response_failure_contribution,degrees,0.0,0.0,0.0,0.0,0.0,14,3,"descriptive crossed person/seed percentile bootstrap, 2000 draws, RNG731"
observation_by_extractor,clear | hrnet_w32,M-paired_jepa-graph_time-paired_change,response_success_contribution,degrees,6.144213091356304,5.8222931638694035,6.441399438651678,5.87797136056844,6.4104548221441675,14,3,"descriptive crossed person/seed percentile bootstrap, 2000 draws, RNG731"
observation_by_extractor,clear | hrnet_w32,P-direct-none-base,A_error,degrees,5.996684364031482,5.285492748579847,6.877962655364655,5.114885664956972,6.878483063105989,14,3,"descriptive crossed person/seed percentile bootstrap, 2000 draws, RNG731"
observation_by_extractor,clear | hrnet_w32,P-direct-none-base,waveform_error,degrees,7.668324074192433,7.246110428427455,8.066630600231507,7.289050551735401,8.047597596649464,14,3,"descriptive crossed person/seed percentile bootstrap, 2000 draws, RNG731"
observation_by_extractor,clear | hrnet_w32,P-direct-none-base,synthetic_all_nle,dimensionless NLE,0.019513443501187954,0.017950419496450622,0.021626973477537965,0.017380122353189385,0.021646764649186523,14,3,"descriptive crossed person/seed percentile bootstrap, 2000 draws, RNG731"
observation_by_extractor,clear | hrnet_w32,P-direct-none-base,assignment_failure_rate,fraction,0.06948880416917406,0.05893813650342165,0.0853510476478771,0.05363804455577527,0.08533956378257283,14,3,"descriptive crossed person/seed percentile bootstrap, 2000 draws, RNG731"
observation_by_extractor,clear | hrnet_w32,P-direct-none-base,left_excursion_error,degrees,7.227403807094585,6.085987100289009,8.280247643826337,6.446558805508809,8.008248808680358,14,3,"descriptive crossed person/seed percentile bootstrap, 2000 draws, RNG731"
observation_by_extractor,clear | hrnet_w32,P-direct-none-base,right_excursion_error,degrees,7.049359314481871,6.099077085463739,8.120907077185059,6.07348730115662,8.02523132780712,14,3,"descriptive crossed person/seed percentile bootstrap, 2000 draws, RNG731"
observation_by_extractor,clear | hrnet_w32,P-direct-none-base,response_error,degrees,3.84979531187444,3.677948281629739,3.999883526615827,3.6749870295835985,4.024603594165281,14,3,"descriptive crossed person/seed percentile bootstrap, 2000 draws, RNG731"
observation_by_extractor,clear | hrnet_w32,P-direct-none-base,zero_response_error,degrees,5.8108295340231875,5.565160012226307,6.043321949781563,5.534631934465794,6.087027133580581,14,3,"descriptive crossed person/seed percentile bootstrap, 2000 draws, RNG731"
observation_by_extractor,clear | hrnet_w32,P-direct-none-base,response_failure_rate,fraction,0.0,0.0,0.0,0.0,0.0,14,3,"descriptive crossed person/seed percentile bootstrap, 2000 draws, RNG731"
observation_by_extractor,clear | hrnet_w32,P-direct-none-base,response_failure_contribution,degrees,0.0,0.0,0.0,0.0,0.0,14,3,"descriptive crossed person/seed percentile bootstrap, 2000 draws, RNG731"
observation_by_extractor,clear | hrnet_w32,P-direct-none-base,response_success_contribution,degrees,3.84979531187444,3.677948281629739,3.999883526615827,3.6749870295835985,4.024603594165281,14,3,"descriptive crossed person/seed percentile bootstrap, 2000 draws, RNG731"
observation_by_extractor,clear | hrnet_w32,P-direct-none-paired_change,A_error,degrees,12.967741661691326,12.174102139792932,14.038125100286885,12.342510362006665,13.592972961376,14,3,"descriptive crossed person/seed percentile bootstrap, 2000 draws, RNG731"
observation_by_extractor,clear | hrnet_w32,P-direct-none-paired_change,waveform_error,degrees,16.004008576597716,15.345119932385055,16.680579340650443,15.5345006829784,16.473516470217017,14,3,"descriptive crossed person/seed percentile bootstrap, 2000 draws, RNG731"
observation_by_extractor,clear | hrnet_w32,P-direct-none-paired_change,synthetic_all_nle,dimensionless NLE,0.044821589220810275,0.04125974843811035,0.04929340670683406,0.04030136537655148,0.049341813065069066,14,3,"descriptive crossed person/seed percentile bootstrap, 2000 draws, RNG731"
observation_by_extractor,clear | hrnet_w32,P-direct-none-paired_change,assignment_failure_rate,fraction,0.3343405102612111,0.3126216519312404,0.361874385044714,0.3069301433879553,0.36175087713446696,14,3,"descriptive crossed person/seed percentile bootstrap, 2000 draws, RNG731"
observation_by_extractor,clear | hrnet_w32,P-direct-none-paired_change,left_excursion_error,degrees,7.537569681992265,5.92520168290649,9.304418357728938,6.7564631467597325,8.318676217224802,14,3,"descriptive crossed person/seed percentile bootstrap, 2000 draws, RNG731"
observation_by_extractor,clear | hrnet_w32,P-direct-none-paired_change,right_excursion_error,degrees,7.779044790691612,6.091782958971297,9.503008174400431,6.959539796253839,8.598549785129384,14,3,"descriptive crossed person/seed percentile bootstrap, 2000 draws, RNG731"
observation_by_extractor,clear | hrnet_w32,P-direct-none-paired_change,response_error,degrees,5.32630082457724,4.700067034845648,6.257511733997282,4.708798996524479,5.94380265263,14,3,"descriptive crossed person/seed percentile bootstrap, 2000 draws, RNG731"
observation_by_extractor,clear | hrnet_w32,P-direct-none-paired_change,zero_response_error,degrees,5.8108295340231875,5.565160012226307,6.043321949781563,5.534631934465794,6.087027133580581,14,3,"descriptive crossed person/seed percentile bootstrap, 2000 draws, RNG731"
observation_by_extractor,clear | hrnet_w32,P-direct-none-paired_change,response_failure_rate,fraction,0.0004960317460317458,0.0,0.001984126984126983,-0.0002777336911181141,0.0012697971831816058,14,3,"descriptive crossed person/seed percentile bootstrap, 2000 draws, RNG731"
observation_by_extractor,clear | hrnet_w32,P-direct-none-paired_change,response_failure_contribution,degrees,0.35714285714285715,0.0,1.4285714285714286,-0.19996825760504217,0.9142539718907565,14,3,"descriptive crossed person/seed percentile bootstrap, 2000 draws, RNG731"
observation_by_extractor,clear | hrnet_w32,P-direct-none-paired_change,response_success_contribution,degrees,4.969157967434382,4.6346643963926875,5.365647788351284,4.624999531514073,5.313316403354692,14,3,"descriptive crossed person/seed percentile bootstrap, 2000 draws, RNG731"
observation_by_extractor,clear | rtmpose_m,F-response-coordinate_delta_v1-graph_time-base,A_error,degrees,8.267602339919934,6.9400286875887165,9.608709538353711,7.0759023704502,9.459302309389667,14,3,"descriptive crossed person/seed percentile bootstrap, 2000 draws, RNG731"
observation_by_extractor,clear | rtmpose_m,F-response-coordinate_delta_v1-graph_time-base,waveform_error,degrees,14.222794069893864,13.634704065594592,14.788421343996193,13.650357852009913,14.795230287777818,14,3,"descriptive crossed person/seed percentile bootstrap, 2000 draws, RNG731"
observation_by_extractor,clear | rtmpose_m,F-response-coordinate_delta_v1-graph_time-base,synthetic_all_nle,dimensionless NLE,0.0504075666222917,0.04756602868400251,0.05410949599871109,0.04677999985252655,0.05403513339205682,14,3,"descriptive crossed person/seed percentile bootstrap, 2000 draws, RNG731"
observation_by_extractor,clear | rtmpose_m,F-response-coordinate_delta_v1-graph_time-base,assignment_failure_rate,fraction,0.4009304127952043,0.38280841597083975,0.423162953022993,0.3827952543918769,0.41906557119853205,14,3,"descriptive crossed person/seed percentile bootstrap, 2000 draws, RNG731"
observation_by_extractor,clear | rtmpose_m,F-response-coordinate_delta_v1-graph_time-base,left_excursion_error,degrees,25.156986524325735,22.70474345132746,27.484150002040103,22.447361616643835,27.86661143200764,14,3,"descriptive crossed person/seed percentile bootstrap, 2000 draws, RNG731"
observation_by_extractor,clear | rtmpose_m,F-response-coordinate_delta_v1-graph_time-base,right_excursion_error,degrees,23.082399503860625,20.86340196419231,25.42242452790563,21.17415620132633,24.990642806394913,14,3,"descriptive crossed person/seed percentile bootstrap, 2000 draws, RNG731"
observation_by_extractor,clear | rtmpose_m,F-response-coordinate_delta_v1-graph_time-base,response_error,degrees,5.885064050933256,5.609173613997505,6.165921670516902,5.591947177932239,6.178180923934271,14,3,"descriptive crossed person/seed percentile bootstrap, 2000 draws, RNG731"
observation_by_extractor,clear | rtmpose_m,F-response-coordinate_delta_v1-graph_time-base,zero_response_error,degrees,5.8108295340231875,5.565160012226307,6.043321949781563,5.534631934465794,6.087027133580581,14,3,"descriptive crossed person/seed percentile bootstrap, 2000 draws, RNG731"
observation_by_extractor,clear | rtmpose_m,F-response-coordinate_delta_v1-graph_time-base,response_failure_rate,fraction,0.0,0.0,0.0,0.0,0.0,14,3,"descriptive crossed person/seed percentile bootstrap, 2000 draws, RNG731"
observation_by_extractor,clear | rtmpose_m,F-response-coordinate_delta_v1-graph_time-base,response_failure_contribution,degrees,0.0,0.0,0.0,0.0,0.0,14,3,"descriptive crossed person/seed percentile bootstrap, 2000 draws, RNG731"
observation_by_extractor,clear | rtmpose_m,F-response-coordinate_delta_v1-graph_time-base,response_success_contribution,degrees,5.885064050933256,5.609173613997505,6.165921670516902,5.591947177932239,6.178180923934271,14,3,"descriptive crossed person/seed percentile bootstrap, 2000 draws, RNG731"
observation_by_extractor,clear | rtmpose_m,F-response-coordinate_delta_v1-graph_time-paired_change,A_error,degrees,11.266411567925395,8.323978397444112,13.951211371507204,9.63478055487662,12.898042580974174,14,3,"descriptive crossed person/seed percentile bootstrap, 2000 draws, RNG731"
observation_by_extractor,clear | rtmpose_m,F-response-coordinate_delta_v1-graph_time-paired_change,waveform_error,degrees,18.3564284943661,17.550218363525353,19.27946548476327,17.72213137209068,18.99072561664152,14,3,"descriptive crossed person/seed percentile bootstrap, 2000 draws, RNG731"
observation_by_extractor,clear | rtmpose_m,F-response-coordinate_delta_v1-graph_time-paired_change,synthetic_all_nle,dimensionless NLE,0.05714615679604629,0.053982106336399494,0.06137390957727915,0.053091844565687975,0.06120046902640459,14,3,"descriptive crossed person/seed percentile bootstrap, 2000 draws, RNG731"
observation_by_extractor,clear | rtmpose_m,F-response-coordinate_delta_v1-graph_time-paired_change,assignment_failure_rate,fraction,0.45526534049807194,0.43020485297506317,0.47751730975102935,0.4400257556540449,0.47050492534209887,14,3,"descriptive crossed person/seed percentile bootstrap, 2000 draws, RNG731"
observation_by_extractor,clear | rtmpose_m,F-response-coordinate_delta_v1-graph_time-paired_change,left_excursion_error,degrees,10.417007122971919,8.249403139270996,12.467631516782243,8.551289812694106,12.282724433249731,14,3,"descriptive crossed person/seed percentile bootstrap, 2000 draws, RNG731"
observation_by_extractor,clear | rtmpose_m,F-response-coordinate_delta_v1-graph_time-paired_change,right_excursion_error,degrees,15.868434774411774,10.083131517701279,21.497095148624375,13.2036135897784,18.533255959045146,14,3,"descriptive crossed person/seed percentile bootstrap, 2000 draws, RNG731"
observation_by_extractor,clear | rtmpose_m,F-response-coordinate_delta_v1-graph_time-paired_change,response_error,degrees,5.957956553919089,5.654231627742289,6.284553746670813,5.677273974613277,6.238639133224902,14,3,"descriptive crossed person/seed percentile bootstrap, 2000 draws, RNG731"
observation_by_extractor,clear | rtmpose_m,F-response-coordinate_delta_v1-graph_time-paired_change,zero_response_error,degrees,5.8108295340231875,5.565160012226307,6.043321949781563,5.534631934465794,6.087027133580581,14,3,"descriptive crossed person/seed percentile bootstrap, 2000 draws, RNG731"
observation_by_extractor,clear | rtmpose_m,F-response-coordinate_delta_v1-graph_time-paired_change,response_failure_rate,fraction,0.0,0.0,0.0,0.0,0.0,14,3,"descriptive crossed person/seed percentile bootstrap, 2000 draws, RNG731"
observation_by_extractor,clear | rtmpose_m,F-response-coordinate_delta_v1-graph_time-paired_change,response_failure_contribution,degrees,0.0,0.0,0.0,0.0,0.0,14,3,"descriptive crossed person/seed percentile bootstrap, 2000 draws, RNG731"
observation_by_extractor,clear | rtmpose_m,F-response-coordinate_delta_v1-graph_time-paired_change,response_success_contribution,degrees,5.957956553919089,5.654231627742289,6.284553746670813,5.677273974613277,6.238639133224902,14,3,"descriptive crossed person/seed percentile bootstrap, 2000 draws, RNG731"
observation_by_extractor,clear | rtmpose_m,F-response-jepa_delta_v1-graph_time-base,A_error,degrees,8.90609029038817,7.630433584366601,10.408348152589381,7.545233368803242,10.2669472119731,14,3,"descriptive crossed person/seed percentile bootstrap, 2000 draws, RNG731"
observation_by_extractor,clear | rtmpose_m,F-response-jepa_delta_v1-graph_time-base,waveform_error,degrees,14.03954366203604,13.305562483755736,14.93295720317143,13.50474988510674,14.57433743896533,14,3,"descriptive crossed person/seed percentile bootstrap, 2000 draws, RNG731"
observation_by_extractor,clear | rtmpose_m,F-response-jepa_delta_v1-graph_time-base,synthetic_all_nle,dimensionless NLE,0.05680388503891373,0.05239711651061676,0.06244148592888788,0.0509830326932033,0.06262473738462415,14,3,"descriptive crossed person/seed percentile bootstrap, 2000 draws, RNG731"
observation_by_extractor,clear | rtmpose_m,F-response-jepa_delta_v1-graph_time-base,assignment_failure_rate,fraction,0.4564710773220502,0.44368348255460865,0.4702060891897309,0.44417477058707466,0.4687673840570258,14,3,"descriptive crossed person/seed percentile bootstrap, 2000 draws, RNG731"
observation_by_extractor,clear | rtmpose_m,F-response-jepa_delta_v1-graph_time-base,left_excursion_error,degrees,12.83196180447063,11.656729460241115,14.116855081864818,11.662391952833792,14.001531656107465,14,3,"descriptive crossed person/seed percentile bootstrap, 2000 draws, RNG731"
observation_by_extractor,clear | rtmpose_m,F-response-jepa_delta_v1-graph_time-base,right_excursion_error,degrees,11.014831152310407,9.687148535830502,12.264202004550652,10.036434706568205,11.99322759805261,14,3,"descriptive crossed person/seed percentile bootstrap, 2000 draws, RNG731"
observation_by_extractor,clear | rtmpose_m,F-response-jepa_delta_v1-graph_time-base,response_error,degrees,6.08359709818504,5.706370797198909,6.492544127887987,5.792025509865656,6.3751686865044235,14,3,"descriptive crossed person/seed percentile bootstrap, 2000 draws, RNG731"
observation_by_extractor,clear | rtmpose_m,F-response-jepa_delta_v1-graph_time-base,zero_response_error,degrees,5.8108295340231875,5.565160012226307,6.043321949781563,5.534631934465794,6.087027133580581,14,3,"descriptive crossed person/seed percentile bootstrap, 2000 draws, RNG731"
observation_by_extractor,clear | rtmpose_m,F-response-jepa_delta_v1-graph_time-base,response_failure_rate,fraction,0.0,0.0,0.0,0.0,0.0,14,3,"descriptive crossed person/seed percentile bootstrap, 2000 draws, RNG731"
observation_by_extractor,clear | rtmpose_m,F-response-jepa_delta_v1-graph_time-base,response_failure_contribution,degrees,0.0,0.0,0.0,0.0,0.0,14,3,"descriptive crossed person/seed percentile bootstrap, 2000 draws, RNG731"
observation_by_extractor,clear | rtmpose_m,F-response-jepa_delta_v1-graph_time-base,response_success_contribution,degrees,6.08359709818504,5.706370797198909,6.492544127887987,5.792025509865656,6.3751686865044235,14,3,"descriptive crossed person/seed percentile bootstrap, 2000 draws, RNG731"
observation_by_extractor,clear | rtmpose_m,F-response-jepa_delta_v1-graph_time-paired_change,A_error,degrees,10.478434867486339,8.509986837448933,13.730300694317155,8.306740901393693,12.650128833578988,14,3,"descriptive crossed person/seed percentile bootstrap, 2000 draws, RNG731"
observation_by_extractor,clear | rtmpose_m,F-response-jepa_delta_v1-graph_time-paired_change,waveform_error,degrees,19.472137133958768,18.11914217040866,20.94710703065776,18.438590066233047,20.50568420168448,14,3,"descriptive crossed person/seed percentile bootstrap, 2000 draws, RNG731"
observation_by_extractor,clear | rtmpose_m,F-response-jepa_delta_v1-graph_time-paired_change,synthetic_all_nle,dimensionless NLE,0.06439552617127234,0.06020034523070117,0.06949252959996637,0.05912535576986537,0.06966569657267933,14,3,"descriptive crossed person/seed percentile bootstrap, 2000 draws, RNG731"
observation_by_extractor,clear | rtmpose_m,F-response-jepa_delta_v1-graph_time-paired_change,assignment_failure_rate,fraction,0.4757242418649826,0.4670507793354318,0.4872879793176577,0.4675143157027037,0.4839341680272617,14,3,"descriptive crossed person/seed percentile bootstrap, 2000 draws, RNG731"
observation_by_extractor,clear | rtmpose_m,F-response-jepa_delta_v1-graph_time-paired_change,left_excursion_error,degrees,10.952970527426455,7.409155760490955,15.316061079815753,6.404611912789852,15.501329142063058,14,3,"descriptive crossed person/seed percentile bootstrap, 2000 draws, RNG731"
observation_by_extractor,clear | rtmpose_m,F-response-jepa_delta_v1-graph_time-paired_change,right_excursion_error,degrees,9.29356896724228,6.152546843628718,13.652650382905845,7.473637234481545,11.113500700003014,14,3,"descriptive crossed person/seed percentile bootstrap, 2000 draws, RNG731"
observation_by_extractor,clear | rtmpose_m,F-response-jepa_delta_v1-graph_time-paired_change,response_error,degrees,6.028950794302714,5.7352669147155835,6.303985924002169,5.770670317574808,6.28723127103062,14,3,"descriptive crossed person/seed percentile bootstrap, 2000 draws, RNG731"
observation_by_extractor,clear | rtmpose_m,F-response-jepa_delta_v1-graph_time-paired_change,zero_response_error,degrees,5.8108295340231875,5.565160012226307,6.043321949781563,5.534631934465794,6.087027133580581,14,3,"descriptive crossed person/seed percentile bootstrap, 2000 draws, RNG731"
observation_by_extractor,clear | rtmpose_m,F-response-jepa_delta_v1-graph_time-paired_change,response_failure_rate,fraction,0.0,0.0,0.0,0.0,0.0,14,3,"descriptive crossed person/seed percentile bootstrap, 2000 draws, RNG731"
observation_by_extractor,clear | rtmpose_m,F-response-jepa_delta_v1-graph_time-paired_change,response_failure_contribution,degrees,0.0,0.0,0.0,0.0,0.0,14,3,"descriptive crossed person/seed percentile bootstrap, 2000 draws, RNG731"
observation_by_extractor,clear | rtmpose_m,F-response-jepa_delta_v1-graph_time-paired_change,response_success_contribution,degrees,6.028950794302714,5.7352669147155835,6.303985924002169,5.770670317574808,6.28723127103062,14,3,"descriptive crossed person/seed percentile bootstrap, 2000 draws, RNG731"
observation_by_extractor,clear | rtmpose_m,F-response-jepa_endpoint_v1-graph_time-base,A_error,degrees,8.55849112284211,7.320746304584305,10.032013780910994,7.059429844941555,10.057552400742665,14,3,"descriptive crossed person/seed percentile bootstrap, 2000 draws, RNG731"
observation_by_extractor,clear | rtmpose_m,F-response-jepa_endpoint_v1-graph_time-base,waveform_error,degrees,13.688814234142543,13.171676971056819,14.251443088198792,13.238063656866661,14.139564811418431,14,3,"descriptive crossed person/seed percentile bootstrap, 2000 draws, RNG731"
observation_by_extractor,clear | rtmpose_m,F-response-jepa_endpoint_v1-graph_time-base,synthetic_all_nle,dimensionless NLE,0.05710417265095923,0.05242365913878543,0.06304227820927943,0.05097644254922568,0.06323190275269282,14,3,"descriptive crossed person/seed percentile bootstrap, 2000 draws, RNG731"
observation_by_extractor,clear | rtmpose_m,F-response-jepa_endpoint_v1-graph_time-base,assignment_failure_rate,fraction,0.4700629405328703,0.4581494503751767,0.4835668705097959,0.45899620055111456,0.481129680514626,14,3,"descriptive crossed person/seed percentile bootstrap, 2000 draws, RNG731"
observation_by_extractor,clear | rtmpose_m,F-response-jepa_endpoint_v1-graph_time-base,left_excursion_error,degrees,13.763458571210109,11.983558417969116,15.596912100521832,12.219090331355915,15.307826811064302,14,3,"descriptive crossed person/seed percentile bootstrap, 2000 draws, RNG731"
observation_by_extractor,clear | rtmpose_m,F-response-jepa_endpoint_v1-graph_time-base,right_excursion_error,degrees,13.802450954483586,11.494750201123672,16.140334886726844,12.651965707939079,14.952936201028097,14,3,"descriptive crossed person/seed percentile bootstrap, 2000 draws, RNG731"
observation_by_extractor,clear | rtmpose_m,F-response-jepa_endpoint_v1-graph_time-base,response_error,degrees,6.280913543873443,5.986250417409394,6.563116351465251,5.997139933310251,6.564687154436635,14,3,"descriptive crossed person/seed percentile bootstrap, 2000 draws, RNG731"
observation_by_extractor,clear | rtmpose_m,F-response-jepa_endpoint_v1-graph_time-base,zero_response_error,degrees,5.8108295340231875,5.565160012226307,6.043321949781563,5.534631934465794,6.087027133580581,14,3,"descriptive crossed person/seed percentile bootstrap, 2000 draws, RNG731"
observation_by_extractor,clear | rtmpose_m,F-response-jepa_endpoint_v1-graph_time-base,response_failure_rate,fraction,0.0,0.0,0.0,0.0,0.0,14,3,"descriptive crossed person/seed percentile bootstrap, 2000 draws, RNG731"
observation_by_extractor,clear | rtmpose_m,F-response-jepa_endpoint_v1-graph_time-base,response_failure_contribution,degrees,0.0,0.0,0.0,0.0,0.0,14,3,"descriptive crossed person/seed percentile bootstrap, 2000 draws, RNG731"
observation_by_extractor,clear | rtmpose_m,F-response-jepa_endpoint_v1-graph_time-base,response_success_contribution,degrees,6.280913543873443,5.986250417409394,6.563116351465251,5.997139933310251,6.564687154436635,14,3,"descriptive crossed person/seed percentile bootstrap, 2000 draws, RNG731"
observation_by_extractor,clear | rtmpose_m,F-response-jepa_endpoint_v1-graph_time-paired_change,A_error,degrees,14.613036895184827,10.764502355662119,17.536742759742317,13.802888796736765,15.423184993632882,14,3,"descriptive crossed person/seed percentile bootstrap, 2000 draws, RNG731"
observation_by_extractor,clear | rtmpose_m,F-response-jepa_endpoint_v1-graph_time-paired_change,waveform_error,degrees,19.646604085711918,18.195357987587194,21.593538950391856,18.279322055654415,21.01388611576942,14,3,"descriptive crossed person/seed percentile bootstrap, 2000 draws, RNG731"
observation_by_extractor,clear | rtmpose_m,F-response-jepa_endpoint_v1-graph_time-paired_change,synthetic_all_nle,dimensionless NLE,0.06489854921272241,0.060758335161026404,0.06960080362880774,0.05994204595512528,0.0698550524703195,14,3,"descriptive crossed person/seed percentile bootstrap, 2000 draws, RNG731"
observation_by_extractor,clear | rtmpose_m,F-response-jepa_endpoint_v1-graph_time-paired_change,assignment_failure_rate,fraction,0.47117228985169524,0.46319740971737566,0.47986268800574194,0.46474775499678295,0.4775968247066075,14,3,"descriptive crossed person/seed percentile bootstrap, 2000 draws, RNG731"
observation_by_extractor,clear | rtmpose_m,F-response-jepa_endpoint_v1-graph_time-paired_change,left_excursion_error,degrees,10.677369953524925,7.290755949958538,15.786857325814248,7.478639922550037,13.876099984499813,14,3,"descriptive crossed person/seed percentile bootstrap, 2000 draws, RNG731"
observation_by_extractor,clear | rtmpose_m,F-response-jepa_endpoint_v1-graph_time-paired_change,right_excursion_error,degrees,10.30099490128533,5.964182773493337,14.57769082650116,8.348326757620772,12.253663044949896,14,3,"descriptive crossed person/seed percentile bootstrap, 2000 draws, RNG731"
observation_by_extractor,clear | rtmpose_m,F-response-jepa_endpoint_v1-graph_time-paired_change,response_error,degrees,6.233966670977222,5.987978931968844,6.465360971951261,5.974185288388173,6.493748053566272,14,3,"descriptive crossed person/seed percentile bootstrap, 2000 draws, RNG731"
observation_by_extractor,clear | rtmpose_m,F-response-jepa_endpoint_v1-graph_time-paired_change,zero_response_error,degrees,5.8108295340231875,5.565160012226307,6.043321949781563,5.534631934465794,6.087027133580581,14,3,"descriptive crossed person/seed percentile bootstrap, 2000 draws, RNG731"
observation_by_extractor,clear | rtmpose_m,F-response-jepa_endpoint_v1-graph_time-paired_change,response_failure_rate,fraction,0.0,0.0,0.0,0.0,0.0,14,3,"descriptive crossed person/seed percentile bootstrap, 2000 draws, RNG731"
observation_by_extractor,clear | rtmpose_m,F-response-jepa_endpoint_v1-graph_time-paired_change,response_failure_contribution,degrees,0.0,0.0,0.0,0.0,0.0,14,3,"descriptive crossed person/seed percentile bootstrap, 2000 draws, RNG731"
observation_by_extractor,clear | rtmpose_m,F-response-jepa_endpoint_v1-graph_time-paired_change,response_success_contribution,degrees,6.233966670977222,5.987978931968844,6.465360971951261,5.974185288388173,6.493748053566272,14,3,"descriptive crossed person/seed percentile bootstrap, 2000 draws, RNG731"
observation_by_extractor,clear | rtmpose_m,I-initialized-none-base,A_error,degrees,8.761692336466265,7.731513815329082,9.926869536369564,7.511276431469842,10.012108241462688,14,3,"descriptive crossed person/seed percentile bootstrap, 2000 draws, RNG731"
observation_by_extractor,clear | rtmpose_m,I-initialized-none-base,waveform_error,degrees,13.640586267226576,13.126050291030507,14.20030250229352,13.072105445218147,14.209067089235008,14,3,"descriptive crossed person/seed percentile bootstrap, 2000 draws, RNG731"
observation_by_extractor,clear | rtmpose_m,I-initialized-none-base,synthetic_all_nle,dimensionless NLE,0.06262569329981418,0.057556202198974296,0.06902698504903851,0.056128586623746,0.06912279997588237,14,3,"descriptive crossed person/seed percentile bootstrap, 2000 draws, RNG731"
observation_by_extractor,clear | rtmpose_m,I-initialized-none-base,assignment_failure_rate,fraction,0.47596067924232865,0.46612783165972865,0.487686773311028,0.46364612023064256,0.48827523825401487,14,3,"descriptive crossed person/seed percentile bootstrap, 2000 draws, RNG731"
observation_by_extractor,clear | rtmpose_m,I-initialized-none-base,left_excursion_error,degrees,7.313129784629219,6.594977398513611,8.072214388762232,6.567271632622067,8.058987936636369,14,3,"descriptive crossed person/seed percentile bootstrap, 2000 draws, RNG731"
observation_by_extractor,clear | rtmpose_m,I-initialized-none-base,right_excursion_error,degrees,6.267610797312172,5.348296934517605,7.348422717048248,5.344712564470322,7.190509030154022,14,3,"descriptive crossed person/seed percentile bootstrap, 2000 draws, RNG731"
observation_by_extractor,clear | rtmpose_m,I-initialized-none-base,response_error,degrees,6.616343624088687,6.357987979237886,6.902727629629774,6.295920592209305,6.936766655968065,14,3,"descriptive crossed person/seed percentile bootstrap, 2000 draws, RNG731"
observation_by_extractor,clear | rtmpose_m,I-initialized-none-base,zero_response_error,degrees,5.8108295340231875,5.565160012226307,6.043321949781563,5.534631934465794,6.087027133580581,14,3,"descriptive crossed person/seed percentile bootstrap, 2000 draws, RNG731"
observation_by_extractor,clear | rtmpose_m,I-initialized-none-base,response_failure_rate,fraction,0.0,0.0,0.0,0.0,0.0,14,3,"descriptive crossed person/seed percentile bootstrap, 2000 draws, RNG731"
observation_by_extractor,clear | rtmpose_m,I-initialized-none-base,response_failure_contribution,degrees,0.0,0.0,0.0,0.0,0.0,14,3,"descriptive crossed person/seed percentile bootstrap, 2000 draws, RNG731"
observation_by_extractor,clear | rtmpose_m,I-initialized-none-base,response_success_contribution,degrees,6.616343624088687,6.357987979237886,6.902727629629774,6.295920592209305,6.936766655968065,14,3,"descriptive crossed person/seed percentile bootstrap, 2000 draws, RNG731"
observation_by_extractor,clear | rtmpose_m,I-initialized-none-paired_change,A_error,degrees,10.414788996076954,8.464529902535821,13.055585585223758,8.367872251038758,12.461705741115154,14,3,"descriptive crossed person/seed percentile bootstrap, 2000 draws, RNG731"
observation_by_extractor,clear | rtmpose_m,I-initialized-none-paired_change,waveform_error,degrees,19.803594920341727,18.84075811599504,21.014276970769398,18.71418435015885,20.893005490524605,14,3,"descriptive crossed person/seed percentile bootstrap, 2000 draws, RNG731"
observation_by_extractor,clear | rtmpose_m,I-initialized-none-paired_change,synthetic_all_nle,dimensionless NLE,0.06626333228497122,0.06349727194745254,0.06978412638902855,0.06265469230991136,0.06987197226003108,14,3,"descriptive crossed person/seed percentile bootstrap, 2000 draws, RNG731"
observation_by_extractor,clear | rtmpose_m,I-initialized-none-paired_change,assignment_failure_rate,fraction,0.46501336056507336,0.46019131390678575,0.4690865724790739,0.46096590583154873,0.469060815298598,14,3,"descriptive crossed person/seed percentile bootstrap, 2000 draws, RNG731"
observation_by_extractor,clear | rtmpose_m,I-initialized-none-paired_change,left_excursion_error,degrees,13.647187304347947,10.04983218069934,18.154563976100757,9.90719305841868,17.387181550277216,14,3,"descriptive crossed person/seed percentile bootstrap, 2000 draws, RNG731"
observation_by_extractor,clear | rtmpose_m,I-initialized-none-paired_change,right_excursion_error,degrees,9.570601002062807,7.990496503068289,11.297060912373576,7.986349614437117,11.154852389688497,14,3,"descriptive crossed person/seed percentile bootstrap, 2000 draws, RNG731"
observation_by_extractor,clear | rtmpose_m,I-initialized-none-paired_change,response_error,degrees,6.341521272223604,6.093738522718856,6.5756374099669515,6.106717920741675,6.576324623705533,14,3,"descriptive crossed person/seed percentile bootstrap, 2000 draws, RNG731"
observation_by_extractor,clear | rtmpose_m,I-initialized-none-paired_change,zero_response_error,degrees,5.8108295340231875,5.565160012226307,6.043321949781563,5.534631934465794,6.087027133580581,14,3,"descriptive crossed person/seed percentile bootstrap, 2000 draws, RNG731"
observation_by_extractor,clear | rtmpose_m,I-initialized-none-paired_change,response_failure_rate,fraction,0.0,0.0,0.0,0.0,0.0,14,3,"descriptive crossed person/seed percentile bootstrap, 2000 draws, RNG731"
observation_by_extractor,clear | rtmpose_m,I-initialized-none-paired_change,response_failure_contribution,degrees,0.0,0.0,0.0,0.0,0.0,14,3,"descriptive crossed person/seed percentile bootstrap, 2000 draws, RNG731"
observation_by_extractor,clear | rtmpose_m,I-initialized-none-paired_change,response_success_contribution,degrees,6.341521272223604,6.093738522718856,6.5756374099669515,6.106717920741675,6.576324623705533,14,3,"descriptive crossed person/seed percentile bootstrap, 2000 draws, RNG731"
observation_by_extractor,clear | rtmpose_m,I-shuffled_jepa-graph_time-base,A_error,degrees,8.979405843685052,7.840322758083674,10.204445847934782,7.76133705886005,10.197474628510047,14,3,"descriptive crossed person/seed percentile bootstrap, 2000 draws, RNG731"
observation_by_extractor,clear | rtmpose_m,I-shuffled_jepa-graph_time-base,waveform_error,degrees,13.408819372559238,12.91015297914503,13.99208571953751,12.8425310316549,13.975107713463569,14,3,"descriptive crossed person/seed percentile bootstrap, 2000 draws, RNG731"
observation_by_extractor,clear | rtmpose_m,I-shuffled_jepa-graph_time-base,synthetic_all_nle,dimensionless NLE,0.06127580667504867,0.05620219801614265,0.06750714477968367,0.05494056338657487,0.06761104996352248,14,3,"descriptive crossed person/seed percentile bootstrap, 2000 draws, RNG731"
observation_by_extractor,clear | rtmpose_m,I-shuffled_jepa-graph_time-base,assignment_failure_rate,fraction,0.47111929792029245,0.4628938157337301,0.48108186672175796,0.4609731963857652,0.48126539945481966,14,3,"descriptive crossed person/seed percentile bootstrap, 2000 draws, RNG731"
observation_by_extractor,clear | rtmpose_m,I-shuffled_jepa-graph_time-base,left_excursion_error,degrees,7.874095930540951,6.82297524595286,8.879897694799203,7.120133171747456,8.628058689334445,14,3,"descriptive crossed person/seed percentile bootstrap, 2000 draws, RNG731"
observation_by_extractor,clear | rtmpose_m,I-shuffled_jepa-graph_time-base,right_excursion_error,degrees,6.539913638850306,5.5440363044066565,7.594517320422604,5.604976442720072,7.474850834980541,14,3,"descriptive crossed person/seed percentile bootstrap, 2000 draws, RNG731"
observation_by_extractor,clear | rtmpose_m,I-shuffled_jepa-graph_time-base,response_error,degrees,6.503080081231606,6.199492709349419,6.81060828801068,6.183993384723152,6.82216677774006,14,3,"descriptive crossed person/seed percentile bootstrap, 2000 draws, RNG731"
observation_by_extractor,clear | rtmpose_m,I-shuffled_jepa-graph_time-base,zero_response_error,degrees,5.8108295340231875,5.565160012226307,6.043321949781563,5.534631934465794,6.087027133580581,14,3,"descriptive crossed person/seed percentile bootstrap, 2000 draws, RNG731"
observation_by_extractor,clear | rtmpose_m,I-shuffled_jepa-graph_time-base,response_failure_rate,fraction,0.0,0.0,0.0,0.0,0.0,14,3,"descriptive crossed person/seed percentile bootstrap, 2000 draws, RNG731"
observation_by_extractor,clear | rtmpose_m,I-shuffled_jepa-graph_time-base,response_failure_contribution,degrees,0.0,0.0,0.0,0.0,0.0,14,3,"descriptive crossed person/seed percentile bootstrap, 2000 draws, RNG731"
observation_by_extractor,clear | rtmpose_m,I-shuffled_jepa-graph_time-base,response_success_contribution,degrees,6.503080081231606,6.199492709349419,6.81060828801068,6.183993384723152,6.82216677774006,14,3,"descriptive crossed person/seed percentile bootstrap, 2000 draws, RNG731"
observation_by_extractor,clear | rtmpose_m,I-shuffled_jepa-graph_time-paired_change,A_error,degrees,9.679824203811998,8.49329995176775,11.044891031424326,8.486025373922537,10.87362303370146,14,3,"descriptive crossed person/seed percentile bootstrap, 2000 draws, RNG731"
observation_by_extractor,clear | rtmpose_m,I-shuffled_jepa-graph_time-paired_change,waveform_error,degrees,19.015085428720813,18.01779916632878,20.330265040547964,18.1162927659956,19.913878091446033,14,3,"descriptive crossed person/seed percentile bootstrap, 2000 draws, RNG731"
observation_by_extractor,clear | rtmpose_m,I-shuffled_jepa-graph_time-paired_change,synthetic_all_nle,dimensionless NLE,0.0662662106212054,0.0635110033073889,0.06974176857028441,0.06266645818689671,0.06986596305551405,14,3,"descriptive crossed person/seed percentile bootstrap, 2000 draws, RNG731"
observation_by_extractor,clear | rtmpose_m,I-shuffled_jepa-graph_time-paired_change,assignment_failure_rate,fraction,0.464742874711328,0.4596145705474145,0.46903053211816265,0.46144650144415317,0.4680392479785029,14,3,"descriptive crossed person/seed percentile bootstrap, 2000 draws, RNG731"
observation_by_extractor,clear | rtmpose_m,I-shuffled_jepa-graph_time-paired_change,left_excursion_error,degrees,12.593947824863386,10.018521163590021,15.646878965366302,9.812604119358017,15.375291530368756,14,3,"descriptive crossed person/seed percentile bootstrap, 2000 draws, RNG731"
observation_by_extractor,clear | rtmpose_m,I-shuffled_jepa-graph_time-paired_change,right_excursion_error,degrees,10.983699644262694,8.213267257452548,14.009555377407285,8.93172076968213,13.035678518843262,14,3,"descriptive crossed person/seed percentile bootstrap, 2000 draws, RNG731"
observation_by_extractor,clear | rtmpose_m,I-shuffled_jepa-graph_time-paired_change,response_error,degrees,7.36014676445562,6.158234515747994,9.37888084683067,6.327160889401573,8.39313263950967,14,3,"descriptive crossed person/seed percentile bootstrap, 2000 draws, RNG731"
observation_by_extractor,clear | rtmpose_m,I-shuffled_jepa-graph_time-paired_change,zero_response_error,degrees,5.8108295340231875,5.565160012226307,6.043321949781563,5.534631934465794,6.087027133580581,14,3,"descriptive crossed person/seed percentile bootstrap, 2000 draws, RNG731"
observation_by_extractor,clear | rtmpose_m,I-shuffled_jepa-graph_time-paired_change,response_failure_rate,fraction,0.0015542328042328043,0.0,0.004497354497354497,5.0839819147324196e-05,0.0030576257893182844,14,3,"descriptive crossed person/seed percentile bootstrap, 2000 draws, RNG731"
observation_by_extractor,clear | rtmpose_m,I-shuffled_jepa-graph_time-paired_change,response_failure_contribution,degrees,1.119047619047619,0.0,3.238095238095238,0.03660466978607335,2.201490568309165,14,3,"descriptive crossed person/seed percentile bootstrap, 2000 draws, RNG731"
observation_by_extractor,clear | rtmpose_m,I-shuffled_jepa-graph_time-paired_change,response_success_contribution,degrees,6.241099145408001,5.99510464641907,6.48268153498929,5.978901868813383,6.503296422002622,14,3,"descriptive crossed person/seed percentile bootstrap, 2000 draws, RNG731"
observation_by_extractor,clear | rtmpose_m,M-coordinate-graph_time-base,A_error,degrees,8.296207819225849,7.064702306224297,9.572735319745254,7.042428603798994,9.549987034652707,14,3,"descriptive crossed person/seed percentile bootstrap, 2000 draws, RNG731"
observation_by_extractor,clear | rtmpose_m,M-coordinate-graph_time-base,waveform_error,degrees,13.74318147789831,13.176227941345541,14.260196499482326,13.162406876431126,14.323956079365493,14,3,"descriptive crossed person/seed percentile bootstrap, 2000 draws, RNG731"
observation_by_extractor,clear | rtmpose_m,M-coordinate-graph_time-base,synthetic_all_nle,dimensionless NLE,0.0440416748544607,0.04132836059523983,0.04733380421080823,0.04054645723533304,0.04753689247358839,14,3,"descriptive crossed person/seed percentile bootstrap, 2000 draws, RNG731"
observation_by_extractor,clear | rtmpose_m,M-coordinate-graph_time-base,assignment_failure_rate,fraction,0.35230819959869364,0.33836889349865795,0.37227275714229185,0.335976490273886,0.3686399089235012,14,3,"descriptive crossed person/seed percentile bootstrap, 2000 draws, RNG731"
observation_by_extractor,clear | rtmpose_m,M-coordinate-graph_time-base,left_excursion_error,degrees,25.83798881122712,22.487437590937294,28.694037826300107,22.35589057150694,29.3200870509473,14,3,"descriptive crossed person/seed percentile bootstrap, 2000 draws, RNG731"
observation_by_extractor,clear | rtmpose_m,M-coordinate-graph_time-base,right_excursion_error,degrees,23.070087343834437,20.54619211611902,25.57915758101628,20.42876866473233,25.711406022936544,14,3,"descriptive crossed person/seed percentile bootstrap, 2000 draws, RNG731"
observation_by_extractor,clear | rtmpose_m,M-coordinate-graph_time-base,response_error,degrees,5.837544132490791,5.584924951228887,6.091787872711938,5.548777894878157,6.126310370103424,14,3,"descriptive crossed person/seed percentile bootstrap, 2000 draws, RNG731"
observation_by_extractor,clear | rtmpose_m,M-coordinate-graph_time-base,zero_response_error,degrees,5.8108295340231875,5.565160012226307,6.043321949781563,5.534631934465794,6.087027133580581,14,3,"descriptive crossed person/seed percentile bootstrap, 2000 draws, RNG731"
observation_by_extractor,clear | rtmpose_m,M-coordinate-graph_time-base,response_failure_rate,fraction,0.0,0.0,0.0,0.0,0.0,14,3,"descriptive crossed person/seed percentile bootstrap, 2000 draws, RNG731"
observation_by_extractor,clear | rtmpose_m,M-coordinate-graph_time-base,response_failure_contribution,degrees,0.0,0.0,0.0,0.0,0.0,14,3,"descriptive crossed person/seed percentile bootstrap, 2000 draws, RNG731"
observation_by_extractor,clear | rtmpose_m,M-coordinate-graph_time-base,response_success_contribution,degrees,5.837544132490791,5.584924951228887,6.091787872711938,5.548777894878157,6.126310370103424,14,3,"descriptive crossed person/seed percentile bootstrap, 2000 draws, RNG731"
observation_by_extractor,clear | rtmpose_m,M-coordinate-graph_time-paired_change,A_error,degrees,10.965501900542582,9.052528955845148,13.427991855835261,8.771073373535206,13.159930427549956,14,3,"descriptive crossed person/seed percentile bootstrap, 2000 draws, RNG731"
observation_by_extractor,clear | rtmpose_m,M-coordinate-graph_time-paired_change,waveform_error,degrees,19.022087078241242,18.240628612764397,20.010626861936032,18.132315004076123,19.91185915240636,14,3,"descriptive crossed person/seed percentile bootstrap, 2000 draws, RNG731"
observation_by_extractor,clear | rtmpose_m,M-coordinate-graph_time-paired_change,synthetic_all_nle,dimensionless NLE,0.05131835095865776,0.04817268536392624,0.05526534794766279,0.047332756536203835,0.05530394538111168,14,3,"descriptive crossed person/seed percentile bootstrap, 2000 draws, RNG731"
observation_by_extractor,clear | rtmpose_m,M-coordinate-graph_time-paired_change,assignment_failure_rate,fraction,0.4197582198286825,0.40806956582921844,0.43509498589609424,0.40454411203015367,0.43497232762721144,14,3,"descriptive crossed person/seed percentile bootstrap, 2000 draws, RNG731"
observation_by_extractor,clear | rtmpose_m,M-coordinate-graph_time-paired_change,left_excursion_error,degrees,7.514771442000867,5.568293651177574,9.723591131147217,6.149924979290249,8.879617904711482,14,3,"descriptive crossed person/seed percentile bootstrap, 2000 draws, RNG731"
observation_by_extractor,clear | rtmpose_m,M-coordinate-graph_time-paired_change,right_excursion_error,degrees,10.302592719946016,7.68561499443906,13.50395934236315,7.746864442817394,12.858320997074639,14,3,"descriptive crossed person/seed percentile bootstrap, 2000 draws, RNG731"
observation_by_extractor,clear | rtmpose_m,M-coordinate-graph_time-paired_change,response_error,degrees,5.8910836716019555,5.641962163721915,6.126904636642477,5.616368075054609,6.165799268149302,14,3,"descriptive crossed person/seed percentile bootstrap, 2000 draws, RNG731"
observation_by_extractor,clear | rtmpose_m,M-coordinate-graph_time-paired_change,zero_response_error,degrees,5.8108295340231875,5.565160012226307,6.043321949781563,5.534631934465794,6.087027133580581,14,3,"descriptive crossed person/seed percentile bootstrap, 2000 draws, RNG731"
observation_by_extractor,clear | rtmpose_m,M-coordinate-graph_time-paired_change,response_failure_rate,fraction,0.0,0.0,0.0,0.0,0.0,14,3,"descriptive crossed person/seed percentile bootstrap, 2000 draws, RNG731"
observation_by_extractor,clear | rtmpose_m,M-coordinate-graph_time-paired_change,response_failure_contribution,degrees,0.0,0.0,0.0,0.0,0.0,14,3,"descriptive crossed person/seed percentile bootstrap, 2000 draws, RNG731"
observation_by_extractor,clear | rtmpose_m,M-coordinate-graph_time-paired_change,response_success_contribution,degrees,5.8910836716019555,5.641962163721915,6.126904636642477,5.616368075054609,6.165799268149302,14,3,"descriptive crossed person/seed percentile bootstrap, 2000 draws, RNG731"
observation_by_extractor,clear | rtmpose_m,M-paired_jepa-graph_time-base,A_error,degrees,8.793017085112425,7.539450456111996,10.307106053618599,7.506804288552462,10.079229881672383,14,3,"descriptive crossed person/seed percentile bootstrap, 2000 draws, RNG731"
observation_by_extractor,clear | rtmpose_m,M-paired_jepa-graph_time-base,waveform_error,degrees,14.143214224777282,13.350698919947995,15.189397666070988,13.561592009810612,14.724836439743951,14,3,"descriptive crossed person/seed percentile bootstrap, 2000 draws, RNG731"
observation_by_extractor,clear | rtmpose_m,M-paired_jepa-graph_time-base,synthetic_all_nle,dimensionless NLE,0.05649664670179811,0.05212324840384632,0.06213084721479947,0.050692445012875564,0.06230084839072064,14,3,"descriptive crossed person/seed percentile bootstrap, 2000 draws, RNG731"
observation_by_extractor,clear | rtmpose_m,M-paired_jepa-graph_time-base,assignment_failure_rate,fraction,0.45306565829987283,0.4383988354492553,0.4679588528398269,0.4400555526371436,0.4660757639626022,14,3,"descriptive crossed person/seed percentile bootstrap, 2000 draws, RNG731"
observation_by_extractor,clear | rtmpose_m,M-paired_jepa-graph_time-base,left_excursion_error,degrees,13.0581787245352,11.85553117378696,14.363704944849918,11.903452594519862,14.212904854550537,14,3,"descriptive crossed person/seed percentile bootstrap, 2000 draws, RNG731"
observation_by_extractor,clear | rtmpose_m,M-paired_jepa-graph_time-base,right_excursion_error,degrees,10.902706604544951,9.71064050162835,12.010759497482281,9.917083127883455,11.888330081206448,14,3,"descriptive crossed person/seed percentile bootstrap, 2000 draws, RNG731"
observation_by_extractor,clear | rtmpose_m,M-paired_jepa-graph_time-base,response_error,degrees,6.062976885332185,5.64975002011107,6.528225723564827,5.745008884807836,6.380944885856534,14,3,"descriptive crossed person/seed percentile bootstrap, 2000 draws, RNG731"
observation_by_extractor,clear | rtmpose_m,M-paired_jepa-graph_time-base,zero_response_error,degrees,5.8108295340231875,5.565160012226307,6.043321949781563,5.534631934465794,6.087027133580581,14,3,"descriptive crossed person/seed percentile bootstrap, 2000 draws, RNG731"
observation_by_extractor,clear | rtmpose_m,M-paired_jepa-graph_time-base,response_failure_rate,fraction,0.0,0.0,0.0,0.0,0.0,14,3,"descriptive crossed person/seed percentile bootstrap, 2000 draws, RNG731"
observation_by_extractor,clear | rtmpose_m,M-paired_jepa-graph_time-base,response_failure_contribution,degrees,0.0,0.0,0.0,0.0,0.0,14,3,"descriptive crossed person/seed percentile bootstrap, 2000 draws, RNG731"
observation_by_extractor,clear | rtmpose_m,M-paired_jepa-graph_time-base,response_success_contribution,degrees,6.062976885332185,5.64975002011107,6.528225723564827,5.745008884807836,6.380944885856534,14,3,"descriptive crossed person/seed percentile bootstrap, 2000 draws, RNG731"
observation_by_extractor,clear | rtmpose_m,M-paired_jepa-graph_time-paired_change,A_error,degrees,13.535895089322702,8.885574337619385,19.903708338841973,11.591457196461912,15.480332982183496,14,3,"descriptive crossed person/seed percentile bootstrap, 2000 draws, RNG731"
observation_by_extractor,clear | rtmpose_m,M-paired_jepa-graph_time-paired_change,waveform_error,degrees,20.662504326817082,19.678577790382164,21.840583380563903,19.607171824307876,21.717836829326288,14,3,"descriptive crossed person/seed percentile bootstrap, 2000 draws, RNG731"
observation_by_extractor,clear | rtmpose_m,M-paired_jepa-graph_time-paired_change,synthetic_all_nle,dimensionless NLE,0.06460721797873534,0.06057455187200578,0.06953366980223745,0.059546504281603026,0.06966793167586764,14,3,"descriptive crossed person/seed percentile bootstrap, 2000 draws, RNG731"
observation_by_extractor,clear | rtmpose_m,M-paired_jepa-graph_time-paired_change,assignment_failure_rate,fraction,0.4695379041352846,0.46216808842752904,0.47830475758985197,0.46185139471670816,0.4772244135538612,14,3,"descriptive crossed person/seed percentile bootstrap, 2000 draws, RNG731"
observation_by_extractor,clear | rtmpose_m,M-paired_jepa-graph_time-paired_change,left_excursion_error,degrees,11.036617234694038,8.445544632900207,14.115752954320929,8.285163312690326,13.78807115669775,14,3,"descriptive crossed person/seed percentile bootstrap, 2000 draws, RNG731"
observation_by_extractor,clear | rtmpose_m,M-paired_jepa-graph_time-paired_change,right_excursion_error,degrees,11.010923183820735,7.679577047871077,15.456752146550041,7.924465859816062,14.097380507825406,14,3,"descriptive crossed person/seed percentile bootstrap, 2000 draws, RNG731"
observation_by_extractor,clear | rtmpose_m,M-paired_jepa-graph_time-paired_change,response_error,degrees,6.062614212556834,5.751757081509508,6.369462220935413,5.755720931687763,6.369507493425908,14,3,"descriptive crossed person/seed percentile bootstrap, 2000 draws, RNG731"
observation_by_extractor,clear | rtmpose_m,M-paired_jepa-graph_time-paired_change,zero_response_error,degrees,5.8108295340231875,5.565160012226307,6.043321949781563,5.534631934465794,6.087027133580581,14,3,"descriptive crossed person/seed percentile bootstrap, 2000 draws, RNG731"
observation_by_extractor,clear | rtmpose_m,M-paired_jepa-graph_time-paired_change,response_failure_rate,fraction,0.0,0.0,0.0,0.0,0.0,14,3,"descriptive crossed person/seed percentile bootstrap, 2000 draws, RNG731"
observation_by_extractor,clear | rtmpose_m,M-paired_jepa-graph_time-paired_change,response_failure_contribution,degrees,0.0,0.0,0.0,0.0,0.0,14,3,"descriptive crossed person/seed percentile bootstrap, 2000 draws, RNG731"
observation_by_extractor,clear | rtmpose_m,M-paired_jepa-graph_time-paired_change,response_success_contribution,degrees,6.062614212556834,5.751757081509508,6.369462220935413,5.755720931687763,6.369507493425908,14,3,"descriptive crossed person/seed percentile bootstrap, 2000 draws, RNG731"
observation_by_extractor,clear | rtmpose_m,P-direct-none-base,A_error,degrees,7.3371734987626995,6.71399036861997,8.008048178552578,6.715873558980516,7.958473438544879,14,3,"descriptive crossed person/seed percentile bootstrap, 2000 draws, RNG731"
observation_by_extractor,clear | rtmpose_m,P-direct-none-base,waveform_error,degrees,7.816492411125115,7.348292246030238,8.268705534878732,7.427948899113104,8.205035923137128,14,3,"descriptive crossed person/seed percentile bootstrap, 2000 draws, RNG731"
observation_by_extractor,clear | rtmpose_m,P-direct-none-base,synthetic_all_nle,dimensionless NLE,0.01935183987609075,0.01782456073339723,0.02132482507014945,0.017325489972817035,0.02137818977936446,14,3,"descriptive crossed person/seed percentile bootstrap, 2000 draws, RNG731"
observation_by_extractor,clear | rtmpose_m,P-direct-none-base,assignment_failure_rate,fraction,0.06761029186599873,0.05741481491953455,0.08215184702371828,0.052874156579210574,0.0823464271527869,14,3,"descriptive crossed person/seed percentile bootstrap, 2000 draws, RNG731"
observation_by_extractor,clear | rtmpose_m,P-direct-none-base,left_excursion_error,degrees,9.289777040293705,7.815636667646629,10.876113733467863,8.056466833268784,10.523087247318626,14,3,"descriptive crossed person/seed percentile bootstrap, 2000 draws, RNG731"
observation_by_extractor,clear | rtmpose_m,P-direct-none-base,right_excursion_error,degrees,7.980496688611909,6.9870974217630515,9.025271022397984,7.051183735891386,8.90980964133243,14,3,"descriptive crossed person/seed percentile bootstrap, 2000 draws, RNG731"
observation_by_extractor,clear | rtmpose_m,P-direct-none-base,response_error,degrees,4.074290812721103,3.884460290299431,4.240924922547206,3.8771286212521012,4.271453004190105,14,3,"descriptive crossed person/seed percentile bootstrap, 2000 draws, RNG731"
observation_by_extractor,clear | rtmpose_m,P-direct-none-base,zero_response_error,degrees,5.8108295340231875,5.565160012226307,6.043321949781563,5.534631934465794,6.087027133580581,14,3,"descriptive crossed person/seed percentile bootstrap, 2000 draws, RNG731"
observation_by_extractor,clear | rtmpose_m,P-direct-none-base,response_failure_rate,fraction,0.0,0.0,0.0,0.0,0.0,14,3,"descriptive crossed person/seed percentile bootstrap, 2000 draws, RNG731"
observation_by_extractor,clear | rtmpose_m,P-direct-none-base,response_failure_contribution,degrees,0.0,0.0,0.0,0.0,0.0,14,3,"descriptive crossed person/seed percentile bootstrap, 2000 draws, RNG731"
observation_by_extractor,clear | rtmpose_m,P-direct-none-base,response_success_contribution,degrees,4.074290812721103,3.884460290299431,4.240924922547206,3.8771286212521012,4.271453004190105,14,3,"descriptive crossed person/seed percentile bootstrap, 2000 draws, RNG731"
observation_by_extractor,clear | rtmpose_m,P-direct-none-paired_change,A_error,degrees,12.8356780636505,12.063960015576088,13.68852541263652,12.247630930151173,13.42372519714983,14,3,"descriptive crossed person/seed percentile bootstrap, 2000 draws, RNG731"
observation_by_extractor,clear | rtmpose_m,P-direct-none-paired_change,waveform_error,degrees,15.822445983396964,15.19059016472573,16.43089342196671,15.37772396556172,16.26716800123221,14,3,"descriptive crossed person/seed percentile bootstrap, 2000 draws, RNG731"
observation_by_extractor,clear | rtmpose_m,P-direct-none-paired_change,synthetic_all_nle,dimensionless NLE,0.044990670493543494,0.041324253040593735,0.04959753278768778,0.04032733886239686,0.04965400212469013,14,3,"descriptive crossed person/seed percentile bootstrap, 2000 draws, RNG731"
observation_by_extractor,clear | rtmpose_m,P-direct-none-paired_change,assignment_failure_rate,fraction,0.3334227653341109,0.310943148451052,0.36105572549378534,0.305300376928239,0.3615451537399828,14,3,"descriptive crossed person/seed percentile bootstrap, 2000 draws, RNG731"
observation_by_extractor,clear | rtmpose_m,P-direct-none-paired_change,left_excursion_error,degrees,7.516395086082205,6.427466592639538,8.9168813807056,6.936234624696606,8.096555547467805,14,3,"descriptive crossed person/seed percentile bootstrap, 2000 draws, RNG731"
observation_by_extractor,clear | rtmpose_m,P-direct-none-paired_change,right_excursion_error,degrees,8.042532025524906,6.519907888181636,9.622248889190303,7.253222303452305,8.831841747597505,14,3,"descriptive crossed person/seed percentile bootstrap, 2000 draws, RNG731"
observation_by_extractor,clear | rtmpose_m,P-direct-none-paired_change,response_error,degrees,4.943788377001591,4.591468805834215,5.3559829815625575,4.58865664255876,5.298920111444422,14,3,"descriptive crossed person/seed percentile bootstrap, 2000 draws, RNG731"
observation_by_extractor,clear | rtmpose_m,P-direct-none-paired_change,zero_response_error,degrees,5.8108295340231875,5.565160012226307,6.043321949781563,5.534631934465794,6.087027133580581,14,3,"descriptive crossed person/seed percentile bootstrap, 2000 draws, RNG731"
observation_by_extractor,clear | rtmpose_m,P-direct-none-paired_change,response_failure_rate,fraction,0.0,0.0,0.0,0.0,0.0,14,3,"descriptive crossed person/seed percentile bootstrap, 2000 draws, RNG731"
observation_by_extractor,clear | rtmpose_m,P-direct-none-paired_change,response_failure_contribution,degrees,0.0,0.0,0.0,0.0,0.0,14,3,"descriptive crossed person/seed percentile bootstrap, 2000 draws, RNG731"
observation_by_extractor,clear | rtmpose_m,P-direct-none-paired_change,response_success_contribution,degrees,4.943788377001591,4.591468805834215,5.3559829815625575,4.58865664255876,5.298920111444422,14,3,"descriptive crossed person/seed percentile bootstrap, 2000 draws, RNG731"
observation_by_extractor,clear | vitpose_base,F-response-coordinate_delta_v1-graph_time-base,A_error,degrees,8.20300264900874,6.827501116461698,9.764400342758933,6.883630745701602,9.522374552315881,14,3,"descriptive crossed person/seed percentile bootstrap, 2000 draws, RNG731"
observation_by_extractor,clear | vitpose_base,F-response-coordinate_delta_v1-graph_time-base,waveform_error,degrees,14.156960449197847,13.580854514963494,14.736098819743829,13.584123630531424,14.729797267864273,14,3,"descriptive crossed person/seed percentile bootstrap, 2000 draws, RNG731"
observation_by_extractor,clear | vitpose_base,F-response-coordinate_delta_v1-graph_time-base,synthetic_all_nle,dimensionless NLE,0.05121875216694608,0.048549070971889645,0.0546785163263598,0.04771084620129382,0.05472665813259831,14,3,"descriptive crossed person/seed percentile bootstrap, 2000 draws, RNG731"
observation_by_extractor,clear | vitpose_base,F-response-coordinate_delta_v1-graph_time-base,assignment_failure_rate,fraction,0.39109478159941535,0.37327661768371234,0.41494749338996295,0.3715654943142645,0.4106240688845661,14,3,"descriptive crossed person/seed percentile bootstrap, 2000 draws, RNG731"
observation_by_extractor,clear | vitpose_base,F-response-coordinate_delta_v1-graph_time-base,left_excursion_error,degrees,25.205851537314487,23.016427372367946,27.389786014254746,22.67478623745013,27.736916837178843,14,3,"descriptive crossed person/seed percentile bootstrap, 2000 draws, RNG731"
observation_by_extractor,clear | vitpose_base,F-response-coordinate_delta_v1-graph_time-base,right_excursion_error,degrees,23.258258463981406,21.08172884394934,25.52078686708667,21.424780678023662,25.09173624993915,14,3,"descriptive crossed person/seed percentile bootstrap, 2000 draws, RNG731"
observation_by_extractor,clear | vitpose_base,F-response-coordinate_delta_v1-graph_time-base,response_error,degrees,5.890362642634356,5.619412581033062,6.151247283225202,5.603991999452236,6.176733285816474,14,3,"descriptive crossed person/seed percentile bootstrap, 2000 draws, RNG731"
observation_by_extractor,clear | vitpose_base,F-response-coordinate_delta_v1-graph_time-base,zero_response_error,degrees,5.8108295340231875,5.565160012226307,6.043321949781563,5.534631934465794,6.087027133580581,14,3,"descriptive crossed person/seed percentile bootstrap, 2000 draws, RNG731"
observation_by_extractor,clear | vitpose_base,F-response-coordinate_delta_v1-graph_time-base,response_failure_rate,fraction,0.0,0.0,0.0,0.0,0.0,14,3,"descriptive crossed person/seed percentile bootstrap, 2000 draws, RNG731"
observation_by_extractor,clear | vitpose_base,F-response-coordinate_delta_v1-graph_time-base,response_failure_contribution,degrees,0.0,0.0,0.0,0.0,0.0,14,3,"descriptive crossed person/seed percentile bootstrap, 2000 draws, RNG731"
observation_by_extractor,clear | vitpose_base,F-response-coordinate_delta_v1-graph_time-base,response_success_contribution,degrees,5.890362642634356,5.619412581033062,6.151247283225202,5.603991999452236,6.176733285816474,14,3,"descriptive crossed person/seed percentile bootstrap, 2000 draws, RNG731"
observation_by_extractor,clear | vitpose_base,F-response-coordinate_delta_v1-graph_time-paired_change,A_error,degrees,10.809463053791168,7.846652599433842,13.590702912302078,9.542887044284228,12.076039063298104,14,3,"descriptive crossed person/seed percentile bootstrap, 2000 draws, RNG731"
observation_by_extractor,clear | vitpose_base,F-response-coordinate_delta_v1-graph_time-paired_change,waveform_error,degrees,18.363985419511042,17.502451045139967,19.299757866212463,17.74690231589703,18.98106852312506,14,3,"descriptive crossed person/seed percentile bootstrap, 2000 draws, RNG731"
observation_by_extractor,clear | vitpose_base,F-response-coordinate_delta_v1-graph_time-paired_change,synthetic_all_nle,dimensionless NLE,0.05732845878290075,0.05418149519375326,0.061423481919376514,0.053247955417565065,0.06140896214823641,14,3,"descriptive crossed person/seed percentile bootstrap, 2000 draws, RNG731"
observation_by_extractor,clear | vitpose_base,F-response-coordinate_delta_v1-graph_time-paired_change,assignment_failure_rate,fraction,0.45456178592053686,0.4320653105547295,0.47650514145379086,0.4385925503846461,0.4705310214564274,14,3,"descriptive crossed person/seed percentile bootstrap, 2000 draws, RNG731"
observation_by_extractor,clear | vitpose_base,F-response-coordinate_delta_v1-graph_time-paired_change,left_excursion_error,degrees,10.5996732910069,8.548402220119515,12.631332061090745,8.87831093266656,12.321035649347236,14,3,"descriptive crossed person/seed percentile bootstrap, 2000 draws, RNG731"
observation_by_extractor,clear | vitpose_base,F-response-coordinate_delta_v1-graph_time-paired_change,right_excursion_error,degrees,15.571146787341743,10.133970977850389,20.525645021643744,12.878593307913142,18.263700266770332,14,3,"descriptive crossed person/seed percentile bootstrap, 2000 draws, RNG731"
observation_by_extractor,clear | vitpose_base,F-response-coordinate_delta_v1-graph_time-paired_change,response_error,degrees,5.945633245953257,5.641789097792986,6.261796115585808,5.6812990155297545,6.209967476376763,14,3,"descriptive crossed person/seed percentile bootstrap, 2000 draws, RNG731"
observation_by_extractor,clear | vitpose_base,F-response-coordinate_delta_v1-graph_time-paired_change,zero_response_error,degrees,5.8108295340231875,5.565160012226307,6.043321949781563,5.534631934465794,6.087027133580581,14,3,"descriptive crossed person/seed percentile bootstrap, 2000 draws, RNG731"
observation_by_extractor,clear | vitpose_base,F-response-coordinate_delta_v1-graph_time-paired_change,response_failure_rate,fraction,0.0,0.0,0.0,0.0,0.0,14,3,"descriptive crossed person/seed percentile bootstrap, 2000 draws, RNG731"
observation_by_extractor,clear | vitpose_base,F-response-coordinate_delta_v1-graph_time-paired_change,response_failure_contribution,degrees,0.0,0.0,0.0,0.0,0.0,14,3,"descriptive crossed person/seed percentile bootstrap, 2000 draws, RNG731"
observation_by_extractor,clear | vitpose_base,F-response-coordinate_delta_v1-graph_time-paired_change,response_success_contribution,degrees,5.945633245953257,5.641789097792986,6.261796115585808,5.6812990155297545,6.209967476376763,14,3,"descriptive crossed person/seed percentile bootstrap, 2000 draws, RNG731"
observation_by_extractor,clear | vitpose_base,F-response-jepa_delta_v1-graph_time-base,A_error,degrees,8.788550745672532,7.426171436731272,10.531518262091348,7.317296886907391,10.25980460443767,14,3,"descriptive crossed person/seed percentile bootstrap, 2000 draws, RNG731"
observation_by_extractor,clear | vitpose_base,F-response-jepa_delta_v1-graph_time-base,waveform_error,degrees,13.971396595737744,13.165233792826347,14.966406994460693,13.444358031930225,14.498435159545263,14,3,"descriptive crossed person/seed percentile bootstrap, 2000 draws, RNG731"
observation_by_extractor,clear | vitpose_base,F-response-jepa_delta_v1-graph_time-base,synthetic_all_nle,dimensionless NLE,0.05813490913981499,0.053881816557387885,0.06375700554101321,0.05246419711699364,0.06380562116263636,14,3,"descriptive crossed person/seed percentile bootstrap, 2000 draws, RNG731"
observation_by_extractor,clear | vitpose_base,F-response-jepa_delta_v1-graph_time-base,assignment_failure_rate,fraction,0.4598377666569406,0.447088522259428,0.47183810154481914,0.44894571426135976,0.4707298190525214,14,3,"descriptive crossed person/seed percentile bootstrap, 2000 draws, RNG731"
observation_by_extractor,clear | vitpose_base,F-response-jepa_delta_v1-graph_time-base,left_excursion_error,degrees,12.83186790921423,11.750523860371022,13.959081050233303,11.726611197319817,13.937124621108639,14,3,"descriptive crossed person/seed percentile bootstrap, 2000 draws, RNG731"
observation_by_extractor,clear | vitpose_base,F-response-jepa_delta_v1-graph_time-base,right_excursion_error,degrees,11.116265462414626,9.848835518821147,12.413362760005835,10.121305165115501,12.111225759713754,14,3,"descriptive crossed person/seed percentile bootstrap, 2000 draws, RNG731"
observation_by_extractor,clear | vitpose_base,F-response-jepa_delta_v1-graph_time-base,response_error,degrees,6.104844274962434,5.730736053895484,6.511689860439517,5.800139469872006,6.4095490800528605,14,3,"descriptive crossed person/seed percentile bootstrap, 2000 draws, RNG731"
observation_by_extractor,clear | vitpose_base,F-response-jepa_delta_v1-graph_time-base,zero_response_error,degrees,5.8108295340231875,5.565160012226307,6.043321949781563,5.534631934465794,6.087027133580581,14,3,"descriptive crossed person/seed percentile bootstrap, 2000 draws, RNG731"
observation_by_extractor,clear | vitpose_base,F-response-jepa_delta_v1-graph_time-base,response_failure_rate,fraction,0.0,0.0,0.0,0.0,0.0,14,3,"descriptive crossed person/seed percentile bootstrap, 2000 draws, RNG731"
observation_by_extractor,clear | vitpose_base,F-response-jepa_delta_v1-graph_time-base,response_failure_contribution,degrees,0.0,0.0,0.0,0.0,0.0,14,3,"descriptive crossed person/seed percentile bootstrap, 2000 draws, RNG731"
observation_by_extractor,clear | vitpose_base,F-response-jepa_delta_v1-graph_time-base,response_success_contribution,degrees,6.104844274962434,5.730736053895484,6.511689860439517,5.800139469872006,6.4095490800528605,14,3,"descriptive crossed person/seed percentile bootstrap, 2000 draws, RNG731"
observation_by_extractor,clear | vitpose_base,F-response-jepa_delta_v1-graph_time-paired_change,A_error,degrees,10.477048502667234,8.687038591369989,13.531505555608073,8.390758765137537,12.563338240196927,14,3,"descriptive crossed person/seed percentile bootstrap, 2000 draws, RNG731"
observation_by_extractor,clear | vitpose_base,F-response-jepa_delta_v1-graph_time-paired_change,waveform_error,degrees,19.443238165251376,18.246807027443158,20.76102459225323,18.39138818760526,20.49508814289748,14,3,"descriptive crossed person/seed percentile bootstrap, 2000 draws, RNG731"
observation_by_extractor,clear | vitpose_base,F-response-jepa_delta_v1-graph_time-paired_change,synthetic_all_nle,dimensionless NLE,0.06371080046962907,0.059517830394767976,0.0689955467054283,0.05843958104627023,0.06898201989298791,14,3,"descriptive crossed person/seed percentile bootstrap, 2000 draws, RNG731"
observation_by_extractor,clear | vitpose_base,F-response-jepa_delta_v1-graph_time-paired_change,assignment_failure_rate,fraction,0.4799406891974066,0.4700403654617023,0.4922079939777872,0.4716898626123261,0.48819151578248715,14,3,"descriptive crossed person/seed percentile bootstrap, 2000 draws, RNG731"
observation_by_extractor,clear | vitpose_base,F-response-jepa_delta_v1-graph_time-paired_change,left_excursion_error,degrees,10.427395586885007,6.929327543321838,14.761816928291246,5.9933984297488,14.861392744021217,14,3,"descriptive crossed person/seed percentile bootstrap, 2000 draws, RNG731"
observation_by_extractor,clear | vitpose_base,F-response-jepa_delta_v1-graph_time-paired_change,right_excursion_error,degrees,9.303581575677214,6.242803465304013,13.562439473860024,7.458184528533223,11.14897862282121,14,3,"descriptive crossed person/seed percentile bootstrap, 2000 draws, RNG731"
observation_by_extractor,clear | vitpose_base,F-response-jepa_delta_v1-graph_time-paired_change,response_error,degrees,6.104423084476746,5.815538368192409,6.38137308773328,5.832614900840146,6.376231268113348,14,3,"descriptive crossed person/seed percentile bootstrap, 2000 draws, RNG731"
observation_by_extractor,clear | vitpose_base,F-response-jepa_delta_v1-graph_time-paired_change,zero_response_error,degrees,5.8108295340231875,5.565160012226307,6.043321949781563,5.534631934465794,6.087027133580581,14,3,"descriptive crossed person/seed percentile bootstrap, 2000 draws, RNG731"
observation_by_extractor,clear | vitpose_base,F-response-jepa_delta_v1-graph_time-paired_change,response_failure_rate,fraction,0.0,0.0,0.0,0.0,0.0,14,3,"descriptive crossed person/seed percentile bootstrap, 2000 draws, RNG731"
observation_by_extractor,clear | vitpose_base,F-response-jepa_delta_v1-graph_time-paired_change,response_failure_contribution,degrees,0.0,0.0,0.0,0.0,0.0,14,3,"descriptive crossed person/seed percentile bootstrap, 2000 draws, RNG731"
observation_by_extractor,clear | vitpose_base,F-response-jepa_delta_v1-graph_time-paired_change,response_success_contribution,degrees,6.104423084476746,5.815538368192409,6.38137308773328,5.832614900840146,6.376231268113348,14,3,"descriptive crossed person/seed percentile bootstrap, 2000 draws, RNG731"
observation_by_extractor,clear | vitpose_base,F-response-jepa_endpoint_v1-graph_time-base,A_error,degrees,8.424198680296461,7.260007620313863,9.78145519967584,7.023648128170456,9.824749232422466,14,3,"descriptive crossed person/seed percentile bootstrap, 2000 draws, RNG731"
observation_by_extractor,clear | vitpose_base,F-response-jepa_endpoint_v1-graph_time-base,waveform_error,degrees,13.56501779392282,13.075961505815828,14.080587168374274,13.11324796432452,14.016787623521124,14,3,"descriptive crossed person/seed percentile bootstrap, 2000 draws, RNG731"
observation_by_extractor,clear | vitpose_base,F-response-jepa_endpoint_v1-graph_time-base,synthetic_all_nle,dimensionless NLE,0.0584926959854168,0.0540342598862107,0.0644087919560265,0.05237246069723646,0.06461293127359713,14,3,"descriptive crossed person/seed percentile bootstrap, 2000 draws, RNG731"
observation_by_extractor,clear | vitpose_base,F-response-jepa_endpoint_v1-graph_time-base,assignment_failure_rate,fraction,0.47255636495053177,0.4597990085427109,0.48615916253087427,0.46138736969154387,0.4837253602095198,14,3,"descriptive crossed person/seed percentile bootstrap, 2000 draws, RNG731"
observation_by_extractor,clear | vitpose_base,F-response-jepa_endpoint_v1-graph_time-base,left_excursion_error,degrees,14.37598541924001,12.337628905308222,16.237813975849473,13.144093149061106,15.607877689418906,14,3,"descriptive crossed person/seed percentile bootstrap, 2000 draws, RNG731"
observation_by_extractor,clear | vitpose_base,F-response-jepa_endpoint_v1-graph_time-base,right_excursion_error,degrees,13.629539774368581,10.954320644816827,16.29910091605853,12.507002094801523,14.752077453935643,14,3,"descriptive crossed person/seed percentile bootstrap, 2000 draws, RNG731"
observation_by_extractor,clear | vitpose_base,F-response-jepa_endpoint_v1-graph_time-base,response_error,degrees,6.294696526944203,5.974841999910509,6.583797145471056,6.003367153849596,6.58602590003881,14,3,"descriptive crossed person/seed percentile bootstrap, 2000 draws, RNG731"
observation_by_extractor,clear | vitpose_base,F-response-jepa_endpoint_v1-graph_time-base,zero_response_error,degrees,5.8108295340231875,5.565160012226307,6.043321949781563,5.534631934465794,6.087027133580581,14,3,"descriptive crossed person/seed percentile bootstrap, 2000 draws, RNG731"
observation_by_extractor,clear | vitpose_base,F-response-jepa_endpoint_v1-graph_time-base,response_failure_rate,fraction,0.0,0.0,0.0,0.0,0.0,14,3,"descriptive crossed person/seed percentile bootstrap, 2000 draws, RNG731"
observation_by_extractor,clear | vitpose_base,F-response-jepa_endpoint_v1-graph_time-base,response_failure_contribution,degrees,0.0,0.0,0.0,0.0,0.0,14,3,"descriptive crossed person/seed percentile bootstrap, 2000 draws, RNG731"
observation_by_extractor,clear | vitpose_base,F-response-jepa_endpoint_v1-graph_time-base,response_success_contribution,degrees,6.294696526944203,5.974841999910509,6.583797145471056,6.003367153849596,6.58602590003881,14,3,"descriptive crossed person/seed percentile bootstrap, 2000 draws, RNG731"
observation_by_extractor,clear | vitpose_base,F-response-jepa_endpoint_v1-graph_time-paired_change,A_error,degrees,14.345610264100328,10.483977605785876,17.32014139100559,13.4934967580459,15.19772377015476,14,3,"descriptive crossed person/seed percentile bootstrap, 2000 draws, RNG731"
observation_by_extractor,clear | vitpose_base,F-response-jepa_endpoint_v1-graph_time-paired_change,waveform_error,degrees,19.60719524316399,18.130338630209184,21.57737885647808,18.24677068890279,20.967619797425197,14,3,"descriptive crossed person/seed percentile bootstrap, 2000 draws, RNG731"
observation_by_extractor,clear | vitpose_base,F-response-jepa_endpoint_v1-graph_time-paired_change,synthetic_all_nle,dimensionless NLE,0.06414247500827949,0.05992781217609296,0.06903305226664945,0.05908345360322528,0.0692014964133337,14,3,"descriptive crossed person/seed percentile bootstrap, 2000 draws, RNG731"
observation_by_extractor,clear | vitpose_base,F-response-jepa_endpoint_v1-graph_time-paired_change,assignment_failure_rate,fraction,0.47384850127578443,0.4653742367809588,0.4828580496666598,0.4676843950193732,0.48001260753219555,14,3,"descriptive crossed person/seed percentile bootstrap, 2000 draws, RNG731"
observation_by_extractor,clear | vitpose_base,F-response-jepa_endpoint_v1-graph_time-paired_change,left_excursion_error,degrees,10.176553239974096,6.870026321654839,15.337505182326833,7.137502625504266,13.21560385444393,14,3,"descriptive crossed person/seed percentile bootstrap, 2000 draws, RNG731"
observation_by_extractor,clear | vitpose_base,F-response-jepa_endpoint_v1-graph_time-paired_change,right_excursion_error,degrees,10.112279721652326,5.636808953460347,14.272085037159295,8.235648827761533,11.98891061554312,14,3,"descriptive crossed person/seed percentile bootstrap, 2000 draws, RNG731"
observation_by_extractor,clear | vitpose_base,F-response-jepa_endpoint_v1-graph_time-paired_change,response_error,degrees,6.264802646264478,6.015969506527287,6.500537394039673,6.0113530341267705,6.518252258402185,14,3,"descriptive crossed person/seed percentile bootstrap, 2000 draws, RNG731"
observation_by_extractor,clear | vitpose_base,F-response-jepa_endpoint_v1-graph_time-paired_change,zero_response_error,degrees,5.8108295340231875,5.565160012226307,6.043321949781563,5.534631934465794,6.087027133580581,14,3,"descriptive crossed person/seed percentile bootstrap, 2000 draws, RNG731"
observation_by_extractor,clear | vitpose_base,F-response-jepa_endpoint_v1-graph_time-paired_change,response_failure_rate,fraction,0.0,0.0,0.0,0.0,0.0,14,3,"descriptive crossed person/seed percentile bootstrap, 2000 draws, RNG731"
observation_by_extractor,clear | vitpose_base,F-response-jepa_endpoint_v1-graph_time-paired_change,response_failure_contribution,degrees,0.0,0.0,0.0,0.0,0.0,14,3,"descriptive crossed person/seed percentile bootstrap, 2000 draws, RNG731"
observation_by_extractor,clear | vitpose_base,F-response-jepa_endpoint_v1-graph_time-paired_change,response_success_contribution,degrees,6.264802646264478,6.015969506527287,6.500537394039673,6.0113530341267705,6.518252258402185,14,3,"descriptive crossed person/seed percentile bootstrap, 2000 draws, RNG731"
observation_by_extractor,clear | vitpose_base,I-initialized-none-base,A_error,degrees,8.524809354121626,7.484167110323973,9.664097364174095,7.301126178036219,9.748492530207036,14,3,"descriptive crossed person/seed percentile bootstrap, 2000 draws, RNG731"
observation_by_extractor,clear | vitpose_base,I-initialized-none-base,waveform_error,degrees,13.32357166373222,12.81596295703545,13.880137596820665,12.781092568126748,13.866050759337693,14,3,"descriptive crossed person/seed percentile bootstrap, 2000 draws, RNG731"
observation_by_extractor,clear | vitpose_base,I-initialized-none-base,synthetic_all_nle,dimensionless NLE,0.06252148204421289,0.05770980798412541,0.06854731025267291,0.0564785690701586,0.0685643950182672,14,3,"descriptive crossed person/seed percentile bootstrap, 2000 draws, RNG731"
observation_by_extractor,clear | vitpose_base,I-initialized-none-base,assignment_failure_rate,fraction,0.481620944121181,0.4715345304580317,0.49431239078438477,0.4686482838102057,0.4945936044321561,14,3,"descriptive crossed person/seed percentile bootstrap, 2000 draws, RNG731"
observation_by_extractor,clear | vitpose_base,I-initialized-none-base,left_excursion_error,degrees,6.937522249614481,6.428665578137063,7.442742257826948,6.408325346869655,7.466719152359306,14,3,"descriptive crossed person/seed percentile bootstrap, 2000 draws, RNG731"
observation_by_extractor,clear | vitpose_base,I-initialized-none-base,right_excursion_error,degrees,6.283518844028564,5.343135540966586,7.318168165026661,5.4747981740086,7.09223951404853,14,3,"descriptive crossed person/seed percentile bootstrap, 2000 draws, RNG731"
observation_by_extractor,clear | vitpose_base,I-initialized-none-base,response_error,degrees,6.568337433509002,6.322240923348486,6.849871002047353,6.267145486428884,6.8695293805891176,14,3,"descriptive crossed person/seed percentile bootstrap, 2000 draws, RNG731"
observation_by_extractor,clear | vitpose_base,I-initialized-none-base,zero_response_error,degrees,5.8108295340231875,5.565160012226307,6.043321949781563,5.534631934465794,6.087027133580581,14,3,"descriptive crossed person/seed percentile bootstrap, 2000 draws, RNG731"
observation_by_extractor,clear | vitpose_base,I-initialized-none-base,response_failure_rate,fraction,0.0,0.0,0.0,0.0,0.0,14,3,"descriptive crossed person/seed percentile bootstrap, 2000 draws, RNG731"
observation_by_extractor,clear | vitpose_base,I-initialized-none-base,response_failure_contribution,degrees,0.0,0.0,0.0,0.0,0.0,14,3,"descriptive crossed person/seed percentile bootstrap, 2000 draws, RNG731"
observation_by_extractor,clear | vitpose_base,I-initialized-none-base,response_success_contribution,degrees,6.568337433509002,6.322240923348486,6.849871002047353,6.267145486428884,6.8695293805891176,14,3,"descriptive crossed person/seed percentile bootstrap, 2000 draws, RNG731"
observation_by_extractor,clear | vitpose_base,I-initialized-none-paired_change,A_error,degrees,10.374116084256277,8.585383185119436,12.853487595482695,8.384190378323524,12.364041790189027,14,3,"descriptive crossed person/seed percentile bootstrap, 2000 draws, RNG731"
observation_by_extractor,clear | vitpose_base,I-initialized-none-paired_change,waveform_error,degrees,19.733953921604325,18.805468610157888,20.948550333032106,18.64097175960584,20.826936083602803,14,3,"descriptive crossed person/seed percentile bootstrap, 2000 draws, RNG731"
observation_by_extractor,clear | vitpose_base,I-initialized-none-paired_change,synthetic_all_nle,dimensionless NLE,0.06517044811503897,0.062392256807613455,0.06874898301827145,0.06156728885987896,0.06877360737019896,14,3,"descriptive crossed person/seed percentile bootstrap, 2000 draws, RNG731"
observation_by_extractor,clear | vitpose_base,I-initialized-none-paired_change,assignment_failure_rate,fraction,0.46929130089681115,0.464525661095486,0.47321333267121723,0.4653785320294932,0.4732040697641291,14,3,"descriptive crossed person/seed percentile bootstrap, 2000 draws, RNG731"
observation_by_extractor,clear | vitpose_base,I-initialized-none-paired_change,left_excursion_error,degrees,13.592024713581898,9.996280467671712,17.97992985261157,9.980827769758992,17.20322165740481,14,3,"descriptive crossed person/seed percentile bootstrap, 2000 draws, RNG731"
observation_by_extractor,clear | vitpose_base,I-initialized-none-paired_change,right_excursion_error,degrees,9.36064816618107,7.900594987531762,10.925982110081431,7.87861234594432,10.842683986417821,14,3,"descriptive crossed person/seed percentile bootstrap, 2000 draws, RNG731"
observation_by_extractor,clear | vitpose_base,I-initialized-none-paired_change,response_error,degrees,6.380086978317438,6.151661742355763,6.595855384620063,6.14461446918828,6.615559487446596,14,3,"descriptive crossed person/seed percentile bootstrap, 2000 draws, RNG731"
observation_by_extractor,clear | vitpose_base,I-initialized-none-paired_change,zero_response_error,degrees,5.8108295340231875,5.565160012226307,6.043321949781563,5.534631934465794,6.087027133580581,14,3,"descriptive crossed person/seed percentile bootstrap, 2000 draws, RNG731"
observation_by_extractor,clear | vitpose_base,I-initialized-none-paired_change,response_failure_rate,fraction,0.0,0.0,0.0,0.0,0.0,14,3,"descriptive crossed person/seed percentile bootstrap, 2000 draws, RNG731"
observation_by_extractor,clear | vitpose_base,I-initialized-none-paired_change,response_failure_contribution,degrees,0.0,0.0,0.0,0.0,0.0,14,3,"descriptive crossed person/seed percentile bootstrap, 2000 draws, RNG731"
observation_by_extractor,clear | vitpose_base,I-initialized-none-paired_change,response_success_contribution,degrees,6.380086978317438,6.151661742355763,6.595855384620063,6.14461446918828,6.615559487446596,14,3,"descriptive crossed person/seed percentile bootstrap, 2000 draws, RNG731"
observation_by_extractor,clear | vitpose_base,I-shuffled_jepa-graph_time-base,A_error,degrees,8.74011677182718,7.47653298086776,10.180681183497867,7.392846205714201,10.08738733794016,14,3,"descriptive crossed person/seed percentile bootstrap, 2000 draws, RNG731"
observation_by_extractor,clear | vitpose_base,I-shuffled_jepa-graph_time-base,waveform_error,degrees,13.292847929742075,12.724474611287715,13.925693501408169,12.712145023150205,13.873550836333939,14,3,"descriptive crossed person/seed percentile bootstrap, 2000 draws, RNG731"
observation_by_extractor,clear | vitpose_base,I-shuffled_jepa-graph_time-base,synthetic_all_nle,dimensionless NLE,0.06244201393608115,0.05743631286629841,0.06836150688958156,0.056394974789464994,0.06848905308269734,14,3,"descriptive crossed person/seed percentile bootstrap, 2000 draws, RNG731"
observation_by_extractor,clear | vitpose_base,I-shuffled_jepa-graph_time-base,assignment_failure_rate,fraction,0.4764693214657427,0.46860221718121836,0.48579662778946625,0.46708405901280586,0.4858545839186796,14,3,"descriptive crossed person/seed percentile bootstrap, 2000 draws, RNG731"
observation_by_extractor,clear | vitpose_base,I-shuffled_jepa-graph_time-base,left_excursion_error,degrees,7.720934838879585,6.693297449246496,9.039110850921771,7.190825268634684,8.251044409124487,14,3,"descriptive crossed person/seed percentile bootstrap, 2000 draws, RNG731"
observation_by_extractor,clear | vitpose_base,I-shuffled_jepa-graph_time-base,right_excursion_error,degrees,6.72644029882168,5.628109486019912,8.29918172366451,5.774280205166112,7.678600392477251,14,3,"descriptive crossed person/seed percentile bootstrap, 2000 draws, RNG731"
observation_by_extractor,clear | vitpose_base,I-shuffled_jepa-graph_time-base,response_error,degrees,6.436168813799402,6.1078059099401605,6.785025447701614,6.124879734395033,6.747457893203774,14,3,"descriptive crossed person/seed percentile bootstrap, 2000 draws, RNG731"
observation_by_extractor,clear | vitpose_base,I-shuffled_jepa-graph_time-base,zero_response_error,degrees,5.8108295340231875,5.565160012226307,6.043321949781563,5.534631934465794,6.087027133580581,14,3,"descriptive crossed person/seed percentile bootstrap, 2000 draws, RNG731"
observation_by_extractor,clear | vitpose_base,I-shuffled_jepa-graph_time-base,response_failure_rate,fraction,0.0,0.0,0.0,0.0,0.0,14,3,"descriptive crossed person/seed percentile bootstrap, 2000 draws, RNG731"
observation_by_extractor,clear | vitpose_base,I-shuffled_jepa-graph_time-base,response_failure_contribution,degrees,0.0,0.0,0.0,0.0,0.0,14,3,"descriptive crossed person/seed percentile bootstrap, 2000 draws, RNG731"
observation_by_extractor,clear | vitpose_base,I-shuffled_jepa-graph_time-base,response_success_contribution,degrees,6.436168813799402,6.1078059099401605,6.785025447701614,6.124879734395033,6.747457893203774,14,3,"descriptive crossed person/seed percentile bootstrap, 2000 draws, RNG731"
observation_by_extractor,clear | vitpose_base,I-shuffled_jepa-graph_time-paired_change,A_error,degrees,9.291867727652217,8.036381778282292,10.828950142194318,7.9917570500678465,10.591978405236585,14,3,"descriptive crossed person/seed percentile bootstrap, 2000 draws, RNG731"
observation_by_extractor,clear | vitpose_base,I-shuffled_jepa-graph_time-paired_change,waveform_error,degrees,18.595812874973713,17.57564939387707,19.94769746574151,17.715573018693703,19.47605273125373,14,3,"descriptive crossed person/seed percentile bootstrap, 2000 draws, RNG731"
observation_by_extractor,clear | vitpose_base,I-shuffled_jepa-graph_time-paired_change,synthetic_all_nle,dimensionless NLE,0.06502023598041835,0.06229914596504314,0.06849319337146502,0.06148687616153327,0.06855359579930344,14,3,"descriptive crossed person/seed percentile bootstrap, 2000 draws, RNG731"
observation_by_extractor,clear | vitpose_base,I-shuffled_jepa-graph_time-paired_change,assignment_failure_rate,fraction,0.4678924075444664,0.46239155196170123,0.4723265445714892,0.4644818358370967,0.4713029792518363,14,3,"descriptive crossed person/seed percentile bootstrap, 2000 draws, RNG731"
observation_by_extractor,clear | vitpose_base,I-shuffled_jepa-graph_time-paired_change,left_excursion_error,degrees,11.495246154538236,8.896391658693165,14.5609530128288,8.918929930389309,14.071562378687164,14,3,"descriptive crossed person/seed percentile bootstrap, 2000 draws, RNG731"
observation_by_extractor,clear | vitpose_base,I-shuffled_jepa-graph_time-paired_change,right_excursion_error,degrees,9.982536237324275,7.48588276808721,12.812468538309144,8.113520747359441,11.851551727289106,14,3,"descriptive crossed person/seed percentile bootstrap, 2000 draws, RNG731"
observation_by_extractor,clear | vitpose_base,I-shuffled_jepa-graph_time-paired_change,response_error,degrees,7.091332604457446,6.15154813440848,9.07698143397698,6.274362888481749,7.908302320433146,14,3,"descriptive crossed person/seed percentile bootstrap, 2000 draws, RNG731"
observation_by_extractor,clear | vitpose_base,I-shuffled_jepa-graph_time-paired_change,zero_response_error,degrees,5.8108295340231875,5.565160012226307,6.043321949781563,5.534631934465794,6.087027133580581,14,3,"descriptive crossed person/seed percentile bootstrap, 2000 draws, RNG731"
observation_by_extractor,clear | vitpose_base,I-shuffled_jepa-graph_time-paired_change,response_failure_rate,fraction,0.0011629188712522045,0.0,0.004034942680776012,-0.00013330730141427726,0.0024591450439186867,14,3,"descriptive crossed person/seed percentile bootstrap, 2000 draws, RNG731"
observation_by_extractor,clear | vitpose_base,I-shuffled_jepa-graph_time-paired_change,response_failure_contribution,degrees,0.8373015873015872,0.0,2.905158730158728,-0.09598125701827953,1.770584431621454,14,3,"descriptive crossed person/seed percentile bootstrap, 2000 draws, RNG731"
observation_by_extractor,clear | vitpose_base,I-shuffled_jepa-graph_time-paired_change,response_success_contribution,degrees,6.254031017155858,6.007798974224702,6.481736887182672,5.9962372991244814,6.511824735187234,14,3,"descriptive crossed person/seed percentile bootstrap, 2000 draws, RNG731"
observation_by_extractor,clear | vitpose_base,M-coordinate-graph_time-base,A_error,degrees,8.05165548688434,6.881085144018934,9.340312902620244,6.762417237260811,9.340893736507864,14,3,"descriptive crossed person/seed percentile bootstrap, 2000 draws, RNG731"
observation_by_extractor,clear | vitpose_base,M-coordinate-graph_time-base,waveform_error,degrees,13.59560580688507,13.072736942385161,14.10788340215537,13.024248980266636,14.16696263350351,14,3,"descriptive crossed person/seed percentile bootstrap, 2000 draws, RNG731"
observation_by_extractor,clear | vitpose_base,M-coordinate-graph_time-base,synthetic_all_nle,dimensionless NLE,0.044539286722742905,0.041758573788235435,0.047973738215578945,0.04095499967047794,0.04812357377500785,14,3,"descriptive crossed person/seed percentile bootstrap, 2000 draws, RNG731"
observation_by_extractor,clear | vitpose_base,M-coordinate-graph_time-base,assignment_failure_rate,fraction,0.3569923802215732,0.3427101408980049,0.3750699049719882,0.3420866958132685,0.371898064629878,14,3,"descriptive crossed person/seed percentile bootstrap, 2000 draws, RNG731"
observation_by_extractor,clear | vitpose_base,M-coordinate-graph_time-base,left_excursion_error,degrees,25.765342791856465,22.673815593382262,28.45049877728256,22.56011714289741,28.970568440815534,14,3,"descriptive crossed person/seed percentile bootstrap, 2000 draws, RNG731"
observation_by_extractor,clear | vitpose_base,M-coordinate-graph_time-base,right_excursion_error,degrees,23.148013892479636,20.814316158613803,25.397953753486842,20.67508608146384,25.620941703495433,14,3,"descriptive crossed person/seed percentile bootstrap, 2000 draws, RNG731"
observation_by_extractor,clear | vitpose_base,M-coordinate-graph_time-base,response_error,degrees,5.838351803160242,5.578838815753992,6.093307364953006,5.5460033987436255,6.130700207576858,14,3,"descriptive crossed person/seed percentile bootstrap, 2000 draws, RNG731"
observation_by_extractor,clear | vitpose_base,M-coordinate-graph_time-base,zero_response_error,degrees,5.8108295340231875,5.565160012226307,6.043321949781563,5.534631934465794,6.087027133580581,14,3,"descriptive crossed person/seed percentile bootstrap, 2000 draws, RNG731"
observation_by_extractor,clear | vitpose_base,M-coordinate-graph_time-base,response_failure_rate,fraction,0.0,0.0,0.0,0.0,0.0,14,3,"descriptive crossed person/seed percentile bootstrap, 2000 draws, RNG731"
observation_by_extractor,clear | vitpose_base,M-coordinate-graph_time-base,response_failure_contribution,degrees,0.0,0.0,0.0,0.0,0.0,14,3,"descriptive crossed person/seed percentile bootstrap, 2000 draws, RNG731"
observation_by_extractor,clear | vitpose_base,M-coordinate-graph_time-base,response_success_contribution,degrees,5.838351803160242,5.578838815753992,6.093307364953006,5.5460033987436255,6.130700207576858,14,3,"descriptive crossed person/seed percentile bootstrap, 2000 draws, RNG731"
observation_by_extractor,clear | vitpose_base,M-coordinate-graph_time-paired_change,A_error,degrees,11.114924623951946,9.298128542835832,13.674334632757784,8.909656352030563,13.32019289587333,14,3,"descriptive crossed person/seed percentile bootstrap, 2000 draws, RNG731"
observation_by_extractor,clear | vitpose_base,M-coordinate-graph_time-paired_change,waveform_error,degrees,18.805649130858995,18.103099796242088,19.709192919853354,17.964153652636455,19.647144609081536,14,3,"descriptive crossed person/seed percentile bootstrap, 2000 draws, RNG731"
observation_by_extractor,clear | vitpose_base,M-coordinate-graph_time-paired_change,synthetic_all_nle,dimensionless NLE,0.051252386385933664,0.04816594614674589,0.0551168040146985,0.04735521404056691,0.05514955873130043,14,3,"descriptive crossed person/seed percentile bootstrap, 2000 draws, RNG731"
observation_by_extractor,clear | vitpose_base,M-coordinate-graph_time-paired_change,assignment_failure_rate,fraction,0.4196729207803292,0.4081261967727125,0.43477000315101083,0.4048966586522972,0.4344491829083612,14,3,"descriptive crossed person/seed percentile bootstrap, 2000 draws, RNG731"
observation_by_extractor,clear | vitpose_base,M-coordinate-graph_time-paired_change,left_excursion_error,degrees,7.500087300782574,5.3656052926847755,9.777238449592454,6.255266331863298,8.744908269701849,14,3,"descriptive crossed person/seed percentile bootstrap, 2000 draws, RNG731"
observation_by_extractor,clear | vitpose_base,M-coordinate-graph_time-paired_change,right_excursion_error,degrees,10.290005061497242,7.566903695144893,13.573884222706758,7.923199534243002,12.656810588751481,14,3,"descriptive crossed person/seed percentile bootstrap, 2000 draws, RNG731"
observation_by_extractor,clear | vitpose_base,M-coordinate-graph_time-paired_change,response_error,degrees,5.913392583301557,5.660518985255381,6.155519475919882,5.62899948843829,6.197785678164823,14,3,"descriptive crossed person/seed percentile bootstrap, 2000 draws, RNG731"
observation_by_extractor,clear | vitpose_base,M-coordinate-graph_time-paired_change,zero_response_error,degrees,5.8108295340231875,5.565160012226307,6.043321949781563,5.534631934465794,6.087027133580581,14,3,"descriptive crossed person/seed percentile bootstrap, 2000 draws, RNG731"
observation_by_extractor,clear | vitpose_base,M-coordinate-graph_time-paired_change,response_failure_rate,fraction,0.0,0.0,0.0,0.0,0.0,14,3,"descriptive crossed person/seed percentile bootstrap, 2000 draws, RNG731"
observation_by_extractor,clear | vitpose_base,M-coordinate-graph_time-paired_change,response_failure_contribution,degrees,0.0,0.0,0.0,0.0,0.0,14,3,"descriptive crossed person/seed percentile bootstrap, 2000 draws, RNG731"
observation_by_extractor,clear | vitpose_base,M-coordinate-graph_time-paired_change,response_success_contribution,degrees,5.913392583301557,5.660518985255381,6.155519475919882,5.62899948843829,6.197785678164823,14,3,"descriptive crossed person/seed percentile bootstrap, 2000 draws, RNG731"
observation_by_extractor,clear | vitpose_base,M-paired_jepa-graph_time-base,A_error,degrees,8.682947738765133,7.3572931939794035,10.441580911673508,7.245296757410632,10.120598720119634,14,3,"descriptive crossed person/seed percentile bootstrap, 2000 draws, RNG731"
observation_by_extractor,clear | vitpose_base,M-paired_jepa-graph_time-base,waveform_error,degrees,14.093451013347252,13.236469135798552,15.273205442282327,13.532826045763846,14.654075980930662,14,3,"descriptive crossed person/seed percentile bootstrap, 2000 draws, RNG731"
observation_by_extractor,clear | vitpose_base,M-paired_jepa-graph_time-base,synthetic_all_nle,dimensionless NLE,0.05803609726635733,0.05379696452551867,0.06362377784376556,0.05237224227688491,0.06369995225582974,14,3,"descriptive crossed person/seed percentile bootstrap, 2000 draws, RNG731"
observation_by_extractor,clear | vitpose_base,M-paired_jepa-graph_time-base,assignment_failure_rate,fraction,0.45473408597756987,0.4380264740656494,0.470011454337197,0.442560042872468,0.466908129082672,14,3,"descriptive crossed person/seed percentile bootstrap, 2000 draws, RNG731"
observation_by_extractor,clear | vitpose_base,M-paired_jepa-graph_time-base,left_excursion_error,degrees,13.008033783266482,11.701092933027248,14.39333969505963,11.955731763578353,14.060335802954611,14,3,"descriptive crossed person/seed percentile bootstrap, 2000 draws, RNG731"
observation_by_extractor,clear | vitpose_base,M-paired_jepa-graph_time-base,right_excursion_error,degrees,11.110263999409508,9.98544667311399,12.316547130678007,10.17013733050008,12.050390668318943,14,3,"descriptive crossed person/seed percentile bootstrap, 2000 draws, RNG731"
observation_by_extractor,clear | vitpose_base,M-paired_jepa-graph_time-base,response_error,degrees,6.114959480940347,5.699323481051791,6.600081705187314,5.790030645099374,6.439888316781322,14,3,"descriptive crossed person/seed percentile bootstrap, 2000 draws, RNG731"
observation_by_extractor,clear | vitpose_base,M-paired_jepa-graph_time-base,zero_response_error,degrees,5.8108295340231875,5.565160012226307,6.043321949781563,5.534631934465794,6.087027133580581,14,3,"descriptive crossed person/seed percentile bootstrap, 2000 draws, RNG731"
observation_by_extractor,clear | vitpose_base,M-paired_jepa-graph_time-base,response_failure_rate,fraction,0.0,0.0,0.0,0.0,0.0,14,3,"descriptive crossed person/seed percentile bootstrap, 2000 draws, RNG731"
observation_by_extractor,clear | vitpose_base,M-paired_jepa-graph_time-base,response_failure_contribution,degrees,0.0,0.0,0.0,0.0,0.0,14,3,"descriptive crossed person/seed percentile bootstrap, 2000 draws, RNG731"
observation_by_extractor,clear | vitpose_base,M-paired_jepa-graph_time-base,response_success_contribution,degrees,6.114959480940347,5.699323481051791,6.600081705187314,5.790030645099374,6.439888316781322,14,3,"descriptive crossed person/seed percentile bootstrap, 2000 draws, RNG731"
observation_by_extractor,clear | vitpose_base,M-paired_jepa-graph_time-paired_change,A_error,degrees,12.92234628135741,8.886502071036055,18.578597551276594,10.874833892557108,14.969858670157707,14,3,"descriptive crossed person/seed percentile bootstrap, 2000 draws, RNG731"
observation_by_extractor,clear | vitpose_base,M-paired_jepa-graph_time-paired_change,waveform_error,degrees,20.40012195621543,19.383693170061406,21.5520907725515,19.31838557704564,21.481858335385212,14,3,"descriptive crossed person/seed percentile bootstrap, 2000 draws, RNG731"
observation_by_extractor,clear | vitpose_base,M-paired_jepa-graph_time-paired_change,synthetic_all_nle,dimensionless NLE,0.0639016691741069,0.05988038700182532,0.06884680629349284,0.05881009319879274,0.06899324514942107,14,3,"descriptive crossed person/seed percentile bootstrap, 2000 draws, RNG731"
observation_by_extractor,clear | vitpose_base,M-paired_jepa-graph_time-paired_change,assignment_failure_rate,fraction,0.47240599247484705,0.46579495639104135,0.4805527902635198,0.4647807512257488,0.4800312337239452,14,3,"descriptive crossed person/seed percentile bootstrap, 2000 draws, RNG731"
observation_by_extractor,clear | vitpose_base,M-paired_jepa-graph_time-paired_change,left_excursion_error,degrees,10.345809632906883,7.87812800624228,13.381144586228901,7.629425915867921,13.062193349945842,14,3,"descriptive crossed person/seed percentile bootstrap, 2000 draws, RNG731"
observation_by_extractor,clear | vitpose_base,M-paired_jepa-graph_time-paired_change,right_excursion_error,degrees,10.432402326993998,7.231891592357128,14.9033908731958,7.264668594766285,13.600136059221708,14,3,"descriptive crossed person/seed percentile bootstrap, 2000 draws, RNG731"
observation_by_extractor,clear | vitpose_base,M-paired_jepa-graph_time-paired_change,response_error,degrees,6.063699480948873,5.739702917832845,6.381586582694265,5.770035373165333,6.357363588732412,14,3,"descriptive crossed person/seed percentile bootstrap, 2000 draws, RNG731"
observation_by_extractor,clear | vitpose_base,M-paired_jepa-graph_time-paired_change,zero_response_error,degrees,5.8108295340231875,5.565160012226307,6.043321949781563,5.534631934465794,6.087027133580581,14,3,"descriptive crossed person/seed percentile bootstrap, 2000 draws, RNG731"
observation_by_extractor,clear | vitpose_base,M-paired_jepa-graph_time-paired_change,response_failure_rate,fraction,0.0,0.0,0.0,0.0,0.0,14,3,"descriptive crossed person/seed percentile bootstrap, 2000 draws, RNG731"
observation_by_extractor,clear | vitpose_base,M-paired_jepa-graph_time-paired_change,response_failure_contribution,degrees,0.0,0.0,0.0,0.0,0.0,14,3,"descriptive crossed person/seed percentile bootstrap, 2000 draws, RNG731"
observation_by_extractor,clear | vitpose_base,M-paired_jepa-graph_time-paired_change,response_success_contribution,degrees,6.063699480948873,5.739702917832845,6.381586582694265,5.770035373165333,6.357363588732412,14,3,"descriptive crossed person/seed percentile bootstrap, 2000 draws, RNG731"
observation_by_extractor,clear | vitpose_base,P-direct-none-base,A_error,degrees,6.2135940244601136,5.558629213660506,6.992265073796624,5.429015191253196,6.998172857667031,14,3,"descriptive crossed person/seed percentile bootstrap, 2000 draws, RNG731"
observation_by_extractor,clear | vitpose_base,P-direct-none-base,waveform_error,degrees,7.623884159191807,7.1823316780518525,8.034022871808832,7.216993445989811,8.030774872393799,14,3,"descriptive crossed person/seed percentile bootstrap, 2000 draws, RNG731"
observation_by_extractor,clear | vitpose_base,P-direct-none-base,synthetic_all_nle,dimensionless NLE,0.019863154240160483,0.018249357141651785,0.02198684210599288,0.017661702956758604,0.022064605523562354,14,3,"descriptive crossed person/seed percentile bootstrap, 2000 draws, RNG731"
observation_by_extractor,clear | vitpose_base,P-direct-none-base,assignment_failure_rate,fraction,0.07331430397620674,0.06264191155709828,0.08923819446891296,0.057645877496459635,0.08898273045595387,14,3,"descriptive crossed person/seed percentile bootstrap, 2000 draws, RNG731"
observation_by_extractor,clear | vitpose_base,P-direct-none-base,left_excursion_error,degrees,7.838210921127775,6.8177121193985615,8.78703925577422,7.042931886821982,8.633489955433568,14,3,"descriptive crossed person/seed percentile bootstrap, 2000 draws, RNG731"
observation_by_extractor,clear | vitpose_base,P-direct-none-base,right_excursion_error,degrees,7.640165588328047,6.564318712725615,8.795041702602814,6.597696497380966,8.682634679275129,14,3,"descriptive crossed person/seed percentile bootstrap, 2000 draws, RNG731"
observation_by_extractor,clear | vitpose_base,P-direct-none-base,response_error,degrees,3.767871740267721,3.6102489815444425,3.9221522807699465,3.5975915887384957,3.9381518917969442,14,3,"descriptive crossed person/seed percentile bootstrap, 2000 draws, RNG731"
observation_by_extractor,clear | vitpose_base,P-direct-none-base,zero_response_error,degrees,5.8108295340231875,5.565160012226307,6.043321949781563,5.534631934465794,6.087027133580581,14,3,"descriptive crossed person/seed percentile bootstrap, 2000 draws, RNG731"
observation_by_extractor,clear | vitpose_base,P-direct-none-base,response_failure_rate,fraction,0.0,0.0,0.0,0.0,0.0,14,3,"descriptive crossed person/seed percentile bootstrap, 2000 draws, RNG731"
observation_by_extractor,clear | vitpose_base,P-direct-none-base,response_failure_contribution,degrees,0.0,0.0,0.0,0.0,0.0,14,3,"descriptive crossed person/seed percentile bootstrap, 2000 draws, RNG731"
observation_by_extractor,clear | vitpose_base,P-direct-none-base,response_success_contribution,degrees,3.767871740267721,3.6102489815444425,3.9221522807699465,3.5975915887384957,3.9381518917969442,14,3,"descriptive crossed person/seed percentile bootstrap, 2000 draws, RNG731"
observation_by_extractor,clear | vitpose_base,P-direct-none-paired_change,A_error,degrees,12.94501631064301,12.279715938609954,13.925198949670937,12.336916417022712,13.55311620426331,14,3,"descriptive crossed person/seed percentile bootstrap, 2000 draws, RNG731"
observation_by_extractor,clear | vitpose_base,P-direct-none-paired_change,waveform_error,degrees,15.87933595137147,15.224705001914936,16.54742127351774,15.426110977695117,16.332560925047822,14,3,"descriptive crossed person/seed percentile bootstrap, 2000 draws, RNG731"
observation_by_extractor,clear | vitpose_base,P-direct-none-paired_change,synthetic_all_nle,dimensionless NLE,0.044524302018728194,0.0409470177421557,0.048996587043223454,0.03995344091247162,0.049095163124984784,14,3,"descriptive crossed person/seed percentile bootstrap, 2000 draws, RNG731"
observation_by_extractor,clear | vitpose_base,P-direct-none-paired_change,assignment_failure_rate,fraction,0.33524308340397496,0.3135431082618606,0.363309112449911,0.30788972681309923,0.3625964399948507,14,3,"descriptive crossed person/seed percentile bootstrap, 2000 draws, RNG731"
observation_by_extractor,clear | vitpose_base,P-direct-none-paired_change,left_excursion_error,degrees,7.2861019745758355,6.118656619030383,8.752166507044084,6.654294432764339,7.91790951638733,14,3,"descriptive crossed person/seed percentile bootstrap, 2000 draws, RNG731"
observation_by_extractor,clear | vitpose_base,P-direct-none-paired_change,right_excursion_error,degrees,8.190177385167502,6.704490026265819,9.657370792289006,7.341184149968384,9.039170620366619,14,3,"descriptive crossed person/seed percentile bootstrap, 2000 draws, RNG731"
observation_by_extractor,clear | vitpose_base,P-direct-none-paired_change,response_error,degrees,4.952858344112094,4.603214073693603,5.35153569693315,4.610041089884041,5.295675598340147,14,3,"descriptive crossed person/seed percentile bootstrap, 2000 draws, RNG731"
observation_by_extractor,clear | vitpose_base,P-direct-none-paired_change,zero_response_error,degrees,5.8108295340231875,5.565160012226307,6.043321949781563,5.534631934465794,6.087027133580581,14,3,"descriptive crossed person/seed percentile bootstrap, 2000 draws, RNG731"
observation_by_extractor,clear | vitpose_base,P-direct-none-paired_change,response_failure_rate,fraction,0.0,0.0,0.0,0.0,0.0,14,3,"descriptive crossed person/seed percentile bootstrap, 2000 draws, RNG731"
observation_by_extractor,clear | vitpose_base,P-direct-none-paired_change,response_failure_contribution,degrees,0.0,0.0,0.0,0.0,0.0,14,3,"descriptive crossed person/seed percentile bootstrap, 2000 draws, RNG731"
observation_by_extractor,clear | vitpose_base,P-direct-none-paired_change,response_success_contribution,degrees,4.952858344112094,4.603214073693603,5.35153569693315,4.610041089884041,5.295675598340147,14,3,"descriptive crossed person/seed percentile bootstrap, 2000 draws, RNG731"
observation_by_extractor,occluded | hrnet_w32,F-response-coordinate_delta_v1-graph_time-base,A_error,degrees,13.476012374685887,11.643353364091581,16.055681483459914,11.207300462347929,15.744724287023837,14,3,"descriptive crossed person/seed percentile bootstrap, 2000 draws, RNG731"
observation_by_extractor,occluded | hrnet_w32,F-response-coordinate_delta_v1-graph_time-base,waveform_error,degrees,18.223566880679172,16.654037196085536,20.07971315269199,16.33753455971871,20.109599201639643,14,3,"descriptive crossed person/seed percentile bootstrap, 2000 draws, RNG731"
observation_by_extractor,occluded | hrnet_w32,F-response-coordinate_delta_v1-graph_time-base,synthetic_all_nle,dimensionless NLE,0.059179999808315974,0.05612214756042171,0.0626375206732119,0.05571236565290057,0.06264763396373141,14,3,"descriptive crossed person/seed percentile bootstrap, 2000 draws, RNG731"
observation_by_extractor,occluded | hrnet_w32,F-response-coordinate_delta_v1-graph_time-base,assignment_failure_rate,fraction,0.4616892309679835,0.4443058535585832,0.47877341954600994,0.4464433876889894,0.4769350742469777,14,3,"descriptive crossed person/seed percentile bootstrap, 2000 draws, RNG731"
observation_by_extractor,occluded | hrnet_w32,F-response-coordinate_delta_v1-graph_time-base,left_excursion_error,degrees,27.782166604593492,24.734702807979183,30.564418849439978,24.460371525205748,31.103961683981257,14,3,"descriptive crossed person/seed percentile bootstrap, 2000 draws, RNG731"
observation_by_extractor,occluded | hrnet_w32,F-response-coordinate_delta_v1-graph_time-base,right_excursion_error,degrees,25.788125541420705,23.17362136208114,28.545105712888244,23.11354314279329,28.462707940048105,14,3,"descriptive crossed person/seed percentile bootstrap, 2000 draws, RNG731"
observation_by_extractor,occluded | hrnet_w32,F-response-coordinate_delta_v1-graph_time-base,response_error,degrees,14.52008726209422,9.31571054246941,21.942656426293215,8.141868924117297,20.898305600071144,14,3,"descriptive crossed person/seed percentile bootstrap, 2000 draws, RNG731"
observation_by_extractor,occluded | hrnet_w32,F-response-coordinate_delta_v1-graph_time-base,zero_response_error,degrees,5.8108295340231875,5.565160012226307,6.043321949781563,5.534631934465794,6.087027133580581,14,3,"descriptive crossed person/seed percentile bootstrap, 2000 draws, RNG731"
observation_by_extractor,occluded | hrnet_w32,F-response-coordinate_delta_v1-graph_time-base,response_failure_rate,fraction,0.011494157848324511,0.004235008818342149,0.021810515873015853,0.0027137674636570717,0.02027454823299195,14,3,"descriptive crossed person/seed percentile bootstrap, 2000 draws, RNG731"
observation_by_extractor,occluded | hrnet_w32,F-response-coordinate_delta_v1-graph_time-base,response_failure_contribution,degrees,8.275793650793652,3.0492063492063495,15.703571428571422,1.9539125738330938,14.597674727754207,14,3,"descriptive crossed person/seed percentile bootstrap, 2000 draws, RNG731"
observation_by_extractor,occluded | hrnet_w32,F-response-coordinate_delta_v1-graph_time-base,response_success_contribution,degrees,6.244293611300569,5.934407340511215,6.547573717800308,5.90169305110911,6.586894171492027,14,3,"descriptive crossed person/seed percentile bootstrap, 2000 draws, RNG731"
observation_by_extractor,occluded | hrnet_w32,F-response-coordinate_delta_v1-graph_time-paired_change,A_error,degrees,19.525061885973813,14.42408129411405,26.451981263562562,13.283473762985203,25.76665000896243,14,3,"descriptive crossed person/seed percentile bootstrap, 2000 draws, RNG731"
observation_by_extractor,occluded | hrnet_w32,F-response-coordinate_delta_v1-graph_time-paired_change,waveform_error,degrees,24.022985069495828,21.50181293866588,27.112658411655218,20.83360075953212,27.212369379459535,14,3,"descriptive crossed person/seed percentile bootstrap, 2000 draws, RNG731"
observation_by_extractor,occluded | hrnet_w32,F-response-coordinate_delta_v1-graph_time-paired_change,synthetic_all_nle,dimensionless NLE,0.06584351724547978,0.0625266498848986,0.06956246754205721,0.062207858020853164,0.0694791764701064,14,3,"descriptive crossed person/seed percentile bootstrap, 2000 draws, RNG731"
observation_by_extractor,occluded | hrnet_w32,F-response-coordinate_delta_v1-graph_time-paired_change,assignment_failure_rate,fraction,0.5004153834961811,0.4786237589850442,0.5170630118271428,0.4897117702138983,0.5111189967784637,14,3,"descriptive crossed person/seed percentile bootstrap, 2000 draws, RNG731"
observation_by_extractor,occluded | hrnet_w32,F-response-coordinate_delta_v1-graph_time-paired_change,left_excursion_error,degrees,19.672461343828505,16.550581981910394,23.208402614734453,16.005627537615087,23.33929515004191,14,3,"descriptive crossed person/seed percentile bootstrap, 2000 draws, RNG731"
observation_by_extractor,occluded | hrnet_w32,F-response-coordinate_delta_v1-graph_time-paired_change,right_excursion_error,degrees,23.68133619063243,18.11555279870669,29.6830123346618,18.608477469880093,28.754194911384765,14,3,"descriptive crossed person/seed percentile bootstrap, 2000 draws, RNG731"
observation_by_extractor,occluded | hrnet_w32,F-response-coordinate_delta_v1-graph_time-paired_change,response_error,degrees,25.185992623065676,13.986965416803319,39.47299979328517,10.727293707749588,39.64469153838175,14,3,"descriptive crossed person/seed percentile bootstrap, 2000 draws, RNG731"
observation_by_extractor,occluded | hrnet_w32,F-response-coordinate_delta_v1-graph_time-paired_change,zero_response_error,degrees,5.8108295340231875,5.565160012226307,6.043321949781563,5.534631934465794,6.087027133580581,14,3,"descriptive crossed person/seed percentile bootstrap, 2000 draws, RNG731"
observation_by_extractor,occluded | hrnet_w32,F-response-coordinate_delta_v1-graph_time-paired_change,response_failure_rate,fraction,0.02655239564961786,0.011013764880952376,0.04623332782186947,0.006444961656427418,0.046659829642808306,14,3,"descriptive crossed person/seed percentile bootstrap, 2000 draws, RNG731"
observation_by_extractor,occluded | hrnet_w32,F-response-coordinate_delta_v1-graph_time-paired_change,response_failure_contribution,degrees,19.11772486772487,7.929910714285715,33.287996031746026,4.640372392627741,33.595077342821995,14,3,"descriptive crossed person/seed percentile bootstrap, 2000 draws, RNG731"
observation_by_extractor,occluded | hrnet_w32,F-response-coordinate_delta_v1-graph_time-paired_change,response_success_contribution,degrees,6.068267755340805,5.787597650490028,6.345061624515275,5.757729066975923,6.378806443705686,14,3,"descriptive crossed person/seed percentile bootstrap, 2000 draws, RNG731"
observation_by_extractor,occluded | hrnet_w32,F-response-jepa_delta_v1-graph_time-base,A_error,degrees,14.737485917777716,12.446828046231603,17.754065896255284,12.159427610596499,17.31554422495893,14,3,"descriptive crossed person/seed percentile bootstrap, 2000 draws, RNG731"
observation_by_extractor,occluded | hrnet_w32,F-response-jepa_delta_v1-graph_time-base,waveform_error,degrees,20.659254061202585,18.513982918712706,23.187076296909957,17.99373789655906,23.324770225846102,14,3,"descriptive crossed person/seed percentile bootstrap, 2000 draws, RNG731"
observation_by_extractor,occluded | hrnet_w32,F-response-jepa_delta_v1-graph_time-base,synthetic_all_nle,dimensionless NLE,0.06733781447640992,0.06323942059557058,0.0722038187120581,0.06236980416996703,0.07230582478285282,14,3,"descriptive crossed person/seed percentile bootstrap, 2000 draws, RNG731"
observation_by_extractor,occluded | hrnet_w32,F-response-jepa_delta_v1-graph_time-base,assignment_failure_rate,fraction,0.5224687361952579,0.5024394807047929,0.5377604733077044,0.5032022241462775,0.5417352482442381,14,3,"descriptive crossed person/seed percentile bootstrap, 2000 draws, RNG731"
observation_by_extractor,occluded | hrnet_w32,F-response-jepa_delta_v1-graph_time-base,left_excursion_error,degrees,26.753130756992785,22.789100054795316,30.30119606135369,22.453456940590012,31.052804573395544,14,3,"descriptive crossed person/seed percentile bootstrap, 2000 draws, RNG731"
observation_by_extractor,occluded | hrnet_w32,F-response-jepa_delta_v1-graph_time-base,right_excursion_error,degrees,25.392514825815027,21.59566313223114,28.960777863912764,21.32488774289705,29.46014190873301,14,3,"descriptive crossed person/seed percentile bootstrap, 2000 draws, RNG731"
observation_by_extractor,occluded | hrnet_w32,F-response-jepa_delta_v1-graph_time-base,response_error,degrees,16.572627752547533,10.651700543279402,23.963346623562597,9.382881958272737,23.762373546822335,14,3,"descriptive crossed person/seed percentile bootstrap, 2000 draws, RNG731"
observation_by_extractor,occluded | hrnet_w32,F-response-jepa_delta_v1-graph_time-base,zero_response_error,degrees,5.8108295340231875,5.565160012226307,6.043321949781563,5.534631934465794,6.087027133580581,14,3,"descriptive crossed person/seed percentile bootstrap, 2000 draws, RNG731"
observation_by_extractor,occluded | hrnet_w32,F-response-jepa_delta_v1-graph_time-base,response_failure_rate,fraction,0.01432705026455026,0.006141975308641975,0.024482542438271592,0.004414047090188368,0.024240053438912154,14,3,"descriptive crossed person/seed percentile bootstrap, 2000 draws, RNG731"
observation_by_extractor,occluded | hrnet_w32,F-response-jepa_delta_v1-graph_time-base,response_failure_contribution,degrees,10.31547619047619,4.422222222222222,17.627430555555552,3.178113904935624,17.452838476016755,14,3,"descriptive crossed person/seed percentile bootstrap, 2000 draws, RNG731"
observation_by_extractor,occluded | hrnet_w32,F-response-jepa_delta_v1-graph_time-base,response_success_contribution,degrees,6.257151562071344,5.971872030702321,6.5210731916692,5.963352046549695,6.55095107759299,14,3,"descriptive crossed person/seed percentile bootstrap, 2000 draws, RNG731"
observation_by_extractor,occluded | hrnet_w32,F-response-jepa_delta_v1-graph_time-paired_change,A_error,degrees,16.091742315220717,12.527482311080313,20.31231421310207,13.219409969766678,18.964074660674754,14,3,"descriptive crossed person/seed percentile bootstrap, 2000 draws, RNG731"
observation_by_extractor,occluded | hrnet_w32,F-response-jepa_delta_v1-graph_time-paired_change,waveform_error,degrees,24.134565884145076,22.30645278975139,26.751608026026826,21.954649170148638,26.31448259814152,14,3,"descriptive crossed person/seed percentile bootstrap, 2000 draws, RNG731"
observation_by_extractor,occluded | hrnet_w32,F-response-jepa_delta_v1-graph_time-paired_change,synthetic_all_nle,dimensionless NLE,0.074840407798455,0.07146828113197072,0.0785906282667391,0.07081458927682949,0.07886622632008053,14,3,"descriptive crossed person/seed percentile bootstrap, 2000 draws, RNG731"
observation_by_extractor,occluded | hrnet_w32,F-response-jepa_delta_v1-graph_time-paired_change,assignment_failure_rate,fraction,0.5350105752740367,0.5213883664110518,0.545366040481241,0.5243355303268641,0.5456856202212094,14,3,"descriptive crossed person/seed percentile bootstrap, 2000 draws, RNG731"
observation_by_extractor,occluded | hrnet_w32,F-response-jepa_delta_v1-graph_time-paired_change,left_excursion_error,degrees,19.00079898906851,15.847952820356834,22.520471414035445,15.391402586219765,22.610195391917248,14,3,"descriptive crossed person/seed percentile bootstrap, 2000 draws, RNG731"
observation_by_extractor,occluded | hrnet_w32,F-response-jepa_delta_v1-graph_time-paired_change,right_excursion_error,degrees,19.792618871666907,16.610371028812764,23.382149595172717,17.00711973940481,22.57811800392901,14,3,"descriptive crossed person/seed percentile bootstrap, 2000 draws, RNG731"
observation_by_extractor,occluded | hrnet_w32,F-response-jepa_delta_v1-graph_time-paired_change,response_error,degrees,15.160179664428009,9.124716663605437,23.599754177715738,7.766382417688212,22.553976911167812,14,3,"descriptive crossed person/seed percentile bootstrap, 2000 draws, RNG731"
observation_by_extractor,occluded | hrnet_w32,F-response-jepa_delta_v1-graph_time-paired_change,zero_response_error,degrees,5.8108295340231875,5.565160012226307,6.043321949781563,5.534631934465794,6.087027133580581,14,3,"descriptive crossed person/seed percentile bootstrap, 2000 draws, RNG731"
observation_by_extractor,occluded | hrnet_w32,F-response-jepa_delta_v1-graph_time-paired_change,response_failure_rate,fraction,0.012450396825396823,0.004075727513227511,0.02419560185185184,0.0022853835334296444,0.022615410117363996,14,3,"descriptive crossed person/seed percentile bootstrap, 2000 draws, RNG731"
observation_by_extractor,occluded | hrnet_w32,F-response-jepa_delta_v1-graph_time-paired_change,response_failure_contribution,degrees,8.964285714285714,2.9345238095238098,17.42083333333333,1.6454761440693453,16.28309528450208,14,3,"descriptive crossed person/seed percentile bootstrap, 2000 draws, RNG731"
observation_by_extractor,occluded | hrnet_w32,F-response-jepa_delta_v1-graph_time-paired_change,response_success_contribution,degrees,6.195893950142296,5.946498837497968,6.441319121120026,5.934649525131336,6.4571383751532565,14,3,"descriptive crossed person/seed percentile bootstrap, 2000 draws, RNG731"
observation_by_extractor,occluded | hrnet_w32,F-response-jepa_endpoint_v1-graph_time-base,A_error,degrees,14.365971582329658,11.95745977181727,18.361097927321687,11.59150563456157,17.140437530097753,14,3,"descriptive crossed person/seed percentile bootstrap, 2000 draws, RNG731"
observation_by_extractor,occluded | hrnet_w32,F-response-jepa_endpoint_v1-graph_time-base,waveform_error,degrees,20.29460531300563,18.08886187739527,23.2321748236194,17.404940286861336,23.184270339149915,14,3,"descriptive crossed person/seed percentile bootstrap, 2000 draws, RNG731"
observation_by_extractor,occluded | hrnet_w32,F-response-jepa_endpoint_v1-graph_time-base,synthetic_all_nle,dimensionless NLE,0.06786136908690228,0.06352118467727524,0.07307218552437886,0.062495766967093025,0.07322697120671157,14,3,"descriptive crossed person/seed percentile bootstrap, 2000 draws, RNG731"
observation_by_extractor,occluded | hrnet_w32,F-response-jepa_endpoint_v1-graph_time-base,assignment_failure_rate,fraction,0.5305453999172997,0.5118615610023493,0.544890678298498,0.5128974719899642,0.5481933278446349,14,3,"descriptive crossed person/seed percentile bootstrap, 2000 draws, RNG731"
observation_by_extractor,occluded | hrnet_w32,F-response-jepa_endpoint_v1-graph_time-base,left_excursion_error,degrees,27.661217157526544,23.041961704748385,31.84704639040736,22.86014755671837,32.46228675833472,14,3,"descriptive crossed person/seed percentile bootstrap, 2000 draws, RNG731"
observation_by_extractor,occluded | hrnet_w32,F-response-jepa_endpoint_v1-graph_time-base,right_excursion_error,degrees,27.59705262093747,23.873357050701127,31.212152382072436,23.77346214980175,31.420643092073192,14,3,"descriptive crossed person/seed percentile bootstrap, 2000 draws, RNG731"
observation_by_extractor,occluded | hrnet_w32,F-response-jepa_endpoint_v1-graph_time-base,response_error,degrees,16.323111987467172,10.317528338100058,26.07332065918607,8.894209976139202,23.752013998795142,14,3,"descriptive crossed person/seed percentile bootstrap, 2000 draws, RNG731"
observation_by_extractor,occluded | hrnet_w32,F-response-jepa_endpoint_v1-graph_time-base,zero_response_error,degrees,5.8108295340231875,5.565160012226307,6.043321949781563,5.534631934465794,6.087027133580581,14,3,"descriptive crossed person/seed percentile bootstrap, 2000 draws, RNG731"
observation_by_extractor,occluded | hrnet_w32,F-response-jepa_endpoint_v1-graph_time-base,response_failure_rate,fraction,0.01375661375661375,0.005456349206349205,0.02734009865520281,0.003565453373742554,0.023947774139484953,14,3,"descriptive crossed person/seed percentile bootstrap, 2000 draws, RNG731"
observation_by_extractor,occluded | hrnet_w32,F-response-jepa_endpoint_v1-graph_time-base,response_failure_contribution,degrees,9.904761904761905,3.9285714285714284,19.68487103174603,2.5671264290946407,17.242397380429175,14,3,"descriptive crossed person/seed percentile bootstrap, 2000 draws, RNG731"
observation_by_extractor,occluded | hrnet_w32,F-response-jepa_endpoint_v1-graph_time-base,response_success_contribution,degrees,6.418350082705271,6.165386399814174,6.686811424273641,6.128379712169641,6.708320453240898,14,3,"descriptive crossed person/seed percentile bootstrap, 2000 draws, RNG731"
observation_by_extractor,occluded | hrnet_w32,F-response-jepa_endpoint_v1-graph_time-paired_change,A_error,degrees,17.92084169227144,14.787545361541467,21.98624965933099,13.994692161196504,21.84699122334638,14,3,"descriptive crossed person/seed percentile bootstrap, 2000 draws, RNG731"
observation_by_extractor,occluded | hrnet_w32,F-response-jepa_endpoint_v1-graph_time-paired_change,waveform_error,degrees,24.41594858986025,22.141429847469098,27.193070003845243,21.839108499933015,26.99278867978747,14,3,"descriptive crossed person/seed percentile bootstrap, 2000 draws, RNG731"
observation_by_extractor,occluded | hrnet_w32,F-response-jepa_endpoint_v1-graph_time-paired_change,synthetic_all_nle,dimensionless NLE,0.07556190968325209,0.07215260928790142,0.07911836080552902,0.07168402375235801,0.07943979561414614,14,3,"descriptive crossed person/seed percentile bootstrap, 2000 draws, RNG731"
observation_by_extractor,occluded | hrnet_w32,F-response-jepa_endpoint_v1-graph_time-paired_change,assignment_failure_rate,fraction,0.521929379370768,0.50340067281081,0.5366998307891652,0.5074859987934696,0.5363727599480667,14,3,"descriptive crossed person/seed percentile bootstrap, 2000 draws, RNG731"
observation_by_extractor,occluded | hrnet_w32,F-response-jepa_endpoint_v1-graph_time-paired_change,left_excursion_error,degrees,21.13444934138184,17.136816428539905,25.203869002808393,18.234488290532095,24.034410392231575,14,3,"descriptive crossed person/seed percentile bootstrap, 2000 draws, RNG731"
observation_by_extractor,occluded | hrnet_w32,F-response-jepa_endpoint_v1-graph_time-paired_change,right_excursion_error,degrees,19.863853745669132,17.057377814829238,22.979979284149625,16.73048628623557,22.997221205102687,14,3,"descriptive crossed person/seed percentile bootstrap, 2000 draws, RNG731"
observation_by_extractor,occluded | hrnet_w32,F-response-jepa_endpoint_v1-graph_time-paired_change,response_error,degrees,14.787065560123247,7.801966390058476,24.114882517655825,5.423910094675074,24.15022102557142,14,3,"descriptive crossed person/seed percentile bootstrap, 2000 draws, RNG731"
observation_by_extractor,occluded | hrnet_w32,F-response-jepa_endpoint_v1-graph_time-paired_change,zero_response_error,degrees,5.8108295340231875,5.565160012226307,6.043321949781563,5.534631934465794,6.087027133580581,14,3,"descriptive crossed person/seed percentile bootstrap, 2000 draws, RNG731"
observation_by_extractor,occluded | hrnet_w32,F-response-jepa_endpoint_v1-graph_time-paired_change,response_failure_rate,fraction,0.012003968253968248,0.0021903246252204587,0.02488742835096999,-0.0009752704571204061,0.02498320696505691,14,3,"descriptive crossed person/seed percentile bootstrap, 2000 draws, RNG731"
observation_by_extractor,occluded | hrnet_w32,F-response-jepa_endpoint_v1-graph_time-paired_change,response_failure_contribution,degrees,8.642857142857142,1.57703373015873,17.918948412698402,-0.7021947291266919,17.98790901484098,14,3,"descriptive crossed person/seed percentile bootstrap, 2000 draws, RNG731"
observation_by_extractor,occluded | hrnet_w32,F-response-jepa_endpoint_v1-graph_time-paired_change,response_success_contribution,degrees,6.144208417266105,5.8609298402381595,6.440909034680137,5.872709973470203,6.415706861062008,14,3,"descriptive crossed person/seed percentile bootstrap, 2000 draws, RNG731"
observation_by_extractor,occluded | hrnet_w32,I-initialized-none-base,A_error,degrees,12.946045836412999,11.02504381904404,15.343101707955856,10.60061173867871,15.291479934147281,14,3,"descriptive crossed person/seed percentile bootstrap, 2000 draws, RNG731"
observation_by_extractor,occluded | hrnet_w32,I-initialized-none-base,waveform_error,degrees,20.187968673692758,18.26446617508283,22.67613253291849,17.57942832291897,22.796509024466538,14,3,"descriptive crossed person/seed percentile bootstrap, 2000 draws, RNG731"
observation_by_extractor,occluded | hrnet_w32,I-initialized-none-base,synthetic_all_nle,dimensionless NLE,0.07379887389000121,0.07003382118414125,0.07793462023635717,0.06933212324818845,0.07826562453181395,14,3,"descriptive crossed person/seed percentile bootstrap, 2000 draws, RNG731"
observation_by_extractor,occluded | hrnet_w32,I-initialized-none-base,assignment_failure_rate,fraction,0.5399566981286613,0.5320228117747212,0.5476983321146756,0.5313577740715135,0.5485556221858091,14,3,"descriptive crossed person/seed percentile bootstrap, 2000 draws, RNG731"
observation_by_extractor,occluded | hrnet_w32,I-initialized-none-base,left_excursion_error,degrees,26.695622149385432,22.04957023282226,30.675521724588428,21.71754858725069,31.673695711520168,14,3,"descriptive crossed person/seed percentile bootstrap, 2000 draws, RNG731"
observation_by_extractor,occluded | hrnet_w32,I-initialized-none-base,right_excursion_error,degrees,25.45413367500461,21.47478319505905,29.19306263293331,21.024483745340582,29.883783604668636,14,3,"descriptive crossed person/seed percentile bootstrap, 2000 draws, RNG731"
observation_by_extractor,occluded | hrnet_w32,I-initialized-none-base,response_error,degrees,11.0632084062881,7.082870608397202,16.305810329033847,6.017105911640704,16.109310900935498,14,3,"descriptive crossed person/seed percentile bootstrap, 2000 draws, RNG731"
observation_by_extractor,occluded | hrnet_w32,I-initialized-none-base,zero_response_error,degrees,5.8108295340231875,5.565160012226307,6.043321949781563,5.534631934465794,6.087027133580581,14,3,"descriptive crossed person/seed percentile bootstrap, 2000 draws, RNG731"
observation_by_extractor,occluded | hrnet_w32,I-initialized-none-base,response_failure_rate,fraction,0.006531084656084654,0.000992063492063492,0.013668430335096996,-0.0003597978906281123,0.013421967202797425,14,3,"descriptive crossed person/seed percentile bootstrap, 2000 draws, RNG731"
observation_by_extractor,occluded | hrnet_w32,I-initialized-none-base,response_failure_contribution,degrees,4.7023809523809526,0.7142857142857143,9.84126984126984,-0.2590544812522415,9.663816386014144,14,3,"descriptive crossed person/seed percentile bootstrap, 2000 draws, RNG731"
observation_by_extractor,occluded | hrnet_w32,I-initialized-none-base,response_success_contribution,degrees,6.3608274539071505,6.13292468397038,6.611137497426016,6.091276466969889,6.630378440844408,14,3,"descriptive crossed person/seed percentile bootstrap, 2000 draws, RNG731"
observation_by_extractor,occluded | hrnet_w32,I-initialized-none-paired_change,A_error,degrees,16.41970077402816,12.396761030893517,21.066789099282143,13.041487886073044,19.79791366198328,14,3,"descriptive crossed person/seed percentile bootstrap, 2000 draws, RNG731"
observation_by_extractor,occluded | hrnet_w32,I-initialized-none-paired_change,waveform_error,degrees,23.927508629918137,22.326738203665055,26.316536606877776,21.61412259565179,26.24089466418449,14,3,"descriptive crossed person/seed percentile bootstrap, 2000 draws, RNG731"
observation_by_extractor,occluded | hrnet_w32,I-initialized-none-paired_change,synthetic_all_nle,dimensionless NLE,0.07678327643952293,0.07379655733686245,0.0800117434780282,0.0733462803437153,0.08022027253533061,14,3,"descriptive crossed person/seed percentile bootstrap, 2000 draws, RNG731"
observation_by_extractor,occluded | hrnet_w32,I-initialized-none-paired_change,assignment_failure_rate,fraction,0.5285901659404214,0.510114946199787,0.5438441553381917,0.5101324051017727,0.5470479267790699,14,3,"descriptive crossed person/seed percentile bootstrap, 2000 draws, RNG731"
observation_by_extractor,occluded | hrnet_w32,I-initialized-none-paired_change,left_excursion_error,degrees,19.683128152441412,16.4957495681948,22.96146794882416,16.34237397982601,23.023882325056807,14,3,"descriptive crossed person/seed percentile bootstrap, 2000 draws, RNG731"
observation_by_extractor,occluded | hrnet_w32,I-initialized-none-paired_change,right_excursion_error,degrees,19.431182775275282,16.50694426286329,22.897123141946498,16.053951632416652,22.80841391813392,14,3,"descriptive crossed person/seed percentile bootstrap, 2000 draws, RNG731"
observation_by_extractor,occluded | hrnet_w32,I-initialized-none-paired_change,response_error,degrees,13.09067333031238,7.712035069922844,21.318347466633657,5.380446098446376,20.80090056217839,14,3,"descriptive crossed person/seed percentile bootstrap, 2000 draws, RNG731"
observation_by_extractor,occluded | hrnet_w32,I-initialized-none-paired_change,zero_response_error,degrees,5.8108295340231875,5.565160012226307,6.043321949781563,5.534631934465794,6.087027133580581,14,3,"descriptive crossed person/seed percentile bootstrap, 2000 draws, RNG731"
observation_by_extractor,occluded | hrnet_w32,I-initialized-none-paired_change,response_failure_rate,fraction,0.009565145502645499,0.0021548445767195753,0.020800402336860663,-0.0010423686160332835,0.020172659621324286,14,3,"descriptive crossed person/seed percentile bootstrap, 2000 draws, RNG731"
observation_by_extractor,occluded | hrnet_w32,I-initialized-none-paired_change,response_failure_contribution,degrees,6.886904761904762,1.5514880952380954,14.976289682539681,-0.7505054035439658,14.52431492735349,14,3,"descriptive crossed person/seed percentile bootstrap, 2000 draws, RNG731"
observation_by_extractor,occluded | hrnet_w32,I-initialized-none-paired_change,response_success_contribution,degrees,6.203768568407618,5.956754419666085,6.453835065359945,5.924250150590742,6.483286986224494,14,3,"descriptive crossed person/seed percentile bootstrap, 2000 draws, RNG731"
observation_by_extractor,occluded | hrnet_w32,I-shuffled_jepa-graph_time-base,A_error,degrees,13.445654602321824,11.309846566074354,16.69963801828618,10.699964324077353,16.191344880566298,14,3,"descriptive crossed person/seed percentile bootstrap, 2000 draws, RNG731"
observation_by_extractor,occluded | hrnet_w32,I-shuffled_jepa-graph_time-base,waveform_error,degrees,20.154881853715047,18.045287606086514,22.775350054960267,17.3904197540534,22.919343953376693,14,3,"descriptive crossed person/seed percentile bootstrap, 2000 draws, RNG731"
observation_by_extractor,occluded | hrnet_w32,I-shuffled_jepa-graph_time-base,synthetic_all_nle,dimensionless NLE,0.07243553179675857,0.06856300770210345,0.07674521257529578,0.06783958080841167,0.07703148278510548,14,3,"descriptive crossed person/seed percentile bootstrap, 2000 draws, RNG731"
observation_by_extractor,occluded | hrnet_w32,I-shuffled_jepa-graph_time-base,assignment_failure_rate,fraction,0.5347954090139035,0.5219779017569942,0.544849993898706,0.521834454044442,0.5477563639833651,14,3,"descriptive crossed person/seed percentile bootstrap, 2000 draws, RNG731"
observation_by_extractor,occluded | hrnet_w32,I-shuffled_jepa-graph_time-base,left_excursion_error,degrees,26.331701400857963,21.944890498715775,30.190605577832784,21.66823797438765,30.995164827328267,14,3,"descriptive crossed person/seed percentile bootstrap, 2000 draws, RNG731"
observation_by_extractor,occluded | hrnet_w32,I-shuffled_jepa-graph_time-base,right_excursion_error,degrees,25.32127704414443,21.499074773621057,28.89440659878261,21.157326425225587,29.485227663063274,14,3,"descriptive crossed person/seed percentile bootstrap, 2000 draws, RNG731"
observation_by_extractor,occluded | hrnet_w32,I-shuffled_jepa-graph_time-base,response_error,degrees,12.74666867502901,7.61788318147725,20.102103315092403,5.976730480038652,19.51660687001938,14,3,"descriptive crossed person/seed percentile bootstrap, 2000 draws, RNG731"
observation_by_extractor,occluded | hrnet_w32,I-shuffled_jepa-graph_time-base,zero_response_error,degrees,5.8108295340231875,5.565160012226307,6.043321949781563,5.534631934465794,6.087027133580581,14,3,"descriptive crossed person/seed percentile bootstrap, 2000 draws, RNG731"
observation_by_extractor,occluded | hrnet_w32,I-shuffled_jepa-graph_time-base,response_failure_rate,fraction,0.008912037037037034,0.0018931878306878292,0.01911162092151674,-0.0003386546303487323,0.0181627287044228,14,3,"descriptive crossed person/seed percentile bootstrap, 2000 draws, RNG731"
observation_by_extractor,occluded | hrnet_w32,I-shuffled_jepa-graph_time-base,response_failure_contribution,degrees,6.416666666666667,1.3630952380952381,13.76036706349206,-0.24383133385108913,13.077164667184423,14,3,"descriptive crossed person/seed percentile bootstrap, 2000 draws, RNG731"
observation_by_extractor,occluded | hrnet_w32,I-shuffled_jepa-graph_time-base,response_success_contribution,degrees,6.3300020083623485,6.073217218524291,6.589869399648675,6.068518633373733,6.591485383350962,14,3,"descriptive crossed person/seed percentile bootstrap, 2000 draws, RNG731"
observation_by_extractor,occluded | hrnet_w32,I-shuffled_jepa-graph_time-paired_change,A_error,degrees,15.608422336320018,11.74911209465569,20.510541418106648,10.948799605052738,20.268045067587295,14,3,"descriptive crossed person/seed percentile bootstrap, 2000 draws, RNG731"
observation_by_extractor,occluded | hrnet_w32,I-shuffled_jepa-graph_time-paired_change,waveform_error,degrees,24.13603100717433,22.167549367879754,26.92941638743474,21.376990765234495,26.89507124911416,14,3,"descriptive crossed person/seed percentile bootstrap, 2000 draws, RNG731"
observation_by_extractor,occluded | hrnet_w32,I-shuffled_jepa-graph_time-paired_change,synthetic_all_nle,dimensionless NLE,0.0768392879491117,0.07390281676493686,0.08007951778400675,0.073427749892313,0.0802508260059104,14,3,"descriptive crossed person/seed percentile bootstrap, 2000 draws, RNG731"
observation_by_extractor,occluded | hrnet_w32,I-shuffled_jepa-graph_time-paired_change,assignment_failure_rate,fraction,0.524371690385836,0.5079004621530804,0.5376930418601342,0.5070571232064238,0.5416862575652484,14,3,"descriptive crossed person/seed percentile bootstrap, 2000 draws, RNG731"
observation_by_extractor,occluded | hrnet_w32,I-shuffled_jepa-graph_time-paired_change,left_excursion_error,degrees,19.572492073932263,16.467422753962143,22.679976748134298,16.560788235744646,22.58419591211988,14,3,"descriptive crossed person/seed percentile bootstrap, 2000 draws, RNG731"
observation_by_extractor,occluded | hrnet_w32,I-shuffled_jepa-graph_time-paired_change,right_excursion_error,degrees,19.73579756032065,16.852675768354906,22.87875942575728,16.3734331323319,23.098161988309403,14,3,"descriptive crossed person/seed percentile bootstrap, 2000 draws, RNG731"
observation_by_extractor,occluded | hrnet_w32,I-shuffled_jepa-graph_time-paired_change,response_error,degrees,18.535071549231233,10.519153069969441,29.374857997403723,7.9567293331693385,29.113413765293135,14,3,"descriptive crossed person/seed percentile bootstrap, 2000 draws, RNG731"
observation_by_extractor,occluded | hrnet_w32,I-shuffled_jepa-graph_time-paired_change,zero_response_error,degrees,5.8108295340231875,5.565160012226307,6.043321949781563,5.534631934465794,6.087027133580581,14,3,"descriptive crossed person/seed percentile bootstrap, 2000 draws, RNG731"
observation_by_extractor,occluded | hrnet_w32,I-shuffled_jepa-graph_time-paired_change,response_failure_rate,fraction,0.017085537918871248,0.005946387235449734,0.03215243331128745,0.0023861226034403247,0.031784953234302166,14,3,"descriptive crossed person/seed percentile bootstrap, 2000 draws, RNG731"
observation_by_extractor,occluded | hrnet_w32,I-shuffled_jepa-graph_time-paired_change,response_failure_contribution,degrees,12.301587301587304,4.281398809523809,23.14975198412698,1.7180082744770377,22.885166328697572,14,3,"descriptive crossed person/seed percentile bootstrap, 2000 draws, RNG731"
observation_by_extractor,occluded | hrnet_w32,I-shuffled_jepa-graph_time-paired_change,response_success_contribution,degrees,6.233484247643932,5.9692980293307,6.484711798014907,5.9669336285477295,6.500034866740132,14,3,"descriptive crossed person/seed percentile bootstrap, 2000 draws, RNG731"
observation_by_extractor,occluded | hrnet_w32,M-coordinate-graph_time-base,A_error,degrees,13.262900127199684,11.442792957040265,15.746203004958176,11.18656498874806,15.339235265651311,14,3,"descriptive crossed person/seed percentile bootstrap, 2000 draws, RNG731"
observation_by_extractor,occluded | hrnet_w32,M-coordinate-graph_time-base,waveform_error,degrees,17.948887748212304,16.3735083851714,19.68012615243,16.15991536361107,19.737860132813545,14,3,"descriptive crossed person/seed percentile bootstrap, 2000 draws, RNG731"
observation_by_extractor,occluded | hrnet_w32,M-coordinate-graph_time-base,synthetic_all_nle,dimensionless NLE,0.052787841994429895,0.04970630052519867,0.05626211847572066,0.0491274471471092,0.05644823684175059,14,3,"descriptive crossed person/seed percentile bootstrap, 2000 draws, RNG731"
observation_by_extractor,occluded | hrnet_w32,M-coordinate-graph_time-base,assignment_failure_rate,fraction,0.4258033966267235,0.40693707707671767,0.4421599618925446,0.408891133513276,0.44271565974017124,14,3,"descriptive crossed person/seed percentile bootstrap, 2000 draws, RNG731"
observation_by_extractor,occluded | hrnet_w32,M-coordinate-graph_time-base,left_excursion_error,degrees,27.287442836178734,23.593234761511216,30.34925050272561,23.45967295420327,31.115212718154204,14,3,"descriptive crossed person/seed percentile bootstrap, 2000 draws, RNG731"
observation_by_extractor,occluded | hrnet_w32,M-coordinate-graph_time-base,right_excursion_error,degrees,25.66582341028303,22.501454154659317,28.520802275761774,22.345977837365567,28.985668983200483,14,3,"descriptive crossed person/seed percentile bootstrap, 2000 draws, RNG731"
observation_by_extractor,occluded | hrnet_w32,M-coordinate-graph_time-base,response_error,degrees,13.678014031616064,8.92591039725433,19.617945482474767,8.322080109072973,19.033947954159153,14,3,"descriptive crossed person/seed percentile bootstrap, 2000 draws, RNG731"
observation_by_extractor,occluded | hrnet_w32,M-coordinate-graph_time-base,zero_response_error,degrees,5.8108295340231875,5.565160012226307,6.043321949781563,5.534631934465794,6.087027133580581,14,3,"descriptive crossed person/seed percentile bootstrap, 2000 draws, RNG731"
observation_by_extractor,occluded | hrnet_w32,M-coordinate-graph_time-base,response_failure_rate,fraction,0.010171406525573187,0.003637359457671956,0.01830922067901233,0.002858848882636697,0.01748396416850968,14,3,"descriptive crossed person/seed percentile bootstrap, 2000 draws, RNG731"
observation_by_extractor,occluded | hrnet_w32,M-coordinate-graph_time-base,response_failure_contribution,degrees,7.3234126984126995,2.61889880952381,13.182638888888889,2.058371195498422,12.588454201326973,14,3,"descriptive crossed person/seed percentile bootstrap, 2000 draws, RNG731"
observation_by_extractor,occluded | hrnet_w32,M-coordinate-graph_time-base,response_success_contribution,degrees,6.354601333203365,6.0040629668997685,6.691875025486549,5.97553143604725,6.733671230359478,14,3,"descriptive crossed person/seed percentile bootstrap, 2000 draws, RNG731"
observation_by_extractor,occluded | hrnet_w32,M-coordinate-graph_time-paired_change,A_error,degrees,17.748071646188933,14.115785976031594,21.753292322425047,14.956567729237452,20.539575563140406,14,3,"descriptive crossed person/seed percentile bootstrap, 2000 draws, RNG731"
observation_by_extractor,occluded | hrnet_w32,M-coordinate-graph_time-paired_change,waveform_error,degrees,24.10700292484369,22.47904474352765,26.240588030648123,22.028474158264316,26.185531691423073,14,3,"descriptive crossed person/seed percentile bootstrap, 2000 draws, RNG731"
observation_by_extractor,occluded | hrnet_w32,M-coordinate-graph_time-paired_change,synthetic_all_nle,dimensionless NLE,0.060493897721454956,0.057173771023668274,0.06413324077024105,0.056658534480170476,0.06432926096273944,14,3,"descriptive crossed person/seed percentile bootstrap, 2000 draws, RNG731"
observation_by_extractor,occluded | hrnet_w32,M-coordinate-graph_time-paired_change,assignment_failure_rate,fraction,0.46769158372953906,0.45436157470134003,0.48197325797272866,0.4566779946236309,0.47870517283544733,14,3,"descriptive crossed person/seed percentile bootstrap, 2000 draws, RNG731"
observation_by_extractor,occluded | hrnet_w32,M-coordinate-graph_time-paired_change,left_excursion_error,degrees,17.047843130513932,14.508027774368072,19.97790874637264,14.305989092270972,19.78969716875689,14,3,"descriptive crossed person/seed percentile bootstrap, 2000 draws, RNG731"
observation_by_extractor,occluded | hrnet_w32,M-coordinate-graph_time-paired_change,right_excursion_error,degrees,17.045231556548632,13.781831055937541,21.248145269896497,14.404104919348093,19.68635819374917,14,3,"descriptive crossed person/seed percentile bootstrap, 2000 draws, RNG731"
observation_by_extractor,occluded | hrnet_w32,M-coordinate-graph_time-paired_change,response_error,degrees,19.29540612405456,11.626255919148194,29.49767034508732,11.576088493970861,27.014723754138256,14,3,"descriptive crossed person/seed percentile bootstrap, 2000 draws, RNG731"
observation_by_extractor,occluded | hrnet_w32,M-coordinate-graph_time-paired_change,zero_response_error,degrees,5.8108295340231875,5.565160012226307,6.043321949781563,5.534631934465794,6.087027133580581,14,3,"descriptive crossed person/seed percentile bootstrap, 2000 draws, RNG731"
observation_by_extractor,occluded | hrnet_w32,M-coordinate-graph_time-paired_change,response_failure_rate,fraction,0.018292548500881828,0.00768849206349206,0.03240871638007051,0.007683305912013719,0.028901791089749936,14,3,"descriptive crossed person/seed percentile bootstrap, 2000 draws, RNG731"
observation_by_extractor,occluded | hrnet_w32,M-coordinate-graph_time-paired_change,response_failure_contribution,degrees,13.17063492063492,5.535714285714286,23.334275793650775,5.531980256649881,20.80928958461996,14,3,"descriptive crossed person/seed percentile bootstrap, 2000 draws, RNG731"
observation_by_extractor,occluded | hrnet_w32,M-coordinate-graph_time-paired_change,response_success_contribution,degrees,6.124771203419639,5.837341450424302,6.391695036261928,5.841810426883587,6.407731979955692,14,3,"descriptive crossed person/seed percentile bootstrap, 2000 draws, RNG731"
observation_by_extractor,occluded | hrnet_w32,M-paired_jepa-graph_time-base,A_error,degrees,14.735048014633842,12.434779780817507,17.53700746234259,12.25294654150452,17.21714948776317,14,3,"descriptive crossed person/seed percentile bootstrap, 2000 draws, RNG731"
observation_by_extractor,occluded | hrnet_w32,M-paired_jepa-graph_time-base,waveform_error,degrees,20.804427370989053,18.665511584626284,23.264576398068115,18.186372758704096,23.422481983274018,14,3,"descriptive crossed person/seed percentile bootstrap, 2000 draws, RNG731"
observation_by_extractor,occluded | hrnet_w32,M-paired_jepa-graph_time-base,synthetic_all_nle,dimensionless NLE,0.0669782602142398,0.06287998924710535,0.07185987962175953,0.06199647085549413,0.07196004957298545,14,3,"descriptive crossed person/seed percentile bootstrap, 2000 draws, RNG731"
observation_by_extractor,occluded | hrnet_w32,M-paired_jepa-graph_time-base,assignment_failure_rate,fraction,0.5197337435268847,0.4983748312564493,0.5352356797710648,0.49961641838159715,0.5398510686721721,14,3,"descriptive crossed person/seed percentile bootstrap, 2000 draws, RNG731"
observation_by_extractor,occluded | hrnet_w32,M-paired_jepa-graph_time-base,left_excursion_error,degrees,26.73386423928324,22.800766800913735,30.22621888363633,22.491602234612603,30.976126243953853,14,3,"descriptive crossed person/seed percentile bootstrap, 2000 draws, RNG731"
observation_by_extractor,occluded | hrnet_w32,M-paired_jepa-graph_time-base,right_excursion_error,degrees,25.199417648825925,21.325602860520817,28.7856148843304,21.032209413010115,29.366625884641735,14,3,"descriptive crossed person/seed percentile bootstrap, 2000 draws, RNG731"
observation_by_extractor,occluded | hrnet_w32,M-paired_jepa-graph_time-base,response_error,degrees,17.071858090773762,11.251515390224395,24.946620525960412,9.945880805240492,24.197835376307033,14,3,"descriptive crossed person/seed percentile bootstrap, 2000 draws, RNG731"
observation_by_extractor,occluded | hrnet_w32,M-paired_jepa-graph_time-base,zero_response_error,degrees,5.8108295340231875,5.565160012226307,6.043321949781563,5.534631934465794,6.087027133580581,14,3,"descriptive crossed person/seed percentile bootstrap, 2000 draws, RNG731"
observation_by_extractor,occluded | hrnet_w32,M-paired_jepa-graph_time-base,response_failure_rate,fraction,0.015029761904761898,0.00696828152557319,0.02591200947971779,0.0052452949705377675,0.02481422883898604,14,3,"descriptive crossed person/seed percentile bootstrap, 2000 draws, RNG731"
observation_by_extractor,occluded | hrnet_w32,M-paired_jepa-graph_time-base,response_failure_contribution,degrees,10.821428571428571,5.017162698412699,18.656646825396816,3.776612378787192,17.86624476406995,14,3,"descriptive crossed person/seed percentile bootstrap, 2000 draws, RNG731"
observation_by_extractor,occluded | hrnet_w32,M-paired_jepa-graph_time-base,response_success_contribution,degrees,6.25042951934519,5.960304034235563,6.52105108788147,5.961899603013544,6.538959435676837,14,3,"descriptive crossed person/seed percentile bootstrap, 2000 draws, RNG731"
observation_by_extractor,occluded | hrnet_w32,M-paired_jepa-graph_time-paired_change,A_error,degrees,18.901908063759556,12.205942958925169,27.522388934992073,16.17760267448935,21.626213453029763,14,3,"descriptive crossed person/seed percentile bootstrap, 2000 draws, RNG731"
observation_by_extractor,occluded | hrnet_w32,M-paired_jepa-graph_time-paired_change,waveform_error,degrees,24.594755778059774,22.95843557957139,26.76117769830202,22.403483720476338,26.78602783564321,14,3,"descriptive crossed person/seed percentile bootstrap, 2000 draws, RNG731"
observation_by_extractor,occluded | hrnet_w32,M-paired_jepa-graph_time-paired_change,synthetic_all_nle,dimensionless NLE,0.07491000070650085,0.07146025658783371,0.07867076989164495,0.07092463446739214,0.0788953669456095,14,3,"descriptive crossed person/seed percentile bootstrap, 2000 draws, RNG731"
observation_by_extractor,occluded | hrnet_w32,M-paired_jepa-graph_time-paired_change,assignment_failure_rate,fraction,0.5257525944339533,0.5116062774075634,0.5363541760610212,0.5119120624953164,0.5395931263725902,14,3,"descriptive crossed person/seed percentile bootstrap, 2000 draws, RNG731"
observation_by_extractor,occluded | hrnet_w32,M-paired_jepa-graph_time-paired_change,left_excursion_error,degrees,20.458183714878505,16.741634402402365,24.271128806477037,17.75090739811335,23.16546003164366,14,3,"descriptive crossed person/seed percentile bootstrap, 2000 draws, RNG731"
observation_by_extractor,occluded | hrnet_w32,M-paired_jepa-graph_time-paired_change,right_excursion_error,degrees,18.690156299004887,15.842346301174898,22.00952022115538,15.725559785102257,21.65475281290751,14,3,"descriptive crossed person/seed percentile bootstrap, 2000 draws, RNG731"
observation_by_extractor,occluded | hrnet_w32,M-paired_jepa-graph_time-paired_change,response_error,degrees,14.024161007904022,8.601791122274756,22.01859548151058,6.615233095309832,21.43308892049821,14,3,"descriptive crossed person/seed percentile bootstrap, 2000 draws, RNG731"
observation_by_extractor,occluded | hrnet_w32,M-paired_jepa-graph_time-paired_change,zero_response_error,degrees,5.8108295340231875,5.565160012226307,6.043321949781563,5.534631934465794,6.087027133580581,14,3,"descriptive crossed person/seed percentile bootstrap, 2000 draws, RNG731"
observation_by_extractor,occluded | hrnet_w32,M-paired_jepa-graph_time-paired_change,response_failure_rate,fraction,0.010978835978835973,0.0035407710537918866,0.02178261408730156,0.0008658597509461231,0.021091812206725832,14,3,"descriptive crossed person/seed percentile bootstrap, 2000 draws, RNG731"
observation_by_extractor,occluded | hrnet_w32,M-paired_jepa-graph_time-paired_change,response_failure_contribution,degrees,7.904761904761905,2.549355158730159,15.683482142857125,0.623419020681208,15.186104788842602,14,3,"descriptive crossed person/seed percentile bootstrap, 2000 draws, RNG731"
observation_by_extractor,occluded | hrnet_w32,M-paired_jepa-graph_time-paired_change,response_success_contribution,degrees,6.119399103142117,5.854292465752521,6.3827332644586,5.831758921042403,6.40703928524183,14,3,"descriptive crossed person/seed percentile bootstrap, 2000 draws, RNG731"
observation_by_extractor,occluded | hrnet_w32,P-direct-none-base,A_error,degrees,11.051988573072018,10.04808909266434,12.345492388239304,9.902016730409606,12.201960415734423,14,3,"descriptive crossed person/seed percentile bootstrap, 2000 draws, RNG731"
observation_by_extractor,occluded | hrnet_w32,P-direct-none-base,waveform_error,degrees,16.250081290153958,14.647484446231733,17.66749061958957,14.567486669989162,17.932675910318746,14,3,"descriptive crossed person/seed percentile bootstrap, 2000 draws, RNG731"
observation_by_extractor,occluded | hrnet_w32,P-direct-none-base,synthetic_all_nle,dimensionless NLE,0.03961604593240629,0.03688540599680313,0.04246771373982443,0.03638533286640637,0.04284675899840623,14,3,"descriptive crossed person/seed percentile bootstrap, 2000 draws, RNG731"
observation_by_extractor,occluded | hrnet_w32,P-direct-none-base,assignment_failure_rate,fraction,0.3518285455499753,0.309861110827871,0.3858418207970327,0.30718652005371944,0.3964705710462311,14,3,"descriptive crossed person/seed percentile bootstrap, 2000 draws, RNG731"
observation_by_extractor,occluded | hrnet_w32,P-direct-none-base,left_excursion_error,degrees,26.773324382047797,22.35410116531252,30.483287605561014,22.187738016913208,31.358910747182392,14,3,"descriptive crossed person/seed percentile bootstrap, 2000 draws, RNG731"
observation_by_extractor,occluded | hrnet_w32,P-direct-none-base,right_excursion_error,degrees,25.831227392598304,22.21565100611669,29.03265886511901,21.9721690408272,29.690285744369408,14,3,"descriptive crossed person/seed percentile bootstrap, 2000 draws, RNG731"
observation_by_extractor,occluded | hrnet_w32,P-direct-none-base,response_error,degrees,10.183848991949477,7.691822274652667,13.301655360950702,7.4588495239656165,12.908848459933333,14,3,"descriptive crossed person/seed percentile bootstrap, 2000 draws, RNG731"
observation_by_extractor,occluded | hrnet_w32,P-direct-none-base,zero_response_error,degrees,5.8108295340231875,5.565160012226307,6.043321949781563,5.534631934465794,6.087027133580581,14,3,"descriptive crossed person/seed percentile bootstrap, 2000 draws, RNG731"
observation_by_extractor,occluded | hrnet_w32,P-direct-none-base,response_failure_rate,fraction,0.005557392710170486,0.002170621141975307,0.009744543650793646,0.0018734034461199154,0.009241381974221058,14,3,"descriptive crossed person/seed percentile bootstrap, 2000 draws, RNG731"
observation_by_extractor,occluded | hrnet_w32,P-direct-none-base,response_failure_contribution,degrees,4.001322751322751,1.562847222222222,7.016071428571428,1.3488504812063389,6.653795021439164,14,3,"descriptive crossed person/seed percentile bootstrap, 2000 draws, RNG731"
observation_by_extractor,occluded | hrnet_w32,P-direct-none-base,response_success_contribution,degrees,6.182526240626725,5.8202036324571695,6.537141977999429,5.770822208115908,6.594230273137543,14,3,"descriptive crossed person/seed percentile bootstrap, 2000 draws, RNG731"
observation_by_extractor,occluded | hrnet_w32,P-direct-none-paired_change,A_error,degrees,17.246277520641026,14.041333191606087,20.62559497848269,14.486820781139736,20.005734260142315,14,3,"descriptive crossed person/seed percentile bootstrap, 2000 draws, RNG731"
observation_by_extractor,occluded | hrnet_w32,P-direct-none-paired_change,waveform_error,degrees,22.45608653759386,20.443472750249732,24.95401551766519,19.84461468828024,25.067558386907468,14,3,"descriptive crossed person/seed percentile bootstrap, 2000 draws, RNG731"
observation_by_extractor,occluded | hrnet_w32,P-direct-none-paired_change,synthetic_all_nle,dimensionless NLE,0.05832949518077563,0.054962877161868116,0.062165002799307936,0.05429754534947948,0.06236144501207177,14,3,"descriptive crossed person/seed percentile bootstrap, 2000 draws, RNG731"
observation_by_extractor,occluded | hrnet_w32,P-direct-none-paired_change,assignment_failure_rate,fraction,0.4508213956238979,0.4355556740450961,0.4657306121371742,0.43725245960263515,0.46439033164516064,14,3,"descriptive crossed person/seed percentile bootstrap, 2000 draws, RNG731"
observation_by_extractor,occluded | hrnet_w32,P-direct-none-paired_change,left_excursion_error,degrees,20.88686916709399,17.43879980349628,24.82696445183249,17.46123710924614,24.312501224941833,14,3,"descriptive crossed person/seed percentile bootstrap, 2000 draws, RNG731"
observation_by_extractor,occluded | hrnet_w32,P-direct-none-paired_change,right_excursion_error,degrees,23.164388906280326,19.483563532411594,27.03852720509112,19.371710091452275,26.95706772110837,14,3,"descriptive crossed person/seed percentile bootstrap, 2000 draws, RNG731"
observation_by_extractor,occluded | hrnet_w32,P-direct-none-paired_change,response_error,degrees,16.4855153781136,10.904238494468558,23.105898097484133,9.75451917368787,23.216511582539333,14,3,"descriptive crossed person/seed percentile bootstrap, 2000 draws, RNG731"
observation_by_extractor,occluded | hrnet_w32,P-direct-none-paired_change,zero_response_error,degrees,5.8108295340231875,5.565160012226307,6.043321949781563,5.534631934465794,6.087027133580581,14,3,"descriptive crossed person/seed percentile bootstrap, 2000 draws, RNG731"
observation_by_extractor,occluded | hrnet_w32,P-direct-none-paired_change,response_failure_rate,fraction,0.01420855379188712,0.006475901124338623,0.0234085648148148,0.004852265390925054,0.023564842192849184,14,3,"descriptive crossed person/seed percentile bootstrap, 2000 draws, RNG731"
observation_by_extractor,occluded | hrnet_w32,P-direct-none-paired_change,response_failure_contribution,degrees,10.230158730158731,4.66264880952381,16.854166666666664,3.49363108146604,16.96668637885142,14,3,"descriptive crossed person/seed percentile bootstrap, 2000 draws, RNG731"
observation_by_extractor,occluded | hrnet_w32,P-direct-none-paired_change,response_success_contribution,degrees,6.255356647954869,5.990888673198406,6.543764509846712,5.956208830190702,6.554504465719036,14,3,"descriptive crossed person/seed percentile bootstrap, 2000 draws, RNG731"
observation_by_extractor,occluded | rtmpose_m,F-response-coordinate_delta_v1-graph_time-base,A_error,degrees,11.890076340277338,10.443857405836631,13.63380195195689,10.212740707251532,13.567411973303143,14,3,"descriptive crossed person/seed percentile bootstrap, 2000 draws, RNG731"
observation_by_extractor,occluded | rtmpose_m,F-response-coordinate_delta_v1-graph_time-base,waveform_error,degrees,16.204020429303164,15.1467750897793,17.54264456090427,14.874994123296378,17.53304673530995,14,3,"descriptive crossed person/seed percentile bootstrap, 2000 draws, RNG731"
observation_by_extractor,occluded | rtmpose_m,F-response-coordinate_delta_v1-graph_time-base,synthetic_all_nle,dimensionless NLE,0.05623121450607861,0.05371570829783101,0.05927893400932056,0.05320250224504436,0.059259926767112864,14,3,"descriptive crossed person/seed percentile bootstrap, 2000 draws, RNG731"
observation_by_extractor,occluded | rtmpose_m,F-response-coordinate_delta_v1-graph_time-base,assignment_failure_rate,fraction,0.4651230016428639,0.450333688618963,0.48007712567531097,0.45224803323120566,0.47799797005452216,14,3,"descriptive crossed person/seed percentile bootstrap, 2000 draws, RNG731"
observation_by_extractor,occluded | rtmpose_m,F-response-coordinate_delta_v1-graph_time-base,left_excursion_error,degrees,28.734764442407965,25.382388864912443,32.018348453581375,25.00780986291452,32.46171902190141,14,3,"descriptive crossed person/seed percentile bootstrap, 2000 draws, RNG731"
observation_by_extractor,occluded | rtmpose_m,F-response-coordinate_delta_v1-graph_time-base,right_excursion_error,degrees,26.383985543880527,23.549732890302938,29.377965630109678,23.585843744860412,29.182127342900635,14,3,"descriptive crossed person/seed percentile bootstrap, 2000 draws, RNG731"
observation_by_extractor,occluded | rtmpose_m,F-response-coordinate_delta_v1-graph_time-base,response_error,degrees,8.353525120549515,6.377250808310863,12.022463473932211,5.39633083314231,11.31071940795672,14,3,"descriptive crossed person/seed percentile bootstrap, 2000 draws, RNG731"
observation_by_extractor,occluded | rtmpose_m,F-response-coordinate_delta_v1-graph_time-base,zero_response_error,degrees,5.8108295340231875,5.565160012226307,6.043321949781563,5.534631934465794,6.087027133580581,14,3,"descriptive crossed person/seed percentile bootstrap, 2000 draws, RNG731"
observation_by_extractor,occluded | rtmpose_m,F-response-coordinate_delta_v1-graph_time-base,response_failure_rate,fraction,0.003009259259259258,0.0003858024691358023,0.007970954585537909,-0.0009093326166059938,0.006927851135124509,14,3,"descriptive crossed person/seed percentile bootstrap, 2000 draws, RNG731"
observation_by_extractor,occluded | rtmpose_m,F-response-coordinate_delta_v1-graph_time-base,response_failure_contribution,degrees,2.1666666666666665,0.2777777777777778,5.739087301587296,-0.6547194839563151,4.988052817289648,14,3,"descriptive crossed person/seed percentile bootstrap, 2000 draws, RNG731"
observation_by_extractor,occluded | rtmpose_m,F-response-coordinate_delta_v1-graph_time-base,response_success_contribution,degrees,6.186858453882847,5.8901951320933,6.4639129943632385,5.8631544307970564,6.510562476968639,14,3,"descriptive crossed person/seed percentile bootstrap, 2000 draws, RNG731"
observation_by_extractor,occluded | rtmpose_m,F-response-coordinate_delta_v1-graph_time-paired_change,A_error,degrees,13.887742726582045,11.042295032756044,17.701647365800767,10.611463319830483,17.16402213333361,14,3,"descriptive crossed person/seed percentile bootstrap, 2000 draws, RNG731"
observation_by_extractor,occluded | rtmpose_m,F-response-coordinate_delta_v1-graph_time-paired_change,waveform_error,degrees,20.48328647308443,19.034993379149277,22.321823406093976,18.762384876279885,22.20418806988899,14,3,"descriptive crossed person/seed percentile bootstrap, 2000 draws, RNG731"
observation_by_extractor,occluded | rtmpose_m,F-response-coordinate_delta_v1-graph_time-paired_change,synthetic_all_nle,dimensionless NLE,0.06282036810067886,0.059985607880923414,0.06625592858578108,0.059500253332390035,0.06614048286896765,14,3,"descriptive crossed person/seed percentile bootstrap, 2000 draws, RNG731"
observation_by_extractor,occluded | rtmpose_m,F-response-coordinate_delta_v1-graph_time-paired_change,assignment_failure_rate,fraction,0.4951833664673706,0.47007405761906235,0.5126653489698036,0.4864038640155534,0.5039628689191878,14,3,"descriptive crossed person/seed percentile bootstrap, 2000 draws, RNG731"
observation_by_extractor,occluded | rtmpose_m,F-response-coordinate_delta_v1-graph_time-paired_change,left_excursion_error,degrees,15.791605985645084,13.392689980405137,18.188652285127453,13.28448221610416,18.298729755186013,14,3,"descriptive crossed person/seed percentile bootstrap, 2000 draws, RNG731"
observation_by_extractor,occluded | rtmpose_m,F-response-coordinate_delta_v1-graph_time-paired_change,right_excursion_error,degrees,20.367808638317523,15.451549437188017,25.17945203925872,16.48686302815879,24.248754248476256,14,3,"descriptive crossed person/seed percentile bootstrap, 2000 draws, RNG731"
observation_by_extractor,occluded | rtmpose_m,F-response-coordinate_delta_v1-graph_time-paired_change,response_error,degrees,11.72453972610155,7.080001292543381,18.356451650972467,5.692390690510208,17.756688761692896,14,3,"descriptive crossed person/seed percentile bootstrap, 2000 draws, RNG731"
observation_by_extractor,occluded | rtmpose_m,F-response-coordinate_delta_v1-graph_time-paired_change,zero_response_error,degrees,5.8108295340231875,5.565160012226307,6.043321949781563,5.534631934465794,6.087027133580581,14,3,"descriptive crossed person/seed percentile bootstrap, 2000 draws, RNG731"
observation_by_extractor,occluded | rtmpose_m,F-response-coordinate_delta_v1-graph_time-paired_change,response_failure_rate,fraction,0.007848324514991177,0.0014880952380952374,0.016964561287477944,-0.00030245432749157267,0.01599910335747393,14,3,"descriptive crossed person/seed percentile bootstrap, 2000 draws, RNG731"
observation_by_extractor,occluded | rtmpose_m,F-response-coordinate_delta_v1-graph_time-paired_change,response_failure_contribution,degrees,5.65079365079365,1.0714285714285714,12.214484126984125,-0.21776711579393293,11.519354417381235,14,3,"descriptive crossed person/seed percentile bootstrap, 2000 draws, RNG731"
observation_by_extractor,occluded | rtmpose_m,F-response-coordinate_delta_v1-graph_time-paired_change,response_success_contribution,degrees,6.073746075307899,5.802066725598644,6.340285653852769,5.772222240483327,6.375269910132474,14,3,"descriptive crossed person/seed percentile bootstrap, 2000 draws, RNG731"
observation_by_extractor,occluded | rtmpose_m,F-response-jepa_delta_v1-graph_time-base,A_error,degrees,11.951630570746554,10.673569898708102,13.293343209866288,10.667350241203183,13.235910900289928,14,3,"descriptive crossed person/seed percentile bootstrap, 2000 draws, RNG731"
observation_by_extractor,occluded | rtmpose_m,F-response-jepa_delta_v1-graph_time-base,waveform_error,degrees,17.309878051480702,16.28091500243804,18.544793523021745,16.066534871398968,18.553221231562436,14,3,"descriptive crossed person/seed percentile bootstrap, 2000 draws, RNG731"
observation_by_extractor,occluded | rtmpose_m,F-response-jepa_delta_v1-graph_time-base,synthetic_all_nle,dimensionless NLE,0.0648594377322898,0.06114976298381737,0.06954663436739952,0.06003972977862072,0.06967914568595888,14,3,"descriptive crossed person/seed percentile bootstrap, 2000 draws, RNG731"
observation_by_extractor,occluded | rtmpose_m,F-response-jepa_delta_v1-graph_time-base,assignment_failure_rate,fraction,0.516459286715329,0.4991239835473474,0.5316402331020265,0.49907610998244284,0.5338424634482151,14,3,"descriptive crossed person/seed percentile bootstrap, 2000 draws, RNG731"
observation_by_extractor,occluded | rtmpose_m,F-response-jepa_delta_v1-graph_time-base,left_excursion_error,degrees,24.409377296177144,20.786301400258747,27.759294983363635,20.468064786254914,28.35068980609936,14,3,"descriptive crossed person/seed percentile bootstrap, 2000 draws, RNG731"
observation_by_extractor,occluded | rtmpose_m,F-response-jepa_delta_v1-graph_time-base,right_excursion_error,degrees,23.656017429604606,20.180594747310767,26.81417791826014,19.892269344202994,27.419765515006233,14,3,"descriptive crossed person/seed percentile bootstrap, 2000 draws, RNG731"
observation_by_extractor,occluded | rtmpose_m,F-response-jepa_delta_v1-graph_time-base,response_error,degrees,7.62432115403419,6.212532065192956,9.731659460051379,6.0028131509828615,9.245829157085518,14,3,"descriptive crossed person/seed percentile bootstrap, 2000 draws, RNG731"
observation_by_extractor,occluded | rtmpose_m,F-response-jepa_delta_v1-graph_time-base,zero_response_error,degrees,5.8108295340231875,5.565160012226307,6.043321949781563,5.534631934465794,6.087027133580581,14,3,"descriptive crossed person/seed percentile bootstrap, 2000 draws, RNG731"
observation_by_extractor,occluded | rtmpose_m,F-response-jepa_delta_v1-graph_time-base,response_failure_rate,fraction,0.001862874779541445,0.0,0.004750881834215164,-0.00033653026264496397,0.004062279821727854,14,3,"descriptive crossed person/seed percentile bootstrap, 2000 draws, RNG731"
observation_by_extractor,occluded | rtmpose_m,F-response-jepa_delta_v1-graph_time-base,response_failure_contribution,degrees,1.3412698412698414,0.0,3.420634920634921,-0.24230178910437394,2.924841471644057,14,3,"descriptive crossed person/seed percentile bootstrap, 2000 draws, RNG731"
observation_by_extractor,occluded | rtmpose_m,F-response-jepa_delta_v1-graph_time-base,response_success_contribution,degrees,6.28305131276435,5.9337520868026665,6.64440763776278,5.882584001393657,6.683518624135041,14,3,"descriptive crossed person/seed percentile bootstrap, 2000 draws, RNG731"
observation_by_extractor,occluded | rtmpose_m,F-response-jepa_delta_v1-graph_time-paired_change,A_error,degrees,14.437084545879976,10.694694897998183,19.19111306099136,12.568512602696272,16.305656489063683,14,3,"descriptive crossed person/seed percentile bootstrap, 2000 draws, RNG731"
observation_by_extractor,occluded | rtmpose_m,F-response-jepa_delta_v1-graph_time-paired_change,waveform_error,degrees,21.09608280988125,19.872875466394248,22.510999329492158,19.932091638835537,22.26007398092696,14,3,"descriptive crossed person/seed percentile bootstrap, 2000 draws, RNG731"
observation_by_extractor,occluded | rtmpose_m,F-response-jepa_delta_v1-graph_time-paired_change,synthetic_all_nle,dimensionless NLE,0.07235916632752135,0.06924049939947141,0.07587480513532562,0.06856952218990234,0.07614881046514035,14,3,"descriptive crossed person/seed percentile bootstrap, 2000 draws, RNG731"
observation_by_extractor,occluded | rtmpose_m,F-response-jepa_delta_v1-graph_time-paired_change,assignment_failure_rate,fraction,0.5191377036076524,0.5066777600405805,0.5277265126279203,0.5105110604288052,0.5277643467864996,14,3,"descriptive crossed person/seed percentile bootstrap, 2000 draws, RNG731"
observation_by_extractor,occluded | rtmpose_m,F-response-jepa_delta_v1-graph_time-paired_change,left_excursion_error,degrees,16.44518603463267,13.810451120205926,19.689078662375767,13.3246282071197,19.56574386214565,14,3,"descriptive crossed person/seed percentile bootstrap, 2000 draws, RNG731"
observation_by_extractor,occluded | rtmpose_m,F-response-jepa_delta_v1-graph_time-paired_change,right_excursion_error,degrees,17.962159644884487,14.08571281962815,22.402818286574718,16.28051053812031,19.64380875164867,14,3,"descriptive crossed person/seed percentile bootstrap, 2000 draws, RNG731"
observation_by_extractor,occluded | rtmpose_m,F-response-jepa_delta_v1-graph_time-paired_change,response_error,degrees,8.715066781535358,7.004642779463514,10.63058576756037,7.0669784017740085,10.363155161296707,14,3,"descriptive crossed person/seed percentile bootstrap, 2000 draws, RNG731"
observation_by_extractor,occluded | rtmpose_m,F-response-jepa_delta_v1-graph_time-paired_change,zero_response_error,degrees,5.8108295340231875,5.565160012226307,6.043321949781563,5.534631934465794,6.087027133580581,14,3,"descriptive crossed person/seed percentile bootstrap, 2000 draws, RNG731"
observation_by_extractor,occluded | rtmpose_m,F-response-jepa_delta_v1-graph_time-paired_change,response_failure_rate,fraction,0.003604497354497353,0.001465773809523809,0.006161816578483243,0.0016365957376869751,0.005572398971307731,14,3,"descriptive crossed person/seed percentile bootstrap, 2000 draws, RNG731"
observation_by_extractor,occluded | rtmpose_m,F-response-jepa_delta_v1-graph_time-paired_change,response_failure_contribution,degrees,2.5952380952380953,1.0553571428571429,4.436507936507936,1.1783489311346225,4.012127259341568,14,3,"descriptive crossed person/seed percentile bootstrap, 2000 draws, RNG731"
observation_by_extractor,occluded | rtmpose_m,F-response-jepa_delta_v1-graph_time-paired_change,response_success_contribution,degrees,6.119828686297263,5.799855171131662,6.46956769097687,5.742030226304244,6.497627146290281,14,3,"descriptive crossed person/seed percentile bootstrap, 2000 draws, RNG731"
observation_by_extractor,occluded | rtmpose_m,F-response-jepa_endpoint_v1-graph_time-base,A_error,degrees,11.910240581490859,10.582444529729422,13.296777187021629,10.60085205720137,13.219629105780347,14,3,"descriptive crossed person/seed percentile bootstrap, 2000 draws, RNG731"
observation_by_extractor,occluded | rtmpose_m,F-response-jepa_endpoint_v1-graph_time-base,waveform_error,degrees,16.83064490652259,15.812569113569653,18.08864683433273,15.550637156629811,18.11065265641537,14,3,"descriptive crossed person/seed percentile bootstrap, 2000 draws, RNG731"
observation_by_extractor,occluded | rtmpose_m,F-response-jepa_endpoint_v1-graph_time-base,synthetic_all_nle,dimensionless NLE,0.06520067243419841,0.06147370525673301,0.07002267132410414,0.060213080366356767,0.07018826450204003,14,3,"descriptive crossed person/seed percentile bootstrap, 2000 draws, RNG731"
observation_by_extractor,occluded | rtmpose_m,F-response-jepa_endpoint_v1-graph_time-base,assignment_failure_rate,fraction,0.5213480569504869,0.5078422119296152,0.5323151299373716,0.5080727069342679,0.5346234069667057,14,3,"descriptive crossed person/seed percentile bootstrap, 2000 draws, RNG731"
observation_by_extractor,occluded | rtmpose_m,F-response-jepa_endpoint_v1-graph_time-base,left_excursion_error,degrees,26.348544305406335,21.88392909355667,30.474287424470514,21.72684534378122,30.97024326703145,14,3,"descriptive crossed person/seed percentile bootstrap, 2000 draws, RNG731"
observation_by_extractor,occluded | rtmpose_m,F-response-jepa_endpoint_v1-graph_time-base,right_excursion_error,degrees,27.042392018512412,23.6731885997359,30.079402407043332,23.493068933087404,30.5917151039374,14,3,"descriptive crossed person/seed percentile bootstrap, 2000 draws, RNG731"
observation_by_extractor,occluded | rtmpose_m,F-response-jepa_endpoint_v1-graph_time-base,response_error,degrees,7.813862589910305,6.308593903162239,10.094324728739858,5.733982471243915,9.893742708576696,14,3,"descriptive crossed person/seed percentile bootstrap, 2000 draws, RNG731"
observation_by_extractor,occluded | rtmpose_m,F-response-jepa_endpoint_v1-graph_time-base,zero_response_error,degrees,5.8108295340231875,5.565160012226307,6.043321949781563,5.534631934465794,6.087027133580581,14,3,"descriptive crossed person/seed percentile bootstrap, 2000 draws, RNG731"
observation_by_extractor,occluded | rtmpose_m,F-response-jepa_endpoint_v1-graph_time-base,response_failure_rate,fraction,0.0019951499118165774,0.0,0.0052254188712522,-0.0009231190420173107,0.004913418865650466,14,3,"descriptive crossed person/seed percentile bootstrap, 2000 draws, RNG731"
observation_by_extractor,occluded | rtmpose_m,F-response-jepa_endpoint_v1-graph_time-base,response_failure_contribution,degrees,1.4365079365079365,0.0,3.7623015873015846,-0.6646457102524641,3.5376615832683376,14,3,"descriptive crossed person/seed percentile bootstrap, 2000 draws, RNG731"
observation_by_extractor,occluded | rtmpose_m,F-response-jepa_endpoint_v1-graph_time-base,response_success_contribution,degrees,6.377354653402369,6.0235407758584705,6.727354181204328,5.975924409203251,6.778784897601487,14,3,"descriptive crossed person/seed percentile bootstrap, 2000 draws, RNG731"
observation_by_extractor,occluded | rtmpose_m,F-response-jepa_endpoint_v1-graph_time-paired_change,A_error,degrees,15.31999638677833,13.290465450501616,17.75082447971135,13.444561766045123,17.195431007511537,14,3,"descriptive crossed person/seed percentile bootstrap, 2000 draws, RNG731"
observation_by_extractor,occluded | rtmpose_m,F-response-jepa_endpoint_v1-graph_time-paired_change,waveform_error,degrees,21.7404046404861,20.17103229832902,23.688921087288094,20.416440711199506,23.064368569772682,14,3,"descriptive crossed person/seed percentile bootstrap, 2000 draws, RNG731"
observation_by_extractor,occluded | rtmpose_m,F-response-jepa_endpoint_v1-graph_time-paired_change,synthetic_all_nle,dimensionless NLE,0.07303713093063716,0.06975306071188604,0.07643347337019012,0.06953205080344578,0.0765422110578285,14,3,"descriptive crossed person/seed percentile bootstrap, 2000 draws, RNG731"
observation_by_extractor,occluded | rtmpose_m,F-response-jepa_endpoint_v1-graph_time-paired_change,assignment_failure_rate,fraction,0.5125765047738879,0.4964527653758516,0.5239547600137324,0.5003569392036248,0.5247960703441511,14,3,"descriptive crossed person/seed percentile bootstrap, 2000 draws, RNG731"
observation_by_extractor,occluded | rtmpose_m,F-response-jepa_endpoint_v1-graph_time-paired_change,left_excursion_error,degrees,17.983260812097935,14.375117034502567,21.4062012801081,16.089482272617065,19.877039351578798,14,3,"descriptive crossed person/seed percentile bootstrap, 2000 draws, RNG731"
observation_by_extractor,occluded | rtmpose_m,F-response-jepa_endpoint_v1-graph_time-paired_change,right_excursion_error,degrees,17.243831160802774,15.025982831095547,19.661367183670496,15.16793462004303,19.319727701562524,14,3,"descriptive crossed person/seed percentile bootstrap, 2000 draws, RNG731"
observation_by_extractor,occluded | rtmpose_m,F-response-jepa_endpoint_v1-graph_time-paired_change,response_error,degrees,10.53341787477661,7.210150830938752,14.994200958775112,6.283002602218147,14.78383314733507,14,3,"descriptive crossed person/seed percentile bootstrap, 2000 draws, RNG731"
observation_by_extractor,occluded | rtmpose_m,F-response-jepa_endpoint_v1-graph_time-paired_change,zero_response_error,degrees,5.8108295340231875,5.565160012226307,6.043321949781563,5.534631934465794,6.087027133580581,14,3,"descriptive crossed person/seed percentile bootstrap, 2000 draws, RNG731"
observation_by_extractor,occluded | rtmpose_m,F-response-jepa_endpoint_v1-graph_time-paired_change,response_failure_rate,fraction,0.00600749559082892,0.001410383597883597,0.012269069664902993,9.624407544009308e-05,0.01191874710621775,14,3,"descriptive crossed person/seed percentile bootstrap, 2000 draws, RNG731"
observation_by_extractor,occluded | rtmpose_m,F-response-jepa_endpoint_v1-graph_time-paired_change,response_failure_contribution,degrees,4.325396825396826,1.0154761904761904,8.833730158730157,0.06929573431686631,8.581497916476785,14,3,"descriptive crossed person/seed percentile bootstrap, 2000 draws, RNG731"
observation_by_extractor,occluded | rtmpose_m,F-response-jepa_endpoint_v1-graph_time-paired_change,response_success_contribution,degrees,6.208021049379785,5.86973357024141,6.565479937228468,5.812852136853288,6.603189961906284,14,3,"descriptive crossed person/seed percentile bootstrap, 2000 draws, RNG731"
observation_by_extractor,occluded | rtmpose_m,I-initialized-none-base,A_error,degrees,12.288417642797738,11.210947026400019,13.423807067188795,11.262029451058709,13.314805834536763,14,3,"descriptive crossed person/seed percentile bootstrap, 2000 draws, RNG731"
observation_by_extractor,occluded | rtmpose_m,I-initialized-none-base,waveform_error,degrees,17.61146739369469,16.658354668825606,18.784400206986454,16.376352862345485,18.846581925043886,14,3,"descriptive crossed person/seed percentile bootstrap, 2000 draws, RNG731"
observation_by_extractor,occluded | rtmpose_m,I-initialized-none-base,synthetic_all_nle,dimensionless NLE,0.07203230778973184,0.06791302509095358,0.07649340797485114,0.06722049124397515,0.07684412433548853,14,3,"descriptive crossed person/seed percentile bootstrap, 2000 draws, RNG731"
observation_by_extractor,occluded | rtmpose_m,I-initialized-none-base,assignment_failure_rate,fraction,0.5272893928311793,0.5196945775827198,0.5338048853942994,0.5201750203067911,0.5344037653555672,14,3,"descriptive crossed person/seed percentile bootstrap, 2000 draws, RNG731"
observation_by_extractor,occluded | rtmpose_m,I-initialized-none-base,left_excursion_error,degrees,27.215073152754798,22.602376676392996,31.26938628466584,22.30217200411976,32.127974301389834,14,3,"descriptive crossed person/seed percentile bootstrap, 2000 draws, RNG731"
observation_by_extractor,occluded | rtmpose_m,I-initialized-none-base,right_excursion_error,degrees,25.812047693614772,21.863452744209187,29.23646345206323,21.654703804003116,29.96939158322643,14,3,"descriptive crossed person/seed percentile bootstrap, 2000 draws, RNG731"
observation_by_extractor,occluded | rtmpose_m,I-initialized-none-base,response_error,degrees,7.901195418020277,6.652453636722594,9.932793824906929,6.303242086080658,9.499148749959891,14,3,"descriptive crossed person/seed percentile bootstrap, 2000 draws, RNG731"
observation_by_extractor,occluded | rtmpose_m,I-initialized-none-base,zero_response_error,degrees,5.8108295340231875,5.565160012226307,6.043321949781563,5.534631934465794,6.087027133580581,14,3,"descriptive crossed person/seed percentile bootstrap, 2000 draws, RNG731"
observation_by_extractor,occluded | rtmpose_m,I-initialized-none-base,response_failure_rate,fraction,0.0019290123456790116,0.0002204585537918868,0.004828042328042324,-0.00027712580711768717,0.004135150498475709,14,3,"descriptive crossed person/seed percentile bootstrap, 2000 draws, RNG731"
observation_by_extractor,occluded | rtmpose_m,I-initialized-none-base,response_failure_contribution,degrees,1.3888888888888888,0.15873015873015875,3.4761904761904763,-0.1995305811247341,2.977308358902512,14,3,"descriptive crossed person/seed percentile bootstrap, 2000 draws, RNG731"
observation_by_extractor,occluded | rtmpose_m,I-initialized-none-base,response_success_contribution,degrees,6.512306529131388,6.112458743682207,6.933295442456184,6.044630622858441,6.979982435404334,14,3,"descriptive crossed person/seed percentile bootstrap, 2000 draws, RNG731"
observation_by_extractor,occluded | rtmpose_m,I-initialized-none-paired_change,A_error,degrees,15.495524125818312,12.034288291775939,19.727176900829416,13.273445892209983,17.71760235942664,14,3,"descriptive crossed person/seed percentile bootstrap, 2000 draws, RNG731"
observation_by_extractor,occluded | rtmpose_m,I-initialized-none-paired_change,waveform_error,degrees,21.39005503530127,20.26892680185871,22.570619043495295,20.163848109870717,22.61626196073181,14,3,"descriptive crossed person/seed percentile bootstrap, 2000 draws, RNG731"
observation_by_extractor,occluded | rtmpose_m,I-initialized-none-paired_change,synthetic_all_nle,dimensionless NLE,0.07495254833815304,0.07261908408512209,0.07744572505133354,0.07218028870846203,0.07772480796784402,14,3,"descriptive crossed person/seed percentile bootstrap, 2000 draws, RNG731"
observation_by_extractor,occluded | rtmpose_m,I-initialized-none-paired_change,assignment_failure_rate,fraction,0.513852734158284,0.4981934142085041,0.5259914462188339,0.4986876233857354,0.5290178449308329,14,3,"descriptive crossed person/seed percentile bootstrap, 2000 draws, RNG731"
observation_by_extractor,occluded | rtmpose_m,I-initialized-none-paired_change,left_excursion_error,degrees,17.753254415292144,14.685084745930958,20.996311384425564,14.963262959324881,20.54324587125941,14,3,"descriptive crossed person/seed percentile bootstrap, 2000 draws, RNG731"
observation_by_extractor,occluded | rtmpose_m,I-initialized-none-paired_change,right_excursion_error,degrees,18.15456213654631,15.904530317375487,21.063465385825285,15.738079496419058,20.571044776673556,14,3,"descriptive crossed person/seed percentile bootstrap, 2000 draws, RNG731"
observation_by_extractor,occluded | rtmpose_m,I-initialized-none-paired_change,response_error,degrees,9.528675238843638,6.6048678447473135,13.36570400362405,5.989757783691553,13.067592693995719,14,3,"descriptive crossed person/seed percentile bootstrap, 2000 draws, RNG731"
observation_by_extractor,occluded | rtmpose_m,I-initialized-none-paired_change,zero_response_error,degrees,5.8108295340231875,5.565160012226307,6.043321949781563,5.534631934465794,6.087027133580581,14,3,"descriptive crossed person/seed percentile bootstrap, 2000 draws, RNG731"
observation_by_extractor,occluded | rtmpose_m,I-initialized-none-paired_change,response_failure_rate,fraction,0.004690255731922398,0.0007027116402116401,0.01000427138447971,-0.0001850123578319724,0.009565523821676768,14,3,"descriptive crossed person/seed percentile bootstrap, 2000 draws, RNG731"
observation_by_extractor,occluded | rtmpose_m,I-initialized-none-paired_change,response_failure_contribution,degrees,3.3769841269841274,0.5059523809523809,7.203075396825393,-0.13320889763901977,6.887177151607274,14,3,"descriptive crossed person/seed percentile bootstrap, 2000 draws, RNG731"
observation_by_extractor,occluded | rtmpose_m,I-initialized-none-paired_change,response_success_contribution,degrees,6.151691111859511,5.827975590972014,6.487281651150983,5.780929481061834,6.5224527426571886,14,3,"descriptive crossed person/seed percentile bootstrap, 2000 draws, RNG731"
observation_by_extractor,occluded | rtmpose_m,I-shuffled_jepa-graph_time-base,A_error,degrees,11.954738607765789,10.951974771855621,12.871802374184865,10.996461536939492,12.913015678592089,14,3,"descriptive crossed person/seed percentile bootstrap, 2000 draws, RNG731"
observation_by_extractor,occluded | rtmpose_m,I-shuffled_jepa-graph_time-base,waveform_error,degrees,17.019182373395406,15.948907258784153,18.21581436096852,15.84165341860016,18.196711328190652,14,3,"descriptive crossed person/seed percentile bootstrap, 2000 draws, RNG731"
observation_by_extractor,occluded | rtmpose_m,I-shuffled_jepa-graph_time-base,synthetic_all_nle,dimensionless NLE,0.070077614312085,0.06603357011124893,0.07444573497195597,0.06533128731396474,0.07482394131020524,14,3,"descriptive crossed person/seed percentile bootstrap, 2000 draws, RNG731"
observation_by_extractor,occluded | rtmpose_m,I-shuffled_jepa-graph_time-base,assignment_failure_rate,fraction,0.5208010546062836,0.510184207744597,0.529669691465997,0.5099445962903615,0.5316575129222056,14,3,"descriptive crossed person/seed percentile bootstrap, 2000 draws, RNG731"
observation_by_extractor,occluded | rtmpose_m,I-shuffled_jepa-graph_time-base,left_excursion_error,degrees,26.20619893479512,22.030598048637657,29.790493679126183,21.80226426195542,30.610133607634825,14,3,"descriptive crossed person/seed percentile bootstrap, 2000 draws, RNG731"
observation_by_extractor,occluded | rtmpose_m,I-shuffled_jepa-graph_time-base,right_excursion_error,degrees,24.679112128395087,21.137182927442772,28.118245420942877,20.858282492134716,28.499941764655457,14,3,"descriptive crossed person/seed percentile bootstrap, 2000 draws, RNG731"
observation_by_extractor,occluded | rtmpose_m,I-shuffled_jepa-graph_time-base,response_error,degrees,7.377392625795165,6.530344511393147,8.418930890964408,6.461451313513511,8.29333393807682,14,3,"descriptive crossed person/seed percentile bootstrap, 2000 draws, RNG731"
observation_by_extractor,occluded | rtmpose_m,I-shuffled_jepa-graph_time-base,zero_response_error,degrees,5.8108295340231875,5.565160012226307,6.043321949781563,5.534631934465794,6.087027133580581,14,3,"descriptive crossed person/seed percentile bootstrap, 2000 draws, RNG731"
observation_by_extractor,occluded | rtmpose_m,I-shuffled_jepa-graph_time-base,response_failure_rate,fraction,0.001308972663139329,0.0002755731922398588,0.002645709325396823,0.00014333535283174697,0.002474609973446911,14,3,"descriptive crossed person/seed percentile bootstrap, 2000 draws, RNG731"
observation_by_extractor,occluded | rtmpose_m,I-shuffled_jepa-graph_time-base,response_failure_contribution,degrees,0.9424603174603176,0.19841269841269843,1.9049107142857133,0.10320145403885794,1.781719180881777,14,3,"descriptive crossed person/seed percentile bootstrap, 2000 draws, RNG731"
observation_by_extractor,occluded | rtmpose_m,I-shuffled_jepa-graph_time-base,response_success_contribution,degrees,6.434932308334846,6.057595215859254,6.8022989586061415,6.016174039436549,6.853690577233144,14,3,"descriptive crossed person/seed percentile bootstrap, 2000 draws, RNG731"
observation_by_extractor,occluded | rtmpose_m,I-shuffled_jepa-graph_time-paired_change,A_error,degrees,12.966605487336247,10.436390667491727,15.558487735645494,11.230388789918438,14.702822184754064,14,3,"descriptive crossed person/seed percentile bootstrap, 2000 draws, RNG731"
observation_by_extractor,occluded | rtmpose_m,I-shuffled_jepa-graph_time-paired_change,waveform_error,degrees,21.15347608905449,19.99765497817532,22.60268823567919,20.024357393672673,22.282594784436306,14,3,"descriptive crossed person/seed percentile bootstrap, 2000 draws, RNG731"
observation_by_extractor,occluded | rtmpose_m,I-shuffled_jepa-graph_time-paired_change,synthetic_all_nle,dimensionless NLE,0.07511154600400068,0.07276598077236138,0.07759756598367554,0.07233049121549455,0.0778926007925068,14,3,"descriptive crossed person/seed percentile bootstrap, 2000 draws, RNG731"
observation_by_extractor,occluded | rtmpose_m,I-shuffled_jepa-graph_time-paired_change,assignment_failure_rate,fraction,0.5118883433649264,0.49703708030540866,0.5228784321673748,0.49727587549962643,0.5265008112302263,14,3,"descriptive crossed person/seed percentile bootstrap, 2000 draws, RNG731"
observation_by_extractor,occluded | rtmpose_m,I-shuffled_jepa-graph_time-paired_change,left_excursion_error,degrees,16.78886994292927,13.865645668143229,19.54069805602457,14.872863322511456,18.704876563347092,14,3,"descriptive crossed person/seed percentile bootstrap, 2000 draws, RNG731"
observation_by_extractor,occluded | rtmpose_m,I-shuffled_jepa-graph_time-paired_change,right_excursion_error,degrees,17.39065135648598,15.36449635103913,19.501653443299816,15.71770904165684,19.063593671315115,14,3,"descriptive crossed person/seed percentile bootstrap, 2000 draws, RNG731"
observation_by_extractor,occluded | rtmpose_m,I-shuffled_jepa-graph_time-paired_change,response_error,degrees,10.803685691843256,7.2073446337918545,15.696978790321614,8.13447338382086,13.472897999865657,14,3,"descriptive crossed person/seed percentile bootstrap, 2000 draws, RNG731"
observation_by_extractor,occluded | rtmpose_m,I-shuffled_jepa-graph_time-paired_change,zero_response_error,degrees,5.8108295340231875,5.565160012226307,6.043321949781563,5.534631934465794,6.087027133580581,14,3,"descriptive crossed person/seed percentile bootstrap, 2000 draws, RNG731"
observation_by_extractor,occluded | rtmpose_m,I-shuffled_jepa-graph_time-paired_change,response_failure_rate,fraction,0.006448412698412696,0.0014872685185185171,0.013470568783068779,0.002748636384842989,0.010148189011982405,14,3,"descriptive crossed person/seed percentile bootstrap, 2000 draws, RNG731"
observation_by_extractor,occluded | rtmpose_m,I-shuffled_jepa-graph_time-paired_change,response_failure_contribution,degrees,4.642857142857143,1.0708333333333333,9.69880952380952,1.9790181970869516,7.306696088627335,14,3,"descriptive crossed person/seed percentile bootstrap, 2000 draws, RNG731"
observation_by_extractor,occluded | rtmpose_m,I-shuffled_jepa-graph_time-paired_change,response_success_contribution,degrees,6.160828548986116,5.8499362543685685,6.483500749668202,5.804000629470901,6.517656468501329,14,3,"descriptive crossed person/seed percentile bootstrap, 2000 draws, RNG731"
observation_by_extractor,occluded | rtmpose_m,M-coordinate-graph_time-base,A_error,degrees,11.659790135580314,10.105580850771416,13.338856326526141,10.15665057680152,13.162929694359116,14,3,"descriptive crossed person/seed percentile bootstrap, 2000 draws, RNG731"
observation_by_extractor,occluded | rtmpose_m,M-coordinate-graph_time-base,waveform_error,degrees,15.987921394010206,14.955031653007351,17.159864398291834,14.727970442144038,17.247872345876374,14,3,"descriptive crossed person/seed percentile bootstrap, 2000 draws, RNG731"
observation_by_extractor,occluded | rtmpose_m,M-coordinate-graph_time-base,synthetic_all_nle,dimensionless NLE,0.05041889443513829,0.04809111005322768,0.05318435411208079,0.04748978556977879,0.053348003300497805,14,3,"descriptive crossed person/seed percentile bootstrap, 2000 draws, RNG731"
observation_by_extractor,occluded | rtmpose_m,M-coordinate-graph_time-base,assignment_failure_rate,fraction,0.42350144868878914,0.40687797481693333,0.4398701227857503,0.4100010901370875,0.43700180724049065,14,3,"descriptive crossed person/seed percentile bootstrap, 2000 draws, RNG731"
observation_by_extractor,occluded | rtmpose_m,M-coordinate-graph_time-base,left_excursion_error,degrees,28.786860927497287,24.700272172110203,32.47419147404596,24.42271160599521,33.15101024899936,14,3,"descriptive crossed person/seed percentile bootstrap, 2000 draws, RNG731"
observation_by_extractor,occluded | rtmpose_m,M-coordinate-graph_time-base,right_excursion_error,degrees,26.837879947692006,23.3901224842975,30.030260808965608,23.259635335881246,30.416124559502773,14,3,"descriptive crossed person/seed percentile bootstrap, 2000 draws, RNG731"
observation_by_extractor,occluded | rtmpose_m,M-coordinate-graph_time-base,response_error,degrees,8.03629500538129,6.190224488597249,10.983279317676828,5.204499583115531,10.86809042764705,14,3,"descriptive crossed person/seed percentile bootstrap, 2000 draws, RNG731"
observation_by_extractor,occluded | rtmpose_m,M-coordinate-graph_time-base,zero_response_error,degrees,5.8108295340231875,5.565160012226307,6.043321949781563,5.534631934465794,6.087027133580581,14,3,"descriptive crossed person/seed percentile bootstrap, 2000 draws, RNG731"
observation_by_extractor,occluded | rtmpose_m,M-coordinate-graph_time-base,response_failure_rate,fraction,0.0025352733686067005,5.51146384479717e-05,0.006449790564373888,-0.0013068236497331231,0.006377370386946525,14,3,"descriptive crossed person/seed percentile bootstrap, 2000 draws, RNG731"
observation_by_extractor,occluded | rtmpose_m,M-coordinate-graph_time-base,response_failure_contribution,degrees,1.8253968253968251,0.03968253968253969,4.643849206349201,-0.9409130278078488,4.5917066786015,14,3,"descriptive crossed person/seed percentile bootstrap, 2000 draws, RNG731"
observation_by_extractor,occluded | rtmpose_m,M-coordinate-graph_time-base,response_success_contribution,degrees,6.210898179984463,5.911773644035893,6.474325050948219,5.8918775428307235,6.5299188171382045,14,3,"descriptive crossed person/seed percentile bootstrap, 2000 draws, RNG731"
observation_by_extractor,occluded | rtmpose_m,M-coordinate-graph_time-paired_change,A_error,degrees,13.99850351726036,10.686682856155603,17.286773004858777,12.291379244372155,15.705627790148561,14,3,"descriptive crossed person/seed percentile bootstrap, 2000 draws, RNG731"
observation_by_extractor,occluded | rtmpose_m,M-coordinate-graph_time-paired_change,waveform_error,degrees,20.88994168516386,19.851007133266922,22.091079441443238,19.740301812615805,22.039581557711905,14,3,"descriptive crossed person/seed percentile bootstrap, 2000 draws, RNG731"
observation_by_extractor,occluded | rtmpose_m,M-coordinate-graph_time-paired_change,synthetic_all_nle,dimensionless NLE,0.057294477807826656,0.05441328605523815,0.06055650823499535,0.05387054272482143,0.060718412890831894,14,3,"descriptive crossed person/seed percentile bootstrap, 2000 draws, RNG731"
observation_by_extractor,occluded | rtmpose_m,M-coordinate-graph_time-paired_change,assignment_failure_rate,fraction,0.4649854234682716,0.45237048463419405,0.47912819797900513,0.4554918699127351,0.4744789770238081,14,3,"descriptive crossed person/seed percentile bootstrap, 2000 draws, RNG731"
observation_by_extractor,occluded | rtmpose_m,M-coordinate-graph_time-paired_change,left_excursion_error,degrees,13.411649748249669,11.423062467022277,15.561448918670697,11.905738991531209,14.91756050496813,14,3,"descriptive crossed person/seed percentile bootstrap, 2000 draws, RNG731"
observation_by_extractor,occluded | rtmpose_m,M-coordinate-graph_time-paired_change,right_excursion_error,degrees,13.07955316821988,9.90777054843233,16.84114263974445,10.983769356763968,15.175336979675798,14,3,"descriptive crossed person/seed percentile bootstrap, 2000 draws, RNG731"
observation_by_extractor,occluded | rtmpose_m,M-coordinate-graph_time-paired_change,response_error,degrees,8.17367957139949,6.347722763988513,10.869565734049354,6.3427441274519625,10.004615015347012,14,3,"descriptive crossed person/seed percentile bootstrap, 2000 draws, RNG731"
observation_by_extractor,occluded | rtmpose_m,M-coordinate-graph_time-paired_change,zero_response_error,degrees,5.8108295340231875,5.565160012226307,6.043321949781563,5.534631934465794,6.087027133580581,14,3,"descriptive crossed person/seed percentile bootstrap, 2000 draws, RNG731"
observation_by_extractor,occluded | rtmpose_m,M-coordinate-graph_time-paired_change,response_failure_rate,fraction,0.0029872134038800686,0.0004960317460317458,0.0067022156084656035,0.0005441435857499672,0.005430283222010172,14,3,"descriptive crossed person/seed percentile bootstrap, 2000 draws, RNG731"
observation_by_extractor,occluded | rtmpose_m,M-coordinate-graph_time-paired_change,response_failure_contribution,degrees,2.1507936507936507,0.35714285714285715,4.825595238095237,0.3917833817399772,3.909803919847325,14,3,"descriptive crossed person/seed percentile bootstrap, 2000 draws, RNG731"
observation_by_extractor,occluded | rtmpose_m,M-coordinate-graph_time-paired_change,response_success_contribution,degrees,6.022885920605838,5.738924132899219,6.2984847732761695,5.705302257425815,6.340469583785861,14,3,"descriptive crossed person/seed percentile bootstrap, 2000 draws, RNG731"
observation_by_extractor,occluded | rtmpose_m,M-paired_jepa-graph_time-base,A_error,degrees,11.648736124768709,10.468731527825291,12.92858438717717,10.6524912795053,12.644980970032114,14,3,"descriptive crossed person/seed percentile bootstrap, 2000 draws, RNG731"
observation_by_extractor,occluded | rtmpose_m,M-paired_jepa-graph_time-base,waveform_error,degrees,17.363338350665792,16.338949243161633,18.62275282413895,16.141864568838972,18.584812132492612,14,3,"descriptive crossed person/seed percentile bootstrap, 2000 draws, RNG731"
observation_by_extractor,occluded | rtmpose_m,M-paired_jepa-graph_time-base,synthetic_all_nle,dimensionless NLE,0.06450904759331286,0.060857576942605324,0.06927569580681765,0.05966215043767592,0.0693559447489498,14,3,"descriptive crossed person/seed percentile bootstrap, 2000 draws, RNG731"
observation_by_extractor,occluded | rtmpose_m,M-paired_jepa-graph_time-base,assignment_failure_rate,fraction,0.5153578629604241,0.497068438167851,0.5304027491420049,0.4975453889378418,0.5331703369830064,14,3,"descriptive crossed person/seed percentile bootstrap, 2000 draws, RNG731"
observation_by_extractor,occluded | rtmpose_m,M-paired_jepa-graph_time-base,left_excursion_error,degrees,24.126425469571608,20.426672900867892,27.500458621319137,20.304223466092257,27.94862747305096,14,3,"descriptive crossed person/seed percentile bootstrap, 2000 draws, RNG731"
observation_by_extractor,occluded | rtmpose_m,M-paired_jepa-graph_time-base,right_excursion_error,degrees,23.243721420261533,19.706280997775117,26.42613904291031,19.424594467013794,27.062848373509265,14,3,"descriptive crossed person/seed percentile bootstrap, 2000 draws, RNG731"
observation_by_extractor,occluded | rtmpose_m,M-paired_jepa-graph_time-base,response_error,degrees,7.090784608835817,6.181114633492799,8.346679154662874,6.022888995892371,8.158680221779266,14,3,"descriptive crossed person/seed percentile bootstrap, 2000 draws, RNG731"
observation_by_extractor,occluded | rtmpose_m,M-paired_jepa-graph_time-base,zero_response_error,degrees,5.8108295340231875,5.565160012226307,6.043321949781563,5.534631934465794,6.087027133580581,14,3,"descriptive crossed person/seed percentile bootstrap, 2000 draws, RNG731"
observation_by_extractor,occluded | rtmpose_m,M-paired_jepa-graph_time-base,response_failure_rate,fraction,0.001127094356261022,0.0,0.002951457782186947,-0.0002543276096000557,0.0025085163221221,14,3,"descriptive crossed person/seed percentile bootstrap, 2000 draws, RNG731"
observation_by_extractor,occluded | rtmpose_m,M-paired_jepa-graph_time-base,response_failure_contribution,degrees,0.8115079365079365,0.0,2.125049603174603,-0.1831158789120403,1.8061317519279134,14,3,"descriptive crossed person/seed percentile bootstrap, 2000 draws, RNG731"
observation_by_extractor,occluded | rtmpose_m,M-paired_jepa-graph_time-base,response_success_contribution,degrees,6.27927667232788,5.934982488086283,6.635796413418321,5.890164610509025,6.6683887341467365,14,3,"descriptive crossed person/seed percentile bootstrap, 2000 draws, RNG731"
observation_by_extractor,occluded | rtmpose_m,M-paired_jepa-graph_time-paired_change,A_error,degrees,17.533611941210427,10.939786862356636,27.096847096135875,15.873373023845357,19.193850858575498,14,3,"descriptive crossed person/seed percentile bootstrap, 2000 draws, RNG731"
observation_by_extractor,occluded | rtmpose_m,M-paired_jepa-graph_time-paired_change,waveform_error,degrees,21.636841998472757,20.303039842606722,23.016550850934646,20.448497502905465,22.82518649404005,14,3,"descriptive crossed person/seed percentile bootstrap, 2000 draws, RNG731"
observation_by_extractor,occluded | rtmpose_m,M-paired_jepa-graph_time-paired_change,synthetic_all_nle,dimensionless NLE,0.07239378208710619,0.06923822335156936,0.07592301709999624,0.06868492877857797,0.07610263539563443,14,3,"descriptive crossed person/seed percentile bootstrap, 2000 draws, RNG731"
observation_by_extractor,occluded | rtmpose_m,M-paired_jepa-graph_time-paired_change,assignment_failure_rate,fraction,0.5132003631088365,0.4985251047568319,0.5243573655111062,0.5011094316843442,0.5252912945333287,14,3,"descriptive crossed person/seed percentile bootstrap, 2000 draws, RNG731"
observation_by_extractor,occluded | rtmpose_m,M-paired_jepa-graph_time-paired_change,left_excursion_error,degrees,17.866278074080107,14.560411024018626,20.88928475225821,16.447071060468826,19.285485087691395,14,3,"descriptive crossed person/seed percentile bootstrap, 2000 draws, RNG731"
observation_by_extractor,occluded | rtmpose_m,M-paired_jepa-graph_time-paired_change,right_excursion_error,degrees,15.930823293261577,13.888605834163275,18.16438554424598,13.996450150056873,17.86519643646628,14,3,"descriptive crossed person/seed percentile bootstrap, 2000 draws, RNG731"
observation_by_extractor,occluded | rtmpose_m,M-paired_jepa-graph_time-paired_change,response_error,degrees,9.658779999836803,7.256672102483458,13.179478164970607,7.418169599288211,11.899390400385391,14,3,"descriptive crossed person/seed percentile bootstrap, 2000 draws, RNG731"
observation_by_extractor,occluded | rtmpose_m,M-paired_jepa-graph_time-paired_change,zero_response_error,degrees,5.8108295340231875,5.565160012226307,6.043321949781563,5.534631934465794,6.087027133580581,14,3,"descriptive crossed person/seed percentile bootstrap, 2000 draws, RNG731"
observation_by_extractor,occluded | rtmpose_m,M-paired_jepa-graph_time-paired_change,response_failure_rate,fraction,0.004924492945326276,0.0016945684523809507,0.009777612433862427,0.0020298603626132607,0.007819125528039293,14,3,"descriptive crossed person/seed percentile bootstrap, 2000 draws, RNG731"
observation_by_extractor,occluded | rtmpose_m,M-paired_jepa-graph_time-paired_change,response_failure_contribution,degrees,3.545634920634921,1.2200892857142858,7.039880952380952,1.461499461081548,5.629770380188292,14,3,"descriptive crossed person/seed percentile bootstrap, 2000 draws, RNG731"
observation_by_extractor,occluded | rtmpose_m,M-paired_jepa-graph_time-paired_change,response_success_contribution,degrees,6.113145079201882,5.784680237279837,6.457165539652929,5.741297892534377,6.484992265869384,14,3,"descriptive crossed person/seed percentile bootstrap, 2000 draws, RNG731"
observation_by_extractor,occluded | rtmpose_m,P-direct-none-base,A_error,degrees,9.513335210785236,8.713628335164945,10.331196804589554,8.619327522981935,10.40734289858854,14,3,"descriptive crossed person/seed percentile bootstrap, 2000 draws, RNG731"
observation_by_extractor,occluded | rtmpose_m,P-direct-none-base,waveform_error,degrees,14.661107611375732,13.49308693208947,15.723991838452772,13.383258333856892,15.938956888894564,14,3,"descriptive crossed person/seed percentile bootstrap, 2000 draws, RNG731"
observation_by_extractor,occluded | rtmpose_m,P-direct-none-base,synthetic_all_nle,dimensionless NLE,0.03727640112557034,0.03514840311872655,0.03936806300364561,0.034847840906607905,0.03970496134453276,14,3,"descriptive crossed person/seed percentile bootstrap, 2000 draws, RNG731"
observation_by_extractor,occluded | rtmpose_m,P-direct-none-base,assignment_failure_rate,fraction,0.3310887743363501,0.2919270802257843,0.36275917702206567,0.2897522133708308,0.3724253353018694,14,3,"descriptive crossed person/seed percentile bootstrap, 2000 draws, RNG731"
observation_by_extractor,occluded | rtmpose_m,P-direct-none-base,left_excursion_error,degrees,30.052885119786836,25.253441668496716,34.21135236016358,24.955117671642768,35.1506525679309,14,3,"descriptive crossed person/seed percentile bootstrap, 2000 draws, RNG731"
observation_by_extractor,occluded | rtmpose_m,P-direct-none-base,right_excursion_error,degrees,28.77370601007257,24.472288906144993,32.488889148483636,24.27133184216688,33.27608017797826,14,3,"descriptive crossed person/seed percentile bootstrap, 2000 draws, RNG731"
observation_by_extractor,occluded | rtmpose_m,P-direct-none-base,response_error,degrees,6.366976487531263,5.768948559990698,7.300419362859525,5.565524528019515,7.168428447043012,14,3,"descriptive crossed person/seed percentile bootstrap, 2000 draws, RNG731"
observation_by_extractor,occluded | rtmpose_m,P-direct-none-base,zero_response_error,degrees,5.8108295340231875,5.565160012226307,6.043321949781563,5.534631934465794,6.087027133580581,14,3,"descriptive crossed person/seed percentile bootstrap, 2000 draws, RNG731"
observation_by_extractor,occluded | rtmpose_m,P-direct-none-base,response_failure_rate,fraction,0.0004409171075837739,0.0,0.0014880952380952371,-0.0002945512500100515,0.0011763854651775994,14,3,"descriptive crossed person/seed percentile bootstrap, 2000 draws, RNG731"
observation_by_extractor,occluded | rtmpose_m,P-direct-none-base,response_failure_contribution,degrees,0.3174603174603175,0.0,1.0714285714285714,-0.2120769000072374,0.8469975349278724,14,3,"descriptive crossed person/seed percentile bootstrap, 2000 draws, RNG731"
observation_by_extractor,occluded | rtmpose_m,P-direct-none-base,response_success_contribution,degrees,6.049516170070946,5.709210073191328,6.371595863308971,5.662823558084507,6.436208782057386,14,3,"descriptive crossed person/seed percentile bootstrap, 2000 draws, RNG731"
observation_by_extractor,occluded | rtmpose_m,P-direct-none-paired_change,A_error,degrees,14.172318363293417,11.879290402362155,16.371094165137226,12.841679290496025,15.502957436090806,14,3,"descriptive crossed person/seed percentile bootstrap, 2000 draws, RNG731"
observation_by_extractor,occluded | rtmpose_m,P-direct-none-paired_change,waveform_error,degrees,19.320666699369184,18.065039810192797,20.703237495250967,17.812977703350192,20.828355695388176,14,3,"descriptive crossed person/seed percentile bootstrap, 2000 draws, RNG731"
observation_by_extractor,occluded | rtmpose_m,P-direct-none-paired_change,synthetic_all_nle,dimensionless NLE,0.05487238686583847,0.05218589308825704,0.058056788068061034,0.05145291593133476,0.058291857800342184,14,3,"descriptive crossed person/seed percentile bootstrap, 2000 draws, RNG731"
observation_by_extractor,occluded | rtmpose_m,P-direct-none-paired_change,assignment_failure_rate,fraction,0.44421449822894193,0.432274199973732,0.4556053626042313,0.4332614076248666,0.45516758883301695,14,3,"descriptive crossed person/seed percentile bootstrap, 2000 draws, RNG731"
observation_by_extractor,occluded | rtmpose_m,P-direct-none-paired_change,left_excursion_error,degrees,18.283071097690964,15.270945187527808,21.709585023925953,15.360609386002393,21.205532809379537,14,3,"descriptive crossed person/seed percentile bootstrap, 2000 draws, RNG731"
observation_by_extractor,occluded | rtmpose_m,P-direct-none-paired_change,right_excursion_error,degrees,20.97347300880317,17.687857916456736,24.692016684486088,17.706815073579552,24.240130944026777,14,3,"descriptive crossed person/seed percentile bootstrap, 2000 draws, RNG731"
observation_by_extractor,occluded | rtmpose_m,P-direct-none-paired_change,response_error,degrees,9.062475414260446,6.8080330640954,12.125949881298963,6.5314186953103235,11.593532133210568,14,3,"descriptive crossed person/seed percentile bootstrap, 2000 draws, RNG731"
observation_by_extractor,occluded | rtmpose_m,P-direct-none-paired_change,zero_response_error,degrees,5.8108295340231875,5.565160012226307,6.043321949781563,5.534631934465794,6.087027133580581,14,3,"descriptive crossed person/seed percentile bootstrap, 2000 draws, RNG731"
observation_by_extractor,occluded | rtmpose_m,P-direct-none-paired_change,response_failure_rate,fraction,0.004144620811287476,0.0011656746031746023,0.0083500744047619,0.000758038324312032,0.007531203298262921,14,3,"descriptive crossed person/seed percentile bootstrap, 2000 draws, RNG731"
observation_by_extractor,occluded | rtmpose_m,P-direct-none-paired_change,response_failure_contribution,degrees,2.984126984126984,0.8392857142857143,6.012053571428571,0.5457875935046634,5.422466374749305,14,3,"descriptive crossed person/seed percentile bootstrap, 2000 draws, RNG731"
observation_by_extractor,occluded | rtmpose_m,P-direct-none-paired_change,response_success_contribution,degrees,6.078348430133461,5.771751818259774,6.3933910727063745,5.732680918132756,6.424015942134167,14,3,"descriptive crossed person/seed percentile bootstrap, 2000 draws, RNG731"
observation_by_extractor,occluded | vitpose_base,F-response-coordinate_delta_v1-graph_time-base,A_error,degrees,17.042472463259646,13.950934009392263,21.010668259944474,12.939818607913155,21.14512631860614,14,3,"descriptive crossed person/seed percentile bootstrap, 2000 draws, RNG731"
observation_by_extractor,occluded | vitpose_base,F-response-coordinate_delta_v1-graph_time-base,waveform_error,degrees,20.278975511147387,17.810923375365316,23.340494096736897,17.16360107832057,23.39434994397421,14,3,"descriptive crossed person/seed percentile bootstrap, 2000 draws, RNG731"
observation_by_extractor,occluded | vitpose_base,F-response-coordinate_delta_v1-graph_time-base,synthetic_all_nle,dimensionless NLE,0.062166586074250386,0.05837467869774371,0.06618578700462456,0.05788169978031203,0.06645147236818871,14,3,"descriptive crossed person/seed percentile bootstrap, 2000 draws, RNG731"
observation_by_extractor,occluded | vitpose_base,F-response-coordinate_delta_v1-graph_time-base,assignment_failure_rate,fraction,0.46073625073855984,0.4439840409542627,0.4775876206209919,0.4449025638631071,0.4765699376140127,14,3,"descriptive crossed person/seed percentile bootstrap, 2000 draws, RNG731"
observation_by_extractor,occluded | vitpose_base,F-response-coordinate_delta_v1-graph_time-base,left_excursion_error,degrees,29.490113017675245,25.667693978862616,33.34434641381426,25.241189332153837,33.739036703196646,14,3,"descriptive crossed person/seed percentile bootstrap, 2000 draws, RNG731"
observation_by_extractor,occluded | vitpose_base,F-response-coordinate_delta_v1-graph_time-base,right_excursion_error,degrees,27.495947463560107,24.12117543770596,31.267826112611953,23.823237840978702,31.168657086141504,14,3,"descriptive crossed person/seed percentile bootstrap, 2000 draws, RNG731"
observation_by_extractor,occluded | vitpose_base,F-response-coordinate_delta_v1-graph_time-base,response_error,degrees,20.51896153520649,11.967728816677436,31.27718060363735,9.818037833893902,31.219885236519076,14,3,"descriptive crossed person/seed percentile bootstrap, 2000 draws, RNG731"
observation_by_extractor,occluded | vitpose_base,F-response-coordinate_delta_v1-graph_time-base,zero_response_error,degrees,5.8108295340231875,5.565160012226307,6.043321949781563,5.534631934465794,6.087027133580581,14,3,"descriptive crossed person/seed percentile bootstrap, 2000 draws, RNG731"
observation_by_extractor,occluded | vitpose_base,F-response-coordinate_delta_v1-graph_time-base,response_failure_rate,fraction,0.019099977954144615,0.007335138337742503,0.03409949570105818,0.004184336161937989,0.03401561974635124,14,3,"descriptive crossed person/seed percentile bootstrap, 2000 draws, RNG731"
observation_by_extractor,occluded | vitpose_base,F-response-coordinate_delta_v1-graph_time-base,response_failure_contribution,degrees,13.751984126984128,5.281299603174603,24.551636904761892,3.0127220365953544,24.491246217372904,14,3,"descriptive crossed person/seed percentile bootstrap, 2000 draws, RNG731"
observation_by_extractor,occluded | vitpose_base,F-response-coordinate_delta_v1-graph_time-base,response_success_contribution,degrees,6.766977408222369,6.378772705631921,7.150135626766631,6.331516956072528,7.202437860372207,14,3,"descriptive crossed person/seed percentile bootstrap, 2000 draws, RNG731"
observation_by_extractor,occluded | vitpose_base,F-response-coordinate_delta_v1-graph_time-paired_change,A_error,degrees,22.83174014178702,17.226425188150507,29.35720185117547,16.796280496234964,28.867199787339075,14,3,"descriptive crossed person/seed percentile bootstrap, 2000 draws, RNG731"
observation_by_extractor,occluded | vitpose_base,F-response-coordinate_delta_v1-graph_time-paired_change,waveform_error,degrees,26.8698226678315,23.8192523448388,30.435605333757568,23.418801641688017,30.320843693974997,14,3,"descriptive crossed person/seed percentile bootstrap, 2000 draws, RNG731"
observation_by_extractor,occluded | vitpose_base,F-response-coordinate_delta_v1-graph_time-paired_change,synthetic_all_nle,dimensionless NLE,0.06963686788405662,0.06551386151960283,0.07407749986375904,0.06494470607737463,0.07432902969073862,14,3,"descriptive crossed person/seed percentile bootstrap, 2000 draws, RNG731"
observation_by_extractor,occluded | vitpose_base,F-response-coordinate_delta_v1-graph_time-paired_change,assignment_failure_rate,fraction,0.5048901330483366,0.4851497387272892,0.520616449875564,0.49457833616528335,0.5152019299313899,14,3,"descriptive crossed person/seed percentile bootstrap, 2000 draws, RNG731"
observation_by_extractor,occluded | vitpose_base,F-response-coordinate_delta_v1-graph_time-paired_change,left_excursion_error,degrees,24.095100656693507,20.472361549970884,28.239216331596236,20.021445687541945,28.16875562584507,14,3,"descriptive crossed person/seed percentile bootstrap, 2000 draws, RNG731"
observation_by_extractor,occluded | vitpose_base,F-response-coordinate_delta_v1-graph_time-paired_change,right_excursion_error,degrees,26.319331439761267,20.708532687973516,32.5378636899205,21.113621997627984,31.52504088189455,14,3,"descriptive crossed person/seed percentile bootstrap, 2000 draws, RNG731"
observation_by_extractor,occluded | vitpose_base,F-response-coordinate_delta_v1-graph_time-paired_change,response_error,degrees,32.190879150564406,20.26097835825773,45.854266971199934,19.03459476043687,45.34716354069194,14,3,"descriptive crossed person/seed percentile bootstrap, 2000 draws, RNG731"
observation_by_extractor,occluded | vitpose_base,F-response-coordinate_delta_v1-graph_time-paired_change,zero_response_error,degrees,5.8108295340231875,5.565160012226307,6.043321949781563,5.534631934465794,6.087027133580581,14,3,"descriptive crossed person/seed percentile bootstrap, 2000 draws, RNG731"
observation_by_extractor,occluded | vitpose_base,F-response-coordinate_delta_v1-graph_time-paired_change,response_failure_rate,fraction,0.03564814814814813,0.01896694499559082,0.05486131779100526,0.017210236199479742,0.05408606009681653,14,3,"descriptive crossed person/seed percentile bootstrap, 2000 draws, RNG731"
observation_by_extractor,occluded | vitpose_base,F-response-coordinate_delta_v1-graph_time-paired_change,response_failure_contribution,degrees,25.666666666666668,13.656200396825396,39.500148809523814,12.391370063625414,38.94196326970791,14,3,"descriptive crossed person/seed percentile bootstrap, 2000 draws, RNG731"
observation_by_extractor,occluded | vitpose_base,F-response-coordinate_delta_v1-graph_time-paired_change,response_success_contribution,degrees,6.524212483897739,6.0887171646778775,6.957561744089872,6.043248833993871,7.005176133801608,14,3,"descriptive crossed person/seed percentile bootstrap, 2000 draws, RNG731"
observation_by_extractor,occluded | vitpose_base,F-response-jepa_delta_v1-graph_time-base,A_error,degrees,19.57666987803748,16.525187752026888,22.94284816988828,16.045275184897623,23.10806457117734,14,3,"descriptive crossed person/seed percentile bootstrap, 2000 draws, RNG731"
observation_by_extractor,occluded | vitpose_base,F-response-jepa_delta_v1-graph_time-base,waveform_error,degrees,24.2800028071905,21.63178602117255,27.324148284634923,21.13320122269327,27.42680439168772,14,3,"descriptive crossed person/seed percentile bootstrap, 2000 draws, RNG731"
observation_by_extractor,occluded | vitpose_base,F-response-jepa_delta_v1-graph_time-base,synthetic_all_nle,dimensionless NLE,0.0723527278457426,0.06734321099264724,0.07776961514974251,0.06649364142063686,0.07821181427084838,14,3,"descriptive crossed person/seed percentile bootstrap, 2000 draws, RNG731"
observation_by_extractor,occluded | vitpose_base,F-response-jepa_delta_v1-graph_time-base,assignment_failure_rate,fraction,0.5266046519179113,0.5063880480008005,0.5409492250145765,0.5073189505698968,0.5458903532659259,14,3,"descriptive crossed person/seed percentile bootstrap, 2000 draws, RNG731"
observation_by_extractor,occluded | vitpose_base,F-response-jepa_delta_v1-graph_time-base,left_excursion_error,degrees,31.380006081236914,27.458323697935434,35.36004018294475,27.068283768580756,35.691728393893065,14,3,"descriptive crossed person/seed percentile bootstrap, 2000 draws, RNG731"
observation_by_extractor,occluded | vitpose_base,F-response-jepa_delta_v1-graph_time-base,right_excursion_error,degrees,29.962345757321547,26.18785938970919,33.78164237426073,25.775945794899712,34.14874571974338,14,3,"descriptive crossed person/seed percentile bootstrap, 2000 draws, RNG731"
observation_by_extractor,occluded | vitpose_base,F-response-jepa_delta_v1-graph_time-base,response_error,degrees,22.99346004815598,15.450162087873391,31.40495503743397,14.492679228060073,31.49424086825189,14,3,"descriptive crossed person/seed percentile bootstrap, 2000 draws, RNG731"
observation_by_extractor,occluded | vitpose_base,F-response-jepa_delta_v1-graph_time-base,zero_response_error,degrees,5.8108295340231875,5.565160012226307,6.043321949781563,5.534631934465794,6.087027133580581,14,3,"descriptive crossed person/seed percentile bootstrap, 2000 draws, RNG731"
observation_by_extractor,occluded | vitpose_base,F-response-jepa_delta_v1-graph_time-base,response_failure_rate,fraction,0.022462889476778356,0.011700148809523804,0.034511339836860645,0.010418677204156172,0.03450710174940053,14,3,"descriptive crossed person/seed percentile bootstrap, 2000 draws, RNG731"
observation_by_extractor,occluded | vitpose_base,F-response-jepa_delta_v1-graph_time-base,response_failure_contribution,degrees,16.173280423280424,8.424107142857142,24.848164682539675,7.50144758699245,24.8451132595684,14,3,"descriptive crossed person/seed percentile bootstrap, 2000 draws, RNG731"
observation_by_extractor,occluded | vitpose_base,F-response-jepa_delta_v1-graph_time-base,response_success_contribution,degrees,6.820179624875557,6.318513258781315,7.355112947447475,6.2365251856360615,7.403834064115054,14,3,"descriptive crossed person/seed percentile bootstrap, 2000 draws, RNG731"
observation_by_extractor,occluded | vitpose_base,F-response-jepa_delta_v1-graph_time-paired_change,A_error,degrees,18.567012136912084,14.571171705657678,23.236848622311722,14.593906408922669,22.54011786490149,14,3,"descriptive crossed person/seed percentile bootstrap, 2000 draws, RNG731"
observation_by_extractor,occluded | vitpose_base,F-response-jepa_delta_v1-graph_time-paired_change,waveform_error,degrees,26.898594482231253,24.387011198214903,29.673473580338886,24.14844683322315,29.64874213123937,14,3,"descriptive crossed person/seed percentile bootstrap, 2000 draws, RNG731"
observation_by_extractor,occluded | vitpose_base,F-response-jepa_delta_v1-graph_time-paired_change,synthetic_all_nle,dimensionless NLE,0.07997441048047634,0.07548417565904839,0.08486522612908089,0.07468804783781635,0.08526077312313635,14,3,"descriptive crossed person/seed percentile bootstrap, 2000 draws, RNG731"
observation_by_extractor,occluded | vitpose_base,F-response-jepa_delta_v1-graph_time-paired_change,assignment_failure_rate,fraction,0.5387994933686533,0.5259502425748491,0.5484792778428281,0.5287018322083527,0.5488971545289537,14,3,"descriptive crossed person/seed percentile bootstrap, 2000 draws, RNG731"
observation_by_extractor,occluded | vitpose_base,F-response-jepa_delta_v1-graph_time-paired_change,left_excursion_error,degrees,26.11069740254212,22.649008677118793,29.743891566020395,22.259524006272358,29.961870798811873,14,3,"descriptive crossed person/seed percentile bootstrap, 2000 draws, RNG731"
observation_by_extractor,occluded | vitpose_base,F-response-jepa_delta_v1-graph_time-paired_change,right_excursion_error,degrees,25.894465508104922,22.719723952692746,29.611699979263793,22.325940363942525,29.46299065226732,14,3,"descriptive crossed person/seed percentile bootstrap, 2000 draws, RNG731"
observation_by_extractor,occluded | vitpose_base,F-response-jepa_delta_v1-graph_time-paired_change,response_error,degrees,17.75147455973986,10.691983306496619,25.7237712634554,9.626893646809528,25.87605547267019,14,3,"descriptive crossed person/seed percentile bootstrap, 2000 draws, RNG731"
observation_by_extractor,occluded | vitpose_base,F-response-jepa_delta_v1-graph_time-paired_change,zero_response_error,degrees,5.8108295340231875,5.565160012226307,6.043321949781563,5.534631934465794,6.087027133580581,14,3,"descriptive crossed person/seed percentile bootstrap, 2000 draws, RNG731"
observation_by_extractor,occluded | vitpose_base,F-response-jepa_delta_v1-graph_time-paired_change,response_failure_rate,fraction,0.015432098765432093,0.0055443948412698405,0.026720196759259254,0.003916843126863377,0.026947354404000815,14,3,"descriptive crossed person/seed percentile bootstrap, 2000 draws, RNG731"
observation_by_extractor,occluded | vitpose_base,F-response-jepa_delta_v1-graph_time-paired_change,response_failure_contribution,degrees,11.11111111111111,3.991964285714285,19.238541666666663,2.820127051341629,19.402095170880592,14,3,"descriptive crossed person/seed percentile bootstrap, 2000 draws, RNG731"
observation_by_extractor,occluded | vitpose_base,F-response-jepa_delta_v1-graph_time-paired_change,response_success_contribution,degrees,6.640363448628748,6.226589201357944,7.101654931089912,6.144066818072008,7.136660079185487,14,3,"descriptive crossed person/seed percentile bootstrap, 2000 draws, RNG731"
observation_by_extractor,occluded | vitpose_base,F-response-jepa_endpoint_v1-graph_time-base,A_error,degrees,17.666229306391994,14.718121715281786,21.17925365790048,14.305973743526327,21.02648486925767,14,3,"descriptive crossed person/seed percentile bootstrap, 2000 draws, RNG731"
observation_by_extractor,occluded | vitpose_base,F-response-jepa_endpoint_v1-graph_time-base,waveform_error,degrees,23.376432236175386,20.761031440758853,26.225645477965756,20.32466241097142,26.428202061379345,14,3,"descriptive crossed person/seed percentile bootstrap, 2000 draws, RNG731"
observation_by_extractor,occluded | vitpose_base,F-response-jepa_endpoint_v1-graph_time-base,synthetic_all_nle,dimensionless NLE,0.07283143722139168,0.06734061053951888,0.07873651290022927,0.06644584883688011,0.07921702560590323,14,3,"descriptive crossed person/seed percentile bootstrap, 2000 draws, RNG731"
observation_by_extractor,occluded | vitpose_base,F-response-jepa_endpoint_v1-graph_time-base,assignment_failure_rate,fraction,0.5339559020470068,0.5148580261583772,0.5471824542876378,0.5162406148730767,0.5516711892209369,14,3,"descriptive crossed person/seed percentile bootstrap, 2000 draws, RNG731"
observation_by_extractor,occluded | vitpose_base,F-response-jepa_endpoint_v1-graph_time-base,left_excursion_error,degrees,31.960164605954112,27.862384146126818,36.034836265674556,27.344565367236722,36.575763844671485,14,3,"descriptive crossed person/seed percentile bootstrap, 2000 draws, RNG731"
observation_by_extractor,occluded | vitpose_base,F-response-jepa_endpoint_v1-graph_time-base,right_excursion_error,degrees,31.753661811900038,28.120651840839045,35.394150996997816,27.93724908629848,35.5700745375016,14,3,"descriptive crossed person/seed percentile bootstrap, 2000 draws, RNG731"
observation_by_extractor,occluded | vitpose_base,F-response-jepa_endpoint_v1-graph_time-base,response_error,degrees,18.22057002459646,12.26654301956156,25.207473277327324,11.524098116651645,24.917041932541274,14,3,"descriptive crossed person/seed percentile bootstrap, 2000 draws, RNG731"
observation_by_extractor,occluded | vitpose_base,F-response-jepa_endpoint_v1-graph_time-base,zero_response_error,degrees,5.8108295340231875,5.565160012226307,6.043321949781563,5.534631934465794,6.087027133580581,14,3,"descriptive crossed person/seed percentile bootstrap, 2000 draws, RNG731"
observation_by_extractor,occluded | vitpose_base,F-response-jepa_endpoint_v1-graph_time-base,response_failure_rate,fraction,0.015718694885361546,0.007346643518518517,0.025265376984126977,0.006444214985558028,0.024993174785165072,14,3,"descriptive crossed person/seed percentile bootstrap, 2000 draws, RNG731"
observation_by_extractor,occluded | vitpose_base,F-response-jepa_endpoint_v1-graph_time-base,response_failure_contribution,degrees,11.317460317460316,5.289583333333334,18.191071428571426,4.639834789601777,17.995085845318854,14,3,"descriptive crossed person/seed percentile bootstrap, 2000 draws, RNG731"
observation_by_extractor,occluded | vitpose_base,F-response-jepa_endpoint_v1-graph_time-base,response_success_contribution,degrees,6.903109707136143,6.433157754015373,7.402350652506124,6.358429550819523,7.447789863452763,14,3,"descriptive crossed person/seed percentile bootstrap, 2000 draws, RNG731"
observation_by_extractor,occluded | vitpose_base,F-response-jepa_endpoint_v1-graph_time-paired_change,A_error,degrees,19.656654163063372,16.49751229448646,23.119629678005186,16.044972147562323,23.268336178564414,14,3,"descriptive crossed person/seed percentile bootstrap, 2000 draws, RNG731"
observation_by_extractor,occluded | vitpose_base,F-response-jepa_endpoint_v1-graph_time-paired_change,waveform_error,degrees,27.05558296038829,24.502267227881056,29.98064706395717,24.16239064182274,29.948775278953832,14,3,"descriptive crossed person/seed percentile bootstrap, 2000 draws, RNG731"
observation_by_extractor,occluded | vitpose_base,F-response-jepa_endpoint_v1-graph_time-paired_change,synthetic_all_nle,dimensionless NLE,0.08067870180966513,0.0759856291929281,0.08558396071585661,0.07546023810647744,0.08589716551285285,14,3,"descriptive crossed person/seed percentile bootstrap, 2000 draws, RNG731"
observation_by_extractor,occluded | vitpose_base,F-response-jepa_endpoint_v1-graph_time-paired_change,assignment_failure_rate,fraction,0.5289533469656507,0.5112795125004612,0.5415614293252602,0.5141885265925361,0.543718167338765,14,3,"descriptive crossed person/seed percentile bootstrap, 2000 draws, RNG731"
observation_by_extractor,occluded | vitpose_base,F-response-jepa_endpoint_v1-graph_time-paired_change,left_excursion_error,degrees,27.062910349206714,23.99551400454327,30.722157375109024,23.84316628981538,30.28265440859805,14,3,"descriptive crossed person/seed percentile bootstrap, 2000 draws, RNG731"
observation_by_extractor,occluded | vitpose_base,F-response-jepa_endpoint_v1-graph_time-paired_change,right_excursion_error,degrees,25.793021148992903,22.89438065614967,29.314392676839738,22.2489491407797,29.337093157206127,14,3,"descriptive crossed person/seed percentile bootstrap, 2000 draws, RNG731"
observation_by_extractor,occluded | vitpose_base,F-response-jepa_endpoint_v1-graph_time-paired_change,response_error,degrees,17.809244682490274,11.016036930615712,26.19402474620616,9.41594856213423,26.202540802846325,14,3,"descriptive crossed person/seed percentile bootstrap, 2000 draws, RNG731"
observation_by_extractor,occluded | vitpose_base,F-response-jepa_endpoint_v1-graph_time-paired_change,zero_response_error,degrees,5.8108295340231875,5.565160012226307,6.043321949781563,5.534631934465794,6.087027133580581,14,3,"descriptive crossed person/seed percentile bootstrap, 2000 draws, RNG731"
observation_by_extractor,occluded | vitpose_base,F-response-jepa_endpoint_v1-graph_time-paired_change,response_failure_rate,fraction,0.015395355673133446,0.005893408289241622,0.026976755401234558,0.003583294580904244,0.027207416765362653,14,3,"descriptive crossed person/seed percentile bootstrap, 2000 draws, RNG731"
observation_by_extractor,occluded | vitpose_base,F-response-jepa_endpoint_v1-graph_time-paired_change,response_failure_contribution,degrees,11.084656084656087,4.24325396825397,19.423263888888886,2.5799720982510568,19.589340071061116,14,3,"descriptive crossed person/seed percentile bootstrap, 2000 draws, RNG731"
observation_by_extractor,occluded | vitpose_base,F-response-jepa_endpoint_v1-graph_time-paired_change,response_success_contribution,degrees,6.724588597834192,6.29178688643289,7.172294369002911,6.247917919588289,7.201259276080091,14,3,"descriptive crossed person/seed percentile bootstrap, 2000 draws, RNG731"
observation_by_extractor,occluded | vitpose_base,I-initialized-none-base,A_error,degrees,17.864555456560907,14.127267198959581,22.34411408491383,13.58463338242414,22.144477530697674,14,3,"descriptive crossed person/seed percentile bootstrap, 2000 draws, RNG731"
observation_by_extractor,occluded | vitpose_base,I-initialized-none-base,waveform_error,degrees,23.493051771222135,20.721509909860963,26.881226394233085,19.9764878390024,27.009615703441863,14,3,"descriptive crossed person/seed percentile bootstrap, 2000 draws, RNG731"
observation_by_extractor,occluded | vitpose_base,I-initialized-none-base,synthetic_all_nle,dimensionless NLE,0.07885524540773022,0.07418167173968164,0.08393324520593737,0.07349161116438838,0.08421887965107208,14,3,"descriptive crossed person/seed percentile bootstrap, 2000 draws, RNG731"
observation_by_extractor,occluded | vitpose_base,I-initialized-none-base,assignment_failure_rate,fraction,0.5463799695178626,0.5394968283798377,0.5532421718137394,0.5390084936333736,0.5537514454023514,14,3,"descriptive crossed person/seed percentile bootstrap, 2000 draws, RNG731"
observation_by_extractor,occluded | vitpose_base,I-initialized-none-base,left_excursion_error,degrees,31.01376731315076,26.579801829616905,35.55419401228767,25.927849953814814,36.09968467248672,14,3,"descriptive crossed person/seed percentile bootstrap, 2000 draws, RNG731"
observation_by_extractor,occluded | vitpose_base,I-initialized-none-base,right_excursion_error,degrees,29.97663237573709,25.976193050384516,34.3572290343274,25.188640603985966,34.76462414748819,14,3,"descriptive crossed person/seed percentile bootstrap, 2000 draws, RNG731"
observation_by_extractor,occluded | vitpose_base,I-initialized-none-base,response_error,degrees,17.70702926774093,9.537178678793218,27.48213746526076,8.201575669416407,27.212482866065443,14,3,"descriptive crossed person/seed percentile bootstrap, 2000 draws, RNG731"
observation_by_extractor,occluded | vitpose_base,I-initialized-none-base,zero_response_error,degrees,5.8108295340231875,5.565160012226307,6.043321949781563,5.534631934465794,6.087027133580581,14,3,"descriptive crossed person/seed percentile bootstrap, 2000 draws, RNG731"
observation_by_extractor,occluded | vitpose_base,I-initialized-none-base,response_failure_rate,fraction,0.014797361845972953,0.0036471193415637845,0.02862785218253967,0.0013042407917352589,0.028290482900210644,14,3,"descriptive crossed person/seed percentile bootstrap, 2000 draws, RNG731"
observation_by_extractor,occluded | vitpose_base,I-initialized-none-base,response_failure_contribution,degrees,10.654100529100528,2.625925925925926,20.612053571428568,0.9390533700493844,20.36914768815167,14,3,"descriptive crossed person/seed percentile bootstrap, 2000 draws, RNG731"
observation_by_extractor,occluded | vitpose_base,I-initialized-none-base,response_success_contribution,degrees,7.052928738640394,6.494624945812083,7.6398976294346035,6.402570722088376,7.703286755192416,14,3,"descriptive crossed person/seed percentile bootstrap, 2000 draws, RNG731"
observation_by_extractor,occluded | vitpose_base,I-initialized-none-paired_change,A_error,degrees,20.10002156750032,15.861995525326453,24.62741807043745,15.832409326333357,24.367633808667293,14,3,"descriptive crossed person/seed percentile bootstrap, 2000 draws, RNG731"
observation_by_extractor,occluded | vitpose_base,I-initialized-none-paired_change,waveform_error,degrees,26.99981648491154,24.49638381150373,30.02925251358023,23.930158488333547,30.06947448148955,14,3,"descriptive crossed person/seed percentile bootstrap, 2000 draws, RNG731"
observation_by_extractor,occluded | vitpose_base,I-initialized-none-paired_change,synthetic_all_nle,dimensionless NLE,0.08223192124777695,0.07787651229284029,0.08686642762444459,0.07719979958312247,0.08726404291243146,14,3,"descriptive crossed person/seed percentile bootstrap, 2000 draws, RNG731"
observation_by_extractor,occluded | vitpose_base,I-initialized-none-paired_change,assignment_failure_rate,fraction,0.537506307904856,0.5186189801847997,0.5525774404623974,0.5188053492573442,0.556207266552368,14,3,"descriptive crossed person/seed percentile bootstrap, 2000 draws, RNG731"
observation_by_extractor,occluded | vitpose_base,I-initialized-none-paired_change,left_excursion_error,degrees,27.14008070332207,23.784361666687513,30.87032232573487,23.405072378707683,30.875089027936458,14,3,"descriptive crossed person/seed percentile bootstrap, 2000 draws, RNG731"
observation_by_extractor,occluded | vitpose_base,I-initialized-none-paired_change,right_excursion_error,degrees,26.216629429525028,22.810546309571027,30.473650231532222,21.984181653179903,30.449077205870154,14,3,"descriptive crossed person/seed percentile bootstrap, 2000 draws, RNG731"
observation_by_extractor,occluded | vitpose_base,I-initialized-none-paired_change,response_error,degrees,18.885041048928958,10.842516820756163,28.208985256144594,9.559091044313968,28.210991053543957,14,3,"descriptive crossed person/seed percentile bootstrap, 2000 draws, RNG731"
observation_by_extractor,occluded | vitpose_base,I-initialized-none-paired_change,zero_response_error,degrees,5.8108295340231875,5.565160012226307,6.043321949781563,5.534631934465794,6.087027133580581,14,3,"descriptive crossed person/seed percentile bootstrap, 2000 draws, RNG731"
observation_by_extractor,occluded | vitpose_base,I-initialized-none-paired_change,response_failure_rate,fraction,0.01690641534391534,0.005512359457671955,0.030093005952380937,0.003706697568126107,0.03010613311970457,14,3,"descriptive crossed person/seed percentile bootstrap, 2000 draws, RNG731"
observation_by_extractor,occluded | vitpose_base,I-initialized-none-paired_change,response_failure_contribution,degrees,12.172619047619046,3.9688988095238096,21.666964285714286,2.6688222490507947,21.6764158461873,14,3,"descriptive crossed person/seed percentile bootstrap, 2000 draws, RNG731"
observation_by_extractor,occluded | vitpose_base,I-initialized-none-paired_change,response_success_contribution,degrees,6.712422001309909,6.26410944843025,7.2311219342597415,6.1856982872075905,7.239145715412229,14,3,"descriptive crossed person/seed percentile bootstrap, 2000 draws, RNG731"
observation_by_extractor,occluded | vitpose_base,I-shuffled_jepa-graph_time-base,A_error,degrees,16.89943156196238,14.310501630228826,19.767517860257435,14.082045178810791,19.71681794511397,14,3,"descriptive crossed person/seed percentile bootstrap, 2000 draws, RNG731"
observation_by_extractor,occluded | vitpose_base,I-shuffled_jepa-graph_time-base,waveform_error,degrees,23.20351254979298,20.55296911964869,26.236656053577363,20.021851645683547,26.38517345390241,14,3,"descriptive crossed person/seed percentile bootstrap, 2000 draws, RNG731"
observation_by_extractor,occluded | vitpose_base,I-shuffled_jepa-graph_time-base,synthetic_all_nle,dimensionless NLE,0.07772188023820097,0.07288408863382508,0.08291686225215292,0.07220584253913061,0.0832379179372713,14,3,"descriptive crossed person/seed percentile bootstrap, 2000 draws, RNG731"
observation_by_extractor,occluded | vitpose_base,I-shuffled_jepa-graph_time-base,assignment_failure_rate,fraction,0.5406443239931674,0.5281043163937114,0.5496436844138785,0.5285052405244242,0.5527834074619102,14,3,"descriptive crossed person/seed percentile bootstrap, 2000 draws, RNG731"
observation_by_extractor,occluded | vitpose_base,I-shuffled_jepa-graph_time-base,left_excursion_error,degrees,30.542723862223617,26.422411380133266,34.550962997466954,25.901766860244237,35.18368086420301,14,3,"descriptive crossed person/seed percentile bootstrap, 2000 draws, RNG731"
observation_by_extractor,occluded | vitpose_base,I-shuffled_jepa-graph_time-base,right_excursion_error,degrees,29.706158699644902,25.825482081555634,33.60774003021047,25.426647375901126,33.98567002338868,14,3,"descriptive crossed person/seed percentile bootstrap, 2000 draws, RNG731"
observation_by_extractor,occluded | vitpose_base,I-shuffled_jepa-graph_time-base,response_error,degrees,16.386783944064238,10.176608574406945,23.627363207066658,9.313869051048385,23.45969883708009,14,3,"descriptive crossed person/seed percentile bootstrap, 2000 draws, RNG731"
observation_by_extractor,occluded | vitpose_base,I-shuffled_jepa-graph_time-base,zero_response_error,degrees,5.8108295340231875,5.565160012226307,6.043321949781563,5.534631934465794,6.087027133580581,14,3,"descriptive crossed person/seed percentile bootstrap, 2000 draws, RNG731"
observation_by_extractor,occluded | vitpose_base,I-shuffled_jepa-graph_time-base,response_failure_rate,fraction,0.01316137566137566,0.004419711750440916,0.023429577270723093,0.003083148100739586,0.023239603222011726,14,3,"descriptive crossed person/seed percentile bootstrap, 2000 draws, RNG731"
observation_by_extractor,occluded | vitpose_base,I-shuffled_jepa-graph_time-base,response_failure_contribution,degrees,9.476190476190476,3.1821924603174607,16.869295634920633,2.2198666325325016,16.732514319848452,14,3,"descriptive crossed person/seed percentile bootstrap, 2000 draws, RNG731"
observation_by_extractor,occluded | vitpose_base,I-shuffled_jepa-graph_time-base,response_success_contribution,degrees,6.910593467873762,6.424313959338886,7.428404181804578,6.362007233625562,7.459179702121961,14,3,"descriptive crossed person/seed percentile bootstrap, 2000 draws, RNG731"
observation_by_extractor,occluded | vitpose_base,I-shuffled_jepa-graph_time-paired_change,A_error,degrees,17.640885323180093,13.732727768002109,22.12359958728969,13.668897000206346,21.612873646153833,14,3,"descriptive crossed person/seed percentile bootstrap, 2000 draws, RNG731"
observation_by_extractor,occluded | vitpose_base,I-shuffled_jepa-graph_time-paired_change,waveform_error,degrees,26.49388683562402,23.909382497483485,29.43878581484991,23.485267312589755,29.50250635865828,14,3,"descriptive crossed person/seed percentile bootstrap, 2000 draws, RNG731"
observation_by_extractor,occluded | vitpose_base,I-shuffled_jepa-graph_time-paired_change,synthetic_all_nle,dimensionless NLE,0.08227557793631284,0.07798178988623056,0.0868579307091693,0.07726563883315454,0.08728551703947113,14,3,"descriptive crossed person/seed percentile bootstrap, 2000 draws, RNG731"
observation_by_extractor,occluded | vitpose_base,I-shuffled_jepa-graph_time-paired_change,assignment_failure_rate,fraction,0.5342616083548867,0.5166291425805466,0.547805214405862,0.5165177560780314,0.5520054606317419,14,3,"descriptive crossed person/seed percentile bootstrap, 2000 draws, RNG731"
observation_by_extractor,occluded | vitpose_base,I-shuffled_jepa-graph_time-paired_change,left_excursion_error,degrees,26.266790933650046,22.887531415219964,29.931333108227626,22.690947067319566,29.842634799980534,14,3,"descriptive crossed person/seed percentile bootstrap, 2000 draws, RNG731"
observation_by_extractor,occluded | vitpose_base,I-shuffled_jepa-graph_time-paired_change,right_excursion_error,degrees,26.27854332132925,22.993061850904333,30.21956210484695,22.36869475246233,30.18839189019619,14,3,"descriptive crossed person/seed percentile bootstrap, 2000 draws, RNG731"
observation_by_extractor,occluded | vitpose_base,I-shuffled_jepa-graph_time-paired_change,response_error,degrees,19.578177972502875,11.156022017676024,29.195774944278842,10.859614829469649,28.2967411155361,14,3,"descriptive crossed person/seed percentile bootstrap, 2000 draws, RNG731"
observation_by_extractor,occluded | vitpose_base,I-shuffled_jepa-graph_time-paired_change,zero_response_error,degrees,5.8108295340231875,5.565160012226307,6.043321949781563,5.534631934465794,6.087027133580581,14,3,"descriptive crossed person/seed percentile bootstrap, 2000 draws, RNG731"
observation_by_extractor,occluded | vitpose_base,I-shuffled_jepa-graph_time-paired_change,response_failure_rate,fraction,0.017917768959435622,0.0059736000881834206,0.03156994047619047,0.005548387549362734,0.030287150369508502,14,3,"descriptive crossed person/seed percentile bootstrap, 2000 draws, RNG731"
observation_by_extractor,occluded | vitpose_base,I-shuffled_jepa-graph_time-paired_change,response_failure_contribution,degrees,12.900793650793652,4.300992063492064,22.73035714285714,3.9948390355411707,21.806748266046128,14,3,"descriptive crossed person/seed percentile bootstrap, 2000 draws, RNG731"
observation_by_extractor,occluded | vitpose_base,I-shuffled_jepa-graph_time-paired_change,response_success_contribution,degrees,6.677384321709223,6.249930253853535,7.127039494021261,6.174508543396691,7.180260100021753,14,3,"descriptive crossed person/seed percentile bootstrap, 2000 draws, RNG731"
observation_by_extractor,occluded | vitpose_base,M-coordinate-graph_time-base,A_error,degrees,17.47714260792179,14.72628065091157,20.343463790492166,14.562361182330488,20.391924033513096,14,3,"descriptive crossed person/seed percentile bootstrap, 2000 draws, RNG731"
observation_by_extractor,occluded | vitpose_base,M-coordinate-graph_time-base,waveform_error,degrees,20.294572881981136,18.144259065762586,22.67530720920382,17.809775055852135,22.77937070811013,14,3,"descriptive crossed person/seed percentile bootstrap, 2000 draws, RNG731"
observation_by_extractor,occluded | vitpose_base,M-coordinate-graph_time-base,synthetic_all_nle,dimensionless NLE,0.0562263299091451,0.05240003802705971,0.06036071856424424,0.051895417038699515,0.06055724277959067,14,3,"descriptive crossed person/seed percentile bootstrap, 2000 draws, RNG731"
observation_by_extractor,occluded | vitpose_base,M-coordinate-graph_time-base,assignment_failure_rate,fraction,0.43134326718546145,0.4129466088668221,0.44730615615872993,0.41418450151623676,0.44850203285468615,14,3,"descriptive crossed person/seed percentile bootstrap, 2000 draws, RNG731"
observation_by_extractor,occluded | vitpose_base,M-coordinate-graph_time-base,left_excursion_error,degrees,28.74047896788072,24.93888349788596,32.52278173645495,24.548577454302617,32.932380481458836,14,3,"descriptive crossed person/seed percentile bootstrap, 2000 draws, RNG731"
observation_by_extractor,occluded | vitpose_base,M-coordinate-graph_time-base,right_excursion_error,degrees,27.246438852276192,23.870725677617756,30.683159415135755,23.39886863037657,31.094009074175823,14,3,"descriptive crossed person/seed percentile bootstrap, 2000 draws, RNG731"
observation_by_extractor,occluded | vitpose_base,M-coordinate-graph_time-base,response_error,degrees,22.224321249117082,15.630002360707675,28.903410331415582,15.55372355471334,28.894918943520825,14,3,"descriptive crossed person/seed percentile bootstrap, 2000 draws, RNG731"
observation_by_extractor,occluded | vitpose_base,M-coordinate-graph_time-base,zero_response_error,degrees,5.8108295340231875,5.565160012226307,6.043321949781563,5.534631934465794,6.087027133580581,14,3,"descriptive crossed person/seed percentile bootstrap, 2000 draws, RNG731"
observation_by_extractor,occluded | vitpose_base,M-coordinate-graph_time-base,response_failure_rate,fraction,0.02154247501469723,0.01242125496031746,0.030726342041446187,0.012300500934680507,0.03078444909471395,14,3,"descriptive crossed person/seed percentile bootstrap, 2000 draws, RNG731"
observation_by_extractor,occluded | vitpose_base,M-coordinate-graph_time-base,response_failure_contribution,degrees,15.510582010582011,8.943303571428572,22.12296626984126,8.85636067296997,22.16480334819405,14,3,"descriptive crossed person/seed percentile bootstrap, 2000 draws, RNG731"
observation_by_extractor,occluded | vitpose_base,M-coordinate-graph_time-base,response_success_contribution,degrees,6.713739238535071,6.35888522463693,7.069386202623795,6.316876361325791,7.110602115744349,14,3,"descriptive crossed person/seed percentile bootstrap, 2000 draws, RNG731"
observation_by_extractor,occluded | vitpose_base,M-coordinate-graph_time-paired_change,A_error,degrees,20.353877399306132,16.375935500150856,24.43667600795029,17.179331136157664,23.5284236624546,14,3,"descriptive crossed person/seed percentile bootstrap, 2000 draws, RNG731"
observation_by_extractor,occluded | vitpose_base,M-coordinate-graph_time-paired_change,waveform_error,degrees,26.656963178186796,24.538711189879756,29.329622002341385,23.95941449824673,29.354511858126877,14,3,"descriptive crossed person/seed percentile bootstrap, 2000 draws, RNG731"
observation_by_extractor,occluded | vitpose_base,M-coordinate-graph_time-paired_change,synthetic_all_nle,dimensionless NLE,0.06485465356547196,0.06048600789035751,0.06954562834691275,0.059968751536248234,0.06974055559469572,14,3,"descriptive crossed person/seed percentile bootstrap, 2000 draws, RNG731"
observation_by_extractor,occluded | vitpose_base,M-coordinate-graph_time-paired_change,assignment_failure_rate,fraction,0.4761807666815711,0.46496456199702924,0.4890825469679509,0.46571805135757993,0.4866434820055622,14,3,"descriptive crossed person/seed percentile bootstrap, 2000 draws, RNG731"
observation_by_extractor,occluded | vitpose_base,M-coordinate-graph_time-paired_change,left_excursion_error,degrees,22.076011587016207,19.132963678713555,25.522671809823326,18.758053840071213,25.393969333961202,14,3,"descriptive crossed person/seed percentile bootstrap, 2000 draws, RNG731"
observation_by_extractor,occluded | vitpose_base,M-coordinate-graph_time-paired_change,right_excursion_error,degrees,22.63134873625658,19.559036921943985,26.21562042833386,19.712917096868193,25.54978037564496,14,3,"descriptive crossed person/seed percentile bootstrap, 2000 draws, RNG731"
observation_by_extractor,occluded | vitpose_base,M-coordinate-graph_time-paired_change,response_error,degrees,21.823326372576773,14.99977550489626,29.906105118374455,13.26984075939239,30.37681198576115,14,3,"descriptive crossed person/seed percentile bootstrap, 2000 draws, RNG731"
observation_by_extractor,occluded | vitpose_base,M-coordinate-graph_time-paired_change,zero_response_error,degrees,5.8108295340231875,5.565160012226307,6.043321949781563,5.534631934465794,6.087027133580581,14,3,"descriptive crossed person/seed percentile bootstrap, 2000 draws, RNG731"
observation_by_extractor,occluded | vitpose_base,M-coordinate-graph_time-paired_change,response_failure_rate,fraction,0.02135141093474426,0.011833112874779537,0.03262938161375659,0.009384327283180794,0.03331849458630772,14,3,"descriptive crossed person/seed percentile bootstrap, 2000 draws, RNG731"
observation_by_extractor,occluded | vitpose_base,M-coordinate-graph_time-paired_change,response_failure_contribution,degrees,15.373015873015872,8.51984126984127,23.49315476190476,6.7567156438901765,23.989316102141572,14,3,"descriptive crossed person/seed percentile bootstrap, 2000 draws, RNG731"
observation_by_extractor,occluded | vitpose_base,M-coordinate-graph_time-paired_change,response_success_contribution,degrees,6.4503104995608975,6.099904425120713,6.808820816337549,6.0522025781346995,6.8484184209870955,14,3,"descriptive crossed person/seed percentile bootstrap, 2000 draws, RNG731"
observation_by_extractor,occluded | vitpose_base,M-paired_jepa-graph_time-base,A_error,degrees,19.160411221998356,15.916229143616235,22.715901493539057,15.49992709632059,22.82089534767612,14,3,"descriptive crossed person/seed percentile bootstrap, 2000 draws, RNG731"
observation_by_extractor,occluded | vitpose_base,M-paired_jepa-graph_time-base,waveform_error,degrees,24.192568754366178,21.411667914691424,27.19708692991442,20.982177321615165,27.4029601871172,14,3,"descriptive crossed person/seed percentile bootstrap, 2000 draws, RNG731"
observation_by_extractor,occluded | vitpose_base,M-paired_jepa-graph_time-base,synthetic_all_nle,dimensionless NLE,0.07198791117418235,0.06700669510037581,0.07742526516038684,0.06613255905860359,0.07784326328976111,14,3,"descriptive crossed person/seed percentile bootstrap, 2000 draws, RNG731"
observation_by_extractor,occluded | vitpose_base,M-paired_jepa-graph_time-base,assignment_failure_rate,fraction,0.5234369809298455,0.5021657685622941,0.5382877074146832,0.5031975361443776,0.5436764257153136,14,3,"descriptive crossed person/seed percentile bootstrap, 2000 draws, RNG731"
observation_by_extractor,occluded | vitpose_base,M-paired_jepa-graph_time-base,left_excursion_error,degrees,31.205502322525778,27.3918806295741,35.10257805080082,27.00322093507824,35.40778370997331,14,3,"descriptive crossed person/seed percentile bootstrap, 2000 draws, RNG731"
observation_by_extractor,occluded | vitpose_base,M-paired_jepa-graph_time-base,right_excursion_error,degrees,29.674164925620328,25.815000516166982,33.64064804383265,25.39127402454972,33.95705582669093,14,3,"descriptive crossed person/seed percentile bootstrap, 2000 draws, RNG731"
observation_by_extractor,occluded | vitpose_base,M-paired_jepa-graph_time-base,response_error,degrees,21.524379316534024,13.490768801711617,30.36803204208196,12.341645989851804,30.707112643216234,14,3,"descriptive crossed person/seed percentile bootstrap, 2000 draws, RNG731"
observation_by_extractor,occluded | vitpose_base,M-paired_jepa-graph_time-base,zero_response_error,degrees,5.8108295340231875,5.565160012226307,6.043321949781563,5.534631934465794,6.087027133580581,14,3,"descriptive crossed person/seed percentile bootstrap, 2000 draws, RNG731"
observation_by_extractor,occluded | vitpose_base,M-paired_jepa-graph_time-base,response_failure_rate,fraction,0.02043650793650793,0.008950479497354493,0.03301938657407407,0.007388646055121158,0.033484369817894696,14,3,"descriptive crossed person/seed percentile bootstrap, 2000 draws, RNG731"
observation_by_extractor,occluded | vitpose_base,M-paired_jepa-graph_time-base,response_failure_contribution,degrees,14.714285714285714,6.444345238095238,23.773958333333333,5.319825159687243,24.108746268884197,14,3,"descriptive crossed person/seed percentile bootstrap, 2000 draws, RNG731"
observation_by_extractor,occluded | vitpose_base,M-paired_jepa-graph_time-base,response_success_contribution,degrees,6.81009360224831,6.334486741252502,7.320494427904564,6.250307788973492,7.36987941552313,14,3,"descriptive crossed person/seed percentile bootstrap, 2000 draws, RNG731"
observation_by_extractor,occluded | vitpose_base,M-paired_jepa-graph_time-paired_change,A_error,degrees,21.239535294189313,15.06376650184223,27.996282295799762,17.547778805620357,24.931291782758276,14,3,"descriptive crossed person/seed percentile bootstrap, 2000 draws, RNG731"
observation_by_extractor,occluded | vitpose_base,M-paired_jepa-graph_time-paired_change,waveform_error,degrees,27.46058492153157,25.217870366856364,29.928866940360848,24.829479536034114,30.091690307029012,14,3,"descriptive crossed person/seed percentile bootstrap, 2000 draws, RNG731"
observation_by_extractor,occluded | vitpose_base,M-paired_jepa-graph_time-paired_change,synthetic_all_nle,dimensionless NLE,0.07998653458251678,0.07538142039256412,0.08493564932504362,0.07471435923689104,0.08525870992814255,14,3,"descriptive crossed person/seed percentile bootstrap, 2000 draws, RNG731"
observation_by_extractor,occluded | vitpose_base,M-paired_jepa-graph_time-paired_change,assignment_failure_rate,fraction,0.5294968910246088,0.5146426859021086,0.5409748820902254,0.5157239094331983,0.5432698726160189,14,3,"descriptive crossed person/seed percentile bootstrap, 2000 draws, RNG731"
observation_by_extractor,occluded | vitpose_base,M-paired_jepa-graph_time-paired_change,left_excursion_error,degrees,26.825306817946014,23.73683002895739,30.226292326603478,23.788312328091727,29.86230130780031,14,3,"descriptive crossed person/seed percentile bootstrap, 2000 draws, RNG731"
observation_by_extractor,occluded | vitpose_base,M-paired_jepa-graph_time-paired_change,right_excursion_error,degrees,25.69430332651601,22.775481771651602,29.02235190362369,22.46778910958054,28.920817543451474,14,3,"descriptive crossed person/seed percentile bootstrap, 2000 draws, RNG731"
observation_by_extractor,occluded | vitpose_base,M-paired_jepa-graph_time-paired_change,response_error,degrees,18.443934840624415,11.330326519784895,26.769004038730632,10.380101759289648,26.50776792195919,14,3,"descriptive crossed person/seed percentile bootstrap, 2000 draws, RNG731"
observation_by_extractor,occluded | vitpose_base,M-paired_jepa-graph_time-paired_change,zero_response_error,degrees,5.8108295340231875,5.565160012226307,6.043321949781563,5.534631934465794,6.087027133580581,14,3,"descriptive crossed person/seed percentile bootstrap, 2000 draws, RNG731"
observation_by_extractor,occluded | vitpose_base,M-paired_jepa-graph_time-paired_change,response_failure_rate,fraction,0.01643518518518518,0.0065029761904761875,0.028340773809523795,0.004975351673692164,0.0278950186966782,14,3,"descriptive crossed person/seed percentile bootstrap, 2000 draws, RNG731"
observation_by_extractor,occluded | vitpose_base,M-paired_jepa-graph_time-paired_change,response_failure_contribution,degrees,11.833333333333334,4.682142857142858,20.40535714285714,3.582253205058361,20.084413461608303,14,3,"descriptive crossed person/seed percentile bootstrap, 2000 draws, RNG731"
observation_by_extractor,occluded | vitpose_base,M-paired_jepa-graph_time-paired_change,response_success_contribution,degrees,6.610601507291082,6.20380821892083,7.036361752546452,6.154793167310642,7.0664098472715215,14,3,"descriptive crossed person/seed percentile bootstrap, 2000 draws, RNG731"
observation_by_extractor,occluded | vitpose_base,P-direct-none-base,A_error,degrees,14.654941021898743,12.284735163792165,17.691682110485395,11.568837149035655,17.741044894761835,14,3,"descriptive crossed person/seed percentile bootstrap, 2000 draws, RNG731"
observation_by_extractor,occluded | vitpose_base,P-direct-none-base,waveform_error,degrees,18.419817087696988,16.250062032690753,20.78471409296139,15.935841706721366,20.903792468672616,14,3,"descriptive crossed person/seed percentile bootstrap, 2000 draws, RNG731"
observation_by_extractor,occluded | vitpose_base,P-direct-none-base,synthetic_all_nle,dimensionless NLE,0.043122627216906274,0.039379256428961756,0.04722772163985611,0.038694147334994364,0.047551107098818185,14,3,"descriptive crossed person/seed percentile bootstrap, 2000 draws, RNG731"
observation_by_extractor,occluded | vitpose_base,P-direct-none-base,assignment_failure_rate,fraction,0.3639574244366645,0.320093123325157,0.39907404120221246,0.31786277039332855,0.41005207848000036,14,3,"descriptive crossed person/seed percentile bootstrap, 2000 draws, RNG731"
observation_by_extractor,occluded | vitpose_base,P-direct-none-base,left_excursion_error,degrees,26.482186355998188,22.117131541589696,30.62575234413631,21.776386615665405,31.18798609633097,14,3,"descriptive crossed person/seed percentile bootstrap, 2000 draws, RNG731"
observation_by_extractor,occluded | vitpose_base,P-direct-none-base,right_excursion_error,degrees,25.845382182962993,22.039679172470915,29.70747594461198,21.578106573962188,30.11265779196382,14,3,"descriptive crossed person/seed percentile bootstrap, 2000 draws, RNG731"
observation_by_extractor,occluded | vitpose_base,P-direct-none-base,response_error,degrees,17.022145902894326,11.707483749977857,23.912401498833827,10.391263860337805,23.653027945450848,14,3,"descriptive crossed person/seed percentile bootstrap, 2000 draws, RNG731"
observation_by_extractor,occluded | vitpose_base,P-direct-none-base,zero_response_error,degrees,5.8108295340231875,5.565160012226307,6.043321949781563,5.534631934465794,6.087027133580581,14,3,"descriptive crossed person/seed percentile bootstrap, 2000 draws, RNG731"
observation_by_extractor,occluded | vitpose_base,P-direct-none-base,response_failure_rate,fraction,0.014627425044091707,0.007296971450617281,0.024053061618165773,0.005575271134596358,0.023679578953587053,14,3,"descriptive crossed person/seed percentile bootstrap, 2000 draws, RNG731"
observation_by_extractor,occluded | vitpose_base,P-direct-none-base,response_failure_contribution,degrees,10.531746031746033,5.253819444444445,17.318204365079367,4.014195216909381,17.049296846582685,14,3,"descriptive crossed person/seed percentile bootstrap, 2000 draws, RNG731"
observation_by_extractor,occluded | vitpose_base,P-direct-none-base,response_success_contribution,degrees,6.490399871148296,6.086574313395955,6.890472207605555,6.048159020003991,6.932640722292602,14,3,"descriptive crossed person/seed percentile bootstrap, 2000 draws, RNG731"
observation_by_extractor,occluded | vitpose_base,P-direct-none-paired_change,A_error,degrees,21.262873449749222,17.976469960135997,24.986254738149327,17.909904797331865,24.61584210216657,14,3,"descriptive crossed person/seed percentile bootstrap, 2000 draws, RNG731"
observation_by_extractor,occluded | vitpose_base,P-direct-none-paired_change,waveform_error,degrees,26.202492094738506,23.64461773176275,29.188110089389056,23.032544936402864,29.372439253074134,14,3,"descriptive crossed person/seed percentile bootstrap, 2000 draws, RNG731"
observation_by_extractor,occluded | vitpose_base,P-direct-none-paired_change,synthetic_all_nle,dimensionless NLE,0.0631938768455463,0.05844167219575417,0.06805314550758239,0.05783596267554636,0.06855179101554623,14,3,"descriptive crossed person/seed percentile bootstrap, 2000 draws, RNG731"
observation_by_extractor,occluded | vitpose_base,P-direct-none-paired_change,assignment_failure_rate,fraction,0.4650706782387645,0.44944702161625905,0.47866886175570633,0.45198227901023674,0.4781590774672922,14,3,"descriptive crossed person/seed percentile bootstrap, 2000 draws, RNG731"
observation_by_extractor,occluded | vitpose_base,P-direct-none-paired_change,left_excursion_error,degrees,27.158057098778404,24.038588914895325,30.686072479805578,23.602524747791147,30.713589449765646,14,3,"descriptive crossed person/seed percentile bootstrap, 2000 draws, RNG731"
observation_by_extractor,occluded | vitpose_base,P-direct-none-paired_change,right_excursion_error,degrees,27.952145315922024,24.687241177794036,31.70496202527193,24.149335584188684,31.754955047655358,14,3,"descriptive crossed person/seed percentile bootstrap, 2000 draws, RNG731"
observation_by_extractor,occluded | vitpose_base,P-direct-none-paired_change,response_error,degrees,23.754966300476998,17.213245724458265,30.926409536922684,16.253394953518573,31.25653764743543,14,3,"descriptive crossed person/seed percentile bootstrap, 2000 draws, RNG731"
observation_by_extractor,occluded | vitpose_base,P-direct-none-paired_change,zero_response_error,degrees,5.8108295340231875,5.565160012226307,6.043321949781563,5.534631934465794,6.087027133580581,14,3,"descriptive crossed person/seed percentile bootstrap, 2000 draws, RNG731"
observation_by_extractor,occluded | vitpose_base,P-direct-none-paired_change,response_failure_rate,fraction,0.02381962815990593,0.014676706716637268,0.03395344190917105,0.01323172706763749,0.03440752925217437,14,3,"descriptive crossed person/seed percentile bootstrap, 2000 draws, RNG731"
observation_by_extractor,occluded | vitpose_base,P-direct-none-paired_change,response_failure_contribution,degrees,17.150132275132275,10.567228835978836,24.446478174603175,9.526843488698994,24.773421061565557,14,3,"descriptive crossed person/seed percentile bootstrap, 2000 draws, RNG731"
observation_by_extractor,occluded | vitpose_base,P-direct-none-paired_change,response_success_contribution,degrees,6.604834025344725,6.219456398380773,7.03447936443698,6.146537699052503,7.06313035163695,14,3,"descriptive crossed person/seed percentile bootstrap, 2000 draws, RNG731"
observation_by_intervention,clear | False,F-response-coordinate_delta_v1-graph_time-base,A_error,degrees,7.77477597533222,6.2850671571563055,9.347616620581793,6.394352777098736,9.155199173565705,14,3,"descriptive crossed person/seed percentile bootstrap, 2000 draws, RNG731"
observation_by_intervention,clear | False,F-response-coordinate_delta_v1-graph_time-base,waveform_error,degrees,14.050436229661447,13.482792687229285,14.62111326797105,13.482505834891489,14.618366624431408,14,3,"descriptive crossed person/seed percentile bootstrap, 2000 draws, RNG731"
observation_by_intervention,clear | False,F-response-coordinate_delta_v1-graph_time-base,synthetic_all_nle,dimensionless NLE,0.05078866682975856,0.04805582805592065,0.05437183854064817,0.04724325306493692,0.05433408059458016,14,3,"descriptive crossed person/seed percentile bootstrap, 2000 draws, RNG731"
observation_by_intervention,clear | False,F-response-coordinate_delta_v1-graph_time-base,assignment_failure_rate,fraction,0.39561549115935624,0.3779391348984725,0.41913486824099067,0.37679849146426037,0.4144324908544521,14,3,"descriptive crossed person/seed percentile bootstrap, 2000 draws, RNG731"
observation_by_intervention,clear | False,F-response-coordinate_delta_v1-graph_time-base,left_excursion_error,degrees,24.409156879394367,22.077445844749697,26.590280640721993,21.8034149976005,27.014898761188235,14,3,"descriptive crossed person/seed percentile bootstrap, 2000 draws, RNG731"
observation_by_intervention,clear | False,F-response-coordinate_delta_v1-graph_time-base,right_excursion_error,degrees,22.362694420068877,20.17421341884221,24.639294358286374,20.513989886040026,24.211398954097735,14,3,"descriptive crossed person/seed percentile bootstrap, 2000 draws, RNG731"
observation_by_intervention,clear | False,F-response-coordinate_delta_v1-graph_time-base,response_error,degrees,4.175945398236358,3.9860757645623672,4.368347762876447,3.968218660417143,4.383672136055573,14,3,"descriptive crossed person/seed percentile bootstrap, 2000 draws, RNG731"
observation_by_intervention,clear | False,F-response-coordinate_delta_v1-graph_time-base,zero_response_error,degrees,4.103719929050653,3.9265094202807123,4.273990008694952,3.903084351712011,4.304355506389293,14,3,"descriptive crossed person/seed percentile bootstrap, 2000 draws, RNG731"
observation_by_intervention,clear | False,F-response-coordinate_delta_v1-graph_time-base,response_failure_rate,fraction,0.0,0.0,0.0,0.0,0.0,14,3,"descriptive crossed person/seed percentile bootstrap, 2000 draws, RNG731"
observation_by_intervention,clear | False,F-response-coordinate_delta_v1-graph_time-base,response_failure_contribution,degrees,0.0,0.0,0.0,0.0,0.0,14,3,"descriptive crossed person/seed percentile bootstrap, 2000 draws, RNG731"
observation_by_intervention,clear | False,F-response-coordinate_delta_v1-graph_time-base,response_success_contribution,degrees,4.175945398236358,3.9860757645623672,4.368347762876447,3.968218660417143,4.383672136055573,14,3,"descriptive crossed person/seed percentile bootstrap, 2000 draws, RNG731"
observation_by_intervention,clear | False,F-response-coordinate_delta_v1-graph_time-paired_change,A_error,degrees,10.719207667068751,7.620988786526798,13.526216102560783,9.263611324891471,12.174804009246028,14,3,"descriptive crossed person/seed percentile bootstrap, 2000 draws, RNG731"
observation_by_intervention,clear | False,F-response-coordinate_delta_v1-graph_time-paired_change,waveform_error,degrees,18.233583232775906,17.403701285594696,19.153973477460443,17.60695312575644,18.860213339795365,14,3,"descriptive crossed person/seed percentile bootstrap, 2000 draws, RNG731"
observation_by_intervention,clear | False,F-response-coordinate_delta_v1-graph_time-paired_change,synthetic_all_nle,dimensionless NLE,0.05722895006163083,0.05410037619100002,0.061340327453417644,0.053177422075456005,0.06128047804780569,14,3,"descriptive crossed person/seed percentile bootstrap, 2000 draws, RNG731"
observation_by_intervention,clear | False,F-response-coordinate_delta_v1-graph_time-paired_change,assignment_failure_rate,fraction,0.45492267784215623,0.4312566203911612,0.4770068114003445,0.43926203220762594,0.47058332347668674,14,3,"descriptive crossed person/seed percentile bootstrap, 2000 draws, RNG731"
observation_by_intervention,clear | False,F-response-coordinate_delta_v1-graph_time-paired_change,left_excursion_error,degrees,10.096553075616495,7.962404981536247,12.141777276893828,8.252683683875484,11.940422467357509,14,3,"descriptive crossed person/seed percentile bootstrap, 2000 draws, RNG731"
observation_by_intervention,clear | False,F-response-coordinate_delta_v1-graph_time-paired_change,right_excursion_error,degrees,15.116271395443002,9.570923988300246,20.226550157175353,12.507069307814058,17.72547348307195,14,3,"descriptive crossed person/seed percentile bootstrap, 2000 draws, RNG731"
observation_by_intervention,clear | False,F-response-coordinate_delta_v1-graph_time-paired_change,response_error,degrees,4.266671416587108,4.0599921784102,4.476755878634225,4.067153004921299,4.466189828252916,14,3,"descriptive crossed person/seed percentile bootstrap, 2000 draws, RNG731"
observation_by_intervention,clear | False,F-response-coordinate_delta_v1-graph_time-paired_change,zero_response_error,degrees,4.103719929050653,3.9265094202807123,4.273990008694952,3.903084351712011,4.304355506389293,14,3,"descriptive crossed person/seed percentile bootstrap, 2000 draws, RNG731"
observation_by_intervention,clear | False,F-response-coordinate_delta_v1-graph_time-paired_change,response_failure_rate,fraction,5.511463844797176e-05,0.0,0.00022045855379188703,-6.395329896730545e-05,0.00017418257586324898,14,3,"descriptive crossed person/seed percentile bootstrap, 2000 draws, RNG731"
observation_by_intervention,clear | False,F-response-coordinate_delta_v1-graph_time-paired_change,response_failure_contribution,degrees,0.03968253968253969,0.0,0.15873015873015875,-0.046046375256459986,0.12541145462153935,14,3,"descriptive crossed person/seed percentile bootstrap, 2000 draws, RNG731"
observation_by_intervention,clear | False,F-response-coordinate_delta_v1-graph_time-paired_change,response_success_contribution,degrees,4.226988876904567,4.021878879233354,4.4444193077635115,4.038612043565444,4.415365710243692,14,3,"descriptive crossed person/seed percentile bootstrap, 2000 draws, RNG731"
observation_by_intervention,clear | False,F-response-jepa_delta_v1-graph_time-base,A_error,degrees,8.405437727805488,6.996956051468168,10.091855083786179,6.949189900373174,9.861685555237802,14,3,"descriptive crossed person/seed percentile bootstrap, 2000 draws, RNG731"
observation_by_intervention,clear | False,F-response-jepa_delta_v1-graph_time-base,waveform_error,degrees,13.837604993936978,13.06578927783594,14.799817720223814,13.319803087021523,14.355406900852426,14,3,"descriptive crossed person/seed percentile bootstrap, 2000 draws, RNG731"
observation_by_intervention,clear | False,F-response-jepa_delta_v1-graph_time-base,synthetic_all_nle,dimensionless NLE,0.057425972803625616,0.05315070181035646,0.06298366091637764,0.05169223494055439,0.06315971066669684,14,3,"descriptive crossed person/seed percentile bootstrap, 2000 draws, RNG731"
observation_by_intervention,clear | False,F-response-jepa_delta_v1-graph_time-base,assignment_failure_rate,fraction,0.4576838822408619,0.44491447979171356,0.47029552894588056,0.4460151081290231,0.4693526563527006,14,3,"descriptive crossed person/seed percentile bootstrap, 2000 draws, RNG731"
observation_by_intervention,clear | False,F-response-jepa_delta_v1-graph_time-base,left_excursion_error,degrees,12.262012253380586,11.138984207719504,13.401604368231517,11.15863643749965,13.36538806926153,14,3,"descriptive crossed person/seed percentile bootstrap, 2000 draws, RNG731"
observation_by_intervention,clear | False,F-response-jepa_delta_v1-graph_time-base,right_excursion_error,degrees,10.41434058375927,9.163836205691464,11.640277818616113,9.484837277429351,11.343843890089184,14,3,"descriptive crossed person/seed percentile bootstrap, 2000 draws, RNG731"
observation_by_intervention,clear | False,F-response-jepa_delta_v1-graph_time-base,response_error,degrees,4.373472672847744,4.094752910488792,4.675186211129139,4.14215904353472,4.604786302160768,14,3,"descriptive crossed person/seed percentile bootstrap, 2000 draws, RNG731"
observation_by_intervention,clear | False,F-response-jepa_delta_v1-graph_time-base,zero_response_error,degrees,4.103719929050653,3.9265094202807123,4.273990008694952,3.903084351712011,4.304355506389293,14,3,"descriptive crossed person/seed percentile bootstrap, 2000 draws, RNG731"
observation_by_intervention,clear | False,F-response-jepa_delta_v1-graph_time-base,response_failure_rate,fraction,5.511463844797176e-05,0.0,0.00033068783068783056,-6.395329896730545e-05,0.00017418257586324898,14,3,"descriptive crossed person/seed percentile bootstrap, 2000 draws, RNG731"
observation_by_intervention,clear | False,F-response-jepa_delta_v1-graph_time-base,response_failure_contribution,degrees,0.03968253968253969,0.0,0.23809523809523808,-0.046046375256459986,0.12541145462153935,14,3,"descriptive crossed person/seed percentile bootstrap, 2000 draws, RNG731"
observation_by_intervention,clear | False,F-response-jepa_delta_v1-graph_time-base,response_success_contribution,degrees,4.333790133165205,4.062444771359678,4.650132171868805,4.1086605906539555,4.558919675676454,14,3,"descriptive crossed person/seed percentile bootstrap, 2000 draws, RNG731"
observation_by_intervention,clear | False,F-response-jepa_delta_v1-graph_time-paired_change,A_error,degrees,10.07303093583537,8.106019602254133,13.322470683199622,7.888723571364665,12.25733830030607,14,3,"descriptive crossed person/seed percentile bootstrap, 2000 draws, RNG731"
observation_by_intervention,clear | False,F-response-jepa_delta_v1-graph_time-paired_change,waveform_error,degrees,19.346260769199066,18.068918007285806,20.73526734391445,18.300811080551266,20.391710457846866,14,3,"descriptive crossed person/seed percentile bootstrap, 2000 draws, RNG731"
observation_by_intervention,clear | False,F-response-jepa_delta_v1-graph_time-paired_change,synthetic_all_nle,dimensionless NLE,0.06392875429750726,0.05976012683553097,0.06911329169284752,0.058668177772868535,0.06918933082214598,14,3,"descriptive crossed person/seed percentile bootstrap, 2000 draws, RNG731"
observation_by_intervention,clear | False,F-response-jepa_delta_v1-graph_time-paired_change,assignment_failure_rate,fraction,0.4781741538339709,0.46890931673858005,0.490267571866042,0.4698645011702405,0.4864838064977014,14,3,"descriptive crossed person/seed percentile bootstrap, 2000 draws, RNG731"
observation_by_intervention,clear | False,F-response-jepa_delta_v1-graph_time-paired_change,left_excursion_error,degrees,10.935258882756736,7.290173085372908,15.362804416887816,6.327742376771184,15.542775388742292,14,3,"descriptive crossed person/seed percentile bootstrap, 2000 draws, RNG731"
observation_by_intervention,clear | False,F-response-jepa_delta_v1-graph_time-paired_change,right_excursion_error,degrees,9.386423857707006,5.986681489074393,14.10353856982901,7.488174545066354,11.28467317034766,14,3,"descriptive crossed person/seed percentile bootstrap, 2000 draws, RNG731"
observation_by_intervention,clear | False,F-response-jepa_delta_v1-graph_time-paired_change,response_error,degrees,4.3319479224925415,4.111316617675681,4.55216722264562,4.1300345187264025,4.533861326258679,14,3,"descriptive crossed person/seed percentile bootstrap, 2000 draws, RNG731"
observation_by_intervention,clear | False,F-response-jepa_delta_v1-graph_time-paired_change,zero_response_error,degrees,4.103719929050653,3.9265094202807123,4.273990008694952,3.903084351712011,4.304355506389293,14,3,"descriptive crossed person/seed percentile bootstrap, 2000 draws, RNG731"
observation_by_intervention,clear | False,F-response-jepa_delta_v1-graph_time-paired_change,response_failure_rate,fraction,0.0,0.0,0.0,0.0,0.0,14,3,"descriptive crossed person/seed percentile bootstrap, 2000 draws, RNG731"
observation_by_intervention,clear | False,F-response-jepa_delta_v1-graph_time-paired_change,response_failure_contribution,degrees,0.0,0.0,0.0,0.0,0.0,14,3,"descriptive crossed person/seed percentile bootstrap, 2000 draws, RNG731"
observation_by_intervention,clear | False,F-response-jepa_delta_v1-graph_time-paired_change,response_success_contribution,degrees,4.3319479224925415,4.111316617675681,4.55216722264562,4.1300345187264025,4.533861326258679,14,3,"descriptive crossed person/seed percentile bootstrap, 2000 draws, RNG731"
observation_by_intervention,clear | False,F-response-jepa_endpoint_v1-graph_time-base,A_error,degrees,7.972792301724767,6.679113767538921,9.379549519695644,6.499694703496006,9.445889899953524,14,3,"descriptive crossed person/seed percentile bootstrap, 2000 draws, RNG731"
observation_by_intervention,clear | False,F-response-jepa_endpoint_v1-graph_time-base,waveform_error,degrees,13.461933615100225,12.974146483452452,13.989660029297614,13.024880992877957,13.898986237322497,14,3,"descriptive crossed person/seed percentile bootstrap, 2000 draws, RNG731"
observation_by_intervention,clear | False,F-response-jepa_endpoint_v1-graph_time-base,synthetic_all_nle,dimensionless NLE,0.057758798415944765,0.053315727799547,0.06353477199595449,0.05163636628857298,0.06388123054331654,14,3,"descriptive crossed person/seed percentile bootstrap, 2000 draws, RNG731"
observation_by_intervention,clear | False,F-response-jepa_endpoint_v1-graph_time-base,assignment_failure_rate,fraction,0.47080570545311257,0.4583640975172957,0.48474756088620274,0.4594254106664196,0.4821860002398055,14,3,"descriptive crossed person/seed percentile bootstrap, 2000 draws, RNG731"
observation_by_intervention,clear | False,F-response-jepa_endpoint_v1-graph_time-base,left_excursion_error,degrees,13.47993885067693,11.573546913717822,15.272162033362271,12.105490434833758,14.854387266520103,14,3,"descriptive crossed person/seed percentile bootstrap, 2000 draws, RNG731"
observation_by_intervention,clear | False,F-response-jepa_endpoint_v1-graph_time-base,right_excursion_error,degrees,13.041488927618033,10.556513366916887,15.552138295908959,11.915356167381795,14.167621687854279,14,3,"descriptive crossed person/seed percentile bootstrap, 2000 draws, RNG731"
observation_by_intervention,clear | False,F-response-jepa_endpoint_v1-graph_time-base,response_error,degrees,4.53030793464744,4.2978645469070536,4.739978896984169,4.31377670204702,4.746839167247858,14,3,"descriptive crossed person/seed percentile bootstrap, 2000 draws, RNG731"
observation_by_intervention,clear | False,F-response-jepa_endpoint_v1-graph_time-base,zero_response_error,degrees,4.103719929050653,3.9265094202807123,4.273990008694952,3.903084351712011,4.304355506389293,14,3,"descriptive crossed person/seed percentile bootstrap, 2000 draws, RNG731"
observation_by_intervention,clear | False,F-response-jepa_endpoint_v1-graph_time-base,response_failure_rate,fraction,5.51146384479717e-05,0.0,0.0002204585537918868,-6.395329896730542e-05,0.0001741825758632488,14,3,"descriptive crossed person/seed percentile bootstrap, 2000 draws, RNG731"
observation_by_intervention,clear | False,F-response-jepa_endpoint_v1-graph_time-base,response_failure_contribution,degrees,0.03968253968253969,0.0,0.15873015873015875,-0.046046375256459986,0.12541145462153935,14,3,"descriptive crossed person/seed percentile bootstrap, 2000 draws, RNG731"
observation_by_intervention,clear | False,F-response-jepa_endpoint_v1-graph_time-base,response_success_contribution,degrees,4.4906253949648995,4.2686783416973775,4.697124370748079,4.285535868316323,4.695714921613476,14,3,"descriptive crossed person/seed percentile bootstrap, 2000 draws, RNG731"
observation_by_intervention,clear | False,F-response-jepa_endpoint_v1-graph_time-paired_change,A_error,degrees,14.103234898412458,10.113337707561689,17.139956856203458,13.300979629335535,14.905490167489374,14,3,"descriptive crossed person/seed percentile bootstrap, 2000 draws, RNG731"
observation_by_intervention,clear | False,F-response-jepa_endpoint_v1-graph_time-paired_change,waveform_error,degrees,19.514678732778634,18.010392692485617,21.509716583870528,18.14782036577668,20.881537099780587,14,3,"descriptive crossed person/seed percentile bootstrap, 2000 draws, RNG731"
observation_by_intervention,clear | False,F-response-jepa_endpoint_v1-graph_time-paired_change,synthetic_all_nle,dimensionless NLE,0.0643789366646925,0.060199972827675634,0.06911624458104267,0.05938214424914839,0.06937572908023659,14,3,"descriptive crossed person/seed percentile bootstrap, 2000 draws, RNG731"
observation_by_intervention,clear | False,F-response-jepa_endpoint_v1-graph_time-paired_change,assignment_failure_rate,fraction,0.47264743611064325,0.4643626409132213,0.4815995969761068,0.4662869928043321,0.4790078794169545,14,3,"descriptive crossed person/seed percentile bootstrap, 2000 draws, RNG731"
observation_by_intervention,clear | False,F-response-jepa_endpoint_v1-graph_time-paired_change,left_excursion_error,degrees,10.416218244189784,6.828950013258769,15.94212597871117,7.167438336585379,13.664998151794185,14,3,"descriptive crossed person/seed percentile bootstrap, 2000 draws, RNG731"
observation_by_intervention,clear | False,F-response-jepa_endpoint_v1-graph_time-paired_change,right_excursion_error,degrees,10.14708812336729,5.644748910102976,14.498085281015,8.18175404830762,12.112422198426955,14,3,"descriptive crossed person/seed percentile bootstrap, 2000 draws, RNG731"
observation_by_intervention,clear | False,F-response-jepa_endpoint_v1-graph_time-paired_change,response_error,degrees,4.543203362203528,4.320923602147977,4.839418181975379,4.295484496220288,4.790922228186767,14,3,"descriptive crossed person/seed percentile bootstrap, 2000 draws, RNG731"
observation_by_intervention,clear | False,F-response-jepa_endpoint_v1-graph_time-paired_change,zero_response_error,degrees,4.103719929050653,3.9265094202807123,4.273990008694952,3.903084351712011,4.304355506389293,14,3,"descriptive crossed person/seed percentile bootstrap, 2000 draws, RNG731"
observation_by_intervention,clear | False,F-response-jepa_endpoint_v1-graph_time-paired_change,response_failure_rate,fraction,0.00011022927689594352,0.0,0.0006613756613756611,-0.0001279065979346109,0.00034836515172649796,14,3,"descriptive crossed person/seed percentile bootstrap, 2000 draws, RNG731"
observation_by_intervention,clear | False,F-response-jepa_endpoint_v1-graph_time-paired_change,response_failure_contribution,degrees,0.07936507936507937,0.0,0.47619047619047616,-0.09209275051291997,0.2508229092430787,14,3,"descriptive crossed person/seed percentile bootstrap, 2000 draws, RNG731"
observation_by_intervention,clear | False,F-response-jepa_endpoint_v1-graph_time-paired_change,response_success_contribution,degrees,4.463838282838449,4.287534871615481,4.6336273691900285,4.287772883929998,4.6399036817468975,14,3,"descriptive crossed person/seed percentile bootstrap, 2000 draws, RNG731"
observation_by_intervention,clear | False,I-initialized-none-base,A_error,degrees,8.005506983326294,6.9117441465673535,9.16455098744341,6.738925637535269,9.272088329117318,14,3,"descriptive crossed person/seed percentile bootstrap, 2000 draws, RNG731"
observation_by_intervention,clear | False,I-initialized-none-base,waveform_error,degrees,13.326206558785426,12.830206586615342,13.877729746251283,12.782519430337908,13.869893687232947,14,3,"descriptive crossed person/seed percentile bootstrap, 2000 draws, RNG731"
observation_by_intervention,clear | False,I-initialized-none-base,synthetic_all_nle,dimensionless NLE,0.062447623984323804,0.057513765747798186,0.06864062666800295,0.05620343082852875,0.06869181714011888,14,3,"descriptive crossed person/seed percentile bootstrap, 2000 draws, RNG731"
observation_by_intervention,clear | False,I-initialized-none-base,assignment_failure_rate,fraction,0.4788006331861351,0.4687447429549181,0.4911546002011001,0.4660528365842929,0.4915484297879769,14,3,"descriptive crossed person/seed percentile bootstrap, 2000 draws, RNG731"
observation_by_intervention,clear | False,I-initialized-none-base,left_excursion_error,degrees,6.543062078377908,5.973883664053513,7.117738114699329,5.970260965049168,7.115863191706645,14,3,"descriptive crossed person/seed percentile bootstrap, 2000 draws, RNG731"
observation_by_intervention,clear | False,I-initialized-none-base,right_excursion_error,degrees,5.8066383437114215,4.905754907217311,6.83607202276025,4.946285435765325,6.666991251657518,14,3,"descriptive crossed person/seed percentile bootstrap, 2000 draws, RNG731"
observation_by_intervention,clear | False,I-initialized-none-base,response_error,degrees,4.76382998301185,4.574182157170418,4.9730877383637235,4.537257711030272,4.990402254993428,14,3,"descriptive crossed person/seed percentile bootstrap, 2000 draws, RNG731"
observation_by_intervention,clear | False,I-initialized-none-base,zero_response_error,degrees,4.103719929050653,3.9265094202807123,4.273990008694952,3.903084351712011,4.304355506389293,14,3,"descriptive crossed person/seed percentile bootstrap, 2000 draws, RNG731"
observation_by_intervention,clear | False,I-initialized-none-base,response_failure_rate,fraction,0.0,0.0,0.0,0.0,0.0,14,3,"descriptive crossed person/seed percentile bootstrap, 2000 draws, RNG731"
observation_by_intervention,clear | False,I-initialized-none-base,response_failure_contribution,degrees,0.0,0.0,0.0,0.0,0.0,14,3,"descriptive crossed person/seed percentile bootstrap, 2000 draws, RNG731"
observation_by_intervention,clear | False,I-initialized-none-base,response_success_contribution,degrees,4.76382998301185,4.574182157170418,4.9730877383637235,4.537257711030272,4.990402254993428,14,3,"descriptive crossed person/seed percentile bootstrap, 2000 draws, RNG731"
observation_by_intervention,clear | False,I-initialized-none-paired_change,A_error,degrees,9.96952888985434,8.029468871886174,12.5955514318717,7.877350889619579,12.061706890089102,14,3,"descriptive crossed person/seed percentile bootstrap, 2000 draws, RNG731"
observation_by_intervention,clear | False,I-initialized-none-paired_change,waveform_error,degrees,19.66123762930207,18.71740170893265,20.86147621887818,18.573590352007262,20.748884906596874,14,3,"descriptive crossed person/seed percentile bootstrap, 2000 draws, RNG731"
observation_by_intervention,clear | False,I-initialized-none-paired_change,synthetic_all_nle,dimensionless NLE,0.06551424519949683,0.06278649482693038,0.06905969231389411,0.06192584122743823,0.06910264917155541,14,3,"descriptive crossed person/seed percentile bootstrap, 2000 draws, RNG731"
observation_by_intervention,clear | False,I-initialized-none-paired_change,assignment_failure_rate,fraction,0.4672817634825617,0.46271309703254276,0.47110234620994573,0.46342898774128616,0.4711345392238374,14,3,"descriptive crossed person/seed percentile bootstrap, 2000 draws, RNG731"
observation_by_intervention,clear | False,I-initialized-none-paired_change,left_excursion_error,degrees,14.013715967943567,10.277683489766716,18.519625996007523,10.290259723498991,17.73717221238814,14,3,"descriptive crossed person/seed percentile bootstrap, 2000 draws, RNG731"
observation_by_intervention,clear | False,I-initialized-none-paired_change,right_excursion_error,degrees,9.767232853543572,8.201763597903321,11.48688961262689,8.208758599943543,11.3257071071436,14,3,"descriptive crossed person/seed percentile bootstrap, 2000 draws, RNG731"
observation_by_intervention,clear | False,I-initialized-none-paired_change,response_error,degrees,4.6739834904614925,4.418110402009414,5.053060681975535,4.423396185684249,4.924570795238736,14,3,"descriptive crossed person/seed percentile bootstrap, 2000 draws, RNG731"
observation_by_intervention,clear | False,I-initialized-none-paired_change,zero_response_error,degrees,4.103719929050653,3.9265094202807123,4.273990008694952,3.903084351712011,4.304355506389293,14,3,"descriptive crossed person/seed percentile bootstrap, 2000 draws, RNG731"
observation_by_intervention,clear | False,I-initialized-none-paired_change,response_failure_rate,fraction,0.00011022927689594352,0.0,0.0006613756613756611,-0.0001279065979346109,0.00034836515172649796,14,3,"descriptive crossed person/seed percentile bootstrap, 2000 draws, RNG731"
observation_by_intervention,clear | False,I-initialized-none-paired_change,response_failure_contribution,degrees,0.07936507936507937,0.0,0.47619047619047616,-0.09209275051291997,0.2508229092430787,14,3,"descriptive crossed person/seed percentile bootstrap, 2000 draws, RNG731"
observation_by_intervention,clear | False,I-initialized-none-paired_change,response_success_contribution,degrees,4.594618411096413,4.402492656904891,4.773631518760547,4.409616437962708,4.7796203842301175,14,3,"descriptive crossed person/seed percentile bootstrap, 2000 draws, RNG731"
observation_by_intervention,clear | False,I-shuffled_jepa-graph_time-base,A_error,degrees,8.257490339201842,6.959544015810145,9.653341210852549,6.923946177261955,9.591034501141733,14,3,"descriptive crossed person/seed percentile bootstrap, 2000 draws, RNG731"
observation_by_intervention,clear | False,I-shuffled_jepa-graph_time-base,waveform_error,degrees,13.16456550240068,12.66048343961603,13.728263902383166,12.604854457298353,13.724276547503012,14,3,"descriptive crossed person/seed percentile bootstrap, 2000 draws, RNG731"
observation_by_intervention,clear | False,I-shuffled_jepa-graph_time-base,synthetic_all_nle,dimensionless NLE,0.0617944697989886,0.05674014248468843,0.067783526489039,0.05562228283164277,0.06796665676633437,14,3,"descriptive crossed person/seed percentile bootstrap, 2000 draws, RNG731"
observation_by_intervention,clear | False,I-shuffled_jepa-graph_time-base,assignment_failure_rate,fraction,0.4736897840110057,0.46556490061314365,0.48373892927813794,0.4636913770729852,0.4836881909490262,14,3,"descriptive crossed person/seed percentile bootstrap, 2000 draws, RNG731"
observation_by_intervention,clear | False,I-shuffled_jepa-graph_time-base,left_excursion_error,degrees,7.250421551143105,6.233748518221806,8.351132445679674,6.696872689462774,7.803970412823439,14,3,"descriptive crossed person/seed percentile bootstrap, 2000 draws, RNG731"
observation_by_intervention,clear | False,I-shuffled_jepa-graph_time-base,right_excursion_error,degrees,6.114364121034392,5.12044183709626,7.3836647745884445,5.194658602590071,7.034069639478711,14,3,"descriptive crossed person/seed percentile bootstrap, 2000 draws, RNG731"
observation_by_intervention,clear | False,I-shuffled_jepa-graph_time-base,response_error,degrees,4.659675353086938,4.438896914027534,4.888669612095509,4.443917866144651,4.875432840029226,14,3,"descriptive crossed person/seed percentile bootstrap, 2000 draws, RNG731"
observation_by_intervention,clear | False,I-shuffled_jepa-graph_time-base,zero_response_error,degrees,4.103719929050653,3.9265094202807123,4.273990008694952,3.903084351712011,4.304355506389293,14,3,"descriptive crossed person/seed percentile bootstrap, 2000 draws, RNG731"
observation_by_intervention,clear | False,I-shuffled_jepa-graph_time-base,response_failure_rate,fraction,0.0,0.0,0.0,0.0,0.0,14,3,"descriptive crossed person/seed percentile bootstrap, 2000 draws, RNG731"
observation_by_intervention,clear | False,I-shuffled_jepa-graph_time-base,response_failure_contribution,degrees,0.0,0.0,0.0,0.0,0.0,14,3,"descriptive crossed person/seed percentile bootstrap, 2000 draws, RNG731"
observation_by_intervention,clear | False,I-shuffled_jepa-graph_time-base,response_success_contribution,degrees,4.659675353086938,4.438896914027534,4.888669612095509,4.443917866144651,4.875432840029226,14,3,"descriptive crossed person/seed percentile bootstrap, 2000 draws, RNG731"
observation_by_intervention,clear | False,I-shuffled_jepa-graph_time-paired_change,A_error,degrees,8.883809261776694,7.6457996386480245,10.41536459225206,7.492086183508986,10.275532340044398,14,3,"descriptive crossed person/seed percentile bootstrap, 2000 draws, RNG731"
observation_by_intervention,clear | False,I-shuffled_jepa-graph_time-paired_change,waveform_error,degrees,18.637860939885666,17.633156945894186,19.930575067923503,17.752484041257777,19.523237838513555,14,3,"descriptive crossed person/seed percentile bootstrap, 2000 draws, RNG731"
observation_by_intervention,clear | False,I-shuffled_jepa-graph_time-paired_change,synthetic_all_nle,dimensionless NLE,0.06543399445777831,0.06274214276034706,0.06891754333177441,0.061889733988586444,0.06897825492697016,14,3,"descriptive crossed person/seed percentile bootstrap, 2000 draws, RNG731"
observation_by_intervention,clear | False,I-shuffled_jepa-graph_time-paired_change,assignment_failure_rate,fraction,0.4663643736273614,0.46104897422392327,0.4706191304828623,0.4630934320550271,0.4696353151996953,14,3,"descriptive crossed person/seed percentile bootstrap, 2000 draws, RNG731"
observation_by_intervention,clear | False,I-shuffled_jepa-graph_time-paired_change,left_excursion_error,degrees,12.321035824703218,9.642600757176279,15.384597586258607,9.593320552238804,15.048751097167628,14,3,"descriptive crossed person/seed percentile bootstrap, 2000 draws, RNG731"
observation_by_intervention,clear | False,I-shuffled_jepa-graph_time-paired_change,right_excursion_error,degrees,10.822613091591938,8.130103317416374,13.81347296016824,8.842382699682876,12.802843483501007,14,3,"descriptive crossed person/seed percentile bootstrap, 2000 draws, RNG731"
observation_by_intervention,clear | False,I-shuffled_jepa-graph_time-paired_change,response_error,degrees,5.345008963290941,4.429489125844127,7.165475929352946,4.5776310027210805,6.112386923860802,14,3,"descriptive crossed person/seed percentile bootstrap, 2000 draws, RNG731"
observation_by_intervention,clear | False,I-shuffled_jepa-graph_time-paired_change,zero_response_error,degrees,4.103719929050653,3.9265094202807123,4.273990008694952,3.903084351712011,4.304355506389293,14,3,"descriptive crossed person/seed percentile bootstrap, 2000 draws, RNG731"
observation_by_intervention,clear | False,I-shuffled_jepa-graph_time-paired_change,response_failure_rate,fraction,0.0011877204585537917,0.0,0.003803736772486768,7.837054531137757e-06,0.0023676038625764454,14,3,"descriptive crossed person/seed percentile bootstrap, 2000 draws, RNG731"
observation_by_intervention,clear | False,I-shuffled_jepa-graph_time-paired_change,response_failure_contribution,degrees,0.8551587301587302,0.0,2.738690476190473,0.005642679262419459,1.7046747810550409,14,3,"descriptive crossed person/seed percentile bootstrap, 2000 draws, RNG731"
observation_by_intervention,clear | False,I-shuffled_jepa-graph_time-paired_change,response_success_contribution,degrees,4.489850233132211,4.296368968285013,4.678286753083506,4.295672002985864,4.684028463278558,14,3,"descriptive crossed person/seed percentile bootstrap, 2000 draws, RNG731"
observation_by_intervention,clear | False,M-coordinate-graph_time-base,A_error,degrees,7.6740626482775065,6.367077444944752,9.041540258424618,6.292923276002492,9.055202020552525,14,3,"descriptive crossed person/seed percentile bootstrap, 2000 draws, RNG731"
observation_by_intervention,clear | False,M-coordinate-graph_time-base,waveform_error,degrees,13.528685460367512,12.990304137566552,14.030641962544422,12.959992796492022,14.09737812424301,14,3,"descriptive crossed person/seed percentile bootstrap, 2000 draws, RNG731"
observation_by_intervention,clear | False,M-coordinate-graph_time-base,synthetic_all_nle,dimensionless NLE,0.044199123797276245,0.04146578943623779,0.04755052896527412,0.04067049603070352,0.04772775156384897,14,3,"descriptive crossed person/seed percentile bootstrap, 2000 draws, RNG731"
observation_by_intervention,clear | False,M-coordinate-graph_time-base,assignment_failure_rate,fraction,0.3545830446147991,0.34104207390645186,0.3735444373061252,0.3391830542016289,0.3699830350279694,14,3,"descriptive crossed person/seed percentile bootstrap, 2000 draws, RNG731"
observation_by_intervention,clear | False,M-coordinate-graph_time-base,left_excursion_error,degrees,25.07919603912475,21.922860809824577,27.819318228914064,21.774909485876922,28.383482592372577,14,3,"descriptive crossed person/seed percentile bootstrap, 2000 draws, RNG731"
observation_by_intervention,clear | False,M-coordinate-graph_time-base,right_excursion_error,degrees,22.38088090986021,19.992900558418132,24.732170038413887,19.864082545905056,24.897679273815356,14,3,"descriptive crossed person/seed percentile bootstrap, 2000 draws, RNG731"
observation_by_intervention,clear | False,M-coordinate-graph_time-base,response_error,degrees,4.154938837460367,3.969251068637349,4.345187188562536,3.937189165108869,4.372688509811864,14,3,"descriptive crossed person/seed percentile bootstrap, 2000 draws, RNG731"
observation_by_intervention,clear | False,M-coordinate-graph_time-base,zero_response_error,degrees,4.103719929050653,3.9265094202807123,4.273990008694952,3.903084351712011,4.304355506389293,14,3,"descriptive crossed person/seed percentile bootstrap, 2000 draws, RNG731"
observation_by_intervention,clear | False,M-coordinate-graph_time-base,response_failure_rate,fraction,0.0,0.0,0.0,0.0,0.0,14,3,"descriptive crossed person/seed percentile bootstrap, 2000 draws, RNG731"
observation_by_intervention,clear | False,M-coordinate-graph_time-base,response_failure_contribution,degrees,0.0,0.0,0.0,0.0,0.0,14,3,"descriptive crossed person/seed percentile bootstrap, 2000 draws, RNG731"
observation_by_intervention,clear | False,M-coordinate-graph_time-base,response_success_contribution,degrees,4.154938837460367,3.969251068637349,4.345187188562536,3.937189165108869,4.372688509811864,14,3,"descriptive crossed person/seed percentile bootstrap, 2000 draws, RNG731"
observation_by_intervention,clear | False,M-coordinate-graph_time-paired_change,A_error,degrees,10.73826692831098,8.770430752239578,13.266151376048047,8.501547691017958,12.974986165603998,14,3,"descriptive crossed person/seed percentile bootstrap, 2000 draws, RNG731"
observation_by_intervention,clear | False,M-coordinate-graph_time-paired_change,waveform_error,degrees,18.801027567722684,18.064378253568556,19.738669250993176,17.933057821525228,19.66899731392014,14,3,"descriptive crossed person/seed percentile bootstrap, 2000 draws, RNG731"
observation_by_intervention,clear | False,M-coordinate-graph_time-paired_change,synthetic_all_nle,dimensionless NLE,0.051271285863690085,0.04817068263429456,0.055132547440459354,0.04736474856287591,0.0551778231645043,14,3,"descriptive crossed person/seed percentile bootstrap, 2000 draws, RNG731"
observation_by_intervention,clear | False,M-coordinate-graph_time-paired_change,assignment_failure_rate,fraction,0.41978669225425785,0.4082490760893759,0.4348372250073699,0.4048631012179375,0.4347102832905784,14,3,"descriptive crossed person/seed percentile bootstrap, 2000 draws, RNG731"
observation_by_intervention,clear | False,M-coordinate-graph_time-paired_change,left_excursion_error,degrees,7.1824234026232485,5.131920145720334,9.472934672213942,5.837849759013348,8.526997046233149,14,3,"descriptive crossed person/seed percentile bootstrap, 2000 draws, RNG731"
observation_by_intervention,clear | False,M-coordinate-graph_time-paired_change,right_excursion_error,degrees,10.072251789224108,7.433200936915241,13.38125578332434,7.449190673309516,12.6953129051387,14,3,"descriptive crossed person/seed percentile bootstrap, 2000 draws, RNG731"
observation_by_intervention,clear | False,M-coordinate-graph_time-paired_change,response_error,degrees,4.18873172593923,4.01368879509238,4.356536339928577,3.991714954211229,4.385748497667231,14,3,"descriptive crossed person/seed percentile bootstrap, 2000 draws, RNG731"
observation_by_intervention,clear | False,M-coordinate-graph_time-paired_change,zero_response_error,degrees,4.103719929050653,3.9265094202807123,4.273990008694952,3.903084351712011,4.304355506389293,14,3,"descriptive crossed person/seed percentile bootstrap, 2000 draws, RNG731"
observation_by_intervention,clear | False,M-coordinate-graph_time-paired_change,response_failure_rate,fraction,0.0,0.0,0.0,0.0,0.0,14,3,"descriptive crossed person/seed percentile bootstrap, 2000 draws, RNG731"
observation_by_intervention,clear | False,M-coordinate-graph_time-paired_change,response_failure_contribution,degrees,0.0,0.0,0.0,0.0,0.0,14,3,"descriptive crossed person/seed percentile bootstrap, 2000 draws, RNG731"
observation_by_intervention,clear | False,M-coordinate-graph_time-paired_change,response_success_contribution,degrees,4.18873172593923,4.01368879509238,4.356536339928577,3.991714954211229,4.385748497667231,14,3,"descriptive crossed person/seed percentile bootstrap, 2000 draws, RNG731"
observation_by_intervention,clear | False,M-paired_jepa-graph_time-base,A_error,degrees,8.291336521195916,6.9529201898103326,9.922816146098647,6.907796983738214,9.674876058653615,14,3,"descriptive crossed person/seed percentile bootstrap, 2000 draws, RNG731"
observation_by_intervention,clear | False,M-paired_jepa-graph_time-base,waveform_error,degrees,13.95427240308101,13.120749598997543,15.085240672794,13.395437270451813,14.513107535710192,14,3,"descriptive crossed person/seed percentile bootstrap, 2000 draws, RNG731"
observation_by_intervention,clear | False,M-paired_jepa-graph_time-base,synthetic_all_nle,dimensionless NLE,0.057231949844303895,0.05295687923883919,0.06284166192308224,0.051511677029913584,0.06295222265869421,14,3,"descriptive crossed person/seed percentile bootstrap, 2000 draws, RNG731"
observation_by_intervention,clear | False,M-paired_jepa-graph_time-base,assignment_failure_rate,fraction,0.4533465722869493,0.43803387026130175,0.4685135666790887,0.4407168401343708,0.4659763044395278,14,3,"descriptive crossed person/seed percentile bootstrap, 2000 draws, RNG731"
observation_by_intervention,clear | False,M-paired_jepa-graph_time-base,left_excursion_error,degrees,12.47461182908051,11.201669129815901,13.879264989117853,11.403746436948335,13.545477221212685,14,3,"descriptive crossed person/seed percentile bootstrap, 2000 draws, RNG731"
observation_by_intervention,clear | False,M-paired_jepa-graph_time-base,right_excursion_error,degrees,10.373236326736963,9.263775709747923,11.457605576339086,9.452287438282394,11.294185215191533,14,3,"descriptive crossed person/seed percentile bootstrap, 2000 draws, RNG731"
observation_by_intervention,clear | False,M-paired_jepa-graph_time-base,response_error,degrees,4.367318178712215,4.0592623718174226,4.705891630613973,4.1184613039116815,4.61617505351275,14,3,"descriptive crossed person/seed percentile bootstrap, 2000 draws, RNG731"
observation_by_intervention,clear | False,M-paired_jepa-graph_time-base,zero_response_error,degrees,4.103719929050653,3.9265094202807123,4.273990008694952,3.903084351712011,4.304355506389293,14,3,"descriptive crossed person/seed percentile bootstrap, 2000 draws, RNG731"
observation_by_intervention,clear | False,M-paired_jepa-graph_time-base,response_failure_rate,fraction,5.511463844797176e-05,0.0,0.00033068783068783056,-6.395329896730545e-05,0.00017418257586324898,14,3,"descriptive crossed person/seed percentile bootstrap, 2000 draws, RNG731"
observation_by_intervention,clear | False,M-paired_jepa-graph_time-base,response_failure_contribution,degrees,0.03968253968253969,0.0,0.23809523809523808,-0.046046375256459986,0.12541145462153935,14,3,"descriptive crossed person/seed percentile bootstrap, 2000 draws, RNG731"
observation_by_intervention,clear | False,M-paired_jepa-graph_time-base,response_success_contribution,degrees,4.327635639029675,4.022526008489436,4.676903749244732,4.083312928883048,4.571958349176304,14,3,"descriptive crossed person/seed percentile bootstrap, 2000 draws, RNG731"
observation_by_intervention,clear | False,M-paired_jepa-graph_time-paired_change,A_error,degrees,12.886617354335648,8.356397627375513,19.023153229656806,10.827371840869546,14.945862867801747,14,3,"descriptive crossed person/seed percentile bootstrap, 2000 draws, RNG731"
observation_by_intervention,clear | False,M-paired_jepa-graph_time-paired_change,waveform_error,degrees,20.402939604240654,19.396168267392945,21.566582469619874,19.32934805887401,21.476531149607304,14,3,"descriptive crossed person/seed percentile bootstrap, 2000 draws, RNG731"
observation_by_intervention,clear | False,M-paired_jepa-graph_time-paired_change,synthetic_all_nle,dimensionless NLE,0.06412627258207955,0.06012633509512523,0.06906497408602674,0.05905872184623808,0.06919382331792104,14,3,"descriptive crossed person/seed percentile bootstrap, 2000 draws, RNG731"
observation_by_intervention,clear | False,M-paired_jepa-graph_time-paired_change,assignment_failure_rate,fraction,0.4711598596319187,0.46424407108839283,0.4796010107756514,0.4634462659589564,0.478873453304881,14,3,"descriptive crossed person/seed percentile bootstrap, 2000 draws, RNG731"
observation_by_intervention,clear | False,M-paired_jepa-graph_time-paired_change,left_excursion_error,degrees,10.587945196292551,8.006591275976357,13.850017482348509,7.756845471575649,13.419044921009451,14,3,"descriptive crossed person/seed percentile bootstrap, 2000 draws, RNG731"
observation_by_intervention,clear | False,M-paired_jepa-graph_time-paired_change,right_excursion_error,degrees,11.042185068495515,7.6261050335975105,15.66975423094529,7.863094282307124,14.22127585468391,14,3,"descriptive crossed person/seed percentile bootstrap, 2000 draws, RNG731"
observation_by_intervention,clear | False,M-paired_jepa-graph_time-paired_change,response_error,degrees,4.31516823083046,4.082529470543207,4.550049959601999,4.106381302377042,4.5239551592838785,14,3,"descriptive crossed person/seed percentile bootstrap, 2000 draws, RNG731"
observation_by_intervention,clear | False,M-paired_jepa-graph_time-paired_change,zero_response_error,degrees,4.103719929050653,3.9265094202807123,4.273990008694952,3.903084351712011,4.304355506389293,14,3,"descriptive crossed person/seed percentile bootstrap, 2000 draws, RNG731"
observation_by_intervention,clear | False,M-paired_jepa-graph_time-paired_change,response_failure_rate,fraction,0.0,0.0,0.0,0.0,0.0,14,3,"descriptive crossed person/seed percentile bootstrap, 2000 draws, RNG731"
observation_by_intervention,clear | False,M-paired_jepa-graph_time-paired_change,response_failure_contribution,degrees,0.0,0.0,0.0,0.0,0.0,14,3,"descriptive crossed person/seed percentile bootstrap, 2000 draws, RNG731"
observation_by_intervention,clear | False,M-paired_jepa-graph_time-paired_change,response_success_contribution,degrees,4.31516823083046,4.082529470543207,4.550049959601999,4.106381302377042,4.5239551592838785,14,3,"descriptive crossed person/seed percentile bootstrap, 2000 draws, RNG731"
observation_by_intervention,clear | False,P-direct-none-base,A_error,degrees,6.265116119951391,5.599883379624893,7.031021278017922,5.5014497140774745,7.028782525825309,14,3,"descriptive crossed person/seed percentile bootstrap, 2000 draws, RNG731"
observation_by_intervention,clear | False,P-direct-none-base,waveform_error,degrees,7.619453131027073,7.179309373170393,8.032912686073924,7.231169493786286,8.007736768267858,14,3,"descriptive crossed person/seed percentile bootstrap, 2000 draws, RNG731"
observation_by_intervention,clear | False,P-direct-none-base,synthetic_all_nle,dimensionless NLE,0.01951935120859337,0.017953990589379173,0.021555486899384337,0.017404837205653514,0.021633865211533237,14,3,"descriptive crossed person/seed percentile bootstrap, 2000 draws, RNG731"
observation_by_intervention,clear | False,P-direct-none-base,assignment_failure_rate,fraction,0.06991776017634611,0.05955666144363759,0.08503586114451295,0.054579823096321096,0.08525569725637115,14,3,"descriptive crossed person/seed percentile bootstrap, 2000 draws, RNG731"
observation_by_intervention,clear | False,P-direct-none-base,left_excursion_error,degrees,7.787982304084076,6.616241497938575,8.941037629531323,6.9351798193206395,8.640784788847514,14,3,"descriptive crossed person/seed percentile bootstrap, 2000 draws, RNG731"
observation_by_intervention,clear | False,P-direct-none-base,right_excursion_error,degrees,7.220538307177175,6.250216998390345,8.255836016900934,6.285867292671177,8.15520932168317,14,3,"descriptive crossed person/seed percentile bootstrap, 2000 draws, RNG731"
observation_by_intervention,clear | False,P-direct-none-base,response_error,degrees,2.7855400680645466,2.6595541889361494,2.904001589117695,2.648820675498264,2.9222594606308308,14,3,"descriptive crossed person/seed percentile bootstrap, 2000 draws, RNG731"
observation_by_intervention,clear | False,P-direct-none-base,zero_response_error,degrees,4.103719929050653,3.9265094202807123,4.273990008694952,3.903084351712011,4.304355506389293,14,3,"descriptive crossed person/seed percentile bootstrap, 2000 draws, RNG731"
observation_by_intervention,clear | False,P-direct-none-base,response_failure_rate,fraction,0.0,0.0,0.0,0.0,0.0,14,3,"descriptive crossed person/seed percentile bootstrap, 2000 draws, RNG731"
observation_by_intervention,clear | False,P-direct-none-base,response_failure_contribution,degrees,0.0,0.0,0.0,0.0,0.0,14,3,"descriptive crossed person/seed percentile bootstrap, 2000 draws, RNG731"
observation_by_intervention,clear | False,P-direct-none-base,response_success_contribution,degrees,2.7855400680645466,2.6595541889361494,2.904001589117695,2.648820675498264,2.9222594606308308,14,3,"descriptive crossed person/seed percentile bootstrap, 2000 draws, RNG731"
observation_by_intervention,clear | False,P-direct-none-paired_change,A_error,degrees,12.815488360306167,12.093618081601026,13.787929637643229,12.271363714850873,13.359613005761469,14,3,"descriptive crossed person/seed percentile bootstrap, 2000 draws, RNG731"
observation_by_intervention,clear | False,P-direct-none-paired_change,waveform_error,degrees,15.795845169076708,15.155847986161632,16.443317042588852,15.341759792718644,16.249930545434776,14,3,"descriptive crossed person/seed percentile bootstrap, 2000 draws, RNG731"
observation_by_intervention,clear | False,P-direct-none-paired_change,synthetic_all_nle,dimensionless NLE,0.04470016456094207,0.04112413629759737,0.04921832220379541,0.040115567629700415,0.04928476149218373,14,3,"descriptive crossed person/seed percentile bootstrap, 2000 draws, RNG731"
observation_by_intervention,clear | False,P-direct-none-paired_change,assignment_failure_rate,fraction,0.3336455733556739,0.31159143412225987,0.3615661133874204,0.30586947621067223,0.3614216705006756,14,3,"descriptive crossed person/seed percentile bootstrap, 2000 draws, RNG731"
observation_by_intervention,clear | False,P-direct-none-paired_change,left_excursion_error,degrees,7.49165761807285,6.007983889944922,9.196306848044845,6.798938692719409,8.18437654342629,14,3,"descriptive crossed person/seed percentile bootstrap, 2000 draws, RNG731"
observation_by_intervention,clear | False,P-direct-none-paired_change,right_excursion_error,degrees,7.750714089312528,6.1423775966166785,9.388067488288145,6.966216310423259,8.535211868201797,14,3,"descriptive crossed person/seed percentile bootstrap, 2000 draws, RNG731"
observation_by_intervention,clear | False,P-direct-none-paired_change,response_error,degrees,3.6741022449196223,3.361196564626992,4.036721240474844,3.3671598423853597,3.981044647453886,14,3,"descriptive crossed person/seed percentile bootstrap, 2000 draws, RNG731"
observation_by_intervention,clear | False,P-direct-none-paired_change,zero_response_error,degrees,4.103719929050653,3.9265094202807123,4.273990008694952,3.903084351712011,4.304355506389293,14,3,"descriptive crossed person/seed percentile bootstrap, 2000 draws, RNG731"
observation_by_intervention,clear | False,P-direct-none-paired_change,response_failure_rate,fraction,0.00016534391534391528,0.0,0.0006613756613756611,-9.257789703937138e-05,0.00042326572772720194,14,3,"descriptive crossed person/seed percentile bootstrap, 2000 draws, RNG731"
observation_by_intervention,clear | False,P-direct-none-paired_change,response_failure_contribution,degrees,0.11904761904761904,0.0,0.47619047619047616,-0.06665608586834747,0.30475132396358556,14,3,"descriptive crossed person/seed percentile bootstrap, 2000 draws, RNG731"
observation_by_intervention,clear | False,P-direct-none-paired_change,response_success_contribution,degrees,3.5550546258720033,3.3025441923423293,3.8484146440817844,3.288048596977031,3.8220606547669775,14,3,"descriptive crossed person/seed percentile bootstrap, 2000 draws, RNG731"
observation_by_intervention,clear | True,F-response-coordinate_delta_v1-graph_time-base,A_error,degrees,9.99086758561639,8.892228534748227,11.107049033355631,8.815348519294368,11.166386651938414,14,3,"descriptive crossed person/seed percentile bootstrap, 2000 draws, RNG731"
observation_by_intervention,clear | True,F-response-coordinate_delta_v1-graph_time-base,waveform_error,degrees,14.82996905316127,14.238629460379556,15.404521114848357,14.243209219404953,15.416728886917578,14,3,"descriptive crossed person/seed percentile bootstrap, 2000 draws, RNG731"
observation_by_intervention,clear | True,F-response-coordinate_delta_v1-graph_time-base,synthetic_all_nle,dimensionless NLE,0.05114687403451022,0.04842320698701704,0.05470600520695525,0.04761786701607229,0.05467588105294817,14,3,"descriptive crossed person/seed percentile bootstrap, 2000 draws, RNG731"
observation_by_intervention,clear | True,F-response-coordinate_delta_v1-graph_time-base,assignment_failure_rate,fraction,0.3966445591306108,0.3789543403371524,0.42022878892278986,0.37791483145327226,0.41537428680794936,14,3,"descriptive crossed person/seed percentile bootstrap, 2000 draws, RNG731"
observation_by_intervention,clear | True,F-response-coordinate_delta_v1-graph_time-base,left_excursion_error,degrees,26.71734689723831,24.471408395740937,28.951692102139173,24.152998645931014,29.28169514854561,14,3,"descriptive crossed person/seed percentile bootstrap, 2000 draws, RNG731"
observation_by_intervention,clear | True,F-response-coordinate_delta_v1-graph_time-base,right_excursion_error,degrees,25.116585834845317,22.992662611635556,27.32209899064975,23.189661788861812,27.043509880828815,14,3,"descriptive crossed person/seed percentile bootstrap, 2000 draws, RNG731"
observation_by_intervention,clear | True,F-response-coordinate_delta_v1-graph_time-base,response_error,degrees,9.31956523756171,8.867444613849848,9.747366626761913,8.850248961776416,9.788881513347,14,3,"descriptive crossed person/seed percentile bootstrap, 2000 draws, RNG731"
observation_by_intervention,clear | True,F-response-coordinate_delta_v1-graph_time-base,zero_response_error,degrees,9.225048743968259,8.820021770707251,9.591880192453514,8.77620840798765,9.673889079948864,14,3,"descriptive crossed person/seed percentile bootstrap, 2000 draws, RNG731"
observation_by_intervention,clear | True,F-response-coordinate_delta_v1-graph_time-base,response_failure_rate,fraction,0.0,0.0,0.0,0.0,0.0,14,3,"descriptive crossed person/seed percentile bootstrap, 2000 draws, RNG731"
observation_by_intervention,clear | True,F-response-coordinate_delta_v1-graph_time-base,response_failure_contribution,degrees,0.0,0.0,0.0,0.0,0.0,14,3,"descriptive crossed person/seed percentile bootstrap, 2000 draws, RNG731"
observation_by_intervention,clear | True,F-response-coordinate_delta_v1-graph_time-base,response_success_contribution,degrees,9.31956523756171,8.867444613849848,9.747366626761913,8.850248961776416,9.788881513347,14,3,"descriptive crossed person/seed percentile bootstrap, 2000 draws, RNG731"
observation_by_intervention,clear | True,F-response-coordinate_delta_v1-graph_time-paired_change,A_error,degrees,12.452873213223603,9.657182379252406,14.824554970520136,10.975105761009686,13.930640665437515,14,3,"descriptive crossed person/seed percentile bootstrap, 2000 draws, RNG731"
observation_by_intervention,clear | True,F-response-coordinate_delta_v1-graph_time-paired_change,waveform_error,degrees,18.954196815874496,18.166898319287395,19.830013177144636,18.362897250527517,19.545496381221476,14,3,"descriptive crossed person/seed percentile bootstrap, 2000 draws, RNG731"
observation_by_intervention,clear | True,F-response-coordinate_delta_v1-graph_time-paired_change,synthetic_all_nle,dimensionless NLE,0.05761278577062075,0.05450037154131858,0.06170170811339114,0.05358019835272947,0.06164537318851202,14,3,"descriptive crossed person/seed percentile bootstrap, 2000 draws, RNG731"
observation_by_intervention,clear | True,F-response-coordinate_delta_v1-graph_time-paired_change,assignment_failure_rate,fraction,0.4549035502947898,0.43099542498042054,0.4769651797268223,0.43928835376790837,0.47051874682167133,14,3,"descriptive crossed person/seed percentile bootstrap, 2000 draws, RNG731"
observation_by_intervention,clear | True,F-response-coordinate_delta_v1-graph_time-paired_change,left_excursion_error,degrees,11.458322328120376,9.547339120958501,13.577439602440876,9.707123776769496,13.209520879471256,14,3,"descriptive crossed person/seed percentile bootstrap, 2000 draws, RNG731"
observation_by_intervention,clear | True,F-response-coordinate_delta_v1-graph_time-paired_change,right_excursion_error,degrees,17.433984455785385,11.45316489201041,22.95618596355392,14.500992878287505,20.366976033283258,14,3,"descriptive crossed person/seed percentile bootstrap, 2000 draws, RNG731"
observation_by_intervention,clear | True,F-response-coordinate_delta_v1-graph_time-paired_change,response_error,degrees,9.4840553029837,8.981991050850494,9.994717313393156,9.008297708882784,9.959812897084616,14,3,"descriptive crossed person/seed percentile bootstrap, 2000 draws, RNG731"
observation_by_intervention,clear | True,F-response-coordinate_delta_v1-graph_time-paired_change,zero_response_error,degrees,9.225048743968259,8.820021770707251,9.591880192453514,8.77620840798765,9.673889079948864,14,3,"descriptive crossed person/seed percentile bootstrap, 2000 draws, RNG731"
observation_by_intervention,clear | True,F-response-coordinate_delta_v1-graph_time-paired_change,response_failure_rate,fraction,5.511463844797176e-05,0.0,0.00022045855379188703,-6.395329896730545e-05,0.00017418257586324898,14,3,"descriptive crossed person/seed percentile bootstrap, 2000 draws, RNG731"
observation_by_intervention,clear | True,F-response-coordinate_delta_v1-graph_time-paired_change,response_failure_contribution,degrees,0.03968253968253969,0.0,0.15873015873015875,-0.046046375256459986,0.12541145462153935,14,3,"descriptive crossed person/seed percentile bootstrap, 2000 draws, RNG731"
observation_by_intervention,clear | True,F-response-coordinate_delta_v1-graph_time-paired_change,response_success_contribution,degrees,9.44437276330116,8.932642816402245,9.975154488276578,8.975680694926393,9.913064831675928,14,3,"descriptive crossed person/seed percentile bootstrap, 2000 draws, RNG731"
observation_by_intervention,clear | True,F-response-jepa_delta_v1-graph_time-base,A_error,degrees,10.520769920079593,9.24140202120603,12.160399505819747,9.075784096909048,11.965755743250137,14,3,"descriptive crossed person/seed percentile bootstrap, 2000 draws, RNG731"
observation_by_intervention,clear | True,F-response-jepa_delta_v1-graph_time-base,waveform_error,degrees,14.670756673237095,13.89021531280696,15.635732922008211,14.140409184818079,15.201104161656115,14,3,"descriptive crossed person/seed percentile bootstrap, 2000 draws, RNG731"
observation_by_intervention,clear | True,F-response-jepa_delta_v1-graph_time-base,synthetic_all_nle,dimensionless NLE,0.05780229627415465,0.05352154834260926,0.06335253709513901,0.05208450900153045,0.06352008354677888,14,3,"descriptive crossed person/seed percentile bootstrap, 2000 draws, RNG731"
observation_by_intervention,clear | True,F-response-jepa_delta_v1-graph_time-base,assignment_failure_rate,fraction,0.4577572385605265,0.4452043405586348,0.4700948397551523,0.44629291443943775,0.4692215626816151,14,3,"descriptive crossed person/seed percentile bootstrap, 2000 draws, RNG731"
observation_by_intervention,clear | True,F-response-jepa_delta_v1-graph_time-base,left_excursion_error,degrees,13.249473700923549,12.155318876592682,14.519558517011149,12.130821917304587,14.368125484542503,14,3,"descriptive crossed person/seed percentile bootstrap, 2000 draws, RNG731"
observation_by_intervention,clear | True,F-response-jepa_delta_v1-graph_time-base,right_excursion_error,degrees,12.028872673834863,10.838656101554882,13.200492533763363,11.042230378602731,13.015514969066999,14,3,"descriptive crossed person/seed percentile bootstrap, 2000 draws, RNG731"
observation_by_intervention,clear | True,F-response-jepa_delta_v1-graph_time-base,response_error,degrees,9.731293841470366,9.148861070625633,10.359080945909925,9.242270503020238,10.220317179920494,14,3,"descriptive crossed person/seed percentile bootstrap, 2000 draws, RNG731"
observation_by_intervention,clear | True,F-response-jepa_delta_v1-graph_time-base,zero_response_error,degrees,9.225048743968259,8.820021770707251,9.591880192453514,8.77620840798765,9.673889079948864,14,3,"descriptive crossed person/seed percentile bootstrap, 2000 draws, RNG731"
observation_by_intervention,clear | True,F-response-jepa_delta_v1-graph_time-base,response_failure_rate,fraction,5.511463844797176e-05,0.0,0.00033068783068783056,-6.395329896730545e-05,0.00017418257586324898,14,3,"descriptive crossed person/seed percentile bootstrap, 2000 draws, RNG731"
observation_by_intervention,clear | True,F-response-jepa_delta_v1-graph_time-base,response_failure_contribution,degrees,0.03968253968253969,0.0,0.23809523809523808,-0.046046375256459986,0.12541145462153935,14,3,"descriptive crossed person/seed percentile bootstrap, 2000 draws, RNG731"
observation_by_intervention,clear | True,F-response-jepa_delta_v1-graph_time-base,response_success_contribution,degrees,9.691611301787827,9.127021162273014,10.342461880588909,9.207474109618317,10.175748493957336,14,3,"descriptive crossed person/seed percentile bootstrap, 2000 draws, RNG731"
observation_by_intervention,clear | True,F-response-jepa_delta_v1-graph_time-paired_change,A_error,degrees,12.012581951930631,10.245327888101738,14.773242424723994,10.01101078789583,14.014153115965433,14,3,"descriptive crossed person/seed percentile bootstrap, 2000 draws, RNG731"
observation_by_intervention,clear | True,F-response-jepa_delta_v1-graph_time-paired_change,waveform_error,degrees,20.04769238342331,18.82778656604995,21.39005484244465,19.039255754321257,21.05612901252537,14,3,"descriptive crossed person/seed percentile bootstrap, 2000 draws, RNG731"
observation_by_intervention,clear | True,F-response-jepa_delta_v1-graph_time-paired_change,synthetic_all_nle,dimensionless NLE,0.06428667515628268,0.06012883173587136,0.06944703522465798,0.05903571410585209,0.06953763620671329,14,3,"descriptive crossed person/seed percentile bootstrap, 2000 draws, RNG731"
observation_by_intervention,clear | True,F-response-jepa_delta_v1-graph_time-paired_change,assignment_failure_rate,fraction,0.4780641460510143,0.4688803347359281,0.49002026315501496,0.4698057833684185,0.48632250873361016,14,3,"descriptive crossed person/seed percentile bootstrap, 2000 draws, RNG731"
observation_by_intervention,clear | True,F-response-jepa_delta_v1-graph_time-paired_change,left_excursion_error,degrees,10.638755723814027,7.506940163829154,14.521378051283634,6.684075181032931,14.593436266595123,14,3,"descriptive crossed person/seed percentile bootstrap, 2000 draws, RNG731"
observation_by_intervention,clear | True,F-response-jepa_delta_v1-graph_time-paired_change,right_excursion_error,degrees,9.301536376769585,6.892774864123062,12.583946641432886,7.671460996797265,10.931611756741905,14,3,"descriptive crossed person/seed percentile bootstrap, 2000 draws, RNG731"
observation_by_intervention,clear | True,F-response-jepa_delta_v1-graph_time-paired_change,response_error,degrees,9.63759224421079,9.172025393383473,10.045428627805153,9.226382391228748,10.048802097192835,14,3,"descriptive crossed person/seed percentile bootstrap, 2000 draws, RNG731"
observation_by_intervention,clear | True,F-response-jepa_delta_v1-graph_time-paired_change,zero_response_error,degrees,9.225048743968259,8.820021770707251,9.591880192453514,8.77620840798765,9.673889079948864,14,3,"descriptive crossed person/seed percentile bootstrap, 2000 draws, RNG731"
observation_by_intervention,clear | True,F-response-jepa_delta_v1-graph_time-paired_change,response_failure_rate,fraction,0.0,0.0,0.0,0.0,0.0,14,3,"descriptive crossed person/seed percentile bootstrap, 2000 draws, RNG731"
observation_by_intervention,clear | True,F-response-jepa_delta_v1-graph_time-paired_change,response_failure_contribution,degrees,0.0,0.0,0.0,0.0,0.0,14,3,"descriptive crossed person/seed percentile bootstrap, 2000 draws, RNG731"
observation_by_intervention,clear | True,F-response-jepa_delta_v1-graph_time-paired_change,response_success_contribution,degrees,9.63759224421079,9.172025393383473,10.045428627805153,9.226382391228748,10.048802097192835,14,3,"descriptive crossed person/seed percentile bootstrap, 2000 draws, RNG731"
observation_by_intervention,clear | True,F-response-jepa_endpoint_v1-graph_time-base,A_error,degrees,10.733324232432206,9.422097171188685,12.389380418233126,9.150978192171168,12.315670272693245,14,3,"descriptive crossed person/seed percentile bootstrap, 2000 draws, RNG731"
observation_by_intervention,clear | True,F-response-jepa_endpoint_v1-graph_time-base,waveform_error,degrees,14.304449236295776,13.816202441555376,14.838640407971958,13.861298635591279,14.747599837000276,14,3,"descriptive crossed person/seed percentile bootstrap, 2000 draws, RNG731"
observation_by_intervention,clear | True,F-response-jepa_endpoint_v1-graph_time-base,synthetic_all_nle,dimensionless NLE,0.05813724091108458,0.05369251990165073,0.06389691145662985,0.0520299150884502,0.06424456673371896,14,3,"descriptive crossed person/seed percentile bootstrap, 2000 draws, RNG731"
observation_by_intervention,clear | True,F-response-jepa_endpoint_v1-graph_time-base,assignment_failure_rate,fraction,0.4708087711601637,0.45864060851544913,0.48441995070239857,0.4596649039096356,0.4819526384106915,14,3,"descriptive crossed person/seed percentile bootstrap, 2000 draws, RNG731"
observation_by_intervention,clear | True,F-response-jepa_endpoint_v1-graph_time-base,left_excursion_error,degrees,14.522845441209974,12.578540518224365,16.355798010554306,13.282209190640744,15.76348169177921,14,3,"descriptive crossed person/seed percentile bootstrap, 2000 draws, RNG731"
observation_by_intervention,clear | True,F-response-jepa_endpoint_v1-graph_time-base,right_excursion_error,degrees,14.53116953705731,12.072433176424278,17.06166285498317,13.373198975678006,15.689140098436619,14,3,"descriptive crossed person/seed percentile bootstrap, 2000 draws, RNG731"
observation_by_intervention,clear | True,F-response-jepa_endpoint_v1-graph_time-base,response_error,degrees,9.977783776371172,9.503375917143899,10.418498251611249,9.536538933977802,10.419028618764546,14,3,"descriptive crossed person/seed percentile bootstrap, 2000 draws, RNG731"
observation_by_intervention,clear | True,F-response-jepa_endpoint_v1-graph_time-base,zero_response_error,degrees,9.225048743968259,8.820021770707251,9.591880192453514,8.77620840798765,9.673889079948864,14,3,"descriptive crossed person/seed percentile bootstrap, 2000 draws, RNG731"
observation_by_intervention,clear | True,F-response-jepa_endpoint_v1-graph_time-base,response_failure_rate,fraction,0.0,0.0,0.0,0.0,0.0,14,3,"descriptive crossed person/seed percentile bootstrap, 2000 draws, RNG731"
observation_by_intervention,clear | True,F-response-jepa_endpoint_v1-graph_time-base,response_failure_contribution,degrees,0.0,0.0,0.0,0.0,0.0,14,3,"descriptive crossed person/seed percentile bootstrap, 2000 draws, RNG731"
observation_by_intervention,clear | True,F-response-jepa_endpoint_v1-graph_time-base,response_success_contribution,degrees,9.977783776371172,9.503375917143899,10.418498251611249,9.536538933977802,10.419028618764546,14,3,"descriptive crossed person/seed percentile bootstrap, 2000 draws, RNG731"
observation_by_intervention,clear | True,F-response-jepa_endpoint_v1-graph_time-paired_change,A_error,degrees,16.01631142659145,12.593693605439102,18.743554891245683,14.932611991094756,17.100010862088144,14,3,"descriptive crossed person/seed percentile bootstrap, 2000 draws, RNG731"
observation_by_intervention,clear | True,F-response-jepa_endpoint_v1-graph_time-paired_change,waveform_error,degrees,20.232425085257468,18.79391491758179,22.171904832161175,18.906217053365513,21.55863311714943,14,3,"descriptive crossed person/seed percentile bootstrap, 2000 draws, RNG731"
observation_by_intervention,clear | True,F-response-jepa_endpoint_v1-graph_time-paired_change,synthetic_all_nle,dimensionless NLE,0.0647411642150596,0.06057034485806066,0.06946630305118216,0.059753330737224226,0.06972899769289495,14,3,"descriptive crossed person/seed percentile bootstrap, 2000 draws, RNG731"
observation_by_intervention,clear | True,F-response-jepa_endpoint_v1-graph_time-paired_change,assignment_failure_rate,fraction,0.47243738660821666,0.46419045249939295,0.4814108951752177,0.466144200605776,0.47873057261065743,14,3,"descriptive crossed person/seed percentile bootstrap, 2000 draws, RNG731"
observation_by_intervention,clear | True,F-response-jepa_endpoint_v1-graph_time-paired_change,left_excursion_error,degrees,10.85131998806909,8.112271562484793,15.31051891583003,8.198405234192794,13.504234741945382,14,3,"descriptive crossed person/seed percentile bootstrap, 2000 draws, RNG731"
observation_by_intervention,clear | True,F-response-jepa_endpoint_v1-graph_time-paired_change,right_excursion_error,degrees,10.53596987311265,6.489634876842155,14.39719768345394,8.773777731796045,12.298162014429256,14,3,"descriptive crossed person/seed percentile bootstrap, 2000 draws, RNG731"
observation_by_intervention,clear | True,F-response-jepa_endpoint_v1-graph_time-paired_change,response_error,degrees,9.950395278569443,9.4956299172841,10.420279610375042,9.438404087376396,10.462386469762494,14,3,"descriptive crossed person/seed percentile bootstrap, 2000 draws, RNG731"
observation_by_intervention,clear | True,F-response-jepa_endpoint_v1-graph_time-paired_change,zero_response_error,degrees,9.225048743968259,8.820021770707251,9.591880192453514,8.77620840798765,9.673889079948864,14,3,"descriptive crossed person/seed percentile bootstrap, 2000 draws, RNG731"
observation_by_intervention,clear | True,F-response-jepa_endpoint_v1-graph_time-paired_change,response_failure_rate,fraction,0.00016534391534391528,0.0,0.0006613756613756611,-0.00019185989690191646,0.0005225477275897471,14,3,"descriptive crossed person/seed percentile bootstrap, 2000 draws, RNG731"
observation_by_intervention,clear | True,F-response-jepa_endpoint_v1-graph_time-paired_change,response_failure_contribution,degrees,0.11904761904761904,0.0,0.47619047619047616,-0.13813912576937992,0.37623436386461806,14,3,"descriptive crossed person/seed percentile bootstrap, 2000 draws, RNG731"
observation_by_intervention,clear | True,F-response-jepa_endpoint_v1-graph_time-paired_change,response_success_contribution,degrees,9.831347659521825,9.426542439316886,10.18934757141282,9.417079654564057,10.245615664479592,14,3,"descriptive crossed person/seed percentile bootstrap, 2000 draws, RNG731"
observation_by_intervention,clear | True,I-initialized-none-base,A_error,degrees,10.884408370127497,9.593720600951146,12.48740586444117,9.28499570726017,12.483821032994827,14,3,"descriptive crossed person/seed percentile bootstrap, 2000 draws, RNG731"
observation_by_intervention,clear | True,I-initialized-none-base,waveform_error,degrees,14.22623346476915,13.729920174873238,14.775428893495263,13.675831787720815,14.776635141817478,14,3,"descriptive crossed person/seed percentile bootstrap, 2000 draws, RNG731"
observation_by_intervention,clear | True,I-initialized-none-base,synthetic_all_nle,dimensionless NLE,0.06279514335014452,0.05785225333791302,0.06899041438163547,0.05655354444406494,0.06903674225622407,14,3,"descriptive crossed person/seed percentile bootstrap, 2000 draws, RNG731"
observation_by_intervention,clear | True,I-initialized-none-base,assignment_failure_rate,fraction,0.47871176883889144,0.468703189767273,0.4910411746235941,0.46597793074437127,0.4914456069334116,14,3,"descriptive crossed person/seed percentile bootstrap, 2000 draws, RNG731"
observation_by_intervention,clear | True,I-initialized-none-base,left_excursion_error,degrees,7.559081800734203,6.81578391756411,8.309915131814648,6.760032217663774,8.358131383804633,14,3,"descriptive crossed person/seed percentile bootstrap, 2000 draws, RNG731"
observation_by_intervention,clear | True,I-initialized-none-base,right_excursion_error,degrees,7.1170457527538895,6.153660917742602,8.197099228318407,6.161335367725096,8.072756137782685,14,3,"descriptive crossed person/seed percentile bootstrap, 2000 draws, RNG731"
observation_by_intervention,clear | True,I-initialized-none-base,response_error,degrees,10.399315941482218,10.015045860399912,10.803622698812683,9.940076740602493,10.858555142361954,14,3,"descriptive crossed person/seed percentile bootstrap, 2000 draws, RNG731"
observation_by_intervention,clear | True,I-initialized-none-base,zero_response_error,degrees,9.225048743968259,8.820021770707251,9.591880192453514,8.77620840798765,9.673889079948864,14,3,"descriptive crossed person/seed percentile bootstrap, 2000 draws, RNG731"
observation_by_intervention,clear | True,I-initialized-none-base,response_failure_rate,fraction,0.0,0.0,0.0,0.0,0.0,14,3,"descriptive crossed person/seed percentile bootstrap, 2000 draws, RNG731"
observation_by_intervention,clear | True,I-initialized-none-base,response_failure_contribution,degrees,0.0,0.0,0.0,0.0,0.0,14,3,"descriptive crossed person/seed percentile bootstrap, 2000 draws, RNG731"
observation_by_intervention,clear | True,I-initialized-none-base,response_success_contribution,degrees,10.399315941482218,10.015045860399912,10.803622698812683,9.940076740602493,10.858555142361954,14,3,"descriptive crossed person/seed percentile bootstrap, 2000 draws, RNG731"
observation_by_intervention,clear | True,I-initialized-none-paired_change,A_error,degrees,12.209942656112059,10.37948618111359,14.58875866890453,10.35275771259589,14.067127599628227,14,3,"descriptive crossed person/seed percentile bootstrap, 2000 draws, RNG731"
observation_by_intervention,clear | True,I-initialized-none-paired_change,waveform_error,degrees,20.39240094606544,19.483201366059024,21.57937126988784,19.327413263421324,21.457388628709555,14,3,"descriptive crossed person/seed percentile bootstrap, 2000 draws, RNG731"
observation_by_intervention,clear | True,I-initialized-none-paired_change,synthetic_all_nle,dimensionless NLE,0.06586480777311608,0.06313659053832268,0.06939816178272983,0.06228054580307435,0.06944906974315782,14,3,"descriptive crossed person/seed percentile bootstrap, 2000 draws, RNG731"
observation_by_intervention,clear | True,I-initialized-none-paired_change,assignment_failure_rate,fraction,0.4671637435590585,0.4625783643992208,0.47097778493938114,0.46332714606330233,0.47100034105481453,14,3,"descriptive crossed person/seed percentile bootstrap, 2000 draws, RNG731"
observation_by_intervention,clear | True,I-initialized-none-paired_change,left_excursion_error,degrees,13.452973674858125,10.309276199078491,17.427484976781187,10.177421022375956,16.728526327340294,14,3,"descriptive crossed person/seed percentile bootstrap, 2000 draws, RNG731"
observation_by_intervention,clear | True,I-initialized-none-paired_change,right_excursion_error,degrees,9.433259822198872,8.207271600259093,10.859573439207082,8.105249640159744,10.761270004238003,14,3,"descriptive crossed person/seed percentile bootstrap, 2000 draws, RNG731"
observation_by_intervention,clear | True,I-initialized-none-paired_change,response_error,degrees,10.102032871262969,9.683816654251093,10.575600675272778,9.678123423434034,10.5259423190919,14,3,"descriptive crossed person/seed percentile bootstrap, 2000 draws, RNG731"
observation_by_intervention,clear | True,I-initialized-none-paired_change,zero_response_error,degrees,9.225048743968259,8.820021770707251,9.591880192453514,8.77620840798765,9.673889079948864,14,3,"descriptive crossed person/seed percentile bootstrap, 2000 draws, RNG731"
observation_by_intervention,clear | True,I-initialized-none-paired_change,response_failure_rate,fraction,0.00011022927689594352,0.0,0.0006613756613756611,-0.0001279065979346109,0.00034836515172649796,14,3,"descriptive crossed person/seed percentile bootstrap, 2000 draws, RNG731"
observation_by_intervention,clear | True,I-initialized-none-paired_change,response_failure_contribution,degrees,0.07936507936507937,0.0,0.47619047619047616,-0.09209275051291997,0.2508229092430787,14,3,"descriptive crossed person/seed percentile bootstrap, 2000 draws, RNG731"
observation_by_intervention,clear | True,I-initialized-none-paired_change,response_success_contribution,degrees,10.022667791897888,9.650982784463828,10.374587042011328,9.639314335365949,10.406021248429827,14,3,"descriptive crossed person/seed percentile bootstrap, 2000 draws, RNG731"
observation_by_intervention,clear | True,I-shuffled_jepa-graph_time-base,A_error,degrees,11.004861285179363,9.830246519596754,12.503038662644288,9.548194194840873,12.461528375517856,14,3,"descriptive crossed person/seed percentile bootstrap, 2000 draws, RNG731"
observation_by_intervention,clear | True,I-shuffled_jepa-graph_time-base,waveform_error,degrees,14.064838705499183,13.535415571895872,14.644916126136076,13.485241575806876,14.644435835191485,14,3,"descriptive crossed person/seed percentile bootstrap, 2000 draws, RNG731"
observation_by_intervention,clear | True,I-shuffled_jepa-graph_time-base,synthetic_all_nle,dimensionless NLE,0.06214070222834915,0.057090773958192585,0.0681239485878742,0.055975070889291184,0.06830633356740713,14,3,"descriptive crossed person/seed percentile bootstrap, 2000 draws, RNG731"
observation_by_intervention,clear | True,I-shuffled_jepa-graph_time-base,assignment_failure_rate,fraction,0.47358141285716904,0.4654827084806218,0.4836173994934871,0.46363677521299507,0.4835260505013431,14,3,"descriptive crossed person/seed percentile bootstrap, 2000 draws, RNG731"
observation_by_intervention,clear | True,I-shuffled_jepa-graph_time-base,left_excursion_error,degrees,8.224752533859409,7.210984500623103,9.299256064828997,7.528368870864668,8.92113619685415,14,3,"descriptive crossed person/seed percentile bootstrap, 2000 draws, RNG731"
observation_by_intervention,clear | True,I-shuffled_jepa-graph_time-base,right_excursion_error,degrees,7.537122094327408,6.539727234969718,8.74383576467399,6.585890649621364,8.48835353903345,14,3,"descriptive crossed person/seed percentile bootstrap, 2000 draws, RNG731"
observation_by_intervention,clear | True,I-shuffled_jepa-graph_time-base,response_error,degrees,10.239917292573486,9.73471960806625,10.736302832764817,9.745383314080568,10.734451271066403,14,3,"descriptive crossed person/seed percentile bootstrap, 2000 draws, RNG731"
observation_by_intervention,clear | True,I-shuffled_jepa-graph_time-base,zero_response_error,degrees,9.225048743968259,8.820021770707251,9.591880192453514,8.77620840798765,9.673889079948864,14,3,"descriptive crossed person/seed percentile bootstrap, 2000 draws, RNG731"
observation_by_intervention,clear | True,I-shuffled_jepa-graph_time-base,response_failure_rate,fraction,0.0,0.0,0.0,0.0,0.0,14,3,"descriptive crossed person/seed percentile bootstrap, 2000 draws, RNG731"
observation_by_intervention,clear | True,I-shuffled_jepa-graph_time-base,response_failure_contribution,degrees,0.0,0.0,0.0,0.0,0.0,14,3,"descriptive crossed person/seed percentile bootstrap, 2000 draws, RNG731"
observation_by_intervention,clear | True,I-shuffled_jepa-graph_time-base,response_success_contribution,degrees,10.239917292573486,9.73471960806625,10.736302832764817,9.745383314080568,10.734451271066403,14,3,"descriptive crossed person/seed percentile bootstrap, 2000 draws, RNG731"
observation_by_intervention,clear | True,I-shuffled_jepa-graph_time-paired_change,A_error,degrees,11.447029101374435,10.132874929061353,12.944068362492354,10.122454387881941,12.771603814866921,14,3,"descriptive crossed person/seed percentile bootstrap, 2000 draws, RNG731"
observation_by_intervention,clear | True,I-shuffled_jepa-graph_time-paired_change,waveform_error,degrees,19.482990307647356,18.50833552354298,20.756027424770018,18.610382578306353,20.355598036988358,14,3,"descriptive crossed person/seed percentile bootstrap, 2000 draws, RNG731"
observation_by_intervention,clear | True,I-shuffled_jepa-graph_time-paired_change,synthetic_all_nle,dimensionless NLE,0.06578420017180207,0.06308089166690628,0.06925794110499685,0.06224314817828668,0.06932525216531747,14,3,"descriptive crossed person/seed percentile bootstrap, 2000 draws, RNG731"
observation_by_intervention,clear | True,I-shuffled_jepa-graph_time-paired_change,assignment_failure_rate,fraction,0.4663247858432528,0.4609911457928593,0.4705797781056823,0.4630813616309669,0.46956821005553884,14,3,"descriptive crossed person/seed percentile bootstrap, 2000 draws, RNG731"
observation_by_intervention,clear | True,I-shuffled_jepa-graph_time-paired_change,left_excursion_error,degrees,11.95196207154063,9.68860974320263,14.603374026387433,9.588092663448785,14.315831479632473,14,3,"descriptive crossed person/seed percentile bootstrap, 2000 draws, RNG731"
observation_by_intervention,clear | True,I-shuffled_jepa-graph_time-paired_change,right_excursion_error,degrees,10.382879716707091,8.147031166832967,13.000173040408635,8.591878155815508,12.173881277598671,14,3,"descriptive crossed person/seed percentile bootstrap, 2000 draws, RNG731"
observation_by_intervention,clear | True,I-shuffled_jepa-graph_time-paired_change,response_error,degrees,10.869770647728021,9.861965542754607,12.59578156771374,10.197395089135124,11.542146206320918,14,3,"descriptive crossed person/seed percentile bootstrap, 2000 draws, RNG731"
observation_by_intervention,clear | True,I-shuffled_jepa-graph_time-paired_change,zero_response_error,degrees,9.225048743968259,8.820021770707251,9.591880192453514,8.77620840798765,9.673889079948864,14,3,"descriptive crossed person/seed percentile bootstrap, 2000 draws, RNG731"
observation_by_intervention,clear | True,I-shuffled_jepa-graph_time-paired_change,response_failure_rate,fraction,0.0013999118165784832,0.0,0.004034391534391534,0.00020884782351785164,0.002590975809639115,14,3,"descriptive crossed person/seed percentile bootstrap, 2000 draws, RNG731"
observation_by_intervention,clear | True,I-shuffled_jepa-graph_time-paired_change,response_failure_contribution,degrees,1.007936507936508,0.0,2.9047619047619047,0.1503704329328528,1.865502582940163,14,3,"descriptive crossed person/seed percentile bootstrap, 2000 draws, RNG731"
observation_by_intervention,clear | True,I-shuffled_jepa-graph_time-paired_change,response_success_contribution,degrees,9.861834139791515,9.463353455471761,10.245333225285718,9.454096496198094,10.269571783384933,14,3,"descriptive crossed person/seed percentile bootstrap, 2000 draws, RNG731"
observation_by_intervention,clear | True,M-coordinate-graph_time-base,A_error,degrees,9.97583530505631,8.834306301933742,11.21623170534265,8.712111767717658,11.239558842394956,14,3,"descriptive crossed person/seed percentile bootstrap, 2000 draws, RNG731"
observation_by_intervention,clear | True,M-coordinate-graph_time-base,waveform_error,degrees,14.299648588260439,13.745797108602803,14.820696298894525,13.708060359471991,14.891236817048886,14,3,"descriptive crossed person/seed percentile bootstrap, 2000 draws, RNG731"
observation_by_intervention,clear | True,M-coordinate-graph_time-base,synthetic_all_nle,dimensionless NLE,0.04456584685682704,0.04183609112705567,0.04791036486516126,0.04104573904526831,0.04808595466838577,14,3,"descriptive crossed person/seed percentile bootstrap, 2000 draws, RNG731"
observation_by_intervention,clear | True,M-coordinate-graph_time-base,assignment_failure_rate,fraction,0.3555529443585896,0.3420331897085752,0.3743991565086538,0.34032630787357543,0.37077958084360374,14,3,"descriptive crossed person/seed percentile bootstrap, 2000 draws, RNG731"
observation_by_intervention,clear | True,M-coordinate-graph_time-base,left_excursion_error,degrees,27.33647077345937,24.1284691923315,30.148246096778085,24.000681529129697,30.672260017789046,14,3,"descriptive crossed person/seed percentile bootstrap, 2000 draws, RNG731"
observation_by_intervention,clear | True,M-coordinate-graph_time-base,right_excursion_error,degrees,24.856425256375864,22.34218625057548,27.330213174698088,22.204281913206255,27.508568599545466,14,3,"descriptive crossed person/seed percentile bootstrap, 2000 draws, RNG731"
observation_by_intervention,clear | True,M-coordinate-graph_time-base,response_error,degrees,9.235118247541752,8.81517687123383,9.622197654703118,8.778296569231003,9.691939925852498,14,3,"descriptive crossed person/seed percentile bootstrap, 2000 draws, RNG731"
observation_by_intervention,clear | True,M-coordinate-graph_time-base,zero_response_error,degrees,9.225048743968259,8.820021770707251,9.591880192453514,8.77620840798765,9.673889079948864,14,3,"descriptive crossed person/seed percentile bootstrap, 2000 draws, RNG731"
observation_by_intervention,clear | True,M-coordinate-graph_time-base,response_failure_rate,fraction,0.0,0.0,0.0,0.0,0.0,14,3,"descriptive crossed person/seed percentile bootstrap, 2000 draws, RNG731"
observation_by_intervention,clear | True,M-coordinate-graph_time-base,response_failure_contribution,degrees,0.0,0.0,0.0,0.0,0.0,14,3,"descriptive crossed person/seed percentile bootstrap, 2000 draws, RNG731"
observation_by_intervention,clear | True,M-coordinate-graph_time-base,response_success_contribution,degrees,9.235118247541752,8.81517687123383,9.622197654703118,8.778296569231003,9.691939925852498,14,3,"descriptive crossed person/seed percentile bootstrap, 2000 draws, RNG731"
observation_by_intervention,clear | True,M-coordinate-graph_time-paired_change,A_error,degrees,12.273131540742435,10.705203157527205,14.656735993185892,10.207356975392631,14.338906106092239,14,3,"descriptive crossed person/seed percentile bootstrap, 2000 draws, RNG731"
observation_by_intervention,clear | True,M-coordinate-graph_time-paired_change,waveform_error,degrees,19.421057950502146,18.7260994650141,20.331991102776197,18.592873895974126,20.249242005030172,14,3,"descriptive crossed person/seed percentile bootstrap, 2000 draws, RNG731"
observation_by_intervention,clear | True,M-coordinate-graph_time-paired_change,synthetic_all_nle,dimensionless NLE,0.0516506595250969,0.048546211683039533,0.05549142986993072,0.047755274750849036,0.05554604429934476,14,3,"descriptive crossed person/seed percentile bootstrap, 2000 draws, RNG731"
observation_by_intervention,clear | True,M-coordinate-graph_time-paired_change,assignment_failure_rate,fraction,0.4205138757504646,0.40915927024484644,0.43555596746815756,0.40575817988016105,0.43526957162076807,14,3,"descriptive crossed person/seed percentile bootstrap, 2000 draws, RNG731"
observation_by_intervention,clear | True,M-coordinate-graph_time-paired_change,left_excursion_error,degrees,8.471551417298562,6.544367242851158,10.585079692971748,7.235915524173395,9.707187310423729,14,3,"descriptive crossed person/seed percentile bootstrap, 2000 draws, RNG731"
observation_by_intervention,clear | True,M-coordinate-graph_time-paired_change,right_excursion_error,degrees,10.864847826227848,8.241716939125954,13.79501627799153,8.950731705708582,12.778963946747107,14,3,"descriptive crossed person/seed percentile bootstrap, 2000 draws, RNG731"
observation_by_intervention,clear | True,M-coordinate-graph_time-paired_change,response_error,degrees,9.376149897005877,8.971168634346771,9.748357571634445,8.940650622888313,9.811649171123442,14,3,"descriptive crossed person/seed percentile bootstrap, 2000 draws, RNG731"
observation_by_intervention,clear | True,M-coordinate-graph_time-paired_change,zero_response_error,degrees,9.225048743968259,8.820021770707251,9.591880192453514,8.77620840798765,9.673889079948864,14,3,"descriptive crossed person/seed percentile bootstrap, 2000 draws, RNG731"
observation_by_intervention,clear | True,M-coordinate-graph_time-paired_change,response_failure_rate,fraction,0.0,0.0,0.0,0.0,0.0,14,3,"descriptive crossed person/seed percentile bootstrap, 2000 draws, RNG731"
observation_by_intervention,clear | True,M-coordinate-graph_time-paired_change,response_failure_contribution,degrees,0.0,0.0,0.0,0.0,0.0,14,3,"descriptive crossed person/seed percentile bootstrap, 2000 draws, RNG731"
observation_by_intervention,clear | True,M-coordinate-graph_time-paired_change,response_success_contribution,degrees,9.376149897005877,8.971168634346771,9.748357571634445,8.940650622888313,9.811649171123442,14,3,"descriptive crossed person/seed percentile bootstrap, 2000 draws, RNG731"
observation_by_intervention,clear | True,M-paired_jepa-graph_time-base,A_error,degrees,10.454714853145795,9.110693215801257,12.273899510296836,8.991599379101736,11.917830327189858,14,3,"descriptive crossed person/seed percentile bootstrap, 2000 draws, RNG731"
observation_by_intervention,clear | True,M-paired_jepa-graph_time-base,waveform_error,degrees,14.7810450766328,13.939582030115615,15.907475062395326,14.213349156384819,15.348740996880792,14,3,"descriptive crossed person/seed percentile bootstrap, 2000 draws, RNG731"
observation_by_intervention,clear | True,M-paired_jepa-graph_time-base,synthetic_all_nle,dimensionless NLE,0.057608154811897606,0.05334301368391169,0.06319686939209457,0.05190384901921633,0.06331246060457887,14,3,"descriptive crossed person/seed percentile bootstrap, 2000 draws, RNG731"
observation_by_intervention,clear | True,M-paired_jepa-graph_time-base,assignment_failure_rate,fraction,0.4534610320198631,0.438383809452893,0.4684822269699775,0.4410231780098966,0.4658988860298296,14,3,"descriptive crossed person/seed percentile bootstrap, 2000 draws, RNG731"
observation_by_intervention,clear | True,M-paired_jepa-graph_time-base,left_excursion_error,degrees,13.483810075739205,12.379451625565856,14.737429082924512,12.390306373219579,14.577313778258828,14,3,"descriptive crossed person/seed percentile bootstrap, 2000 draws, RNG731"
observation_by_intervention,clear | True,M-paired_jepa-graph_time-base,right_excursion_error,degrees,11.973324574841895,10.936466110640152,13.019146635369353,11.041731342472813,12.904917807210976,14,3,"descriptive crossed person/seed percentile bootstrap, 2000 draws, RNG731"
observation_by_intervention,clear | True,M-paired_jepa-graph_time-base,response_error,degrees,9.726792995458608,9.080973935337807,10.453137268883143,9.213138615502608,10.240447375414611,14,3,"descriptive crossed person/seed percentile bootstrap, 2000 draws, RNG731"
observation_by_intervention,clear | True,M-paired_jepa-graph_time-base,zero_response_error,degrees,9.225048743968259,8.820021770707251,9.591880192453514,8.77620840798765,9.673889079948864,14,3,"descriptive crossed person/seed percentile bootstrap, 2000 draws, RNG731"
observation_by_intervention,clear | True,M-paired_jepa-graph_time-base,response_failure_rate,fraction,5.511463844797176e-05,0.0,0.00033068783068783056,-6.395329896730545e-05,0.00017418257586324898,14,3,"descriptive crossed person/seed percentile bootstrap, 2000 draws, RNG731"
observation_by_intervention,clear | True,M-paired_jepa-graph_time-base,response_failure_contribution,degrees,0.03968253968253969,0.0,0.23809523809523808,-0.046046375256459986,0.12541145462153935,14,3,"descriptive crossed person/seed percentile bootstrap, 2000 draws, RNG731"
observation_by_intervention,clear | True,M-paired_jepa-graph_time-base,response_success_contribution,degrees,9.687110455776068,9.053441613147244,10.431554144390093,9.177392316413473,10.196828595138664,14,3,"descriptive crossed person/seed percentile bootstrap, 2000 draws, RNG731"
observation_by_intervention,clear | True,M-paired_jepa-graph_time-paired_change,A_error,degrees,14.307933582853014,10.604518361537837,19.449896391525076,12.414540781406746,16.201326384299282,14,3,"descriptive crossed person/seed percentile bootstrap, 2000 draws, RNG731"
observation_by_intervention,clear | True,M-paired_jepa-graph_time-paired_change,waveform_error,degrees,21.101065241857928,20.11953983552719,22.22882152887083,20.059230741100293,22.142899742615562,14,3,"descriptive crossed person/seed percentile bootstrap, 2000 draws, RNG731"
observation_by_intervention,clear | True,M-paired_jepa-graph_time-paired_change,synthetic_all_nle,dimensionless NLE,0.06448205664756258,0.06049190101624521,0.06940315418007412,0.05942399789019906,0.0695401154049261,14,3,"descriptive crossed person/seed percentile bootstrap, 2000 draws, RNG731"
observation_by_intervention,clear | True,M-paired_jepa-graph_time-paired_change,assignment_failure_rate,fraction,0.4709848247544993,0.4641543479304924,0.47937011183657213,0.46335276223334776,0.4786168872756509,14,3,"descriptive crossed person/seed percentile bootstrap, 2000 draws, RNG731"
observation_by_intervention,clear | True,M-paired_jepa-graph_time-paired_change,left_excursion_error,degrees,10.84854857476149,8.579719095258474,13.457505888250436,8.46331405411104,13.233783095411939,14,3,"descriptive crossed person/seed percentile bootstrap, 2000 draws, RNG731"
observation_by_intervention,clear | True,M-paired_jepa-graph_time-paired_change,right_excursion_error,degrees,10.388654785048077,7.622956515760638,14.238102925548288,7.556625415271482,13.220684154824673,14,3,"descriptive crossed person/seed percentile bootstrap, 2000 draws, RNG731"
observation_by_intervention,clear | True,M-paired_jepa-graph_time-paired_change,response_error,degrees,9.64019032320109,9.151004261544086,10.098218226974344,9.175551531593042,10.10482911480914,14,3,"descriptive crossed person/seed percentile bootstrap, 2000 draws, RNG731"
observation_by_intervention,clear | True,M-paired_jepa-graph_time-paired_change,zero_response_error,degrees,9.225048743968259,8.820021770707251,9.591880192453514,8.77620840798765,9.673889079948864,14,3,"descriptive crossed person/seed percentile bootstrap, 2000 draws, RNG731"
observation_by_intervention,clear | True,M-paired_jepa-graph_time-paired_change,response_failure_rate,fraction,0.0,0.0,0.0,0.0,0.0,14,3,"descriptive crossed person/seed percentile bootstrap, 2000 draws, RNG731"
observation_by_intervention,clear | True,M-paired_jepa-graph_time-paired_change,response_failure_contribution,degrees,0.0,0.0,0.0,0.0,0.0,14,3,"descriptive crossed person/seed percentile bootstrap, 2000 draws, RNG731"
observation_by_intervention,clear | True,M-paired_jepa-graph_time-paired_change,response_success_contribution,degrees,9.64019032320109,9.151004261544086,10.098218226974344,9.175551531593042,10.10482911480914,14,3,"descriptive crossed person/seed percentile bootstrap, 2000 draws, RNG731"
observation_by_intervention,clear | True,P-direct-none-base,A_error,degrees,7.518621998951591,6.807108225183172,8.308483229345187,6.678136043344214,8.359107954558972,14,3,"descriptive crossed person/seed percentile bootstrap, 2000 draws, RNG731"
observation_by_intervention,clear | True,P-direct-none-base,waveform_error,degrees,8.036688550073974,7.59729050482704,8.444193870058342,7.654075380884887,8.419301719263053,14,3,"descriptive crossed person/seed percentile bootstrap, 2000 draws, RNG731"
observation_by_intervention,clear | True,P-direct-none-base,synthetic_all_nle,dimensionless NLE,0.019803324528025173,0.018234116380214497,0.02185314198765962,0.017685657374271847,0.021920991681778492,14,3,"descriptive crossed person/seed percentile bootstrap, 2000 draws, RNG731"
observation_by_intervention,clear | True,P-direct-none-base,assignment_failure_rate,fraction,0.07101795931358142,0.06057946806954154,0.08645164483905265,0.055462944894603274,0.08657297373255955,14,3,"descriptive crossed person/seed percentile bootstrap, 2000 draws, RNG731"
observation_by_intervention,clear | True,P-direct-none-base,left_excursion_error,degrees,9.440390397857138,8.11878590485472,10.735121272117981,8.445360833515123,10.435419962199147,14,3,"descriptive crossed person/seed percentile bootstrap, 2000 draws, RNG731"
observation_by_intervention,clear | True,P-direct-none-base,right_excursion_error,degrees,8.901216090327676,7.781403666572887,10.084849837194653,7.833334761935125,9.969097418720228,14,3,"descriptive crossed person/seed percentile bootstrap, 2000 draws, RNG731"
observation_by_intervention,clear | True,P-direct-none-base,response_error,degrees,6.120877728734169,5.845970026753841,6.350433474889247,5.838851476938429,6.402903980529911,14,3,"descriptive crossed person/seed percentile bootstrap, 2000 draws, RNG731"
observation_by_intervention,clear | True,P-direct-none-base,zero_response_error,degrees,9.225048743968259,8.820021770707251,9.591880192453514,8.77620840798765,9.673889079948864,14,3,"descriptive crossed person/seed percentile bootstrap, 2000 draws, RNG731"
observation_by_intervention,clear | True,P-direct-none-base,response_failure_rate,fraction,0.0,0.0,0.0,0.0,0.0,14,3,"descriptive crossed person/seed percentile bootstrap, 2000 draws, RNG731"
observation_by_intervention,clear | True,P-direct-none-base,response_failure_contribution,degrees,0.0,0.0,0.0,0.0,0.0,14,3,"descriptive crossed person/seed percentile bootstrap, 2000 draws, RNG731"
observation_by_intervention,clear | True,P-direct-none-base,response_success_contribution,degrees,6.120877728734169,5.845970026753841,6.350433474889247,5.838851476938429,6.402903980529911,14,3,"descriptive crossed person/seed percentile bootstrap, 2000 draws, RNG731"
observation_by_intervention,clear | True,P-direct-none-paired_change,A_error,degrees,13.31877328541672,12.427911140171954,14.267909475200051,12.481633742473822,14.155912828359618,14,3,"descriptive crossed person/seed percentile bootstrap, 2000 draws, RNG731"
observation_by_intervention,clear | True,P-direct-none-paired_change,waveform_error,degrees,16.326270175970084,15.68134438740347,16.984987472626766,15.879762510885891,16.772777841054275,14,3,"descriptive crossed person/seed percentile bootstrap, 2000 draws, RNG731"
observation_by_intervention,clear | True,P-direct-none-paired_change,synthetic_all_nle,dimensionless NLE,0.04509361131136833,0.041516386994897625,0.04960687367746919,0.040522833489350985,0.049664389133385695,14,3,"descriptive crossed person/seed percentile bootstrap, 2000 draws, RNG731"
observation_by_intervention,clear | True,P-direct-none-paired_change,assignment_failure_rate,fraction,0.3370949715761327,0.3155991783656373,0.3642884459760689,0.3101365333899409,0.36405340976232453,14,3,"descriptive crossed person/seed percentile bootstrap, 2000 draws, RNG731"
observation_by_intervention,clear | True,P-direct-none-paired_change,left_excursion_error,degrees,7.266814098792439,6.301601055630655,8.234505716560816,6.632232123084683,7.901396074500195,14,3,"descriptive crossed person/seed percentile bootstrap, 2000 draws, RNG731"
observation_by_intervention,clear | True,P-direct-none-paired_change,right_excursion_error,degrees,9.016733978389919,7.597891037493522,10.415577543419959,8.050172685299088,9.983295271480749,14,3,"descriptive crossed person/seed percentile bootstrap, 2000 draws, RNG731"
observation_by_intervention,clear | True,P-direct-none-paired_change,response_error,degrees,7.87474305585168,7.301108782434729,8.514153205623218,7.351963729229315,8.397522382474046,14,3,"descriptive crossed person/seed percentile bootstrap, 2000 draws, RNG731"
observation_by_intervention,clear | True,P-direct-none-paired_change,zero_response_error,degrees,9.225048743968259,8.820021770707251,9.591880192453514,8.77620840798765,9.673889079948864,14,3,"descriptive crossed person/seed percentile bootstrap, 2000 draws, RNG731"
observation_by_intervention,clear | True,P-direct-none-paired_change,response_failure_rate,fraction,0.00016534391534391528,0.0,0.0006613756613756611,-9.257789703937138e-05,0.00042326572772720194,14,3,"descriptive crossed person/seed percentile bootstrap, 2000 draws, RNG731"
observation_by_intervention,clear | True,P-direct-none-paired_change,response_failure_contribution,degrees,0.11904761904761904,0.0,0.47619047619047616,-0.06665608586834747,0.30475132396358556,14,3,"descriptive crossed person/seed percentile bootstrap, 2000 draws, RNG731"
observation_by_intervention,clear | True,P-direct-none-paired_change,response_success_contribution,degrees,7.755695436804062,7.222777409645653,8.362934421189516,7.244159555043857,8.267231318564264,14,3,"descriptive crossed person/seed percentile bootstrap, 2000 draws, RNG731"
observation_by_intervention,occluded | False,F-response-coordinate_delta_v1-graph_time-base,A_error,degrees,13.811106665456723,12.046211127628027,15.955950083592464,11.70533378942313,15.916879541490312,14,3,"descriptive crossed person/seed percentile bootstrap, 2000 draws, RNG731"
observation_by_intervention,occluded | False,F-response-coordinate_delta_v1-graph_time-base,waveform_error,degrees,18.084620589411923,16.530840481137197,19.83048903647419,16.23145931441196,19.937781864411885,14,3,"descriptive crossed person/seed percentile bootstrap, 2000 draws, RNG731"
observation_by_intervention,occluded | False,F-response-coordinate_delta_v1-graph_time-base,synthetic_all_nle,dimensionless NLE,0.05913221563782926,0.056205863927420587,0.062398740895035935,0.05582935744199483,0.062435073833663694,14,3,"descriptive crossed person/seed percentile bootstrap, 2000 draws, RNG731"
observation_by_intervention,occluded | False,F-response-coordinate_delta_v1-graph_time-base,assignment_failure_rate,fraction,0.462449016041531,0.4463310248860777,0.47892756937056646,0.4481217720814775,0.47677626000158446,14,3,"descriptive crossed person/seed percentile bootstrap, 2000 draws, RNG731"
observation_by_intervention,occluded | False,F-response-coordinate_delta_v1-graph_time-base,left_excursion_error,degrees,28.25026226604868,25.01813865243486,31.278799570803205,24.711510821130815,31.789013710966543,14,3,"descriptive crossed person/seed percentile bootstrap, 2000 draws, RNG731"
observation_by_intervention,occluded | False,F-response-coordinate_delta_v1-graph_time-base,right_excursion_error,degrees,26.05847140913916,23.343674628269778,28.90688942189309,23.337696303753972,28.779246514524353,14,3,"descriptive crossed person/seed percentile bootstrap, 2000 draws, RNG731"
observation_by_intervention,occluded | False,F-response-coordinate_delta_v1-graph_time-base,response_error,degrees,12.602608033544476,8.211310687668451,18.122368604220586,7.4096547753000745,17.79556129178887,14,3,"descriptive crossed person/seed percentile bootstrap, 2000 draws, RNG731"
observation_by_intervention,occluded | False,F-response-coordinate_delta_v1-graph_time-base,zero_response_error,degrees,4.103719929050653,3.9265094202807123,4.273990008694952,3.903084351712011,4.304355506389293,14,3,"descriptive crossed person/seed percentile bootstrap, 2000 draws, RNG731"
observation_by_intervention,occluded | False,F-response-coordinate_delta_v1-graph_time-base,response_failure_rate,fraction,0.010806602733686064,0.004697110615079364,0.01843384865520281,0.0036394409000135505,0.017973764567358576,14,3,"descriptive crossed person/seed percentile bootstrap, 2000 draws, RNG731"
observation_by_intervention,occluded | False,F-response-coordinate_delta_v1-graph_time-base,response_failure_contribution,degrees,7.780753968253968,3.3819196428571434,13.272371031746031,2.620397448009757,12.941110488498179,14,3,"descriptive crossed person/seed percentile bootstrap, 2000 draws, RNG731"
observation_by_intervention,occluded | False,F-response-coordinate_delta_v1-graph_time-base,response_success_contribution,degrees,4.821854065290507,4.609419214266956,5.0265374582259374,4.593943299949936,5.04976483063108,14,3,"descriptive crossed person/seed percentile bootstrap, 2000 draws, RNG731"
observation_by_intervention,occluded | False,F-response-coordinate_delta_v1-graph_time-paired_change,A_error,degrees,18.49856539170204,14.580483990818587,23.601996665614237,13.955196697965006,23.041934085439074,14,3,"descriptive crossed person/seed percentile bootstrap, 2000 draws, RNG731"
observation_by_intervention,occluded | False,F-response-coordinate_delta_v1-graph_time-paired_change,waveform_error,degrees,23.676152960605044,21.680154018617362,26.1212596769392,21.27777709803249,26.07452882317759,14,3,"descriptive crossed person/seed percentile bootstrap, 2000 draws, RNG731"
observation_by_intervention,occluded | False,F-response-coordinate_delta_v1-graph_time-paired_change,synthetic_all_nle,dimensionless NLE,0.06604332314034299,0.06286936469706034,0.06951330655416678,0.06250640970433555,0.0695802365763504,14,3,"descriptive crossed person/seed percentile bootstrap, 2000 draws, RNG731"
observation_by_intervention,occluded | False,F-response-coordinate_delta_v1-graph_time-paired_change,assignment_failure_rate,fraction,0.5001856705541179,0.47835683413065483,0.5162956439742432,0.4905917986256158,0.50977954248262,14,3,"descriptive crossed person/seed percentile bootstrap, 2000 draws, RNG731"
observation_by_intervention,occluded | False,F-response-coordinate_delta_v1-graph_time-paired_change,left_excursion_error,degrees,19.627875854347938,16.88904296133125,22.50223820746751,16.718954510625252,22.536797198070616,14,3,"descriptive crossed person/seed percentile bootstrap, 2000 draws, RNG731"
observation_by_intervention,occluded | False,F-response-coordinate_delta_v1-graph_time-paired_change,right_excursion_error,degrees,23.03374169073058,18.03605648066595,28.31615624020726,18.699804231093783,27.367679150367383,14,3,"descriptive crossed person/seed percentile bootstrap, 2000 draws, RNG731"
observation_by_intervention,occluded | False,F-response-coordinate_delta_v1-graph_time-paired_change,response_error,degrees,21.33118872469288,13.289341877212943,31.155026281267943,11.329460157086466,31.332917292299292,14,3,"descriptive crossed person/seed percentile bootstrap, 2000 draws, RNG731"
observation_by_intervention,occluded | False,F-response-coordinate_delta_v1-graph_time-paired_change,zero_response_error,degrees,4.103719929050653,3.9265094202807123,4.273990008694952,3.903084351712011,4.304355506389293,14,3,"descriptive crossed person/seed percentile bootstrap, 2000 draws, RNG731"
observation_by_intervention,occluded | False,F-response-coordinate_delta_v1-graph_time-paired_change,response_failure_rate,fraction,0.02318994341563785,0.011921215920781884,0.036798769565696623,0.009296277426575175,0.03708360940470052,14,3,"descriptive crossed person/seed percentile bootstrap, 2000 draws, RNG731"
observation_by_intervention,occluded | False,F-response-coordinate_delta_v1-graph_time-paired_change,response_failure_contribution,degrees,16.69675925925926,8.583275462962963,26.495114087301584,6.693319747134135,26.700198771384386,14,3,"descriptive crossed person/seed percentile bootstrap, 2000 draws, RNG731"
observation_by_intervention,occluded | False,F-response-coordinate_delta_v1-graph_time-paired_change,response_success_contribution,degrees,4.634429465433619,4.40737211577289,4.856483398077867,4.394330948579218,4.874527982288021,14,3,"descriptive crossed person/seed percentile bootstrap, 2000 draws, RNG731"
observation_by_intervention,occluded | False,F-response-jepa_delta_v1-graph_time-base,A_error,degrees,15.13482621132927,13.230614019678093,17.285980548610098,12.994614667098645,17.2750377555599,14,3,"descriptive crossed person/seed percentile bootstrap, 2000 draws, RNG731"
observation_by_intervention,occluded | False,F-response-jepa_delta_v1-graph_time-base,waveform_error,degrees,20.60760453300658,18.826236497787576,22.739523040710512,18.413893154895504,22.801315911117648,14,3,"descriptive crossed person/seed percentile bootstrap, 2000 draws, RNG731"
observation_by_intervention,occluded | False,F-response-jepa_delta_v1-graph_time-base,synthetic_all_nle,dimensionless NLE,0.06812815036496496,0.06411635987389477,0.07289617124421058,0.06319960078853913,0.07305669994139082,14,3,"descriptive crossed person/seed percentile bootstrap, 2000 draws, RNG731"
observation_by_intervention,occluded | False,F-response-jepa_delta_v1-graph_time-base,assignment_failure_rate,fraction,0.5218941922610918,0.5023892021276002,0.5365579935474962,0.5035058053089361,0.5402825792132475,14,3,"descriptive crossed person/seed percentile bootstrap, 2000 draws, RNG731"
observation_by_intervention,occluded | False,F-response-jepa_delta_v1-graph_time-base,left_excursion_error,degrees,27.188942647188714,23.55501409494432,30.552509997930503,23.23339235826614,31.144492936111273,14,3,"descriptive crossed person/seed percentile bootstrap, 2000 draws, RNG731"
observation_by_intervention,occluded | False,F-response-jepa_delta_v1-graph_time-base,right_excursion_error,degrees,25.926535234812214,22.36594130185853,29.25459537816732,22.13760518881419,29.715465280810236,14,3,"descriptive crossed person/seed percentile bootstrap, 2000 draws, RNG731"
observation_by_intervention,occluded | False,F-response-jepa_delta_v1-graph_time-base,response_error,degrees,14.052278756026194,9.716381995618626,19.172815808364327,9.000642835328172,19.103914676724216,14,3,"descriptive crossed person/seed percentile bootstrap, 2000 draws, RNG731"
observation_by_intervention,occluded | False,F-response-jepa_delta_v1-graph_time-base,zero_response_error,degrees,4.103719929050653,3.9265094202807123,4.273990008694952,3.903084351712011,4.304355506389293,14,3,"descriptive crossed person/seed percentile bootstrap, 2000 draws, RNG731"
observation_by_intervention,occluded | False,F-response-jepa_delta_v1-graph_time-base,response_failure_rate,fraction,0.0127484751616696,0.00669319058641975,0.019764729387125212,0.005794323365855632,0.019702626957483576,14,3,"descriptive crossed person/seed percentile bootstrap, 2000 draws, RNG731"
observation_by_intervention,occluded | False,F-response-jepa_delta_v1-graph_time-base,response_failure_contribution,degrees,9.178902116402117,4.819097222222223,14.230605158730151,4.171912823416054,14.185891409388176,14,3,"descriptive crossed person/seed percentile bootstrap, 2000 draws, RNG731"
observation_by_intervention,occluded | False,F-response-jepa_delta_v1-graph_time-base,response_success_contribution,degrees,4.873376639624078,4.6380324060098985,5.11823867616869,4.605282646981765,5.141470632266389,14,3,"descriptive crossed person/seed percentile bootstrap, 2000 draws, RNG731"
observation_by_intervention,occluded | False,F-response-jepa_delta_v1-graph_time-paired_change,A_error,degrees,16.025544398732453,12.529519005593045,20.348734251499753,13.473879699327746,18.57720909813716,14,3,"descriptive crossed person/seed percentile bootstrap, 2000 draws, RNG731"
observation_by_intervention,occluded | False,F-response-jepa_delta_v1-graph_time-paired_change,waveform_error,degrees,23.90181259877134,22.293798535182283,25.877747818623373,22.209299564418213,25.594325633124466,14,3,"descriptive crossed person/seed percentile bootstrap, 2000 draws, RNG731"
observation_by_intervention,occluded | False,F-response-jepa_delta_v1-graph_time-paired_change,synthetic_all_nle,dimensionless NLE,0.07567276539941432,0.0722942260548243,0.0794023611429999,0.07164964779116571,0.07969588300766288,14,3,"descriptive crossed person/seed percentile bootstrap, 2000 draws, RNG731"
observation_by_intervention,occluded | False,F-response-jepa_delta_v1-graph_time-paired_change,assignment_failure_rate,fraction,0.5310856637523652,0.5184547579732182,0.5401259056172556,0.5216721012761156,0.540499226228615,14,3,"descriptive crossed person/seed percentile bootstrap, 2000 draws, RNG731"
observation_by_intervention,occluded | False,F-response-jepa_delta_v1-graph_time-paired_change,left_excursion_error,degrees,20.397733204889533,17.645958883681292,23.718677994409138,17.174097699028565,23.621368710750495,14,3,"descriptive crossed person/seed percentile bootstrap, 2000 draws, RNG731"
observation_by_intervention,occluded | False,F-response-jepa_delta_v1-graph_time-paired_change,right_excursion_error,degrees,20.959141017376425,18.07625777874847,24.35976289921309,18.68773477077247,23.230547263980373,14,3,"descriptive crossed person/seed percentile bootstrap, 2000 draws, RNG731"
observation_by_intervention,occluded | False,F-response-jepa_delta_v1-graph_time-paired_change,response_error,degrees,12.080812550620683,8.137569354087129,17.233374701543728,7.326977502523501,16.834647598717858,14,3,"descriptive crossed person/seed percentile bootstrap, 2000 draws, RNG731"
observation_by_intervention,occluded | False,F-response-jepa_delta_v1-graph_time-paired_change,zero_response_error,degrees,4.103719929050653,3.9265094202807123,4.273990008694952,3.903084351712011,4.304355506389293,14,3,"descriptive crossed person/seed percentile bootstrap, 2000 draws, RNG731"
observation_by_intervention,occluded | False,F-response-jepa_delta_v1-graph_time-paired_change,response_failure_rate,fraction,0.010210446061140502,0.004626116071428571,0.017274029982363298,0.0036711382643145017,0.016749753857966506,14,3,"descriptive crossed person/seed percentile bootstrap, 2000 draws, RNG731"
observation_by_intervention,occluded | False,F-response-jepa_delta_v1-graph_time-paired_change,response_failure_contribution,degrees,7.351521164021165,3.3308035714285706,12.437301587301576,2.6432195503064397,12.059822777735889,14,3,"descriptive crossed person/seed percentile bootstrap, 2000 draws, RNG731"
observation_by_intervention,occluded | False,F-response-jepa_delta_v1-graph_time-paired_change,response_success_contribution,degrees,4.729291386599518,4.495701284625187,4.964472763764206,4.474318988162356,4.9842637850366796,14,3,"descriptive crossed person/seed percentile bootstrap, 2000 draws, RNG731"
observation_by_intervention,occluded | False,F-response-jepa_endpoint_v1-graph_time-base,A_error,degrees,14.277929969466543,12.424944686709537,16.35407956667324,12.312403759149985,16.243456179783102,14,3,"descriptive crossed person/seed percentile bootstrap, 2000 draws, RNG731"
observation_by_intervention,occluded | False,F-response-jepa_endpoint_v1-graph_time-base,waveform_error,degrees,20.018132776268615,18.27594932693805,22.106739640720324,17.82036732322228,22.215898229314945,14,3,"descriptive crossed person/seed percentile bootstrap, 2000 draws, RNG731"
observation_by_intervention,occluded | False,F-response-jepa_endpoint_v1-graph_time-base,synthetic_all_nle,dimensionless NLE,0.06857606715787513,0.064221130068811,0.07357148490382681,0.06327068741067483,0.07388144690507546,14,3,"descriptive crossed person/seed percentile bootstrap, 2000 draws, RNG731"
observation_by_intervention,occluded | False,F-response-jepa_endpoint_v1-graph_time-base,assignment_failure_rate,fraction,0.5286792736722743,0.5119149760186834,0.541323273653898,0.5127476543355646,0.5446108930089838,14,3,"descriptive crossed person/seed percentile bootstrap, 2000 draws, RNG731"
observation_by_intervention,occluded | False,F-response-jepa_endpoint_v1-graph_time-base,left_excursion_error,degrees,28.307123759602707,24.0898983944033,32.16680071794789,23.803971806354546,32.81027571285089,14,3,"descriptive crossed person/seed percentile bootstrap, 2000 draws, RNG731"
observation_by_intervention,occluded | False,F-response-jepa_endpoint_v1-graph_time-base,right_excursion_error,degrees,28.368668092914287,24.998164316713126,31.45014857054619,24.880476783127502,31.856859402701065,14,3,"descriptive crossed person/seed percentile bootstrap, 2000 draws, RNG731"
observation_by_intervention,occluded | False,F-response-jepa_endpoint_v1-graph_time-base,response_error,degrees,12.393301390857392,8.79148159878947,16.94453737016778,8.167561336121114,16.61904144559367,14,3,"descriptive crossed person/seed percentile bootstrap, 2000 draws, RNG731"
observation_by_intervention,occluded | False,F-response-jepa_endpoint_v1-graph_time-base,zero_response_error,degrees,4.103719929050653,3.9265094202807123,4.273990008694952,3.903084351712011,4.304355506389293,14,3,"descriptive crossed person/seed percentile bootstrap, 2000 draws, RNG731"
observation_by_intervention,occluded | False,F-response-jepa_endpoint_v1-graph_time-base,response_failure_rate,fraction,0.010299548059964723,0.005393966324955908,0.016554232804232797,0.00454290732854855,0.016056188791380897,14,3,"descriptive crossed person/seed percentile bootstrap, 2000 draws, RNG731"
observation_by_intervention,occluded | False,F-response-jepa_endpoint_v1-graph_time-base,response_failure_contribution,degrees,7.415674603174604,3.883655753968254,11.919047619047616,3.2708932765549577,11.56045592979425,14,3,"descriptive crossed person/seed percentile bootstrap, 2000 draws, RNG731"
observation_by_intervention,occluded | False,F-response-jepa_endpoint_v1-graph_time-base,response_success_contribution,degrees,4.97762678768279,4.7527687682086714,5.210031137035535,4.719862502831598,5.235391072533982,14,3,"descriptive crossed person/seed percentile bootstrap, 2000 draws, RNG731"
observation_by_intervention,occluded | False,F-response-jepa_endpoint_v1-graph_time-paired_change,A_error,degrees,17.341635997847,15.042121081449526,19.77185998089145,14.930767117227603,19.752504878466397,14,3,"descriptive crossed person/seed percentile bootstrap, 2000 draws, RNG731"
observation_by_intervention,occluded | False,F-response-jepa_endpoint_v1-graph_time-paired_change,waveform_error,degrees,24.280826390965153,22.463472313784365,26.566648888505327,22.45452308351973,26.10712969841058,14,3,"descriptive crossed person/seed percentile bootstrap, 2000 draws, RNG731"
observation_by_intervention,occluded | False,F-response-jepa_endpoint_v1-graph_time-paired_change,synthetic_all_nle,dimensionless NLE,0.07637349188678305,0.07272352661582679,0.08000016877585002,0.07249580524696253,0.08025117852660354,14,3,"descriptive crossed person/seed percentile bootstrap, 2000 draws, RNG731"
observation_by_intervention,occluded | False,F-response-jepa_endpoint_v1-graph_time-paired_change,assignment_failure_rate,fraction,0.5212167967941065,0.5039235256827972,0.5339383784400162,0.5076029976577585,0.5348305959304547,14,3,"descriptive crossed person/seed percentile bootstrap, 2000 draws, RNG731"
observation_by_intervention,occluded | False,F-response-jepa_endpoint_v1-graph_time-paired_change,left_excursion_error,degrees,21.951812628996805,18.894423269214386,24.99415540735842,19.842955553886565,24.06066970410704,14,3,"descriptive crossed person/seed percentile bootstrap, 2000 draws, RNG731"
observation_by_intervention,occluded | False,F-response-jepa_endpoint_v1-graph_time-paired_change,right_excursion_error,degrees,20.699809378706792,18.436265901591618,23.164910488540308,18.324963938806853,23.07465481860673,14,3,"descriptive crossed person/seed percentile bootstrap, 2000 draws, RNG731"
observation_by_intervention,occluded | False,F-response-jepa_endpoint_v1-graph_time-paired_change,response_error,degrees,12.653578877048588,8.085646753595043,17.664277313432542,7.155189917350487,18.151967836746685,14,3,"descriptive crossed person/seed percentile bootstrap, 2000 draws, RNG731"
observation_by_intervention,occluded | False,F-response-jepa_endpoint_v1-graph_time-paired_change,zero_response_error,degrees,4.103719929050653,3.9265094202807123,4.273990008694952,3.903084351712011,4.304355506389293,14,3,"descriptive crossed person/seed percentile bootstrap, 2000 draws, RNG731"
observation_by_intervention,occluded | False,F-response-jepa_endpoint_v1-graph_time-paired_change,response_failure_rate,fraction,0.010965516607877715,0.0045686935074955885,0.017916448504556134,0.003347649117040416,0.018583384098715013,14,3,"descriptive crossed person/seed percentile bootstrap, 2000 draws, RNG731"
observation_by_intervention,occluded | False,F-response-jepa_endpoint_v1-graph_time-paired_change,response_failure_contribution,degrees,7.895171957671956,3.289459325396826,12.89984292328042,2.4103073642691006,13.380036551074813,14,3,"descriptive crossed person/seed percentile bootstrap, 2000 draws, RNG731"
observation_by_intervention,occluded | False,F-response-jepa_endpoint_v1-graph_time-paired_change,response_success_contribution,degrees,4.758406919376629,4.539069325784822,4.977010470225561,4.506173617559378,5.010640221193878,14,3,"descriptive crossed person/seed percentile bootstrap, 2000 draws, RNG731"
observation_by_intervention,occluded | False,I-initialized-none-base,A_error,degrees,14.077370445933685,11.98581468847161,16.427450759956272,11.808533879691266,16.3462070121761,14,3,"descriptive crossed person/seed percentile bootstrap, 2000 draws, RNG731"
observation_by_intervention,occluded | False,I-initialized-none-base,waveform_error,degrees,20.292787632151494,18.573814256423688,22.365022933283683,18.089633522379327,22.495941741923655,14,3,"descriptive crossed person/seed percentile bootstrap, 2000 draws, RNG731"
observation_by_intervention,occluded | False,I-initialized-none-base,synthetic_all_nle,dimensionless NLE,0.07484244550748557,0.07092900595949168,0.07899665585095954,0.07031057979489118,0.07937431122007997,14,3,"descriptive crossed person/seed percentile bootstrap, 2000 draws, RNG731"
observation_by_intervention,occluded | False,I-initialized-none-base,assignment_failure_rate,fraction,0.5379756269259784,0.530810048000528,0.5441208797064591,0.5310794424184896,0.5448718114334673,14,3,"descriptive crossed person/seed percentile bootstrap, 2000 draws, RNG731"
observation_by_intervention,occluded | False,I-initialized-none-base,left_excursion_error,degrees,28.067008986899314,23.645698872374048,31.92061267883821,23.374725601846844,32.75929237195177,14,3,"descriptive crossed person/seed percentile bootstrap, 2000 draws, RNG731"
observation_by_intervention,occluded | False,I-initialized-none-base,right_excursion_error,degrees,26.72598805612701,22.916552795699907,30.262012127505166,22.588077397136104,30.863898715117884,14,3,"descriptive crossed person/seed percentile bootstrap, 2000 draws, RNG731"
observation_by_intervention,occluded | False,I-initialized-none-base,response_error,degrees,10.616514445157051,6.6067913072059765,15.368757921841718,5.880064352011349,15.352964538302754,14,3,"descriptive crossed person/seed percentile bootstrap, 2000 draws, RNG731"
observation_by_intervention,occluded | False,I-initialized-none-base,zero_response_error,degrees,4.103719929050653,3.9265094202807123,4.273990008694952,3.903084351712011,4.304355506389293,14,3,"descriptive crossed person/seed percentile bootstrap, 2000 draws, RNG731"
observation_by_intervention,occluded | False,I-initialized-none-base,response_failure_rate,fraction,0.007739013815402701,0.002248263888888889,0.014311824845679007,0.0011383658510760591,0.014339661779729342,14,3,"descriptive crossed person/seed percentile bootstrap, 2000 draws, RNG731"
observation_by_intervention,occluded | False,I-initialized-none-base,response_failure_contribution,degrees,5.572089947089947,1.6187500000000001,10.304513888888884,0.8196234127747628,10.324556481405128,14,3,"descriptive crossed person/seed percentile bootstrap, 2000 draws, RNG731"
observation_by_intervention,occluded | False,I-initialized-none-base,response_success_contribution,degrees,5.044424498067103,4.785700093040793,5.314713919829005,4.747010823320506,5.3418381728136985,14,3,"descriptive crossed person/seed percentile bootstrap, 2000 draws, RNG731"
observation_by_intervention,occluded | False,I-initialized-none-paired_change,A_error,degrees,17.12102892222304,13.537442801381873,20.898694055025498,14.579074966894987,19.662982877551098,14,3,"descriptive crossed person/seed percentile bootstrap, 2000 draws, RNG731"
observation_by_intervention,occluded | False,I-initialized-none-paired_change,waveform_error,degrees,23.979459935305947,22.507293956333612,25.747403687879594,22.190686273833403,25.768233596778483,14,3,"descriptive crossed person/seed percentile bootstrap, 2000 draws, RNG731"
observation_by_intervention,occluded | False,I-initialized-none-paired_change,synthetic_all_nle,dimensionless NLE,0.07793824446442407,0.07486777246748276,0.08108833460533517,0.07451827018985442,0.0813582187389937,14,3,"descriptive crossed person/seed percentile bootstrap, 2000 draws, RNG731"
observation_by_intervention,occluded | False,I-initialized-none-paired_change,assignment_failure_rate,fraction,0.5266962495354836,0.5091436073908389,0.540360740650516,0.509493278819854,0.5438992202511131,14,3,"descriptive crossed person/seed percentile bootstrap, 2000 draws, RNG731"
observation_by_intervention,occluded | False,I-initialized-none-paired_change,left_excursion_error,degrees,21.421334114147676,18.611966774863877,24.50691367245855,18.527008393321175,24.315659834974177,14,3,"descriptive crossed person/seed percentile bootstrap, 2000 draws, RNG731"
observation_by_intervention,occluded | False,I-initialized-none-paired_change,right_excursion_error,degrees,20.99666724382873,18.40569119301707,23.932819035207764,18.122233955028257,23.8711005326292,14,3,"descriptive crossed person/seed percentile bootstrap, 2000 draws, RNG731"
observation_by_intervention,occluded | False,I-initialized-none-paired_change,response_error,degrees,12.184533014421989,7.773252378236913,17.45065762891638,6.8594190682771625,17.509646960566812,14,3,"descriptive crossed person/seed percentile bootstrap, 2000 draws, RNG731"
observation_by_intervention,occluded | False,I-initialized-none-paired_change,zero_response_error,degrees,4.103719929050653,3.9265094202807123,4.273990008694952,3.903084351712011,4.304355506389293,14,3,"descriptive crossed person/seed percentile bootstrap, 2000 draws, RNG731"
observation_by_intervention,occluded | False,I-initialized-none-paired_change,response_failure_rate,fraction,0.010321134626690178,0.004202835648148147,0.017618002737360368,0.002952136610709289,0.01769013264267107,14,3,"descriptive crossed person/seed percentile bootstrap, 2000 draws, RNG731"
observation_by_intervention,occluded | False,I-initialized-none-paired_change,response_failure_contribution,degrees,7.43121693121693,3.026041666666667,12.684961970899469,2.1255383597106885,12.736895502723174,14,3,"descriptive crossed person/seed percentile bootstrap, 2000 draws, RNG731"
observation_by_intervention,occluded | False,I-initialized-none-paired_change,response_success_contribution,degrees,4.753316083205057,4.540666012676472,4.981571508805746,4.5028341827793055,5.00379798363081,14,3,"descriptive crossed person/seed percentile bootstrap, 2000 draws, RNG731"
observation_by_intervention,occluded | False,I-shuffled_jepa-graph_time-base,A_error,degrees,13.824870440444556,12.070504000567787,15.831232694356133,11.908461701103533,15.741279179785575,14,3,"descriptive crossed person/seed percentile bootstrap, 2000 draws, RNG731"
observation_by_intervention,occluded | False,I-shuffled_jepa-graph_time-base,waveform_error,degrees,20.006819419611446,18.211372170880818,22.02281875814027,17.82865321120049,22.18498562802241,14,3,"descriptive crossed person/seed percentile bootstrap, 2000 draws, RNG731"
observation_by_intervention,occluded | False,I-shuffled_jepa-graph_time-base,synthetic_all_nle,dimensionless NLE,0.07335917781828732,0.0694009993369329,0.07771838534132934,0.06872040534514559,0.07799795029142909,14,3,"descriptive crossed person/seed percentile bootstrap, 2000 draws, RNG731"
observation_by_intervention,occluded | False,I-shuffled_jepa-graph_time-base,assignment_failure_rate,fraction,0.5321501235430403,0.520338730949274,0.5406979212939605,0.5206609818623218,0.5436392652237587,14,3,"descriptive crossed person/seed percentile bootstrap, 2000 draws, RNG731"
observation_by_intervention,occluded | False,I-shuffled_jepa-graph_time-base,left_excursion_error,degrees,27.449834830508593,23.428163665261703,30.98623289067485,23.128298418480174,31.771371242537025,14,3,"descriptive crossed person/seed percentile bootstrap, 2000 draws, RNG731"
observation_by_intervention,occluded | False,I-shuffled_jepa-graph_time-base,right_excursion_error,degrees,26.21252443388092,22.57044994187603,29.521384359527055,22.38969647527989,30.035352392481954,14,3,"descriptive crossed person/seed percentile bootstrap, 2000 draws, RNG731"
observation_by_intervention,occluded | False,I-shuffled_jepa-graph_time-base,response_error,degrees,10.629168593058395,6.957299369021453,15.003719602729097,6.289840957542473,14.968496228574317,14,3,"descriptive crossed person/seed percentile bootstrap, 2000 draws, RNG731"
observation_by_intervention,occluded | False,I-shuffled_jepa-graph_time-base,zero_response_error,degrees,4.103719929050653,3.9265094202807123,4.273990008694952,3.903084351712011,4.304355506389293,14,3,"descriptive crossed person/seed percentile bootstrap, 2000 draws, RNG731"
observation_by_intervention,occluded | False,I-shuffled_jepa-graph_time-base,response_failure_rate,fraction,0.007877259700176362,0.0027537684634038793,0.013834290950176359,0.0018982201590598442,0.01385629924129288,14,3,"descriptive crossed person/seed percentile bootstrap, 2000 draws, RNG731"
observation_by_intervention,occluded | False,I-shuffled_jepa-graph_time-base,response_failure_contribution,degrees,5.671626984126983,1.9827132936507936,9.960689484126982,1.3667185145230878,9.976535453730879,14,3,"descriptive crossed person/seed percentile bootstrap, 2000 draws, RNG731"
observation_by_intervention,occluded | False,I-shuffled_jepa-graph_time-base,response_success_contribution,degrees,4.957541608931409,4.73171438323505,5.19136828330099,4.703759088110009,5.2113241297528115,14,3,"descriptive crossed person/seed percentile bootstrap, 2000 draws, RNG731"
observation_by_intervention,occluded | False,I-shuffled_jepa-graph_time-paired_change,A_error,degrees,15.036032991523067,12.00320965737702,18.368988674885248,12.142534404406256,17.92953157863987,14,3,"descriptive crossed person/seed percentile bootstrap, 2000 draws, RNG731"
observation_by_intervention,occluded | False,I-shuffled_jepa-graph_time-paired_change,waveform_error,degrees,23.793783851640736,22.063353264769926,25.802138529044676,21.88936578574784,25.698201917533638,14,3,"descriptive crossed person/seed percentile bootstrap, 2000 draws, RNG731"
observation_by_intervention,occluded | False,I-shuffled_jepa-graph_time-paired_change,synthetic_all_nle,dimensionless NLE,0.07802411727227565,0.07500689313383473,0.08107712908581452,0.0746290137828003,0.081419220761751,14,3,"descriptive crossed person/seed percentile bootstrap, 2000 draws, RNG731"
observation_by_intervention,occluded | False,I-shuffled_jepa-graph_time-paired_change,assignment_failure_rate,fraction,0.523562321596502,0.507836317331478,0.5355876247414413,0.5072427941709245,0.5398818490220794,14,3,"descriptive crossed person/seed percentile bootstrap, 2000 draws, RNG731"
observation_by_intervention,occluded | False,I-shuffled_jepa-graph_time-paired_change,left_excursion_error,degrees,20.727162893778203,18.042680453799584,23.34082005924684,18.453614889817562,23.00071089773883,14,3,"descriptive crossed person/seed percentile bootstrap, 2000 draws, RNG731"
observation_by_intervention,occluded | False,I-shuffled_jepa-graph_time-paired_change,right_excursion_error,degrees,20.887526874846706,18.558745833529382,23.339087285622774,18.425636710281886,23.349417039411534,14,3,"descriptive crossed person/seed percentile bootstrap, 2000 draws, RNG731"
observation_by_intervention,occluded | False,I-shuffled_jepa-graph_time-paired_change,response_error,degrees,14.688077339926817,8.747292499389244,21.219081438858257,8.7770266932603,20.599127986593334,14,3,"descriptive crossed person/seed percentile bootstrap, 2000 draws, RNG731"
observation_by_intervention,occluded | False,I-shuffled_jepa-graph_time-paired_change,zero_response_error,degrees,4.103719929050653,3.9265094202807123,4.273990008694952,3.903084351712011,4.304355506389293,14,3,"descriptive crossed person/seed percentile bootstrap, 2000 draws, RNG731"
observation_by_intervention,occluded | False,I-shuffled_jepa-graph_time-paired_change,response_failure_rate,fraction,0.01378876396237507,0.005579920818636094,0.02286782131834214,0.005539416984848526,0.022038110939901615,14,3,"descriptive crossed person/seed percentile bootstrap, 2000 draws, RNG731"
observation_by_intervention,occluded | False,I-shuffled_jepa-graph_time-paired_change,response_failure_contribution,degrees,9.927910052910052,4.017542989417989,16.464831349206346,3.9883802290909385,15.867439876729165,14,3,"descriptive crossed person/seed percentile bootstrap, 2000 draws, RNG731"
observation_by_intervention,occluded | False,I-shuffled_jepa-graph_time-paired_change,response_success_contribution,degrees,4.760167287016764,4.552027270562243,4.969622410856393,4.525404212109909,4.994930361923621,14,3,"descriptive crossed person/seed percentile bootstrap, 2000 draws, RNG731"
observation_by_intervention,occluded | False,M-coordinate-graph_time-base,A_error,degrees,13.839134140450973,12.217878271263015,15.609046057248278,12.160712303645322,15.517555977256617,14,3,"descriptive crossed person/seed percentile bootstrap, 2000 draws, RNG731"
observation_by_intervention,occluded | False,M-coordinate-graph_time-base,waveform_error,degrees,17.958063107588206,16.51020490690865,19.506818890504874,16.310622572622773,19.60550364255364,14,3,"descriptive crossed person/seed percentile bootstrap, 2000 draws, RNG731"
observation_by_intervention,occluded | False,M-coordinate-graph_time-base,synthetic_all_nle,dimensionless NLE,0.05308184535058082,0.05015678774614958,0.05623288524307103,0.049683706338028,0.05647998436313362,14,3,"descriptive crossed person/seed percentile bootstrap, 2000 draws, RNG731"
observation_by_intervention,occluded | False,M-coordinate-graph_time-base,assignment_failure_rate,fraction,0.4268868655828837,0.40963374368700367,0.44222849314510765,0.4113481313650738,0.44242559980069324,14,3,"descriptive crossed person/seed percentile bootstrap, 2000 draws, RNG731"
observation_by_intervention,occluded | False,M-coordinate-graph_time-base,left_excursion_error,degrees,27.86807246869875,24.091035124095324,31.091581272549444,23.94508140107772,31.79106353631978,14,3,"descriptive crossed person/seed percentile bootstrap, 2000 draws, RNG731"
observation_by_intervention,occluded | False,M-coordinate-graph_time-base,right_excursion_error,degrees,26.113190160290173,23.01900213444463,28.90326721062063,22.79167855170826,29.434701768872088,14,3,"descriptive crossed person/seed percentile bootstrap, 2000 draws, RNG731"
observation_by_intervention,occluded | False,M-coordinate-graph_time-base,response_error,degrees,13.081598406067567,9.510217452930222,17.312624461819457,9.117169350763,17.04602746137213,14,3,"descriptive crossed person/seed percentile bootstrap, 2000 draws, RNG731"
observation_by_intervention,occluded | False,M-coordinate-graph_time-base,zero_response_error,degrees,4.103719929050653,3.9265094202807123,4.273990008694952,3.903084351712011,4.304355506389293,14,3,"descriptive crossed person/seed percentile bootstrap, 2000 draws, RNG731"
observation_by_intervention,occluded | False,M-coordinate-graph_time-base,response_failure_rate,fraction,0.011405974426807755,0.006470320767195766,0.017238963293650784,0.005959080519642127,0.016852868333973387,14,3,"descriptive crossed person/seed percentile bootstrap, 2000 draws, RNG731"
observation_by_intervention,occluded | False,M-coordinate-graph_time-base,response_failure_contribution,degrees,8.212301587301587,4.658630952380952,12.412053571428572,4.290537974142332,12.134065200460842,14,3,"descriptive crossed person/seed percentile bootstrap, 2000 draws, RNG731"
observation_by_intervention,occluded | False,M-coordinate-graph_time-base,response_success_contribution,degrees,4.869296818765979,4.6580043630531245,5.08066585148661,4.640348955986397,5.098244681545561,14,3,"descriptive crossed person/seed percentile bootstrap, 2000 draws, RNG731"
observation_by_intervention,occluded | False,M-coordinate-graph_time-paired_change,A_error,degrees,17.23805957627032,13.897288591711671,20.561820116435836,15.315214901103452,19.160904251437188,14,3,"descriptive crossed person/seed percentile bootstrap, 2000 draws, RNG731"
observation_by_intervention,occluded | False,M-coordinate-graph_time-paired_change,waveform_error,degrees,23.809354669967085,22.465255711087845,25.434000486376718,22.185948011416635,25.43276132851753,14,3,"descriptive crossed person/seed percentile bootstrap, 2000 draws, RNG731"
observation_by_intervention,occluded | False,M-coordinate-graph_time-paired_change,synthetic_all_nle,dimensionless NLE,0.06082444128671814,0.05762517593494631,0.06425057333658908,0.05715186235198569,0.06449702022145058,14,3,"descriptive crossed person/seed percentile bootstrap, 2000 draws, RNG731"
observation_by_intervention,occluded | False,M-coordinate-graph_time-paired_change,assignment_failure_rate,fraction,0.4696364140022628,0.45767503190671455,0.48289209536629707,0.45973673615909694,0.4795360918454289,14,3,"descriptive crossed person/seed percentile bootstrap, 2000 draws, RNG731"
observation_by_intervention,occluded | False,M-coordinate-graph_time-paired_change,left_excursion_error,degrees,17.311156212153406,15.100020972885334,19.709996258573238,15.157842676264835,19.46446974804197,14,3,"descriptive crossed person/seed percentile bootstrap, 2000 draws, RNG731"
observation_by_intervention,occluded | False,M-coordinate-graph_time-paired_change,right_excursion_error,degrees,17.533747559346246,14.791898851695239,20.939913015566606,15.514579450304076,19.552915668388415,14,3,"descriptive crossed person/seed percentile bootstrap, 2000 draws, RNG731"
observation_by_intervention,occluded | False,M-coordinate-graph_time-paired_change,response_error,degrees,14.867758258978794,10.329496330457868,20.303382914129635,9.892042397272647,19.843474120684945,14,3,"descriptive crossed person/seed percentile bootstrap, 2000 draws, RNG731"
observation_by_intervention,occluded | False,M-coordinate-graph_time-paired_change,zero_response_error,degrees,4.103719929050653,3.9265094202807123,4.273990008694952,3.903084351712011,4.304355506389293,14,3,"descriptive crossed person/seed percentile bootstrap, 2000 draws, RNG731"
observation_by_intervention,occluded | False,M-coordinate-graph_time-paired_change,response_failure_rate,fraction,0.014243459729570836,0.007901269014550261,0.021823881172839496,0.007372911936467372,0.021114007522674304,14,3,"descriptive crossed person/seed percentile bootstrap, 2000 draws, RNG731"
observation_by_intervention,occluded | False,M-coordinate-graph_time-paired_change,response_failure_contribution,degrees,10.255291005291005,5.688913690476191,15.71319444444444,5.308496594256508,15.202085416325502,14,3,"descriptive crossed person/seed percentile bootstrap, 2000 draws, RNG731"
observation_by_intervention,occluded | False,M-coordinate-graph_time-paired_change,response_success_contribution,degrees,4.612467253687789,4.4128140532042694,4.807684353659392,4.396736747351383,4.828197760024194,14,3,"descriptive crossed person/seed percentile bootstrap, 2000 draws, RNG731"
observation_by_intervention,occluded | False,M-paired_jepa-graph_time-base,A_error,degrees,14.857012798614557,12.970649855043844,16.993804820795233,12.761250002526197,16.952775594702917,14,3,"descriptive crossed person/seed percentile bootstrap, 2000 draws, RNG731"
observation_by_intervention,occluded | False,M-paired_jepa-graph_time-base,waveform_error,degrees,20.634033458823172,18.84875202898519,22.77598347291833,18.469585292633596,22.798481625012734,14,3,"descriptive crossed person/seed percentile bootstrap, 2000 draws, RNG731"
observation_by_intervention,occluded | False,M-paired_jepa-graph_time-base,synthetic_all_nle,dimensionless NLE,0.06777027673995392,0.06375900925023763,0.07252228382684296,0.06282600300581884,0.07271455047408903,14,3,"descriptive crossed person/seed percentile bootstrap, 2000 draws, RNG731"
observation_by_intervention,occluded | False,M-paired_jepa-graph_time-base,assignment_failure_rate,fraction,0.5195617649631766,0.4993633293517393,0.5344480651118557,0.50040543419538,0.5387180957309731,14,3,"descriptive crossed person/seed percentile bootstrap, 2000 draws, RNG731"
observation_by_intervention,occluded | False,M-paired_jepa-graph_time-base,left_excursion_error,degrees,27.017808315239634,23.409592175603702,30.3008670641297,23.160905495878406,30.87471113460087,14,3,"descriptive crossed person/seed percentile bootstrap, 2000 draws, RNG731"
observation_by_intervention,occluded | False,M-paired_jepa-graph_time-base,right_excursion_error,degrees,25.620917436009986,22.011271647639475,28.95213736872413,21.760553501716913,29.48128137030306,14,3,"descriptive crossed person/seed percentile bootstrap, 2000 draws, RNG731"
observation_by_intervention,occluded | False,M-paired_jepa-graph_time-base,response_error,degrees,13.54012210259392,9.463281142479696,18.390899111648128,8.637319688207555,18.44292451698029,14,3,"descriptive crossed person/seed percentile bootstrap, 2000 draws, RNG731"
observation_by_intervention,occluded | False,M-paired_jepa-graph_time-base,zero_response_error,degrees,4.103719929050653,3.9265094202807123,4.273990008694952,3.903084351712011,4.304355506389293,14,3,"descriptive crossed person/seed percentile bootstrap, 2000 draws, RNG731"
observation_by_intervention,occluded | False,M-paired_jepa-graph_time-base,response_failure_rate,fraction,0.012058164315108755,0.00641588357951205,0.018762641920193994,0.005319439579446891,0.018796889050770618,14,3,"descriptive crossed person/seed percentile bootstrap, 2000 draws, RNG731"
observation_by_intervention,occluded | False,M-paired_jepa-graph_time-base,response_failure_contribution,degrees,8.681878306878307,4.619436177248677,13.509102182539682,3.8299964972017637,13.53376011655485,14,3,"descriptive crossed person/seed percentile bootstrap, 2000 draws, RNG731"
observation_by_intervention,occluded | False,M-paired_jepa-graph_time-base,response_success_contribution,degrees,4.858243795715614,4.62951358448644,5.097580413835625,4.5981524824978415,5.118335108933389,14,3,"descriptive crossed person/seed percentile bootstrap, 2000 draws, RNG731"
observation_by_intervention,occluded | False,M-paired_jepa-graph_time-paired_change,A_error,degrees,19.134708686435747,12.887643281105957,27.600210290527894,16.942930408418754,21.32648696445274,14,3,"descriptive crossed person/seed percentile bootstrap, 2000 draws, RNG731"
observation_by_intervention,occluded | False,M-paired_jepa-graph_time-paired_change,waveform_error,degrees,24.488640321665965,23.040203480907696,26.08950098927253,22.89823536758417,26.079045275747767,14,3,"descriptive crossed person/seed percentile bootstrap, 2000 draws, RNG731"
observation_by_intervention,occluded | False,M-paired_jepa-graph_time-paired_change,synthetic_all_nle,dimensionless NLE,0.07571227562982837,0.07230792045623191,0.0795198145550649,0.07172968812298533,0.0796948631366714,14,3,"descriptive crossed person/seed percentile bootstrap, 2000 draws, RNG731"
observation_by_intervention,occluded | False,M-paired_jepa-graph_time-paired_change,assignment_failure_rate,fraction,0.5228882321068968,0.5084231845913698,0.5336252468324733,0.5098889211084598,0.5358875431053338,14,3,"descriptive crossed person/seed percentile bootstrap, 2000 draws, RNG731"
observation_by_intervention,occluded | False,M-paired_jepa-graph_time-paired_change,left_excursion_error,degrees,21.584614272832955,18.431556331254136,24.461390470378458,19.67682698578623,23.492401559879685,14,3,"descriptive crossed person/seed percentile bootstrap, 2000 draws, RNG731"
observation_by_intervention,occluded | False,M-paired_jepa-graph_time-paired_change,right_excursion_error,degrees,20.080912804691508,17.878593037155493,22.791956767361153,17.919851846514078,22.24197376286893,14,3,"descriptive crossed person/seed percentile bootstrap, 2000 draws, RNG731"
observation_by_intervention,occluded | False,M-paired_jepa-graph_time-paired_change,response_error,degrees,12.633211842592091,8.802907808165747,17.234341619590072,8.369593129775904,16.89683055540828,14,3,"descriptive crossed person/seed percentile bootstrap, 2000 draws, RNG731"
observation_by_intervention,occluded | False,M-paired_jepa-graph_time-paired_change,zero_response_error,degrees,4.103719929050653,3.9265094202807123,4.273990008694952,3.903084351712011,4.304355506389293,14,3,"descriptive crossed person/seed percentile bootstrap, 2000 draws, RNG731"
observation_by_intervention,occluded | False,M-paired_jepa-graph_time-paired_change,response_failure_rate,fraction,0.011016038359788358,0.00569881916887125,0.017299451609347413,0.005117848170441758,0.016914228549134953,14,3,"descriptive crossed person/seed percentile bootstrap, 2000 draws, RNG731"
observation_by_intervention,occluded | False,M-paired_jepa-graph_time-paired_change,response_failure_contribution,degrees,7.931547619047619,4.1031498015873025,12.455605158730142,3.684850682718068,12.17824455537717,14,3,"descriptive crossed person/seed percentile bootstrap, 2000 draws, RNG731"
observation_by_intervention,occluded | False,M-paired_jepa-graph_time-paired_change,response_success_contribution,degrees,4.701664223544473,4.479120970963221,4.926416493161887,4.457150374280759,4.946178072808185,14,3,"descriptive crossed person/seed percentile bootstrap, 2000 draws, RNG731"
observation_by_intervention,occluded | False,P-direct-none-base,A_error,degrees,11.400369437722157,10.207179094523866,12.764402062254375,9.985811883543732,12.814926991900574,14,3,"descriptive crossed person/seed percentile bootstrap, 2000 draws, RNG731"
observation_by_intervention,occluded | False,P-direct-none-base,waveform_error,degrees,16.292645067778842,14.672941731391841,17.786873648066074,14.574404300668618,18.01088583488906,14,3,"descriptive crossed person/seed percentile bootstrap, 2000 draws, RNG731"
observation_by_intervention,occluded | False,P-direct-none-base,synthetic_all_nle,dimensionless NLE,0.03994140515388002,0.037164182154525216,0.04290486712063168,0.03664901597088681,0.043233794336873216,14,3,"descriptive crossed person/seed percentile bootstrap, 2000 draws, RNG731"
observation_by_intervention,occluded | False,P-direct-none-base,assignment_failure_rate,fraction,0.34891230406290735,0.3067265331673566,0.38223184801502885,0.3049790845763408,0.3928455235494738,14,3,"descriptive crossed person/seed percentile bootstrap, 2000 draws, RNG731"
observation_by_intervention,occluded | False,P-direct-none-base,left_excursion_error,degrees,27.323946828991353,22.92995581449846,31.088328505967873,22.68873263231076,31.95916102567194,14,3,"descriptive crossed person/seed percentile bootstrap, 2000 draws, RNG731"
observation_by_intervention,occluded | False,P-direct-none-base,right_excursion_error,degrees,26.317913768475634,22.543571188621367,29.662205574873422,22.3311338321484,30.30469370480286,14,3,"descriptive crossed person/seed percentile bootstrap, 2000 draws, RNG731"
observation_by_intervention,occluded | False,P-direct-none-base,response_error,degrees,9.541568057763117,7.1299257263014955,12.413658227301225,6.724934777043611,12.358201338482623,14,3,"descriptive crossed person/seed percentile bootstrap, 2000 draws, RNG731"
observation_by_intervention,occluded | False,P-direct-none-base,zero_response_error,degrees,4.103719929050653,3.9265094202807123,4.273990008694952,3.903084351712011,4.304355506389293,14,3,"descriptive crossed person/seed percentile bootstrap, 2000 draws, RNG731"
observation_by_intervention,occluded | False,P-direct-none-base,response_failure_rate,fraction,0.006671167695473248,0.0034334467776308032,0.010548149526014105,0.002882836164053361,0.010459499226893137,14,3,"descriptive crossed person/seed percentile bootstrap, 2000 draws, RNG731"
observation_by_intervention,occluded | False,P-direct-none-base,response_failure_contribution,degrees,4.8032407407407405,2.47208167989418,7.594667658730156,2.0756420381184193,7.530839443363062,14,3,"descriptive crossed person/seed percentile bootstrap, 2000 draws, RNG731"
observation_by_intervention,occluded | False,P-direct-none-base,response_success_contribution,degrees,4.738327317022376,4.483557894957669,4.981419944260149,4.458348622665275,5.0183060113794795,14,3,"descriptive crossed person/seed percentile bootstrap, 2000 draws, RNG731"
observation_by_intervention,occluded | False,P-direct-none-paired_change,A_error,degrees,17.346327108153087,14.810311780714414,19.824738439338894,15.648034099354168,19.044620116952007,14,3,"descriptive crossed person/seed percentile bootstrap, 2000 draws, RNG731"
observation_by_intervention,occluded | False,P-direct-none-paired_change,waveform_error,degrees,22.544743028519445,20.853976419031792,24.467973101280958,20.41264941270689,24.676836644332,14,3,"descriptive crossed person/seed percentile bootstrap, 2000 draws, RNG731"
observation_by_intervention,occluded | False,P-direct-none-paired_change,synthetic_all_nle,dimensionless NLE,0.05874579772717759,0.05538104300152264,0.0623915442271767,0.05486109308985245,0.06263050236450272,14,3,"descriptive crossed person/seed percentile bootstrap, 2000 draws, RNG731"
observation_by_intervention,occluded | False,P-direct-none-paired_change,assignment_failure_rate,fraction,0.45337218489257036,0.4397023106650727,0.4659599797271883,0.44145856158126995,0.4652858082038708,14,3,"descriptive crossed person/seed percentile bootstrap, 2000 draws, RNG731"
observation_by_intervention,occluded | False,P-direct-none-paired_change,left_excursion_error,degrees,21.839019698797934,18.960173145970682,24.964817974417674,18.90075578570324,24.777283611892635,14,3,"descriptive crossed person/seed percentile bootstrap, 2000 draws, RNG731"
observation_by_intervention,occluded | False,P-direct-none-paired_change,right_excursion_error,degrees,23.623969961774417,20.47162938897384,27.0754112998162,20.319947412297896,26.927992511250938,14,3,"descriptive crossed person/seed percentile bootstrap, 2000 draws, RNG731"
observation_by_intervention,occluded | False,P-direct-none-paired_change,response_error,degrees,14.888116474410193,11.544066574503388,18.488097423070613,11.067950823738363,18.708282125082025,14,3,"descriptive crossed person/seed percentile bootstrap, 2000 draws, RNG731"
observation_by_intervention,occluded | False,P-direct-none-paired_change,zero_response_error,degrees,4.103719929050653,3.9265094202807123,4.273990008694952,3.903084351712011,4.304355506389293,14,3,"descriptive crossed person/seed percentile bootstrap, 2000 draws, RNG731"
observation_by_intervention,occluded | False,P-direct-none-paired_change,response_failure_rate,fraction,0.014080871546149322,0.009523315788506759,0.019079378858024684,0.008817179530942847,0.01934456356135579,14,3,"descriptive crossed person/seed percentile bootstrap, 2000 draws, RNG731"
observation_by_intervention,occluded | False,P-direct-none-paired_change,response_failure_contribution,degrees,10.138227513227513,6.856787367724869,13.737152777777778,6.348369262278852,13.928085764176178,14,3,"descriptive crossed person/seed percentile bootstrap, 2000 draws, RNG731"
observation_by_intervention,occluded | False,P-direct-none-paired_change,response_success_contribution,degrees,4.749888961182681,4.537075423968079,4.970841098094029,4.509209080874297,4.990568841491066,14,3,"descriptive crossed person/seed percentile bootstrap, 2000 draws, RNG731"
observation_by_intervention,occluded | True,F-response-coordinate_delta_v1-graph_time-base,A_error,degrees,15.436508635211226,13.377822990127756,18.1789366012118,12.883947719355502,17.98906955106695,14,3,"descriptive crossed person/seed percentile bootstrap, 2000 draws, RNG731"
observation_by_intervention,occluded | True,F-response-coordinate_delta_v1-graph_time-base,waveform_error,degrees,18.839122344235193,17.228355130452755,20.69124640659388,16.883244369404032,20.795000319066354,14,3,"descriptive crossed person/seed percentile bootstrap, 2000 draws, RNG731"
observation_by_intervention,occluded | True,F-response-coordinate_delta_v1-graph_time-base,synthetic_all_nle,dimensionless NLE,0.05943413809642456,0.05650737565796031,0.06267950445093405,0.056140093363130215,0.06272818282971891,14,3,"descriptive crossed person/seed percentile bootstrap, 2000 draws, RNG731"
observation_by_intervention,occluded | True,F-response-coordinate_delta_v1-graph_time-base,assignment_failure_rate,fraction,0.46278474141622156,0.4468621286409278,0.4791081639457378,0.44853293581645254,0.4770365470159908,14,3,"descriptive crossed person/seed percentile bootstrap, 2000 draws, RNG731"
observation_by_intervention,occluded | True,F-response-coordinate_delta_v1-graph_time-base,left_excursion_error,degrees,30.344024376933145,27.21634155931398,33.28955003851488,26.936089488784816,33.751959265081474,14,3,"descriptive crossed person/seed percentile bootstrap, 2000 draws, RNG731"
observation_by_intervention,occluded | True,F-response-coordinate_delta_v1-graph_time-base,right_excursion_error,degrees,28.546211944878912,25.812334266453416,31.43198391797465,25.81090982757945,31.281514062178395,14,3,"descriptive crossed person/seed percentile bootstrap, 2000 draws, RNG731"
observation_by_intervention,occluded | True,F-response-coordinate_delta_v1-graph_time-base,response_error,degrees,18.187357850761277,13.277522713158724,24.831720648891512,12.120398366538346,24.2543173349842,14,3,"descriptive crossed person/seed percentile bootstrap, 2000 draws, RNG731"
observation_by_intervention,occluded | True,F-response-coordinate_delta_v1-graph_time-base,zero_response_error,degrees,9.225048743968259,8.820021770707251,9.591880192453514,8.77620840798765,9.673889079948864,14,3,"descriptive crossed person/seed percentile bootstrap, 2000 draws, RNG731"
observation_by_intervention,occluded | True,F-response-coordinate_delta_v1-graph_time-base,response_failure_rate,fraction,0.011990189594356257,0.005227003417107582,0.021316550925925916,0.0036077454907050173,0.0203726336980075,14,3,"descriptive crossed person/seed percentile bootstrap, 2000 draws, RNG731"
observation_by_intervention,occluded | True,F-response-coordinate_delta_v1-graph_time-base,response_failure_contribution,degrees,8.63293650793651,3.7634424603174605,15.347916666666666,2.5975767533076137,14.668296262565402,14,3,"descriptive crossed person/seed percentile bootstrap, 2000 draws, RNG731"
observation_by_intervention,occluded | True,F-response-coordinate_delta_v1-graph_time-base,response_success_contribution,degrees,9.554421342824767,9.089986858526022,9.976777665066122,9.049549888058015,10.05929279759152,14,3,"descriptive crossed person/seed percentile bootstrap, 2000 draws, RNG731"
observation_by_intervention,occluded | True,F-response-coordinate_delta_v1-graph_time-paired_change,A_error,degrees,19.746646357096633,15.771787000536436,24.620300417436564,14.953074223262558,24.54021849093071,14,3,"descriptive crossed person/seed percentile bootstrap, 2000 draws, RNG731"
observation_by_intervention,occluded | True,F-response-coordinate_delta_v1-graph_time-paired_change,waveform_error,degrees,24.25554517493277,22.21562499185685,26.732175525835487,21.79189300485298,26.719197345012553,14,3,"descriptive crossed person/seed percentile bootstrap, 2000 draws, RNG731"
observation_by_intervention,occluded | True,F-response-coordinate_delta_v1-graph_time-paired_change,synthetic_all_nle,dimensionless NLE,0.06632796282232017,0.06316804064165715,0.06980500426709084,0.06279960440756727,0.06985632123707308,14,3,"descriptive crossed person/seed percentile bootstrap, 2000 draws, RNG731"
observation_by_intervention,occluded | True,F-response-coordinate_delta_v1-graph_time-paired_change,assignment_failure_rate,fraction,0.5000721228033422,0.4780462921190957,0.516343822114444,0.49061503647246785,0.5095292091342164,14,3,"descriptive crossed person/seed percentile bootstrap, 2000 draws, RNG731"
observation_by_intervention,occluded | True,F-response-coordinate_delta_v1-graph_time-paired_change,left_excursion_error,degrees,20.753776559553415,17.72826273110139,23.847168686687,17.355891545921256,24.151661573185574,14,3,"descriptive crossed person/seed percentile bootstrap, 2000 draws, RNG731"
observation_by_intervention,occluded | True,F-response-coordinate_delta_v1-graph_time-paired_change,right_excursion_error,degrees,25.14582701826305,19.80783529155324,30.670037044771423,20.49866080583194,29.79299323069415,14,3,"descriptive crossed person/seed percentile bootstrap, 2000 draws, RNG731"
observation_by_intervention,occluded | True,F-response-coordinate_delta_v1-graph_time-paired_change,response_error,degrees,26.439034050345867,18.142675781991777,36.537044339091615,16.171340648947407,36.706727451744335,14,3,"descriptive crossed person/seed percentile bootstrap, 2000 draws, RNG731"
observation_by_intervention,occluded | True,F-response-coordinate_delta_v1-graph_time-paired_change,zero_response_error,degrees,9.225048743968259,8.820021770707251,9.591880192453514,8.77620840798765,9.673889079948864,14,3,"descriptive crossed person/seed percentile bootstrap, 2000 draws, RNG731"
observation_by_intervention,occluded | True,F-response-coordinate_delta_v1-graph_time-paired_change,response_failure_rate,fraction,0.02366898148148147,0.012076857363315692,0.03776255235890651,0.009431437293307598,0.037906525669655355,14,3,"descriptive crossed person/seed percentile bootstrap, 2000 draws, RNG731"
observation_by_intervention,occluded | True,F-response-coordinate_delta_v1-graph_time-paired_change,response_failure_contribution,degrees,17.041666666666668,8.695337301587301,27.189037698412697,6.790634851181467,27.292698482151863,14,3,"descriptive crossed person/seed percentile bootstrap, 2000 draws, RNG731"
observation_by_intervention,occluded | True,F-response-coordinate_delta_v1-graph_time-paired_change,response_success_contribution,degrees,9.397367383679203,8.973618371247463,9.78588624049516,8.938547062050397,9.856187705308013,14,3,"descriptive crossed person/seed percentile bootstrap, 2000 draws, RNG731"
observation_by_intervention,occluded | True,F-response-jepa_delta_v1-graph_time-base,A_error,degrees,16.570339098952488,14.536097573869805,18.79867580284232,14.365911537601477,18.7747666603035,14,3,"descriptive crossed person/seed percentile bootstrap, 2000 draws, RNG731"
observation_by_intervention,occluded | True,F-response-jepa_delta_v1-graph_time-base,waveform_error,degrees,21.318140067763327,19.531560728887587,23.380048840780113,19.165832114886033,23.470448020640614,14,3,"descriptive crossed person/seed percentile bootstrap, 2000 draws, RNG731"
observation_by_intervention,occluded | True,F-response-jepa_delta_v1-graph_time-base,synthetic_all_nle,dimensionless NLE,0.0684040319642107,0.06439383615795319,0.07318152708472807,0.063480218956461,0.07332784497196038,14,3,"descriptive crossed person/seed percentile bootstrap, 2000 draws, RNG731"
observation_by_intervention,occluded | True,F-response-jepa_delta_v1-graph_time-base,assignment_failure_rate,fraction,0.5216443556697962,0.5023077046119013,0.5361750297438411,0.5033304139226463,0.539958297416946,14,3,"descriptive crossed person/seed percentile bootstrap, 2000 draws, RNG731"
observation_by_intervention,occluded | True,F-response-jepa_delta_v1-graph_time-base,left_excursion_error,degrees,28.81508630192321,24.92061210136116,32.37880645588095,24.69323323370813,32.93693937013828,14,3,"descriptive crossed person/seed percentile bootstrap, 2000 draws, RNG731"
observation_by_intervention,occluded | True,F-response-jepa_delta_v1-graph_time-base,right_excursion_error,degrees,27.97865574865313,24.38418674192464,31.290515504698472,24.141823508012397,31.815487989293846,14,3,"descriptive crossed person/seed percentile bootstrap, 2000 draws, RNG731"
observation_by_intervention,occluded | True,F-response-jepa_delta_v1-graph_time-base,response_error,degrees,19.085851442685318,14.780507112264239,24.044872307759803,14.033399500697172,24.138303384673456,14,3,"descriptive crossed person/seed percentile bootstrap, 2000 draws, RNG731"
observation_by_intervention,occluded | True,F-response-jepa_delta_v1-graph_time-base,zero_response_error,degrees,9.225048743968259,8.820021770707251,9.591880192453514,8.77620840798765,9.673889079948864,14,3,"descriptive crossed person/seed percentile bootstrap, 2000 draws, RNG731"
observation_by_intervention,occluded | True,F-response-jepa_delta_v1-graph_time-base,response_failure_rate,fraction,0.013155864197530861,0.007118928203997646,0.02007054673721339,0.006227084443428695,0.020084643951633025,14,3,"descriptive crossed person/seed percentile bootstrap, 2000 draws, RNG731"
observation_by_intervention,occluded | True,F-response-jepa_delta_v1-graph_time-base,response_failure_contribution,degrees,9.472222222222223,5.125628306878307,14.450793650793647,4.483500799268663,14.460943645175783,14,3,"descriptive crossed person/seed percentile bootstrap, 2000 draws, RNG731"
observation_by_intervention,occluded | True,F-response-jepa_delta_v1-graph_time-base,response_success_contribution,degrees,9.613629220463096,9.161379094105145,10.018657837869323,9.148108743744556,10.079149697181636,14,3,"descriptive crossed person/seed percentile bootstrap, 2000 draws, RNG731"
observation_by_intervention,occluded | True,F-response-jepa_delta_v1-graph_time-paired_change,A_error,degrees,17.72422073509148,14.848377305945997,21.256123016408576,15.146728477601815,20.301712992581148,14,3,"descriptive crossed person/seed percentile bootstrap, 2000 draws, RNG731"
observation_by_intervention,occluded | True,F-response-jepa_delta_v1-graph_time-paired_change,waveform_error,degrees,24.60815489867729,22.972337308098666,26.559105144520746,22.90376211808514,26.312547679269443,14,3,"descriptive crossed person/seed percentile bootstrap, 2000 draws, RNG731"
observation_by_intervention,occluded | True,F-response-jepa_delta_v1-graph_time-paired_change,synthetic_all_nle,dimensionless NLE,0.0759322460797639,0.07255694610289182,0.07966686526723914,0.07191523949560187,0.0799492526639259,14,3,"descriptive crossed person/seed percentile bootstrap, 2000 draws, RNG731"
observation_by_intervention,occluded | True,F-response-jepa_delta_v1-graph_time-paired_change,assignment_failure_rate,fraction,0.5305702987411092,0.5182045932299431,0.5393051443154,0.5213398078682179,0.5398007896140005,14,3,"descriptive crossed person/seed percentile bootstrap, 2000 draws, RNG731"
observation_by_intervention,occluded | True,F-response-jepa_delta_v1-graph_time-paired_change,left_excursion_error,degrees,21.003537890847365,18.65130130993096,23.66599211718964,18.394579009965064,23.612496771729667,14,3,"descriptive crossed person/seed percentile bootstrap, 2000 draws, RNG731"
observation_by_intervention,occluded | True,F-response-jepa_delta_v1-graph_time-paired_change,right_excursion_error,degrees,22.2455093049215,19.055276456975353,26.012111214953233,19.638439837687528,24.852578772155475,14,3,"descriptive crossed person/seed percentile bootstrap, 2000 draws, RNG731"
observation_by_intervention,occluded | True,F-response-jepa_delta_v1-graph_time-paired_change,response_error,degrees,17.465095904461865,13.187655622557077,22.79650574608668,12.518140997531077,22.412050811392653,14,3,"descriptive crossed person/seed percentile bootstrap, 2000 draws, RNG731"
observation_by_intervention,occluded | True,F-response-jepa_delta_v1-graph_time-paired_change,zero_response_error,degrees,9.225048743968259,8.820021770707251,9.591880192453514,8.77620840798765,9.673889079948864,14,3,"descriptive crossed person/seed percentile bootstrap, 2000 draws, RNG731"
observation_by_intervention,occluded | True,F-response-jepa_delta_v1-graph_time-paired_change,response_failure_rate,fraction,0.011066100823045263,0.005183095421810699,0.018472176293356846,0.0042897713645656714,0.017842430281524862,14,3,"descriptive crossed person/seed percentile bootstrap, 2000 draws, RNG731"
observation_by_intervention,occluded | True,F-response-jepa_delta_v1-graph_time-paired_change,response_failure_contribution,degrees,7.9675925925925934,3.731828703703704,13.29996693121693,3.0886353824872854,12.846549802697904,14,3,"descriptive crossed person/seed percentile bootstrap, 2000 draws, RNG731"
observation_by_intervention,occluded | True,F-response-jepa_delta_v1-graph_time-paired_change,response_success_contribution,degrees,9.497503311869272,9.107782758967714,9.86007916079945,9.072903913100665,9.922102710637878,14,3,"descriptive crossed person/seed percentile bootstrap, 2000 draws, RNG731"
observation_by_intervention,occluded | True,F-response-jepa_endpoint_v1-graph_time-base,A_error,degrees,16.125682572488024,14.151555633557221,18.359178365971122,13.956915965930197,18.294449179045845,14,3,"descriptive crossed person/seed percentile bootstrap, 2000 draws, RNG731"
observation_by_intervention,occluded | True,F-response-jepa_endpoint_v1-graph_time-base,waveform_error,degrees,20.7636063210982,18.99962373354802,22.88053511883436,18.53982929699868,22.987383345197717,14,3,"descriptive crossed person/seed percentile bootstrap, 2000 draws, RNG731"
observation_by_intervention,occluded | True,F-response-jepa_endpoint_v1-graph_time-base,synthetic_all_nle,dimensionless NLE,0.06885152927265337,0.06448932475002138,0.07388071578486144,0.06354992243328522,0.07415313611202148,14,3,"descriptive crossed person/seed percentile bootstrap, 2000 draws, RNG731"
observation_by_intervention,occluded | True,F-response-jepa_endpoint_v1-graph_time-base,assignment_failure_rate,fraction,0.528365170168892,0.5115899462911451,0.5407868905696229,0.5125269803400351,0.5442033599977488,14,3,"descriptive crossed person/seed percentile bootstrap, 2000 draws, RNG731"
observation_by_intervention,occluded | True,F-response-jepa_endpoint_v1-graph_time-base,left_excursion_error,degrees,30.05471507640079,25.857307800941165,33.95031421965409,25.60193227071712,34.507497882084444,14,3,"descriptive crossed person/seed percentile bootstrap, 2000 draws, RNG731"
observation_by_intervention,occluded | True,F-response-jepa_endpoint_v1-graph_time-base,right_excursion_error,degrees,30.51383838059272,27.12734489100503,33.62095479550605,27.067444450392763,33.960232310792684,14,3,"descriptive crossed person/seed percentile bootstrap, 2000 draws, RNG731"
observation_by_intervention,occluded | True,F-response-jepa_endpoint_v1-graph_time-base,response_error,degrees,17.57094182025915,13.642728016555203,22.38460892658662,13.044968368233096,22.096915272285205,14,3,"descriptive crossed person/seed percentile bootstrap, 2000 draws, RNG731"
observation_by_intervention,occluded | True,F-response-jepa_endpoint_v1-graph_time-base,zero_response_error,degrees,9.225048743968259,8.820021770707251,9.591880192453514,8.77620840798765,9.673889079948864,14,3,"descriptive crossed person/seed percentile bootstrap, 2000 draws, RNG731"
observation_by_intervention,occluded | True,F-response-jepa_endpoint_v1-graph_time-base,response_failure_rate,fraction,0.01087136243386243,0.005552455357142856,0.01741691468253967,0.00477200860898503,0.016970716258739832,14,3,"descriptive crossed person/seed percentile bootstrap, 2000 draws, RNG731"
observation_by_intervention,occluded | True,F-response-jepa_endpoint_v1-graph_time-base,response_failure_contribution,degrees,7.8273809523809526,3.9977678571428577,12.540178571428571,3.435846198469222,12.218915706292684,14,3,"descriptive crossed person/seed percentile bootstrap, 2000 draws, RNG731"
observation_by_intervention,occluded | True,F-response-jepa_endpoint_v1-graph_time-base,response_success_contribution,degrees,9.743560867878202,9.333695554731403,10.130121230888166,9.28744903681467,10.19967269894173,14,3,"descriptive crossed person/seed percentile bootstrap, 2000 draws, RNG731"
observation_by_intervention,occluded | True,F-response-jepa_endpoint_v1-graph_time-paired_change,A_error,degrees,18.79594307880057,16.457376119890615,21.305033212002492,16.16649625392248,21.425389903678656,14,3,"descriptive crossed person/seed percentile bootstrap, 2000 draws, RNG731"
observation_by_intervention,occluded | True,F-response-jepa_endpoint_v1-graph_time-paired_change,waveform_error,degrees,24.89658808736376,23.10949182220492,27.034084626444976,23.097181556003626,26.695994618723894,14,3,"descriptive crossed person/seed percentile bootstrap, 2000 draws, RNG731"
observation_by_intervention,occluded | True,F-response-jepa_endpoint_v1-graph_time-paired_change,synthetic_all_nle,dimensionless NLE,0.07663560315879177,0.07299493635543573,0.08024145520034398,0.07276289171306653,0.08050831460451695,14,3,"descriptive crossed person/seed percentile bootstrap, 2000 draws, RNG731"
observation_by_intervention,occluded | True,F-response-jepa_endpoint_v1-graph_time-paired_change,assignment_failure_rate,fraction,0.520898198007418,0.5037457362639338,0.5335498459096344,0.5073988187268323,0.5343975772880036,14,3,"descriptive crossed person/seed percentile bootstrap, 2000 draws, RNG731"
observation_by_intervention,occluded | True,F-response-jepa_endpoint_v1-graph_time-paired_change,left_excursion_error,degrees,22.49378365515693,19.374298976378864,25.946266636610986,20.573499160239727,24.414068150074137,14,3,"descriptive crossed person/seed percentile bootstrap, 2000 draws, RNG731"
observation_by_intervention,occluded | True,F-response-jepa_endpoint_v1-graph_time-paired_change,right_excursion_error,degrees,22.035272577614197,19.593449415225432,24.79554362706287,19.429038716359635,24.641506438868753,14,3,"descriptive crossed person/seed percentile bootstrap, 2000 draws, RNG731"
observation_by_intervention,occluded | True,F-response-jepa_endpoint_v1-graph_time-paired_change,response_error,degrees,17.82257036329296,13.042619418481022,23.13121731342437,12.180411072692815,23.464729653893116,14,3,"descriptive crossed person/seed percentile bootstrap, 2000 draws, RNG731"
observation_by_intervention,occluded | True,F-response-jepa_endpoint_v1-graph_time-paired_change,zero_response_error,degrees,9.225048743968259,8.820021770707251,9.591880192453514,8.77620840798765,9.673889079948864,14,3,"descriptive crossed person/seed percentile bootstrap, 2000 draws, RNG731"
observation_by_intervention,occluded | True,F-response-jepa_endpoint_v1-graph_time-paired_change,response_failure_rate,fraction,0.011475786302175186,0.004866140321869488,0.018931419018224566,0.0036663540749484217,0.01928521852940195,14,3,"descriptive crossed person/seed percentile bootstrap, 2000 draws, RNG731"
observation_by_intervention,occluded | True,F-response-jepa_endpoint_v1-graph_time-paired_change,response_failure_contribution,degrees,8.262566137566138,3.503621031746032,13.630621693121693,2.6397749339628636,13.885357341169408,14,3,"descriptive crossed person/seed percentile bootstrap, 2000 draws, RNG731"
observation_by_intervention,occluded | True,F-response-jepa_endpoint_v1-graph_time-paired_change,response_success_contribution,degrees,9.560004225726821,9.148317411316592,9.938340599697932,9.12064097962434,9.999367471829306,14,3,"descriptive crossed person/seed percentile bootstrap, 2000 draws, RNG731"
observation_by_intervention,occluded | True,I-initialized-none-base,A_error,degrees,15.522216442551334,13.478599792724916,17.821419418175896,13.180024280357655,17.864408604745005,14,3,"descriptive crossed person/seed percentile bootstrap, 2000 draws, RNG731"
observation_by_intervention,occluded | True,I-initialized-none-base,waveform_error,degrees,20.982995869076657,19.259364819485953,22.9903569382458,18.79862145139451,23.167370286758803,14,3,"descriptive crossed person/seed percentile bootstrap, 2000 draws, RNG731"
observation_by_intervention,occluded | True,I-initialized-none-base,synthetic_all_nle,dimensionless NLE,0.07510759644916319,0.07120845947991106,0.07926031427405618,0.07058344304700002,0.07963174985132633,14,3,"descriptive crossed person/seed percentile bootstrap, 2000 draws, RNG731"
observation_by_intervention,occluded | True,I-initialized-none-base,assignment_failure_rate,fraction,0.5374742597589245,0.5303881696996714,0.543490868779559,0.5306928314366672,0.5442556880811817,14,3,"descriptive crossed person/seed percentile bootstrap, 2000 draws, RNG731"
observation_by_intervention,occluded | True,I-initialized-none-base,left_excursion_error,degrees,29.272735077887745,24.64306946161755,33.250482685430136,24.388176854769338,34.157293301006156,14,3,"descriptive crossed person/seed percentile bootstrap, 2000 draws, RNG731"
observation_by_intervention,occluded | True,I-initialized-none-base,right_excursion_error,degrees,28.50073734941943,24.637091617202575,32.073131347285816,24.374315181072483,32.62715951776637,14,3,"descriptive crossed person/seed percentile bootstrap, 2000 draws, RNG731"
observation_by_intervention,occluded | True,I-initialized-none-base,response_error,degrees,15.438404201735203,11.44983812261528,20.113683070560896,10.770393952411743,20.106414451058654,14,3,"descriptive crossed person/seed percentile bootstrap, 2000 draws, RNG731"
observation_by_intervention,occluded | True,I-initialized-none-base,zero_response_error,degrees,9.225048743968259,8.820021770707251,9.591880192453514,8.77620840798765,9.673889079948864,14,3,"descriptive crossed person/seed percentile bootstrap, 2000 draws, RNG731"
observation_by_intervention,occluded | True,I-initialized-none-base,response_failure_rate,fraction,0.007779431216931216,0.0023004850088183416,0.014308586860670183,0.0013424604748390996,0.01421640195902333,14,3,"descriptive crossed person/seed percentile bootstrap, 2000 draws, RNG731"
observation_by_intervention,occluded | True,I-initialized-none-base,response_failure_contribution,degrees,5.601190476190476,1.6563492063492067,10.302182539682535,0.9665715418841518,10.2358094104968,14,3,"descriptive crossed person/seed percentile bootstrap, 2000 draws, RNG731"
observation_by_intervention,occluded | True,I-initialized-none-base,response_success_contribution,degrees,9.837213725544723,9.424843965262575,10.233916812430877,9.376382965679815,10.298044485409635,14,3,"descriptive crossed person/seed percentile bootstrap, 2000 draws, RNG731"
observation_by_intervention,occluded | True,I-initialized-none-paired_change,A_error,degrees,18.20796175668581,14.834434952492941,21.840289165080495,15.604030559391266,20.81189295398035,14,3,"descriptive crossed person/seed percentile bootstrap, 2000 draws, RNG731"
observation_by_intervention,occluded | True,I-initialized-none-paired_change,waveform_error,degrees,24.61112717566113,23.12186898135231,26.46902787483081,22.851899852096214,26.37035449922605,14,3,"descriptive crossed person/seed percentile bootstrap, 2000 draws, RNG731"
observation_by_intervention,occluded | True,I-initialized-none-paired_change,synthetic_all_nle,dimensionless NLE,0.07819326551805864,0.07513371676141661,0.08134168064269165,0.07477322556134428,0.08161330547477302,14,3,"descriptive crossed person/seed percentile bootstrap, 2000 draws, RNG731"
observation_by_intervention,occluded | True,I-initialized-none-paired_change,assignment_failure_rate,fraction,0.5264636818640012,0.5089344804374519,0.5400785126578647,0.5093347578777513,0.543592605850251,14,3,"descriptive crossed person/seed percentile bootstrap, 2000 draws, RNG731"
observation_by_intervention,occluded | True,I-initialized-none-paired_change,left_excursion_error,degrees,21.942102328502,19.439082923748884,24.601680105913164,19.597966517895507,24.286238139108484,14,3,"descriptive crossed person/seed percentile bootstrap, 2000 draws, RNG731"
observation_by_intervention,occluded | True,I-initialized-none-paired_change,right_excursion_error,degrees,22.350621593596127,19.464442544733764,25.766072048188953,19.003450192578924,25.69779299461333,14,3,"descriptive crossed person/seed percentile bootstrap, 2000 draws, RNG731"
observation_by_intervention,occluded | True,I-initialized-none-paired_change,response_error,degrees,17.135323589241,12.847968653083598,22.537474177989992,11.974499757123658,22.29614742135834,14,3,"descriptive crossed person/seed percentile bootstrap, 2000 draws, RNG731"
observation_by_intervention,occluded | True,I-initialized-none-paired_change,zero_response_error,degrees,9.225048743968259,8.820021770707251,9.591880192453514,8.77620840798765,9.673889079948864,14,3,"descriptive crossed person/seed percentile bootstrap, 2000 draws, RNG731"
observation_by_intervention,occluded | True,I-initialized-none-paired_change,response_failure_rate,fraction,0.010519547325102876,0.004621155753968253,0.01796013833774248,0.0034214816854714475,0.017617612964734308,14,3,"descriptive crossed person/seed percentile bootstrap, 2000 draws, RNG731"
observation_by_intervention,occluded | True,I-initialized-none-paired_change,response_failure_contribution,degrees,7.574074074074074,3.327232142857143,12.931299603174589,2.463466813539445,12.684681334608705,14,3,"descriptive crossed person/seed percentile bootstrap, 2000 draws, RNG731"
observation_by_intervention,occluded | True,I-initialized-none-paired_change,response_success_contribution,degrees,9.561249515166923,9.132945693668916,9.956417601498046,9.09717616479564,10.02532286553821,14,3,"descriptive crossed person/seed percentile bootstrap, 2000 draws, RNG731"
observation_by_intervention,occluded | True,I-shuffled_jepa-graph_time-base,A_error,degrees,15.200226191638446,13.401966149056067,17.30343467793193,13.155449346767758,17.24500303650912,14,3,"descriptive crossed person/seed percentile bootstrap, 2000 draws, RNG731"
observation_by_intervention,occluded | True,I-shuffled_jepa-graph_time-base,waveform_error,degrees,20.602016949726593,18.87836062968373,22.57944346697612,18.46390317089827,22.740130728554917,14,3,"descriptive crossed person/seed percentile bootstrap, 2000 draws, RNG731"
observation_by_intervention,occluded | True,I-shuffled_jepa-graph_time-base,synthetic_all_nle,dimensionless NLE,0.07362166597192486,0.06965927717397714,0.07796476445056554,0.06899028163477637,0.07825305030907338,14,3,"descriptive crossed person/seed percentile bootstrap, 2000 draws, RNG731"
observation_by_intervention,occluded | True,I-shuffled_jepa-graph_time-base,assignment_failure_rate,fraction,0.5318008185167631,0.5200388027264882,0.5402167494598684,0.5204169203123548,0.5431847167211714,14,3,"descriptive crossed person/seed percentile bootstrap, 2000 draws, RNG731"
observation_by_intervention,occluded | True,I-shuffled_jepa-graph_time-base,left_excursion_error,degrees,28.668367674426776,24.360933165891794,32.37822619890679,24.133130674597584,33.20360467425598,14,3,"descriptive crossed person/seed percentile bootstrap, 2000 draws, RNG731"
observation_by_intervention,occluded | True,I-shuffled_jepa-graph_time-base,right_excursion_error,degrees,27.994148718117014,24.316416792232264,31.305631299863776,24.115070190790245,31.873227245443776,14,3,"descriptive crossed person/seed percentile bootstrap, 2000 draws, RNG731"
observation_by_intervention,occluded | True,I-shuffled_jepa-graph_time-base,response_error,degrees,15.252508058771625,11.67811611470161,19.781202190572795,10.920169645234374,19.584846472308886,14,3,"descriptive crossed person/seed percentile bootstrap, 2000 draws, RNG731"
observation_by_intervention,occluded | True,I-shuffled_jepa-graph_time-base,zero_response_error,degrees,9.225048743968259,8.820021770707251,9.591880192453514,8.77620840798765,9.673889079948864,14,3,"descriptive crossed person/seed percentile bootstrap, 2000 draws, RNG731"
observation_by_intervention,occluded | True,I-shuffled_jepa-graph_time-base,response_failure_rate,fraction,0.007627865961199291,0.002686838624338624,0.01388062169312169,0.0016502787521983139,0.01360545317020027,14,3,"descriptive crossed person/seed percentile bootstrap, 2000 draws, RNG731"
observation_by_intervention,occluded | True,I-shuffled_jepa-graph_time-base,response_failure_contribution,degrees,5.492063492063492,1.9345238095238095,9.994047619047619,1.1882007015827876,9.795926282544198,14,3,"descriptive crossed person/seed percentile bootstrap, 2000 draws, RNG731"
observation_by_intervention,occluded | True,I-shuffled_jepa-graph_time-base,response_success_contribution,degrees,9.760444566708136,9.358519719086946,10.124582590127476,9.331977804965792,10.18891132845048,14,3,"descriptive crossed person/seed percentile bootstrap, 2000 draws, RNG731"
observation_by_intervention,occluded | True,I-shuffled_jepa-graph_time-paired_change,A_error,degrees,16.88238994530166,13.956120180172642,20.232319697658905,13.797862897405968,19.96691699319736,14,3,"descriptive crossed person/seed percentile bootstrap, 2000 draws, RNG731"
observation_by_intervention,occluded | True,I-shuffled_jepa-graph_time-paired_change,waveform_error,degrees,24.463854479858437,22.744693684487498,26.540389428110995,22.517709302172047,26.409999657544827,14,3,"descriptive crossed person/seed percentile bootstrap, 2000 draws, RNG731"
observation_by_intervention,occluded | True,I-shuffled_jepa-graph_time-paired_change,synthetic_all_nle,dimensionless NLE,0.07828088405993947,0.07525774415159014,0.08133694628182384,0.07488586456962215,0.08167590355025678,14,3,"descriptive crossed person/seed percentile bootstrap, 2000 draws, RNG731"
observation_by_intervention,occluded | True,I-shuffled_jepa-graph_time-paired_change,assignment_failure_rate,fraction,0.5232867837900735,0.5076748243857767,0.5352253755493399,0.5070702079437527,0.5395033596363944,14,3,"descriptive crossed person/seed percentile bootstrap, 2000 draws, RNG731"
observation_by_intervention,occluded | True,I-shuffled_jepa-graph_time-paired_change,left_excursion_error,degrees,21.471603342406507,18.699242928859725,24.09248273899453,19.32220670346676,23.620999981346245,14,3,"descriptive crossed person/seed percentile bootstrap, 2000 draws, RNG731"
observation_by_intervention,occluded | True,I-shuffled_jepa-graph_time-paired_change,right_excursion_error,degrees,22.124879564172964,19.645805852727964,24.794732436675094,19.369334004016295,24.88042512432964,14,3,"descriptive crossed person/seed percentile bootstrap, 2000 draws, RNG731"
observation_by_intervention,occluded | True,I-shuffled_jepa-graph_time-paired_change,response_error,degrees,19.54078053372373,13.576455297659239,26.498595486529993,13.218002475043438,25.863558592404022,14,3,"descriptive crossed person/seed percentile bootstrap, 2000 draws, RNG731"
observation_by_intervention,occluded | True,I-shuffled_jepa-graph_time-paired_change,zero_response_error,degrees,9.225048743968259,8.820021770707251,9.591880192453514,8.77620840798765,9.673889079948864,14,3,"descriptive crossed person/seed percentile bootstrap, 2000 draws, RNG731"
observation_by_intervention,occluded | True,I-shuffled_jepa-graph_time-paired_change,response_failure_rate,fraction,0.013874191651969424,0.0055723655202821855,0.023691096230158724,0.005013566335113611,0.022734816968825233,14,3,"descriptive crossed person/seed percentile bootstrap, 2000 draws, RNG731"
observation_by_intervention,occluded | True,I-shuffled_jepa-graph_time-paired_change,response_failure_contribution,degrees,9.989417989417989,4.012103174603174,17.057589285714283,3.6097677612818027,16.369068217554176,14,3,"descriptive crossed person/seed percentile bootstrap, 2000 draws, RNG731"
observation_by_intervention,occluded | True,I-shuffled_jepa-graph_time-paired_change,response_success_contribution,degrees,9.551362544305741,9.128139939336457,9.90980155960625,9.118556346795991,9.984168741815495,14,3,"descriptive crossed person/seed percentile bootstrap, 2000 draws, RNG731"
observation_by_intervention,occluded | True,M-coordinate-graph_time-base,A_error,degrees,15.309851556032438,13.653361607676912,17.12872961186209,13.466982974589138,17.15272013747574,14,3,"descriptive crossed person/seed percentile bootstrap, 2000 draws, RNG731"
observation_by_intervention,occluded | True,M-coordinate-graph_time-base,waveform_error,degrees,18.553384276653258,17.098968615050833,20.12898031552307,16.83217481755728,20.274593735749235,14,3,"descriptive crossed person/seed percentile bootstrap, 2000 draws, RNG731"
observation_by_intervention,occluded | True,M-coordinate-graph_time-base,synthetic_all_nle,dimensionless NLE,0.05339439582886552,0.05048720947853395,0.056564421187678696,0.04999936815353358,0.05678942350419747,14,3,"descriptive crossed person/seed percentile bootstrap, 2000 draws, RNG731"
observation_by_intervention,occluded | True,M-coordinate-graph_time-base,assignment_failure_rate,fraction,0.4268660585034225,0.40974349612196304,0.44211048054545743,0.41141442392486877,0.44231769308197616,14,3,"descriptive crossed person/seed percentile bootstrap, 2000 draws, RNG731"
observation_by_intervention,occluded | True,M-coordinate-graph_time-base,left_excursion_error,degrees,29.885681344466224,26.11917814063755,33.12830277175803,25.95478611245244,33.81657657648001,14,3,"descriptive crossed person/seed percentile bootstrap, 2000 draws, RNG731"
observation_by_intervention,occluded | True,M-coordinate-graph_time-base,right_excursion_error,degrees,28.46414304259136,25.16352710033318,31.33480345719322,25.042436305006298,31.88584978017642,14,3,"descriptive crossed person/seed percentile bootstrap, 2000 draws, RNG731"
observation_by_intervention,occluded | True,M-coordinate-graph_time-base,response_error,degrees,17.7754334739793,14.05350112180178,21.937479679452125,13.671313843873001,21.879553104085602,14,3,"descriptive crossed person/seed percentile bootstrap, 2000 draws, RNG731"
observation_by_intervention,occluded | True,M-coordinate-graph_time-base,zero_response_error,degrees,9.225048743968259,8.820021770707251,9.591880192453514,8.77620840798765,9.673889079948864,14,3,"descriptive crossed person/seed percentile bootstrap, 2000 draws, RNG731"
observation_by_intervention,occluded | True,M-coordinate-graph_time-base,response_failure_rate,fraction,0.011437206055261608,0.006233121141975307,0.01718805114638447,0.0057616065904168125,0.017112805520106404,14,3,"descriptive crossed person/seed percentile bootstrap, 2000 draws, RNG731"
observation_by_intervention,occluded | True,M-coordinate-graph_time-base,response_failure_contribution,degrees,8.234788359788359,4.487847222222222,12.375396825396823,4.148356745100107,12.321219974476616,14,3,"descriptive crossed person/seed percentile bootstrap, 2000 draws, RNG731"
observation_by_intervention,occluded | True,M-coordinate-graph_time-base,response_success_contribution,degrees,9.54064511419094,9.08363786986015,9.949651864959963,9.052617995512303,10.028672232869582,14,3,"descriptive crossed person/seed percentile bootstrap, 2000 draws, RNG731"
observation_by_intervention,occluded | True,M-coordinate-graph_time-paired_change,A_error,degrees,17.881849299511092,14.981043433308605,20.78234064373135,15.855231153785384,19.908467445236802,14,3,"descriptive crossed person/seed percentile bootstrap, 2000 draws, RNG731"
observation_by_intervention,occluded | True,M-coordinate-graph_time-paired_change,waveform_error,degrees,24.185760967122263,22.88080407782941,25.734845180858706,22.58999583894226,25.781526095302258,14,3,"descriptive crossed person/seed percentile bootstrap, 2000 draws, RNG731"
observation_by_intervention,occluded | True,M-coordinate-graph_time-paired_change,synthetic_all_nle,dimensionless NLE,0.06110728334438344,0.057888581601920105,0.0645316297254481,0.057440207468389695,0.06477435922037718,14,3,"descriptive crossed person/seed percentile bootstrap, 2000 draws, RNG731"
observation_by_intervention,occluded | True,M-coordinate-graph_time-paired_change,assignment_failure_rate,fraction,0.46955063378991796,0.4576818257963599,0.48270910048530935,0.4596258346521568,0.4794754329276789,14,3,"descriptive crossed person/seed percentile bootstrap, 2000 draws, RNG731"
observation_by_intervention,occluded | True,M-coordinate-graph_time-paired_change,left_excursion_error,degrees,18.314549261019394,15.82202708596967,21.104880146520035,15.865687405492853,20.763411116545942,14,3,"descriptive crossed person/seed percentile bootstrap, 2000 draws, RNG731"
observation_by_intervention,occluded | True,M-coordinate-graph_time-paired_change,right_excursion_error,degrees,17.791898864323507,14.549702908515703,21.498157437968818,15.817510512195154,19.76628721645186,14,3,"descriptive crossed person/seed percentile bootstrap, 2000 draws, RNG731"
observation_by_intervention,occluded | True,M-coordinate-graph_time-paired_change,response_error,degrees,19.556895550073232,14.868462689665433,25.42351749196781,14.389832542058631,24.723958558087833,14,3,"descriptive crossed person/seed percentile bootstrap, 2000 draws, RNG731"
observation_by_intervention,occluded | True,M-coordinate-graph_time-paired_change,zero_response_error,degrees,9.225048743968259,8.820021770707251,9.591880192453514,8.77620840798765,9.673889079948864,14,3,"descriptive crossed person/seed percentile bootstrap, 2000 draws, RNG731"
observation_by_intervention,occluded | True,M-coordinate-graph_time-paired_change,response_failure_rate,fraction,0.014144253380364487,0.007694968033509698,0.022111028439153427,0.007086314065949741,0.02120219269477923,14,3,"descriptive crossed person/seed percentile bootstrap, 2000 draws, RNG731"
observation_by_intervention,occluded | True,M-coordinate-graph_time-paired_change,response_failure_contribution,degrees,10.183862433862435,5.5403769841269845,15.919940476190472,5.102146127483815,15.265578740241049,14,3,"descriptive crossed person/seed percentile bootstrap, 2000 draws, RNG731"
observation_by_intervention,occluded | True,M-coordinate-graph_time-paired_change,response_success_contribution,degrees,9.3730331162108,8.956016789528425,9.743111148416943,8.936316525086568,9.809749707335026,14,3,"descriptive crossed person/seed percentile bootstrap, 2000 draws, RNG731"
observation_by_intervention,occluded | True,M-paired_jepa-graph_time-base,A_error,degrees,16.478941074543282,14.513717200902521,18.586373371998373,14.315465054504507,18.642417094582065,14,3,"descriptive crossed person/seed percentile bootstrap, 2000 draws, RNG731"
observation_by_intervention,occluded | True,M-paired_jepa-graph_time-base,waveform_error,degrees,21.39775695807569,19.654313391058963,23.472240957598814,19.252347532995763,23.543166383155615,14,3,"descriptive crossed person/seed percentile bootstrap, 2000 draws, RNG731"
observation_by_intervention,occluded | True,M-paired_jepa-graph_time-base,synthetic_all_nle,dimensionless NLE,0.06804425800974262,0.06402741642495283,0.07278269206418095,0.0631037934864743,0.07298472253301097,14,3,"descriptive crossed person/seed percentile bootstrap, 2000 draws, RNG731"
observation_by_intervention,occluded | True,M-paired_jepa-graph_time-base,assignment_failure_rate,fraction,0.5193005858425508,0.4991283711514965,0.5340498705327762,0.5002191217635654,0.5383820499215366,14,3,"descriptive crossed person/seed percentile bootstrap, 2000 draws, RNG731"
observation_by_intervention,occluded | True,M-paired_jepa-graph_time-base,left_excursion_error,degrees,28.705086791342495,24.93030336766734,32.13893062116246,24.654618840521316,32.75555474216368,14,3,"descriptive crossed person/seed percentile bootstrap, 2000 draws, RNG731"
observation_by_intervention,occluded | True,M-paired_jepa-graph_time-base,right_excursion_error,degrees,27.711836913806366,23.976473767550598,31.08394299387774,23.762501126386365,31.66117270122636,14,3,"descriptive crossed person/seed percentile bootstrap, 2000 draws, RNG731"
observation_by_intervention,occluded | True,M-paired_jepa-graph_time-base,response_error,degrees,18.606777810955766,14.415549121602504,23.50205856132798,13.61906296365865,23.594492658252882,14,3,"descriptive crossed person/seed percentile bootstrap, 2000 draws, RNG731"
observation_by_intervention,occluded | True,M-paired_jepa-graph_time-base,zero_response_error,degrees,9.225048743968259,8.820021770707251,9.591880192453514,8.77620840798765,9.673889079948864,14,3,"descriptive crossed person/seed percentile bootstrap, 2000 draws, RNG731"
observation_by_intervention,occluded | True,M-paired_jepa-graph_time-base,response_failure_rate,fraction,0.012477035567313341,0.006707290748089357,0.01929150132275131,0.005643394720962524,0.01931067641366416,14,3,"descriptive crossed person/seed percentile bootstrap, 2000 draws, RNG731"
observation_by_intervention,occluded | True,M-paired_jepa-graph_time-base,response_failure_contribution,degrees,8.983465608465607,4.829249338624338,13.889880952380953,4.0632441990930195,13.903687017838198,14,3,"descriptive crossed person/seed percentile bootstrap, 2000 draws, RNG731"
observation_by_intervention,occluded | True,M-paired_jepa-graph_time-base,response_success_contribution,degrees,9.623312202490153,9.174886758368014,10.022078369673261,9.1644022456376,10.08222215934271,14,3,"descriptive crossed person/seed percentile bootstrap, 2000 draws, RNG731"
observation_by_intervention,occluded | True,M-paired_jepa-graph_time-paired_change,A_error,degrees,19.586257419522493,14.087619560293012,27.027350086592275,17.586625981128318,21.585888857916675,14,3,"descriptive crossed person/seed percentile bootstrap, 2000 draws, RNG731"
observation_by_intervention,occluded | True,M-paired_jepa-graph_time-paired_change,waveform_error,degrees,24.865743210109628,23.461653254275326,26.407700582736698,23.339574627512853,26.391911792706402,14,3,"descriptive crossed person/seed percentile bootstrap, 2000 draws, RNG731"
observation_by_intervention,occluded | True,M-paired_jepa-graph_time-paired_change,synthetic_all_nle,dimensionless NLE,0.07596809310755959,0.07255570487464227,0.0797491838596168,0.07199007512224222,0.07994611109287696,14,3,"descriptive crossed person/seed percentile bootstrap, 2000 draws, RNG731"
observation_by_intervention,occluded | True,M-paired_jepa-graph_time-paired_change,assignment_failure_rate,fraction,0.5225301525180767,0.5081681593848868,0.5331922826351887,0.5096158446517001,0.5354444603844533,14,3,"descriptive crossed person/seed percentile bootstrap, 2000 draws, RNG731"
observation_by_intervention,occluded | True,M-paired_jepa-graph_time-paired_change,left_excursion_error,degrees,22.24449058684255,19.06811681669163,25.70836174915306,20.446922537981816,24.04205863570328,14,3,"descriptive crossed person/seed percentile bootstrap, 2000 draws, RNG731"
observation_by_intervention,occluded | True,M-paired_jepa-graph_time-paired_change,right_excursion_error,degrees,20.20182031253811,18.01666190091557,22.236871992886442,18.208472799656416,22.195167825419798,14,3,"descriptive crossed person/seed percentile bootstrap, 2000 draws, RNG731"
observation_by_intervention,occluded | True,M-paired_jepa-graph_time-paired_change,response_error,degrees,16.860452163181055,12.962680304009593,21.498543069993516,12.452997928099194,21.267906398262916,14,3,"descriptive crossed person/seed percentile bootstrap, 2000 draws, RNG731"
observation_by_intervention,occluded | True,M-paired_jepa-graph_time-paired_change,zero_response_error,degrees,9.225048743968259,8.820021770707251,9.591880192453514,8.77620840798765,9.673889079948864,14,3,"descriptive crossed person/seed percentile bootstrap, 2000 draws, RNG731"
observation_by_intervention,occluded | True,M-paired_jepa-graph_time-paired_change,response_failure_rate,fraction,0.01030643738977072,0.004935446979717811,0.016653508046737205,0.004257677992024946,0.016355196787516495,14,3,"descriptive crossed person/seed percentile bootstrap, 2000 draws, RNG731"
observation_by_intervention,occluded | True,M-paired_jepa-graph_time-paired_change,response_failure_contribution,degrees,7.420634920634921,3.553521825396825,11.99052579365079,3.0655281542579624,11.775741687011877,14,3,"descriptive crossed person/seed percentile bootstrap, 2000 draws, RNG731"
observation_by_intervention,occluded | True,M-paired_jepa-graph_time-paired_change,response_success_contribution,degrees,9.439817242546136,9.017178014346188,9.817800874052894,8.991461766224377,9.888172718867894,14,3,"descriptive crossed person/seed percentile bootstrap, 2000 draws, RNG731"
observation_by_intervention,occluded | True,P-direct-none-base,A_error,degrees,13.098963592038036,11.822226669867598,14.67739078446157,11.497751845655229,14.700175338420836,14,3,"descriptive crossed person/seed percentile bootstrap, 2000 draws, RNG731"
observation_by_intervention,occluded | True,P-direct-none-base,waveform_error,degrees,17.04776304426243,15.390236414384312,18.57971237483023,15.279379802989533,18.81614628553533,14,3,"descriptive crossed person/seed percentile bootstrap, 2000 draws, RNG731"
observation_by_intervention,occluded | True,P-direct-none-base,synthetic_all_nle,dimensionless NLE,0.040259503175951436,0.03749756517675202,0.04322788013600352,0.036959330947895934,0.04355967540400695,14,3,"descriptive crossed person/seed percentile bootstrap, 2000 draws, RNG731"
observation_by_intervention,occluded | True,P-direct-none-base,assignment_failure_rate,fraction,0.34914202428668684,0.3071057655730088,0.3824339324575325,0.3054538786280452,0.3928301699453286,14,3,"descriptive crossed person/seed percentile bootstrap, 2000 draws, RNG731"
observation_by_intervention,occluded | True,P-direct-none-base,left_excursion_error,degrees,29.551539113755947,25.159793608997294,33.35843894140476,24.896724698902972,34.206353528608936,14,3,"descriptive crossed person/seed percentile bootstrap, 2000 draws, RNG731"
observation_by_intervention,occluded | True,P-direct-none-base,right_excursion_error,degrees,28.81220423548725,24.928542354186106,32.218012807718196,24.735691906592113,32.88871656438239,14,3,"descriptive crossed person/seed percentile bootstrap, 2000 draws, RNG731"
observation_by_intervention,occluded | True,P-direct-none-base,response_error,degrees,14.489835266848829,11.922924590181823,17.63065098112919,11.55447098193477,17.425199551762898,14,3,"descriptive crossed person/seed percentile bootstrap, 2000 draws, RNG731"
observation_by_intervention,occluded | True,P-direct-none-base,zero_response_error,degrees,9.225048743968259,8.820021770707251,9.591880192453514,8.77620840798765,9.673889079948864,14,3,"descriptive crossed person/seed percentile bootstrap, 2000 draws, RNG731"
observation_by_intervention,occluded | True,P-direct-none-base,response_failure_rate,fraction,0.00728339947089947,0.003962719539976483,0.011404435809817749,0.0034748111101312947,0.011091987831667644,14,3,"descriptive crossed person/seed percentile bootstrap, 2000 draws, RNG731"
observation_by_intervention,occluded | True,P-direct-none-base,response_failure_contribution,degrees,5.244047619047619,2.8531580687830687,8.211193783068781,2.5018639992945326,7.986231238800706,14,3,"descriptive crossed person/seed percentile bootstrap, 2000 draws, RNG731"
observation_by_intervention,occluded | True,P-direct-none-base,response_success_contribution,degrees,9.245787647801214,8.716127577542533,9.755369034896209,8.658579668798598,9.832995626803825,14,3,"descriptive crossed person/seed percentile bootstrap, 2000 draws, RNG731"
observation_by_intervention,occluded | True,P-direct-none-paired_change,A_error,degrees,18.417140456860427,16.142206330736876,20.75915659240328,16.607132029481804,20.227148884239057,14,3,"descriptive crossed person/seed percentile bootstrap, 2000 draws, RNG731"
observation_by_intervention,occluded | True,P-direct-none-paired_change,waveform_error,degrees,23.119770105424784,21.336804510650197,25.085218541081588,20.917532620487325,25.322007590362237,14,3,"descriptive crossed person/seed percentile bootstrap, 2000 draws, RNG731"
observation_by_intervention,occluded | True,P-direct-none-paired_change,synthetic_all_nle,dimensionless NLE,0.05900974057822363,0.05562549812873184,0.06264026783095596,0.05512505473175165,0.06289442642469562,14,3,"descriptive crossed person/seed percentile bootstrap, 2000 draws, RNG731"
observation_by_intervention,occluded | True,P-direct-none-paired_change,assignment_failure_rate,fraction,0.4533555472490586,0.43979379327581253,0.46564108967110507,0.4415177384422012,0.46519335605591605,14,3,"descriptive crossed person/seed percentile bootstrap, 2000 draws, RNG731"
observation_by_intervention,occluded | True,P-direct-none-paired_change,left_excursion_error,degrees,23.190583477413856,19.763577563794897,26.709124631240446,19.877855053287917,26.503311901539803,14,3,"descriptive crossed person/seed percentile bootstrap, 2000 draws, RNG731"
observation_by_intervention,occluded | True,P-direct-none-paired_change,right_excursion_error,degrees,25.65413220457819,22.207332896025648,29.196901994870935,22.07222098873191,29.236043420424476,14,3,"descriptive crossed person/seed percentile bootstrap, 2000 draws, RNG731"
observation_by_intervention,occluded | True,P-direct-none-paired_change,response_error,degrees,19.52672414403066,15.735886046680287,23.46153180649214,15.277265792497086,23.776182495564225,14,3,"descriptive crossed person/seed percentile bootstrap, 2000 draws, RNG731"
observation_by_intervention,occluded | True,P-direct-none-paired_change,zero_response_error,degrees,9.225048743968259,8.820021770707251,9.591880192453514,8.77620840798765,9.673889079948864,14,3,"descriptive crossed person/seed percentile bootstrap, 2000 draws, RNG731"
observation_by_intervention,occluded | True,P-direct-none-paired_change,response_failure_rate,fraction,0.014011059670781891,0.008917341820987652,0.019368179563492054,0.008255795514799935,0.019766323826763847,14,3,"descriptive crossed person/seed percentile bootstrap, 2000 draws, RNG731"
observation_by_intervention,occluded | True,P-direct-none-paired_change,response_failure_contribution,degrees,10.087962962962964,6.420486111111111,13.945089285714284,5.9441727706559515,14.231753155269972,14,3,"descriptive crossed person/seed percentile bootstrap, 2000 draws, RNG731"
observation_by_intervention,occluded | True,P-direct-none-paired_change,response_success_contribution,degrees,9.438761181067692,9.064064482341216,9.820455634254127,9.025737972815456,9.851784389319928,14,3,"descriptive crossed person/seed percentile bootstrap, 2000 draws, RNG731"
