method,canonical_person_id,seed,response_failure_rate,response_success_contribution,zero_response_error,failure_penalty_deg,response_error,failure_contribution
F-response-jepa_delta_v1-graph_time-paired_change,BioMotionLab_NTroje::rub002,17,0.0092592592592592,6.873976960022829,6.579815849521189,0.0,6.873976960022829,0.0
F-response-jepa_delta_v1-graph_time-paired_change,BioMotionLab_NTroje::rub023,17,0.0021604938271604,6.6674993206702595,6.155697267831708,0.0,6.6674993206702595,0.0
F-response-jepa_delta_v1-graph_time-paired_change,BioMotionLab_NTroje::rub044,17,0.003858024691358,6.295768175967559,5.808909372750463,0.0,6.295768175967559,0.0
F-response-jepa_delta_v1-graph_time-paired_change,BioMotionLab_NTroje::rub053,17,0.0,5.7787748991924,5.020785727676933,0.0,5.7787748991924,0.0
F-response-jepa_delta_v1-graph_time-paired_change,BioMotionLab_NTroje::rub054,17,0.0,6.038336261860807,5.706169784632813,0.0,6.038336261860807,0.0
F-response-jepa_delta_v1-graph_time-paired_change,BioMotionLab_NTroje::rub070,17,0.0120563271604938,6.026687962037594,5.723260398591938,0.0,6.026687962037594,0.0
F-response-jepa_delta_v1-graph_time-paired_change,BioMotionLab_NTroje::rub072,17,0.0008680555555555,5.553858237572246,5.153705420205965,0.0,5.553858237572246,0.0
F-response-jepa_delta_v1-graph_time-paired_change,BioMotionLab_NTroje::rub075,17,0.013503086419753,6.635908646935852,6.148515153692354,0.0,6.635908646935852,0.0
F-response-jepa_delta_v1-graph_time-paired_change,BioMotionLab_NTroje::rub086,17,0.0015432098765432,6.383762560462331,5.830390318391651,0.0,6.383762560462331,0.0
F-response-jepa_delta_v1-graph_time-paired_change,BioMotionLab_NTroje::rub098,17,0.0023148148148148,5.909105631645247,5.656121740755744,0.0,5.909105631645247,0.0
F-response-jepa_delta_v1-graph_time-paired_change,BioMotionLab_NTroje::rub106,17,0.0088734567901234,6.256673814959807,5.8087028863328625,0.0,6.256673814959807,0.0
F-response-jepa_delta_v1-graph_time-paired_change,BioMotionLab_NTroje::rub115,17,0.0002893518518518,6.837762728661996,6.281268397417893,0.0,6.837762728661996,0.0
F-response-jepa_delta_v1-graph_time-paired_change,KIT::348,17,0.0,6.4320839627011805,6.379431362325325,0.0,6.4320839627011805,0.0
F-response-jepa_delta_v1-graph_time-paired_change,KIT::6,17,0.0083333333333333,5.588784320162324,5.098839796197789,0.0,5.588784320162324,0.0
F-response-jepa_delta_v1-graph_time-paired_change,BioMotionLab_NTroje::rub002,29,0.0046296296296296,6.806497902566633,6.579815849521189,0.0,6.806497902566633,0.0
F-response-jepa_delta_v1-graph_time-paired_change,BioMotionLab_NTroje::rub023,29,0.0018518518518518,6.499086207193159,6.155697267831708,0.0,6.499086207193159,0.0
F-response-jepa_delta_v1-graph_time-paired_change,BioMotionLab_NTroje::rub044,29,0.0046296296296296,6.175238014073574,5.808909372750463,0.0,6.175238014073574,0.0
F-response-jepa_delta_v1-graph_time-paired_change,BioMotionLab_NTroje::rub053,29,0.0034722222222222,5.460827545249348,5.020785727676933,0.0,5.460827545249348,0.0
F-response-jepa_delta_v1-graph_time-paired_change,BioMotionLab_NTroje::rub054,29,0.0015432098765432,5.9240076751332,5.706169784632813,0.0,5.9240076751332,0.0
F-response-jepa_delta_v1-graph_time-paired_change,BioMotionLab_NTroje::rub070,29,0.0094521604938271,5.877924987512333,5.723260398591938,0.0,5.877924987512333,0.0
F-response-jepa_delta_v1-graph_time-paired_change,BioMotionLab_NTroje::rub072,29,0.0005787037037037,5.392552851847604,5.153705420205965,0.0,5.392552851847604,0.0
F-response-jepa_delta_v1-graph_time-paired_change,BioMotionLab_NTroje::rub075,29,0.0289351851851851,6.366617905830922,6.148515153692354,0.0,6.366617905830922,0.0
F-response-jepa_delta_v1-graph_time-paired_change,BioMotionLab_NTroje::rub086,29,0.0034722222222222,6.155177720338858,5.830390318391651,0.0,6.155177720338858,0.0
F-response-jepa_delta_v1-graph_time-paired_change,BioMotionLab_NTroje::rub098,29,0.0041666666666666,5.84297071652892,5.656121740755744,0.0,5.84297071652892,0.0
F-response-jepa_delta_v1-graph_time-paired_change,BioMotionLab_NTroje::rub106,29,0.0092592592592592,6.140233307128258,5.8087028863328625,0.0,6.140233307128258,0.0
F-response-jepa_delta_v1-graph_time-paired_change,BioMotionLab_NTroje::rub115,29,0.0034722222222222,6.72890742991393,6.281268397417893,0.0,6.72890742991393,0.0
F-response-jepa_delta_v1-graph_time-paired_change,KIT::348,29,0.0037037037037037,6.484276966866257,6.379431362325325,0.0,6.484276966866257,0.0
F-response-jepa_delta_v1-graph_time-paired_change,KIT::6,29,0.0097222222222222,5.2851000564478365,5.098839796197789,0.0,5.2851000564478365,0.0
F-response-jepa_delta_v1-graph_time-paired_change,BioMotionLab_NTroje::rub002,43,0.0046296296296296,6.964704086691653,6.579815849521189,0.0,6.964704086691653,0.0
F-response-jepa_delta_v1-graph_time-paired_change,BioMotionLab_NTroje::rub023,43,0.0,6.709307401610244,6.155697267831708,0.0,6.709307401610244,0.0
F-response-jepa_delta_v1-graph_time-paired_change,BioMotionLab_NTroje::rub044,43,0.0050154320987654,6.2471692573360516,5.808909372750463,0.0,6.2471692573360516,0.0
F-response-jepa_delta_v1-graph_time-paired_change,BioMotionLab_NTroje::rub053,43,0.0,5.769251800021138,5.020785727676933,0.0,5.769251800021138,0.0
F-response-jepa_delta_v1-graph_time-paired_change,BioMotionLab_NTroje::rub054,43,0.0,6.219758985887315,5.706169784632813,0.0,6.219758985887315,0.0
F-response-jepa_delta_v1-graph_time-paired_change,BioMotionLab_NTroje::rub070,43,0.0109953703703703,6.009078242364411,5.723260398591938,0.0,6.009078242364411,0.0
F-response-jepa_delta_v1-graph_time-paired_change,BioMotionLab_NTroje::rub072,43,0.0026041666666666,5.454360383273547,5.153705420205965,0.0,5.454360383273547,0.0
F-response-jepa_delta_v1-graph_time-paired_change,BioMotionLab_NTroje::rub075,43,0.0192901234567901,6.644320937534521,6.148515153692354,0.0,6.644320937534521,0.0
F-response-jepa_delta_v1-graph_time-paired_change,BioMotionLab_NTroje::rub086,43,0.0027006172839506,6.475114542849831,5.830390318391651,0.0,6.475114542849831,0.0
F-response-jepa_delta_v1-graph_time-paired_change,BioMotionLab_NTroje::rub098,43,0.0015432098765432,5.863074749648957,5.656121740755744,0.0,5.863074749648957,0.0
F-response-jepa_delta_v1-graph_time-paired_change,BioMotionLab_NTroje::rub106,43,0.0142746913580246,6.305621963656296,5.8087028863328625,0.0,6.305621963656296,0.0
F-response-jepa_delta_v1-graph_time-paired_change,BioMotionLab_NTroje::rub115,43,0.0,6.932267489219835,6.281268397417893,0.0,6.932267489219835,0.0
F-response-jepa_delta_v1-graph_time-paired_change,KIT::348,43,0.0,6.871503114620087,6.379431362325325,0.0,6.871503114620087,0.0
F-response-jepa_delta_v1-graph_time-paired_change,KIT::6,43,0.0074074074074074,5.91908349565211,5.098839796197789,0.0,5.91908349565211,0.0
F-response-jepa_endpoint_v1-graph_time-paired_change,BioMotionLab_NTroje::rub002,17,0.0,7.171179693955793,6.579815849521189,0.0,7.171179693955793,0.0
F-response-jepa_endpoint_v1-graph_time-paired_change,BioMotionLab_NTroje::rub023,17,0.0006172839506172,6.604996333149602,6.155697267831708,0.0,6.604996333149602,0.0
F-response-jepa_endpoint_v1-graph_time-paired_change,BioMotionLab_NTroje::rub044,17,0.0069444444444444,6.4200616172576686,5.808909372750463,0.0,6.4200616172576686,0.0
F-response-jepa_endpoint_v1-graph_time-paired_change,BioMotionLab_NTroje::rub053,17,0.0,5.915607001644844,5.020785727676933,0.0,5.915607001644844,0.0
F-response-jepa_endpoint_v1-graph_time-paired_change,BioMotionLab_NTroje::rub054,17,0.0030864197530864,6.250381324224182,5.706169784632813,0.0,6.250381324224182,0.0
F-response-jepa_endpoint_v1-graph_time-paired_change,BioMotionLab_NTroje::rub070,17,0.0130208333333333,5.915864617332717,5.723260398591938,0.0,5.915864617332717,0.0
F-response-jepa_endpoint_v1-graph_time-paired_change,BioMotionLab_NTroje::rub072,17,0.0011574074074074,5.582798787657271,5.153705420205965,0.0,5.582798787657271,0.0
F-response-jepa_endpoint_v1-graph_time-paired_change,BioMotionLab_NTroje::rub075,17,0.0212191358024691,6.574811003763735,6.148515153692354,0.0,6.574811003763735,0.0
F-response-jepa_endpoint_v1-graph_time-paired_change,BioMotionLab_NTroje::rub086,17,0.0034722222222222,6.44618695218636,5.830390318391651,0.0,6.44618695218636,0.0
F-response-jepa_endpoint_v1-graph_time-paired_change,BioMotionLab_NTroje::rub098,17,0.0023148148148148,5.8869020403484535,5.656121740755744,0.0,5.8869020403484535,0.0
F-response-jepa_endpoint_v1-graph_time-paired_change,BioMotionLab_NTroje::rub106,17,0.0185185185185185,6.34077924636221,5.8087028863328625,0.0,6.34077924636221,0.0
F-response-jepa_endpoint_v1-graph_time-paired_change,BioMotionLab_NTroje::rub115,17,0.0002893518518518,6.912868684304989,6.281268397417893,0.0,6.912868684304989,0.0
F-response-jepa_endpoint_v1-graph_time-paired_change,KIT::348,17,0.0,6.307174266693523,6.379431362325325,0.0,6.307174266693523,0.0
F-response-jepa_endpoint_v1-graph_time-paired_change,KIT::6,17,0.0064814814814814,5.324645760405953,5.098839796197789,0.0,5.324645760405953,0.0
F-response-jepa_endpoint_v1-graph_time-paired_change,BioMotionLab_NTroje::rub002,29,0.0,6.8429293175158605,6.579815849521189,0.0,6.8429293175158605,0.0
F-response-jepa_endpoint_v1-graph_time-paired_change,BioMotionLab_NTroje::rub023,29,0.0,6.703238093165235,6.155697267831708,0.0,6.703238093165235,0.0
F-response-jepa_endpoint_v1-graph_time-paired_change,BioMotionLab_NTroje::rub044,29,0.0104166666666666,6.397228646935335,5.808909372750463,0.0,6.397228646935335,0.0
F-response-jepa_endpoint_v1-graph_time-paired_change,BioMotionLab_NTroje::rub053,29,0.0,5.884483351060172,5.020785727676933,0.0,5.884483351060172,0.0
F-response-jepa_endpoint_v1-graph_time-paired_change,BioMotionLab_NTroje::rub054,29,0.000514403292181,6.222569706719116,5.706169784632813,0.0,6.222569706719116,0.0
F-response-jepa_endpoint_v1-graph_time-paired_change,BioMotionLab_NTroje::rub070,29,0.0168788580246913,6.362683671103908,5.723260398591938,0.0,6.362683671103908,0.0
F-response-jepa_endpoint_v1-graph_time-paired_change,BioMotionLab_NTroje::rub072,29,0.0046296296296296,5.580974107973965,5.153705420205965,0.0,5.580974107973965,0.0
F-response-jepa_endpoint_v1-graph_time-paired_change,BioMotionLab_NTroje::rub075,29,0.013503086419753,6.879987835170565,6.148515153692354,0.0,6.879987835170565,0.0
F-response-jepa_endpoint_v1-graph_time-paired_change,BioMotionLab_NTroje::rub086,29,0.0034722222222222,6.228635688560243,5.830390318391651,0.0,6.228635688560243,0.0
F-response-jepa_endpoint_v1-graph_time-paired_change,BioMotionLab_NTroje::rub098,29,0.0055555555555555,6.0200859524501285,5.656121740755744,0.0,6.0200859524501285,0.0
F-response-jepa_endpoint_v1-graph_time-paired_change,BioMotionLab_NTroje::rub106,29,0.0204475308641975,6.309781198899014,5.8087028863328625,0.0,6.309781198899014,0.0
F-response-jepa_endpoint_v1-graph_time-paired_change,BioMotionLab_NTroje::rub115,29,0.0008680555555555,7.037429010741072,6.281268397417893,0.0,7.037429010741072,0.0
F-response-jepa_endpoint_v1-graph_time-paired_change,KIT::348,29,0.0027777777777777,6.597759291879972,6.379431362325325,0.0,6.597759291879972,0.0
F-response-jepa_endpoint_v1-graph_time-paired_change,KIT::6,29,0.0018518518518518,5.709007983624236,5.098839796197789,0.0,5.709007983624236,0.0
F-response-jepa_endpoint_v1-graph_time-paired_change,BioMotionLab_NTroje::rub002,43,0.0,7.033561672285537,6.579815849521189,0.0,7.033561672285537,0.0
F-response-jepa_endpoint_v1-graph_time-paired_change,BioMotionLab_NTroje::rub023,43,0.0003086419753086,6.663054419154025,6.155697267831708,0.0,6.663054419154025,0.0
F-response-jepa_endpoint_v1-graph_time-paired_change,BioMotionLab_NTroje::rub044,43,0.0108024691358024,6.310830048750695,5.808909372750463,0.0,6.310830048750695,0.0
F-response-jepa_endpoint_v1-graph_time-paired_change,BioMotionLab_NTroje::rub053,43,0.0015432098765432,5.747868493842263,5.020785727676933,0.0,5.747868493842263,0.0
F-response-jepa_endpoint_v1-graph_time-paired_change,BioMotionLab_NTroje::rub054,43,0.0030864197530864,6.100065827896863,5.706169784632813,0.0,6.100065827896863,0.0
F-response-jepa_endpoint_v1-graph_time-paired_change,BioMotionLab_NTroje::rub070,43,0.0110918209876543,6.158958758465182,5.723260398591938,0.0,6.158958758465182,0.0
F-response-jepa_endpoint_v1-graph_time-paired_change,BioMotionLab_NTroje::rub072,43,0.0002893518518518,5.4768355620156015,5.153705420205965,0.0,5.4768355620156015,0.0
F-response-jepa_endpoint_v1-graph_time-paired_change,BioMotionLab_NTroje::rub075,43,0.0246913580246913,6.667265021661173,6.148515153692354,0.0,6.667265021661173,0.0
F-response-jepa_endpoint_v1-graph_time-paired_change,BioMotionLab_NTroje::rub086,43,0.0011574074074074,6.321813536982575,5.830390318391651,0.0,6.321813536982575,0.0
F-response-jepa_endpoint_v1-graph_time-paired_change,BioMotionLab_NTroje::rub098,43,0.0015432098765432,6.145922201708034,5.656121740755744,0.0,6.145922201708034,0.0
F-response-jepa_endpoint_v1-graph_time-paired_change,BioMotionLab_NTroje::rub106,43,0.0142746913580246,6.3867504636910155,5.8087028863328625,0.0,6.3867504636910155,0.0
F-response-jepa_endpoint_v1-graph_time-paired_change,BioMotionLab_NTroje::rub115,43,0.0,6.834217083083749,6.281268397417893,0.0,6.834217083083749,0.0
F-response-jepa_endpoint_v1-graph_time-paired_change,KIT::348,43,0.0027777777777777,6.867210513154298,6.379431362325325,0.0,6.867210513154298,0.0
F-response-jepa_endpoint_v1-graph_time-paired_change,KIT::6,43,0.0069444444444444,5.705491239974473,5.098839796197789,0.0,5.705491239974473,0.0
F-response-coordinate_delta_v1-graph_time-paired_change,BioMotionLab_NTroje::rub002,17,0.0,7.01203960531847,6.579815849521189,0.0,7.01203960531847,0.0
F-response-coordinate_delta_v1-graph_time-paired_change,BioMotionLab_NTroje::rub023,17,0.0320987654320987,6.2688367564253245,6.155697267831708,0.0,6.2688367564253245,0.0
F-response-coordinate_delta_v1-graph_time-paired_change,BioMotionLab_NTroje::rub044,17,0.0182098765432098,5.98275535336775,5.808909372750463,0.0,5.98275535336775,0.0
F-response-coordinate_delta_v1-graph_time-paired_change,BioMotionLab_NTroje::rub053,17,0.0042438271604938,5.545538682726742,5.020785727676933,0.0,5.545538682726742,0.0
F-response-coordinate_delta_v1-graph_time-paired_change,BioMotionLab_NTroje::rub054,17,0.0030864197530864,5.886420125769139,5.706169784632813,0.0,5.886420125769139,0.0
F-response-coordinate_delta_v1-graph_time-paired_change,BioMotionLab_NTroje::rub070,17,0.0235339506172839,5.768370700633335,5.723260398591938,0.0,5.768370700633335,0.0
F-response-coordinate_delta_v1-graph_time-paired_change,BioMotionLab_NTroje::rub072,17,0.0109953703703703,5.174339888180634,5.153705420205965,0.0,5.174339888180634,0.0
F-response-coordinate_delta_v1-graph_time-paired_change,BioMotionLab_NTroje::rub075,17,0.0385802469135802,6.275382825862118,6.148515153692354,0.0,6.275382825862118,0.0
F-response-coordinate_delta_v1-graph_time-paired_change,BioMotionLab_NTroje::rub086,17,0.0165895061728395,6.038615249588495,5.830390318391651,0.0,6.038615249588495,0.0
F-response-coordinate_delta_v1-graph_time-paired_change,BioMotionLab_NTroje::rub098,17,0.0021604938271604,5.799042056618768,5.656121740755744,0.0,5.799042056618768,0.0
F-response-coordinate_delta_v1-graph_time-paired_change,BioMotionLab_NTroje::rub106,17,0.0219907407407407,5.9243698396533135,5.8087028863328625,0.0,5.9243698396533135,0.0
F-response-coordinate_delta_v1-graph_time-paired_change,BioMotionLab_NTroje::rub115,17,0.0005787037037037,6.749335329292587,6.281268397417893,0.0,6.749335329292587,0.0
F-response-coordinate_delta_v1-graph_time-paired_change,KIT::348,17,0.0027777777777777,6.474177311457328,6.379431362325325,0.0,6.474177311457328,0.0
F-response-coordinate_delta_v1-graph_time-paired_change,KIT::6,17,0.0032407407407407,5.215970071807079,5.098839796197789,0.0,5.215970071807079,0.0
F-response-coordinate_delta_v1-graph_time-paired_change,BioMotionLab_NTroje::rub002,29,0.0,7.070465319751762,6.579815849521189,0.0,7.070465319751762,0.0
F-response-coordinate_delta_v1-graph_time-paired_change,BioMotionLab_NTroje::rub023,29,0.0123456790123456,6.6067338115838625,6.155697267831708,0.0,6.6067338115838625,0.0
F-response-coordinate_delta_v1-graph_time-paired_change,BioMotionLab_NTroje::rub044,29,0.0087962962962962,6.4334868954083,5.808909372750463,0.0,6.4334868954083,0.0
F-response-coordinate_delta_v1-graph_time-paired_change,BioMotionLab_NTroje::rub053,29,0.0092592592592592,5.599279036859032,5.020785727676933,0.0,5.599279036859032,0.0
F-response-coordinate_delta_v1-graph_time-paired_change,BioMotionLab_NTroje::rub054,29,0.0,6.244945845409544,5.706169784632813,0.0,6.244945845409544,0.0
F-response-coordinate_delta_v1-graph_time-paired_change,BioMotionLab_NTroje::rub070,29,0.0217013888888888,6.15411775672814,5.723260398591938,0.0,6.15411775672814,0.0
F-response-coordinate_delta_v1-graph_time-paired_change,BioMotionLab_NTroje::rub072,29,0.0072337962962962,5.454304362330599,5.153705420205965,0.0,5.454304362330599,0.0
F-response-coordinate_delta_v1-graph_time-paired_change,BioMotionLab_NTroje::rub075,29,0.0470679012345679,6.456640769380417,6.148515153692354,0.0,6.456640769380417,0.0
F-response-coordinate_delta_v1-graph_time-paired_change,BioMotionLab_NTroje::rub086,29,0.0046296296296296,6.343334097609588,5.830390318391651,0.0,6.343334097609588,0.0
F-response-coordinate_delta_v1-graph_time-paired_change,BioMotionLab_NTroje::rub098,29,0.002932098765432,6.017594184604681,5.656121740755744,0.0,6.017594184604681,0.0
F-response-coordinate_delta_v1-graph_time-paired_change,BioMotionLab_NTroje::rub106,29,0.0158179012345679,6.463488042055957,5.8087028863328625,0.0,6.463488042055957,0.0
F-response-coordinate_delta_v1-graph_time-paired_change,BioMotionLab_NTroje::rub115,29,0.0020254629629629,6.9292739706614865,6.281268397417893,0.0,6.9292739706614865,0.0
F-response-coordinate_delta_v1-graph_time-paired_change,KIT::348,29,0.0027777777777777,6.426235787060189,6.379431362325325,0.0,6.426235787060189,0.0
F-response-coordinate_delta_v1-graph_time-paired_change,KIT::6,29,0.0,5.28379592058807,5.098839796197789,0.0,5.28379592058807,0.0
F-response-coordinate_delta_v1-graph_time-paired_change,BioMotionLab_NTroje::rub002,43,0.0138888888888888,6.754274449333955,6.579815849521189,0.0,6.754274449333955,0.0
F-response-coordinate_delta_v1-graph_time-paired_change,BioMotionLab_NTroje::rub023,43,0.0151234567901234,6.234831122665066,6.155697267831708,0.0,6.234831122665066,0.0
F-response-coordinate_delta_v1-graph_time-paired_change,BioMotionLab_NTroje::rub044,43,0.0101851851851851,6.080365559916754,5.808909372750463,0.0,6.080365559916754,0.0
F-response-coordinate_delta_v1-graph_time-paired_change,BioMotionLab_NTroje::rub053,43,0.0081018518518518,5.679534823694851,5.020785727676933,0.0,5.679534823694851,0.0
F-response-coordinate_delta_v1-graph_time-paired_change,BioMotionLab_NTroje::rub054,43,0.0056584362139917,5.752897375710913,5.706169784632813,0.0,5.752897375710913,0.0
F-response-coordinate_delta_v1-graph_time-paired_change,BioMotionLab_NTroje::rub070,43,0.0244020061728395,5.807249014500888,5.723260398591938,0.0,5.807249014500888,0.0
F-response-coordinate_delta_v1-graph_time-paired_change,BioMotionLab_NTroje::rub072,43,0.005787037037037,5.376754566674913,5.153705420205965,0.0,5.376754566674913,0.0
F-response-coordinate_delta_v1-graph_time-paired_change,BioMotionLab_NTroje::rub075,43,0.0516975308641975,6.277661201676693,6.148515153692354,0.0,6.277661201676693,0.0
F-response-coordinate_delta_v1-graph_time-paired_change,BioMotionLab_NTroje::rub086,43,0.0108024691358024,6.040472954217958,5.830390318391651,0.0,6.040472954217958,0.0
F-response-coordinate_delta_v1-graph_time-paired_change,BioMotionLab_NTroje::rub098,43,0.0032407407407407,5.721479123959627,5.656121740755744,0.0,5.721479123959627,0.0
F-response-coordinate_delta_v1-graph_time-paired_change,BioMotionLab_NTroje::rub106,43,0.0192901234567901,6.041741456884282,5.8087028863328625,0.0,6.041741456884282,0.0
F-response-coordinate_delta_v1-graph_time-paired_change,BioMotionLab_NTroje::rub115,43,0.0,6.708604666387216,6.281268397417893,0.0,6.708604666387216,0.0
F-response-coordinate_delta_v1-graph_time-paired_change,KIT::348,43,0.0037037037037037,6.562392441108,6.379431362325325,0.0,6.562392441108,0.0
F-response-coordinate_delta_v1-graph_time-paired_change,KIT::6,43,0.0069444444444444,5.3148894681333285,5.098839796197789,0.0,5.3148894681333285,0.0
F-response-jepa_delta_v1-graph_time-base,BioMotionLab_NTroje::rub002,17,0.0046296296296296,7.208551689774216,6.579815849521189,0.0,7.208551689774216,0.0
F-response-jepa_delta_v1-graph_time-base,BioMotionLab_NTroje::rub023,17,0.0037037037037037,7.010505657554458,6.155697267831708,0.0,7.010505657554458,0.0
F-response-jepa_delta_v1-graph_time-base,BioMotionLab_NTroje::rub044,17,0.0015432098765432,6.826860775582671,5.808909372750463,0.0,6.826860775582671,0.0
F-response-jepa_delta_v1-graph_time-base,BioMotionLab_NTroje::rub053,17,0.0027006172839506,5.736671424995266,5.020785727676933,0.0,5.736671424995266,0.0
F-response-jepa_delta_v1-graph_time-base,BioMotionLab_NTroje::rub054,17,0.0,6.214613712825924,5.706169784632813,0.0,6.214613712825924,0.0
F-response-jepa_delta_v1-graph_time-base,BioMotionLab_NTroje::rub070,17,0.0179398148148148,6.302984850450983,5.723260398591938,0.0,6.302984850450983,0.0
F-response-jepa_delta_v1-graph_time-base,BioMotionLab_NTroje::rub072,17,0.0023148148148148,5.697619888920812,5.153705420205965,0.0,5.697619888920812,0.0
F-response-jepa_delta_v1-graph_time-base,BioMotionLab_NTroje::rub075,17,0.0231481481481481,6.899087148293113,6.148515153692354,0.0,6.899087148293113,0.0
F-response-jepa_delta_v1-graph_time-base,BioMotionLab_NTroje::rub086,17,0.0054012345679012,6.634212137693248,5.830390318391651,0.0,6.634212137693248,0.0
F-response-jepa_delta_v1-graph_time-base,BioMotionLab_NTroje::rub098,17,0.0009259259259259,6.150698002506027,5.656121740755744,0.0,6.150698002506027,0.0
F-response-jepa_delta_v1-graph_time-base,BioMotionLab_NTroje::rub106,17,0.0108024691358024,6.380855435100084,5.8087028863328625,0.0,6.380855435100084,0.0
F-response-jepa_delta_v1-graph_time-base,BioMotionLab_NTroje::rub115,17,0.0008680555555555,7.100672314693551,6.281268397417893,0.0,7.100672314693551,0.0
F-response-jepa_delta_v1-graph_time-base,KIT::348,17,0.0,7.024117161509283,6.379431362325325,0.0,7.024117161509283,0.0
F-response-jepa_delta_v1-graph_time-base,KIT::6,17,0.0060185185185185,5.456722545900967,5.098839796197789,0.0,5.456722545900967,0.0
F-response-jepa_delta_v1-graph_time-base,BioMotionLab_NTroje::rub002,29,0.0092592592592592,6.5592079428133205,6.579815849521189,0.0,6.5592079428133205,0.0
F-response-jepa_delta_v1-graph_time-base,BioMotionLab_NTroje::rub023,29,0.0101851851851851,6.4594019232053626,6.155697267831708,0.0,6.4594019232053626,0.0
F-response-jepa_delta_v1-graph_time-base,BioMotionLab_NTroje::rub044,29,0.0034722222222222,6.248713887318563,5.808909372750463,0.0,6.248713887318563,0.0
F-response-jepa_delta_v1-graph_time-base,BioMotionLab_NTroje::rub053,29,0.0003858024691358,5.93503168252758,5.020785727676933,0.0,5.93503168252758,0.0
F-response-jepa_delta_v1-graph_time-base,BioMotionLab_NTroje::rub054,29,0.0061728395061728,5.988995559275388,5.706169784632813,0.0,5.988995559275388,0.0
F-response-jepa_delta_v1-graph_time-base,BioMotionLab_NTroje::rub070,29,0.009741512345679,6.106283241703662,5.723260398591938,0.0,6.106283241703662,0.0
F-response-jepa_delta_v1-graph_time-base,BioMotionLab_NTroje::rub072,29,0.0028935185185185,5.492816158620771,5.153705420205965,0.0,5.492816158620771,0.0
F-response-jepa_delta_v1-graph_time-base,BioMotionLab_NTroje::rub075,29,0.0192901234567901,6.590845857059665,6.148515153692354,0.0,6.590845857059665,0.0
F-response-jepa_delta_v1-graph_time-base,BioMotionLab_NTroje::rub086,29,0.0054012345679012,6.362963605261108,5.830390318391651,0.0,6.362963605261108,0.0
F-response-jepa_delta_v1-graph_time-base,BioMotionLab_NTroje::rub098,29,0.0040123456790123,5.8421942357087735,5.656121740755744,0.0,5.8421942357087735,0.0
F-response-jepa_delta_v1-graph_time-base,BioMotionLab_NTroje::rub106,29,0.0100308641975308,6.148473577700256,5.8087028863328625,0.0,6.148473577700256,0.0
F-response-jepa_delta_v1-graph_time-base,BioMotionLab_NTroje::rub115,29,0.0011574074074074,6.937408847974231,6.281268397417893,0.0,6.937408847974231,0.0
F-response-jepa_delta_v1-graph_time-base,KIT::348,29,0.0,6.9410173746496735,6.379431362325325,0.0,6.9410173746496735,0.0
F-response-jepa_delta_v1-graph_time-base,KIT::6,29,0.0152777777777777,5.763893709818907,5.098839796197789,0.0,5.763893709818907,0.0
F-response-jepa_delta_v1-graph_time-base,BioMotionLab_NTroje::rub002,43,0.0092592592592592,6.748714013451598,6.579815849521189,0.0,6.748714013451598,0.0
F-response-jepa_delta_v1-graph_time-base,BioMotionLab_NTroje::rub023,43,0.0049382716049382,6.558251522973255,6.155697267831708,0.0,6.558251522973255,0.0
F-response-jepa_delta_v1-graph_time-base,BioMotionLab_NTroje::rub044,43,0.0023148148148148,6.232471736579332,5.808909372750463,0.0,6.232471736579332,0.0
F-response-jepa_delta_v1-graph_time-base,BioMotionLab_NTroje::rub053,43,0.0011574074074074,5.467938569105761,5.020785727676933,0.0,5.467938569105761,0.0
F-response-jepa_delta_v1-graph_time-base,BioMotionLab_NTroje::rub054,43,0.0010288065843621,6.029447867676917,5.706169784632813,0.0,6.029447867676917,0.0
F-response-jepa_delta_v1-graph_time-base,BioMotionLab_NTroje::rub070,43,0.0131172839506172,5.9309125467316255,5.723260398591938,0.0,5.9309125467316255,0.0
F-response-jepa_delta_v1-graph_time-base,BioMotionLab_NTroje::rub072,43,0.003761574074074,5.261088694194676,5.153705420205965,0.0,5.261088694194676,0.0
F-response-jepa_delta_v1-graph_time-base,BioMotionLab_NTroje::rub075,43,0.0246913580246913,6.3627026653713585,6.148515153692354,0.0,6.3627026653713585,0.0
F-response-jepa_delta_v1-graph_time-base,BioMotionLab_NTroje::rub086,43,0.005787037037037,6.162918516757123,5.830390318391651,0.0,6.162918516757123,0.0
F-response-jepa_delta_v1-graph_time-base,BioMotionLab_NTroje::rub098,43,0.0027777777777777,5.844770440152571,5.656121740755744,0.0,5.844770440152571,0.0
F-response-jepa_delta_v1-graph_time-base,BioMotionLab_NTroje::rub106,43,0.015432098765432,6.098546612424734,5.8087028863328625,0.0,6.098546612424734,0.0
F-response-jepa_delta_v1-graph_time-base,BioMotionLab_NTroje::rub115,43,0.0,6.977179204042121,6.281268397417893,0.0,6.977179204042121,0.0
F-response-jepa_delta_v1-graph_time-base,KIT::348,43,0.0083333333333333,6.677771949608993,6.379431362325325,0.0,6.677771949608993,0.0
F-response-jepa_delta_v1-graph_time-base,KIT::6,43,0.0018518518518518,5.662883786298456,5.098839796197789,0.0,5.662883786298456,0.0
F-response-jepa_endpoint_v1-graph_time-base,BioMotionLab_NTroje::rub002,17,0.0092592592592592,7.201954376671064,6.579815849521189,0.0,7.201954376671064,0.0
F-response-jepa_endpoint_v1-graph_time-base,BioMotionLab_NTroje::rub023,17,0.0058641975308641,6.956132279927563,6.155697267831708,0.0,6.956132279927563,0.0
F-response-jepa_endpoint_v1-graph_time-base,BioMotionLab_NTroje::rub044,17,0.0050154320987654,6.699893796035148,5.808909372750463,0.0,6.699893796035148,0.0
F-response-jepa_endpoint_v1-graph_time-base,BioMotionLab_NTroje::rub053,17,0.0003858024691358,5.906680368014835,5.020785727676933,0.0,5.906680368014835,0.0
F-response-jepa_endpoint_v1-graph_time-base,BioMotionLab_NTroje::rub054,17,0.0,6.208778160099481,5.706169784632813,0.0,6.208778160099481,0.0
F-response-jepa_endpoint_v1-graph_time-base,BioMotionLab_NTroje::rub070,17,0.0148533950617283,6.334260310403732,5.723260398591938,0.0,6.334260310403732,0.0
F-response-jepa_endpoint_v1-graph_time-base,BioMotionLab_NTroje::rub072,17,0.0002893518518518,5.734228689786595,5.153705420205965,0.0,5.734228689786595,0.0
F-response-jepa_endpoint_v1-graph_time-base,BioMotionLab_NTroje::rub075,17,0.0108024691358024,6.9841384186600095,6.148515153692354,0.0,6.9841384186600095,0.0
F-response-jepa_endpoint_v1-graph_time-base,BioMotionLab_NTroje::rub086,17,0.0027006172839506,6.621221890902523,5.830390318391651,0.0,6.621221890902523,0.0
F-response-jepa_endpoint_v1-graph_time-base,BioMotionLab_NTroje::rub098,17,0.0009259259259259,6.10572089468916,5.656121740755744,0.0,6.10572089468916,0.0
F-response-jepa_endpoint_v1-graph_time-base,BioMotionLab_NTroje::rub106,17,0.0111882716049382,6.38145141200717,5.8087028863328625,0.0,6.38145141200717,0.0
F-response-jepa_endpoint_v1-graph_time-base,BioMotionLab_NTroje::rub115,17,0.0008680555555555,7.148223062666328,6.281268397417893,0.0,7.148223062666328,0.0
F-response-jepa_endpoint_v1-graph_time-base,KIT::348,17,0.0009259259259259,7.045824022237097,6.379431362325325,0.0,7.045824022237097,0.0
F-response-jepa_endpoint_v1-graph_time-base,KIT::6,17,0.0009259259259259,5.751006972872783,5.098839796197789,0.0,5.751006972872783,0.0
F-response-jepa_endpoint_v1-graph_time-base,BioMotionLab_NTroje::rub002,29,0.0092592592592592,7.112439534541764,6.579815849521189,0.0,7.112439534541764,0.0
F-response-jepa_endpoint_v1-graph_time-base,BioMotionLab_NTroje::rub023,29,0.0037037037037037,6.888983078004577,6.155697267831708,0.0,6.888983078004577,0.0
F-response-jepa_endpoint_v1-graph_time-base,BioMotionLab_NTroje::rub044,29,0.0042438271604938,6.664080138890566,5.808909372750463,0.0,6.664080138890566,0.0
F-response-jepa_endpoint_v1-graph_time-base,BioMotionLab_NTroje::rub053,29,0.0015432098765432,5.968800747997022,5.020785727676933,0.0,5.968800747997022,0.0
F-response-jepa_endpoint_v1-graph_time-base,BioMotionLab_NTroje::rub054,29,0.0,6.254234812840451,5.706169784632813,0.0,6.254234812840451,0.0
F-response-jepa_endpoint_v1-graph_time-base,BioMotionLab_NTroje::rub070,29,0.0063657407407407,6.340215551041187,5.723260398591938,0.0,6.340215551041187,0.0
F-response-jepa_endpoint_v1-graph_time-base,BioMotionLab_NTroje::rub072,29,0.0023148148148148,5.61107586834604,5.153705420205965,0.0,5.61107586834604,0.0
F-response-jepa_endpoint_v1-graph_time-base,BioMotionLab_NTroje::rub075,29,0.0177469135802469,6.960122831734111,6.148515153692354,0.0,6.960122831734111,0.0
F-response-jepa_endpoint_v1-graph_time-base,BioMotionLab_NTroje::rub086,29,0.0046296296296296,6.598060130662305,5.830390318391651,0.0,6.598060130662305,0.0
F-response-jepa_endpoint_v1-graph_time-base,BioMotionLab_NTroje::rub098,29,0.0041666666666666,6.1412890716726976,5.656121740755744,0.0,6.1412890716726976,0.0
F-response-jepa_endpoint_v1-graph_time-base,BioMotionLab_NTroje::rub106,29,0.0084876543209876,6.4307897585979115,5.8087028863328625,0.0,6.4307897585979115,0.0
F-response-jepa_endpoint_v1-graph_time-base,BioMotionLab_NTroje::rub115,29,0.0017361111111111,7.254349811275926,6.281268397417893,0.0,7.254349811275926,0.0
F-response-jepa_endpoint_v1-graph_time-base,KIT::348,29,0.0027777777777777,6.566127539319804,6.379431362325325,0.0,6.566127539319804,0.0
F-response-jepa_endpoint_v1-graph_time-base,KIT::6,29,0.0083333333333333,5.843030055162031,5.098839796197789,0.0,5.843030055162031,0.0
F-response-jepa_endpoint_v1-graph_time-base,BioMotionLab_NTroje::rub002,43,0.0092592592592592,6.97235784616366,6.579815849521189,0.0,6.97235784616366,0.0
F-response-jepa_endpoint_v1-graph_time-base,BioMotionLab_NTroje::rub023,43,0.0046296296296296,6.658510156738993,6.155697267831708,0.0,6.658510156738993,0.0
F-response-jepa_endpoint_v1-graph_time-base,BioMotionLab_NTroje::rub044,43,0.0030864197530864,6.2266147117659605,5.808909372750463,0.0,6.2266147117659605,0.0
F-response-jepa_endpoint_v1-graph_time-base,BioMotionLab_NTroje::rub053,43,0.0011574074074074,5.717486649454575,5.020785727676933,0.0,5.717486649454575,0.0
F-response-jepa_endpoint_v1-graph_time-base,BioMotionLab_NTroje::rub054,43,0.0,6.134429482413597,5.706169784632813,0.0,6.134429482413597,0.0
F-response-jepa_endpoint_v1-graph_time-base,BioMotionLab_NTroje::rub070,43,0.0153356481481481,6.140415675795855,5.723260398591938,0.0,6.140415675795855,0.0
F-response-jepa_endpoint_v1-graph_time-base,BioMotionLab_NTroje::rub072,43,0.0054976851851851,5.530622278354318,5.153705420205965,0.0,5.530622278354318,0.0
F-response-jepa_endpoint_v1-graph_time-base,BioMotionLab_NTroje::rub075,43,0.0246913580246913,6.673071451488329,6.148515153692354,0.0,6.673071451488329,0.0
F-response-jepa_endpoint_v1-graph_time-base,BioMotionLab_NTroje::rub086,43,0.005787037037037,6.375277305802288,5.830390318391651,0.0,6.375277305802288,0.0
F-response-jepa_endpoint_v1-graph_time-base,BioMotionLab_NTroje::rub098,43,0.0,6.065564642353426,5.656121740755744,0.0,6.065564642353426,0.0
F-response-jepa_endpoint_v1-graph_time-base,BioMotionLab_NTroje::rub106,43,0.0084876543209876,6.21827489103504,5.8087028863328625,0.0,6.21827489103504,0.0
F-response-jepa_endpoint_v1-graph_time-base,BioMotionLab_NTroje::rub115,43,0.0005787037037037,7.0262003452694,6.281268397417893,0.0,7.0262003452694,0.0
F-response-jepa_endpoint_v1-graph_time-base,KIT::348,43,0.0018518518518518,7.009401731221634,6.379431362325325,0.0,7.009401731221634,0.0
F-response-jepa_endpoint_v1-graph_time-base,KIT::6,43,0.0013888888888888,6.143602313896316,5.098839796197789,0.0,6.143602313896316,0.0
F-response-coordinate_delta_v1-graph_time-base,BioMotionLab_NTroje::rub002,17,0.0,6.876491100013944,6.579815849521189,0.0,6.876491100013944,0.0
F-response-coordinate_delta_v1-graph_time-base,BioMotionLab_NTroje::rub023,17,0.0024691358024691,6.587032640164584,6.155697267831708,0.0,6.587032640164584,0.0
F-response-coordinate_delta_v1-graph_time-base,BioMotionLab_NTroje::rub044,17,0.0047839506172839,6.084513139668471,5.808909372750463,0.0,6.084513139668471,0.0
F-response-coordinate_delta_v1-graph_time-base,BioMotionLab_NTroje::rub053,17,0.0015432098765432,5.425521621619149,5.020785727676933,0.0,5.425521621619149,0.0
F-response-coordinate_delta_v1-graph_time-base,BioMotionLab_NTroje::rub054,17,0.0,5.980659117869408,5.706169784632813,0.0,5.980659117869408,0.0
F-response-coordinate_delta_v1-graph_time-base,BioMotionLab_NTroje::rub070,17,0.0055941358024691,6.046714062096635,5.723260398591938,0.0,6.046714062096635,0.0
F-response-coordinate_delta_v1-graph_time-base,BioMotionLab_NTroje::rub072,17,0.0109953703703703,5.277449942921095,5.153705420205965,0.0,5.277449942921095,0.0
F-response-coordinate_delta_v1-graph_time-base,BioMotionLab_NTroje::rub075,17,0.011574074074074,6.704335410167457,6.148515153692354,0.0,6.704335410167457,0.0
F-response-coordinate_delta_v1-graph_time-base,BioMotionLab_NTroje::rub086,17,0.0042438271604938,6.1676693057099365,5.830390318391651,0.0,6.1676693057099365,0.0
F-response-coordinate_delta_v1-graph_time-base,BioMotionLab_NTroje::rub098,17,0.0013888888888888,5.800207683433473,5.656121740755744,0.0,5.800207683433473,0.0
F-response-coordinate_delta_v1-graph_time-base,BioMotionLab_NTroje::rub106,17,0.0169753086419753,6.15086491055606,5.8087028863328625,0.0,6.15086491055606,0.0
F-response-coordinate_delta_v1-graph_time-base,BioMotionLab_NTroje::rub115,17,0.0034722222222222,6.524703347355784,6.281268397417893,0.0,6.524703347355784,0.0
F-response-coordinate_delta_v1-graph_time-base,KIT::348,17,0.0,6.582795254106031,6.379431362325325,0.0,6.582795254106031,0.0
F-response-coordinate_delta_v1-graph_time-base,KIT::6,17,0.0,5.22169181603766,5.098839796197789,0.0,5.22169181603766,0.0
F-response-coordinate_delta_v1-graph_time-base,BioMotionLab_NTroje::rub002,29,0.0,7.016240547510151,6.579815849521189,0.0,7.016240547510151,0.0
F-response-coordinate_delta_v1-graph_time-base,BioMotionLab_NTroje::rub023,29,0.0027777777777777,6.748875589424803,6.155697267831708,0.0,6.748875589424803,0.0
F-response-coordinate_delta_v1-graph_time-base,BioMotionLab_NTroje::rub044,29,0.0,6.313500639030649,5.808909372750463,0.0,6.313500639030649,0.0
F-response-coordinate_delta_v1-graph_time-base,BioMotionLab_NTroje::rub053,29,0.0023148148148148,5.656392045110579,5.020785727676933,0.0,5.656392045110579,0.0
F-response-coordinate_delta_v1-graph_time-base,BioMotionLab_NTroje::rub054,29,0.0,6.018611581530237,5.706169784632813,0.0,6.018611581530237,0.0
F-response-coordinate_delta_v1-graph_time-base,BioMotionLab_NTroje::rub070,29,0.011574074074074,6.091229290464241,5.723260398591938,0.0,6.091229290464241,0.0
F-response-coordinate_delta_v1-graph_time-base,BioMotionLab_NTroje::rub072,29,0.0147569444444444,5.408591380672457,5.153705420205965,0.0,5.408591380672457,0.0
F-response-coordinate_delta_v1-graph_time-base,BioMotionLab_NTroje::rub075,29,0.0254629629629629,6.579289755889191,6.148515153692354,0.0,6.579289755889191,0.0
F-response-coordinate_delta_v1-graph_time-base,BioMotionLab_NTroje::rub086,29,0.0050154320987654,6.22115685621802,5.830390318391651,0.0,6.22115685621802,0.0
F-response-coordinate_delta_v1-graph_time-base,BioMotionLab_NTroje::rub098,29,0.0,5.890304219462383,5.656121740755744,0.0,5.890304219462383,0.0
F-response-coordinate_delta_v1-graph_time-base,BioMotionLab_NTroje::rub106,29,0.0196759259259259,6.132798161773003,5.8087028863328625,0.0,6.132798161773003,0.0
F-response-coordinate_delta_v1-graph_time-base,BioMotionLab_NTroje::rub115,29,0.0034722222222222,6.735046450470234,6.281268397417893,0.0,6.735046450470234,0.0
F-response-coordinate_delta_v1-graph_time-base,KIT::348,29,0.0,6.4496441778831635,6.379431362325325,0.0,6.4496441778831635,0.0
F-response-coordinate_delta_v1-graph_time-base,KIT::6,29,0.0,5.231745716509846,5.098839796197789,0.0,5.231745716509846,0.0
F-response-coordinate_delta_v1-graph_time-base,BioMotionLab_NTroje::rub002,43,0.0108024691358024,6.942608027587091,6.579815849521189,0.0,6.942608027587091,0.0
F-response-coordinate_delta_v1-graph_time-base,BioMotionLab_NTroje::rub023,43,0.003395061728395,6.614182223434975,6.155697267831708,0.0,6.614182223434975,0.0
F-response-coordinate_delta_v1-graph_time-base,BioMotionLab_NTroje::rub044,43,0.0015432098765432,6.247053869225881,5.808909372750463,0.0,6.247053869225881,0.0
F-response-coordinate_delta_v1-graph_time-base,BioMotionLab_NTroje::rub053,43,0.0034722222222222,5.6437505647673705,5.020785727676933,0.0,5.6437505647673705,0.0
F-response-coordinate_delta_v1-graph_time-base,BioMotionLab_NTroje::rub054,43,0.0,6.130732181367963,5.706169784632813,0.0,6.130732181367963,0.0
F-response-coordinate_delta_v1-graph_time-base,BioMotionLab_NTroje::rub070,43,0.0119598765432098,6.036984282217748,5.723260398591938,0.0,6.036984282217748,0.0
F-response-coordinate_delta_v1-graph_time-base,BioMotionLab_NTroje::rub072,43,0.0078125,5.462687106838207,5.153705420205965,0.0,5.462687106838207,0.0
F-response-coordinate_delta_v1-graph_time-base,BioMotionLab_NTroje::rub075,43,0.0204475308641975,6.497611576087652,6.148515153692354,0.0,6.497611576087652,0.0
F-response-coordinate_delta_v1-graph_time-base,BioMotionLab_NTroje::rub086,43,0.0065586419753086,6.323817028678074,5.830390318391651,0.0,6.323817028678074,0.0
F-response-coordinate_delta_v1-graph_time-base,BioMotionLab_NTroje::rub098,43,0.0006172839506172,5.889383557900931,5.656121740755744,0.0,5.889383557900931,0.0
F-response-coordinate_delta_v1-graph_time-base,BioMotionLab_NTroje::rub106,43,0.0189043209876543,6.179431624531311,5.8087028863328625,0.0,6.179431624531311,0.0
F-response-coordinate_delta_v1-graph_time-base,BioMotionLab_NTroje::rub115,43,0.0011574074074074,6.68671632959584,6.281268397417893,0.0,6.68671632959584,0.0
F-response-coordinate_delta_v1-graph_time-base,KIT::348,43,0.0,6.325208015934393,6.379431362325325,0.0,6.325208015934393,0.0
F-response-coordinate_delta_v1-graph_time-base,KIT::6,43,0.0004629629629629,5.1828564002453845,5.098839796197789,0.0,5.1828564002453845,0.0
M-coordinate-graph_time-base,BioMotionLab_NTroje::rub002,17,0.0092592592592592,6.689789108332206,6.579815849521189,0.0,6.689789108332206,0.0
M-coordinate-graph_time-base,BioMotionLab_NTroje::rub023,17,0.003395061728395,6.633403469443129,6.155697267831708,0.0,6.633403469443129,0.0
M-coordinate-graph_time-base,BioMotionLab_NTroje::rub044,17,0.0060185185185185,6.017405636889709,5.808909372750463,0.0,6.017405636889709,0.0
M-coordinate-graph_time-base,BioMotionLab_NTroje::rub053,17,0.0042438271604938,5.655364155230952,5.020785727676933,0.0,5.655364155230952,0.0
M-coordinate-graph_time-base,BioMotionLab_NTroje::rub054,17,0.0,6.088316950374332,5.706169784632813,0.0,6.088316950374332,0.0
M-coordinate-graph_time-base,BioMotionLab_NTroje::rub070,17,0.0060763888888888,6.07348116539821,5.723260398591938,0.0,6.07348116539821,0.0
M-coordinate-graph_time-base,BioMotionLab_NTroje::rub072,17,0.0141782407407407,5.383530172923808,5.153705420205965,0.0,5.383530172923808,0.0
M-coordinate-graph_time-base,BioMotionLab_NTroje::rub075,17,0.0189043209876543,6.561051900305221,6.148515153692354,0.0,6.561051900305221,0.0
M-coordinate-graph_time-base,BioMotionLab_NTroje::rub086,17,0.0108024691358024,6.1008947235303745,5.830390318391651,0.0,6.1008947235303745,0.0
M-coordinate-graph_time-base,BioMotionLab_NTroje::rub098,17,0.0013888888888888,5.847228986977936,5.656121740755744,0.0,5.847228986977936,0.0
M-coordinate-graph_time-base,BioMotionLab_NTroje::rub106,17,0.0069444444444444,6.1475349332500135,5.8087028863328625,0.0,6.1475349332500135,0.0
M-coordinate-graph_time-base,BioMotionLab_NTroje::rub115,17,0.003761574074074,6.684580318262168,6.281268397417893,0.0,6.684580318262168,0.0
M-coordinate-graph_time-base,KIT::348,17,0.0027777777777777,6.7072935188465905,6.379431362325325,0.0,6.7072935188465905,0.0
M-coordinate-graph_time-base,KIT::6,17,0.0083333333333333,5.266070015214497,5.098839796197789,0.0,5.266070015214497,0.0
M-coordinate-graph_time-base,BioMotionLab_NTroje::rub002,29,0.0,6.824782503597383,6.579815849521189,0.0,6.824782503597383,0.0
M-coordinate-graph_time-base,BioMotionLab_NTroje::rub023,29,0.0009259259259259,6.60079429154069,6.155697267831708,0.0,6.60079429154069,0.0
M-coordinate-graph_time-base,BioMotionLab_NTroje::rub044,29,0.0009259259259259,6.132867591558951,5.808909372750463,0.0,6.132867591558951,0.0
M-coordinate-graph_time-base,BioMotionLab_NTroje::rub053,29,0.0069444444444444,5.543646178328343,5.020785727676933,0.0,5.543646178328343,0.0
M-coordinate-graph_time-base,BioMotionLab_NTroje::rub054,29,0.0020576131687242,5.897418586328494,5.706169784632813,0.0,5.897418586328494,0.0
M-coordinate-graph_time-base,BioMotionLab_NTroje::rub070,29,0.0080054012345679,6.122458700418528,5.723260398591938,0.0,6.122458700418528,0.0
M-coordinate-graph_time-base,BioMotionLab_NTroje::rub072,29,0.0098379629629629,5.4538497690931935,5.153705420205965,0.0,5.4538497690931935,0.0
M-coordinate-graph_time-base,BioMotionLab_NTroje::rub075,29,0.0142746913580246,6.607914855498976,6.148515153692354,0.0,6.607914855498976,0.0
M-coordinate-graph_time-base,BioMotionLab_NTroje::rub086,29,0.0027006172839506,6.158701027009627,5.830390318391651,0.0,6.158701027009627,0.0
M-coordinate-graph_time-base,BioMotionLab_NTroje::rub098,29,0.0009259259259259,5.7150930810771134,5.656121740755744,0.0,5.7150930810771134,0.0
M-coordinate-graph_time-base,BioMotionLab_NTroje::rub106,29,0.0119598765432098,6.178577825063665,5.8087028863328625,0.0,6.178577825063665,0.0
M-coordinate-graph_time-base,BioMotionLab_NTroje::rub115,29,0.0002893518518518,6.809764397060183,6.281268397417893,0.0,6.809764397060183,0.0
M-coordinate-graph_time-base,KIT::348,29,0.0018518518518518,6.4600745810449185,6.379431362325325,0.0,6.4600745810449185,0.0
M-coordinate-graph_time-base,KIT::6,29,0.0013888888888888,5.384294539599514,5.098839796197789,0.0,5.384294539599514,0.0
M-coordinate-graph_time-base,BioMotionLab_NTroje::rub002,43,0.0046296296296296,7.025964570716115,6.579815849521189,0.0,7.025964570716115,0.0
M-coordinate-graph_time-base,BioMotionLab_NTroje::rub023,43,0.0006172839506172,6.623150394221051,6.155697267831708,0.0,6.623150394221051,0.0
M-coordinate-graph_time-base,BioMotionLab_NTroje::rub044,43,0.0040895061728395,6.10018404427283,5.808909372750463,0.0,6.10018404427283,0.0
M-coordinate-graph_time-base,BioMotionLab_NTroje::rub053,43,0.0069444444444444,5.609272639902772,5.020785727676933,0.0,5.609272639902772,0.0
M-coordinate-graph_time-base,BioMotionLab_NTroje::rub054,43,0.000514403292181,5.960652396678193,5.706169784632813,0.0,5.960652396678193,0.0
M-coordinate-graph_time-base,BioMotionLab_NTroje::rub070,43,0.0080054012345679,6.06819316738731,5.723260398591938,0.0,6.06819316738731,0.0
M-coordinate-graph_time-base,BioMotionLab_NTroje::rub072,43,0.0089699074074074,5.558585897716663,5.153705420205965,0.0,5.558585897716663,0.0
M-coordinate-graph_time-base,BioMotionLab_NTroje::rub075,43,0.0219907407407407,6.488974562057593,6.148515153692354,0.0,6.488974562057593,0.0
M-coordinate-graph_time-base,BioMotionLab_NTroje::rub086,43,0.007716049382716,6.189681435643027,5.830390318391651,0.0,6.189681435643027,0.0
M-coordinate-graph_time-base,BioMotionLab_NTroje::rub098,43,0.0007716049382716,5.695209446281041,5.656121740755744,0.0,5.695209446281041,0.0
M-coordinate-graph_time-base,BioMotionLab_NTroje::rub106,43,0.0088734567901234,6.242273637356572,5.8087028863328625,0.0,6.242273637356572,0.0
M-coordinate-graph_time-base,BioMotionLab_NTroje::rub115,43,0.0028935185185185,6.760073220216871,6.281268397417893,0.0,6.760073220216871,0.0
M-coordinate-graph_time-base,KIT::348,43,0.0055555555555555,6.595620653168645,6.379431362325325,0.0,6.595620653168645,0.0
M-coordinate-graph_time-base,KIT::6,43,0.0,5.105623671480286,5.098839796197789,0.0,5.105623671480286,0.0
M-coordinate-graph_time-paired_change,BioMotionLab_NTroje::rub002,17,0.0092592592592592,6.784046708384538,6.579815849521189,0.0,6.784046708384538,0.0
M-coordinate-graph_time-paired_change,BioMotionLab_NTroje::rub023,17,0.0182098765432098,6.394805508642205,6.155697267831708,0.0,6.394805508642205,0.0
M-coordinate-graph_time-paired_change,BioMotionLab_NTroje::rub044,17,0.0060185185185185,6.13734655906789,5.808909372750463,0.0,6.13734655906789,0.0
M-coordinate-graph_time-paired_change,BioMotionLab_NTroje::rub053,17,0.0007716049382716,5.433822011441066,5.020785727676933,0.0,5.433822011441066,0.0
M-coordinate-graph_time-paired_change,BioMotionLab_NTroje::rub054,17,0.0015432098765432,5.989177320450868,5.706169784632813,0.0,5.989177320450868,0.0
M-coordinate-graph_time-paired_change,BioMotionLab_NTroje::rub070,17,0.0159143518518518,5.826960988901523,5.723260398591938,0.0,5.826960988901523,0.0
M-coordinate-graph_time-paired_change,BioMotionLab_NTroje::rub072,17,0.005787037037037,5.3059127793370795,5.153705420205965,0.0,5.3059127793370795,0.0
M-coordinate-graph_time-paired_change,BioMotionLab_NTroje::rub075,17,0.0273919753086419,6.220134257657208,6.148515153692354,0.0,6.220134257657208,0.0
M-coordinate-graph_time-paired_change,BioMotionLab_NTroje::rub086,17,0.013503086419753,6.211716923990589,5.830390318391651,0.0,6.211716923990589,0.0
M-coordinate-graph_time-paired_change,BioMotionLab_NTroje::rub098,17,0.0074074074074074,5.769800264579543,5.656121740755744,0.0,5.769800264579543,0.0
M-coordinate-graph_time-paired_change,BioMotionLab_NTroje::rub106,17,0.0150462962962962,6.106107596701264,5.8087028863328625,0.0,6.106107596701264,0.0
M-coordinate-graph_time-paired_change,BioMotionLab_NTroje::rub115,17,0.0002893518518518,6.656478860321368,6.281268397417893,0.0,6.656478860321368,0.0
M-coordinate-graph_time-paired_change,KIT::348,17,0.0,6.495349041387985,6.379431362325325,0.0,6.495349041387985,0.0
M-coordinate-graph_time-paired_change,KIT::6,17,0.0032407407407407,5.351459775730368,5.098839796197789,0.0,5.351459775730368,0.0
M-coordinate-graph_time-paired_change,BioMotionLab_NTroje::rub002,29,0.0015432098765432,6.73033424704803,6.579815849521189,0.0,6.73033424704803,0.0
M-coordinate-graph_time-paired_change,BioMotionLab_NTroje::rub023,29,0.0108024691358024,6.425644793635188,6.155697267831708,0.0,6.425644793635188,0.0
M-coordinate-graph_time-paired_change,BioMotionLab_NTroje::rub044,29,0.0063271604938271,5.985449954296829,5.808909372750463,0.0,5.985449954296829,0.0
M-coordinate-graph_time-paired_change,BioMotionLab_NTroje::rub053,29,0.0003858024691358,5.728597863058857,5.020785727676933,0.0,5.728597863058857,0.0
M-coordinate-graph_time-paired_change,BioMotionLab_NTroje::rub054,29,0.0023148148148148,6.089743880441946,5.706169784632813,0.0,6.089743880441946,0.0
M-coordinate-graph_time-paired_change,BioMotionLab_NTroje::rub070,29,0.0102237654320987,5.941240425392883,5.723260398591938,0.0,5.941240425392883,0.0
M-coordinate-graph_time-paired_change,BioMotionLab_NTroje::rub072,29,0.0020254629629629,5.390653698219391,5.153705420205965,0.0,5.390653698219391,0.0
M-coordinate-graph_time-paired_change,BioMotionLab_NTroje::rub075,29,0.0146604938271604,6.42657826900859,6.148515153692354,0.0,6.42657826900859,0.0
M-coordinate-graph_time-paired_change,BioMotionLab_NTroje::rub086,29,0.009645061728395,6.1733502526127495,5.830390318391651,0.0,6.1733502526127495,0.0
M-coordinate-graph_time-paired_change,BioMotionLab_NTroje::rub098,29,0.0024691358024691,5.857988658226526,5.656121740755744,0.0,5.857988658226526,0.0
M-coordinate-graph_time-paired_change,BioMotionLab_NTroje::rub106,29,0.0123456790123456,6.241692134291649,5.8087028863328625,0.0,6.241692134291649,0.0
M-coordinate-graph_time-paired_change,BioMotionLab_NTroje::rub115,29,0.0,6.75450285290467,6.281268397417893,0.0,6.75450285290467,0.0
M-coordinate-graph_time-paired_change,KIT::348,29,0.0,6.468246764924061,6.379431362325325,0.0,6.468246764924061,0.0
M-coordinate-graph_time-paired_change,KIT::6,29,0.0,5.154265234022657,5.098839796197789,0.0,5.154265234022657,0.0
M-coordinate-graph_time-paired_change,BioMotionLab_NTroje::rub002,43,0.0138888888888888,6.601044448022442,6.579815849521189,0.0,6.601044448022442,0.0
M-coordinate-graph_time-paired_change,BioMotionLab_NTroje::rub023,43,0.0040123456790123,6.330720013235348,6.155697267831708,0.0,6.330720013235348,0.0
M-coordinate-graph_time-paired_change,BioMotionLab_NTroje::rub044,43,0.0018518518518518,6.012559500761216,5.808909372750463,0.0,6.012559500761216,0.0
M-coordinate-graph_time-paired_change,BioMotionLab_NTroje::rub053,43,0.0023148148148148,5.431946195475706,5.020785727676933,0.0,5.431946195475706,0.0
M-coordinate-graph_time-paired_change,BioMotionLab_NTroje::rub054,43,0.0,5.805922233799649,5.706169784632813,0.0,5.805922233799649,0.0
M-coordinate-graph_time-paired_change,BioMotionLab_NTroje::rub070,43,0.0169753086419753,5.729320357736987,5.723260398591938,0.0,5.729320357736987,0.0
M-coordinate-graph_time-paired_change,BioMotionLab_NTroje::rub072,43,0.0086805555555555,5.376040900578749,5.153705420205965,0.0,5.376040900578749,0.0
M-coordinate-graph_time-paired_change,BioMotionLab_NTroje::rub075,43,0.0138888888888888,6.447267950570679,6.148515153692354,0.0,6.447267950570679,0.0
M-coordinate-graph_time-paired_change,BioMotionLab_NTroje::rub086,43,0.011574074074074,6.10744483710645,5.830390318391651,0.0,6.10744483710645,0.0
M-coordinate-graph_time-paired_change,BioMotionLab_NTroje::rub098,43,0.0009259259259259,5.915877711222624,5.656121740755744,0.0,5.915877711222624,0.0
M-coordinate-graph_time-paired_change,BioMotionLab_NTroje::rub106,43,0.0165895061728395,6.054177230963663,5.8087028863328625,0.0,6.054177230963663,0.0
M-coordinate-graph_time-paired_change,BioMotionLab_NTroje::rub115,43,0.0031828703703703,6.72394090199675,6.281268397417893,0.0,6.72394090199675,0.0
M-coordinate-graph_time-paired_change,KIT::348,43,0.0,6.587575874672979,6.379431362325325,0.0,6.587575874672979,0.0
M-coordinate-graph_time-paired_change,KIT::6,43,0.0074074074074074,5.285821026474227,5.098839796197789,0.0,5.285821026474227,0.0
M-paired_jepa-graph_time-base,BioMotionLab_NTroje::rub002,17,0.0023148148148148,7.274042792430716,6.579815849521189,0.0,7.274042792430716,0.0
M-paired_jepa-graph_time-base,BioMotionLab_NTroje::rub023,17,0.007716049382716,7.002089093473543,6.155697267831708,0.0,7.002089093473543,0.0
M-paired_jepa-graph_time-base,BioMotionLab_NTroje::rub044,17,0.0015432098765432,6.817652824160533,5.808909372750463,0.0,6.817652824160533,0.0
M-paired_jepa-graph_time-base,BioMotionLab_NTroje::rub053,17,0.0,5.780183874948971,5.020785727676933,0.0,5.780183874948971,0.0
M-paired_jepa-graph_time-base,BioMotionLab_NTroje::rub054,17,0.0,6.221797360520004,5.706169784632813,0.0,6.221797360520004,0.0
M-paired_jepa-graph_time-base,BioMotionLab_NTroje::rub070,17,0.0126350308641975,6.407479343777364,5.723260398591938,0.0,6.407479343777364,0.0
M-paired_jepa-graph_time-base,BioMotionLab_NTroje::rub072,17,0.0026041666666666,5.709428022785769,5.153705420205965,0.0,5.709428022785769,0.0
M-paired_jepa-graph_time-base,BioMotionLab_NTroje::rub075,17,0.0212191358024691,6.951610833489937,6.148515153692354,0.0,6.951610833489937,0.0
M-paired_jepa-graph_time-base,BioMotionLab_NTroje::rub086,17,0.0073302469135802,6.608282086377165,5.830390318391651,0.0,6.608282086377165,0.0
M-paired_jepa-graph_time-base,BioMotionLab_NTroje::rub098,17,0.0003086419753086,6.2121423238753,5.656121740755744,0.0,6.2121423238753,0.0
M-paired_jepa-graph_time-base,BioMotionLab_NTroje::rub106,17,0.0150462962962962,6.337182159791862,5.8087028863328625,0.0,6.337182159791862,0.0
M-paired_jepa-graph_time-base,BioMotionLab_NTroje::rub115,17,0.0017361111111111,7.088047746826262,6.281268397417893,0.0,7.088047746826262,0.0
M-paired_jepa-graph_time-base,KIT::348,17,0.0,7.170429928000428,6.379431362325325,0.0,7.170429928000428,0.0
M-paired_jepa-graph_time-base,KIT::6,17,0.0087962962962962,5.412587043171159,5.098839796197789,0.0,5.412587043171159,0.0
M-paired_jepa-graph_time-base,BioMotionLab_NTroje::rub002,29,0.0092592592592592,6.662544963030759,6.579815849521189,0.0,6.662544963030759,0.0
M-paired_jepa-graph_time-base,BioMotionLab_NTroje::rub023,29,0.0092592592592592,6.470983004322369,6.155697267831708,0.0,6.470983004322369,0.0
M-paired_jepa-graph_time-base,BioMotionLab_NTroje::rub044,29,0.0030864197530864,6.245290063935009,5.808909372750463,0.0,6.245290063935009,0.0
M-paired_jepa-graph_time-base,BioMotionLab_NTroje::rub053,29,0.0,5.892495086217226,5.020785727676933,0.0,5.892495086217226,0.0
M-paired_jepa-graph_time-base,BioMotionLab_NTroje::rub054,29,0.0082304526748971,5.895276907943952,5.706169784632813,0.0,5.895276907943952,0.0
M-paired_jepa-graph_time-base,BioMotionLab_NTroje::rub070,29,0.0088734567901234,6.103061656068811,5.723260398591938,0.0,6.103061656068811,0.0
M-paired_jepa-graph_time-base,BioMotionLab_NTroje::rub072,29,0.0031828703703703,5.467241097979179,5.153705420205965,0.0,5.467241097979179,0.0
M-paired_jepa-graph_time-base,BioMotionLab_NTroje::rub075,29,0.0185185185185185,6.567167034717898,6.148515153692354,0.0,6.567167034717898,0.0
M-paired_jepa-graph_time-base,BioMotionLab_NTroje::rub086,29,0.0034722222222222,6.348928506468731,5.830390318391651,0.0,6.348928506468731,0.0
M-paired_jepa-graph_time-base,BioMotionLab_NTroje::rub098,29,0.0044753086419753,5.861843043034528,5.656121740755744,0.0,5.861843043034528,0.0
M-paired_jepa-graph_time-base,BioMotionLab_NTroje::rub106,29,0.007716049382716,6.131073632388797,5.8087028863328625,0.0,6.131073632388797,0.0
M-paired_jepa-graph_time-base,BioMotionLab_NTroje::rub115,29,0.0020254629629629,6.906031905875925,6.281268397417893,0.0,6.906031905875925,0.0
M-paired_jepa-graph_time-base,KIT::348,29,0.0009259259259259,6.976129606932791,6.379431362325325,0.0,6.976129606932791,0.0
M-paired_jepa-graph_time-base,KIT::6,29,0.0111111111111111,5.755483501927988,5.098839796197789,0.0,5.755483501927988,0.0
M-paired_jepa-graph_time-base,BioMotionLab_NTroje::rub002,43,0.0092592592592592,6.723918570088721,6.579815849521189,0.0,6.723918570088721,0.0
M-paired_jepa-graph_time-base,BioMotionLab_NTroje::rub023,43,0.0024691358024691,6.557610320026664,6.155697267831708,0.0,6.557610320026664,0.0
M-paired_jepa-graph_time-base,BioMotionLab_NTroje::rub044,43,0.0023148148148148,6.2439841133125045,5.808909372750463,0.0,6.2439841133125045,0.0
M-paired_jepa-graph_time-base,BioMotionLab_NTroje::rub053,43,0.0003858024691358,5.460017045847697,5.020785727676933,0.0,5.460017045847697,0.0
M-paired_jepa-graph_time-base,BioMotionLab_NTroje::rub054,43,0.0010288065843621,5.9538688528392845,5.706169784632813,0.0,5.9538688528392845,0.0
M-paired_jepa-graph_time-base,BioMotionLab_NTroje::rub070,43,0.0129243827160493,5.905509543824358,5.723260398591938,0.0,5.905509543824358,0.0
M-paired_jepa-graph_time-base,BioMotionLab_NTroje::rub072,43,0.0034722222222222,5.239779691767625,5.153705420205965,0.0,5.239779691767625,0.0
M-paired_jepa-graph_time-base,BioMotionLab_NTroje::rub075,43,0.0258487654320987,6.223548969080213,6.148515153692354,0.0,6.223548969080213,0.0
M-paired_jepa-graph_time-base,BioMotionLab_NTroje::rub086,43,0.0092592592592592,6.078219923762577,5.830390318391651,0.0,6.078219923762577,0.0
M-paired_jepa-graph_time-base,BioMotionLab_NTroje::rub098,43,0.0026234567901234,5.824272209823888,5.656121740755744,0.0,5.824272209823888,0.0
M-paired_jepa-graph_time-base,BioMotionLab_NTroje::rub106,43,0.0123456790123456,6.055719544812273,5.8087028863328625,0.0,6.055719544812273,0.0
M-paired_jepa-graph_time-base,BioMotionLab_NTroje::rub115,43,0.0002893518518518,6.935445961545655,6.281268397417893,0.0,6.935445961545655,0.0
M-paired_jepa-graph_time-base,KIT::348,43,0.0,6.732567377807813,6.379431362325325,0.0,6.732567377807813,0.0
M-paired_jepa-graph_time-base,KIT::6,43,0.0037037037037037,5.564303125285372,5.098839796197789,0.0,5.564303125285372,0.0
M-paired_jepa-graph_time-paired_change,BioMotionLab_NTroje::rub002,17,0.0138888888888888,6.75928270069998,6.579815849521189,0.0,6.75928270069998,0.0
M-paired_jepa-graph_time-paired_change,BioMotionLab_NTroje::rub023,17,0.0037037037037037,6.511463401505587,6.155697267831708,0.0,6.511463401505587,0.0
M-paired_jepa-graph_time-paired_change,BioMotionLab_NTroje::rub044,17,0.0042438271604938,6.353978450238775,5.808909372750463,0.0,6.353978450238775,0.0
M-paired_jepa-graph_time-paired_change,BioMotionLab_NTroje::rub053,17,0.0011574074074074,5.538395391483299,5.020785727676933,0.0,5.538395391483299,0.0
M-paired_jepa-graph_time-paired_change,BioMotionLab_NTroje::rub054,17,0.0,6.041194659382004,5.706169784632813,0.0,6.041194659382004,0.0
M-paired_jepa-graph_time-paired_change,BioMotionLab_NTroje::rub070,17,0.0125385802469135,5.990071296431777,5.723260398591938,0.0,5.990071296431777,0.0
M-paired_jepa-graph_time-paired_change,BioMotionLab_NTroje::rub072,17,0.0046296296296296,5.402144421606246,5.153705420205965,0.0,5.402144421606246,0.0
M-paired_jepa-graph_time-paired_change,BioMotionLab_NTroje::rub075,17,0.0196759259259259,6.478970899015803,6.148515153692354,0.0,6.478970899015803,0.0
M-paired_jepa-graph_time-paired_change,BioMotionLab_NTroje::rub086,17,0.0054012345679012,6.316072455514823,5.830390318391651,0.0,6.316072455514823,0.0
M-paired_jepa-graph_time-paired_change,BioMotionLab_NTroje::rub098,17,0.0,5.793221231529407,5.656121740755744,0.0,5.793221231529407,0.0
M-paired_jepa-graph_time-paired_change,BioMotionLab_NTroje::rub106,17,0.0123456790123456,6.18145229132374,5.8087028863328625,0.0,6.18145229132374,0.0
M-paired_jepa-graph_time-paired_change,BioMotionLab_NTroje::rub115,17,0.0020254629629629,6.677765257736376,6.281268397417893,0.0,6.677765257736376,0.0
M-paired_jepa-graph_time-paired_change,KIT::348,17,0.0018518518518518,6.788990265195723,6.379431362325325,0.0,6.788990265195723,0.0
M-paired_jepa-graph_time-paired_change,KIT::6,17,0.0083333333333333,5.8059740828462445,5.098839796197789,0.0,5.8059740828462445,0.0
M-paired_jepa-graph_time-paired_change,BioMotionLab_NTroje::rub002,29,0.0,6.839765949209583,6.579815849521189,0.0,6.839765949209583,0.0
M-paired_jepa-graph_time-paired_change,BioMotionLab_NTroje::rub023,29,0.0027777777777777,6.454240014972646,6.155697267831708,0.0,6.454240014972646,0.0
M-paired_jepa-graph_time-paired_change,BioMotionLab_NTroje::rub044,29,0.007716049382716,6.141413860848798,5.808909372750463,0.0,6.141413860848798,0.0
M-paired_jepa-graph_time-paired_change,BioMotionLab_NTroje::rub053,29,0.0011574074074074,5.422483275118079,5.020785727676933,0.0,5.422483275118079,0.0
M-paired_jepa-graph_time-paired_change,BioMotionLab_NTroje::rub054,29,0.0,5.950655080368172,5.706169784632813,0.0,5.950655080368172,0.0
M-paired_jepa-graph_time-paired_change,BioMotionLab_NTroje::rub070,29,0.0185185185185185,5.836464701932172,5.723260398591938,0.0,5.836464701932172,0.0
M-paired_jepa-graph_time-paired_change,BioMotionLab_NTroje::rub072,29,0.0,5.220396433753983,5.153705420205965,0.0,5.220396433753983,0.0
M-paired_jepa-graph_time-paired_change,BioMotionLab_NTroje::rub075,29,0.0165895061728395,6.624323399226578,6.148515153692354,0.0,6.624323399226578,0.0
M-paired_jepa-graph_time-paired_change,BioMotionLab_NTroje::rub086,29,0.003858024691358,6.239991443394527,5.830390318391651,0.0,6.239991443394527,0.0
M-paired_jepa-graph_time-paired_change,BioMotionLab_NTroje::rub098,29,0.0015432098765432,5.700912166282158,5.656121740755744,0.0,5.700912166282158,0.0
M-paired_jepa-graph_time-paired_change,BioMotionLab_NTroje::rub106,29,0.0169753086419753,6.113826062590294,5.8087028863328625,0.0,6.113826062590294,0.0
M-paired_jepa-graph_time-paired_change,BioMotionLab_NTroje::rub115,29,0.0008680555555555,6.738736398391526,6.281268397417893,0.0,6.738736398391526,0.0
M-paired_jepa-graph_time-paired_change,KIT::348,29,0.0,6.648252310792399,6.379431362325325,0.0,6.648252310792399,0.0
M-paired_jepa-graph_time-paired_change,KIT::6,29,0.0041666666666666,5.286476155804645,5.098839796197789,0.0,5.286476155804645,0.0
M-paired_jepa-graph_time-paired_change,BioMotionLab_NTroje::rub002,43,0.0,7.035054626761635,6.579815849521189,0.0,7.035054626761635,0.0
M-paired_jepa-graph_time-paired_change,BioMotionLab_NTroje::rub023,43,0.0018518518518518,6.516756374123645,6.155697267831708,0.0,6.516756374123645,0.0
M-paired_jepa-graph_time-paired_change,BioMotionLab_NTroje::rub044,43,0.0030864197530864,6.377678456001398,5.808909372750463,0.0,6.377678456001398,0.0
M-paired_jepa-graph_time-paired_change,BioMotionLab_NTroje::rub053,43,0.0,5.690028830456885,5.020785727676933,0.0,5.690028830456885,0.0
M-paired_jepa-graph_time-paired_change,BioMotionLab_NTroje::rub054,43,0.0015432098765432,6.152026433915776,5.706169784632813,0.0,6.152026433915776,0.0
M-paired_jepa-graph_time-paired_change,BioMotionLab_NTroje::rub070,43,0.0095486111111111,6.0060387616719435,5.723260398591938,0.0,6.0060387616719435,0.0
M-paired_jepa-graph_time-paired_change,BioMotionLab_NTroje::rub072,43,0.0002893518518518,5.478231047441353,5.153705420205965,0.0,5.478231047441353,0.0
M-paired_jepa-graph_time-paired_change,BioMotionLab_NTroje::rub075,43,0.0123456790123456,6.764528401253173,6.148515153692354,0.0,6.764528401253173,0.0
M-paired_jepa-graph_time-paired_change,BioMotionLab_NTroje::rub086,43,0.005787037037037,6.213424138661293,5.830390318391651,0.0,6.213424138661293,0.0
M-paired_jepa-graph_time-paired_change,BioMotionLab_NTroje::rub098,43,0.008179012345679,6.036853083089241,5.656121740755744,0.0,6.036853083089241,0.0
M-paired_jepa-graph_time-paired_change,BioMotionLab_NTroje::rub106,43,0.0050154320987654,6.359731359862093,5.8087028863328625,0.0,6.359731359862093,0.0
M-paired_jepa-graph_time-paired_change,BioMotionLab_NTroje::rub115,43,0.0008680555555555,6.8339414901305435,6.281268397417893,0.0,6.8339414901305435,0.0
M-paired_jepa-graph_time-paired_change,KIT::348,43,0.0,6.935119870524455,6.379431362325325,0.0,6.935119870524455,0.0
M-paired_jepa-graph_time-paired_change,KIT::6,43,0.0138888888888888,5.539380390390852,5.098839796197789,0.0,5.539380390390852,0.0
P-direct-none-base,BioMotionLab_NTroje::rub002,17,0.007716049382716,5.648611909932053,6.579815849521189,0.0,5.648611909932053,0.0
P-direct-none-base,BioMotionLab_NTroje::rub023,17,0.0015432098765432,5.359026787018646,6.155697267831708,0.0,5.359026787018646,0.0
P-direct-none-base,BioMotionLab_NTroje::rub044,17,0.0015432098765432,5.215417118269609,5.808909372750463,0.0,5.215417118269609,0.0
P-direct-none-base,BioMotionLab_NTroje::rub053,17,0.001929012345679,4.530153820957761,5.020785727676933,0.0,4.530153820957761,0.0
P-direct-none-base,BioMotionLab_NTroje::rub054,17,0.0030864197530864,4.944957530020679,5.706169784632813,0.0,4.944957530020679,0.0
P-direct-none-base,BioMotionLab_NTroje::rub070,17,0.0002893518518518,5.240658083503444,5.723260398591938,0.0,5.240658083503444,0.0
P-direct-none-base,BioMotionLab_NTroje::rub072,17,0.0043402777777777,4.62574658093341,5.153705420205965,0.0,4.62574658093341,0.0
P-direct-none-base,BioMotionLab_NTroje::rub075,17,0.007716049382716,5.591504865156913,6.148515153692354,0.0,5.591504865156913,0.0
P-direct-none-base,BioMotionLab_NTroje::rub086,17,0.0011574074074074,5.258425225149549,5.830390318391651,0.0,5.258425225149549,0.0
P-direct-none-base,BioMotionLab_NTroje::rub098,17,0.002932098765432,4.731446261782883,5.656121740755744,0.0,4.731446261782883,0.0
P-direct-none-base,BioMotionLab_NTroje::rub106,17,0.013503086419753,5.327966910712645,5.8087028863328625,0.0,5.327966910712645,0.0
P-direct-none-base,BioMotionLab_NTroje::rub115,17,0.0008680555555555,5.497509253891842,6.281268397417893,0.0,5.497509253891842,0.0
P-direct-none-base,KIT::348,17,0.0,4.94541116576983,6.379431362325325,0.0,4.94541116576983,0.0
P-direct-none-base,KIT::6,17,0.0009259259259259,4.3971788634204625,5.098839796197789,0.0,4.3971788634204625,0.0
P-direct-none-base,BioMotionLab_NTroje::rub002,29,0.0,5.619966925798894,6.579815849521189,0.0,5.619966925798894,0.0
P-direct-none-base,BioMotionLab_NTroje::rub023,29,0.0009259259259259,5.392059690222942,6.155697267831708,0.0,5.392059690222942,0.0
P-direct-none-base,BioMotionLab_NTroje::rub044,29,0.0,5.148253746734786,5.808909372750463,0.0,5.148253746734786,0.0
P-direct-none-base,BioMotionLab_NTroje::rub053,29,0.0065586419753086,4.455767586916069,5.020785727676933,0.0,4.455767586916069,0.0
P-direct-none-base,BioMotionLab_NTroje::rub054,29,0.0041152263374485,5.018377850198253,5.706169784632813,0.0,5.018377850198253,0.0
P-direct-none-base,BioMotionLab_NTroje::rub070,29,0.0047260802469135,5.085964402931091,5.723260398591938,0.0,5.085964402931091,0.0
P-direct-none-base,BioMotionLab_NTroje::rub072,29,0.0043402777777777,4.618069159142099,5.153705420205965,0.0,4.618069159142099,0.0
P-direct-none-base,BioMotionLab_NTroje::rub075,29,0.009645061728395,5.478198672045605,6.148515153692354,0.0,5.478198672045605,0.0
P-direct-none-base,BioMotionLab_NTroje::rub086,29,0.001929012345679,5.346460709315548,5.830390318391651,0.0,5.346460709315548,0.0
P-direct-none-base,BioMotionLab_NTroje::rub098,29,0.0055555555555555,4.72189980037777,5.656121740755744,0.0,4.72189980037777,0.0
P-direct-none-base,BioMotionLab_NTroje::rub106,29,0.0127314814814814,5.150596941688865,5.8087028863328625,0.0,5.150596941688865,0.0
P-direct-none-base,BioMotionLab_NTroje::rub115,29,0.0040509259259259,5.443694213512215,6.281268397417893,0.0,5.443694213512215,0.0
P-direct-none-base,KIT::348,29,0.0,5.071321114179625,6.379431362325325,0.0,5.071321114179625,0.0
P-direct-none-base,KIT::6,29,0.0004629629629629,4.220278139553531,5.098839796197789,0.0,4.220278139553531,0.0
P-direct-none-base,BioMotionLab_NTroje::rub002,43,0.0,5.781135689084529,6.579815849521189,0.0,5.781135689084529,0.0
P-direct-none-base,BioMotionLab_NTroje::rub023,43,0.0003086419753086,5.315842965267144,6.155697267831708,0.0,5.315842965267144,0.0
P-direct-none-base,BioMotionLab_NTroje::rub044,43,0.0023148148148148,5.000184227074445,5.808909372750463,0.0,5.000184227074445,0.0
P-direct-none-base,BioMotionLab_NTroje::rub053,43,0.0003858024691358,4.54447631548209,5.020785727676933,0.0,4.54447631548209,0.0
P-direct-none-base,BioMotionLab_NTroje::rub054,43,0.0010288065843621,4.904310776212328,5.706169784632813,0.0,4.904310776212328,0.0
P-direct-none-base,BioMotionLab_NTroje::rub070,43,0.0047260802469135,5.1562238752390925,5.723260398591938,0.0,5.1562238752390925,0.0
P-direct-none-base,BioMotionLab_NTroje::rub072,43,0.0069444444444444,4.465063288269166,5.153705420205965,0.0,4.465063288269166,0.0
P-direct-none-base,BioMotionLab_NTroje::rub075,43,0.0100308641975308,5.376598904343031,6.148515153692354,0.0,5.376598904343031,0.0
P-direct-none-base,BioMotionLab_NTroje::rub086,43,0.001929012345679,5.3079705410980145,5.830390318391651,0.0,5.3079705410980145,0.0
P-direct-none-base,BioMotionLab_NTroje::rub098,43,0.0009259259259259,4.849921554004103,5.656121740755744,0.0,4.849921554004103,0.0
P-direct-none-base,BioMotionLab_NTroje::rub106,43,0.0092592592592592,5.188587848495899,5.8087028863328625,0.0,5.188587848495899,0.0
P-direct-none-base,BioMotionLab_NTroje::rub115,43,0.0011574074074074,5.589191946101094,6.281268397417893,0.0,5.589191946101094,0.0
P-direct-none-base,KIT::348,43,0.0,5.092881025479233,6.379431362325325,0.0,5.092881025479233,0.0
P-direct-none-base,KIT::6,43,0.0027777777777777,4.243488741677419,5.098839796197789,0.0,4.243488741677419,0.0
P-direct-none-paired_change,BioMotionLab_NTroje::rub002,17,0.007716049382716,6.037822875913566,6.579815849521189,0.0,6.037822875913566,0.0
P-direct-none-paired_change,BioMotionLab_NTroje::rub023,17,0.0098765432098765,5.593455105162943,6.155697267831708,0.0,5.593455105162943,0.0
P-direct-none-paired_change,BioMotionLab_NTroje::rub044,17,0.009645061728395,5.384857728188391,5.808909372750463,0.0,5.384857728188391,0.0
P-direct-none-paired_change,BioMotionLab_NTroje::rub053,17,0.0061728395061728,4.923736215739796,5.020785727676933,0.0,4.923736215739796,0.0
P-direct-none-paired_change,BioMotionLab_NTroje::rub054,17,0.0,5.16431712593359,5.706169784632813,0.0,5.16431712593359,0.0
P-direct-none-paired_change,BioMotionLab_NTroje::rub070,17,0.0149498456790123,5.439344379678401,5.723260398591938,0.0,5.439344379678401,0.0
P-direct-none-paired_change,BioMotionLab_NTroje::rub072,17,0.0046296296296296,4.840580448772002,5.153705420205965,0.0,4.840580448772002,0.0
P-direct-none-paired_change,BioMotionLab_NTroje::rub075,17,0.0196759259259259,5.852272090269071,6.148515153692354,0.0,5.852272090269071,0.0
P-direct-none-paired_change,BioMotionLab_NTroje::rub086,17,0.0100308641975308,5.351907013334963,5.830390318391651,0.0,5.351907013334963,0.0
P-direct-none-paired_change,BioMotionLab_NTroje::rub098,17,0.0041666666666666,5.282734789643053,5.656121740755744,0.0,5.282734789643053,0.0
P-direct-none-paired_change,BioMotionLab_NTroje::rub106,17,0.0131172839506172,5.4387044438391845,5.8087028863328625,0.0,5.4387044438391845,0.0
P-direct-none-paired_change,BioMotionLab_NTroje::rub115,17,0.0008680555555555,6.232903254440512,6.281268397417893,0.0,6.232903254440512,0.0
P-direct-none-paired_change,KIT::348,17,0.0,5.846660658165132,6.379431362325325,0.0,5.846660658165132,0.0
P-direct-none-paired_change,KIT::6,17,0.0101851851851851,5.671270896954008,5.098839796197789,0.0,5.671270896954008,0.0
P-direct-none-paired_change,BioMotionLab_NTroje::rub002,29,0.0046296296296296,6.1557332009429935,6.579815849521189,0.0,6.1557332009429935,0.0
P-direct-none-paired_change,BioMotionLab_NTroje::rub023,29,0.0101851851851851,5.630029119758231,6.155697267831708,0.0,5.630029119758231,0.0
P-direct-none-paired_change,BioMotionLab_NTroje::rub044,29,0.0027006172839506,5.431491181261944,5.808909372750463,0.0,5.431491181261944,0.0
P-direct-none-paired_change,BioMotionLab_NTroje::rub053,29,0.007716049382716,5.174949003880638,5.020785727676933,0.0,5.174949003880638,0.0
P-direct-none-paired_change,BioMotionLab_NTroje::rub054,29,0.000514403292181,5.123852658951408,5.706169784632813,0.0,5.123852658951408,0.0
P-direct-none-paired_change,BioMotionLab_NTroje::rub070,29,0.0152391975308641,5.431703822587688,5.723260398591938,0.0,5.431703822587688,0.0
P-direct-none-paired_change,BioMotionLab_NTroje::rub072,29,0.0,5.059872193014748,5.153705420205965,0.0,5.059872193014748,0.0
P-direct-none-paired_change,BioMotionLab_NTroje::rub075,29,0.013503086419753,5.829506129143643,6.148515153692354,0.0,5.829506129143643,0.0
P-direct-none-paired_change,BioMotionLab_NTroje::rub086,29,0.007716049382716,5.370168927187538,5.830390318391651,0.0,5.370168927187538,0.0
P-direct-none-paired_change,BioMotionLab_NTroje::rub098,29,0.0037037037037037,5.370288701698799,5.656121740755744,0.0,5.370288701698799,0.0
P-direct-none-paired_change,BioMotionLab_NTroje::rub106,29,0.0104166666666666,5.503573264812313,5.8087028863328625,0.0,5.503573264812313,0.0
P-direct-none-paired_change,BioMotionLab_NTroje::rub115,29,0.0,6.190894596832834,6.281268397417893,0.0,6.190894596832834,0.0
P-direct-none-paired_change,KIT::348,29,0.0018518518518518,6.201146509132238,6.379431362325325,0.0,6.201146509132238,0.0
P-direct-none-paired_change,KIT::6,29,0.0083333333333333,5.913408126432876,5.098839796197789,0.0,5.913408126432876,0.0
P-direct-none-paired_change,BioMotionLab_NTroje::rub002,43,0.0046296296296296,6.342436883286304,6.579815849521189,0.0,6.342436883286304,0.0
P-direct-none-paired_change,BioMotionLab_NTroje::rub023,43,0.0104938271604938,5.917851988429427,6.155697267831708,0.0,5.917851988429427,0.0
P-direct-none-paired_change,BioMotionLab_NTroje::rub044,43,0.0127314814814814,5.488134675083479,5.808909372750463,0.0,5.488134675083479,0.0
P-direct-none-paired_change,BioMotionLab_NTroje::rub053,43,0.0007716049382716,5.478486906289608,5.020785727676933,0.0,5.478486906289608,0.0
P-direct-none-paired_change,BioMotionLab_NTroje::rub054,43,0.0015432098765432,5.292831478606438,5.706169784632813,0.0,5.292831478606438,0.0
P-direct-none-paired_change,BioMotionLab_NTroje::rub070,43,0.0108989197530864,5.642622574779034,5.723260398591938,0.0,5.642622574779034,0.0
P-direct-none-paired_change,BioMotionLab_NTroje::rub072,43,0.0063657407407407,5.088182310508685,5.153705420205965,0.0,5.088182310508685,0.0
P-direct-none-paired_change,BioMotionLab_NTroje::rub075,43,0.015432098765432,6.124434797172801,6.148515153692354,0.0,6.124434797172801,0.0
P-direct-none-paired_change,BioMotionLab_NTroje::rub086,43,0.0092592592592592,5.641260295986214,5.830390318391651,0.0,5.641260295986214,0.0
P-direct-none-paired_change,BioMotionLab_NTroje::rub098,43,0.0040123456790123,5.538703009127006,5.656121740755744,0.0,5.538703009127006,0.0
P-direct-none-paired_change,BioMotionLab_NTroje::rub106,43,0.0104166666666666,5.544448739911446,5.8087028863328625,0.0,5.544448739911446,0.0
P-direct-none-paired_change,BioMotionLab_NTroje::rub115,43,0.0011574074074074,6.477744774587776,6.281268397417893,0.0,6.477744774587776,0.0
P-direct-none-paired_change,KIT::348,43,0.0046296296296296,6.628467017794884,6.379431362325325,0.0,6.628467017794884,0.0
P-direct-none-paired_change,KIT::6,43,0.0087962962962962,5.977616630632265,5.098839796197789,0.0,5.977616630632265,0.0
I-initialized-none-base,BioMotionLab_NTroje::rub002,17,0.0,7.219859227592887,6.579815849521189,0.0,7.219859227592887,0.0
I-initialized-none-base,BioMotionLab_NTroje::rub023,17,0.0,7.0639994139656705,6.155697267831708,0.0,7.0639994139656705,0.0
I-initialized-none-base,BioMotionLab_NTroje::rub044,17,0.0023148148148148,6.563062586916598,5.808909372750463,0.0,6.563062586916598,0.0
I-initialized-none-base,BioMotionLab_NTroje::rub053,17,0.0,6.225401993579981,5.020785727676933,0.0,6.225401993579981,0.0
I-initialized-none-base,BioMotionLab_NTroje::rub054,17,0.000514403292181,6.478761910656638,5.706169784632813,0.0,6.478761910656638,0.0
I-initialized-none-base,BioMotionLab_NTroje::rub070,17,0.0108989197530864,6.429224041327979,5.723260398591938,0.0,6.429224041327979,0.0
I-initialized-none-base,BioMotionLab_NTroje::rub072,17,0.0005787037037037,5.815331803805579,5.153705420205965,0.0,5.815331803805579,0.0
I-initialized-none-base,BioMotionLab_NTroje::rub075,17,0.0138888888888888,7.151215216840225,6.148515153692354,0.0,7.151215216840225,0.0
I-initialized-none-base,BioMotionLab_NTroje::rub086,17,0.0023148148148148,6.65793907976903,5.830390318391651,0.0,6.65793907976903,0.0
I-initialized-none-base,BioMotionLab_NTroje::rub098,17,0.0,6.218129943444614,5.656121740755744,0.0,6.218129943444614,0.0
I-initialized-none-base,BioMotionLab_NTroje::rub106,17,0.0104166666666666,6.445508366684038,5.8087028863328625,0.0,6.445508366684038,0.0
I-initialized-none-base,BioMotionLab_NTroje::rub115,17,0.0,7.375772800785132,6.281268397417893,0.0,7.375772800785132,0.0
I-initialized-none-base,KIT::348,17,0.0,7.111711423295096,6.379431362325325,0.0,7.111711423295096,0.0
I-initialized-none-base,KIT::6,17,0.0074074074074074,6.506370599141212,5.098839796197789,0.0,6.506370599141212,0.0
I-initialized-none-base,BioMotionLab_NTroje::rub002,29,0.0,7.1316690989143785,6.579815849521189,0.0,7.1316690989143785,0.0
I-initialized-none-base,BioMotionLab_NTroje::rub023,29,0.0,7.032143224920799,6.155697267831708,0.0,7.032143224920799,0.0
I-initialized-none-base,BioMotionLab_NTroje::rub044,29,0.0015432098765432,6.6295705144015,5.808909372750463,0.0,6.6295705144015,0.0
I-initialized-none-base,BioMotionLab_NTroje::rub053,29,0.0,6.279186488700011,5.020785727676933,0.0,6.279186488700011,0.0
I-initialized-none-base,BioMotionLab_NTroje::rub054,29,0.0,6.502912679873365,5.706169784632813,0.0,6.502912679873365,0.0
I-initialized-none-base,BioMotionLab_NTroje::rub070,29,0.0179398148148148,6.409055687219682,5.723260398591938,0.0,6.409055687219682,0.0
I-initialized-none-base,BioMotionLab_NTroje::rub072,29,0.0014467592592592,5.845173742259431,5.153705420205965,0.0,5.845173742259431,0.0
I-initialized-none-base,BioMotionLab_NTroje::rub075,29,0.0173611111111111,7.036462483922648,6.148515153692354,0.0,7.036462483922648,0.0
I-initialized-none-base,BioMotionLab_NTroje::rub086,29,0.0,6.709055316958145,5.830390318391651,0.0,6.709055316958145,0.0
I-initialized-none-base,BioMotionLab_NTroje::rub098,29,0.0009259259259259,6.186407162167282,5.656121740755744,0.0,6.186407162167282,0.0
I-initialized-none-base,BioMotionLab_NTroje::rub106,29,0.0127314814814814,6.407935119871856,5.8087028863328625,0.0,6.407935119871856,0.0
I-initialized-none-base,BioMotionLab_NTroje::rub115,29,0.0,7.397716470146045,6.281268397417893,0.0,7.397716470146045,0.0
I-initialized-none-base,KIT::348,29,0.0,7.081876998020123,6.379431362325325,0.0,7.081876998020123,0.0
I-initialized-none-base,KIT::6,29,0.0046296296296296,6.402996841443326,5.098839796197789,0.0,6.402996841443326,0.0
I-initialized-none-base,BioMotionLab_NTroje::rub002,43,0.0,7.200305984534093,6.579815849521189,0.0,7.200305984534093,0.0
I-initialized-none-base,BioMotionLab_NTroje::rub023,43,0.0,7.0545265811186315,6.155697267831708,0.0,7.0545265811186315,0.0
I-initialized-none-base,BioMotionLab_NTroje::rub044,43,0.0003858024691358,6.619099701398775,5.808909372750463,0.0,6.619099701398775,0.0
I-initialized-none-base,BioMotionLab_NTroje::rub053,43,0.0,6.054678511876068,5.020785727676933,0.0,6.054678511876068,0.0
I-initialized-none-base,BioMotionLab_NTroje::rub054,43,0.0,6.416893828575148,5.706169784632813,0.0,6.416893828575148,0.0
I-initialized-none-base,BioMotionLab_NTroje::rub070,43,0.0113811728395061,6.359188839124702,5.723260398591938,0.0,6.359188839124702,0.0
I-initialized-none-base,BioMotionLab_NTroje::rub072,43,0.0,5.682860133814009,5.153705420205965,0.0,5.682860133814009,0.0
I-initialized-none-base,BioMotionLab_NTroje::rub075,43,0.013503086419753,7.157498088305801,6.148515153692354,0.0,7.157498088305801,0.0
I-initialized-none-base,BioMotionLab_NTroje::rub086,43,0.0023148148148148,6.562086458823888,5.830390318391651,0.0,6.562086458823888,0.0
I-initialized-none-base,BioMotionLab_NTroje::rub098,43,0.0040123456790123,6.241079301658074,5.656121740755744,0.0,6.241079301658074,0.0
I-initialized-none-base,BioMotionLab_NTroje::rub106,43,0.0158179012345679,6.3040169289365915,5.8087028863328625,0.0,6.3040169289365915,0.0
I-initialized-none-base,BioMotionLab_NTroje::rub115,43,0.0002893518518518,7.32183246252748,6.281268397417893,0.0,7.32183246252748,0.0
I-initialized-none-base,KIT::348,43,0.0018518518518518,7.330291027496822,6.379431362325325,0.0,7.330291027496822,0.0
I-initialized-none-base,KIT::6,43,0.0083333333333333,6.352462319480582,5.098839796197789,0.0,6.352462319480582,0.0
I-initialized-none-paired_change,BioMotionLab_NTroje::rub002,17,0.0030864197530864,7.039001984964123,6.579815849521189,0.0,7.039001984964123,0.0
I-initialized-none-paired_change,BioMotionLab_NTroje::rub023,17,0.0,6.650980839599197,6.155697267831708,0.0,6.650980839599197,0.0
I-initialized-none-paired_change,BioMotionLab_NTroje::rub044,17,0.0050154320987654,6.3996601191131495,5.808909372750463,0.0,6.3996601191131495,0.0
I-initialized-none-paired_change,BioMotionLab_NTroje::rub053,17,0.0,5.761614689697823,5.020785727676933,0.0,5.761614689697823,0.0
I-initialized-none-paired_change,BioMotionLab_NTroje::rub054,17,0.0,6.097243651961411,5.706169784632813,0.0,6.097243651961411,0.0
I-initialized-none-paired_change,BioMotionLab_NTroje::rub070,17,0.0129243827160493,6.060166147588345,5.723260398591938,0.0,6.060166147588345,0.0
I-initialized-none-paired_change,BioMotionLab_NTroje::rub072,17,0.0017361111111111,5.51033076309011,5.153705420205965,0.0,5.51033076309011,0.0
I-initialized-none-paired_change,BioMotionLab_NTroje::rub075,17,0.0200617283950617,6.7049941817901235,6.148515153692354,0.0,6.7049941817901235,0.0
I-initialized-none-paired_change,BioMotionLab_NTroje::rub086,17,0.0023148148148148,6.334221163463151,5.830390318391651,0.0,6.334221163463151,0.0
I-initialized-none-paired_change,BioMotionLab_NTroje::rub098,17,0.0032407407407407,6.193942953497851,5.656121740755744,0.0,6.193942953497851,0.0
I-initialized-none-paired_change,BioMotionLab_NTroje::rub106,17,0.0146604938271604,6.2458933312376494,5.8087028863328625,0.0,6.2458933312376494,0.0
I-initialized-none-paired_change,BioMotionLab_NTroje::rub115,17,0.0020254629629629,7.107329950700818,6.281268397417893,0.0,7.107329950700818,0.0
I-initialized-none-paired_change,KIT::348,17,0.0,6.8100590195445605,6.379431362325325,0.0,6.8100590195445605,0.0
I-initialized-none-paired_change,KIT::6,17,0.0041666666666666,5.889852047533244,5.098839796197789,0.0,5.889852047533244,0.0
I-initialized-none-paired_change,BioMotionLab_NTroje::rub002,29,0.0,7.165907919880404,6.579815849521189,0.0,7.165907919880404,0.0
I-initialized-none-paired_change,BioMotionLab_NTroje::rub023,29,0.0,6.753358078876505,6.155697267831708,0.0,6.753358078876505,0.0
I-initialized-none-paired_change,BioMotionLab_NTroje::rub044,29,0.0104166666666666,6.607097497071617,5.808909372750463,0.0,6.607097497071617,0.0
I-initialized-none-paired_change,BioMotionLab_NTroje::rub053,29,0.0034722222222222,5.78765102577062,5.020785727676933,0.0,5.78765102577062,0.0
I-initialized-none-paired_change,BioMotionLab_NTroje::rub054,29,0.0015432098765432,6.393864792732589,5.706169784632813,0.0,6.393864792732589,0.0
I-initialized-none-paired_change,BioMotionLab_NTroje::rub070,29,0.013599537037037,6.255217153977803,5.723260398591938,0.0,6.255217153977803,0.0
I-initialized-none-paired_change,BioMotionLab_NTroje::rub072,29,0.0,5.610585995061232,5.153705420205965,0.0,5.610585995061232,0.0
I-initialized-none-paired_change,BioMotionLab_NTroje::rub075,29,0.0258487654320987,6.682753911556813,6.148515153692354,0.0,6.682753911556813,0.0
I-initialized-none-paired_change,BioMotionLab_NTroje::rub086,29,0.005787037037037,6.627566961768349,5.830390318391651,0.0,6.627566961768349,0.0
I-initialized-none-paired_change,BioMotionLab_NTroje::rub098,29,0.0001543209876543,6.144476347851794,5.656121740755744,0.0,6.144476347851794,0.0
I-initialized-none-paired_change,BioMotionLab_NTroje::rub106,29,0.0189043209876543,6.419360106821908,5.8087028863328625,0.0,6.419360106821908,0.0
I-initialized-none-paired_change,BioMotionLab_NTroje::rub115,29,0.0026041666666666,6.946667090911266,6.281268397417893,0.0,6.946667090911266,0.0
I-initialized-none-paired_change,KIT::348,29,0.0,6.40287469214709,6.379431362325325,0.0,6.40287469214709,0.0
I-initialized-none-paired_change,KIT::6,29,0.0027777777777777,5.391634663240117,5.098839796197789,0.0,5.391634663240117,0.0
I-initialized-none-paired_change,BioMotionLab_NTroje::rub002,43,0.0,7.107836753032085,6.579815849521189,0.0,7.107836753032085,0.0
I-initialized-none-paired_change,BioMotionLab_NTroje::rub023,43,0.0,6.695453018693938,6.155697267831708,0.0,6.695453018693938,0.0
I-initialized-none-paired_change,BioMotionLab_NTroje::rub044,43,0.0084876543209876,6.404968372450333,5.808909372750463,0.0,6.404968372450333,0.0
I-initialized-none-paired_change,BioMotionLab_NTroje::rub053,43,0.0,5.8437664723662115,5.020785727676933,0.0,5.8437664723662115,0.0
I-initialized-none-paired_change,BioMotionLab_NTroje::rub054,43,0.0015432098765432,6.402942453721607,5.706169784632813,0.0,6.402942453721607,0.0
I-initialized-none-paired_change,BioMotionLab_NTroje::rub070,43,0.0152391975308641,6.332352312830086,5.723260398591938,0.0,6.332352312830086,0.0
I-initialized-none-paired_change,BioMotionLab_NTroje::rub072,43,0.0043402777777777,5.703706625180354,5.153705420205965,0.0,5.703706625180354,0.0
I-initialized-none-paired_change,BioMotionLab_NTroje::rub075,43,0.0138888888888888,6.756387360418305,6.148515153692354,0.0,6.756387360418305,0.0
I-initialized-none-paired_change,BioMotionLab_NTroje::rub086,43,0.0007716049382716,6.463058034092948,5.830390318391651,0.0,6.463058034092948,0.0
I-initialized-none-paired_change,BioMotionLab_NTroje::rub098,43,0.0013888888888888,6.31106552241055,5.656121740755744,0.0,6.31106552241055,0.0
I-initialized-none-paired_change,BioMotionLab_NTroje::rub106,43,0.0111882716049382,6.397072685754154,5.8087028863328625,0.0,6.397072685754154,0.0
I-initialized-none-paired_change,BioMotionLab_NTroje::rub115,43,0.0,7.158694930973316,6.281268397417893,0.0,7.158694930973316,0.0
I-initialized-none-paired_change,KIT::348,43,0.0055555555555555,6.667452175415077,6.379431362325325,0.0,6.667452175415077,0.0
I-initialized-none-paired_change,KIT::6,43,0.0037037037037037,5.719440270885654,5.098839796197789,0.0,5.719440270885654,0.0
I-shuffled_jepa-graph_time-base,BioMotionLab_NTroje::rub002,17,0.0,7.190550472294813,6.579815849521189,0.0,7.190550472294813,0.0
I-shuffled_jepa-graph_time-base,BioMotionLab_NTroje::rub023,17,0.0,6.998415528661175,6.155697267831708,0.0,6.998415528661175,0.0
I-shuffled_jepa-graph_time-base,BioMotionLab_NTroje::rub044,17,0.0054012345679012,6.5576584072598445,5.808909372750463,0.0,6.5576584072598445,0.0
I-shuffled_jepa-graph_time-base,BioMotionLab_NTroje::rub053,17,0.0011574074074074,6.099428428177761,5.020785727676933,0.0,6.099428428177761,0.0
I-shuffled_jepa-graph_time-base,BioMotionLab_NTroje::rub054,17,0.0,6.366968164625081,5.706169784632813,0.0,6.366968164625081,0.0
I-shuffled_jepa-graph_time-base,BioMotionLab_NTroje::rub070,17,0.0061728395061728,6.445379528807747,5.723260398591938,0.0,6.445379528807747,0.0
I-shuffled_jepa-graph_time-base,BioMotionLab_NTroje::rub072,17,0.003761574074074,5.75208672510471,5.153705420205965,0.0,5.75208672510471,0.0
I-shuffled_jepa-graph_time-base,BioMotionLab_NTroje::rub075,17,0.015432098765432,7.03056295448928,6.148515153692354,0.0,7.03056295448928,0.0
I-shuffled_jepa-graph_time-base,BioMotionLab_NTroje::rub086,17,0.0011574074074074,6.733988264024908,5.830390318391651,0.0,6.733988264024908,0.0
I-shuffled_jepa-graph_time-base,BioMotionLab_NTroje::rub098,17,0.0066358024691358,6.331309303668773,5.656121740755744,0.0,6.331309303668773,0.0
I-shuffled_jepa-graph_time-base,BioMotionLab_NTroje::rub106,17,0.0100308641975308,6.4775767249538,5.8087028863328625,0.0,6.4775767249538,0.0
I-shuffled_jepa-graph_time-base,BioMotionLab_NTroje::rub115,17,0.0026041666666666,7.310149984118782,6.281268397417893,0.0,7.310149984118782,0.0
I-shuffled_jepa-graph_time-base,KIT::348,17,0.0,7.097185746962561,6.379431362325325,0.0,7.097185746962561,0.0
I-shuffled_jepa-graph_time-base,KIT::6,17,0.0041666666666666,6.357786617579251,5.098839796197789,0.0,6.357786617579251,0.0
I-shuffled_jepa-graph_time-base,BioMotionLab_NTroje::rub002,29,0.0,6.998086050460164,6.579815849521189,0.0,6.998086050460164,0.0
I-shuffled_jepa-graph_time-base,BioMotionLab_NTroje::rub023,29,0.0003086419753086,6.982403589924229,6.155697267831708,0.0,6.982403589924229,0.0
I-shuffled_jepa-graph_time-base,BioMotionLab_NTroje::rub044,29,0.0003858024691358,6.60822796571194,5.808909372750463,0.0,6.60822796571194,0.0
I-shuffled_jepa-graph_time-base,BioMotionLab_NTroje::rub053,29,0.001929012345679,6.106560727669458,5.020785727676933,0.0,6.106560727669458,0.0
I-shuffled_jepa-graph_time-base,BioMotionLab_NTroje::rub054,29,0.0,6.414630927205724,5.706169784632813,0.0,6.414630927205724,0.0
I-shuffled_jepa-graph_time-base,BioMotionLab_NTroje::rub070,29,0.0129243827160493,6.3778746799988175,5.723260398591938,0.0,6.3778746799988175,0.0
I-shuffled_jepa-graph_time-base,BioMotionLab_NTroje::rub072,29,0.0026041666666666,5.66206174204391,5.153705420205965,0.0,5.66206174204391,0.0
I-shuffled_jepa-graph_time-base,BioMotionLab_NTroje::rub075,29,0.0192901234567901,7.0136886555157405,6.148515153692354,0.0,7.0136886555157405,0.0
I-shuffled_jepa-graph_time-base,BioMotionLab_NTroje::rub086,29,0.0007716049382716,6.637719854403898,5.830390318391651,0.0,6.637719854403898,0.0
I-shuffled_jepa-graph_time-base,BioMotionLab_NTroje::rub098,29,0.0055555555555555,6.098512669392553,5.656121740755744,0.0,6.098512669392553,0.0
I-shuffled_jepa-graph_time-base,BioMotionLab_NTroje::rub106,29,0.0069444444444444,6.506567184577385,5.8087028863328625,0.0,6.506567184577385,0.0
I-shuffled_jepa-graph_time-base,BioMotionLab_NTroje::rub115,29,0.0028935185185185,7.173117783907497,6.281268397417893,0.0,7.173117783907497,0.0
I-shuffled_jepa-graph_time-base,KIT::348,29,0.0,7.249049543559688,6.379431362325325,0.0,7.249049543559688,0.0
I-shuffled_jepa-graph_time-base,KIT::6,29,0.0027777777777777,6.234312458153975,5.098839796197789,0.0,6.234312458153975,0.0
I-shuffled_jepa-graph_time-base,BioMotionLab_NTroje::rub002,43,0.0,6.863560984572568,6.579815849521189,0.0,6.863560984572568,0.0
I-shuffled_jepa-graph_time-base,BioMotionLab_NTroje::rub023,43,0.0,6.985332992052411,6.155697267831708,0.0,6.985332992052411,0.0
I-shuffled_jepa-graph_time-base,BioMotionLab_NTroje::rub044,43,0.0015432098765432,6.489550338933046,5.808909372750463,0.0,6.489550338933046,0.0
I-shuffled_jepa-graph_time-base,BioMotionLab_NTroje::rub053,43,0.0,5.725079512567278,5.020785727676933,0.0,5.725079512567278,0.0
I-shuffled_jepa-graph_time-base,BioMotionLab_NTroje::rub054,43,0.0,6.330191398717905,5.706169784632813,0.0,6.330191398717905,0.0
I-shuffled_jepa-graph_time-base,BioMotionLab_NTroje::rub070,43,0.0140817901234567,6.189134896320692,5.723260398591938,0.0,6.189134896320692,0.0
I-shuffled_jepa-graph_time-base,BioMotionLab_NTroje::rub072,43,0.0002893518518518,5.5675941932695885,5.153705420205965,0.0,5.5675941932695885,0.0
I-shuffled_jepa-graph_time-base,BioMotionLab_NTroje::rub075,43,0.0162037037037037,6.8263567622786505,6.148515153692354,0.0,6.8263567622786505,0.0
I-shuffled_jepa-graph_time-base,BioMotionLab_NTroje::rub086,43,0.0011574074074074,6.449136280651082,5.830390318391651,0.0,6.449136280651082,0.0
I-shuffled_jepa-graph_time-base,BioMotionLab_NTroje::rub098,43,0.0024691358024691,5.9543563255137055,5.656121740755744,0.0,5.9543563255137055,0.0
I-shuffled_jepa-graph_time-base,BioMotionLab_NTroje::rub106,43,0.0131172839506172,6.345621111461327,5.8087028863328625,0.0,6.345621111461327,0.0
I-shuffled_jepa-graph_time-base,BioMotionLab_NTroje::rub115,43,0.0014467592592592,7.194489037010803,6.281268397417893,0.0,7.194489037010803,0.0
I-shuffled_jepa-graph_time-base,KIT::348,43,0.0,6.845813136803787,6.379431362325325,0.0,6.845813136803787,0.0
I-shuffled_jepa-graph_time-base,KIT::6,43,0.0004629629629629,6.065492829821926,5.098839796197789,0.0,6.065492829821926,0.0
I-shuffled_jepa-graph_time-paired_change,BioMotionLab_NTroje::rub002,17,0.0023148148148148,6.7412131699179625,6.579815849521189,0.0,6.7412131699179625,0.0
I-shuffled_jepa-graph_time-paired_change,BioMotionLab_NTroje::rub023,17,0.0006172839506172,6.762560972972395,6.155697267831708,0.0,6.762560972972395,0.0
I-shuffled_jepa-graph_time-paired_change,BioMotionLab_NTroje::rub044,17,0.0064814814814814,6.301670479567431,5.808909372750463,0.0,6.301670479567431,0.0
I-shuffled_jepa-graph_time-paired_change,BioMotionLab_NTroje::rub053,17,0.0,5.764377648461252,5.020785727676933,0.0,5.764377648461252,0.0
I-shuffled_jepa-graph_time-paired_change,BioMotionLab_NTroje::rub054,17,0.0,6.38293254525511,5.706169784632813,0.0,6.38293254525511,0.0
I-shuffled_jepa-graph_time-paired_change,BioMotionLab_NTroje::rub070,17,0.0151427469135802,5.841114476306053,5.723260398591938,0.0,5.841114476306053,0.0
I-shuffled_jepa-graph_time-paired_change,BioMotionLab_NTroje::rub072,17,0.0017361111111111,5.50153170783567,5.153705420205965,0.0,5.50153170783567,0.0
I-shuffled_jepa-graph_time-paired_change,BioMotionLab_NTroje::rub075,17,0.0293209876543209,6.6329592901634,6.148515153692354,0.0,6.6329592901634,0.0
I-shuffled_jepa-graph_time-paired_change,BioMotionLab_NTroje::rub086,17,0.0007716049382716,6.332805632683878,5.830390318391651,0.0,6.332805632683878,0.0
I-shuffled_jepa-graph_time-paired_change,BioMotionLab_NTroje::rub098,17,0.0046296296296296,6.0413387125376445,5.656121740755744,0.0,6.0413387125376445,0.0
I-shuffled_jepa-graph_time-paired_change,BioMotionLab_NTroje::rub106,17,0.0088734567901234,6.362912736937201,5.8087028863328625,0.0,6.362912736937201,0.0
I-shuffled_jepa-graph_time-paired_change,BioMotionLab_NTroje::rub115,17,0.0031828703703703,6.951596831207823,6.281268397417893,0.0,6.951596831207823,0.0
I-shuffled_jepa-graph_time-paired_change,KIT::348,17,0.0,6.786120574733376,6.379431362325325,0.0,6.786120574733376,0.0
I-shuffled_jepa-graph_time-paired_change,KIT::6,17,0.0018518518518518,5.647100690006992,5.098839796197789,0.0,5.647100690006992,0.0
I-shuffled_jepa-graph_time-paired_change,BioMotionLab_NTroje::rub002,29,0.0,7.060970824287213,6.579815849521189,0.0,7.060970824287213,0.0
I-shuffled_jepa-graph_time-paired_change,BioMotionLab_NTroje::rub023,29,0.0,6.685029326610964,6.155697267831708,0.0,6.685029326610964,0.0
I-shuffled_jepa-graph_time-paired_change,BioMotionLab_NTroje::rub044,29,0.0054012345679012,6.382092773454631,5.808909372750463,0.0,6.382092773454631,0.0
I-shuffled_jepa-graph_time-paired_change,BioMotionLab_NTroje::rub053,29,0.0254629629629629,5.848584532959262,5.020785727676933,0.0,5.848584532959262,0.0
I-shuffled_jepa-graph_time-paired_change,BioMotionLab_NTroje::rub054,29,0.0046296296296296,6.199492844430222,5.706169784632813,0.0,6.199492844430222,0.0
I-shuffled_jepa-graph_time-paired_change,BioMotionLab_NTroje::rub070,29,0.0189043209876543,6.1409277015913215,5.723260398591938,0.0,6.1409277015913215,0.0
I-shuffled_jepa-graph_time-paired_change,BioMotionLab_NTroje::rub072,29,0.0054976851851851,5.4202417187083825,5.153705420205965,0.0,5.4202417187083825,0.0
I-shuffled_jepa-graph_time-paired_change,BioMotionLab_NTroje::rub075,29,0.0235339506172839,6.457320253142606,6.148515153692354,0.0,6.457320253142606,0.0
I-shuffled_jepa-graph_time-paired_change,BioMotionLab_NTroje::rub086,29,0.0069444444444444,6.415800265563185,5.830390318391651,0.0,6.415800265563185,0.0
I-shuffled_jepa-graph_time-paired_change,BioMotionLab_NTroje::rub098,29,0.0146604938271604,5.825169765338693,5.656121740755744,0.0,5.825169765338693,0.0
I-shuffled_jepa-graph_time-paired_change,BioMotionLab_NTroje::rub106,29,0.0150462962962962,6.192488252099902,5.8087028863328625,0.0,6.192488252099902,0.0
I-shuffled_jepa-graph_time-paired_change,BioMotionLab_NTroje::rub115,29,0.003761574074074,6.8224019290812095,6.281268397417893,0.0,6.8224019290812095,0.0
I-shuffled_jepa-graph_time-paired_change,KIT::348,29,0.0018518518518518,6.653913866863815,6.379431362325325,0.0,6.653913866863815,0.0
I-shuffled_jepa-graph_time-paired_change,KIT::6,29,0.0254629629629629,6.165324788024125,5.098839796197789,0.0,6.165324788024125,0.0
I-shuffled_jepa-graph_time-paired_change,BioMotionLab_NTroje::rub002,43,0.0,6.992774309742835,6.579815849521189,0.0,6.992774309742835,0.0
I-shuffled_jepa-graph_time-paired_change,BioMotionLab_NTroje::rub023,43,0.0,6.775697025432082,6.155697267831708,0.0,6.775697025432082,0.0
I-shuffled_jepa-graph_time-paired_change,BioMotionLab_NTroje::rub044,43,0.0091049382716049,6.498492034746767,5.808909372750463,0.0,6.498492034746767,0.0
I-shuffled_jepa-graph_time-paired_change,BioMotionLab_NTroje::rub053,43,0.0046296296296296,5.620941233869737,5.020785727676933,0.0,5.620941233869737,0.0
I-shuffled_jepa-graph_time-paired_change,BioMotionLab_NTroje::rub054,43,0.0015432098765432,6.238011366582554,5.706169784632813,0.0,6.238011366582554,0.0
I-shuffled_jepa-graph_time-paired_change,BioMotionLab_NTroje::rub070,43,0.0192901234567901,5.990119513600608,5.723260398591938,0.0,5.990119513600608,0.0
I-shuffled_jepa-graph_time-paired_change,BioMotionLab_NTroje::rub072,43,0.0011574074074074,5.486953304883414,5.153705420205965,0.0,5.486953304883414,0.0
I-shuffled_jepa-graph_time-paired_change,BioMotionLab_NTroje::rub075,43,0.0235339506172839,6.602649574040195,6.148515153692354,0.0,6.602649574040195,0.0
I-shuffled_jepa-graph_time-paired_change,BioMotionLab_NTroje::rub086,43,0.005787037037037,6.482161071744312,5.830390318391651,0.0,6.482161071744312,0.0
I-shuffled_jepa-graph_time-paired_change,BioMotionLab_NTroje::rub098,43,0.0016975308641975,6.139899709645929,5.656121740755744,0.0,6.139899709645929,0.0
I-shuffled_jepa-graph_time-paired_change,BioMotionLab_NTroje::rub106,43,0.0177469135802469,6.42668525213078,5.8087028863328625,0.0,6.42668525213078,0.0
I-shuffled_jepa-graph_time-paired_change,BioMotionLab_NTroje::rub115,43,0.0,6.917566975989933,6.281268397417893,0.0,6.917566975989933,0.0
I-shuffled_jepa-graph_time-paired_change,KIT::348,43,0.0,6.93927805637226,6.379431362325325,0.0,6.93927805637226,0.0
I-shuffled_jepa-graph_time-paired_change,KIT::6,43,0.0060185185185185,5.9613983312433065,5.098839796197789,0.0,5.9613983312433065,0.0
F-response-jepa_delta_v1-graph_time-paired_change,BioMotionLab_NTroje::rub002,17,0.0092592592592592,6.873976960022829,6.579815849521189,180.0,8.540643626689485,1.6666666666666559
F-response-jepa_delta_v1-graph_time-paired_change,BioMotionLab_NTroje::rub023,17,0.0021604938271604,6.6674993206702595,6.155697267831708,180.0,7.056388209559131,0.38888888888887196
F-response-jepa_delta_v1-graph_time-paired_change,BioMotionLab_NTroje::rub044,17,0.003858024691358,6.295768175967559,5.808909372750463,180.0,6.990212620412,0.69444444444444
F-response-jepa_delta_v1-graph_time-paired_change,BioMotionLab_NTroje::rub053,17,0.0,5.7787748991924,5.020785727676933,180.0,5.7787748991924,0.0
F-response-jepa_delta_v1-graph_time-paired_change,BioMotionLab_NTroje::rub054,17,0.0,6.038336261860807,5.706169784632813,180.0,6.038336261860807,0.0
F-response-jepa_delta_v1-graph_time-paired_change,BioMotionLab_NTroje::rub070,17,0.0120563271604938,6.026687962037594,5.723260398591938,180.0,8.196826850926477,2.170138888888884
F-response-jepa_delta_v1-graph_time-paired_change,BioMotionLab_NTroje::rub072,17,0.0008680555555555,5.553858237572246,5.153705420205965,180.0,5.7101082375722365,0.15624999999999
F-response-jepa_delta_v1-graph_time-paired_change,BioMotionLab_NTroje::rub075,17,0.013503086419753,6.635908646935852,6.148515153692354,180.0,9.066464202491392,2.4305555555555403
F-response-jepa_delta_v1-graph_time-paired_change,BioMotionLab_NTroje::rub086,17,0.0015432098765432,6.383762560462331,5.830390318391651,180.0,6.661540338240107,0.277777777777776
F-response-jepa_delta_v1-graph_time-paired_change,BioMotionLab_NTroje::rub098,17,0.0023148148148148,5.909105631645247,5.656121740755744,180.0,6.325772298311911,0.41666666666666397
F-response-jepa_delta_v1-graph_time-paired_change,BioMotionLab_NTroje::rub106,17,0.0088734567901234,6.256673814959807,5.8087028863328625,180.0,7.85389603718202,1.597222222222212
F-response-jepa_delta_v1-graph_time-paired_change,BioMotionLab_NTroje::rub115,17,0.0002893518518518,6.837762728661996,6.281268397417893,180.0,6.88984606199532,0.052083333333324
F-response-jepa_delta_v1-graph_time-paired_change,KIT::348,17,0.0,6.4320839627011805,6.379431362325325,180.0,6.4320839627011805,0.0
F-response-jepa_delta_v1-graph_time-paired_change,KIT::6,17,0.0083333333333333,5.588784320162324,5.098839796197789,180.0,7.0887843201623175,1.499999999999994
F-response-jepa_delta_v1-graph_time-paired_change,BioMotionLab_NTroje::rub002,29,0.0046296296296296,6.806497902566633,6.579815849521189,180.0,7.639831235899961,0.8333333333333279
F-response-jepa_delta_v1-graph_time-paired_change,BioMotionLab_NTroje::rub023,29,0.0018518518518518,6.499086207193159,6.155697267831708,180.0,6.832419540526483,0.33333333333332404
F-response-jepa_delta_v1-graph_time-paired_change,BioMotionLab_NTroje::rub044,29,0.0046296296296296,6.175238014073574,5.808909372750463,180.0,7.008571347406901,0.8333333333333279
F-response-jepa_delta_v1-graph_time-paired_change,BioMotionLab_NTroje::rub053,29,0.0034722222222222,5.460827545249348,5.020785727676933,180.0,6.085827545249344,0.624999999999996
F-response-jepa_delta_v1-graph_time-paired_change,BioMotionLab_NTroje::rub054,29,0.0015432098765432,5.9240076751332,5.706169784632813,180.0,6.2017854529109755,0.277777777777776
F-response-jepa_delta_v1-graph_time-paired_change,BioMotionLab_NTroje::rub070,29,0.0094521604938271,5.877924987512333,5.723260398591938,180.0,7.579313876401211,1.701388888888878
F-response-jepa_delta_v1-graph_time-paired_change,BioMotionLab_NTroje::rub072,29,0.0005787037037037,5.392552851847604,5.153705420205965,180.0,5.49671951851427,0.10416666666666599
F-response-jepa_delta_v1-graph_time-paired_change,BioMotionLab_NTroje::rub075,29,0.0289351851851851,6.366617905830922,6.148515153692354,180.0,11.574951239164239,5.208333333333318
F-response-jepa_delta_v1-graph_time-paired_change,BioMotionLab_NTroje::rub086,29,0.0034722222222222,6.155177720338858,5.830390318391651,180.0,6.780177720338854,0.624999999999996
F-response-jepa_delta_v1-graph_time-paired_change,BioMotionLab_NTroje::rub098,29,0.0041666666666666,5.84297071652892,5.656121740755744,180.0,6.592970716528908,0.749999999999988
F-response-jepa_delta_v1-graph_time-paired_change,BioMotionLab_NTroje::rub106,29,0.0092592592592592,6.140233307128258,5.8087028863328625,180.0,7.8068999737949145,1.6666666666666559
F-response-jepa_delta_v1-graph_time-paired_change,BioMotionLab_NTroje::rub115,29,0.0034722222222222,6.72890742991393,6.281268397417893,180.0,7.353907429913926,0.624999999999996
F-response-jepa_delta_v1-graph_time-paired_change,KIT::348,29,0.0037037037037037,6.484276966866257,6.379431362325325,180.0,7.150943633532923,0.666666666666666
F-response-jepa_delta_v1-graph_time-paired_change,KIT::6,29,0.0097222222222222,5.2851000564478365,5.098839796197789,180.0,7.035100056447833,1.749999999999996
F-response-jepa_delta_v1-graph_time-paired_change,BioMotionLab_NTroje::rub002,43,0.0046296296296296,6.964704086691653,6.579815849521189,180.0,7.798037420024981,0.8333333333333279
F-response-jepa_delta_v1-graph_time-paired_change,BioMotionLab_NTroje::rub023,43,0.0,6.709307401610244,6.155697267831708,180.0,6.709307401610244,0.0
F-response-jepa_delta_v1-graph_time-paired_change,BioMotionLab_NTroje::rub044,43,0.0050154320987654,6.2471692573360516,5.808909372750463,180.0,7.149947035113824,0.9027777777777719
F-response-jepa_delta_v1-graph_time-paired_change,BioMotionLab_NTroje::rub053,43,0.0,5.769251800021138,5.020785727676933,180.0,5.769251800021138,0.0
F-response-jepa_delta_v1-graph_time-paired_change,BioMotionLab_NTroje::rub054,43,0.0,6.219758985887315,5.706169784632813,180.0,6.219758985887315,0.0
F-response-jepa_delta_v1-graph_time-paired_change,BioMotionLab_NTroje::rub070,43,0.0109953703703703,6.009078242364411,5.723260398591938,180.0,7.9882449090310645,1.9791666666666539
F-response-jepa_delta_v1-graph_time-paired_change,BioMotionLab_NTroje::rub072,43,0.0026041666666666,5.454360383273547,5.153705420205965,180.0,5.923110383273535,0.468749999999988
F-response-jepa_delta_v1-graph_time-paired_change,BioMotionLab_NTroje::rub075,43,0.0192901234567901,6.644320937534521,6.148515153692354,180.0,10.11654315975674,3.4722222222222183
F-response-jepa_delta_v1-graph_time-paired_change,BioMotionLab_NTroje::rub086,43,0.0027006172839506,6.475114542849831,5.830390318391651,180.0,6.961225653960939,0.48611111111110794
F-response-jepa_delta_v1-graph_time-paired_change,BioMotionLab_NTroje::rub098,43,0.0015432098765432,5.863074749648957,5.656121740755744,180.0,6.140852527426733,0.277777777777776
F-response-jepa_delta_v1-graph_time-paired_change,BioMotionLab_NTroje::rub106,43,0.0142746913580246,6.305621963656296,5.8087028863328625,180.0,8.875066408100723,2.569444444444428
F-response-jepa_delta_v1-graph_time-paired_change,BioMotionLab_NTroje::rub115,43,0.0,6.932267489219835,6.281268397417893,180.0,6.932267489219835,0.0
F-response-jepa_delta_v1-graph_time-paired_change,KIT::348,43,0.0,6.871503114620087,6.379431362325325,180.0,6.871503114620087,0.0
F-response-jepa_delta_v1-graph_time-paired_change,KIT::6,43,0.0074074074074074,5.91908349565211,5.098839796197789,180.0,7.252416828985442,1.333333333333332
F-response-jepa_endpoint_v1-graph_time-paired_change,BioMotionLab_NTroje::rub002,17,0.0,7.171179693955793,6.579815849521189,180.0,7.171179693955793,0.0
F-response-jepa_endpoint_v1-graph_time-paired_change,BioMotionLab_NTroje::rub023,17,0.0006172839506172,6.604996333149602,6.155697267831708,180.0,6.716107444260698,0.111111111111096
F-response-jepa_endpoint_v1-graph_time-paired_change,BioMotionLab_NTroje::rub044,17,0.0069444444444444,6.4200616172576686,5.808909372750463,180.0,7.670061617257661,1.249999999999992
F-response-jepa_endpoint_v1-graph_time-paired_change,BioMotionLab_NTroje::rub053,17,0.0,5.915607001644844,5.020785727676933,180.0,5.915607001644844,0.0
F-response-jepa_endpoint_v1-graph_time-paired_change,BioMotionLab_NTroje::rub054,17,0.0030864197530864,6.250381324224182,5.706169784632813,180.0,6.8059368797797335,0.555555555555552
F-response-jepa_endpoint_v1-graph_time-paired_change,BioMotionLab_NTroje::rub070,17,0.0130208333333333,5.915864617332717,5.723260398591938,180.0,8.259614617332712,2.343749999999994
F-response-jepa_endpoint_v1-graph_time-paired_change,BioMotionLab_NTroje::rub072,17,0.0011574074074074,5.582798787657271,5.153705420205965,180.0,5.7911321209906035,0.20833333333333198
F-response-jepa_endpoint_v1-graph_time-paired_change,BioMotionLab_NTroje::rub075,17,0.0212191358024691,6.574811003763735,6.148515153692354,180.0,10.394255448208174,3.8194444444444384
F-response-jepa_endpoint_v1-graph_time-paired_change,BioMotionLab_NTroje::rub086,17,0.0034722222222222,6.44618695218636,5.830390318391651,180.0,7.0711869521863555,0.624999999999996
F-response-jepa_endpoint_v1-graph_time-paired_change,BioMotionLab_NTroje::rub098,17,0.0023148148148148,5.8869020403484535,5.656121740755744,180.0,6.303568707015118,0.41666666666666397
F-response-jepa_endpoint_v1-graph_time-paired_change,BioMotionLab_NTroje::rub106,17,0.0185185185185185,6.34077924636221,5.8087028863328625,180.0,9.67411257969554,3.33333333333333
F-response-jepa_endpoint_v1-graph_time-paired_change,BioMotionLab_NTroje::rub115,17,0.0002893518518518,6.912868684304989,6.281268397417893,180.0,6.964952017638313,0.052083333333324
F-response-jepa_endpoint_v1-graph_time-paired_change,KIT::348,17,0.0,6.307174266693523,6.379431362325325,180.0,6.307174266693523,0.0
F-response-jepa_endpoint_v1-graph_time-paired_change,KIT::6,17,0.0064814814814814,5.324645760405953,5.098839796197789,180.0,6.491312427072605,1.1666666666666519
F-response-jepa_endpoint_v1-graph_time-paired_change,BioMotionLab_NTroje::rub002,29,0.0,6.8429293175158605,6.579815849521189,180.0,6.8429293175158605,0.0
F-response-jepa_endpoint_v1-graph_time-paired_change,BioMotionLab_NTroje::rub023,29,0.0,6.703238093165235,6.155697267831708,180.0,6.703238093165235,0.0
F-response-jepa_endpoint_v1-graph_time-paired_change,BioMotionLab_NTroje::rub044,29,0.0104166666666666,6.397228646935335,5.808909372750463,180.0,8.272228646935323,1.874999999999988
F-response-jepa_endpoint_v1-graph_time-paired_change,BioMotionLab_NTroje::rub053,29,0.0,5.884483351060172,5.020785727676933,180.0,5.884483351060172,0.0
F-response-jepa_endpoint_v1-graph_time-paired_change,BioMotionLab_NTroje::rub054,29,0.000514403292181,6.222569706719116,5.706169784632813,180.0,6.315162299311696,0.09259259259257999
F-response-jepa_endpoint_v1-graph_time-paired_change,BioMotionLab_NTroje::rub070,29,0.0168788580246913,6.362683671103908,5.723260398591938,180.0,9.400878115548341,3.038194444444434
F-response-jepa_endpoint_v1-graph_time-paired_change,BioMotionLab_NTroje::rub072,29,0.0046296296296296,5.580974107973965,5.153705420205965,180.0,6.414307441307293,0.8333333333333279
F-response-jepa_endpoint_v1-graph_time-paired_change,BioMotionLab_NTroje::rub075,29,0.013503086419753,6.879987835170565,6.148515153692354,180.0,9.310543390726105,2.4305555555555403
F-response-jepa_endpoint_v1-graph_time-paired_change,BioMotionLab_NTroje::rub086,29,0.0034722222222222,6.228635688560243,5.830390318391651,180.0,6.853635688560239,0.624999999999996
F-response-jepa_endpoint_v1-graph_time-paired_change,BioMotionLab_NTroje::rub098,29,0.0055555555555555,6.0200859524501285,5.656121740755744,180.0,7.020085952450119,0.99999999999999
F-response-jepa_endpoint_v1-graph_time-paired_change,BioMotionLab_NTroje::rub106,29,0.0204475308641975,6.309781198899014,5.8087028863328625,180.0,9.990336754454564,3.68055555555555
F-response-jepa_endpoint_v1-graph_time-paired_change,BioMotionLab_NTroje::rub115,29,0.0008680555555555,7.037429010741072,6.281268397417893,180.0,7.193679010741063,0.15624999999999
F-response-jepa_endpoint_v1-graph_time-paired_change,KIT::348,29,0.0027777777777777,6.597759291879972,6.379431362325325,180.0,7.0977592918799575,0.49999999999998596
F-response-jepa_endpoint_v1-graph_time-paired_change,KIT::6,29,0.0018518518518518,5.709007983624236,5.098839796197789,180.0,6.04234131695756,0.33333333333332404
F-response-jepa_endpoint_v1-graph_time-paired_change,BioMotionLab_NTroje::rub002,43,0.0,7.033561672285537,6.579815849521189,180.0,7.033561672285537,0.0
F-response-jepa_endpoint_v1-graph_time-paired_change,BioMotionLab_NTroje::rub023,43,0.0003086419753086,6.663054419154025,6.155697267831708,180.0,6.718609974709573,0.055555555555548
F-response-jepa_endpoint_v1-graph_time-paired_change,BioMotionLab_NTroje::rub044,43,0.0108024691358024,6.310830048750695,5.808909372750463,180.0,8.255274493195127,1.9444444444444318
F-response-jepa_endpoint_v1-graph_time-paired_change,BioMotionLab_NTroje::rub053,43,0.0015432098765432,5.747868493842263,5.020785727676933,180.0,6.0256462716200385,0.277777777777776
F-response-jepa_endpoint_v1-graph_time-paired_change,BioMotionLab_NTroje::rub054,43,0.0030864197530864,6.100065827896863,5.706169784632813,180.0,6.655621383452415,0.555555555555552
F-response-jepa_endpoint_v1-graph_time-paired_change,BioMotionLab_NTroje::rub070,43,0.0110918209876543,6.158958758465182,5.723260398591938,180.0,8.155486536242957,1.9965277777777741
F-response-jepa_endpoint_v1-graph_time-paired_change,BioMotionLab_NTroje::rub072,43,0.0002893518518518,5.4768355620156015,5.153705420205965,180.0,5.528918895348926,0.052083333333324
F-response-jepa_endpoint_v1-graph_time-paired_change,BioMotionLab_NTroje::rub075,43,0.0246913580246913,6.667265021661173,6.148515153692354,180.0,11.111709466105607,4.444444444444434
F-response-jepa_endpoint_v1-graph_time-paired_change,BioMotionLab_NTroje::rub086,43,0.0011574074074074,6.321813536982575,5.830390318391651,180.0,6.530146870315908,0.20833333333333198
F-response-jepa_endpoint_v1-graph_time-paired_change,BioMotionLab_NTroje::rub098,43,0.0015432098765432,6.145922201708034,5.656121740755744,180.0,6.42369997948581,0.277777777777776
F-response-jepa_endpoint_v1-graph_time-paired_change,BioMotionLab_NTroje::rub106,43,0.0142746913580246,6.3867504636910155,5.8087028863328625,180.0,8.956194908135444,2.569444444444428
F-response-jepa_endpoint_v1-graph_time-paired_change,BioMotionLab_NTroje::rub115,43,0.0,6.834217083083749,6.281268397417893,180.0,6.834217083083749,0.0
F-response-jepa_endpoint_v1-graph_time-paired_change,KIT::348,43,0.0027777777777777,6.867210513154298,6.379431362325325,180.0,7.3672105131542835,0.49999999999998596
F-response-jepa_endpoint_v1-graph_time-paired_change,KIT::6,43,0.0069444444444444,5.705491239974473,5.098839796197789,180.0,6.955491239974465,1.249999999999992
F-response-coordinate_delta_v1-graph_time-paired_change,BioMotionLab_NTroje::rub002,17,0.0,7.01203960531847,6.579815849521189,180.0,7.01203960531847,0.0
F-response-coordinate_delta_v1-graph_time-paired_change,BioMotionLab_NTroje::rub023,17,0.0320987654320987,6.2688367564253245,6.155697267831708,180.0,12.04661453420309,5.777777777777766
F-response-coordinate_delta_v1-graph_time-paired_change,BioMotionLab_NTroje::rub044,17,0.0182098765432098,5.98275535336775,5.808909372750463,180.0,9.260533131145515,3.277777777777764
F-response-coordinate_delta_v1-graph_time-paired_change,BioMotionLab_NTroje::rub053,17,0.0042438271604938,5.545538682726742,5.020785727676933,180.0,6.309427571615626,0.763888888888884
F-response-coordinate_delta_v1-graph_time-paired_change,BioMotionLab_NTroje::rub054,17,0.0030864197530864,5.886420125769139,5.706169784632813,180.0,6.441975681324691,0.555555555555552
F-response-coordinate_delta_v1-graph_time-paired_change,BioMotionLab_NTroje::rub070,17,0.0235339506172839,5.768370700633335,5.723260398591938,180.0,10.004481811744437,4.236111111111102
F-response-coordinate_delta_v1-graph_time-paired_change,BioMotionLab_NTroje::rub072,17,0.0109953703703703,5.174339888180634,5.153705420205965,180.0,7.153506554847287,1.9791666666666539
F-response-coordinate_delta_v1-graph_time-paired_change,BioMotionLab_NTroje::rub075,17,0.0385802469135802,6.275382825862118,6.148515153692354,180.0,13.219827270306554,6.944444444444437
F-response-coordinate_delta_v1-graph_time-paired_change,BioMotionLab_NTroje::rub086,17,0.0165895061728395,6.038615249588495,5.830390318391651,180.0,9.024726360699605,2.98611111111111
F-response-coordinate_delta_v1-graph_time-paired_change,BioMotionLab_NTroje::rub098,17,0.0021604938271604,5.799042056618768,5.656121740755744,180.0,6.18793094550764,0.38888888888887196
F-response-coordinate_delta_v1-graph_time-paired_change,BioMotionLab_NTroje::rub106,17,0.0219907407407407,5.9243698396533135,5.8087028863328625,180.0,9.88270317298664,3.958333333333326
F-response-coordinate_delta_v1-graph_time-paired_change,BioMotionLab_NTroje::rub115,17,0.0005787037037037,6.749335329292587,6.281268397417893,180.0,6.853501995959253,0.10416666666666599
F-response-coordinate_delta_v1-graph_time-paired_change,KIT::348,17,0.0027777777777777,6.474177311457328,6.379431362325325,180.0,6.974177311457314,0.49999999999998596
F-response-coordinate_delta_v1-graph_time-paired_change,KIT::6,17,0.0032407407407407,5.215970071807079,5.098839796197789,180.0,5.799303405140405,0.5833333333333259
F-response-coordinate_delta_v1-graph_time-paired_change,BioMotionLab_NTroje::rub002,29,0.0,7.070465319751762,6.579815849521189,180.0,7.070465319751762,0.0
F-response-coordinate_delta_v1-graph_time-paired_change,BioMotionLab_NTroje::rub023,29,0.0123456790123456,6.6067338115838625,6.155697267831708,180.0,8.82895603380607,2.222222222222208
F-response-coordinate_delta_v1-graph_time-paired_change,BioMotionLab_NTroje::rub044,29,0.0087962962962962,6.4334868954083,5.808909372750463,180.0,8.016820228741615,1.583333333333316
F-response-coordinate_delta_v1-graph_time-paired_change,BioMotionLab_NTroje::rub053,29,0.0092592592592592,5.599279036859032,5.020785727676933,180.0,7.265945703525688,1.6666666666666559
F-response-coordinate_delta_v1-graph_time-paired_change,BioMotionLab_NTroje::rub054,29,0.0,6.244945845409544,5.706169784632813,180.0,6.244945845409544,0.0
F-response-coordinate_delta_v1-graph_time-paired_change,BioMotionLab_NTroje::rub070,29,0.0217013888888888,6.15411775672814,5.723260398591938,180.0,10.060367756728125,3.9062499999999845
F-response-coordinate_delta_v1-graph_time-paired_change,BioMotionLab_NTroje::rub072,29,0.0072337962962962,5.454304362330599,5.153705420205965,180.0,6.756387695663915,1.302083333333316
F-response-coordinate_delta_v1-graph_time-paired_change,BioMotionLab_NTroje::rub075,29,0.0470679012345679,6.456640769380417,6.148515153692354,180.0,14.92886299160264,8.472222222222223
F-response-coordinate_delta_v1-graph_time-paired_change,BioMotionLab_NTroje::rub086,29,0.0046296296296296,6.343334097609588,5.830390318391651,180.0,7.176667430942916,0.8333333333333279
F-response-coordinate_delta_v1-graph_time-paired_change,BioMotionLab_NTroje::rub098,29,0.002932098765432,6.017594184604681,5.656121740755744,180.0,6.545371962382441,0.52777777777776
F-response-coordinate_delta_v1-graph_time-paired_change,BioMotionLab_NTroje::rub106,29,0.0158179012345679,6.463488042055957,5.8087028863328625,180.0,9.310710264278178,2.847222222222222
F-response-coordinate_delta_v1-graph_time-paired_change,BioMotionLab_NTroje::rub115,29,0.0020254629629629,6.9292739706614865,6.281268397417893,180.0,7.293857303994809,0.364583333333322
F-response-coordinate_delta_v1-graph_time-paired_change,KIT::348,29,0.0027777777777777,6.426235787060189,6.379431362325325,180.0,6.9262357870601745,0.49999999999998596
F-response-coordinate_delta_v1-graph_time-paired_change,KIT::6,29,0.0,5.28379592058807,5.098839796197789,180.0,5.28379592058807,0.0
F-response-coordinate_delta_v1-graph_time-paired_change,BioMotionLab_NTroje::rub002,43,0.0138888888888888,6.754274449333955,6.579815849521189,180.0,9.254274449333938,2.499999999999984
F-response-coordinate_delta_v1-graph_time-paired_change,BioMotionLab_NTroje::rub023,43,0.0151234567901234,6.234831122665066,6.155697267831708,180.0,8.957053344887278,2.722222222222212
F-response-coordinate_delta_v1-graph_time-paired_change,BioMotionLab_NTroje::rub044,43,0.0101851851851851,6.080365559916754,5.808909372750463,180.0,7.913698893250072,1.833333333333318
F-response-coordinate_delta_v1-graph_time-paired_change,BioMotionLab_NTroje::rub053,43,0.0081018518518518,5.679534823694851,5.020785727676933,180.0,7.1378681570281755,1.458333333333324
F-response-coordinate_delta_v1-graph_time-paired_change,BioMotionLab_NTroje::rub054,43,0.0056584362139917,5.752897375710913,5.706169784632813,180.0,6.771415894229419,1.0185185185185062
F-response-coordinate_delta_v1-graph_time-paired_change,BioMotionLab_NTroje::rub070,43,0.0244020061728395,5.807249014500888,5.723260398591938,180.0,10.199610125611997,4.39236111111111
F-response-coordinate_delta_v1-graph_time-paired_change,BioMotionLab_NTroje::rub072,43,0.005787037037037,5.376754566674913,5.153705420205965,180.0,6.418421233341573,1.04166666666666
F-response-coordinate_delta_v1-graph_time-paired_change,BioMotionLab_NTroje::rub075,43,0.0516975308641975,6.277661201676693,6.148515153692354,180.0,15.583216757232243,9.30555555555555
F-response-coordinate_delta_v1-graph_time-paired_change,BioMotionLab_NTroje::rub086,43,0.0108024691358024,6.040472954217958,5.830390318391651,180.0,7.98491739866239,1.9444444444444318
F-response-coordinate_delta_v1-graph_time-paired_change,BioMotionLab_NTroje::rub098,43,0.0032407407407407,5.721479123959627,5.656121740755744,180.0,6.304812457292953,0.5833333333333259
F-response-coordinate_delta_v1-graph_time-paired_change,BioMotionLab_NTroje::rub106,43,0.0192901234567901,6.041741456884282,5.8087028863328625,180.0,9.513963679106501,3.4722222222222183
F-response-coordinate_delta_v1-graph_time-paired_change,BioMotionLab_NTroje::rub115,43,0.0,6.708604666387216,6.281268397417893,180.0,6.708604666387216,0.0
F-response-coordinate_delta_v1-graph_time-paired_change,KIT::348,43,0.0037037037037037,6.562392441108,6.379431362325325,180.0,7.229059107774666,0.666666666666666
F-response-coordinate_delta_v1-graph_time-paired_change,KIT::6,43,0.0069444444444444,5.3148894681333285,5.098839796197789,180.0,6.5648894681333205,1.249999999999992
F-response-jepa_delta_v1-graph_time-base,BioMotionLab_NTroje::rub002,17,0.0046296296296296,7.208551689774216,6.579815849521189,180.0,8.041885023107545,0.8333333333333279
F-response-jepa_delta_v1-graph_time-base,BioMotionLab_NTroje::rub023,17,0.0037037037037037,7.010505657554458,6.155697267831708,180.0,7.677172324221124,0.666666666666666
F-response-jepa_delta_v1-graph_time-base,BioMotionLab_NTroje::rub044,17,0.0015432098765432,6.826860775582671,5.808909372750463,180.0,7.104638553360447,0.277777777777776
F-response-jepa_delta_v1-graph_time-base,BioMotionLab_NTroje::rub053,17,0.0027006172839506,5.736671424995266,5.020785727676933,180.0,6.222782536106374,0.48611111111110794
F-response-jepa_delta_v1-graph_time-base,BioMotionLab_NTroje::rub054,17,0.0,6.214613712825924,5.706169784632813,180.0,6.214613712825924,0.0
F-response-jepa_delta_v1-graph_time-base,BioMotionLab_NTroje::rub070,17,0.0179398148148148,6.302984850450983,5.723260398591938,180.0,9.532151517117647,3.2291666666666643
F-response-jepa_delta_v1-graph_time-base,BioMotionLab_NTroje::rub072,17,0.0023148148148148,5.697619888920812,5.153705420205965,180.0,6.114286555587476,0.41666666666666397
F-response-jepa_delta_v1-graph_time-base,BioMotionLab_NTroje::rub075,17,0.0231481481481481,6.899087148293113,6.148515153692354,180.0,11.06575381495977,4.166666666666658
F-response-jepa_delta_v1-graph_time-base,BioMotionLab_NTroje::rub086,17,0.0054012345679012,6.634212137693248,5.830390318391651,180.0,7.606434359915464,0.9722222222222159
F-response-jepa_delta_v1-graph_time-base,BioMotionLab_NTroje::rub098,17,0.0009259259259259,6.150698002506027,5.656121740755744,180.0,6.317364669172688,0.16666666666666202
F-response-jepa_delta_v1-graph_time-base,BioMotionLab_NTroje::rub106,17,0.0108024691358024,6.380855435100084,5.8087028863328625,180.0,8.325299879544517,1.9444444444444318
F-response-jepa_delta_v1-graph_time-base,BioMotionLab_NTroje::rub115,17,0.0008680555555555,7.100672314693551,6.281268397417893,180.0,7.256922314693541,0.15624999999999
F-response-jepa_delta_v1-graph_time-base,KIT::348,17,0.0,7.024117161509283,6.379431362325325,180.0,7.024117161509283,0.0
F-response-jepa_delta_v1-graph_time-base,KIT::6,17,0.0060185185185185,5.456722545900967,5.098839796197789,180.0,6.5400558792342975,1.0833333333333302
F-response-jepa_delta_v1-graph_time-base,BioMotionLab_NTroje::rub002,29,0.0092592592592592,6.5592079428133205,6.579815849521189,180.0,8.225874609479977,1.6666666666666559
F-response-jepa_delta_v1-graph_time-base,BioMotionLab_NTroje::rub023,29,0.0101851851851851,6.4594019232053626,6.155697267831708,180.0,8.29273525653868,1.833333333333318
F-response-jepa_delta_v1-graph_time-base,BioMotionLab_NTroje::rub044,29,0.0034722222222222,6.248713887318563,5.808909372750463,180.0,6.873713887318559,0.624999999999996
F-response-jepa_delta_v1-graph_time-base,BioMotionLab_NTroje::rub053,29,0.0003858024691358,5.93503168252758,5.020785727676933,180.0,6.0044761269720235,0.069444444444444
F-response-jepa_delta_v1-graph_time-base,BioMotionLab_NTroje::rub054,29,0.0061728395061728,5.988995559275388,5.706169784632813,180.0,7.1001066703864915,1.111111111111104
F-response-jepa_delta_v1-graph_time-base,BioMotionLab_NTroje::rub070,29,0.009741512345679,6.106283241703662,5.723260398591938,180.0,7.859755463925882,1.75347222222222
F-response-jepa_delta_v1-graph_time-base,BioMotionLab_NTroje::rub072,29,0.0028935185185185,5.492816158620771,5.153705420205965,180.0,6.0136494919541015,0.52083333333333
F-response-jepa_delta_v1-graph_time-base,BioMotionLab_NTroje::rub075,29,0.0192901234567901,6.590845857059665,6.148515153692354,180.0,10.063068079281884,3.4722222222222183
F-response-jepa_delta_v1-graph_time-base,BioMotionLab_NTroje::rub086,29,0.0054012345679012,6.362963605261108,5.830390318391651,180.0,7.335185827483324,0.9722222222222159
F-response-jepa_delta_v1-graph_time-base,BioMotionLab_NTroje::rub098,29,0.0040123456790123,5.8421942357087735,5.656121740755744,180.0,6.564416457930988,0.722222222222214
F-response-jepa_delta_v1-graph_time-base,BioMotionLab_NTroje::rub106,29,0.0100308641975308,6.148473577700256,5.8087028863328625,180.0,7.9540291332557995,1.8055555555555438
F-response-jepa_delta_v1-graph_time-base,BioMotionLab_NTroje::rub115,29,0.0011574074074074,6.937408847974231,6.281268397417893,180.0,7.145742181307563,0.20833333333333198
F-response-jepa_delta_v1-graph_time-base,KIT::348,29,0.0,6.9410173746496735,6.379431362325325,180.0,6.9410173746496735,0.0
F-response-jepa_delta_v1-graph_time-base,KIT::6,29,0.0152777777777777,5.763893709818907,5.098839796197789,180.0,8.513893709818893,2.749999999999986
F-response-jepa_delta_v1-graph_time-base,BioMotionLab_NTroje::rub002,43,0.0092592592592592,6.748714013451598,6.579815849521189,180.0,8.415380680118254,1.6666666666666559
F-response-jepa_delta_v1-graph_time-base,BioMotionLab_NTroje::rub023,43,0.0049382716049382,6.558251522973255,6.155697267831708,180.0,7.447140411862131,0.8888888888888761
F-response-jepa_delta_v1-graph_time-base,BioMotionLab_NTroje::rub044,43,0.0023148148148148,6.232471736579332,5.808909372750463,180.0,6.649138403245996,0.41666666666666397
F-response-jepa_delta_v1-graph_time-base,BioMotionLab_NTroje::rub053,43,0.0011574074074074,5.467938569105761,5.020785727676933,180.0,5.676271902439093,0.20833333333333198
F-response-jepa_delta_v1-graph_time-base,BioMotionLab_NTroje::rub054,43,0.0010288065843621,6.029447867676917,5.706169784632813,180.0,6.214633052862095,0.18518518518517801
F-response-jepa_delta_v1-graph_time-base,BioMotionLab_NTroje::rub070,43,0.0131172839506172,5.9309125467316255,5.723260398591938,180.0,8.292023657842721,2.361111111111096
F-response-jepa_delta_v1-graph_time-base,BioMotionLab_NTroje::rub072,43,0.003761574074074,5.261088694194676,5.153705420205965,180.0,5.938172027527996,0.67708333333332
F-response-jepa_delta_v1-graph_time-base,BioMotionLab_NTroje::rub075,43,0.0246913580246913,6.3627026653713585,6.148515153692354,180.0,10.807147109815793,4.444444444444434
F-response-jepa_delta_v1-graph_time-base,BioMotionLab_NTroje::rub086,43,0.005787037037037,6.162918516757123,5.830390318391651,180.0,7.204585183423783,1.04166666666666
F-response-jepa_delta_v1-graph_time-base,BioMotionLab_NTroje::rub098,43,0.0027777777777777,5.844770440152571,5.656121740755744,180.0,6.344770440152557,0.49999999999998596
F-response-jepa_delta_v1-graph_time-base,BioMotionLab_NTroje::rub106,43,0.015432098765432,6.098546612424734,5.8087028863328625,180.0,8.876324390202495,2.77777777777776
F-response-jepa_delta_v1-graph_time-base,BioMotionLab_NTroje::rub115,43,0.0,6.977179204042121,6.281268397417893,180.0,6.977179204042121,0.0
F-response-jepa_delta_v1-graph_time-base,KIT::348,43,0.0083333333333333,6.677771949608993,6.379431362325325,180.0,8.177771949608987,1.499999999999994
F-response-jepa_delta_v1-graph_time-base,KIT::6,43,0.0018518518518518,5.662883786298456,5.098839796197789,180.0,5.99621711963178,0.33333333333332404
F-response-jepa_endpoint_v1-graph_time-base,BioMotionLab_NTroje::rub002,17,0.0092592592592592,7.201954376671064,6.579815849521189,180.0,8.86862104333772,1.6666666666666559
F-response-jepa_endpoint_v1-graph_time-base,BioMotionLab_NTroje::rub023,17,0.0058641975308641,6.956132279927563,6.155697267831708,180.0,8.011687835483102,1.055555555555538
F-response-jepa_endpoint_v1-graph_time-base,BioMotionLab_NTroje::rub044,17,0.0050154320987654,6.699893796035148,5.808909372750463,180.0,7.60267157381292,0.9027777777777719
F-response-jepa_endpoint_v1-graph_time-base,BioMotionLab_NTroje::rub053,17,0.0003858024691358,5.906680368014835,5.020785727676933,180.0,5.976124812459279,0.069444444444444
F-response-jepa_endpoint_v1-graph_time-base,BioMotionLab_NTroje::rub054,17,0.0,6.208778160099481,5.706169784632813,180.0,6.208778160099481,0.0
F-response-jepa_endpoint_v1-graph_time-base,BioMotionLab_NTroje::rub070,17,0.0148533950617283,6.334260310403732,5.723260398591938,180.0,9.007871421514825,2.673611111111094
F-response-jepa_endpoint_v1-graph_time-base,BioMotionLab_NTroje::rub072,17,0.0002893518518518,5.734228689786595,5.153705420205965,180.0,5.786312023119919,0.052083333333324
F-response-jepa_endpoint_v1-graph_time-base,BioMotionLab_NTroje::rub075,17,0.0108024691358024,6.9841384186600095,6.148515153692354,180.0,8.928582863104442,1.9444444444444318
F-response-jepa_endpoint_v1-graph_time-base,BioMotionLab_NTroje::rub086,17,0.0027006172839506,6.621221890902523,5.830390318391651,180.0,7.107333002013631,0.48611111111110794
F-response-jepa_endpoint_v1-graph_time-base,BioMotionLab_NTroje::rub098,17,0.0009259259259259,6.10572089468916,5.656121740755744,180.0,6.2723875613558215,0.16666666666666202
F-response-jepa_endpoint_v1-graph_time-base,BioMotionLab_NTroje::rub106,17,0.0111882716049382,6.38145141200717,5.8087028863328625,180.0,8.395340300896045,2.013888888888876
F-response-jepa_endpoint_v1-graph_time-base,BioMotionLab_NTroje::rub115,17,0.0008680555555555,7.148223062666328,6.281268397417893,180.0,7.304473062666318,0.15624999999999
F-response-jepa_endpoint_v1-graph_time-base,KIT::348,17,0.0009259259259259,7.045824022237097,6.379431362325325,180.0,7.212490688903759,0.16666666666666202
F-response-jepa_endpoint_v1-graph_time-base,KIT::6,17,0.0009259259259259,5.751006972872783,5.098839796197789,180.0,5.917673639539444,0.16666666666666202
F-response-jepa_endpoint_v1-graph_time-base,BioMotionLab_NTroje::rub002,29,0.0092592592592592,7.112439534541764,6.579815849521189,180.0,8.77910620120842,1.6666666666666559
F-response-jepa_endpoint_v1-graph_time-base,BioMotionLab_NTroje::rub023,29,0.0037037037037037,6.888983078004577,6.155697267831708,180.0,7.555649744671243,0.666666666666666
F-response-jepa_endpoint_v1-graph_time-base,BioMotionLab_NTroje::rub044,29,0.0042438271604938,6.664080138890566,5.808909372750463,180.0,7.42796902777945,0.763888888888884
F-response-jepa_endpoint_v1-graph_time-base,BioMotionLab_NTroje::rub053,29,0.0015432098765432,5.968800747997022,5.020785727676933,180.0,6.246578525774798,0.277777777777776
F-response-jepa_endpoint_v1-graph_time-base,BioMotionLab_NTroje::rub054,29,0.0,6.254234812840451,5.706169784632813,180.0,6.254234812840451,0.0
F-response-jepa_endpoint_v1-graph_time-base,BioMotionLab_NTroje::rub070,29,0.0063657407407407,6.340215551041187,5.723260398591938,180.0,7.4860488843745125,1.145833333333326
F-response-jepa_endpoint_v1-graph_time-base,BioMotionLab_NTroje::rub072,29,0.0023148148148148,5.61107586834604,5.153705420205965,180.0,6.027742535012704,0.41666666666666397
F-response-jepa_endpoint_v1-graph_time-base,BioMotionLab_NTroje::rub075,29,0.0177469135802469,6.960122831734111,6.148515153692354,180.0,10.154567276178554,3.194444444444442
F-response-jepa_endpoint_v1-graph_time-base,BioMotionLab_NTroje::rub086,29,0.0046296296296296,6.598060130662305,5.830390318391651,180.0,7.431393463995633,0.8333333333333279
F-response-jepa_endpoint_v1-graph_time-base,BioMotionLab_NTroje::rub098,29,0.0041666666666666,6.1412890716726976,5.656121740755744,180.0,6.891289071672686,0.749999999999988
F-response-jepa_endpoint_v1-graph_time-base,BioMotionLab_NTroje::rub106,29,0.0084876543209876,6.4307897585979115,5.8087028863328625,180.0,7.958567536375679,1.527777777777768
F-response-jepa_endpoint_v1-graph_time-base,BioMotionLab_NTroje::rub115,29,0.0017361111111111,7.254349811275926,6.281268397417893,180.0,7.566849811275924,0.312499999999998
F-response-jepa_endpoint_v1-graph_time-base,KIT::348,29,0.0027777777777777,6.566127539319804,6.379431362325325,180.0,7.0661275393197895,0.49999999999998596
F-response-jepa_endpoint_v1-graph_time-base,KIT::6,29,0.0083333333333333,5.843030055162031,5.098839796197789,180.0,7.343030055162025,1.499999999999994
F-response-jepa_endpoint_v1-graph_time-base,BioMotionLab_NTroje::rub002,43,0.0092592592592592,6.97235784616366,6.579815849521189,180.0,8.639024512830316,1.6666666666666559
F-response-jepa_endpoint_v1-graph_time-base,BioMotionLab_NTroje::rub023,43,0.0046296296296296,6.658510156738993,6.155697267831708,180.0,7.491843490072321,0.8333333333333279
F-response-jepa_endpoint_v1-graph_time-base,BioMotionLab_NTroje::rub044,43,0.0030864197530864,6.2266147117659605,5.808909372750463,180.0,6.782170267321512,0.555555555555552
F-response-jepa_endpoint_v1-graph_time-base,BioMotionLab_NTroje::rub053,43,0.0011574074074074,5.717486649454575,5.020785727676933,180.0,5.925819982787907,0.20833333333333198
F-response-jepa_endpoint_v1-graph_time-base,BioMotionLab_NTroje::rub054,43,0.0,6.134429482413597,5.706169784632813,180.0,6.134429482413597,0.0
F-response-jepa_endpoint_v1-graph_time-base,BioMotionLab_NTroje::rub070,43,0.0153356481481481,6.140415675795855,5.723260398591938,180.0,8.900832342462513,2.760416666666658
F-response-jepa_endpoint_v1-graph_time-base,BioMotionLab_NTroje::rub072,43,0.0054976851851851,5.530622278354318,5.153705420205965,180.0,6.520205611687636,0.989583333333318
F-response-jepa_endpoint_v1-graph_time-base,BioMotionLab_NTroje::rub075,43,0.0246913580246913,6.673071451488329,6.148515153692354,180.0,11.117515895932762,4.444444444444434
F-response-jepa_endpoint_v1-graph_time-base,BioMotionLab_NTroje::rub086,43,0.005787037037037,6.375277305802288,5.830390318391651,180.0,7.416943972468948,1.04166666666666
F-response-jepa_endpoint_v1-graph_time-base,BioMotionLab_NTroje::rub098,43,0.0,6.065564642353426,5.656121740755744,180.0,6.065564642353426,0.0
F-response-jepa_endpoint_v1-graph_time-base,BioMotionLab_NTroje::rub106,43,0.0084876543209876,6.21827489103504,5.8087028863328625,180.0,7.7460526688128075,1.527777777777768
F-response-jepa_endpoint_v1-graph_time-base,BioMotionLab_NTroje::rub115,43,0.0005787037037037,7.0262003452694,6.281268397417893,180.0,7.130367011936066,0.10416666666666599
F-response-jepa_endpoint_v1-graph_time-base,KIT::348,43,0.0018518518518518,7.009401731221634,6.379431362325325,180.0,7.342735064554958,0.33333333333332404
F-response-jepa_endpoint_v1-graph_time-base,KIT::6,43,0.0013888888888888,6.143602313896316,5.098839796197789,180.0,6.3936023138963,0.249999999999984
F-response-coordinate_delta_v1-graph_time-base,BioMotionLab_NTroje::rub002,17,0.0,6.876491100013944,6.579815849521189,180.0,6.876491100013944,0.0
F-response-coordinate_delta_v1-graph_time-base,BioMotionLab_NTroje::rub023,17,0.0024691358024691,6.587032640164584,6.155697267831708,180.0,7.031477084609023,0.44444444444443804
F-response-coordinate_delta_v1-graph_time-base,BioMotionLab_NTroje::rub044,17,0.0047839506172839,6.084513139668471,5.808909372750463,180.0,6.945624250779573,0.861111111111102
F-response-coordinate_delta_v1-graph_time-base,BioMotionLab_NTroje::rub053,17,0.0015432098765432,5.425521621619149,5.020785727676933,180.0,5.703299399396925,0.277777777777776
F-response-coordinate_delta_v1-graph_time-base,BioMotionLab_NTroje::rub054,17,0.0,5.980659117869408,5.706169784632813,180.0,5.980659117869408,0.0
F-response-coordinate_delta_v1-graph_time-base,BioMotionLab_NTroje::rub070,17,0.0055941358024691,6.046714062096635,5.723260398591938,180.0,7.053658506541073,1.006944444444438
F-response-coordinate_delta_v1-graph_time-base,BioMotionLab_NTroje::rub072,17,0.0109953703703703,5.277449942921095,5.153705420205965,180.0,7.2566166095877485,1.9791666666666539
F-response-coordinate_delta_v1-graph_time-base,BioMotionLab_NTroje::rub075,17,0.011574074074074,6.704335410167457,6.148515153692354,180.0,8.787668743500777,2.08333333333332
F-response-coordinate_delta_v1-graph_time-base,BioMotionLab_NTroje::rub086,17,0.0042438271604938,6.1676693057099365,5.830390318391651,180.0,6.9315581945988205,0.763888888888884
F-response-coordinate_delta_v1-graph_time-base,BioMotionLab_NTroje::rub098,17,0.0013888888888888,5.800207683433473,5.656121740755744,180.0,6.050207683433457,0.249999999999984
F-response-coordinate_delta_v1-graph_time-base,BioMotionLab_NTroje::rub106,17,0.0169753086419753,6.15086491055606,5.8087028863328625,180.0,9.206420466111615,3.055555555555554
F-response-coordinate_delta_v1-graph_time-base,BioMotionLab_NTroje::rub115,17,0.0034722222222222,6.524703347355784,6.281268397417893,180.0,7.14970334735578,0.624999999999996
F-response-coordinate_delta_v1-graph_time-base,KIT::348,17,0.0,6.582795254106031,6.379431362325325,180.0,6.582795254106031,0.0
F-response-coordinate_delta_v1-graph_time-base,KIT::6,17,0.0,5.22169181603766,5.098839796197789,180.0,5.22169181603766,0.0
F-response-coordinate_delta_v1-graph_time-base,BioMotionLab_NTroje::rub002,29,0.0,7.016240547510151,6.579815849521189,180.0,7.016240547510151,0.0
F-response-coordinate_delta_v1-graph_time-base,BioMotionLab_NTroje::rub023,29,0.0027777777777777,6.748875589424803,6.155697267831708,180.0,7.248875589424789,0.49999999999998596
F-response-coordinate_delta_v1-graph_time-base,BioMotionLab_NTroje::rub044,29,0.0,6.313500639030649,5.808909372750463,180.0,6.313500639030649,0.0
F-response-coordinate_delta_v1-graph_time-base,BioMotionLab_NTroje::rub053,29,0.0023148148148148,5.656392045110579,5.020785727676933,180.0,6.073058711777243,0.41666666666666397
F-response-coordinate_delta_v1-graph_time-base,BioMotionLab_NTroje::rub054,29,0.0,6.018611581530237,5.706169784632813,180.0,6.018611581530237,0.0
F-response-coordinate_delta_v1-graph_time-base,BioMotionLab_NTroje::rub070,29,0.011574074074074,6.091229290464241,5.723260398591938,180.0,8.174562623797561,2.08333333333332
F-response-coordinate_delta_v1-graph_time-base,BioMotionLab_NTroje::rub072,29,0.0147569444444444,5.408591380672457,5.153705420205965,180.0,8.064841380672448,2.656249999999992
F-response-coordinate_delta_v1-graph_time-base,BioMotionLab_NTroje::rub075,29,0.0254629629629629,6.579289755889191,6.148515153692354,180.0,11.162623089222514,4.5833333333333215
F-response-coordinate_delta_v1-graph_time-base,BioMotionLab_NTroje::rub086,29,0.0050154320987654,6.22115685621802,5.830390318391651,180.0,7.123934633995791,0.9027777777777719
F-response-coordinate_delta_v1-graph_time-base,BioMotionLab_NTroje::rub098,29,0.0,5.890304219462383,5.656121740755744,180.0,5.890304219462383,0.0
F-response-coordinate_delta_v1-graph_time-base,BioMotionLab_NTroje::rub106,29,0.0196759259259259,6.132798161773003,5.8087028863328625,180.0,9.674464828439664,3.5416666666666616
F-response-coordinate_delta_v1-graph_time-base,BioMotionLab_NTroje::rub115,29,0.0034722222222222,6.735046450470234,6.281268397417893,180.0,7.3600464504702305,0.624999999999996
F-response-coordinate_delta_v1-graph_time-base,KIT::348,29,0.0,6.4496441778831635,6.379431362325325,180.0,6.4496441778831635,0.0
F-response-coordinate_delta_v1-graph_time-base,KIT::6,29,0.0,5.231745716509846,5.098839796197789,180.0,5.231745716509846,0.0
F-response-coordinate_delta_v1-graph_time-base,BioMotionLab_NTroje::rub002,43,0.0108024691358024,6.942608027587091,6.579815849521189,180.0,8.887052472031522,1.9444444444444318
F-response-coordinate_delta_v1-graph_time-base,BioMotionLab_NTroje::rub023,43,0.003395061728395,6.614182223434975,6.155697267831708,180.0,7.225293334546075,0.6111111111111001
F-response-coordinate_delta_v1-graph_time-base,BioMotionLab_NTroje::rub044,43,0.0015432098765432,6.247053869225881,5.808909372750463,180.0,6.524831647003657,0.277777777777776
F-response-coordinate_delta_v1-graph_time-base,BioMotionLab_NTroje::rub053,43,0.0034722222222222,5.6437505647673705,5.020785727676933,180.0,6.268750564767366,0.624999999999996
F-response-coordinate_delta_v1-graph_time-base,BioMotionLab_NTroje::rub054,43,0.0,6.130732181367963,5.706169784632813,180.0,6.130732181367963,0.0
F-response-coordinate_delta_v1-graph_time-base,BioMotionLab_NTroje::rub070,43,0.0119598765432098,6.036984282217748,5.723260398591938,180.0,8.189762059995513,2.152777777777764
F-response-coordinate_delta_v1-graph_time-base,BioMotionLab_NTroje::rub072,43,0.0078125,5.462687106838207,5.153705420205965,180.0,6.868937106838207,1.40625
F-response-coordinate_delta_v1-graph_time-base,BioMotionLab_NTroje::rub075,43,0.0204475308641975,6.497611576087652,6.148515153692354,180.0,10.178167131643203,3.68055555555555
F-response-coordinate_delta_v1-graph_time-base,BioMotionLab_NTroje::rub086,43,0.0065586419753086,6.323817028678074,5.830390318391651,180.0,7.504372584233622,1.180555555555548
F-response-coordinate_delta_v1-graph_time-base,BioMotionLab_NTroje::rub098,43,0.0006172839506172,5.889383557900931,5.656121740755744,180.0,6.000494669012027,0.111111111111096
F-response-coordinate_delta_v1-graph_time-base,BioMotionLab_NTroje::rub106,43,0.0189043209876543,6.179431624531311,5.8087028863328625,180.0,9.582209402309086,3.402777777777774
F-response-coordinate_delta_v1-graph_time-base,BioMotionLab_NTroje::rub115,43,0.0011574074074074,6.68671632959584,6.281268397417893,180.0,6.895049662929172,0.20833333333333198
F-response-coordinate_delta_v1-graph_time-base,KIT::348,43,0.0,6.325208015934393,6.379431362325325,180.0,6.325208015934393,0.0
F-response-coordinate_delta_v1-graph_time-base,KIT::6,43,0.0004629629629629,5.1828564002453845,5.098839796197789,180.0,5.266189733578707,0.083333333333322
M-coordinate-graph_time-base,BioMotionLab_NTroje::rub002,17,0.0092592592592592,6.689789108332206,6.579815849521189,180.0,8.356455774998862,1.6666666666666559
M-coordinate-graph_time-base,BioMotionLab_NTroje::rub023,17,0.003395061728395,6.633403469443129,6.155697267831708,180.0,7.244514580554229,0.6111111111111001
M-coordinate-graph_time-base,BioMotionLab_NTroje::rub044,17,0.0060185185185185,6.017405636889709,5.808909372750463,180.0,7.1007389702230395,1.0833333333333302
M-coordinate-graph_time-base,BioMotionLab_NTroje::rub053,17,0.0042438271604938,5.655364155230952,5.020785727676933,180.0,6.419253044119836,0.763888888888884
M-coordinate-graph_time-base,BioMotionLab_NTroje::rub054,17,0.0,6.088316950374332,5.706169784632813,180.0,6.088316950374332,0.0
M-coordinate-graph_time-base,BioMotionLab_NTroje::rub070,17,0.0060763888888888,6.07348116539821,5.723260398591938,180.0,7.167231165398194,1.093749999999984
M-coordinate-graph_time-base,BioMotionLab_NTroje::rub072,17,0.0141782407407407,5.383530172923808,5.153705420205965,180.0,7.935613506257134,2.552083333333326
M-coordinate-graph_time-base,BioMotionLab_NTroje::rub075,17,0.0189043209876543,6.561051900305221,6.148515153692354,180.0,9.963829678082995,3.402777777777774
M-coordinate-graph_time-base,BioMotionLab_NTroje::rub086,17,0.0108024691358024,6.1008947235303745,5.830390318391651,180.0,8.045339167974806,1.9444444444444318
M-coordinate-graph_time-base,BioMotionLab_NTroje::rub098,17,0.0013888888888888,5.847228986977936,5.656121740755744,180.0,6.09722898697792,0.249999999999984
M-coordinate-graph_time-base,BioMotionLab_NTroje::rub106,17,0.0069444444444444,6.1475349332500135,5.8087028863328625,180.0,7.3975349332500056,1.249999999999992
M-coordinate-graph_time-base,BioMotionLab_NTroje::rub115,17,0.003761574074074,6.684580318262168,6.281268397417893,180.0,7.361663651595488,0.67708333333332
M-coordinate-graph_time-base,KIT::348,17,0.0027777777777777,6.7072935188465905,6.379431362325325,180.0,7.207293518846576,0.49999999999998596
M-coordinate-graph_time-base,KIT::6,17,0.0083333333333333,5.266070015214497,5.098839796197789,180.0,6.766070015214491,1.499999999999994
M-coordinate-graph_time-base,BioMotionLab_NTroje::rub002,29,0.0,6.824782503597383,6.579815849521189,180.0,6.824782503597383,0.0
M-coordinate-graph_time-base,BioMotionLab_NTroje::rub023,29,0.0009259259259259,6.60079429154069,6.155697267831708,180.0,6.7674609582073515,0.16666666666666202
M-coordinate-graph_time-base,BioMotionLab_NTroje::rub044,29,0.0009259259259259,6.132867591558951,5.808909372750463,180.0,6.299534258225613,0.16666666666666202
M-coordinate-graph_time-base,BioMotionLab_NTroje::rub053,29,0.0069444444444444,5.543646178328343,5.020785727676933,180.0,6.793646178328335,1.249999999999992
M-coordinate-graph_time-base,BioMotionLab_NTroje::rub054,29,0.0020576131687242,5.897418586328494,5.706169784632813,180.0,6.26778895669885,0.37037037037035603
M-coordinate-graph_time-base,BioMotionLab_NTroje::rub070,29,0.0080054012345679,6.122458700418528,5.723260398591938,180.0,7.56343092264075,1.440972222222222
M-coordinate-graph_time-base,BioMotionLab_NTroje::rub072,29,0.0098379629629629,5.4538497690931935,5.153705420205965,180.0,7.224683102426516,1.7708333333333222
M-coordinate-graph_time-base,BioMotionLab_NTroje::rub075,29,0.0142746913580246,6.607914855498976,6.148515153692354,180.0,9.177359299943404,2.569444444444428
M-coordinate-graph_time-base,BioMotionLab_NTroje::rub086,29,0.0027006172839506,6.158701027009627,5.830390318391651,180.0,6.644812138120735,0.48611111111110794
M-coordinate-graph_time-base,BioMotionLab_NTroje::rub098,29,0.0009259259259259,5.7150930810771134,5.656121740755744,180.0,5.881759747743775,0.16666666666666202
M-coordinate-graph_time-base,BioMotionLab_NTroje::rub106,29,0.0119598765432098,6.178577825063665,5.8087028863328625,180.0,8.331355602841429,2.152777777777764
M-coordinate-graph_time-base,BioMotionLab_NTroje::rub115,29,0.0002893518518518,6.809764397060183,6.281268397417893,180.0,6.8618477303935075,0.052083333333324
M-coordinate-graph_time-base,KIT::348,29,0.0018518518518518,6.4600745810449185,6.379431362325325,180.0,6.793407914378243,0.33333333333332404
M-coordinate-graph_time-base,KIT::6,29,0.0013888888888888,5.384294539599514,5.098839796197789,180.0,5.634294539599498,0.249999999999984
M-coordinate-graph_time-base,BioMotionLab_NTroje::rub002,43,0.0046296296296296,7.025964570716115,6.579815849521189,180.0,7.859297904049443,0.8333333333333279
M-coordinate-graph_time-base,BioMotionLab_NTroje::rub023,43,0.0006172839506172,6.623150394221051,6.155697267831708,180.0,6.734261505332147,0.111111111111096
M-coordinate-graph_time-base,BioMotionLab_NTroje::rub044,43,0.0040895061728395,6.10018404427283,5.808909372750463,180.0,6.83629515538394,0.73611111111111
M-coordinate-graph_time-base,BioMotionLab_NTroje::rub053,43,0.0069444444444444,5.609272639902772,5.020785727676933,180.0,6.859272639902764,1.249999999999992
M-coordinate-graph_time-base,BioMotionLab_NTroje::rub054,43,0.000514403292181,5.960652396678193,5.706169784632813,180.0,6.053244989270773,0.09259259259257999
M-coordinate-graph_time-base,BioMotionLab_NTroje::rub070,43,0.0080054012345679,6.06819316738731,5.723260398591938,180.0,7.5091653896095325,1.440972222222222
M-coordinate-graph_time-base,BioMotionLab_NTroje::rub072,43,0.0089699074074074,5.558585897716663,5.153705420205965,180.0,7.173169231049995,1.6145833333333321
M-coordinate-graph_time-base,BioMotionLab_NTroje::rub075,43,0.0219907407407407,6.488974562057593,6.148515153692354,180.0,10.447307895390919,3.958333333333326
M-coordinate-graph_time-base,BioMotionLab_NTroje::rub086,43,0.007716049382716,6.189681435643027,5.830390318391651,180.0,7.578570324531906,1.38888888888888
M-coordinate-graph_time-base,BioMotionLab_NTroje::rub098,43,0.0007716049382716,5.695209446281041,5.656121740755744,180.0,5.834098335169929,0.138888888888888
M-coordinate-graph_time-base,BioMotionLab_NTroje::rub106,43,0.0088734567901234,6.242273637356572,5.8087028863328625,180.0,7.8394958595787845,1.597222222222212
M-coordinate-graph_time-base,BioMotionLab_NTroje::rub115,43,0.0028935185185185,6.760073220216871,6.281268397417893,180.0,7.280906553550201,0.52083333333333
M-coordinate-graph_time-base,KIT::348,43,0.0055555555555555,6.595620653168645,6.379431362325325,180.0,7.595620653168635,0.99999999999999
M-coordinate-graph_time-base,KIT::6,43,0.0,5.105623671480286,5.098839796197789,180.0,5.105623671480286,0.0
M-coordinate-graph_time-paired_change,BioMotionLab_NTroje::rub002,17,0.0092592592592592,6.784046708384538,6.579815849521189,180.0,8.450713375051194,1.6666666666666559
M-coordinate-graph_time-paired_change,BioMotionLab_NTroje::rub023,17,0.0182098765432098,6.394805508642205,6.155697267831708,180.0,9.672583286419968,3.277777777777764
M-coordinate-graph_time-paired_change,BioMotionLab_NTroje::rub044,17,0.0060185185185185,6.13734655906789,5.808909372750463,180.0,7.22067989240122,1.0833333333333302
M-coordinate-graph_time-paired_change,BioMotionLab_NTroje::rub053,17,0.0007716049382716,5.433822011441066,5.020785727676933,180.0,5.572710900329954,0.138888888888888
M-coordinate-graph_time-paired_change,BioMotionLab_NTroje::rub054,17,0.0015432098765432,5.989177320450868,5.706169784632813,180.0,6.266955098228644,0.277777777777776
M-coordinate-graph_time-paired_change,BioMotionLab_NTroje::rub070,17,0.0159143518518518,5.826960988901523,5.723260398591938,180.0,8.691544322234847,2.864583333333324
M-coordinate-graph_time-paired_change,BioMotionLab_NTroje::rub072,17,0.005787037037037,5.3059127793370795,5.153705420205965,180.0,6.347579446003739,1.04166666666666
M-coordinate-graph_time-paired_change,BioMotionLab_NTroje::rub075,17,0.0273919753086419,6.220134257657208,6.148515153692354,180.0,11.15068981321275,4.930555555555542
M-coordinate-graph_time-paired_change,BioMotionLab_NTroje::rub086,17,0.013503086419753,6.211716923990589,5.830390318391651,180.0,8.64227247954613,2.4305555555555403
M-coordinate-graph_time-paired_change,BioMotionLab_NTroje::rub098,17,0.0074074074074074,5.769800264579543,5.656121740755744,180.0,7.103133597912875,1.333333333333332
M-coordinate-graph_time-paired_change,BioMotionLab_NTroje::rub106,17,0.0150462962962962,6.106107596701264,5.8087028863328625,180.0,8.81444093003458,2.708333333333316
M-coordinate-graph_time-paired_change,BioMotionLab_NTroje::rub115,17,0.0002893518518518,6.656478860321368,6.281268397417893,180.0,6.708562193654692,0.052083333333324
M-coordinate-graph_time-paired_change,KIT::348,17,0.0,6.495349041387985,6.379431362325325,180.0,6.495349041387985,0.0
M-coordinate-graph_time-paired_change,KIT::6,17,0.0032407407407407,5.351459775730368,5.098839796197789,180.0,5.934793109063694,0.5833333333333259
M-coordinate-graph_time-paired_change,BioMotionLab_NTroje::rub002,29,0.0015432098765432,6.73033424704803,6.579815849521189,180.0,7.008112024825806,0.277777777777776
M-coordinate-graph_time-paired_change,BioMotionLab_NTroje::rub023,29,0.0108024691358024,6.425644793635188,6.155697267831708,180.0,8.37008923807962,1.9444444444444318
M-coordinate-graph_time-paired_change,BioMotionLab_NTroje::rub044,29,0.0063271604938271,5.985449954296829,5.808909372750463,180.0,7.124338843185707,1.138888888888878
M-coordinate-graph_time-paired_change,BioMotionLab_NTroje::rub053,29,0.0003858024691358,5.728597863058857,5.020785727676933,180.0,5.798042307503301,0.069444444444444
M-coordinate-graph_time-paired_change,BioMotionLab_NTroje::rub054,29,0.0023148148148148,6.089743880441946,5.706169784632813,180.0,6.506410547108611,0.41666666666666397
M-coordinate-graph_time-paired_change,BioMotionLab_NTroje::rub070,29,0.0102237654320987,5.941240425392883,5.723260398591938,180.0,7.781518203170649,1.840277777777766
M-coordinate-graph_time-paired_change,BioMotionLab_NTroje::rub072,29,0.0020254629629629,5.390653698219391,5.153705420205965,180.0,5.7552370315527135,0.364583333333322
M-coordinate-graph_time-paired_change,BioMotionLab_NTroje::rub075,29,0.0146604938271604,6.42657826900859,6.148515153692354,180.0,9.065467157897462,2.638888888888872
M-coordinate-graph_time-paired_change,BioMotionLab_NTroje::rub086,29,0.009645061728395,6.1733502526127495,5.830390318391651,180.0,7.90946136372385,1.7361111111111
M-coordinate-graph_time-paired_change,BioMotionLab_NTroje::rub098,29,0.0024691358024691,5.857988658226526,5.656121740755744,180.0,6.302433102670965,0.44444444444443804
M-coordinate-graph_time-paired_change,BioMotionLab_NTroje::rub106,29,0.0123456790123456,6.241692134291649,5.8087028863328625,180.0,8.463914356513857,2.222222222222208
M-coordinate-graph_time-paired_change,BioMotionLab_NTroje::rub115,29,0.0,6.75450285290467,6.281268397417893,180.0,6.75450285290467,0.0
M-coordinate-graph_time-paired_change,KIT::348,29,0.0,6.468246764924061,6.379431362325325,180.0,6.468246764924061,0.0
M-coordinate-graph_time-paired_change,KIT::6,29,0.0,5.154265234022657,5.098839796197789,180.0,5.154265234022657,0.0
M-coordinate-graph_time-paired_change,BioMotionLab_NTroje::rub002,43,0.0138888888888888,6.601044448022442,6.579815849521189,180.0,9.101044448022426,2.499999999999984
M-coordinate-graph_time-paired_change,BioMotionLab_NTroje::rub023,43,0.0040123456790123,6.330720013235348,6.155697267831708,180.0,7.052942235457563,0.722222222222214
M-coordinate-graph_time-paired_change,BioMotionLab_NTroje::rub044,43,0.0018518518518518,6.012559500761216,5.808909372750463,180.0,6.34589283409454,0.33333333333332404
M-coordinate-graph_time-paired_change,BioMotionLab_NTroje::rub053,43,0.0023148148148148,5.431946195475706,5.020785727676933,180.0,5.84861286214237,0.41666666666666397
M-coordinate-graph_time-paired_change,BioMotionLab_NTroje::rub054,43,0.0,5.805922233799649,5.706169784632813,180.0,5.805922233799649,0.0
M-coordinate-graph_time-paired_change,BioMotionLab_NTroje::rub070,43,0.0169753086419753,5.729320357736987,5.723260398591938,180.0,8.784875913292542,3.055555555555554
M-coordinate-graph_time-paired_change,BioMotionLab_NTroje::rub072,43,0.0086805555555555,5.376040900578749,5.153705420205965,180.0,6.938540900578739,1.56249999999999
M-coordinate-graph_time-paired_change,BioMotionLab_NTroje::rub075,43,0.0138888888888888,6.447267950570679,6.148515153692354,180.0,8.947267950570662,2.499999999999984
M-coordinate-graph_time-paired_change,BioMotionLab_NTroje::rub086,43,0.011574074074074,6.10744483710645,5.830390318391651,180.0,8.19077817043977,2.08333333333332
M-coordinate-graph_time-paired_change,BioMotionLab_NTroje::rub098,43,0.0009259259259259,5.915877711222624,5.656121740755744,180.0,6.082544377889286,0.16666666666666202
M-coordinate-graph_time-paired_change,BioMotionLab_NTroje::rub106,43,0.0165895061728395,6.054177230963663,5.8087028863328625,180.0,9.040288342074772,2.98611111111111
M-coordinate-graph_time-paired_change,BioMotionLab_NTroje::rub115,43,0.0031828703703703,6.72394090199675,6.281268397417893,180.0,7.296857568663404,0.572916666666654
M-coordinate-graph_time-paired_change,KIT::348,43,0.0,6.587575874672979,6.379431362325325,180.0,6.587575874672979,0.0
M-coordinate-graph_time-paired_change,KIT::6,43,0.0074074074074074,5.285821026474227,5.098839796197789,180.0,6.619154359807559,1.333333333333332
M-paired_jepa-graph_time-base,BioMotionLab_NTroje::rub002,17,0.0023148148148148,7.274042792430716,6.579815849521189,180.0,7.690709459097381,0.41666666666666397
M-paired_jepa-graph_time-base,BioMotionLab_NTroje::rub023,17,0.007716049382716,7.002089093473543,6.155697267831708,180.0,8.390977982362424,1.38888888888888
M-paired_jepa-graph_time-base,BioMotionLab_NTroje::rub044,17,0.0015432098765432,6.817652824160533,5.808909372750463,180.0,7.095430601938309,0.277777777777776
M-paired_jepa-graph_time-base,BioMotionLab_NTroje::rub053,17,0.0,5.780183874948971,5.020785727676933,180.0,5.780183874948971,0.0
M-paired_jepa-graph_time-base,BioMotionLab_NTroje::rub054,17,0.0,6.221797360520004,5.706169784632813,180.0,6.221797360520004,0.0
M-paired_jepa-graph_time-base,BioMotionLab_NTroje::rub070,17,0.0126350308641975,6.407479343777364,5.723260398591938,180.0,8.681784899332914,2.27430555555555
M-paired_jepa-graph_time-base,BioMotionLab_NTroje::rub072,17,0.0026041666666666,5.709428022785769,5.153705420205965,180.0,6.178178022785756,0.468749999999988
M-paired_jepa-graph_time-base,BioMotionLab_NTroje::rub075,17,0.0212191358024691,6.951610833489937,6.148515153692354,180.0,10.771055277934376,3.8194444444444384
M-paired_jepa-graph_time-base,BioMotionLab_NTroje::rub086,17,0.0073302469135802,6.608282086377165,5.830390318391651,180.0,7.927726530821601,1.319444444444436
M-paired_jepa-graph_time-base,BioMotionLab_NTroje::rub098,17,0.0003086419753086,6.2121423238753,5.656121740755744,180.0,6.267697879430848,0.055555555555548
M-paired_jepa-graph_time-base,BioMotionLab_NTroje::rub106,17,0.0150462962962962,6.337182159791862,5.8087028863328625,180.0,9.045515493125178,2.708333333333316
M-paired_jepa-graph_time-base,BioMotionLab_NTroje::rub115,17,0.0017361111111111,7.088047746826262,6.281268397417893,180.0,7.40054774682626,0.312499999999998
M-paired_jepa-graph_time-base,KIT::348,17,0.0,7.170429928000428,6.379431362325325,180.0,7.170429928000428,0.0
M-paired_jepa-graph_time-base,KIT::6,17,0.0087962962962962,5.412587043171159,5.098839796197789,180.0,6.9959203765044755,1.583333333333316
M-paired_jepa-graph_time-base,BioMotionLab_NTroje::rub002,29,0.0092592592592592,6.662544963030759,6.579815849521189,180.0,8.329211629697415,1.6666666666666559
M-paired_jepa-graph_time-base,BioMotionLab_NTroje::rub023,29,0.0092592592592592,6.470983004322369,6.155697267831708,180.0,8.137649670989024,1.6666666666666559
M-paired_jepa-graph_time-base,BioMotionLab_NTroje::rub044,29,0.0030864197530864,6.245290063935009,5.808909372750463,180.0,6.800845619490561,0.555555555555552
M-paired_jepa-graph_time-base,BioMotionLab_NTroje::rub053,29,0.0,5.892495086217226,5.020785727676933,180.0,5.892495086217226,0.0
M-paired_jepa-graph_time-base,BioMotionLab_NTroje::rub054,29,0.0082304526748971,5.895276907943952,5.706169784632813,180.0,7.376758389425429,1.4814814814814778
M-paired_jepa-graph_time-base,BioMotionLab_NTroje::rub070,29,0.0088734567901234,6.103061656068811,5.723260398591938,180.0,7.700283878291023,1.597222222222212
M-paired_jepa-graph_time-base,BioMotionLab_NTroje::rub072,29,0.0031828703703703,5.467241097979179,5.153705420205965,180.0,6.040157764645833,0.572916666666654
M-paired_jepa-graph_time-base,BioMotionLab_NTroje::rub075,29,0.0185185185185185,6.567167034717898,6.148515153692354,180.0,9.900500368051228,3.33333333333333
M-paired_jepa-graph_time-base,BioMotionLab_NTroje::rub086,29,0.0034722222222222,6.348928506468731,5.830390318391651,180.0,6.973928506468727,0.624999999999996
M-paired_jepa-graph_time-base,BioMotionLab_NTroje::rub098,29,0.0044753086419753,5.861843043034528,5.656121740755744,180.0,6.667398598590083,0.805555555555554
M-paired_jepa-graph_time-base,BioMotionLab_NTroje::rub106,29,0.007716049382716,6.131073632388797,5.8087028863328625,180.0,7.519962521277677,1.38888888888888
M-paired_jepa-graph_time-base,BioMotionLab_NTroje::rub115,29,0.0020254629629629,6.906031905875925,6.281268397417893,180.0,7.270615239209247,0.364583333333322
M-paired_jepa-graph_time-base,KIT::348,29,0.0009259259259259,6.976129606932791,6.379431362325325,180.0,7.142796273599453,0.16666666666666202
M-paired_jepa-graph_time-base,KIT::6,29,0.0111111111111111,5.755483501927988,5.098839796197789,180.0,7.755483501927985,1.9999999999999978
M-paired_jepa-graph_time-base,BioMotionLab_NTroje::rub002,43,0.0092592592592592,6.723918570088721,6.579815849521189,180.0,8.390585236755378,1.6666666666666559
M-paired_jepa-graph_time-base,BioMotionLab_NTroje::rub023,43,0.0024691358024691,6.557610320026664,6.155697267831708,180.0,7.002054764471103,0.44444444444443804
M-paired_jepa-graph_time-base,BioMotionLab_NTroje::rub044,43,0.0023148148148148,6.2439841133125045,5.808909372750463,180.0,6.660650779979169,0.41666666666666397
M-paired_jepa-graph_time-base,BioMotionLab_NTroje::rub053,43,0.0003858024691358,5.460017045847697,5.020785727676933,180.0,5.529461490292141,0.069444444444444
M-paired_jepa-graph_time-base,BioMotionLab_NTroje::rub054,43,0.0010288065843621,5.9538688528392845,5.706169784632813,180.0,6.1390540380244625,0.18518518518517801
M-paired_jepa-graph_time-base,BioMotionLab_NTroje::rub070,43,0.0129243827160493,5.905509543824358,5.723260398591938,180.0,8.231898432713232,2.3263888888888737
M-paired_jepa-graph_time-base,BioMotionLab_NTroje::rub072,43,0.0034722222222222,5.239779691767625,5.153705420205965,180.0,5.864779691767621,0.624999999999996
M-paired_jepa-graph_time-base,BioMotionLab_NTroje::rub075,43,0.0258487654320987,6.223548969080213,6.148515153692354,180.0,10.876326746857979,4.652777777777766
M-paired_jepa-graph_time-base,BioMotionLab_NTroje::rub086,43,0.0092592592592592,6.078219923762577,5.830390318391651,180.0,7.744886590429234,1.6666666666666559
M-paired_jepa-graph_time-base,BioMotionLab_NTroje::rub098,43,0.0026234567901234,5.824272209823888,5.656121740755744,180.0,6.296494432046099,0.472222222222212
M-paired_jepa-graph_time-base,BioMotionLab_NTroje::rub106,43,0.0123456790123456,6.055719544812273,5.8087028863328625,180.0,8.27794176703448,2.222222222222208
M-paired_jepa-graph_time-base,BioMotionLab_NTroje::rub115,43,0.0002893518518518,6.935445961545655,6.281268397417893,180.0,6.987529294878979,0.052083333333324
M-paired_jepa-graph_time-base,KIT::348,43,0.0,6.732567377807813,6.379431362325325,180.0,6.732567377807813,0.0
M-paired_jepa-graph_time-base,KIT::6,43,0.0037037037037037,5.564303125285372,5.098839796197789,180.0,6.230969791952038,0.666666666666666
M-paired_jepa-graph_time-paired_change,BioMotionLab_NTroje::rub002,17,0.0138888888888888,6.75928270069998,6.579815849521189,180.0,9.259282700699963,2.499999999999984
M-paired_jepa-graph_time-paired_change,BioMotionLab_NTroje::rub023,17,0.0037037037037037,6.511463401505587,6.155697267831708,180.0,7.178130068172253,0.666666666666666
M-paired_jepa-graph_time-paired_change,BioMotionLab_NTroje::rub044,17,0.0042438271604938,6.353978450238775,5.808909372750463,180.0,7.117867339127659,0.763888888888884
M-paired_jepa-graph_time-paired_change,BioMotionLab_NTroje::rub053,17,0.0011574074074074,5.538395391483299,5.020785727676933,180.0,5.746728724816631,0.20833333333333198
M-paired_jepa-graph_time-paired_change,BioMotionLab_NTroje::rub054,17,0.0,6.041194659382004,5.706169784632813,180.0,6.041194659382004,0.0
M-paired_jepa-graph_time-paired_change,BioMotionLab_NTroje::rub070,17,0.0125385802469135,5.990071296431777,5.723260398591938,180.0,8.247015740876208,2.25694444444443
M-paired_jepa-graph_time-paired_change,BioMotionLab_NTroje::rub072,17,0.0046296296296296,5.402144421606246,5.153705420205965,180.0,6.2354777549395735,0.8333333333333279
M-paired_jepa-graph_time-paired_change,BioMotionLab_NTroje::rub075,17,0.0196759259259259,6.478970899015803,6.148515153692354,180.0,10.020637565682463,3.5416666666666616
M-paired_jepa-graph_time-paired_change,BioMotionLab_NTroje::rub086,17,0.0054012345679012,6.316072455514823,5.830390318391651,180.0,7.288294677737039,0.9722222222222159
M-paired_jepa-graph_time-paired_change,BioMotionLab_NTroje::rub098,17,0.0,5.793221231529407,5.656121740755744,180.0,5.793221231529407,0.0
M-paired_jepa-graph_time-paired_change,BioMotionLab_NTroje::rub106,17,0.0123456790123456,6.18145229132374,5.8087028863328625,180.0,8.403674513545948,2.222222222222208
M-paired_jepa-graph_time-paired_change,BioMotionLab_NTroje::rub115,17,0.0020254629629629,6.677765257736376,6.281268397417893,180.0,7.042348591069699,0.364583333333322
M-paired_jepa-graph_time-paired_change,KIT::348,17,0.0018518518518518,6.788990265195723,6.379431362325325,180.0,7.122323598529047,0.33333333333332404
M-paired_jepa-graph_time-paired_change,KIT::6,17,0.0083333333333333,5.8059740828462445,5.098839796197789,180.0,7.305974082846238,1.499999999999994
M-paired_jepa-graph_time-paired_change,BioMotionLab_NTroje::rub002,29,0.0,6.839765949209583,6.579815849521189,180.0,6.839765949209583,0.0
M-paired_jepa-graph_time-paired_change,BioMotionLab_NTroje::rub023,29,0.0027777777777777,6.454240014972646,6.155697267831708,180.0,6.954240014972632,0.49999999999998596
M-paired_jepa-graph_time-paired_change,BioMotionLab_NTroje::rub044,29,0.007716049382716,6.141413860848798,5.808909372750463,180.0,7.530302749737677,1.38888888888888
M-paired_jepa-graph_time-paired_change,BioMotionLab_NTroje::rub053,29,0.0011574074074074,5.422483275118079,5.020785727676933,180.0,5.630816608451411,0.20833333333333198
M-paired_jepa-graph_time-paired_change,BioMotionLab_NTroje::rub054,29,0.0,5.950655080368172,5.706169784632813,180.0,5.950655080368172,0.0
M-paired_jepa-graph_time-paired_change,BioMotionLab_NTroje::rub070,29,0.0185185185185185,5.836464701932172,5.723260398591938,180.0,9.169798035265503,3.33333333333333
M-paired_jepa-graph_time-paired_change,BioMotionLab_NTroje::rub072,29,0.0,5.220396433753983,5.153705420205965,180.0,5.220396433753983,0.0
M-paired_jepa-graph_time-paired_change,BioMotionLab_NTroje::rub075,29,0.0165895061728395,6.624323399226578,6.148515153692354,180.0,9.610434510337688,2.98611111111111
M-paired_jepa-graph_time-paired_change,BioMotionLab_NTroje::rub086,29,0.003858024691358,6.239991443394527,5.830390318391651,180.0,6.934435887838967,0.69444444444444
M-paired_jepa-graph_time-paired_change,BioMotionLab_NTroje::rub098,29,0.0015432098765432,5.700912166282158,5.656121740755744,180.0,5.9786899440599335,0.277777777777776
M-paired_jepa-graph_time-paired_change,BioMotionLab_NTroje::rub106,29,0.0169753086419753,6.113826062590294,5.8087028863328625,180.0,9.169381618145849,3.055555555555554
M-paired_jepa-graph_time-paired_change,BioMotionLab_NTroje::rub115,29,0.0008680555555555,6.738736398391526,6.281268397417893,180.0,6.8949863983915165,0.15624999999999
M-paired_jepa-graph_time-paired_change,KIT::348,29,0.0,6.648252310792399,6.379431362325325,180.0,6.648252310792399,0.0
M-paired_jepa-graph_time-paired_change,KIT::6,29,0.0041666666666666,5.286476155804645,5.098839796197789,180.0,6.036476155804634,0.749999999999988
M-paired_jepa-graph_time-paired_change,BioMotionLab_NTroje::rub002,43,0.0,7.035054626761635,6.579815849521189,180.0,7.035054626761635,0.0
M-paired_jepa-graph_time-paired_change,BioMotionLab_NTroje::rub023,43,0.0018518518518518,6.516756374123645,6.155697267831708,180.0,6.850089707456969,0.33333333333332404
M-paired_jepa-graph_time-paired_change,BioMotionLab_NTroje::rub044,43,0.0030864197530864,6.377678456001398,5.808909372750463,180.0,6.93323401155695,0.555555555555552
M-paired_jepa-graph_time-paired_change,BioMotionLab_NTroje::rub053,43,0.0,5.690028830456885,5.020785727676933,180.0,5.690028830456885,0.0
M-paired_jepa-graph_time-paired_change,BioMotionLab_NTroje::rub054,43,0.0015432098765432,6.152026433915776,5.706169784632813,180.0,6.429804211693552,0.277777777777776
M-paired_jepa-graph_time-paired_change,BioMotionLab_NTroje::rub070,43,0.0095486111111111,6.0060387616719435,5.723260398591938,180.0,7.724788761671942,1.718749999999998
M-paired_jepa-graph_time-paired_change,BioMotionLab_NTroje::rub072,43,0.0002893518518518,5.478231047441353,5.153705420205965,180.0,5.530314380774677,0.052083333333324
M-paired_jepa-graph_time-paired_change,BioMotionLab_NTroje::rub075,43,0.0123456790123456,6.764528401253173,6.148515153692354,180.0,8.98675062347538,2.222222222222208
M-paired_jepa-graph_time-paired_change,BioMotionLab_NTroje::rub086,43,0.005787037037037,6.213424138661293,5.830390318391651,180.0,7.255090805327953,1.04166666666666
M-paired_jepa-graph_time-paired_change,BioMotionLab_NTroje::rub098,43,0.008179012345679,6.036853083089241,5.656121740755744,180.0,7.509075305311461,1.47222222222222
M-paired_jepa-graph_time-paired_change,BioMotionLab_NTroje::rub106,43,0.0050154320987654,6.359731359862093,5.8087028863328625,180.0,7.262509137639865,0.9027777777777719
M-paired_jepa-graph_time-paired_change,BioMotionLab_NTroje::rub115,43,0.0008680555555555,6.8339414901305435,6.281268397417893,180.0,6.990191490130534,0.15624999999999
M-paired_jepa-graph_time-paired_change,KIT::348,43,0.0,6.935119870524455,6.379431362325325,180.0,6.935119870524455,0.0
M-paired_jepa-graph_time-paired_change,KIT::6,43,0.0138888888888888,5.539380390390852,5.098839796197789,180.0,8.039380390390836,2.499999999999984
P-direct-none-base,BioMotionLab_NTroje::rub002,17,0.007716049382716,5.648611909932053,6.579815849521189,180.0,7.037500798820933,1.38888888888888
P-direct-none-base,BioMotionLab_NTroje::rub023,17,0.0015432098765432,5.359026787018646,6.155697267831708,180.0,5.636804564796422,0.277777777777776
P-direct-none-base,BioMotionLab_NTroje::rub044,17,0.0015432098765432,5.215417118269609,5.808909372750463,180.0,5.493194896047385,0.277777777777776
P-direct-none-base,BioMotionLab_NTroje::rub053,17,0.001929012345679,4.530153820957761,5.020785727676933,180.0,4.87737604317998,0.34722222222222
P-direct-none-base,BioMotionLab_NTroje::rub054,17,0.0030864197530864,4.944957530020679,5.706169784632813,180.0,5.500513085576231,0.555555555555552
P-direct-none-base,BioMotionLab_NTroje::rub070,17,0.0002893518518518,5.240658083503444,5.723260398591938,180.0,5.292741416836768,0.052083333333324
P-direct-none-base,BioMotionLab_NTroje::rub072,17,0.0043402777777777,4.62574658093341,5.153705420205965,180.0,5.406996580933396,0.781249999999986
P-direct-none-base,BioMotionLab_NTroje::rub075,17,0.007716049382716,5.591504865156913,6.148515153692354,180.0,6.980393754045792,1.38888888888888
P-direct-none-base,BioMotionLab_NTroje::rub086,17,0.0011574074074074,5.258425225149549,5.830390318391651,180.0,5.466758558482881,0.20833333333333198
P-direct-none-base,BioMotionLab_NTroje::rub098,17,0.002932098765432,4.731446261782883,5.656121740755744,180.0,5.259224039560643,0.52777777777776
P-direct-none-base,BioMotionLab_NTroje::rub106,17,0.013503086419753,5.327966910712645,5.8087028863328625,180.0,7.758522466268185,2.4305555555555403
P-direct-none-base,BioMotionLab_NTroje::rub115,17,0.0008680555555555,5.497509253891842,6.281268397417893,180.0,5.653759253891832,0.15624999999999
P-direct-none-base,KIT::348,17,0.0,4.94541116576983,6.379431362325325,180.0,4.94541116576983,0.0
P-direct-none-base,KIT::6,17,0.0009259259259259,4.3971788634204625,5.098839796197789,180.0,4.563845530087124,0.16666666666666202
P-direct-none-base,BioMotionLab_NTroje::rub002,29,0.0,5.619966925798894,6.579815849521189,180.0,5.619966925798894,0.0
P-direct-none-base,BioMotionLab_NTroje::rub023,29,0.0009259259259259,5.392059690222942,6.155697267831708,180.0,5.558726356889603,0.16666666666666202
P-direct-none-base,BioMotionLab_NTroje::rub044,29,0.0,5.148253746734786,5.808909372750463,180.0,5.148253746734786,0.0
P-direct-none-base,BioMotionLab_NTroje::rub053,29,0.0065586419753086,4.455767586916069,5.020785727676933,180.0,5.636323142471618,1.180555555555548
P-direct-none-base,BioMotionLab_NTroje::rub054,29,0.0041152263374485,5.018377850198253,5.706169784632813,180.0,5.759118590938983,0.74074074074073
P-direct-none-base,BioMotionLab_NTroje::rub070,29,0.0047260802469135,5.085964402931091,5.723260398591938,180.0,5.93665884737552,0.85069444444443
P-direct-none-base,BioMotionLab_NTroje::rub072,29,0.0043402777777777,4.618069159142099,5.153705420205965,180.0,5.399319159142085,0.781249999999986
P-direct-none-base,BioMotionLab_NTroje::rub075,29,0.009645061728395,5.478198672045605,6.148515153692354,180.0,7.214309783156705,1.7361111111111
P-direct-none-base,BioMotionLab_NTroje::rub086,29,0.001929012345679,5.346460709315548,5.830390318391651,180.0,5.693682931537768,0.34722222222222
P-direct-none-base,BioMotionLab_NTroje::rub098,29,0.0055555555555555,4.72189980037777,5.656121740755744,180.0,5.72189980037776,0.99999999999999
P-direct-none-base,BioMotionLab_NTroje::rub106,29,0.0127314814814814,5.150596941688865,5.8087028863328625,180.0,7.442263608355517,2.291666666666652
P-direct-none-base,BioMotionLab_NTroje::rub115,29,0.0040509259259259,5.443694213512215,6.281268397417893,180.0,6.1728608801788765,0.729166666666662
P-direct-none-base,KIT::348,29,0.0,5.071321114179625,6.379431362325325,180.0,5.071321114179625,0.0
P-direct-none-base,KIT::6,29,0.0004629629629629,4.220278139553531,5.098839796197789,180.0,4.303611472886853,0.083333333333322
P-direct-none-base,BioMotionLab_NTroje::rub002,43,0.0,5.781135689084529,6.579815849521189,180.0,5.781135689084529,0.0
P-direct-none-base,BioMotionLab_NTroje::rub023,43,0.0003086419753086,5.315842965267144,6.155697267831708,180.0,5.371398520822693,0.055555555555548
P-direct-none-base,BioMotionLab_NTroje::rub044,43,0.0023148148148148,5.000184227074445,5.808909372750463,180.0,5.41685089374111,0.41666666666666397
P-direct-none-base,BioMotionLab_NTroje::rub053,43,0.0003858024691358,4.54447631548209,5.020785727676933,180.0,4.6139207599265335,0.069444444444444
P-direct-none-base,BioMotionLab_NTroje::rub054,43,0.0010288065843621,4.904310776212328,5.706169784632813,180.0,5.089495961397506,0.18518518518517801
P-direct-none-base,BioMotionLab_NTroje::rub070,43,0.0047260802469135,5.1562238752390925,5.723260398591938,180.0,6.006918319683523,0.85069444444443
P-direct-none-base,BioMotionLab_NTroje::rub072,43,0.0069444444444444,4.465063288269166,5.153705420205965,180.0,5.715063288269158,1.249999999999992
P-direct-none-base,BioMotionLab_NTroje::rub075,43,0.0100308641975308,5.376598904343031,6.148515153692354,180.0,7.182154459898575,1.8055555555555438
P-direct-none-base,BioMotionLab_NTroje::rub086,43,0.001929012345679,5.3079705410980145,5.830390318391651,180.0,5.655192763320234,0.34722222222222
P-direct-none-base,BioMotionLab_NTroje::rub098,43,0.0009259259259259,4.849921554004103,5.656121740755744,180.0,5.016588220670765,0.16666666666666202
P-direct-none-base,BioMotionLab_NTroje::rub106,43,0.0092592592592592,5.188587848495899,5.8087028863328625,180.0,6.855254515162555,1.6666666666666559
P-direct-none-base,BioMotionLab_NTroje::rub115,43,0.0011574074074074,5.589191946101094,6.281268397417893,180.0,5.797525279434426,0.20833333333333198
P-direct-none-base,KIT::348,43,0.0,5.092881025479233,6.379431362325325,180.0,5.092881025479233,0.0
P-direct-none-base,KIT::6,43,0.0027777777777777,4.243488741677419,5.098839796197789,180.0,4.743488741677405,0.49999999999998596
P-direct-none-paired_change,BioMotionLab_NTroje::rub002,17,0.007716049382716,6.037822875913566,6.579815849521189,180.0,7.426711764802446,1.38888888888888
P-direct-none-paired_change,BioMotionLab_NTroje::rub023,17,0.0098765432098765,5.593455105162943,6.155697267831708,180.0,7.3712328829407125,1.77777777777777
P-direct-none-paired_change,BioMotionLab_NTroje::rub044,17,0.009645061728395,5.384857728188391,5.808909372750463,180.0,7.120968839299491,1.7361111111111
P-direct-none-paired_change,BioMotionLab_NTroje::rub053,17,0.0061728395061728,4.923736215739796,5.020785727676933,180.0,6.034847326850899,1.111111111111104
P-direct-none-paired_change,BioMotionLab_NTroje::rub054,17,0.0,5.16431712593359,5.706169784632813,180.0,5.16431712593359,0.0
P-direct-none-paired_change,BioMotionLab_NTroje::rub070,17,0.0149498456790123,5.439344379678401,5.723260398591938,180.0,8.130316601900615,2.690972222222214
P-direct-none-paired_change,BioMotionLab_NTroje::rub072,17,0.0046296296296296,4.840580448772002,5.153705420205965,180.0,5.67391378210533,0.8333333333333279
P-direct-none-paired_change,BioMotionLab_NTroje::rub075,17,0.0196759259259259,5.852272090269071,6.148515153692354,180.0,9.393938756935732,3.5416666666666616
P-direct-none-paired_change,BioMotionLab_NTroje::rub086,17,0.0100308641975308,5.351907013334963,5.830390318391651,180.0,7.157462568890507,1.8055555555555438
P-direct-none-paired_change,BioMotionLab_NTroje::rub098,17,0.0041666666666666,5.282734789643053,5.656121740755744,180.0,6.03273478964304,0.749999999999988
P-direct-none-paired_change,BioMotionLab_NTroje::rub106,17,0.0131172839506172,5.4387044438391845,5.8087028863328625,180.0,7.79981555495028,2.361111111111096
P-direct-none-paired_change,BioMotionLab_NTroje::rub115,17,0.0008680555555555,6.232903254440512,6.281268397417893,180.0,6.389153254440502,0.15624999999999
P-direct-none-paired_change,KIT::348,17,0.0,5.846660658165132,6.379431362325325,180.0,5.846660658165132,0.0
P-direct-none-paired_change,KIT::6,17,0.0101851851851851,5.671270896954008,5.098839796197789,180.0,7.504604230287326,1.833333333333318
P-direct-none-paired_change,BioMotionLab_NTroje::rub002,29,0.0046296296296296,6.1557332009429935,6.579815849521189,180.0,6.989066534276321,0.8333333333333279
P-direct-none-paired_change,BioMotionLab_NTroje::rub023,29,0.0101851851851851,5.630029119758231,6.155697267831708,180.0,7.463362453091549,1.833333333333318
P-direct-none-paired_change,BioMotionLab_NTroje::rub044,29,0.0027006172839506,5.431491181261944,5.808909372750463,180.0,5.9176022923730525,0.48611111111110794
P-direct-none-paired_change,BioMotionLab_NTroje::rub053,29,0.007716049382716,5.174949003880638,5.020785727676933,180.0,6.563837892769518,1.38888888888888
P-direct-none-paired_change,BioMotionLab_NTroje::rub054,29,0.000514403292181,5.123852658951408,5.706169784632813,180.0,5.2164452515439885,0.09259259259257999
P-direct-none-paired_change,BioMotionLab_NTroje::rub070,29,0.0152391975308641,5.431703822587688,5.723260398591938,180.0,8.174759378143227,2.743055555555538
P-direct-none-paired_change,BioMotionLab_NTroje::rub072,29,0.0,5.059872193014748,5.153705420205965,180.0,5.059872193014748,0.0
P-direct-none-paired_change,BioMotionLab_NTroje::rub075,29,0.013503086419753,5.829506129143643,6.148515153692354,180.0,8.260061684699183,2.4305555555555403
P-direct-none-paired_change,BioMotionLab_NTroje::rub086,29,0.007716049382716,5.370168927187538,5.830390318391651,180.0,6.759057816076417,1.38888888888888
P-direct-none-paired_change,BioMotionLab_NTroje::rub098,29,0.0037037037037037,5.370288701698799,5.656121740755744,180.0,6.036955368365465,0.666666666666666
P-direct-none-paired_change,BioMotionLab_NTroje::rub106,29,0.0104166666666666,5.503573264812313,5.8087028863328625,180.0,7.378573264812301,1.874999999999988
P-direct-none-paired_change,BioMotionLab_NTroje::rub115,29,0.0,6.190894596832834,6.281268397417893,180.0,6.190894596832834,0.0
P-direct-none-paired_change,KIT::348,29,0.0018518518518518,6.201146509132238,6.379431362325325,180.0,6.534479842465562,0.33333333333332404
P-direct-none-paired_change,KIT::6,29,0.0083333333333333,5.913408126432876,5.098839796197789,180.0,7.41340812643287,1.499999999999994
P-direct-none-paired_change,BioMotionLab_NTroje::rub002,43,0.0046296296296296,6.342436883286304,6.579815849521189,180.0,7.1757702166196315,0.8333333333333279
P-direct-none-paired_change,BioMotionLab_NTroje::rub023,43,0.0104938271604938,5.917851988429427,6.155697267831708,180.0,7.806740877318311,1.888888888888884
P-direct-none-paired_change,BioMotionLab_NTroje::rub044,43,0.0127314814814814,5.488134675083479,5.808909372750463,180.0,7.779801341750131,2.291666666666652
P-direct-none-paired_change,BioMotionLab_NTroje::rub053,43,0.0007716049382716,5.478486906289608,5.020785727676933,180.0,5.617375795178496,0.138888888888888
P-direct-none-paired_change,BioMotionLab_NTroje::rub054,43,0.0015432098765432,5.292831478606438,5.706169784632813,180.0,5.570609256384214,0.277777777777776
P-direct-none-paired_change,BioMotionLab_NTroje::rub070,43,0.0108989197530864,5.642622574779034,5.723260398591938,180.0,7.604428130334586,1.961805555555552
P-direct-none-paired_change,BioMotionLab_NTroje::rub072,43,0.0063657407407407,5.088182310508685,5.153705420205965,180.0,6.234015643842011,1.145833333333326
P-direct-none-paired_change,BioMotionLab_NTroje::rub075,43,0.015432098765432,6.124434797172801,6.148515153692354,180.0,8.90221257495056,2.77777777777776
P-direct-none-paired_change,BioMotionLab_NTroje::rub086,43,0.0092592592592592,5.641260295986214,5.830390318391651,180.0,7.30792696265287,1.6666666666666559
P-direct-none-paired_change,BioMotionLab_NTroje::rub098,43,0.0040123456790123,5.538703009127006,5.656121740755744,180.0,6.26092523134922,0.722222222222214
P-direct-none-paired_change,BioMotionLab_NTroje::rub106,43,0.0104166666666666,5.544448739911446,5.8087028863328625,180.0,7.419448739911434,1.874999999999988
P-direct-none-paired_change,BioMotionLab_NTroje::rub115,43,0.0011574074074074,6.477744774587776,6.281268397417893,180.0,6.686078107921108,0.20833333333333198
P-direct-none-paired_change,KIT::348,43,0.0046296296296296,6.628467017794884,6.379431362325325,180.0,7.461800351128212,0.8333333333333279
P-direct-none-paired_change,KIT::6,43,0.0087962962962962,5.977616630632265,5.098839796197789,180.0,7.560949963965581,1.583333333333316
I-initialized-none-base,BioMotionLab_NTroje::rub002,17,0.0,7.219859227592887,6.579815849521189,180.0,7.219859227592887,0.0
I-initialized-none-base,BioMotionLab_NTroje::rub023,17,0.0,7.0639994139656705,6.155697267831708,180.0,7.0639994139656705,0.0
I-initialized-none-base,BioMotionLab_NTroje::rub044,17,0.0023148148148148,6.563062586916598,5.808909372750463,180.0,6.979729253583263,0.41666666666666397
I-initialized-none-base,BioMotionLab_NTroje::rub053,17,0.0,6.225401993579981,5.020785727676933,180.0,6.225401993579981,0.0
I-initialized-none-base,BioMotionLab_NTroje::rub054,17,0.000514403292181,6.478761910656638,5.706169784632813,180.0,6.571354503249218,0.09259259259257999
I-initialized-none-base,BioMotionLab_NTroje::rub070,17,0.0108989197530864,6.429224041327979,5.723260398591938,180.0,8.39102959688353,1.961805555555552
I-initialized-none-base,BioMotionLab_NTroje::rub072,17,0.0005787037037037,5.815331803805579,5.153705420205965,180.0,5.919498470472245,0.10416666666666599
I-initialized-none-base,BioMotionLab_NTroje::rub075,17,0.0138888888888888,7.151215216840225,6.148515153692354,180.0,9.65121521684021,2.499999999999984
I-initialized-none-base,BioMotionLab_NTroje::rub086,17,0.0023148148148148,6.65793907976903,5.830390318391651,180.0,7.074605746435695,0.41666666666666397
I-initialized-none-base,BioMotionLab_NTroje::rub098,17,0.0,6.218129943444614,5.656121740755744,180.0,6.218129943444614,0.0
I-initialized-none-base,BioMotionLab_NTroje::rub106,17,0.0104166666666666,6.445508366684038,5.8087028863328625,180.0,8.320508366684026,1.874999999999988
I-initialized-none-base,BioMotionLab_NTroje::rub115,17,0.0,7.375772800785132,6.281268397417893,180.0,7.375772800785132,0.0
I-initialized-none-base,KIT::348,17,0.0,7.111711423295096,6.379431362325325,180.0,7.111711423295096,0.0
I-initialized-none-base,KIT::6,17,0.0074074074074074,6.506370599141212,5.098839796197789,180.0,7.839703932474544,1.333333333333332
I-initialized-none-base,BioMotionLab_NTroje::rub002,29,0.0,7.1316690989143785,6.579815849521189,180.0,7.1316690989143785,0.0
I-initialized-none-base,BioMotionLab_NTroje::rub023,29,0.0,7.032143224920799,6.155697267831708,180.0,7.032143224920799,0.0
I-initialized-none-base,BioMotionLab_NTroje::rub044,29,0.0015432098765432,6.6295705144015,5.808909372750463,180.0,6.907348292179276,0.277777777777776
I-initialized-none-base,BioMotionLab_NTroje::rub053,29,0.0,6.279186488700011,5.020785727676933,180.0,6.279186488700011,0.0
I-initialized-none-base,BioMotionLab_NTroje::rub054,29,0.0,6.502912679873365,5.706169784632813,180.0,6.502912679873365,0.0
I-initialized-none-base,BioMotionLab_NTroje::rub070,29,0.0179398148148148,6.409055687219682,5.723260398591938,180.0,9.638222353886347,3.2291666666666643
I-initialized-none-base,BioMotionLab_NTroje::rub072,29,0.0014467592592592,5.845173742259431,5.153705420205965,180.0,6.105590408926087,0.26041666666665597
I-initialized-none-base,BioMotionLab_NTroje::rub075,29,0.0173611111111111,7.036462483922648,6.148515153692354,180.0,10.161462483922646,3.1249999999999982
I-initialized-none-base,BioMotionLab_NTroje::rub086,29,0.0,6.709055316958145,5.830390318391651,180.0,6.709055316958145,0.0
I-initialized-none-base,BioMotionLab_NTroje::rub098,29,0.0009259259259259,6.186407162167282,5.656121740755744,180.0,6.353073828833944,0.16666666666666202
I-initialized-none-base,BioMotionLab_NTroje::rub106,29,0.0127314814814814,6.407935119871856,5.8087028863328625,180.0,8.699601786538508,2.291666666666652
I-initialized-none-base,BioMotionLab_NTroje::rub115,29,0.0,7.397716470146045,6.281268397417893,180.0,7.397716470146045,0.0
I-initialized-none-base,KIT::348,29,0.0,7.081876998020123,6.379431362325325,180.0,7.081876998020123,0.0
I-initialized-none-base,KIT::6,29,0.0046296296296296,6.402996841443326,5.098839796197789,180.0,7.236330174776653,0.8333333333333279
I-initialized-none-base,BioMotionLab_NTroje::rub002,43,0.0,7.200305984534093,6.579815849521189,180.0,7.200305984534093,0.0
I-initialized-none-base,BioMotionLab_NTroje::rub023,43,0.0,7.0545265811186315,6.155697267831708,180.0,7.0545265811186315,0.0
I-initialized-none-base,BioMotionLab_NTroje::rub044,43,0.0003858024691358,6.619099701398775,5.808909372750463,180.0,6.688544145843219,0.069444444444444
I-initialized-none-base,BioMotionLab_NTroje::rub053,43,0.0,6.054678511876068,5.020785727676933,180.0,6.054678511876068,0.0
I-initialized-none-base,BioMotionLab_NTroje::rub054,43,0.0,6.416893828575148,5.706169784632813,180.0,6.416893828575148,0.0
I-initialized-none-base,BioMotionLab_NTroje::rub070,43,0.0113811728395061,6.359188839124702,5.723260398591938,180.0,8.4077999502358,2.048611111111098
I-initialized-none-base,BioMotionLab_NTroje::rub072,43,0.0,5.682860133814009,5.153705420205965,180.0,5.682860133814009,0.0
I-initialized-none-base,BioMotionLab_NTroje::rub075,43,0.013503086419753,7.157498088305801,6.148515153692354,180.0,9.588053643861342,2.4305555555555403
I-initialized-none-base,BioMotionLab_NTroje::rub086,43,0.0023148148148148,6.562086458823888,5.830390318391651,180.0,6.978753125490552,0.41666666666666397
I-initialized-none-base,BioMotionLab_NTroje::rub098,43,0.0040123456790123,6.241079301658074,5.656121740755744,180.0,6.963301523880288,0.722222222222214
I-initialized-none-base,BioMotionLab_NTroje::rub106,43,0.0158179012345679,6.3040169289365915,5.8087028863328625,180.0,9.151239151158814,2.847222222222222
I-initialized-none-base,BioMotionLab_NTroje::rub115,43,0.0002893518518518,7.32183246252748,6.281268397417893,180.0,7.373915795860804,0.052083333333324
I-initialized-none-base,KIT::348,43,0.0018518518518518,7.330291027496822,6.379431362325325,180.0,7.663624360830146,0.33333333333332404
I-initialized-none-base,KIT::6,43,0.0083333333333333,6.352462319480582,5.098839796197789,180.0,7.852462319480575,1.499999999999994
I-initialized-none-paired_change,BioMotionLab_NTroje::rub002,17,0.0030864197530864,7.039001984964123,6.579815849521189,180.0,7.594557540519675,0.555555555555552
I-initialized-none-paired_change,BioMotionLab_NTroje::rub023,17,0.0,6.650980839599197,6.155697267831708,180.0,6.650980839599197,0.0
I-initialized-none-paired_change,BioMotionLab_NTroje::rub044,17,0.0050154320987654,6.3996601191131495,5.808909372750463,180.0,7.302437896890922,0.9027777777777719
I-initialized-none-paired_change,BioMotionLab_NTroje::rub053,17,0.0,5.761614689697823,5.020785727676933,180.0,5.761614689697823,0.0
I-initialized-none-paired_change,BioMotionLab_NTroje::rub054,17,0.0,6.097243651961411,5.706169784632813,180.0,6.097243651961411,0.0
I-initialized-none-paired_change,BioMotionLab_NTroje::rub070,17,0.0129243827160493,6.060166147588345,5.723260398591938,180.0,8.386555036477219,2.3263888888888737
I-initialized-none-paired_change,BioMotionLab_NTroje::rub072,17,0.0017361111111111,5.51033076309011,5.153705420205965,180.0,5.822830763090108,0.312499999999998
I-initialized-none-paired_change,BioMotionLab_NTroje::rub075,17,0.0200617283950617,6.7049941817901235,6.148515153692354,180.0,10.316105292901229,3.611111111111106
I-initialized-none-paired_change,BioMotionLab_NTroje::rub086,17,0.0023148148148148,6.334221163463151,5.830390318391651,180.0,6.750887830129815,0.41666666666666397
I-initialized-none-paired_change,BioMotionLab_NTroje::rub098,17,0.0032407407407407,6.193942953497851,5.656121740755744,180.0,6.777276286831177,0.5833333333333259
I-initialized-none-paired_change,BioMotionLab_NTroje::rub106,17,0.0146604938271604,6.2458933312376494,5.8087028863328625,180.0,8.884782220126521,2.638888888888872
I-initialized-none-paired_change,BioMotionLab_NTroje::rub115,17,0.0020254629629629,7.107329950700818,6.281268397417893,180.0,7.47191328403414,0.364583333333322
I-initialized-none-paired_change,KIT::348,17,0.0,6.8100590195445605,6.379431362325325,180.0,6.8100590195445605,0.0
I-initialized-none-paired_change,KIT::6,17,0.0041666666666666,5.889852047533244,5.098839796197789,180.0,6.639852047533232,0.749999999999988
I-initialized-none-paired_change,BioMotionLab_NTroje::rub002,29,0.0,7.165907919880404,6.579815849521189,180.0,7.165907919880404,0.0
I-initialized-none-paired_change,BioMotionLab_NTroje::rub023,29,0.0,6.753358078876505,6.155697267831708,180.0,6.753358078876505,0.0
I-initialized-none-paired_change,BioMotionLab_NTroje::rub044,29,0.0104166666666666,6.607097497071617,5.808909372750463,180.0,8.482097497071605,1.874999999999988
I-initialized-none-paired_change,BioMotionLab_NTroje::rub053,29,0.0034722222222222,5.78765102577062,5.020785727676933,180.0,6.412651025770616,0.624999999999996
I-initialized-none-paired_change,BioMotionLab_NTroje::rub054,29,0.0015432098765432,6.393864792732589,5.706169784632813,180.0,6.671642570510365,0.277777777777776
I-initialized-none-paired_change,BioMotionLab_NTroje::rub070,29,0.013599537037037,6.255217153977803,5.723260398591938,180.0,8.703133820644464,2.44791666666666
I-initialized-none-paired_change,BioMotionLab_NTroje::rub072,29,0.0,5.610585995061232,5.153705420205965,180.0,5.610585995061232,0.0
I-initialized-none-paired_change,BioMotionLab_NTroje::rub075,29,0.0258487654320987,6.682753911556813,6.148515153692354,180.0,11.33553168933458,4.652777777777766
I-initialized-none-paired_change,BioMotionLab_NTroje::rub086,29,0.005787037037037,6.627566961768349,5.830390318391651,180.0,7.669233628435009,1.04166666666666
I-initialized-none-paired_change,BioMotionLab_NTroje::rub098,29,0.0001543209876543,6.144476347851794,5.656121740755744,180.0,6.172254125629568,0.027777777777774
I-initialized-none-paired_change,BioMotionLab_NTroje::rub106,29,0.0189043209876543,6.419360106821908,5.8087028863328625,180.0,9.822137884599682,3.402777777777774
I-initialized-none-paired_change,BioMotionLab_NTroje::rub115,29,0.0026041666666666,6.946667090911266,6.281268397417893,180.0,7.415417090911253,0.468749999999988
I-initialized-none-paired_change,KIT::348,29,0.0,6.40287469214709,6.379431362325325,180.0,6.40287469214709,0.0
I-initialized-none-paired_change,KIT::6,29,0.0027777777777777,5.391634663240117,5.098839796197789,180.0,5.891634663240103,0.49999999999998596
I-initialized-none-paired_change,BioMotionLab_NTroje::rub002,43,0.0,7.107836753032085,6.579815849521189,180.0,7.107836753032085,0.0
I-initialized-none-paired_change,BioMotionLab_NTroje::rub023,43,0.0,6.695453018693938,6.155697267831708,180.0,6.695453018693938,0.0
I-initialized-none-paired_change,BioMotionLab_NTroje::rub044,43,0.0084876543209876,6.404968372450333,5.808909372750463,180.0,7.932746150228101,1.527777777777768
I-initialized-none-paired_change,BioMotionLab_NTroje::rub053,43,0.0,5.8437664723662115,5.020785727676933,180.0,5.8437664723662115,0.0
I-initialized-none-paired_change,BioMotionLab_NTroje::rub054,43,0.0015432098765432,6.402942453721607,5.706169784632813,180.0,6.680720231499383,0.277777777777776
I-initialized-none-paired_change,BioMotionLab_NTroje::rub070,43,0.0152391975308641,6.332352312830086,5.723260398591938,180.0,9.075407868385623,2.743055555555538
I-initialized-none-paired_change,BioMotionLab_NTroje::rub072,43,0.0043402777777777,5.703706625180354,5.153705420205965,180.0,6.48495662518034,0.781249999999986
I-initialized-none-paired_change,BioMotionLab_NTroje::rub075,43,0.0138888888888888,6.756387360418305,6.148515153692354,180.0,9.25638736041829,2.499999999999984
I-initialized-none-paired_change,BioMotionLab_NTroje::rub086,43,0.0007716049382716,6.463058034092948,5.830390318391651,180.0,6.601946922981837,0.138888888888888
I-initialized-none-paired_change,BioMotionLab_NTroje::rub098,43,0.0013888888888888,6.31106552241055,5.656121740755744,180.0,6.561065522410534,0.249999999999984
I-initialized-none-paired_change,BioMotionLab_NTroje::rub106,43,0.0111882716049382,6.397072685754154,5.8087028863328625,180.0,8.41096157464303,2.013888888888876
I-initialized-none-paired_change,BioMotionLab_NTroje::rub115,43,0.0,7.158694930973316,6.281268397417893,180.0,7.158694930973316,0.0
I-initialized-none-paired_change,KIT::348,43,0.0055555555555555,6.667452175415077,6.379431362325325,180.0,7.667452175415067,0.99999999999999
I-initialized-none-paired_change,KIT::6,43,0.0037037037037037,5.719440270885654,5.098839796197789,180.0,6.38610693755232,0.666666666666666
I-shuffled_jepa-graph_time-base,BioMotionLab_NTroje::rub002,17,0.0,7.190550472294813,6.579815849521189,180.0,7.190550472294813,0.0
I-shuffled_jepa-graph_time-base,BioMotionLab_NTroje::rub023,17,0.0,6.998415528661175,6.155697267831708,180.0,6.998415528661175,0.0
I-shuffled_jepa-graph_time-base,BioMotionLab_NTroje::rub044,17,0.0054012345679012,6.5576584072598445,5.808909372750463,180.0,7.529880629482061,0.9722222222222159
I-shuffled_jepa-graph_time-base,BioMotionLab_NTroje::rub053,17,0.0011574074074074,6.099428428177761,5.020785727676933,180.0,6.3077617615110935,0.20833333333333198
I-shuffled_jepa-graph_time-base,BioMotionLab_NTroje::rub054,17,0.0,6.366968164625081,5.706169784632813,180.0,6.366968164625081,0.0
I-shuffled_jepa-graph_time-base,BioMotionLab_NTroje::rub070,17,0.0061728395061728,6.445379528807747,5.723260398591938,180.0,7.5564906399188505,1.111111111111104
I-shuffled_jepa-graph_time-base,BioMotionLab_NTroje::rub072,17,0.003761574074074,5.75208672510471,5.153705420205965,180.0,6.42917005843803,0.67708333333332
I-shuffled_jepa-graph_time-base,BioMotionLab_NTroje::rub075,17,0.015432098765432,7.03056295448928,6.148515153692354,180.0,9.808340732267041,2.77777777777776
I-shuffled_jepa-graph_time-base,BioMotionLab_NTroje::rub086,17,0.0011574074074074,6.733988264024908,5.830390318391651,180.0,6.94232159735824,0.20833333333333198
I-shuffled_jepa-graph_time-base,BioMotionLab_NTroje::rub098,17,0.0066358024691358,6.331309303668773,5.656121740755744,180.0,7.525753748113217,1.194444444444444
I-shuffled_jepa-graph_time-base,BioMotionLab_NTroje::rub106,17,0.0100308641975308,6.4775767249538,5.8087028863328625,180.0,8.283132280509344,1.8055555555555438
I-shuffled_jepa-graph_time-base,BioMotionLab_NTroje::rub115,17,0.0026041666666666,7.310149984118782,6.281268397417893,180.0,7.77889998411877,0.468749999999988
I-shuffled_jepa-graph_time-base,KIT::348,17,0.0,7.097185746962561,6.379431362325325,180.0,7.097185746962561,0.0
I-shuffled_jepa-graph_time-base,KIT::6,17,0.0041666666666666,6.357786617579251,5.098839796197789,180.0,7.107786617579238,0.749999999999988
I-shuffled_jepa-graph_time-base,BioMotionLab_NTroje::rub002,29,0.0,6.998086050460164,6.579815849521189,180.0,6.998086050460164,0.0
I-shuffled_jepa-graph_time-base,BioMotionLab_NTroje::rub023,29,0.0003086419753086,6.982403589924229,6.155697267831708,180.0,7.037959145479777,0.055555555555548
I-shuffled_jepa-graph_time-base,BioMotionLab_NTroje::rub044,29,0.0003858024691358,6.60822796571194,5.808909372750463,180.0,6.677672410156384,0.069444444444444
I-shuffled_jepa-graph_time-base,BioMotionLab_NTroje::rub053,29,0.001929012345679,6.106560727669458,5.020785727676933,180.0,6.453782949891678,0.34722222222222
I-shuffled_jepa-graph_time-base,BioMotionLab_NTroje::rub054,29,0.0,6.414630927205724,5.706169784632813,180.0,6.414630927205724,0.0
I-shuffled_jepa-graph_time-base,BioMotionLab_NTroje::rub070,29,0.0129243827160493,6.3778746799988175,5.723260398591938,180.0,8.704263568887692,2.3263888888888737
I-shuffled_jepa-graph_time-base,BioMotionLab_NTroje::rub072,29,0.0026041666666666,5.66206174204391,5.153705420205965,180.0,6.130811742043898,0.468749999999988
I-shuffled_jepa-graph_time-base,BioMotionLab_NTroje::rub075,29,0.0192901234567901,7.0136886555157405,6.148515153692354,180.0,10.48591087773796,3.4722222222222183
I-shuffled_jepa-graph_time-base,BioMotionLab_NTroje::rub086,29,0.0007716049382716,6.637719854403898,5.830390318391651,180.0,6.776608743292786,0.138888888888888
I-shuffled_jepa-graph_time-base,BioMotionLab_NTroje::rub098,29,0.0055555555555555,6.098512669392553,5.656121740755744,180.0,7.0985126693925436,0.99999999999999
I-shuffled_jepa-graph_time-base,BioMotionLab_NTroje::rub106,29,0.0069444444444444,6.506567184577385,5.8087028863328625,180.0,7.756567184577377,1.249999999999992
I-shuffled_jepa-graph_time-base,BioMotionLab_NTroje::rub115,29,0.0028935185185185,7.173117783907497,6.281268397417893,180.0,7.693951117240827,0.52083333333333
I-shuffled_jepa-graph_time-base,KIT::348,29,0.0,7.249049543559688,6.379431362325325,180.0,7.249049543559688,0.0
I-shuffled_jepa-graph_time-base,KIT::6,29,0.0027777777777777,6.234312458153975,5.098839796197789,180.0,6.734312458153961,0.49999999999998596
I-shuffled_jepa-graph_time-base,BioMotionLab_NTroje::rub002,43,0.0,6.863560984572568,6.579815849521189,180.0,6.863560984572568,0.0
I-shuffled_jepa-graph_time-base,BioMotionLab_NTroje::rub023,43,0.0,6.985332992052411,6.155697267831708,180.0,6.985332992052411,0.0
I-shuffled_jepa-graph_time-base,BioMotionLab_NTroje::rub044,43,0.0015432098765432,6.489550338933046,5.808909372750463,180.0,6.7673281167108215,0.277777777777776
I-shuffled_jepa-graph_time-base,BioMotionLab_NTroje::rub053,43,0.0,5.725079512567278,5.020785727676933,180.0,5.725079512567278,0.0
I-shuffled_jepa-graph_time-base,BioMotionLab_NTroje::rub054,43,0.0,6.330191398717905,5.706169784632813,180.0,6.330191398717905,0.0
I-shuffled_jepa-graph_time-base,BioMotionLab_NTroje::rub070,43,0.0140817901234567,6.189134896320692,5.723260398591938,180.0,8.723857118542897,2.534722222222206
I-shuffled_jepa-graph_time-base,BioMotionLab_NTroje::rub072,43,0.0002893518518518,5.5675941932695885,5.153705420205965,180.0,5.619677526602913,0.052083333333324
I-shuffled_jepa-graph_time-base,BioMotionLab_NTroje::rub075,43,0.0162037037037037,6.8263567622786505,6.148515153692354,180.0,9.743023428945317,2.916666666666666
I-shuffled_jepa-graph_time-base,BioMotionLab_NTroje::rub086,43,0.0011574074074074,6.449136280651082,5.830390318391651,180.0,6.657469613984414,0.20833333333333198
I-shuffled_jepa-graph_time-base,BioMotionLab_NTroje::rub098,43,0.0024691358024691,5.9543563255137055,5.656121740755744,180.0,6.398800769958144,0.44444444444443804
I-shuffled_jepa-graph_time-base,BioMotionLab_NTroje::rub106,43,0.0131172839506172,6.345621111461327,5.8087028863328625,180.0,8.706732222572423,2.361111111111096
I-shuffled_jepa-graph_time-base,BioMotionLab_NTroje::rub115,43,0.0014467592592592,7.194489037010803,6.281268397417893,180.0,7.4549057036774595,0.26041666666665597
I-shuffled_jepa-graph_time-base,KIT::348,43,0.0,6.845813136803787,6.379431362325325,180.0,6.845813136803787,0.0
I-shuffled_jepa-graph_time-base,KIT::6,43,0.0004629629629629,6.065492829821926,5.098839796197789,180.0,6.148826163155248,0.083333333333322
I-shuffled_jepa-graph_time-paired_change,BioMotionLab_NTroje::rub002,17,0.0023148148148148,6.7412131699179625,6.579815849521189,180.0,7.157879836584627,0.41666666666666397
I-shuffled_jepa-graph_time-paired_change,BioMotionLab_NTroje::rub023,17,0.0006172839506172,6.762560972972395,6.155697267831708,180.0,6.87367208408349,0.111111111111096
I-shuffled_jepa-graph_time-paired_change,BioMotionLab_NTroje::rub044,17,0.0064814814814814,6.301670479567431,5.808909372750463,180.0,7.468337146234083,1.1666666666666519
I-shuffled_jepa-graph_time-paired_change,BioMotionLab_NTroje::rub053,17,0.0,5.764377648461252,5.020785727676933,180.0,5.764377648461252,0.0
I-shuffled_jepa-graph_time-paired_change,BioMotionLab_NTroje::rub054,17,0.0,6.38293254525511,5.706169784632813,180.0,6.38293254525511,0.0
I-shuffled_jepa-graph_time-paired_change,BioMotionLab_NTroje::rub070,17,0.0151427469135802,5.841114476306053,5.723260398591938,180.0,8.56680892075049,2.7256944444444358
I-shuffled_jepa-graph_time-paired_change,BioMotionLab_NTroje::rub072,17,0.0017361111111111,5.50153170783567,5.153705420205965,180.0,5.814031707835668,0.312499999999998
I-shuffled_jepa-graph_time-paired_change,BioMotionLab_NTroje::rub075,17,0.0293209876543209,6.6329592901634,6.148515153692354,180.0,11.910737067941161,5.277777777777762
I-shuffled_jepa-graph_time-paired_change,BioMotionLab_NTroje::rub086,17,0.0007716049382716,6.332805632683878,5.830390318391651,180.0,6.471694521572767,0.138888888888888
I-shuffled_jepa-graph_time-paired_change,BioMotionLab_NTroje::rub098,17,0.0046296296296296,6.0413387125376445,5.656121740755744,180.0,6.874672045870972,0.8333333333333279
I-shuffled_jepa-graph_time-paired_change,BioMotionLab_NTroje::rub106,17,0.0088734567901234,6.362912736937201,5.8087028863328625,180.0,7.960134959159413,1.597222222222212
I-shuffled_jepa-graph_time-paired_change,BioMotionLab_NTroje::rub115,17,0.0031828703703703,6.951596831207823,6.281268397417893,180.0,7.5245134978744765,0.572916666666654
I-shuffled_jepa-graph_time-paired_change,KIT::348,17,0.0,6.786120574733376,6.379431362325325,180.0,6.786120574733376,0.0
I-shuffled_jepa-graph_time-paired_change,KIT::6,17,0.0018518518518518,5.647100690006992,5.098839796197789,180.0,5.980434023340316,0.33333333333332404
I-shuffled_jepa-graph_time-paired_change,BioMotionLab_NTroje::rub002,29,0.0,7.060970824287213,6.579815849521189,180.0,7.060970824287213,0.0
I-shuffled_jepa-graph_time-paired_change,BioMotionLab_NTroje::rub023,29,0.0,6.685029326610964,6.155697267831708,180.0,6.685029326610964,0.0
I-shuffled_jepa-graph_time-paired_change,BioMotionLab_NTroje::rub044,29,0.0054012345679012,6.382092773454631,5.808909372750463,180.0,7.354314995676847,0.9722222222222159
I-shuffled_jepa-graph_time-paired_change,BioMotionLab_NTroje::rub053,29,0.0254629629629629,5.848584532959262,5.020785727676933,180.0,10.431917866292583,4.5833333333333215
I-shuffled_jepa-graph_time-paired_change,BioMotionLab_NTroje::rub054,29,0.0046296296296296,6.199492844430222,5.706169784632813,180.0,7.03282617776355,0.8333333333333279
I-shuffled_jepa-graph_time-paired_change,BioMotionLab_NTroje::rub070,29,0.0189043209876543,6.1409277015913215,5.723260398591938,180.0,9.543705479369095,3.402777777777774
I-shuffled_jepa-graph_time-paired_change,BioMotionLab_NTroje::rub072,29,0.0054976851851851,5.4202417187083825,5.153705420205965,180.0,6.4098250520417,0.989583333333318
I-shuffled_jepa-graph_time-paired_change,BioMotionLab_NTroje::rub075,29,0.0235339506172839,6.457320253142606,6.148515153692354,180.0,10.693431364253708,4.236111111111102
I-shuffled_jepa-graph_time-paired_change,BioMotionLab_NTroje::rub086,29,0.0069444444444444,6.415800265563185,5.830390318391651,180.0,7.665800265563177,1.249999999999992
I-shuffled_jepa-graph_time-paired_change,BioMotionLab_NTroje::rub098,29,0.0146604938271604,5.825169765338693,5.656121740755744,180.0,8.464058654227564,2.638888888888872
I-shuffled_jepa-graph_time-paired_change,BioMotionLab_NTroje::rub106,29,0.0150462962962962,6.192488252099902,5.8087028863328625,180.0,8.900821585433217,2.708333333333316
I-shuffled_jepa-graph_time-paired_change,BioMotionLab_NTroje::rub115,29,0.003761574074074,6.8224019290812095,6.281268397417893,180.0,7.499485262414529,0.67708333333332
I-shuffled_jepa-graph_time-paired_change,KIT::348,29,0.0018518518518518,6.653913866863815,6.379431362325325,180.0,6.987247200197139,0.33333333333332404
I-shuffled_jepa-graph_time-paired_change,KIT::6,29,0.0254629629629629,6.165324788024125,5.098839796197789,180.0,10.748658121357447,4.5833333333333215
I-shuffled_jepa-graph_time-paired_change,BioMotionLab_NTroje::rub002,43,0.0,6.992774309742835,6.579815849521189,180.0,6.992774309742835,0.0
I-shuffled_jepa-graph_time-paired_change,BioMotionLab_NTroje::rub023,43,0.0,6.775697025432082,6.155697267831708,180.0,6.775697025432082,0.0
I-shuffled_jepa-graph_time-paired_change,BioMotionLab_NTroje::rub044,43,0.0091049382716049,6.498492034746767,5.808909372750463,180.0,8.137380923635648,1.638888888888882
I-shuffled_jepa-graph_time-paired_change,BioMotionLab_NTroje::rub053,43,0.0046296296296296,5.620941233869737,5.020785727676933,180.0,6.454274567203065,0.8333333333333279
I-shuffled_jepa-graph_time-paired_change,BioMotionLab_NTroje::rub054,43,0.0015432098765432,6.238011366582554,5.706169784632813,180.0,6.51578914436033,0.277777777777776
I-shuffled_jepa-graph_time-paired_change,BioMotionLab_NTroje::rub070,43,0.0192901234567901,5.990119513600608,5.723260398591938,180.0,9.462341735822827,3.4722222222222183
I-shuffled_jepa-graph_time-paired_change,BioMotionLab_NTroje::rub072,43,0.0011574074074074,5.486953304883414,5.153705420205965,180.0,5.695286638216746,0.20833333333333198
I-shuffled_jepa-graph_time-paired_change,BioMotionLab_NTroje::rub075,43,0.0235339506172839,6.602649574040195,6.148515153692354,180.0,10.838760685151296,4.236111111111102
I-shuffled_jepa-graph_time-paired_change,BioMotionLab_NTroje::rub086,43,0.005787037037037,6.482161071744312,5.830390318391651,180.0,7.523827738410972,1.04166666666666
I-shuffled_jepa-graph_time-paired_change,BioMotionLab_NTroje::rub098,43,0.0016975308641975,6.139899709645929,5.656121740755744,180.0,6.445455265201479,0.30555555555555003
I-shuffled_jepa-graph_time-paired_change,BioMotionLab_NTroje::rub106,43,0.0177469135802469,6.42668525213078,5.8087028863328625,180.0,9.621129696575222,3.194444444444442
I-shuffled_jepa-graph_time-paired_change,BioMotionLab_NTroje::rub115,43,0.0,6.917566975989933,6.281268397417893,180.0,6.917566975989933,0.0
I-shuffled_jepa-graph_time-paired_change,KIT::348,43,0.0,6.93927805637226,6.379431362325325,180.0,6.93927805637226,0.0
I-shuffled_jepa-graph_time-paired_change,KIT::6,43,0.0060185185185185,5.9613983312433065,5.098839796197789,180.0,7.044731664576637,1.0833333333333302
F-response-jepa_delta_v1-graph_time-paired_change,BioMotionLab_NTroje::rub002,17,0.0092592592592592,6.873976960022829,6.579815849521189,360.0,10.20731029335614,3.3333333333333117
F-response-jepa_delta_v1-graph_time-paired_change,BioMotionLab_NTroje::rub023,17,0.0021604938271604,6.6674993206702595,6.155697267831708,360.0,7.4452770984480034,0.7777777777777439
F-response-jepa_delta_v1-graph_time-paired_change,BioMotionLab_NTroje::rub044,17,0.003858024691358,6.295768175967559,5.808909372750463,360.0,7.68465706485644,1.38888888888888
F-response-jepa_delta_v1-graph_time-paired_change,BioMotionLab_NTroje::rub053,17,0.0,5.7787748991924,5.020785727676933,360.0,5.7787748991924,0.0
F-response-jepa_delta_v1-graph_time-paired_change,BioMotionLab_NTroje::rub054,17,0.0,6.038336261860807,5.706169784632813,360.0,6.038336261860807,0.0
F-response-jepa_delta_v1-graph_time-paired_change,BioMotionLab_NTroje::rub070,17,0.0120563271604938,6.026687962037594,5.723260398591938,360.0,10.366965739815363,4.340277777777768
F-response-jepa_delta_v1-graph_time-paired_change,BioMotionLab_NTroje::rub072,17,0.0008680555555555,5.553858237572246,5.153705420205965,360.0,5.866358237572227,0.31249999999998
F-response-jepa_delta_v1-graph_time-paired_change,BioMotionLab_NTroje::rub075,17,0.013503086419753,6.635908646935852,6.148515153692354,360.0,11.497019758046932,4.8611111111110805
F-response-jepa_delta_v1-graph_time-paired_change,BioMotionLab_NTroje::rub086,17,0.0015432098765432,6.383762560462331,5.830390318391651,360.0,6.9393181160178825,0.555555555555552
F-response-jepa_delta_v1-graph_time-paired_change,BioMotionLab_NTroje::rub098,17,0.0023148148148148,5.909105631645247,5.656121740755744,360.0,6.742438964978574,0.8333333333333279
F-response-jepa_delta_v1-graph_time-paired_change,BioMotionLab_NTroje::rub106,17,0.0088734567901234,6.256673814959807,5.8087028863328625,360.0,9.451118259404232,3.194444444444424
F-response-jepa_delta_v1-graph_time-paired_change,BioMotionLab_NTroje::rub115,17,0.0002893518518518,6.837762728661996,6.281268397417893,360.0,6.9419293953286445,0.104166666666648
F-response-jepa_delta_v1-graph_time-paired_change,KIT::348,17,0.0,6.4320839627011805,6.379431362325325,360.0,6.4320839627011805,0.0
F-response-jepa_delta_v1-graph_time-paired_change,KIT::6,17,0.0083333333333333,5.588784320162324,5.098839796197789,360.0,8.588784320162311,2.999999999999988
F-response-jepa_delta_v1-graph_time-paired_change,BioMotionLab_NTroje::rub002,29,0.0046296296296296,6.806497902566633,6.579815849521189,360.0,8.473164569233289,1.6666666666666559
F-response-jepa_delta_v1-graph_time-paired_change,BioMotionLab_NTroje::rub023,29,0.0018518518518518,6.499086207193159,6.155697267831708,360.0,7.165752873859807,0.6666666666666481
F-response-jepa_delta_v1-graph_time-paired_change,BioMotionLab_NTroje::rub044,29,0.0046296296296296,6.175238014073574,5.808909372750463,360.0,7.84190468074023,1.6666666666666559
F-response-jepa_delta_v1-graph_time-paired_change,BioMotionLab_NTroje::rub053,29,0.0034722222222222,5.460827545249348,5.020785727676933,360.0,6.71082754524934,1.249999999999992
F-response-jepa_delta_v1-graph_time-paired_change,BioMotionLab_NTroje::rub054,29,0.0015432098765432,5.9240076751332,5.706169784632813,360.0,6.479563230688751,0.555555555555552
F-response-jepa_delta_v1-graph_time-paired_change,BioMotionLab_NTroje::rub070,29,0.0094521604938271,5.877924987512333,5.723260398591938,360.0,9.280702765290089,3.402777777777756
F-response-jepa_delta_v1-graph_time-paired_change,BioMotionLab_NTroje::rub072,29,0.0005787037037037,5.392552851847604,5.153705420205965,360.0,5.600886185180936,0.20833333333333198
F-response-jepa_delta_v1-graph_time-paired_change,BioMotionLab_NTroje::rub075,29,0.0289351851851851,6.366617905830922,6.148515153692354,360.0,16.783284572497557,10.416666666666636
F-response-jepa_delta_v1-graph_time-paired_change,BioMotionLab_NTroje::rub086,29,0.0034722222222222,6.155177720338858,5.830390318391651,360.0,7.40517772033885,1.249999999999992
F-response-jepa_delta_v1-graph_time-paired_change,BioMotionLab_NTroje::rub098,29,0.0041666666666666,5.84297071652892,5.656121740755744,360.0,7.342970716528896,1.499999999999976
F-response-jepa_delta_v1-graph_time-paired_change,BioMotionLab_NTroje::rub106,29,0.0092592592592592,6.140233307128258,5.8087028863328625,360.0,9.47356664046157,3.3333333333333117
F-response-jepa_delta_v1-graph_time-paired_change,BioMotionLab_NTroje::rub115,29,0.0034722222222222,6.72890742991393,6.281268397417893,360.0,7.978907429913922,1.249999999999992
F-response-jepa_delta_v1-graph_time-paired_change,KIT::348,29,0.0037037037037037,6.484276966866257,6.379431362325325,360.0,7.817610300199589,1.333333333333332
F-response-jepa_delta_v1-graph_time-paired_change,KIT::6,29,0.0097222222222222,5.2851000564478365,5.098839796197789,360.0,8.785100056447828,3.499999999999992
F-response-jepa_delta_v1-graph_time-paired_change,BioMotionLab_NTroje::rub002,43,0.0046296296296296,6.964704086691653,6.579815849521189,360.0,8.63137075335831,1.6666666666666559
F-response-jepa_delta_v1-graph_time-paired_change,BioMotionLab_NTroje::rub023,43,0.0,6.709307401610244,6.155697267831708,360.0,6.709307401610244,0.0
F-response-jepa_delta_v1-graph_time-paired_change,BioMotionLab_NTroje::rub044,43,0.0050154320987654,6.2471692573360516,5.808909372750463,360.0,8.052724812891595,1.8055555555555438
F-response-jepa_delta_v1-graph_time-paired_change,BioMotionLab_NTroje::rub053,43,0.0,5.769251800021138,5.020785727676933,360.0,5.769251800021138,0.0
F-response-jepa_delta_v1-graph_time-paired_change,BioMotionLab_NTroje::rub054,43,0.0,6.219758985887315,5.706169784632813,360.0,6.219758985887315,0.0
F-response-jepa_delta_v1-graph_time-paired_change,BioMotionLab_NTroje::rub070,43,0.0109953703703703,6.009078242364411,5.723260398591938,360.0,9.967411575697719,3.9583333333333077
F-response-jepa_delta_v1-graph_time-paired_change,BioMotionLab_NTroje::rub072,43,0.0026041666666666,5.454360383273547,5.153705420205965,360.0,6.3918603832735235,0.937499999999976
F-response-jepa_delta_v1-graph_time-paired_change,BioMotionLab_NTroje::rub075,43,0.0192901234567901,6.644320937534521,6.148515153692354,360.0,13.588765381978957,6.944444444444437
F-response-jepa_delta_v1-graph_time-paired_change,BioMotionLab_NTroje::rub086,43,0.0027006172839506,6.475114542849831,5.830390318391651,360.0,7.4473367650720474,0.9722222222222159
F-response-jepa_delta_v1-graph_time-paired_change,BioMotionLab_NTroje::rub098,43,0.0015432098765432,5.863074749648957,5.656121740755744,360.0,6.418630305204509,0.555555555555552
F-response-jepa_delta_v1-graph_time-paired_change,BioMotionLab_NTroje::rub106,43,0.0142746913580246,6.305621963656296,5.8087028863328625,360.0,11.444510852545152,5.138888888888856
F-response-jepa_delta_v1-graph_time-paired_change,BioMotionLab_NTroje::rub115,43,0.0,6.932267489219835,6.281268397417893,360.0,6.932267489219835,0.0
F-response-jepa_delta_v1-graph_time-paired_change,KIT::348,43,0.0,6.871503114620087,6.379431362325325,360.0,6.871503114620087,0.0
F-response-jepa_delta_v1-graph_time-paired_change,KIT::6,43,0.0074074074074074,5.91908349565211,5.098839796197789,360.0,8.585750162318774,2.666666666666664
F-response-jepa_endpoint_v1-graph_time-paired_change,BioMotionLab_NTroje::rub002,17,0.0,7.171179693955793,6.579815849521189,360.0,7.171179693955793,0.0
F-response-jepa_endpoint_v1-graph_time-paired_change,BioMotionLab_NTroje::rub023,17,0.0006172839506172,6.604996333149602,6.155697267831708,360.0,6.827218555371794,0.222222222222192
F-response-jepa_endpoint_v1-graph_time-paired_change,BioMotionLab_NTroje::rub044,17,0.0069444444444444,6.4200616172576686,5.808909372750463,360.0,8.920061617257652,2.499999999999984
F-response-jepa_endpoint_v1-graph_time-paired_change,BioMotionLab_NTroje::rub053,17,0.0,5.915607001644844,5.020785727676933,360.0,5.915607001644844,0.0
F-response-jepa_endpoint_v1-graph_time-paired_change,BioMotionLab_NTroje::rub054,17,0.0030864197530864,6.250381324224182,5.706169784632813,360.0,7.361492435335286,1.111111111111104
F-response-jepa_endpoint_v1-graph_time-paired_change,BioMotionLab_NTroje::rub070,17,0.0130208333333333,5.915864617332717,5.723260398591938,360.0,10.603364617332705,4.687499999999988
F-response-jepa_endpoint_v1-graph_time-paired_change,BioMotionLab_NTroje::rub072,17,0.0011574074074074,5.582798787657271,5.153705420205965,360.0,5.999465454323936,0.41666666666666397
F-response-jepa_endpoint_v1-graph_time-paired_change,BioMotionLab_NTroje::rub075,17,0.0212191358024691,6.574811003763735,6.148515153692354,360.0,14.213699892652611,7.638888888888877
F-response-jepa_endpoint_v1-graph_time-paired_change,BioMotionLab_NTroje::rub086,17,0.0034722222222222,6.44618695218636,5.830390318391651,360.0,7.696186952186352,1.249999999999992
F-response-jepa_endpoint_v1-graph_time-paired_change,BioMotionLab_NTroje::rub098,17,0.0023148148148148,5.8869020403484535,5.656121740755744,360.0,6.720235373681781,0.8333333333333279
F-response-jepa_endpoint_v1-graph_time-paired_change,BioMotionLab_NTroje::rub106,17,0.0185185185185185,6.34077924636221,5.8087028863328625,360.0,13.00744591302887,6.66666666666666
F-response-jepa_endpoint_v1-graph_time-paired_change,BioMotionLab_NTroje::rub115,17,0.0002893518518518,6.912868684304989,6.281268397417893,360.0,7.017035350971637,0.104166666666648
F-response-jepa_endpoint_v1-graph_time-paired_change,KIT::348,17,0.0,6.307174266693523,6.379431362325325,360.0,6.307174266693523,0.0
F-response-jepa_endpoint_v1-graph_time-paired_change,KIT::6,17,0.0064814814814814,5.324645760405953,5.098839796197789,360.0,7.6579790937392564,2.3333333333333037
F-response-jepa_endpoint_v1-graph_time-paired_change,BioMotionLab_NTroje::rub002,29,0.0,6.8429293175158605,6.579815849521189,360.0,6.8429293175158605,0.0
F-response-jepa_endpoint_v1-graph_time-paired_change,BioMotionLab_NTroje::rub023,29,0.0,6.703238093165235,6.155697267831708,360.0,6.703238093165235,0.0
F-response-jepa_endpoint_v1-graph_time-paired_change,BioMotionLab_NTroje::rub044,29,0.0104166666666666,6.397228646935335,5.808909372750463,360.0,10.14722864693531,3.749999999999976
F-response-jepa_endpoint_v1-graph_time-paired_change,BioMotionLab_NTroje::rub053,29,0.0,5.884483351060172,5.020785727676933,360.0,5.884483351060172,0.0
F-response-jepa_endpoint_v1-graph_time-paired_change,BioMotionLab_NTroje::rub054,29,0.000514403292181,6.222569706719116,5.706169784632813,360.0,6.407754891904276,0.18518518518515997
F-response-jepa_endpoint_v1-graph_time-paired_change,BioMotionLab_NTroje::rub070,29,0.0168788580246913,6.362683671103908,5.723260398591938,360.0,12.439072559992777,6.076388888888868
F-response-jepa_endpoint_v1-graph_time-paired_change,BioMotionLab_NTroje::rub072,29,0.0046296296296296,5.580974107973965,5.153705420205965,360.0,7.247640774640621,1.6666666666666559
F-response-jepa_endpoint_v1-graph_time-paired_change,BioMotionLab_NTroje::rub075,29,0.013503086419753,6.879987835170565,6.148515153692354,360.0,11.741098946281646,4.8611111111110805
F-response-jepa_endpoint_v1-graph_time-paired_change,BioMotionLab_NTroje::rub086,29,0.0034722222222222,6.228635688560243,5.830390318391651,360.0,7.478635688560235,1.249999999999992
F-response-jepa_endpoint_v1-graph_time-paired_change,BioMotionLab_NTroje::rub098,29,0.0055555555555555,6.0200859524501285,5.656121740755744,360.0,8.020085952450108,1.99999999999998
F-response-jepa_endpoint_v1-graph_time-paired_change,BioMotionLab_NTroje::rub106,29,0.0204475308641975,6.309781198899014,5.8087028863328625,360.0,13.670892310010114,7.3611111111111
F-response-jepa_endpoint_v1-graph_time-paired_change,BioMotionLab_NTroje::rub115,29,0.0008680555555555,7.037429010741072,6.281268397417893,360.0,7.349929010741052,0.31249999999998
F-response-jepa_endpoint_v1-graph_time-paired_change,KIT::348,29,0.0027777777777777,6.597759291879972,6.379431362325325,360.0,7.597759291879943,0.9999999999999719
F-response-jepa_endpoint_v1-graph_time-paired_change,KIT::6,29,0.0018518518518518,5.709007983624236,5.098839796197789,360.0,6.375674650290884,0.6666666666666481
F-response-jepa_endpoint_v1-graph_time-paired_change,BioMotionLab_NTroje::rub002,43,0.0,7.033561672285537,6.579815849521189,360.0,7.033561672285537,0.0
F-response-jepa_endpoint_v1-graph_time-paired_change,BioMotionLab_NTroje::rub023,43,0.0003086419753086,6.663054419154025,6.155697267831708,360.0,6.774165530265121,0.111111111111096
F-response-jepa_endpoint_v1-graph_time-paired_change,BioMotionLab_NTroje::rub044,43,0.0108024691358024,6.310830048750695,5.808909372750463,360.0,10.19971893763956,3.8888888888888635
F-response-jepa_endpoint_v1-graph_time-paired_change,BioMotionLab_NTroje::rub053,43,0.0015432098765432,5.747868493842263,5.020785727676933,360.0,6.303424049397814,0.555555555555552
F-response-jepa_endpoint_v1-graph_time-paired_change,BioMotionLab_NTroje::rub054,43,0.0030864197530864,6.100065827896863,5.706169784632813,360.0,7.2111769390079665,1.111111111111104
F-response-jepa_endpoint_v1-graph_time-paired_change,BioMotionLab_NTroje::rub070,43,0.0110918209876543,6.158958758465182,5.723260398591938,360.0,10.15201431402073,3.9930555555555483
F-response-jepa_endpoint_v1-graph_time-paired_change,BioMotionLab_NTroje::rub072,43,0.0002893518518518,5.4768355620156015,5.153705420205965,360.0,5.58100222868225,0.104166666666648
F-response-jepa_endpoint_v1-graph_time-paired_change,BioMotionLab_NTroje::rub075,43,0.0246913580246913,6.667265021661173,6.148515153692354,360.0,15.55615391055004,8.888888888888868
F-response-jepa_endpoint_v1-graph_time-paired_change,BioMotionLab_NTroje::rub086,43,0.0011574074074074,6.321813536982575,5.830390318391651,360.0,6.73848020364924,0.41666666666666397
F-response-jepa_endpoint_v1-graph_time-paired_change,BioMotionLab_NTroje::rub098,43,0.0015432098765432,6.145922201708034,5.656121740755744,360.0,6.701477757263586,0.555555555555552
F-response-jepa_endpoint_v1-graph_time-paired_change,BioMotionLab_NTroje::rub106,43,0.0142746913580246,6.3867504636910155,5.8087028863328625,360.0,11.525639352579873,5.138888888888856
F-response-jepa_endpoint_v1-graph_time-paired_change,BioMotionLab_NTroje::rub115,43,0.0,6.834217083083749,6.281268397417893,360.0,6.834217083083749,0.0
F-response-jepa_endpoint_v1-graph_time-paired_change,KIT::348,43,0.0027777777777777,6.867210513154298,6.379431362325325,360.0,7.867210513154269,0.9999999999999719
F-response-jepa_endpoint_v1-graph_time-paired_change,KIT::6,43,0.0069444444444444,5.705491239974473,5.098839796197789,360.0,8.205491239974457,2.499999999999984
F-response-coordinate_delta_v1-graph_time-paired_change,BioMotionLab_NTroje::rub002,17,0.0,7.01203960531847,6.579815849521189,360.0,7.01203960531847,0.0
F-response-coordinate_delta_v1-graph_time-paired_change,BioMotionLab_NTroje::rub023,17,0.0320987654320987,6.2688367564253245,6.155697267831708,360.0,17.82439231198086,11.555555555555532
F-response-coordinate_delta_v1-graph_time-paired_change,BioMotionLab_NTroje::rub044,17,0.0182098765432098,5.98275535336775,5.808909372750463,360.0,12.538310908923279,6.555555555555528
F-response-coordinate_delta_v1-graph_time-paired_change,BioMotionLab_NTroje::rub053,17,0.0042438271604938,5.545538682726742,5.020785727676933,360.0,7.07331646050451,1.527777777777768
F-response-coordinate_delta_v1-graph_time-paired_change,BioMotionLab_NTroje::rub054,17,0.0030864197530864,5.886420125769139,5.706169784632813,360.0,6.997531236880244,1.111111111111104
F-response-coordinate_delta_v1-graph_time-paired_change,BioMotionLab_NTroje::rub070,17,0.0235339506172839,5.768370700633335,5.723260398591938,360.0,14.240592922855539,8.472222222222204
F-response-coordinate_delta_v1-graph_time-paired_change,BioMotionLab_NTroje::rub072,17,0.0109953703703703,5.174339888180634,5.153705420205965,360.0,9.132673221513942,3.9583333333333077
F-response-coordinate_delta_v1-graph_time-paired_change,BioMotionLab_NTroje::rub075,17,0.0385802469135802,6.275382825862118,6.148515153692354,360.0,20.164271714750992,13.888888888888873
F-response-coordinate_delta_v1-graph_time-paired_change,BioMotionLab_NTroje::rub086,17,0.0165895061728395,6.038615249588495,5.830390318391651,360.0,12.010837471810714,5.97222222222222
F-response-coordinate_delta_v1-graph_time-paired_change,BioMotionLab_NTroje::rub098,17,0.0021604938271604,5.799042056618768,5.656121740755744,360.0,6.576819834396512,0.7777777777777439
F-response-coordinate_delta_v1-graph_time-paired_change,BioMotionLab_NTroje::rub106,17,0.0219907407407407,5.9243698396533135,5.8087028863328625,360.0,13.841036506319966,7.916666666666652
F-response-coordinate_delta_v1-graph_time-paired_change,BioMotionLab_NTroje::rub115,17,0.0005787037037037,6.749335329292587,6.281268397417893,360.0,6.957668662625919,0.20833333333333198
F-response-coordinate_delta_v1-graph_time-paired_change,KIT::348,17,0.0027777777777777,6.474177311457328,6.379431362325325,360.0,7.4741773114573,0.9999999999999719
F-response-coordinate_delta_v1-graph_time-paired_change,KIT::6,17,0.0032407407407407,5.215970071807079,5.098839796197789,360.0,6.382636738473731,1.1666666666666519
F-response-coordinate_delta_v1-graph_time-paired_change,BioMotionLab_NTroje::rub002,29,0.0,7.070465319751762,6.579815849521189,360.0,7.070465319751762,0.0
F-response-coordinate_delta_v1-graph_time-paired_change,BioMotionLab_NTroje::rub023,29,0.0123456790123456,6.6067338115838625,6.155697267831708,360.0,11.05117825602828,4.444444444444416
F-response-coordinate_delta_v1-graph_time-paired_change,BioMotionLab_NTroje::rub044,29,0.0087962962962962,6.4334868954083,5.808909372750463,360.0,9.600153562074931,3.166666666666632
F-response-coordinate_delta_v1-graph_time-paired_change,BioMotionLab_NTroje::rub053,29,0.0092592592592592,5.599279036859032,5.020785727676933,360.0,8.932612370192345,3.3333333333333117
F-response-coordinate_delta_v1-graph_time-paired_change,BioMotionLab_NTroje::rub054,29,0.0,6.244945845409544,5.706169784632813,360.0,6.244945845409544,0.0
F-response-coordinate_delta_v1-graph_time-paired_change,BioMotionLab_NTroje::rub070,29,0.0217013888888888,6.15411775672814,5.723260398591938,360.0,13.966617756728109,7.812499999999969
F-response-coordinate_delta_v1-graph_time-paired_change,BioMotionLab_NTroje::rub072,29,0.0072337962962962,5.454304362330599,5.153705420205965,360.0,8.05847102899723,2.604166666666632
F-response-coordinate_delta_v1-graph_time-paired_change,BioMotionLab_NTroje::rub075,29,0.0470679012345679,6.456640769380417,6.148515153692354,360.0,23.401085213824864,16.944444444444446
F-response-coordinate_delta_v1-graph_time-paired_change,BioMotionLab_NTroje::rub086,29,0.0046296296296296,6.343334097609588,5.830390318391651,360.0,8.010000764276244,1.6666666666666559
F-response-coordinate_delta_v1-graph_time-paired_change,BioMotionLab_NTroje::rub098,29,0.002932098765432,6.017594184604681,5.656121740755744,360.0,7.073149740160201,1.05555555555552
F-response-coordinate_delta_v1-graph_time-paired_change,BioMotionLab_NTroje::rub106,29,0.0158179012345679,6.463488042055957,5.8087028863328625,360.0,12.1579324865004,5.694444444444444
F-response-coordinate_delta_v1-graph_time-paired_change,BioMotionLab_NTroje::rub115,29,0.0020254629629629,6.9292739706614865,6.281268397417893,360.0,7.65844063732813,0.729166666666644
F-response-coordinate_delta_v1-graph_time-paired_change,KIT::348,29,0.0027777777777777,6.426235787060189,6.379431362325325,360.0,7.42623578706016,0.9999999999999719
F-response-coordinate_delta_v1-graph_time-paired_change,KIT::6,29,0.0,5.28379592058807,5.098839796197789,360.0,5.28379592058807,0.0
F-response-coordinate_delta_v1-graph_time-paired_change,BioMotionLab_NTroje::rub002,43,0.0138888888888888,6.754274449333955,6.579815849521189,360.0,11.754274449333924,4.999999999999968
F-response-coordinate_delta_v1-graph_time-paired_change,BioMotionLab_NTroje::rub023,43,0.0151234567901234,6.234831122665066,6.155697267831708,360.0,11.67927556710949,5.444444444444424
F-response-coordinate_delta_v1-graph_time-paired_change,BioMotionLab_NTroje::rub044,43,0.0101851851851851,6.080365559916754,5.808909372750463,360.0,9.74703222658339,3.666666666666636
F-response-coordinate_delta_v1-graph_time-paired_change,BioMotionLab_NTroje::rub053,43,0.0081018518518518,5.679534823694851,5.020785727676933,360.0,8.5962014903615,2.916666666666648
F-response-coordinate_delta_v1-graph_time-paired_change,BioMotionLab_NTroje::rub054,43,0.0056584362139917,5.752897375710913,5.706169784632813,360.0,7.789934412747925,2.0370370370370123
F-response-coordinate_delta_v1-graph_time-paired_change,BioMotionLab_NTroje::rub070,43,0.0244020061728395,5.807249014500888,5.723260398591938,360.0,14.591971236723108,8.78472222222222
F-response-coordinate_delta_v1-graph_time-paired_change,BioMotionLab_NTroje::rub072,43,0.005787037037037,5.376754566674913,5.153705420205965,360.0,7.460087900008233,2.08333333333332
F-response-coordinate_delta_v1-graph_time-paired_change,BioMotionLab_NTroje::rub075,43,0.0516975308641975,6.277661201676693,6.148515153692354,360.0,24.888772312787793,18.6111111111111
F-response-coordinate_delta_v1-graph_time-paired_change,BioMotionLab_NTroje::rub086,43,0.0108024691358024,6.040472954217958,5.830390318391651,360.0,9.929361843106822,3.8888888888888635
F-response-coordinate_delta_v1-graph_time-paired_change,BioMotionLab_NTroje::rub098,43,0.0032407407407407,5.721479123959627,5.656121740755744,360.0,6.888145790626279,1.1666666666666519
F-response-coordinate_delta_v1-graph_time-paired_change,BioMotionLab_NTroje::rub106,43,0.0192901234567901,6.041741456884282,5.8087028863328625,360.0,12.986185901328719,6.944444444444437
F-response-coordinate_delta_v1-graph_time-paired_change,BioMotionLab_NTroje::rub115,43,0.0,6.708604666387216,6.281268397417893,360.0,6.708604666387216,0.0
F-response-coordinate_delta_v1-graph_time-paired_change,KIT::348,43,0.0037037037037037,6.562392441108,6.379431362325325,360.0,7.895725774441332,1.333333333333332
F-response-coordinate_delta_v1-graph_time-paired_change,KIT::6,43,0.0069444444444444,5.3148894681333285,5.098839796197789,360.0,7.8148894681333125,2.499999999999984
F-response-jepa_delta_v1-graph_time-base,BioMotionLab_NTroje::rub002,17,0.0046296296296296,7.208551689774216,6.579815849521189,360.0,8.875218356440872,1.6666666666666559
F-response-jepa_delta_v1-graph_time-base,BioMotionLab_NTroje::rub023,17,0.0037037037037037,7.010505657554458,6.155697267831708,360.0,8.34383899088779,1.333333333333332
F-response-jepa_delta_v1-graph_time-base,BioMotionLab_NTroje::rub044,17,0.0015432098765432,6.826860775582671,5.808909372750463,360.0,7.382416331138223,0.555555555555552
F-response-jepa_delta_v1-graph_time-base,BioMotionLab_NTroje::rub053,17,0.0027006172839506,5.736671424995266,5.020785727676933,360.0,6.708893647217482,0.9722222222222159
F-response-jepa_delta_v1-graph_time-base,BioMotionLab_NTroje::rub054,17,0.0,6.214613712825924,5.706169784632813,360.0,6.214613712825924,0.0
F-response-jepa_delta_v1-graph_time-base,BioMotionLab_NTroje::rub070,17,0.0179398148148148,6.302984850450983,5.723260398591938,360.0,12.761318183784311,6.458333333333329
F-response-jepa_delta_v1-graph_time-base,BioMotionLab_NTroje::rub072,17,0.0023148148148148,5.697619888920812,5.153705420205965,360.0,6.53095322225414,0.8333333333333279
F-response-jepa_delta_v1-graph_time-base,BioMotionLab_NTroje::rub075,17,0.0231481481481481,6.899087148293113,6.148515153692354,360.0,15.232420481626429,8.333333333333316
F-response-jepa_delta_v1-graph_time-base,BioMotionLab_NTroje::rub086,17,0.0054012345679012,6.634212137693248,5.830390318391651,360.0,8.578656582137679,1.9444444444444318
F-response-jepa_delta_v1-graph_time-base,BioMotionLab_NTroje::rub098,17,0.0009259259259259,6.150698002506027,5.656121740755744,360.0,6.484031335839351,0.33333333333332404
F-response-jepa_delta_v1-graph_time-base,BioMotionLab_NTroje::rub106,17,0.0108024691358024,6.380855435100084,5.8087028863328625,360.0,10.269744323988949,3.8888888888888635
F-response-jepa_delta_v1-graph_time-base,BioMotionLab_NTroje::rub115,17,0.0008680555555555,7.100672314693551,6.281268397417893,360.0,7.413172314693531,0.31249999999998
F-response-jepa_delta_v1-graph_time-base,KIT::348,17,0.0,7.024117161509283,6.379431362325325,360.0,7.024117161509283,0.0
F-response-jepa_delta_v1-graph_time-base,KIT::6,17,0.0060185185185185,5.456722545900967,5.098839796197789,360.0,7.623389212567627,2.1666666666666603
F-response-jepa_delta_v1-graph_time-base,BioMotionLab_NTroje::rub002,29,0.0092592592592592,6.5592079428133205,6.579815849521189,360.0,9.892541276146632,3.3333333333333117
F-response-jepa_delta_v1-graph_time-base,BioMotionLab_NTroje::rub023,29,0.0101851851851851,6.4594019232053626,6.155697267831708,360.0,10.126068589871998,3.666666666666636
F-response-jepa_delta_v1-graph_time-base,BioMotionLab_NTroje::rub044,29,0.0034722222222222,6.248713887318563,5.808909372750463,360.0,7.498713887318555,1.249999999999992
F-response-jepa_delta_v1-graph_time-base,BioMotionLab_NTroje::rub053,29,0.0003858024691358,5.93503168252758,5.020785727676933,360.0,6.073920571416468,0.138888888888888
F-response-jepa_delta_v1-graph_time-base,BioMotionLab_NTroje::rub054,29,0.0061728395061728,5.988995559275388,5.706169784632813,360.0,8.211217781497595,2.222222222222208
F-response-jepa_delta_v1-graph_time-base,BioMotionLab_NTroje::rub070,29,0.009741512345679,6.106283241703662,5.723260398591938,360.0,9.613227686148102,3.50694444444444
F-response-jepa_delta_v1-graph_time-base,BioMotionLab_NTroje::rub072,29,0.0028935185185185,5.492816158620771,5.153705420205965,360.0,6.534482825287431,1.04166666666666
F-response-jepa_delta_v1-graph_time-base,BioMotionLab_NTroje::rub075,29,0.0192901234567901,6.590845857059665,6.148515153692354,360.0,13.535290301504102,6.944444444444437
F-response-jepa_delta_v1-graph_time-base,BioMotionLab_NTroje::rub086,29,0.0054012345679012,6.362963605261108,5.830390318391651,360.0,8.30740804970554,1.9444444444444318
F-response-jepa_delta_v1-graph_time-base,BioMotionLab_NTroje::rub098,29,0.0040123456790123,5.8421942357087735,5.656121740755744,360.0,7.286638680153201,1.444444444444428
F-response-jepa_delta_v1-graph_time-base,BioMotionLab_NTroje::rub106,29,0.0100308641975308,6.148473577700256,5.8087028863328625,360.0,9.759584688811344,3.6111111111110876
F-response-jepa_delta_v1-graph_time-base,BioMotionLab_NTroje::rub115,29,0.0011574074074074,6.937408847974231,6.281268397417893,360.0,7.354075514640895,0.41666666666666397
F-response-jepa_delta_v1-graph_time-base,KIT::348,29,0.0,6.9410173746496735,6.379431362325325,360.0,6.9410173746496735,0.0
F-response-jepa_delta_v1-graph_time-base,KIT::6,29,0.0152777777777777,5.763893709818907,5.098839796197789,360.0,11.263893709818879,5.499999999999972
F-response-jepa_delta_v1-graph_time-base,BioMotionLab_NTroje::rub002,43,0.0092592592592592,6.748714013451598,6.579815849521189,360.0,10.08204734678491,3.3333333333333117
F-response-jepa_delta_v1-graph_time-base,BioMotionLab_NTroje::rub023,43,0.0049382716049382,6.558251522973255,6.155697267831708,360.0,8.336029300751008,1.7777777777777521
F-response-jepa_delta_v1-graph_time-base,BioMotionLab_NTroje::rub044,43,0.0023148148148148,6.232471736579332,5.808909372750463,360.0,7.06580506991266,0.8333333333333279
F-response-jepa_delta_v1-graph_time-base,BioMotionLab_NTroje::rub053,43,0.0011574074074074,5.467938569105761,5.020785727676933,360.0,5.884605235772425,0.41666666666666397
F-response-jepa_delta_v1-graph_time-base,BioMotionLab_NTroje::rub054,43,0.0010288065843621,6.029447867676917,5.706169784632813,360.0,6.399818238047273,0.37037037037035603
F-response-jepa_delta_v1-graph_time-base,BioMotionLab_NTroje::rub070,43,0.0131172839506172,5.9309125467316255,5.723260398591938,360.0,10.653134768953818,4.722222222222192
F-response-jepa_delta_v1-graph_time-base,BioMotionLab_NTroje::rub072,43,0.003761574074074,5.261088694194676,5.153705420205965,360.0,6.615255360861316,1.35416666666664
F-response-jepa_delta_v1-graph_time-base,BioMotionLab_NTroje::rub075,43,0.0246913580246913,6.3627026653713585,6.148515153692354,360.0,15.251591554260227,8.888888888888868
F-response-jepa_delta_v1-graph_time-base,BioMotionLab_NTroje::rub086,43,0.005787037037037,6.162918516757123,5.830390318391651,360.0,8.246251850090443,2.08333333333332
F-response-jepa_delta_v1-graph_time-base,BioMotionLab_NTroje::rub098,43,0.0027777777777777,5.844770440152571,5.656121740755744,360.0,6.844770440152542,0.9999999999999719
F-response-jepa_delta_v1-graph_time-base,BioMotionLab_NTroje::rub106,43,0.015432098765432,6.098546612424734,5.8087028863328625,360.0,11.654102167980254,5.55555555555552
F-response-jepa_delta_v1-graph_time-base,BioMotionLab_NTroje::rub115,43,0.0,6.977179204042121,6.281268397417893,360.0,6.977179204042121,0.0
F-response-jepa_delta_v1-graph_time-base,KIT::348,43,0.0083333333333333,6.677771949608993,6.379431362325325,360.0,9.677771949608982,2.999999999999988
F-response-jepa_delta_v1-graph_time-base,KIT::6,43,0.0018518518518518,5.662883786298456,5.098839796197789,360.0,6.329550452965104,0.6666666666666481
F-response-jepa_endpoint_v1-graph_time-base,BioMotionLab_NTroje::rub002,17,0.0092592592592592,7.201954376671064,6.579815849521189,360.0,10.535287710004376,3.3333333333333117
F-response-jepa_endpoint_v1-graph_time-base,BioMotionLab_NTroje::rub023,17,0.0058641975308641,6.956132279927563,6.155697267831708,360.0,9.06724339103864,2.111111111111076
F-response-jepa_endpoint_v1-graph_time-base,BioMotionLab_NTroje::rub044,17,0.0050154320987654,6.699893796035148,5.808909372750463,360.0,8.505449351590691,1.8055555555555438
F-response-jepa_endpoint_v1-graph_time-base,BioMotionLab_NTroje::rub053,17,0.0003858024691358,5.906680368014835,5.020785727676933,360.0,6.045569256903724,0.138888888888888
F-response-jepa_endpoint_v1-graph_time-base,BioMotionLab_NTroje::rub054,17,0.0,6.208778160099481,5.706169784632813,360.0,6.208778160099481,0.0
F-response-jepa_endpoint_v1-graph_time-base,BioMotionLab_NTroje::rub070,17,0.0148533950617283,6.334260310403732,5.723260398591938,360.0,11.68148253262592,5.347222222222188
F-response-jepa_endpoint_v1-graph_time-base,BioMotionLab_NTroje::rub072,17,0.0002893518518518,5.734228689786595,5.153705420205965,360.0,5.838395356453243,0.104166666666648
F-response-jepa_endpoint_v1-graph_time-base,BioMotionLab_NTroje::rub075,17,0.0108024691358024,6.9841384186600095,6.148515153692354,360.0,10.873027307548874,3.8888888888888635
F-response-jepa_endpoint_v1-graph_time-base,BioMotionLab_NTroje::rub086,17,0.0027006172839506,6.621221890902523,5.830390318391651,360.0,7.593444113124739,0.9722222222222159
F-response-jepa_endpoint_v1-graph_time-base,BioMotionLab_NTroje::rub098,17,0.0009259259259259,6.10572089468916,5.656121740755744,360.0,6.439054228022484,0.33333333333332404
F-response-jepa_endpoint_v1-graph_time-base,BioMotionLab_NTroje::rub106,17,0.0111882716049382,6.38145141200717,5.8087028863328625,360.0,10.409229189784922,4.027777777777752
F-response-jepa_endpoint_v1-graph_time-base,BioMotionLab_NTroje::rub115,17,0.0008680555555555,7.148223062666328,6.281268397417893,360.0,7.4607230626663075,0.31249999999998
F-response-jepa_endpoint_v1-graph_time-base,KIT::348,17,0.0009259259259259,7.045824022237097,6.379431362325325,360.0,7.379157355570421,0.33333333333332404
F-response-jepa_endpoint_v1-graph_time-base,KIT::6,17,0.0009259259259259,5.751006972872783,5.098839796197789,360.0,6.084340306206107,0.33333333333332404
F-response-jepa_endpoint_v1-graph_time-base,BioMotionLab_NTroje::rub002,29,0.0092592592592592,7.112439534541764,6.579815849521189,360.0,10.445772867875075,3.3333333333333117
F-response-jepa_endpoint_v1-graph_time-base,BioMotionLab_NTroje::rub023,29,0.0037037037037037,6.888983078004577,6.155697267831708,360.0,8.222316411337909,1.333333333333332
F-response-jepa_endpoint_v1-graph_time-base,BioMotionLab_NTroje::rub044,29,0.0042438271604938,6.664080138890566,5.808909372750463,360.0,8.191857916668333,1.527777777777768
F-response-jepa_endpoint_v1-graph_time-base,BioMotionLab_NTroje::rub053,29,0.0015432098765432,5.968800747997022,5.020785727676933,360.0,6.524356303552574,0.555555555555552
F-response-jepa_endpoint_v1-graph_time-base,BioMotionLab_NTroje::rub054,29,0.0,6.254234812840451,5.706169784632813,360.0,6.254234812840451,0.0
F-response-jepa_endpoint_v1-graph_time-base,BioMotionLab_NTroje::rub070,29,0.0063657407407407,6.340215551041187,5.723260398591938,360.0,8.631882217707838,2.291666666666652
F-response-jepa_endpoint_v1-graph_time-base,BioMotionLab_NTroje::rub072,29,0.0023148148148148,5.61107586834604,5.153705420205965,360.0,6.444409201679368,0.8333333333333279
F-response-jepa_endpoint_v1-graph_time-base,BioMotionLab_NTroje::rub075,29,0.0177469135802469,6.960122831734111,6.148515153692354,360.0,13.349011720622995,6.388888888888884
F-response-jepa_endpoint_v1-graph_time-base,BioMotionLab_NTroje::rub086,29,0.0046296296296296,6.598060130662305,5.830390318391651,360.0,8.264726797328962,1.6666666666666559
F-response-jepa_endpoint_v1-graph_time-base,BioMotionLab_NTroje::rub098,29,0.0041666666666666,6.1412890716726976,5.656121740755744,360.0,7.641289071672674,1.499999999999976
F-response-jepa_endpoint_v1-graph_time-base,BioMotionLab_NTroje::rub106,29,0.0084876543209876,6.4307897585979115,5.8087028863328625,360.0,9.486345314153446,3.055555555555536
F-response-jepa_endpoint_v1-graph_time-base,BioMotionLab_NTroje::rub115,29,0.0017361111111111,7.254349811275926,6.281268397417893,360.0,7.879349811275922,0.624999999999996
F-response-jepa_endpoint_v1-graph_time-base,KIT::348,29,0.0027777777777777,6.566127539319804,6.379431362325325,360.0,7.566127539319775,0.9999999999999719
F-response-jepa_endpoint_v1-graph_time-base,KIT::6,29,0.0083333333333333,5.843030055162031,5.098839796197789,360.0,8.84303005516202,2.999999999999988
F-response-jepa_endpoint_v1-graph_time-base,BioMotionLab_NTroje::rub002,43,0.0092592592592592,6.97235784616366,6.579815849521189,360.0,10.305691179496971,3.3333333333333117
F-response-jepa_endpoint_v1-graph_time-base,BioMotionLab_NTroje::rub023,43,0.0046296296296296,6.658510156738993,6.155697267831708,360.0,8.325176823405648,1.6666666666666559
F-response-jepa_endpoint_v1-graph_time-base,BioMotionLab_NTroje::rub044,43,0.0030864197530864,6.2266147117659605,5.808909372750463,360.0,7.337725822877065,1.111111111111104
F-response-jepa_endpoint_v1-graph_time-base,BioMotionLab_NTroje::rub053,43,0.0011574074074074,5.717486649454575,5.020785727676933,360.0,6.134153316121239,0.41666666666666397
F-response-jepa_endpoint_v1-graph_time-base,BioMotionLab_NTroje::rub054,43,0.0,6.134429482413597,5.706169784632813,360.0,6.134429482413597,0.0
F-response-jepa_endpoint_v1-graph_time-base,BioMotionLab_NTroje::rub070,43,0.0153356481481481,6.140415675795855,5.723260398591938,360.0,11.661249009129172,5.520833333333316
F-response-jepa_endpoint_v1-graph_time-base,BioMotionLab_NTroje::rub072,43,0.0054976851851851,5.530622278354318,5.153705420205965,360.0,7.509788945020954,1.979166666666636
F-response-jepa_endpoint_v1-graph_time-base,BioMotionLab_NTroje::rub075,43,0.0246913580246913,6.673071451488329,6.148515153692354,360.0,15.561960340377198,8.888888888888868
F-response-jepa_endpoint_v1-graph_time-base,BioMotionLab_NTroje::rub086,43,0.005787037037037,6.375277305802288,5.830390318391651,360.0,8.458610639135609,2.08333333333332
F-response-jepa_endpoint_v1-graph_time-base,BioMotionLab_NTroje::rub098,43,0.0,6.065564642353426,5.656121740755744,360.0,6.065564642353426,0.0
F-response-jepa_endpoint_v1-graph_time-base,BioMotionLab_NTroje::rub106,43,0.0084876543209876,6.21827489103504,5.8087028863328625,360.0,9.273830446590576,3.055555555555536
F-response-jepa_endpoint_v1-graph_time-base,BioMotionLab_NTroje::rub115,43,0.0005787037037037,7.0262003452694,6.281268397417893,360.0,7.234533678602732,0.20833333333333198
F-response-jepa_endpoint_v1-graph_time-base,KIT::348,43,0.0018518518518518,7.009401731221634,6.379431362325325,360.0,7.676068397888282,0.6666666666666481
F-response-jepa_endpoint_v1-graph_time-base,KIT::6,43,0.0013888888888888,6.143602313896316,5.098839796197789,360.0,6.643602313896284,0.499999999999968
F-response-coordinate_delta_v1-graph_time-base,BioMotionLab_NTroje::rub002,17,0.0,6.876491100013944,6.579815849521189,360.0,6.876491100013944,0.0
F-response-coordinate_delta_v1-graph_time-base,BioMotionLab_NTroje::rub023,17,0.0024691358024691,6.587032640164584,6.155697267831708,360.0,7.47592152905346,0.8888888888888761
F-response-coordinate_delta_v1-graph_time-base,BioMotionLab_NTroje::rub044,17,0.0047839506172839,6.084513139668471,5.808909372750463,360.0,7.8067353618906745,1.722222222222204
F-response-coordinate_delta_v1-graph_time-base,BioMotionLab_NTroje::rub053,17,0.0015432098765432,5.425521621619149,5.020785727676933,360.0,5.981077177174701,0.555555555555552
F-response-coordinate_delta_v1-graph_time-base,BioMotionLab_NTroje::rub054,17,0.0,5.980659117869408,5.706169784632813,360.0,5.980659117869408,0.0
F-response-coordinate_delta_v1-graph_time-base,BioMotionLab_NTroje::rub070,17,0.0055941358024691,6.046714062096635,5.723260398591938,360.0,8.060602950985512,2.013888888888876
F-response-coordinate_delta_v1-graph_time-base,BioMotionLab_NTroje::rub072,17,0.0109953703703703,5.277449942921095,5.153705420205965,360.0,9.235783276254402,3.9583333333333077
F-response-coordinate_delta_v1-graph_time-base,BioMotionLab_NTroje::rub075,17,0.011574074074074,6.704335410167457,6.148515153692354,360.0,10.871002076834097,4.16666666666664
F-response-coordinate_delta_v1-graph_time-base,BioMotionLab_NTroje::rub086,17,0.0042438271604938,6.1676693057099365,5.830390318391651,360.0,7.6954470834877045,1.527777777777768
F-response-coordinate_delta_v1-graph_time-base,BioMotionLab_NTroje::rub098,17,0.0013888888888888,5.800207683433473,5.656121740755744,360.0,6.300207683433441,0.499999999999968
F-response-coordinate_delta_v1-graph_time-base,BioMotionLab_NTroje::rub106,17,0.0169753086419753,6.15086491055606,5.8087028863328625,360.0,12.261976021667168,6.111111111111108
F-response-coordinate_delta_v1-graph_time-base,BioMotionLab_NTroje::rub115,17,0.0034722222222222,6.524703347355784,6.281268397417893,360.0,7.774703347355776,1.249999999999992
F-response-coordinate_delta_v1-graph_time-base,KIT::348,17,0.0,6.582795254106031,6.379431362325325,360.0,6.582795254106031,0.0
F-response-coordinate_delta_v1-graph_time-base,KIT::6,17,0.0,5.22169181603766,5.098839796197789,360.0,5.22169181603766,0.0
F-response-coordinate_delta_v1-graph_time-base,BioMotionLab_NTroje::rub002,29,0.0,7.016240547510151,6.579815849521189,360.0,7.016240547510151,0.0
F-response-coordinate_delta_v1-graph_time-base,BioMotionLab_NTroje::rub023,29,0.0027777777777777,6.748875589424803,6.155697267831708,360.0,7.748875589424775,0.9999999999999719
F-response-coordinate_delta_v1-graph_time-base,BioMotionLab_NTroje::rub044,29,0.0,6.313500639030649,5.808909372750463,360.0,6.313500639030649,0.0
F-response-coordinate_delta_v1-graph_time-base,BioMotionLab_NTroje::rub053,29,0.0023148148148148,5.656392045110579,5.020785727676933,360.0,6.489725378443906,0.8333333333333279
F-response-coordinate_delta_v1-graph_time-base,BioMotionLab_NTroje::rub054,29,0.0,6.018611581530237,5.706169784632813,360.0,6.018611581530237,0.0
F-response-coordinate_delta_v1-graph_time-base,BioMotionLab_NTroje::rub070,29,0.011574074074074,6.091229290464241,5.723260398591938,360.0,10.25789595713088,4.16666666666664
F-response-coordinate_delta_v1-graph_time-base,BioMotionLab_NTroje::rub072,29,0.0147569444444444,5.408591380672457,5.153705420205965,360.0,10.72109138067244,5.312499999999984
F-response-coordinate_delta_v1-graph_time-base,BioMotionLab_NTroje::rub075,29,0.0254629629629629,6.579289755889191,6.148515153692354,360.0,15.745956422555835,9.166666666666643
F-response-coordinate_delta_v1-graph_time-base,BioMotionLab_NTroje::rub086,29,0.0050154320987654,6.22115685621802,5.830390318391651,360.0,8.026712411773563,1.8055555555555438
F-response-coordinate_delta_v1-graph_time-base,BioMotionLab_NTroje::rub098,29,0.0,5.890304219462383,5.656121740755744,360.0,5.890304219462383,0.0
F-response-coordinate_delta_v1-graph_time-base,BioMotionLab_NTroje::rub106,29,0.0196759259259259,6.132798161773003,5.8087028863328625,360.0,13.216131495106326,7.083333333333323
F-response-coordinate_delta_v1-graph_time-base,BioMotionLab_NTroje::rub115,29,0.0034722222222222,6.735046450470234,6.281268397417893,360.0,7.985046450470226,1.249999999999992
F-response-coordinate_delta_v1-graph_time-base,KIT::348,29,0.0,6.4496441778831635,6.379431362325325,360.0,6.4496441778831635,0.0
F-response-coordinate_delta_v1-graph_time-base,KIT::6,29,0.0,5.231745716509846,5.098839796197789,360.0,5.231745716509846,0.0
F-response-coordinate_delta_v1-graph_time-base,BioMotionLab_NTroje::rub002,43,0.0108024691358024,6.942608027587091,6.579815849521189,360.0,10.831496916475954,3.8888888888888635
F-response-coordinate_delta_v1-graph_time-base,BioMotionLab_NTroje::rub023,43,0.003395061728395,6.614182223434975,6.155697267831708,360.0,7.836404445657175,1.2222222222222001
F-response-coordinate_delta_v1-graph_time-base,BioMotionLab_NTroje::rub044,43,0.0015432098765432,6.247053869225881,5.808909372750463,360.0,6.802609424781433,0.555555555555552
F-response-coordinate_delta_v1-graph_time-base,BioMotionLab_NTroje::rub053,43,0.0034722222222222,5.6437505647673705,5.020785727676933,360.0,6.8937505647673625,1.249999999999992
F-response-coordinate_delta_v1-graph_time-base,BioMotionLab_NTroje::rub054,43,0.0,6.130732181367963,5.706169784632813,360.0,6.130732181367963,0.0
F-response-coordinate_delta_v1-graph_time-base,BioMotionLab_NTroje::rub070,43,0.0119598765432098,6.036984282217748,5.723260398591938,360.0,10.342539837773277,4.305555555555528
F-response-coordinate_delta_v1-graph_time-base,BioMotionLab_NTroje::rub072,43,0.0078125,5.462687106838207,5.153705420205965,360.0,8.275187106838207,2.8125
F-response-coordinate_delta_v1-graph_time-base,BioMotionLab_NTroje::rub075,43,0.0204475308641975,6.497611576087652,6.148515153692354,360.0,13.858722687198753,7.3611111111111
F-response-coordinate_delta_v1-graph_time-base,BioMotionLab_NTroje::rub086,43,0.0065586419753086,6.323817028678074,5.830390318391651,360.0,8.68492813978917,2.361111111111096
F-response-coordinate_delta_v1-graph_time-base,BioMotionLab_NTroje::rub098,43,0.0006172839506172,5.889383557900931,5.656121740755744,360.0,6.111605780123123,0.222222222222192
F-response-coordinate_delta_v1-graph_time-base,BioMotionLab_NTroje::rub106,43,0.0189043209876543,6.179431624531311,5.8087028863328625,360.0,12.98498718008686,6.805555555555548
F-response-coordinate_delta_v1-graph_time-base,BioMotionLab_NTroje::rub115,43,0.0011574074074074,6.68671632959584,6.281268397417893,360.0,7.103382996262504,0.41666666666666397
F-response-coordinate_delta_v1-graph_time-base,KIT::348,43,0.0,6.325208015934393,6.379431362325325,360.0,6.325208015934393,0.0
F-response-coordinate_delta_v1-graph_time-base,KIT::6,43,0.0004629629629629,5.1828564002453845,5.098839796197789,360.0,5.349523066912028,0.166666666666644
M-coordinate-graph_time-base,BioMotionLab_NTroje::rub002,17,0.0092592592592592,6.689789108332206,6.579815849521189,360.0,10.023122441665517,3.3333333333333117
M-coordinate-graph_time-base,BioMotionLab_NTroje::rub023,17,0.003395061728395,6.633403469443129,6.155697267831708,360.0,7.855625691665329,1.2222222222222001
M-coordinate-graph_time-base,BioMotionLab_NTroje::rub044,17,0.0060185185185185,6.017405636889709,5.808909372750463,360.0,8.18407230355637,2.1666666666666603
M-coordinate-graph_time-base,BioMotionLab_NTroje::rub053,17,0.0042438271604938,5.655364155230952,5.020785727676933,360.0,7.18314193300872,1.527777777777768
M-coordinate-graph_time-base,BioMotionLab_NTroje::rub054,17,0.0,6.088316950374332,5.706169784632813,360.0,6.088316950374332,0.0
M-coordinate-graph_time-base,BioMotionLab_NTroje::rub070,17,0.0060763888888888,6.07348116539821,5.723260398591938,360.0,8.260981165398178,2.187499999999968
M-coordinate-graph_time-base,BioMotionLab_NTroje::rub072,17,0.0141782407407407,5.383530172923808,5.153705420205965,360.0,10.487696839590459,5.104166666666652
M-coordinate-graph_time-base,BioMotionLab_NTroje::rub075,17,0.0189043209876543,6.561051900305221,6.148515153692354,360.0,13.36660745586077,6.805555555555548
M-coordinate-graph_time-base,BioMotionLab_NTroje::rub086,17,0.0108024691358024,6.1008947235303745,5.830390318391651,360.0,9.989783612419238,3.8888888888888635
M-coordinate-graph_time-base,BioMotionLab_NTroje::rub098,17,0.0013888888888888,5.847228986977936,5.656121740755744,360.0,6.347228986977904,0.499999999999968
M-coordinate-graph_time-base,BioMotionLab_NTroje::rub106,17,0.0069444444444444,6.1475349332500135,5.8087028863328625,360.0,8.647534933249997,2.499999999999984
M-coordinate-graph_time-base,BioMotionLab_NTroje::rub115,17,0.003761574074074,6.684580318262168,6.281268397417893,360.0,8.038746984928808,1.35416666666664
M-coordinate-graph_time-base,KIT::348,17,0.0027777777777777,6.7072935188465905,6.379431362325325,360.0,7.707293518846562,0.9999999999999719
M-coordinate-graph_time-base,KIT::6,17,0.0083333333333333,5.266070015214497,5.098839796197789,360.0,8.266070015214485,2.999999999999988
M-coordinate-graph_time-base,BioMotionLab_NTroje::rub002,29,0.0,6.824782503597383,6.579815849521189,360.0,6.824782503597383,0.0
M-coordinate-graph_time-base,BioMotionLab_NTroje::rub023,29,0.0009259259259259,6.60079429154069,6.155697267831708,360.0,6.934127624874014,0.33333333333332404
M-coordinate-graph_time-base,BioMotionLab_NTroje::rub044,29,0.0009259259259259,6.132867591558951,5.808909372750463,360.0,6.466200924892275,0.33333333333332404
M-coordinate-graph_time-base,BioMotionLab_NTroje::rub053,29,0.0069444444444444,5.543646178328343,5.020785727676933,360.0,8.043646178328327,2.499999999999984
M-coordinate-graph_time-base,BioMotionLab_NTroje::rub054,29,0.0020576131687242,5.897418586328494,5.706169784632813,360.0,6.638159327069206,0.7407407407407121
M-coordinate-graph_time-base,BioMotionLab_NTroje::rub070,29,0.0080054012345679,6.122458700418528,5.723260398591938,360.0,9.004403144862971,2.881944444444444
M-coordinate-graph_time-base,BioMotionLab_NTroje::rub072,29,0.0098379629629629,5.4538497690931935,5.153705420205965,360.0,8.995516435759837,3.5416666666666443
M-coordinate-graph_time-base,BioMotionLab_NTroje::rub075,29,0.0142746913580246,6.607914855498976,6.148515153692354,360.0,11.746803744387833,5.138888888888856
M-coordinate-graph_time-base,BioMotionLab_NTroje::rub086,29,0.0027006172839506,6.158701027009627,5.830390318391651,360.0,7.130923249231843,0.9722222222222159
M-coordinate-graph_time-base,BioMotionLab_NTroje::rub098,29,0.0009259259259259,5.7150930810771134,5.656121740755744,360.0,6.048426414410438,0.33333333333332404
M-coordinate-graph_time-base,BioMotionLab_NTroje::rub106,29,0.0119598765432098,6.178577825063665,5.8087028863328625,360.0,10.484133380619193,4.305555555555528
M-coordinate-graph_time-base,BioMotionLab_NTroje::rub115,29,0.0002893518518518,6.809764397060183,6.281268397417893,360.0,6.913931063726832,0.104166666666648
M-coordinate-graph_time-base,KIT::348,29,0.0018518518518518,6.4600745810449185,6.379431362325325,360.0,7.126741247711567,0.6666666666666481
M-coordinate-graph_time-base,KIT::6,29,0.0013888888888888,5.384294539599514,5.098839796197789,360.0,5.884294539599482,0.499999999999968
M-coordinate-graph_time-base,BioMotionLab_NTroje::rub002,43,0.0046296296296296,7.025964570716115,6.579815849521189,360.0,8.692631237382772,1.6666666666666559
M-coordinate-graph_time-base,BioMotionLab_NTroje::rub023,43,0.0006172839506172,6.623150394221051,6.155697267831708,360.0,6.845372616443243,0.222222222222192
M-coordinate-graph_time-base,BioMotionLab_NTroje::rub044,43,0.0040895061728395,6.10018404427283,5.808909372750463,360.0,7.572406266495051,1.47222222222222
M-coordinate-graph_time-base,BioMotionLab_NTroje::rub053,43,0.0069444444444444,5.609272639902772,5.020785727676933,360.0,8.109272639902755,2.499999999999984
M-coordinate-graph_time-base,BioMotionLab_NTroje::rub054,43,0.000514403292181,5.960652396678193,5.706169784632813,360.0,6.145837581863353,0.18518518518515997
M-coordinate-graph_time-base,BioMotionLab_NTroje::rub070,43,0.0080054012345679,6.06819316738731,5.723260398591938,360.0,8.950137611831755,2.881944444444444
M-coordinate-graph_time-base,BioMotionLab_NTroje::rub072,43,0.0089699074074074,5.558585897716663,5.153705420205965,360.0,8.787752564383327,3.2291666666666643
M-coordinate-graph_time-base,BioMotionLab_NTroje::rub075,43,0.0219907407407407,6.488974562057593,6.148515153692354,360.0,14.405641228724246,7.916666666666652
M-coordinate-graph_time-base,BioMotionLab_NTroje::rub086,43,0.007716049382716,6.189681435643027,5.830390318391651,360.0,8.967459213420787,2.77777777777776
M-coordinate-graph_time-base,BioMotionLab_NTroje::rub098,43,0.0007716049382716,5.695209446281041,5.656121740755744,360.0,5.972987224058817,0.277777777777776
M-coordinate-graph_time-base,BioMotionLab_NTroje::rub106,43,0.0088734567901234,6.242273637356572,5.8087028863328625,360.0,9.436718081800997,3.194444444444424
M-coordinate-graph_time-base,BioMotionLab_NTroje::rub115,43,0.0028935185185185,6.760073220216871,6.281268397417893,360.0,7.801739886883531,1.04166666666666
M-coordinate-graph_time-base,KIT::348,43,0.0055555555555555,6.595620653168645,6.379431362325325,360.0,8.595620653168625,1.99999999999998
M-coordinate-graph_time-base,KIT::6,43,0.0,5.105623671480286,5.098839796197789,360.0,5.105623671480286,0.0
M-coordinate-graph_time-paired_change,BioMotionLab_NTroje::rub002,17,0.0092592592592592,6.784046708384538,6.579815849521189,360.0,10.11738004171785,3.3333333333333117
M-coordinate-graph_time-paired_change,BioMotionLab_NTroje::rub023,17,0.0182098765432098,6.394805508642205,6.155697267831708,360.0,12.950361064197732,6.555555555555528
M-coordinate-graph_time-paired_change,BioMotionLab_NTroje::rub044,17,0.0060185185185185,6.13734655906789,5.808909372750463,360.0,8.30401322573455,2.1666666666666603
M-coordinate-graph_time-paired_change,BioMotionLab_NTroje::rub053,17,0.0007716049382716,5.433822011441066,5.020785727676933,360.0,5.711599789218842,0.277777777777776
M-coordinate-graph_time-paired_change,BioMotionLab_NTroje::rub054,17,0.0015432098765432,5.989177320450868,5.706169784632813,360.0,6.54473287600642,0.555555555555552
M-coordinate-graph_time-paired_change,BioMotionLab_NTroje::rub070,17,0.0159143518518518,5.826960988901523,5.723260398591938,360.0,11.556127655568172,5.729166666666648
M-coordinate-graph_time-paired_change,BioMotionLab_NTroje::rub072,17,0.005787037037037,5.3059127793370795,5.153705420205965,360.0,7.389246112670399,2.08333333333332
M-coordinate-graph_time-paired_change,BioMotionLab_NTroje::rub075,17,0.0273919753086419,6.220134257657208,6.148515153692354,360.0,16.081245368768293,9.861111111111084
M-coordinate-graph_time-paired_change,BioMotionLab_NTroje::rub086,17,0.013503086419753,6.211716923990589,5.830390318391651,360.0,11.072828035101669,4.8611111111110805
M-coordinate-graph_time-paired_change,BioMotionLab_NTroje::rub098,17,0.0074074074074074,5.769800264579543,5.656121740755744,360.0,8.436466931246207,2.666666666666664
M-coordinate-graph_time-paired_change,BioMotionLab_NTroje::rub106,17,0.0150462962962962,6.106107596701264,5.8087028863328625,360.0,11.522774263367896,5.416666666666632
M-coordinate-graph_time-paired_change,BioMotionLab_NTroje::rub115,17,0.0002893518518518,6.656478860321368,6.281268397417893,360.0,6.760645526988016,0.104166666666648
M-coordinate-graph_time-paired_change,KIT::348,17,0.0,6.495349041387985,6.379431362325325,360.0,6.495349041387985,0.0
M-coordinate-graph_time-paired_change,KIT::6,17,0.0032407407407407,5.351459775730368,5.098839796197789,360.0,6.51812644239702,1.1666666666666519
M-coordinate-graph_time-paired_change,BioMotionLab_NTroje::rub002,29,0.0015432098765432,6.73033424704803,6.579815849521189,360.0,7.285889802603582,0.555555555555552
M-coordinate-graph_time-paired_change,BioMotionLab_NTroje::rub023,29,0.0108024691358024,6.425644793635188,6.155697267831708,360.0,10.31453368252405,3.8888888888888635
M-coordinate-graph_time-paired_change,BioMotionLab_NTroje::rub044,29,0.0063271604938271,5.985449954296829,5.808909372750463,360.0,8.263227732074585,2.277777777777756
M-coordinate-graph_time-paired_change,BioMotionLab_NTroje::rub053,29,0.0003858024691358,5.728597863058857,5.020785727676933,360.0,5.867486751947745,0.138888888888888
M-coordinate-graph_time-paired_change,BioMotionLab_NTroje::rub054,29,0.0023148148148148,6.089743880441946,5.706169784632813,360.0,6.923077213775274,0.8333333333333279
M-coordinate-graph_time-paired_change,BioMotionLab_NTroje::rub070,29,0.0102237654320987,5.941240425392883,5.723260398591938,360.0,9.621795980948415,3.680555555555532
M-coordinate-graph_time-paired_change,BioMotionLab_NTroje::rub072,29,0.0020254629629629,5.390653698219391,5.153705420205965,360.0,6.119820364886035,0.729166666666644
M-coordinate-graph_time-paired_change,BioMotionLab_NTroje::rub075,29,0.0146604938271604,6.42657826900859,6.148515153692354,360.0,11.704356046786334,5.277777777777744
M-coordinate-graph_time-paired_change,BioMotionLab_NTroje::rub086,29,0.009645061728395,6.1733502526127495,5.830390318391651,360.0,9.64557247483495,3.4722222222222
M-coordinate-graph_time-paired_change,BioMotionLab_NTroje::rub098,29,0.0024691358024691,5.857988658226526,5.656121740755744,360.0,6.746877547115402,0.8888888888888761
M-coordinate-graph_time-paired_change,BioMotionLab_NTroje::rub106,29,0.0123456790123456,6.241692134291649,5.8087028863328625,360.0,10.686136578736065,4.444444444444416
M-coordinate-graph_time-paired_change,BioMotionLab_NTroje::rub115,29,0.0,6.75450285290467,6.281268397417893,360.0,6.75450285290467,0.0
M-coordinate-graph_time-paired_change,KIT::348,29,0.0,6.468246764924061,6.379431362325325,360.0,6.468246764924061,0.0
M-coordinate-graph_time-paired_change,KIT::6,29,0.0,5.154265234022657,5.098839796197789,360.0,5.154265234022657,0.0
M-coordinate-graph_time-paired_change,BioMotionLab_NTroje::rub002,43,0.0138888888888888,6.601044448022442,6.579815849521189,360.0,11.60104444802241,4.999999999999968
M-coordinate-graph_time-paired_change,BioMotionLab_NTroje::rub023,43,0.0040123456790123,6.330720013235348,6.155697267831708,360.0,7.775164457679776,1.444444444444428
M-coordinate-graph_time-paired_change,BioMotionLab_NTroje::rub044,43,0.0018518518518518,6.012559500761216,5.808909372750463,360.0,6.679226167427864,0.6666666666666481
M-coordinate-graph_time-paired_change,BioMotionLab_NTroje::rub053,43,0.0023148148148148,5.431946195475706,5.020785727676933,360.0,6.2652795288090335,0.8333333333333279
M-coordinate-graph_time-paired_change,BioMotionLab_NTroje::rub054,43,0.0,5.805922233799649,5.706169784632813,360.0,5.805922233799649,0.0
M-coordinate-graph_time-paired_change,BioMotionLab_NTroje::rub070,43,0.0169753086419753,5.729320357736987,5.723260398591938,360.0,11.840431468848095,6.111111111111108
M-coordinate-graph_time-paired_change,BioMotionLab_NTroje::rub072,43,0.0086805555555555,5.376040900578749,5.153705420205965,360.0,8.50104090057873,3.12499999999998
M-coordinate-graph_time-paired_change,BioMotionLab_NTroje::rub075,43,0.0138888888888888,6.447267950570679,6.148515153692354,360.0,11.447267950570648,4.999999999999968
M-coordinate-graph_time-paired_change,BioMotionLab_NTroje::rub086,43,0.011574074074074,6.10744483710645,5.830390318391651,360.0,10.27411150377309,4.16666666666664
M-coordinate-graph_time-paired_change,BioMotionLab_NTroje::rub098,43,0.0009259259259259,5.915877711222624,5.656121740755744,360.0,6.249211044555948,0.33333333333332404
M-coordinate-graph_time-paired_change,BioMotionLab_NTroje::rub106,43,0.0165895061728395,6.054177230963663,5.8087028863328625,360.0,12.026399453185881,5.97222222222222
M-coordinate-graph_time-paired_change,BioMotionLab_NTroje::rub115,43,0.0031828703703703,6.72394090199675,6.281268397417893,360.0,7.869774235330058,1.145833333333308
M-coordinate-graph_time-paired_change,KIT::348,43,0.0,6.587575874672979,6.379431362325325,360.0,6.587575874672979,0.0
M-coordinate-graph_time-paired_change,KIT::6,43,0.0074074074074074,5.285821026474227,5.098839796197789,360.0,7.95248769314089,2.666666666666664
M-paired_jepa-graph_time-base,BioMotionLab_NTroje::rub002,17,0.0023148148148148,7.274042792430716,6.579815849521189,360.0,8.107376125764045,0.8333333333333279
M-paired_jepa-graph_time-base,BioMotionLab_NTroje::rub023,17,0.007716049382716,7.002089093473543,6.155697267831708,360.0,9.779866871251304,2.77777777777776
M-paired_jepa-graph_time-base,BioMotionLab_NTroje::rub044,17,0.0015432098765432,6.817652824160533,5.808909372750463,360.0,7.373208379716085,0.555555555555552
M-paired_jepa-graph_time-base,BioMotionLab_NTroje::rub053,17,0.0,5.780183874948971,5.020785727676933,360.0,5.780183874948971,0.0
M-paired_jepa-graph_time-base,BioMotionLab_NTroje::rub054,17,0.0,6.221797360520004,5.706169784632813,360.0,6.221797360520004,0.0
M-paired_jepa-graph_time-base,BioMotionLab_NTroje::rub070,17,0.0126350308641975,6.407479343777364,5.723260398591938,360.0,10.956090454888464,4.5486111111111
M-paired_jepa-graph_time-base,BioMotionLab_NTroje::rub072,17,0.0026041666666666,5.709428022785769,5.153705420205965,360.0,6.646928022785745,0.937499999999976
M-paired_jepa-graph_time-base,BioMotionLab_NTroje::rub075,17,0.0212191358024691,6.951610833489937,6.148515153692354,360.0,14.590499722378814,7.638888888888877
M-paired_jepa-graph_time-base,BioMotionLab_NTroje::rub086,17,0.0073302469135802,6.608282086377165,5.830390318391651,360.0,9.247170975266037,2.638888888888872
M-paired_jepa-graph_time-base,BioMotionLab_NTroje::rub098,17,0.0003086419753086,6.2121423238753,5.656121740755744,360.0,6.323253434986396,0.111111111111096
M-paired_jepa-graph_time-base,BioMotionLab_NTroje::rub106,17,0.0150462962962962,6.337182159791862,5.8087028863328625,360.0,11.753848826458494,5.416666666666632
M-paired_jepa-graph_time-base,BioMotionLab_NTroje::rub115,17,0.0017361111111111,7.088047746826262,6.281268397417893,360.0,7.713047746826257,0.624999999999996
M-paired_jepa-graph_time-base,KIT::348,17,0.0,7.170429928000428,6.379431362325325,360.0,7.170429928000428,0.0
M-paired_jepa-graph_time-base,KIT::6,17,0.0087962962962962,5.412587043171159,5.098839796197789,360.0,8.579253709837792,3.166666666666632
M-paired_jepa-graph_time-base,BioMotionLab_NTroje::rub002,29,0.0092592592592592,6.662544963030759,6.579815849521189,360.0,9.99587829636407,3.3333333333333117
M-paired_jepa-graph_time-base,BioMotionLab_NTroje::rub023,29,0.0092592592592592,6.470983004322369,6.155697267831708,360.0,9.804316337655681,3.3333333333333117
M-paired_jepa-graph_time-base,BioMotionLab_NTroje::rub044,29,0.0030864197530864,6.245290063935009,5.808909372750463,360.0,7.356401175046113,1.111111111111104
M-paired_jepa-graph_time-base,BioMotionLab_NTroje::rub053,29,0.0,5.892495086217226,5.020785727676933,360.0,5.892495086217226,0.0
M-paired_jepa-graph_time-base,BioMotionLab_NTroje::rub054,29,0.0082304526748971,5.895276907943952,5.706169784632813,360.0,8.858239870906907,2.9629629629629557
M-paired_jepa-graph_time-base,BioMotionLab_NTroje::rub070,29,0.0088734567901234,6.103061656068811,5.723260398591938,360.0,9.297506100513235,3.194444444444424
M-paired_jepa-graph_time-base,BioMotionLab_NTroje::rub072,29,0.0031828703703703,5.467241097979179,5.153705420205965,360.0,6.613074431312487,1.145833333333308
M-paired_jepa-graph_time-base,BioMotionLab_NTroje::rub075,29,0.0185185185185185,6.567167034717898,6.148515153692354,360.0,13.233833701384558,6.66666666666666
M-paired_jepa-graph_time-base,BioMotionLab_NTroje::rub086,29,0.0034722222222222,6.348928506468731,5.830390318391651,360.0,7.598928506468723,1.249999999999992
M-paired_jepa-graph_time-base,BioMotionLab_NTroje::rub098,29,0.0044753086419753,5.861843043034528,5.656121740755744,360.0,7.472954154145636,1.611111111111108
M-paired_jepa-graph_time-base,BioMotionLab_NTroje::rub106,29,0.007716049382716,6.131073632388797,5.8087028863328625,360.0,8.908851410166557,2.77777777777776
M-paired_jepa-graph_time-base,BioMotionLab_NTroje::rub115,29,0.0020254629629629,6.906031905875925,6.281268397417893,360.0,7.635198572542569,0.729166666666644
M-paired_jepa-graph_time-base,KIT::348,29,0.0009259259259259,6.976129606932791,6.379431362325325,360.0,7.3094629402661155,0.33333333333332404
M-paired_jepa-graph_time-base,KIT::6,29,0.0111111111111111,5.755483501927988,5.098839796197789,360.0,9.755483501927984,3.9999999999999956
M-paired_jepa-graph_time-base,BioMotionLab_NTroje::rub002,43,0.0092592592592592,6.723918570088721,6.579815849521189,360.0,10.057251903422033,3.3333333333333117
M-paired_jepa-graph_time-base,BioMotionLab_NTroje::rub023,43,0.0024691358024691,6.557610320026664,6.155697267831708,360.0,7.44649920891554,0.8888888888888761
M-paired_jepa-graph_time-base,BioMotionLab_NTroje::rub044,43,0.0023148148148148,6.2439841133125045,5.808909372750463,360.0,7.077317446645832,0.8333333333333279
M-paired_jepa-graph_time-base,BioMotionLab_NTroje::rub053,43,0.0003858024691358,5.460017045847697,5.020785727676933,360.0,5.598905934736585,0.138888888888888
M-paired_jepa-graph_time-base,BioMotionLab_NTroje::rub054,43,0.0010288065843621,5.9538688528392845,5.706169784632813,360.0,6.3242392232096405,0.37037037037035603
M-paired_jepa-graph_time-base,BioMotionLab_NTroje::rub070,43,0.0129243827160493,5.905509543824358,5.723260398591938,360.0,10.558287321602105,4.6527777777777475
M-paired_jepa-graph_time-base,BioMotionLab_NTroje::rub072,43,0.0034722222222222,5.239779691767625,5.153705420205965,360.0,6.489779691767617,1.249999999999992
M-paired_jepa-graph_time-base,BioMotionLab_NTroje::rub075,43,0.0258487654320987,6.223548969080213,6.148515153692354,360.0,15.529104524635745,9.305555555555532
M-paired_jepa-graph_time-base,BioMotionLab_NTroje::rub086,43,0.0092592592592592,6.078219923762577,5.830390318391651,360.0,9.411553257095889,3.3333333333333117
M-paired_jepa-graph_time-base,BioMotionLab_NTroje::rub098,43,0.0026234567901234,5.824272209823888,5.656121740755744,360.0,6.768716654268312,0.944444444444424
M-paired_jepa-graph_time-base,BioMotionLab_NTroje::rub106,43,0.0123456790123456,6.055719544812273,5.8087028863328625,360.0,10.50016398925669,4.444444444444416
M-paired_jepa-graph_time-base,BioMotionLab_NTroje::rub115,43,0.0002893518518518,6.935445961545655,6.281268397417893,360.0,7.0396126282123035,0.104166666666648
M-paired_jepa-graph_time-base,KIT::348,43,0.0,6.732567377807813,6.379431362325325,360.0,6.732567377807813,0.0
M-paired_jepa-graph_time-base,KIT::6,43,0.0037037037037037,5.564303125285372,5.098839796197789,360.0,6.897636458618704,1.333333333333332
M-paired_jepa-graph_time-paired_change,BioMotionLab_NTroje::rub002,17,0.0138888888888888,6.75928270069998,6.579815849521189,360.0,11.759282700699949,4.999999999999968
M-paired_jepa-graph_time-paired_change,BioMotionLab_NTroje::rub023,17,0.0037037037037037,6.511463401505587,6.155697267831708,360.0,7.844796734838919,1.333333333333332
M-paired_jepa-graph_time-paired_change,BioMotionLab_NTroje::rub044,17,0.0042438271604938,6.353978450238775,5.808909372750463,360.0,7.881756228016543,1.527777777777768
M-paired_jepa-graph_time-paired_change,BioMotionLab_NTroje::rub053,17,0.0011574074074074,5.538395391483299,5.020785727676933,360.0,5.955062058149963,0.41666666666666397
M-paired_jepa-graph_time-paired_change,BioMotionLab_NTroje::rub054,17,0.0,6.041194659382004,5.706169784632813,360.0,6.041194659382004,0.0
M-paired_jepa-graph_time-paired_change,BioMotionLab_NTroje::rub070,17,0.0125385802469135,5.990071296431777,5.723260398591938,360.0,10.503960185320636,4.51388888888886
M-paired_jepa-graph_time-paired_change,BioMotionLab_NTroje::rub072,17,0.0046296296296296,5.402144421606246,5.153705420205965,360.0,7.068811088272902,1.6666666666666559
M-paired_jepa-graph_time-paired_change,BioMotionLab_NTroje::rub075,17,0.0196759259259259,6.478970899015803,6.148515153692354,360.0,13.562304232349126,7.083333333333323
M-paired_jepa-graph_time-paired_change,BioMotionLab_NTroje::rub086,17,0.0054012345679012,6.316072455514823,5.830390318391651,360.0,8.260516899959255,1.9444444444444318
M-paired_jepa-graph_time-paired_change,BioMotionLab_NTroje::rub098,17,0.0,5.793221231529407,5.656121740755744,360.0,5.793221231529407,0.0
M-paired_jepa-graph_time-paired_change,BioMotionLab_NTroje::rub106,17,0.0123456790123456,6.18145229132374,5.8087028863328625,360.0,10.625896735768157,4.444444444444416
M-paired_jepa-graph_time-paired_change,BioMotionLab_NTroje::rub115,17,0.0020254629629629,6.677765257736376,6.281268397417893,360.0,7.40693192440302,0.729166666666644
M-paired_jepa-graph_time-paired_change,KIT::348,17,0.0018518518518518,6.788990265195723,6.379431362325325,360.0,7.4556569318623716,0.6666666666666481
M-paired_jepa-graph_time-paired_change,KIT::6,17,0.0083333333333333,5.8059740828462445,5.098839796197789,360.0,8.805974082846232,2.999999999999988
M-paired_jepa-graph_time-paired_change,BioMotionLab_NTroje::rub002,29,0.0,6.839765949209583,6.579815849521189,360.0,6.839765949209583,0.0
M-paired_jepa-graph_time-paired_change,BioMotionLab_NTroje::rub023,29,0.0027777777777777,6.454240014972646,6.155697267831708,360.0,7.454240014972617,0.9999999999999719
M-paired_jepa-graph_time-paired_change,BioMotionLab_NTroje::rub044,29,0.007716049382716,6.141413860848798,5.808909372750463,360.0,8.919191638626558,2.77777777777776
M-paired_jepa-graph_time-paired_change,BioMotionLab_NTroje::rub053,29,0.0011574074074074,5.422483275118079,5.020785727676933,360.0,5.8391499417847434,0.41666666666666397
M-paired_jepa-graph_time-paired_change,BioMotionLab_NTroje::rub054,29,0.0,5.950655080368172,5.706169784632813,360.0,5.950655080368172,0.0
M-paired_jepa-graph_time-paired_change,BioMotionLab_NTroje::rub070,29,0.0185185185185185,5.836464701932172,5.723260398591938,360.0,12.503131368598833,6.66666666666666
M-paired_jepa-graph_time-paired_change,BioMotionLab_NTroje::rub072,29,0.0,5.220396433753983,5.153705420205965,360.0,5.220396433753983,0.0
M-paired_jepa-graph_time-paired_change,BioMotionLab_NTroje::rub075,29,0.0165895061728395,6.624323399226578,6.148515153692354,360.0,12.596545621448797,5.97222222222222
M-paired_jepa-graph_time-paired_change,BioMotionLab_NTroje::rub086,29,0.003858024691358,6.239991443394527,5.830390318391651,360.0,7.628880332283407,1.38888888888888
M-paired_jepa-graph_time-paired_change,BioMotionLab_NTroje::rub098,29,0.0015432098765432,5.700912166282158,5.656121740755744,360.0,6.256467721837709,0.555555555555552
M-paired_jepa-graph_time-paired_change,BioMotionLab_NTroje::rub106,29,0.0169753086419753,6.113826062590294,5.8087028863328625,360.0,12.224937173701402,6.111111111111108
M-paired_jepa-graph_time-paired_change,BioMotionLab_NTroje::rub115,29,0.0008680555555555,6.738736398391526,6.281268397417893,360.0,7.051236398391506,0.31249999999998
M-paired_jepa-graph_time-paired_change,KIT::348,29,0.0,6.648252310792399,6.379431362325325,360.0,6.648252310792399,0.0
M-paired_jepa-graph_time-paired_change,KIT::6,29,0.0041666666666666,5.286476155804645,5.098839796197789,360.0,6.786476155804621,1.499999999999976
M-paired_jepa-graph_time-paired_change,BioMotionLab_NTroje::rub002,43,0.0,7.035054626761635,6.579815849521189,360.0,7.035054626761635,0.0
M-paired_jepa-graph_time-paired_change,BioMotionLab_NTroje::rub023,43,0.0018518518518518,6.516756374123645,6.155697267831708,360.0,7.183423040790293,0.6666666666666481
M-paired_jepa-graph_time-paired_change,BioMotionLab_NTroje::rub044,43,0.0030864197530864,6.377678456001398,5.808909372750463,360.0,7.4887895671125015,1.111111111111104
M-paired_jepa-graph_time-paired_change,BioMotionLab_NTroje::rub053,43,0.0,5.690028830456885,5.020785727676933,360.0,5.690028830456885,0.0
M-paired_jepa-graph_time-paired_change,BioMotionLab_NTroje::rub054,43,0.0015432098765432,6.152026433915776,5.706169784632813,360.0,6.707581989471328,0.555555555555552
M-paired_jepa-graph_time-paired_change,BioMotionLab_NTroje::rub070,43,0.0095486111111111,6.0060387616719435,5.723260398591938,360.0,9.44353876167194,3.437499999999996
M-paired_jepa-graph_time-paired_change,BioMotionLab_NTroje::rub072,43,0.0002893518518518,5.478231047441353,5.153705420205965,360.0,5.5823977141080015,0.104166666666648
M-paired_jepa-graph_time-paired_change,BioMotionLab_NTroje::rub075,43,0.0123456790123456,6.764528401253173,6.148515153692354,360.0,11.20897284569759,4.444444444444416
M-paired_jepa-graph_time-paired_change,BioMotionLab_NTroje::rub086,43,0.005787037037037,6.213424138661293,5.830390318391651,360.0,8.296757471994614,2.08333333333332
M-paired_jepa-graph_time-paired_change,BioMotionLab_NTroje::rub098,43,0.008179012345679,6.036853083089241,5.656121740755744,360.0,8.98129752753368,2.94444444444444
M-paired_jepa-graph_time-paired_change,BioMotionLab_NTroje::rub106,43,0.0050154320987654,6.359731359862093,5.8087028863328625,360.0,8.165286915417637,1.8055555555555438
M-paired_jepa-graph_time-paired_change,BioMotionLab_NTroje::rub115,43,0.0008680555555555,6.8339414901305435,6.281268397417893,360.0,7.146441490130524,0.31249999999998
M-paired_jepa-graph_time-paired_change,KIT::348,43,0.0,6.935119870524455,6.379431362325325,360.0,6.935119870524455,0.0
M-paired_jepa-graph_time-paired_change,KIT::6,43,0.0138888888888888,5.539380390390852,5.098839796197789,360.0,10.53938039039082,4.999999999999968
P-direct-none-base,BioMotionLab_NTroje::rub002,17,0.007716049382716,5.648611909932053,6.579815849521189,360.0,8.426389687709813,2.77777777777776
P-direct-none-base,BioMotionLab_NTroje::rub023,17,0.0015432098765432,5.359026787018646,6.155697267831708,360.0,5.914582342574198,0.555555555555552
P-direct-none-base,BioMotionLab_NTroje::rub044,17,0.0015432098765432,5.215417118269609,5.808909372750463,360.0,5.7709726738251605,0.555555555555552
P-direct-none-base,BioMotionLab_NTroje::rub053,17,0.001929012345679,4.530153820957761,5.020785727676933,360.0,5.224598265402201,0.69444444444444
P-direct-none-base,BioMotionLab_NTroje::rub054,17,0.0030864197530864,4.944957530020679,5.706169784632813,360.0,6.056068641131784,1.111111111111104
P-direct-none-base,BioMotionLab_NTroje::rub070,17,0.0002893518518518,5.240658083503444,5.723260398591938,360.0,5.344824750170092,0.104166666666648
P-direct-none-base,BioMotionLab_NTroje::rub072,17,0.0043402777777777,4.62574658093341,5.153705420205965,360.0,6.188246580933383,1.562499999999972
P-direct-none-base,BioMotionLab_NTroje::rub075,17,0.007716049382716,5.591504865156913,6.148515153692354,360.0,8.369282642934673,2.77777777777776
P-direct-none-base,BioMotionLab_NTroje::rub086,17,0.0011574074074074,5.258425225149549,5.830390318391651,360.0,5.675091891816213,0.41666666666666397
P-direct-none-base,BioMotionLab_NTroje::rub098,17,0.002932098765432,4.731446261782883,5.656121740755744,360.0,5.787001817338403,1.05555555555552
P-direct-none-base,BioMotionLab_NTroje::rub106,17,0.013503086419753,5.327966910712645,5.8087028863328625,360.0,10.189078021823725,4.8611111111110805
P-direct-none-base,BioMotionLab_NTroje::rub115,17,0.0008680555555555,5.497509253891842,6.281268397417893,360.0,5.810009253891822,0.31249999999998
P-direct-none-base,KIT::348,17,0.0,4.94541116576983,6.379431362325325,360.0,4.94541116576983,0.0
P-direct-none-base,KIT::6,17,0.0009259259259259,4.3971788634204625,5.098839796197789,360.0,4.730512196753787,0.33333333333332404
P-direct-none-base,BioMotionLab_NTroje::rub002,29,0.0,5.619966925798894,6.579815849521189,360.0,5.619966925798894,0.0
P-direct-none-base,BioMotionLab_NTroje::rub023,29,0.0009259259259259,5.392059690222942,6.155697267831708,360.0,5.725393023556266,0.33333333333332404
P-direct-none-base,BioMotionLab_NTroje::rub044,29,0.0,5.148253746734786,5.808909372750463,360.0,5.148253746734786,0.0
P-direct-none-base,BioMotionLab_NTroje::rub053,29,0.0065586419753086,4.455767586916069,5.020785727676933,360.0,6.816878698027166,2.361111111111096
P-direct-none-base,BioMotionLab_NTroje::rub054,29,0.0041152263374485,5.018377850198253,5.706169784632813,360.0,6.499859331679714,1.48148148148146
P-direct-none-base,BioMotionLab_NTroje::rub070,29,0.0047260802469135,5.085964402931091,5.723260398591938,360.0,6.787353291819951,1.70138888888886
P-direct-none-base,BioMotionLab_NTroje::rub072,29,0.0043402777777777,4.618069159142099,5.153705420205965,360.0,6.18056915914207,1.562499999999972
P-direct-none-base,BioMotionLab_NTroje::rub075,29,0.009645061728395,5.478198672045605,6.148515153692354,360.0,8.950420894267804,3.4722222222222
P-direct-none-base,BioMotionLab_NTroje::rub086,29,0.001929012345679,5.346460709315548,5.830390318391651,360.0,6.040905153759988,0.69444444444444
P-direct-none-base,BioMotionLab_NTroje::rub098,29,0.0055555555555555,4.72189980037777,5.656121740755744,360.0,6.72189980037775,1.99999999999998
P-direct-none-base,BioMotionLab_NTroje::rub106,29,0.0127314814814814,5.150596941688865,5.8087028863328625,360.0,9.733930275022168,4.583333333333304
P-direct-none-base,BioMotionLab_NTroje::rub115,29,0.0040509259259259,5.443694213512215,6.281268397417893,360.0,6.902027546845539,1.458333333333324
P-direct-none-base,KIT::348,29,0.0,5.071321114179625,6.379431362325325,360.0,5.071321114179625,0.0
P-direct-none-base,KIT::6,29,0.0004629629629629,4.220278139553531,5.098839796197789,360.0,4.386944806220175,0.166666666666644
P-direct-none-base,BioMotionLab_NTroje::rub002,43,0.0,5.781135689084529,6.579815849521189,360.0,5.781135689084529,0.0
P-direct-none-base,BioMotionLab_NTroje::rub023,43,0.0003086419753086,5.315842965267144,6.155697267831708,360.0,5.42695407637824,0.111111111111096
P-direct-none-base,BioMotionLab_NTroje::rub044,43,0.0023148148148148,5.000184227074445,5.808909372750463,360.0,5.833517560407773,0.8333333333333279
P-direct-none-base,BioMotionLab_NTroje::rub053,43,0.0003858024691358,4.54447631548209,5.020785727676933,360.0,4.683365204370978,0.138888888888888
P-direct-none-base,BioMotionLab_NTroje::rub054,43,0.0010288065843621,4.904310776212328,5.706169784632813,360.0,5.274681146582684,0.37037037037035603
P-direct-none-base,BioMotionLab_NTroje::rub070,43,0.0047260802469135,5.1562238752390925,5.723260398591938,360.0,6.8576127641279525,1.70138888888886
P-direct-none-base,BioMotionLab_NTroje::rub072,43,0.0069444444444444,4.465063288269166,5.153705420205965,360.0,6.96506328826915,2.499999999999984
P-direct-none-base,BioMotionLab_NTroje::rub075,43,0.0100308641975308,5.376598904343031,6.148515153692354,360.0,8.98771001545412,3.6111111111110876
P-direct-none-base,BioMotionLab_NTroje::rub086,43,0.001929012345679,5.3079705410980145,5.830390318391651,360.0,6.002414985542455,0.69444444444444
P-direct-none-base,BioMotionLab_NTroje::rub098,43,0.0009259259259259,4.849921554004103,5.656121740755744,360.0,5.183254887337427,0.33333333333332404
P-direct-none-base,BioMotionLab_NTroje::rub106,43,0.0092592592592592,5.188587848495899,5.8087028863328625,360.0,8.52192118182921,3.3333333333333117
P-direct-none-base,BioMotionLab_NTroje::rub115,43,0.0011574074074074,5.589191946101094,6.281268397417893,360.0,6.005858612767758,0.41666666666666397
P-direct-none-base,KIT::348,43,0.0,5.092881025479233,6.379431362325325,360.0,5.092881025479233,0.0
P-direct-none-base,KIT::6,43,0.0027777777777777,4.243488741677419,5.098839796197789,360.0,5.243488741677391,0.9999999999999719
P-direct-none-paired_change,BioMotionLab_NTroje::rub002,17,0.007716049382716,6.037822875913566,6.579815849521189,360.0,8.815600653691327,2.77777777777776
P-direct-none-paired_change,BioMotionLab_NTroje::rub023,17,0.0098765432098765,5.593455105162943,6.155697267831708,360.0,9.149010660718483,3.55555555555554
P-direct-none-paired_change,BioMotionLab_NTroje::rub044,17,0.009645061728395,5.384857728188391,5.808909372750463,360.0,8.85707995041059,3.4722222222222
P-direct-none-paired_change,BioMotionLab_NTroje::rub053,17,0.0061728395061728,4.923736215739796,5.020785727676933,360.0,7.145958437962004,2.222222222222208
P-direct-none-paired_change,BioMotionLab_NTroje::rub054,17,0.0,5.16431712593359,5.706169784632813,360.0,5.16431712593359,0.0
P-direct-none-paired_change,BioMotionLab_NTroje::rub070,17,0.0149498456790123,5.439344379678401,5.723260398591938,360.0,10.821288824122828,5.381944444444428
P-direct-none-paired_change,BioMotionLab_NTroje::rub072,17,0.0046296296296296,4.840580448772002,5.153705420205965,360.0,6.507247115438657,1.6666666666666559
P-direct-none-paired_change,BioMotionLab_NTroje::rub075,17,0.0196759259259259,5.852272090269071,6.148515153692354,360.0,12.935605423602393,7.083333333333323
P-direct-none-paired_change,BioMotionLab_NTroje::rub086,17,0.0100308641975308,5.351907013334963,5.830390318391651,360.0,8.963018124446052,3.6111111111110876
P-direct-none-paired_change,BioMotionLab_NTroje::rub098,17,0.0041666666666666,5.282734789643053,5.656121740755744,360.0,6.782734789643029,1.499999999999976
P-direct-none-paired_change,BioMotionLab_NTroje::rub106,17,0.0131172839506172,5.4387044438391845,5.8087028863328625,360.0,10.160926666061377,4.722222222222192
P-direct-none-paired_change,BioMotionLab_NTroje::rub115,17,0.0008680555555555,6.232903254440512,6.281268397417893,360.0,6.545403254440492,0.31249999999998
P-direct-none-paired_change,KIT::348,17,0.0,5.846660658165132,6.379431362325325,360.0,5.846660658165132,0.0
P-direct-none-paired_change,KIT::6,17,0.0101851851851851,5.671270896954008,5.098839796197789,360.0,9.337937563620644,3.666666666666636
P-direct-none-paired_change,BioMotionLab_NTroje::rub002,29,0.0046296296296296,6.1557332009429935,6.579815849521189,360.0,7.822399867609649,1.6666666666666559
P-direct-none-paired_change,BioMotionLab_NTroje::rub023,29,0.0101851851851851,5.630029119758231,6.155697267831708,360.0,9.296695786424866,3.666666666666636
P-direct-none-paired_change,BioMotionLab_NTroje::rub044,29,0.0027006172839506,5.431491181261944,5.808909372750463,360.0,6.4037134034841605,0.9722222222222159
P-direct-none-paired_change,BioMotionLab_NTroje::rub053,29,0.007716049382716,5.174949003880638,5.020785727676933,360.0,7.952726781658398,2.77777777777776
P-direct-none-paired_change,BioMotionLab_NTroje::rub054,29,0.000514403292181,5.123852658951408,5.706169784632813,360.0,5.309037844136569,0.18518518518515997
P-direct-none-paired_change,BioMotionLab_NTroje::rub070,29,0.0152391975308641,5.431703822587688,5.723260398591938,360.0,10.917814933698764,5.486111111111076
P-direct-none-paired_change,BioMotionLab_NTroje::rub072,29,0.0,5.059872193014748,5.153705420205965,360.0,5.059872193014748,0.0
P-direct-none-paired_change,BioMotionLab_NTroje::rub075,29,0.013503086419753,5.829506129143643,6.148515153692354,360.0,10.690617240254724,4.8611111111110805
P-direct-none-paired_change,BioMotionLab_NTroje::rub086,29,0.007716049382716,5.370168927187538,5.830390318391651,360.0,8.147946704965298,2.77777777777776
P-direct-none-paired_change,BioMotionLab_NTroje::rub098,29,0.0037037037037037,5.370288701698799,5.656121740755744,360.0,6.703622035032131,1.333333333333332
P-direct-none-paired_change,BioMotionLab_NTroje::rub106,29,0.0104166666666666,5.503573264812313,5.8087028863328625,360.0,9.253573264812289,3.749999999999976
P-direct-none-paired_change,BioMotionLab_NTroje::rub115,29,0.0,6.190894596832834,6.281268397417893,360.0,6.190894596832834,0.0
P-direct-none-paired_change,KIT::348,29,0.0018518518518518,6.201146509132238,6.379431362325325,360.0,6.8678131757988865,0.6666666666666481
P-direct-none-paired_change,KIT::6,29,0.0083333333333333,5.913408126432876,5.098839796197789,360.0,8.913408126432865,2.999999999999988
P-direct-none-paired_change,BioMotionLab_NTroje::rub002,43,0.0046296296296296,6.342436883286304,6.579815849521189,360.0,8.00910354995296,1.6666666666666559
P-direct-none-paired_change,BioMotionLab_NTroje::rub023,43,0.0104938271604938,5.917851988429427,6.155697267831708,360.0,9.695629766207194,3.777777777777768
P-direct-none-paired_change,BioMotionLab_NTroje::rub044,43,0.0127314814814814,5.488134675083479,5.808909372750463,360.0,10.071468008416783,4.583333333333304
P-direct-none-paired_change,BioMotionLab_NTroje::rub053,43,0.0007716049382716,5.478486906289608,5.020785727676933,360.0,5.756264684067384,0.277777777777776
P-direct-none-paired_change,BioMotionLab_NTroje::rub054,43,0.0015432098765432,5.292831478606438,5.706169784632813,360.0,5.8483870341619895,0.555555555555552
P-direct-none-paired_change,BioMotionLab_NTroje::rub070,43,0.0108989197530864,5.642622574779034,5.723260398591938,360.0,9.566233685890138,3.923611111111104
P-direct-none-paired_change,BioMotionLab_NTroje::rub072,43,0.0063657407407407,5.088182310508685,5.153705420205965,360.0,7.379848977175337,2.291666666666652
P-direct-none-paired_change,BioMotionLab_NTroje::rub075,43,0.015432098765432,6.124434797172801,6.148515153692354,360.0,11.679990352728321,5.55555555555552
P-direct-none-paired_change,BioMotionLab_NTroje::rub086,43,0.0092592592592592,5.641260295986214,5.830390318391651,360.0,8.974593629319525,3.3333333333333117
P-direct-none-paired_change,BioMotionLab_NTroje::rub098,43,0.0040123456790123,5.538703009127006,5.656121740755744,360.0,6.9831474535714335,1.444444444444428
P-direct-none-paired_change,BioMotionLab_NTroje::rub106,43,0.0104166666666666,5.544448739911446,5.8087028863328625,360.0,9.294448739911422,3.749999999999976
P-direct-none-paired_change,BioMotionLab_NTroje::rub115,43,0.0011574074074074,6.477744774587776,6.281268397417893,360.0,6.89441144125444,0.41666666666666397
P-direct-none-paired_change,KIT::348,43,0.0046296296296296,6.628467017794884,6.379431362325325,360.0,8.29513368446154,1.6666666666666559
P-direct-none-paired_change,KIT::6,43,0.0087962962962962,5.977616630632265,5.098839796197789,360.0,9.144283297298896,3.166666666666632
I-initialized-none-base,BioMotionLab_NTroje::rub002,17,0.0,7.219859227592887,6.579815849521189,360.0,7.219859227592887,0.0
I-initialized-none-base,BioMotionLab_NTroje::rub023,17,0.0,7.0639994139656705,6.155697267831708,360.0,7.0639994139656705,0.0
I-initialized-none-base,BioMotionLab_NTroje::rub044,17,0.0023148148148148,6.563062586916598,5.808909372750463,360.0,7.396395920249926,0.8333333333333279
I-initialized-none-base,BioMotionLab_NTroje::rub053,17,0.0,6.225401993579981,5.020785727676933,360.0,6.225401993579981,0.0
I-initialized-none-base,BioMotionLab_NTroje::rub054,17,0.000514403292181,6.478761910656638,5.706169784632813,360.0,6.663947095841798,0.18518518518515997
I-initialized-none-base,BioMotionLab_NTroje::rub070,17,0.0108989197530864,6.429224041327979,5.723260398591938,360.0,10.352835152439082,3.923611111111104
I-initialized-none-base,BioMotionLab_NTroje::rub072,17,0.0005787037037037,5.815331803805579,5.153705420205965,360.0,6.023665137138911,0.20833333333333198
I-initialized-none-base,BioMotionLab_NTroje::rub075,17,0.0138888888888888,7.151215216840225,6.148515153692354,360.0,12.151215216840193,4.999999999999968
I-initialized-none-base,BioMotionLab_NTroje::rub086,17,0.0023148148148148,6.65793907976903,5.830390318391651,360.0,7.491272413102358,0.8333333333333279
I-initialized-none-base,BioMotionLab_NTroje::rub098,17,0.0,6.218129943444614,5.656121740755744,360.0,6.218129943444614,0.0
I-initialized-none-base,BioMotionLab_NTroje::rub106,17,0.0104166666666666,6.445508366684038,5.8087028863328625,360.0,10.195508366684013,3.749999999999976
I-initialized-none-base,BioMotionLab_NTroje::rub115,17,0.0,7.375772800785132,6.281268397417893,360.0,7.375772800785132,0.0
I-initialized-none-base,KIT::348,17,0.0,7.111711423295096,6.379431362325325,360.0,7.111711423295096,0.0
I-initialized-none-base,KIT::6,17,0.0074074074074074,6.506370599141212,5.098839796197789,360.0,9.173037265807876,2.666666666666664
I-initialized-none-base,BioMotionLab_NTroje::rub002,29,0.0,7.1316690989143785,6.579815849521189,360.0,7.1316690989143785,0.0
I-initialized-none-base,BioMotionLab_NTroje::rub023,29,0.0,7.032143224920799,6.155697267831708,360.0,7.032143224920799,0.0
I-initialized-none-base,BioMotionLab_NTroje::rub044,29,0.0015432098765432,6.6295705144015,5.808909372750463,360.0,7.185126069957052,0.555555555555552
I-initialized-none-base,BioMotionLab_NTroje::rub053,29,0.0,6.279186488700011,5.020785727676933,360.0,6.279186488700011,0.0
I-initialized-none-base,BioMotionLab_NTroje::rub054,29,0.0,6.502912679873365,5.706169784632813,360.0,6.502912679873365,0.0
I-initialized-none-base,BioMotionLab_NTroje::rub070,29,0.0179398148148148,6.409055687219682,5.723260398591938,360.0,12.867389020553011,6.458333333333329
I-initialized-none-base,BioMotionLab_NTroje::rub072,29,0.0014467592592592,5.845173742259431,5.153705420205965,360.0,6.3660070755927425,0.5208333333333119
I-initialized-none-base,BioMotionLab_NTroje::rub075,29,0.0173611111111111,7.036462483922648,6.148515153692354,360.0,13.286462483922644,6.2499999999999964
I-initialized-none-base,BioMotionLab_NTroje::rub086,29,0.0,6.709055316958145,5.830390318391651,360.0,6.709055316958145,0.0
I-initialized-none-base,BioMotionLab_NTroje::rub098,29,0.0009259259259259,6.186407162167282,5.656121740755744,360.0,6.519740495500606,0.33333333333332404
I-initialized-none-base,BioMotionLab_NTroje::rub106,29,0.0127314814814814,6.407935119871856,5.8087028863328625,360.0,10.991268453205159,4.583333333333304
I-initialized-none-base,BioMotionLab_NTroje::rub115,29,0.0,7.397716470146045,6.281268397417893,360.0,7.397716470146045,0.0
I-initialized-none-base,KIT::348,29,0.0,7.081876998020123,6.379431362325325,360.0,7.081876998020123,0.0
I-initialized-none-base,KIT::6,29,0.0046296296296296,6.402996841443326,5.098839796197789,360.0,8.069663508109981,1.6666666666666559
I-initialized-none-base,BioMotionLab_NTroje::rub002,43,0.0,7.200305984534093,6.579815849521189,360.0,7.200305984534093,0.0
I-initialized-none-base,BioMotionLab_NTroje::rub023,43,0.0,7.0545265811186315,6.155697267831708,360.0,7.0545265811186315,0.0
I-initialized-none-base,BioMotionLab_NTroje::rub044,43,0.0003858024691358,6.619099701398775,5.808909372750463,360.0,6.757988590287663,0.138888888888888
I-initialized-none-base,BioMotionLab_NTroje::rub053,43,0.0,6.054678511876068,5.020785727676933,360.0,6.054678511876068,0.0
I-initialized-none-base,BioMotionLab_NTroje::rub054,43,0.0,6.416893828575148,5.706169784632813,360.0,6.416893828575148,0.0
I-initialized-none-base,BioMotionLab_NTroje::rub070,43,0.0113811728395061,6.359188839124702,5.723260398591938,360.0,10.456411061346898,4.097222222222196
I-initialized-none-base,BioMotionLab_NTroje::rub072,43,0.0,5.682860133814009,5.153705420205965,360.0,5.682860133814009,0.0
I-initialized-none-base,BioMotionLab_NTroje::rub075,43,0.013503086419753,7.157498088305801,6.148515153692354,360.0,12.018609199416883,4.8611111111110805
I-initialized-none-base,BioMotionLab_NTroje::rub086,43,0.0023148148148148,6.562086458823888,5.830390318391651,360.0,7.395419792157216,0.8333333333333279
I-initialized-none-base,BioMotionLab_NTroje::rub098,43,0.0040123456790123,6.241079301658074,5.656121740755744,360.0,7.685523746102501,1.444444444444428
I-initialized-none-base,BioMotionLab_NTroje::rub106,43,0.0158179012345679,6.3040169289365915,5.8087028863328625,360.0,11.998461373381035,5.694444444444444
I-initialized-none-base,BioMotionLab_NTroje::rub115,43,0.0002893518518518,7.32183246252748,6.281268397417893,360.0,7.425999129194128,0.104166666666648
I-initialized-none-base,KIT::348,43,0.0018518518518518,7.330291027496822,6.379431362325325,360.0,7.99695769416347,0.6666666666666481
I-initialized-none-base,KIT::6,43,0.0083333333333333,6.352462319480582,5.098839796197789,360.0,9.35246231948057,2.999999999999988
I-initialized-none-paired_change,BioMotionLab_NTroje::rub002,17,0.0030864197530864,7.039001984964123,6.579815849521189,360.0,8.150113096075227,1.111111111111104
I-initialized-none-paired_change,BioMotionLab_NTroje::rub023,17,0.0,6.650980839599197,6.155697267831708,360.0,6.650980839599197,0.0
I-initialized-none-paired_change,BioMotionLab_NTroje::rub044,17,0.0050154320987654,6.3996601191131495,5.808909372750463,360.0,8.205215674668693,1.8055555555555438
I-initialized-none-paired_change,BioMotionLab_NTroje::rub053,17,0.0,5.761614689697823,5.020785727676933,360.0,5.761614689697823,0.0
I-initialized-none-paired_change,BioMotionLab_NTroje::rub054,17,0.0,6.097243651961411,5.706169784632813,360.0,6.097243651961411,0.0
I-initialized-none-paired_change,BioMotionLab_NTroje::rub070,17,0.0129243827160493,6.060166147588345,5.723260398591938,360.0,10.712943925366092,4.6527777777777475
I-initialized-none-paired_change,BioMotionLab_NTroje::rub072,17,0.0017361111111111,5.51033076309011,5.153705420205965,360.0,6.135330763090106,0.624999999999996
I-initialized-none-paired_change,BioMotionLab_NTroje::rub075,17,0.0200617283950617,6.7049941817901235,6.148515153692354,360.0,13.927216404012334,7.222222222222212
I-initialized-none-paired_change,BioMotionLab_NTroje::rub086,17,0.0023148148148148,6.334221163463151,5.830390318391651,360.0,7.167554496796479,0.8333333333333279
I-initialized-none-paired_change,BioMotionLab_NTroje::rub098,17,0.0032407407407407,6.193942953497851,5.656121740755744,360.0,7.360609620164503,1.1666666666666519
I-initialized-none-paired_change,BioMotionLab_NTroje::rub106,17,0.0146604938271604,6.2458933312376494,5.8087028863328625,360.0,11.523671109015392,5.277777777777744
I-initialized-none-paired_change,BioMotionLab_NTroje::rub115,17,0.0020254629629629,7.107329950700818,6.281268397417893,360.0,7.8364966173674615,0.729166666666644
I-initialized-none-paired_change,KIT::348,17,0.0,6.8100590195445605,6.379431362325325,360.0,6.8100590195445605,0.0
I-initialized-none-paired_change,KIT::6,17,0.0041666666666666,5.889852047533244,5.098839796197789,360.0,7.38985204753322,1.499999999999976
I-initialized-none-paired_change,BioMotionLab_NTroje::rub002,29,0.0,7.165907919880404,6.579815849521189,360.0,7.165907919880404,0.0
I-initialized-none-paired_change,BioMotionLab_NTroje::rub023,29,0.0,6.753358078876505,6.155697267831708,360.0,6.753358078876505,0.0
I-initialized-none-paired_change,BioMotionLab_NTroje::rub044,29,0.0104166666666666,6.607097497071617,5.808909372750463,360.0,10.357097497071592,3.749999999999976
I-initialized-none-paired_change,BioMotionLab_NTroje::rub053,29,0.0034722222222222,5.78765102577062,5.020785727676933,360.0,7.037651025770612,1.249999999999992
I-initialized-none-paired_change,BioMotionLab_NTroje::rub054,29,0.0015432098765432,6.393864792732589,5.706169784632813,360.0,6.9494203482881405,0.555555555555552
I-initialized-none-paired_change,BioMotionLab_NTroje::rub070,29,0.013599537037037,6.255217153977803,5.723260398591938,360.0,11.151050487311123,4.89583333333332
I-initialized-none-paired_change,BioMotionLab_NTroje::rub072,29,0.0,5.610585995061232,5.153705420205965,360.0,5.610585995061232,0.0
I-initialized-none-paired_change,BioMotionLab_NTroje::rub075,29,0.0258487654320987,6.682753911556813,6.148515153692354,360.0,15.988309467112344,9.305555555555532
I-initialized-none-paired_change,BioMotionLab_NTroje::rub086,29,0.005787037037037,6.627566961768349,5.830390318391651,360.0,8.71090029510167,2.08333333333332
I-initialized-none-paired_change,BioMotionLab_NTroje::rub098,29,0.0001543209876543,6.144476347851794,5.656121740755744,360.0,6.200031903407342,0.055555555555548
I-initialized-none-paired_change,BioMotionLab_NTroje::rub106,29,0.0189043209876543,6.419360106821908,5.8087028863328625,360.0,13.224915662377455,6.805555555555548
I-initialized-none-paired_change,BioMotionLab_NTroje::rub115,29,0.0026041666666666,6.946667090911266,6.281268397417893,360.0,7.884167090911242,0.937499999999976
I-initialized-none-paired_change,KIT::348,29,0.0,6.40287469214709,6.379431362325325,360.0,6.40287469214709,0.0
I-initialized-none-paired_change,KIT::6,29,0.0027777777777777,5.391634663240117,5.098839796197789,360.0,6.391634663240088,0.9999999999999719
I-initialized-none-paired_change,BioMotionLab_NTroje::rub002,43,0.0,7.107836753032085,6.579815849521189,360.0,7.107836753032085,0.0
I-initialized-none-paired_change,BioMotionLab_NTroje::rub023,43,0.0,6.695453018693938,6.155697267831708,360.0,6.695453018693938,0.0
I-initialized-none-paired_change,BioMotionLab_NTroje::rub044,43,0.0084876543209876,6.404968372450333,5.808909372750463,360.0,9.46052392800587,3.055555555555536
I-initialized-none-paired_change,BioMotionLab_NTroje::rub053,43,0.0,5.8437664723662115,5.020785727676933,360.0,5.8437664723662115,0.0
I-initialized-none-paired_change,BioMotionLab_NTroje::rub054,43,0.0015432098765432,6.402942453721607,5.706169784632813,360.0,6.958498009277159,0.555555555555552
I-initialized-none-paired_change,BioMotionLab_NTroje::rub070,43,0.0152391975308641,6.332352312830086,5.723260398591938,360.0,11.81846342394116,5.486111111111076
I-initialized-none-paired_change,BioMotionLab_NTroje::rub072,43,0.0043402777777777,5.703706625180354,5.153705420205965,360.0,7.266206625180326,1.562499999999972
I-initialized-none-paired_change,BioMotionLab_NTroje::rub075,43,0.0138888888888888,6.756387360418305,6.148515153692354,360.0,11.756387360418273,4.999999999999968
I-initialized-none-paired_change,BioMotionLab_NTroje::rub086,43,0.0007716049382716,6.463058034092948,5.830390318391651,360.0,6.740835811870724,0.277777777777776
I-initialized-none-paired_change,BioMotionLab_NTroje::rub098,43,0.0013888888888888,6.31106552241055,5.656121740755744,360.0,6.811065522410518,0.499999999999968
I-initialized-none-paired_change,BioMotionLab_NTroje::rub106,43,0.0111882716049382,6.397072685754154,5.8087028863328625,360.0,10.424850463531907,4.027777777777752
I-initialized-none-paired_change,BioMotionLab_NTroje::rub115,43,0.0,7.158694930973316,6.281268397417893,360.0,7.158694930973316,0.0
I-initialized-none-paired_change,KIT::348,43,0.0055555555555555,6.667452175415077,6.379431362325325,360.0,8.667452175415058,1.99999999999998
I-initialized-none-paired_change,KIT::6,43,0.0037037037037037,5.719440270885654,5.098839796197789,360.0,7.052773604218986,1.333333333333332
I-shuffled_jepa-graph_time-base,BioMotionLab_NTroje::rub002,17,0.0,7.190550472294813,6.579815849521189,360.0,7.190550472294813,0.0
I-shuffled_jepa-graph_time-base,BioMotionLab_NTroje::rub023,17,0.0,6.998415528661175,6.155697267831708,360.0,6.998415528661175,0.0
I-shuffled_jepa-graph_time-base,BioMotionLab_NTroje::rub044,17,0.0054012345679012,6.5576584072598445,5.808909372750463,360.0,8.502102851704276,1.9444444444444318
I-shuffled_jepa-graph_time-base,BioMotionLab_NTroje::rub053,17,0.0011574074074074,6.099428428177761,5.020785727676933,360.0,6.516095094844426,0.41666666666666397
I-shuffled_jepa-graph_time-base,BioMotionLab_NTroje::rub054,17,0.0,6.366968164625081,5.706169784632813,360.0,6.366968164625081,0.0
I-shuffled_jepa-graph_time-base,BioMotionLab_NTroje::rub070,17,0.0061728395061728,6.445379528807747,5.723260398591938,360.0,8.667601751029956,2.222222222222208
I-shuffled_jepa-graph_time-base,BioMotionLab_NTroje::rub072,17,0.003761574074074,5.75208672510471,5.153705420205965,360.0,7.10625339177135,1.35416666666664
I-shuffled_jepa-graph_time-base,BioMotionLab_NTroje::rub075,17,0.015432098765432,7.03056295448928,6.148515153692354,360.0,12.5861185100448,5.55555555555552
I-shuffled_jepa-graph_time-base,BioMotionLab_NTroje::rub086,17,0.0011574074074074,6.733988264024908,5.830390318391651,360.0,7.150654930691572,0.41666666666666397
I-shuffled_jepa-graph_time-base,BioMotionLab_NTroje::rub098,17,0.0066358024691358,6.331309303668773,5.656121740755744,360.0,8.72019819255766,2.388888888888888
I-shuffled_jepa-graph_time-base,BioMotionLab_NTroje::rub106,17,0.0100308641975308,6.4775767249538,5.8087028863328625,360.0,10.088687836064889,3.6111111111110876
I-shuffled_jepa-graph_time-base,BioMotionLab_NTroje::rub115,17,0.0026041666666666,7.310149984118782,6.281268397417893,360.0,8.247649984118759,0.937499999999976
I-shuffled_jepa-graph_time-base,KIT::348,17,0.0,7.097185746962561,6.379431362325325,360.0,7.097185746962561,0.0
I-shuffled_jepa-graph_time-base,KIT::6,17,0.0041666666666666,6.357786617579251,5.098839796197789,360.0,7.857786617579227,1.499999999999976
I-shuffled_jepa-graph_time-base,BioMotionLab_NTroje::rub002,29,0.0,6.998086050460164,6.579815849521189,360.0,6.998086050460164,0.0
I-shuffled_jepa-graph_time-base,BioMotionLab_NTroje::rub023,29,0.0003086419753086,6.982403589924229,6.155697267831708,360.0,7.093514701035325,0.111111111111096
I-shuffled_jepa-graph_time-base,BioMotionLab_NTroje::rub044,29,0.0003858024691358,6.60822796571194,5.808909372750463,360.0,6.747116854600828,0.138888888888888
I-shuffled_jepa-graph_time-base,BioMotionLab_NTroje::rub053,29,0.001929012345679,6.106560727669458,5.020785727676933,360.0,6.801005172113898,0.69444444444444
I-shuffled_jepa-graph_time-base,BioMotionLab_NTroje::rub054,29,0.0,6.414630927205724,5.706169784632813,360.0,6.414630927205724,0.0
I-shuffled_jepa-graph_time-base,BioMotionLab_NTroje::rub070,29,0.0129243827160493,6.3778746799988175,5.723260398591938,360.0,11.030652457776565,4.6527777777777475
I-shuffled_jepa-graph_time-base,BioMotionLab_NTroje::rub072,29,0.0026041666666666,5.66206174204391,5.153705420205965,360.0,6.599561742043886,0.937499999999976
I-shuffled_jepa-graph_time-base,BioMotionLab_NTroje::rub075,29,0.0192901234567901,7.0136886555157405,6.148515153692354,360.0,13.958133099960177,6.944444444444437
I-shuffled_jepa-graph_time-base,BioMotionLab_NTroje::rub086,29,0.0007716049382716,6.637719854403898,5.830390318391651,360.0,6.9154976321816735,0.277777777777776
I-shuffled_jepa-graph_time-base,BioMotionLab_NTroje::rub098,29,0.0055555555555555,6.098512669392553,5.656121740755744,360.0,8.098512669392534,1.99999999999998
I-shuffled_jepa-graph_time-base,BioMotionLab_NTroje::rub106,29,0.0069444444444444,6.506567184577385,5.8087028863328625,360.0,9.006567184577369,2.499999999999984
I-shuffled_jepa-graph_time-base,BioMotionLab_NTroje::rub115,29,0.0028935185185185,7.173117783907497,6.281268397417893,360.0,8.214784450574157,1.04166666666666
I-shuffled_jepa-graph_time-base,KIT::348,29,0.0,7.249049543559688,6.379431362325325,360.0,7.249049543559688,0.0
I-shuffled_jepa-graph_time-base,KIT::6,29,0.0027777777777777,6.234312458153975,5.098839796197789,360.0,7.234312458153947,0.9999999999999719
I-shuffled_jepa-graph_time-base,BioMotionLab_NTroje::rub002,43,0.0,6.863560984572568,6.579815849521189,360.0,6.863560984572568,0.0
I-shuffled_jepa-graph_time-base,BioMotionLab_NTroje::rub023,43,0.0,6.985332992052411,6.155697267831708,360.0,6.985332992052411,0.0
I-shuffled_jepa-graph_time-base,BioMotionLab_NTroje::rub044,43,0.0015432098765432,6.489550338933046,5.808909372750463,360.0,7.045105894488597,0.555555555555552
I-shuffled_jepa-graph_time-base,BioMotionLab_NTroje::rub053,43,0.0,5.725079512567278,5.020785727676933,360.0,5.725079512567278,0.0
I-shuffled_jepa-graph_time-base,BioMotionLab_NTroje::rub054,43,0.0,6.330191398717905,5.706169784632813,360.0,6.330191398717905,0.0
I-shuffled_jepa-graph_time-base,BioMotionLab_NTroje::rub070,43,0.0140817901234567,6.189134896320692,5.723260398591938,360.0,11.258579340765102,5.069444444444412
I-shuffled_jepa-graph_time-base,BioMotionLab_NTroje::rub072,43,0.0002893518518518,5.5675941932695885,5.153705420205965,360.0,5.671760859936237,0.104166666666648
I-shuffled_jepa-graph_time-base,BioMotionLab_NTroje::rub075,43,0.0162037037037037,6.8263567622786505,6.148515153692354,360.0,12.659690095611982,5.833333333333332
I-shuffled_jepa-graph_time-base,BioMotionLab_NTroje::rub086,43,0.0011574074074074,6.449136280651082,5.830390318391651,360.0,6.865802947317746,0.41666666666666397
I-shuffled_jepa-graph_time-base,BioMotionLab_NTroje::rub098,43,0.0024691358024691,5.9543563255137055,5.656121740755744,360.0,6.8432452144025815,0.8888888888888761
I-shuffled_jepa-graph_time-base,BioMotionLab_NTroje::rub106,43,0.0131172839506172,6.345621111461327,5.8087028863328625,360.0,11.06784333368352,4.722222222222192
I-shuffled_jepa-graph_time-base,BioMotionLab_NTroje::rub115,43,0.0014467592592592,7.194489037010803,6.281268397417893,360.0,7.715322370344115,0.5208333333333119
I-shuffled_jepa-graph_time-base,KIT::348,43,0.0,6.845813136803787,6.379431362325325,360.0,6.845813136803787,0.0
I-shuffled_jepa-graph_time-base,KIT::6,43,0.0004629629629629,6.065492829821926,5.098839796197789,360.0,6.23215949648857,0.166666666666644
I-shuffled_jepa-graph_time-paired_change,BioMotionLab_NTroje::rub002,17,0.0023148148148148,6.7412131699179625,6.579815849521189,360.0,7.57454650325129,0.8333333333333279
I-shuffled_jepa-graph_time-paired_change,BioMotionLab_NTroje::rub023,17,0.0006172839506172,6.762560972972395,6.155697267831708,360.0,6.984783195194587,0.222222222222192
I-shuffled_jepa-graph_time-paired_change,BioMotionLab_NTroje::rub044,17,0.0064814814814814,6.301670479567431,5.808909372750463,360.0,8.635003812900734,2.3333333333333037
I-shuffled_jepa-graph_time-paired_change,BioMotionLab_NTroje::rub053,17,0.0,5.764377648461252,5.020785727676933,360.0,5.764377648461252,0.0
I-shuffled_jepa-graph_time-paired_change,BioMotionLab_NTroje::rub054,17,0.0,6.38293254525511,5.706169784632813,360.0,6.38293254525511,0.0
I-shuffled_jepa-graph_time-paired_change,BioMotionLab_NTroje::rub070,17,0.0151427469135802,5.841114476306053,5.723260398591938,360.0,11.292503365194925,5.4513888888888715
I-shuffled_jepa-graph_time-paired_change,BioMotionLab_NTroje::rub072,17,0.0017361111111111,5.50153170783567,5.153705420205965,360.0,6.126531707835666,0.624999999999996
I-shuffled_jepa-graph_time-paired_change,BioMotionLab_NTroje::rub075,17,0.0293209876543209,6.6329592901634,6.148515153692354,360.0,17.188514845718924,10.555555555555523
I-shuffled_jepa-graph_time-paired_change,BioMotionLab_NTroje::rub086,17,0.0007716049382716,6.332805632683878,5.830390318391651,360.0,6.610583410461654,0.277777777777776
I-shuffled_jepa-graph_time-paired_change,BioMotionLab_NTroje::rub098,17,0.0046296296296296,6.0413387125376445,5.656121740755744,360.0,7.7080053792043,1.6666666666666559
I-shuffled_jepa-graph_time-paired_change,BioMotionLab_NTroje::rub106,17,0.0088734567901234,6.362912736937201,5.8087028863328625,360.0,9.557357181381626,3.194444444444424
I-shuffled_jepa-graph_time-paired_change,BioMotionLab_NTroje::rub115,17,0.0031828703703703,6.951596831207823,6.281268397417893,360.0,8.09743016454113,1.145833333333308
I-shuffled_jepa-graph_time-paired_change,KIT::348,17,0.0,6.786120574733376,6.379431362325325,360.0,6.786120574733376,0.0
I-shuffled_jepa-graph_time-paired_change,KIT::6,17,0.0018518518518518,5.647100690006992,5.098839796197789,360.0,6.31376735667364,0.6666666666666481
I-shuffled_jepa-graph_time-paired_change,BioMotionLab_NTroje::rub002,29,0.0,7.060970824287213,6.579815849521189,360.0,7.060970824287213,0.0
I-shuffled_jepa-graph_time-paired_change,BioMotionLab_NTroje::rub023,29,0.0,6.685029326610964,6.155697267831708,360.0,6.685029326610964,0.0
I-shuffled_jepa-graph_time-paired_change,BioMotionLab_NTroje::rub044,29,0.0054012345679012,6.382092773454631,5.808909372750463,360.0,8.326537217899062,1.9444444444444318
I-shuffled_jepa-graph_time-paired_change,BioMotionLab_NTroje::rub053,29,0.0254629629629629,5.848584532959262,5.020785727676933,360.0,15.015251199625904,9.166666666666643
I-shuffled_jepa-graph_time-paired_change,BioMotionLab_NTroje::rub054,29,0.0046296296296296,6.199492844430222,5.706169784632813,360.0,7.866159511096878,1.6666666666666559
I-shuffled_jepa-graph_time-paired_change,BioMotionLab_NTroje::rub070,29,0.0189043209876543,6.1409277015913215,5.723260398591938,360.0,12.94648325714687,6.805555555555548
I-shuffled_jepa-graph_time-paired_change,BioMotionLab_NTroje::rub072,29,0.0054976851851851,5.4202417187083825,5.153705420205965,360.0,7.399408385375018,1.979166666666636
I-shuffled_jepa-graph_time-paired_change,BioMotionLab_NTroje::rub075,29,0.0235339506172839,6.457320253142606,6.148515153692354,360.0,14.929542475364808,8.472222222222204
I-shuffled_jepa-graph_time-paired_change,BioMotionLab_NTroje::rub086,29,0.0069444444444444,6.415800265563185,5.830390318391651,360.0,8.915800265563169,2.499999999999984
I-shuffled_jepa-graph_time-paired_change,BioMotionLab_NTroje::rub098,29,0.0146604938271604,5.825169765338693,5.656121740755744,360.0,11.102947543116436,5.277777777777744
I-shuffled_jepa-graph_time-paired_change,BioMotionLab_NTroje::rub106,29,0.0150462962962962,6.192488252099902,5.8087028863328625,360.0,11.609154918766535,5.416666666666632
I-shuffled_jepa-graph_time-paired_change,BioMotionLab_NTroje::rub115,29,0.003761574074074,6.8224019290812095,6.281268397417893,360.0,8.176568595747849,1.35416666666664
I-shuffled_jepa-graph_time-paired_change,KIT::348,29,0.0018518518518518,6.653913866863815,6.379431362325325,360.0,7.320580533530463,0.6666666666666481
I-shuffled_jepa-graph_time-paired_change,KIT::6,29,0.0254629629629629,6.165324788024125,5.098839796197789,360.0,15.331991454690769,9.166666666666643
I-shuffled_jepa-graph_time-paired_change,BioMotionLab_NTroje::rub002,43,0.0,6.992774309742835,6.579815849521189,360.0,6.992774309742835,0.0
I-shuffled_jepa-graph_time-paired_change,BioMotionLab_NTroje::rub023,43,0.0,6.775697025432082,6.155697267831708,360.0,6.775697025432082,0.0
I-shuffled_jepa-graph_time-paired_change,BioMotionLab_NTroje::rub044,43,0.0091049382716049,6.498492034746767,5.808909372750463,360.0,9.77626981252453,3.277777777777764
I-shuffled_jepa-graph_time-paired_change,BioMotionLab_NTroje::rub053,43,0.0046296296296296,5.620941233869737,5.020785727676933,360.0,7.287607900536393,1.6666666666666559
I-shuffled_jepa-graph_time-paired_change,BioMotionLab_NTroje::rub054,43,0.0015432098765432,6.238011366582554,5.706169784632813,360.0,6.793566922138106,0.555555555555552
I-shuffled_jepa-graph_time-paired_change,BioMotionLab_NTroje::rub070,43,0.0192901234567901,5.990119513600608,5.723260398591938,360.0,12.934563958045045,6.944444444444437
I-shuffled_jepa-graph_time-paired_change,BioMotionLab_NTroje::rub072,43,0.0011574074074074,5.486953304883414,5.153705420205965,360.0,5.903619971550079,0.41666666666666397
I-shuffled_jepa-graph_time-paired_change,BioMotionLab_NTroje::rub075,43,0.0235339506172839,6.602649574040195,6.148515153692354,360.0,15.0748717962624,8.472222222222204
I-shuffled_jepa-graph_time-paired_change,BioMotionLab_NTroje::rub086,43,0.005787037037037,6.482161071744312,5.830390318391651,360.0,8.565494405077633,2.08333333333332
I-shuffled_jepa-graph_time-paired_change,BioMotionLab_NTroje::rub098,43,0.0016975308641975,6.139899709645929,5.656121740755744,360.0,6.751010820757029,0.6111111111111001
I-shuffled_jepa-graph_time-paired_change,BioMotionLab_NTroje::rub106,43,0.0177469135802469,6.42668525213078,5.8087028863328625,360.0,12.815574141019663,6.388888888888884
I-shuffled_jepa-graph_time-paired_change,BioMotionLab_NTroje::rub115,43,0.0,6.917566975989933,6.281268397417893,360.0,6.917566975989933,0.0
I-shuffled_jepa-graph_time-paired_change,KIT::348,43,0.0,6.93927805637226,6.379431362325325,360.0,6.93927805637226,0.0
I-shuffled_jepa-graph_time-paired_change,KIT::6,43,0.0060185185185185,5.9613983312433065,5.098839796197789,360.0,8.128064997909966,2.1666666666666603
F-response-jepa_delta_v1-graph_time-paired_change,BioMotionLab_NTroje::rub002,17,0.0092592592592592,6.873976960022829,6.579815849521189,720.0,13.540643626689452,6.666666666666623
F-response-jepa_delta_v1-graph_time-paired_change,BioMotionLab_NTroje::rub023,17,0.0021604938271604,6.6674993206702595,6.155697267831708,720.0,8.223054876225747,1.5555555555554879
F-response-jepa_delta_v1-graph_time-paired_change,BioMotionLab_NTroje::rub044,17,0.003858024691358,6.295768175967559,5.808909372750463,720.0,9.07354595374532,2.77777777777776
F-response-jepa_delta_v1-graph_time-paired_change,BioMotionLab_NTroje::rub053,17,0.0,5.7787748991924,5.020785727676933,720.0,5.7787748991924,0.0
F-response-jepa_delta_v1-graph_time-paired_change,BioMotionLab_NTroje::rub054,17,0.0,6.038336261860807,5.706169784632813,720.0,6.038336261860807,0.0
F-response-jepa_delta_v1-graph_time-paired_change,BioMotionLab_NTroje::rub070,17,0.0120563271604938,6.026687962037594,5.723260398591938,720.0,14.707243517593131,8.680555555555536
F-response-jepa_delta_v1-graph_time-paired_change,BioMotionLab_NTroje::rub072,17,0.0008680555555555,5.553858237572246,5.153705420205965,720.0,6.178858237572206,0.62499999999996
F-response-jepa_delta_v1-graph_time-paired_change,BioMotionLab_NTroje::rub075,17,0.013503086419753,6.635908646935852,6.148515153692354,720.0,16.358130869158014,9.722222222222161
F-response-jepa_delta_v1-graph_time-paired_change,BioMotionLab_NTroje::rub086,17,0.0015432098765432,6.383762560462331,5.830390318391651,720.0,7.494873671573435,1.111111111111104
F-response-jepa_delta_v1-graph_time-paired_change,BioMotionLab_NTroje::rub098,17,0.0023148148148148,5.909105631645247,5.656121740755744,720.0,7.575772298311902,1.6666666666666559
F-response-jepa_delta_v1-graph_time-paired_change,BioMotionLab_NTroje::rub106,17,0.0088734567901234,6.256673814959807,5.8087028863328625,720.0,12.645562703848656,6.388888888888848
F-response-jepa_delta_v1-graph_time-paired_change,BioMotionLab_NTroje::rub115,17,0.0002893518518518,6.837762728661996,6.281268397417893,720.0,7.046096061995292,0.208333333333296
F-response-jepa_delta_v1-graph_time-paired_change,KIT::348,17,0.0,6.4320839627011805,6.379431362325325,720.0,6.4320839627011805,0.0
F-response-jepa_delta_v1-graph_time-paired_change,KIT::6,17,0.0083333333333333,5.588784320162324,5.098839796197789,720.0,11.5887843201623,5.999999999999976
F-response-jepa_delta_v1-graph_time-paired_change,BioMotionLab_NTroje::rub002,29,0.0046296296296296,6.806497902566633,6.579815849521189,720.0,10.139831235899944,3.3333333333333117
F-response-jepa_delta_v1-graph_time-paired_change,BioMotionLab_NTroje::rub023,29,0.0018518518518518,6.499086207193159,6.155697267831708,720.0,7.832419540526455,1.3333333333332962
F-response-jepa_delta_v1-graph_time-paired_change,BioMotionLab_NTroje::rub044,29,0.0046296296296296,6.175238014073574,5.808909372750463,720.0,9.508571347406885,3.3333333333333117
F-response-jepa_delta_v1-graph_time-paired_change,BioMotionLab_NTroje::rub053,29,0.0034722222222222,5.460827545249348,5.020785727676933,720.0,7.960827545249332,2.499999999999984
F-response-jepa_delta_v1-graph_time-paired_change,BioMotionLab_NTroje::rub054,29,0.0015432098765432,5.9240076751332,5.706169784632813,720.0,7.035118786244304,1.111111111111104
F-response-jepa_delta_v1-graph_time-paired_change,BioMotionLab_NTroje::rub070,29,0.0094521604938271,5.877924987512333,5.723260398591938,720.0,12.683480543067844,6.805555555555512
F-response-jepa_delta_v1-graph_time-paired_change,BioMotionLab_NTroje::rub072,29,0.0005787037037037,5.392552851847604,5.153705420205965,720.0,5.8092195185142685,0.41666666666666397
F-response-jepa_delta_v1-graph_time-paired_change,BioMotionLab_NTroje::rub075,29,0.0289351851851851,6.366617905830922,6.148515153692354,720.0,27.199951239164193,20.83333333333327
F-response-jepa_delta_v1-graph_time-paired_change,BioMotionLab_NTroje::rub086,29,0.0034722222222222,6.155177720338858,5.830390318391651,720.0,8.655177720338841,2.499999999999984
F-response-jepa_delta_v1-graph_time-paired_change,BioMotionLab_NTroje::rub098,29,0.0041666666666666,5.84297071652892,5.656121740755744,720.0,8.842970716528871,2.999999999999952
F-response-jepa_delta_v1-graph_time-paired_change,BioMotionLab_NTroje::rub106,29,0.0092592592592592,6.140233307128258,5.8087028863328625,720.0,12.80689997379488,6.666666666666623
F-response-jepa_delta_v1-graph_time-paired_change,BioMotionLab_NTroje::rub115,29,0.0034722222222222,6.72890742991393,6.281268397417893,720.0,9.228907429913914,2.499999999999984
F-response-jepa_delta_v1-graph_time-paired_change,KIT::348,29,0.0037037037037037,6.484276966866257,6.379431362325325,720.0,9.15094363353292,2.666666666666664
F-response-jepa_delta_v1-graph_time-paired_change,KIT::6,29,0.0097222222222222,5.2851000564478365,5.098839796197789,720.0,12.28510005644782,6.999999999999984
F-response-jepa_delta_v1-graph_time-paired_change,BioMotionLab_NTroje::rub002,43,0.0046296296296296,6.964704086691653,6.579815849521189,720.0,10.298037420024965,3.3333333333333117
F-response-jepa_delta_v1-graph_time-paired_change,BioMotionLab_NTroje::rub023,43,0.0,6.709307401610244,6.155697267831708,720.0,6.709307401610244,0.0
F-response-jepa_delta_v1-graph_time-paired_change,BioMotionLab_NTroje::rub044,43,0.0050154320987654,6.2471692573360516,5.808909372750463,720.0,9.85828036844714,3.6111111111110876
F-response-jepa_delta_v1-graph_time-paired_change,BioMotionLab_NTroje::rub053,43,0.0,5.769251800021138,5.020785727676933,720.0,5.769251800021138,0.0
F-response-jepa_delta_v1-graph_time-paired_change,BioMotionLab_NTroje::rub054,43,0.0,6.219758985887315,5.706169784632813,720.0,6.219758985887315,0.0
F-response-jepa_delta_v1-graph_time-paired_change,BioMotionLab_NTroje::rub070,43,0.0109953703703703,6.009078242364411,5.723260398591938,720.0,13.925744909031026,7.9166666666666154
F-response-jepa_delta_v1-graph_time-paired_change,BioMotionLab_NTroje::rub072,43,0.0026041666666666,5.454360383273547,5.153705420205965,720.0,7.3293603832734995,1.874999999999952
F-response-jepa_delta_v1-graph_time-paired_change,BioMotionLab_NTroje::rub075,43,0.0192901234567901,6.644320937534521,6.148515153692354,720.0,20.533209826423395,13.888888888888873
F-response-jepa_delta_v1-graph_time-paired_change,BioMotionLab_NTroje::rub086,43,0.0027006172839506,6.475114542849831,5.830390318391651,720.0,8.419558987294263,1.9444444444444318
F-response-jepa_delta_v1-graph_time-paired_change,BioMotionLab_NTroje::rub098,43,0.0015432098765432,5.863074749648957,5.656121740755744,720.0,6.974185860760061,1.111111111111104
F-response-jepa_delta_v1-graph_time-paired_change,BioMotionLab_NTroje::rub106,43,0.0142746913580246,6.305621963656296,5.8087028863328625,720.0,16.583399741434008,10.277777777777713
F-response-jepa_delta_v1-graph_time-paired_change,BioMotionLab_NTroje::rub115,43,0.0,6.932267489219835,6.281268397417893,720.0,6.932267489219835,0.0
F-response-jepa_delta_v1-graph_time-paired_change,KIT::348,43,0.0,6.871503114620087,6.379431362325325,720.0,6.871503114620087,0.0
F-response-jepa_delta_v1-graph_time-paired_change,KIT::6,43,0.0074074074074074,5.91908349565211,5.098839796197789,720.0,11.252416828985439,5.333333333333328
F-response-jepa_endpoint_v1-graph_time-paired_change,BioMotionLab_NTroje::rub002,17,0.0,7.171179693955793,6.579815849521189,720.0,7.171179693955793,0.0
F-response-jepa_endpoint_v1-graph_time-paired_change,BioMotionLab_NTroje::rub023,17,0.0006172839506172,6.604996333149602,6.155697267831708,720.0,7.049440777593986,0.444444444444384
F-response-jepa_endpoint_v1-graph_time-paired_change,BioMotionLab_NTroje::rub044,17,0.0069444444444444,6.4200616172576686,5.808909372750463,720.0,11.420061617257637,4.999999999999968
F-response-jepa_endpoint_v1-graph_time-paired_change,BioMotionLab_NTroje::rub053,17,0.0,5.915607001644844,5.020785727676933,720.0,5.915607001644844,0.0
F-response-jepa_endpoint_v1-graph_time-paired_change,BioMotionLab_NTroje::rub054,17,0.0030864197530864,6.250381324224182,5.706169784632813,720.0,8.47260354644639,2.222222222222208
F-response-jepa_endpoint_v1-graph_time-paired_change,BioMotionLab_NTroje::rub070,17,0.0130208333333333,5.915864617332717,5.723260398591938,720.0,15.290864617332693,9.374999999999975
F-response-jepa_endpoint_v1-graph_time-paired_change,BioMotionLab_NTroje::rub072,17,0.0011574074074074,5.582798787657271,5.153705420205965,720.0,6.416132120990599,0.8333333333333279
F-response-jepa_endpoint_v1-graph_time-paired_change,BioMotionLab_NTroje::rub075,17,0.0212191358024691,6.574811003763735,6.148515153692354,720.0,21.85258878154149,15.277777777777754
F-response-jepa_endpoint_v1-graph_time-paired_change,BioMotionLab_NTroje::rub086,17,0.0034722222222222,6.44618695218636,5.830390318391651,720.0,8.946186952186345,2.499999999999984
F-response-jepa_endpoint_v1-graph_time-paired_change,BioMotionLab_NTroje::rub098,17,0.0023148148148148,5.8869020403484535,5.656121740755744,720.0,7.55356870701511,1.6666666666666559
F-response-jepa_endpoint_v1-graph_time-paired_change,BioMotionLab_NTroje::rub106,17,0.0185185185185185,6.34077924636221,5.8087028863328625,720.0,19.67411257969553,13.33333333333332
F-response-jepa_endpoint_v1-graph_time-paired_change,BioMotionLab_NTroje::rub115,17,0.0002893518518518,6.912868684304989,6.281268397417893,720.0,7.121202017638285,0.208333333333296
F-response-jepa_endpoint_v1-graph_time-paired_change,KIT::348,17,0.0,6.307174266693523,6.379431362325325,720.0,6.307174266693523,0.0
F-response-jepa_endpoint_v1-graph_time-paired_change,KIT::6,17,0.0064814814814814,5.324645760405953,5.098839796197789,720.0,9.991312427072561,4.6666666666666075
F-response-jepa_endpoint_v1-graph_time-paired_change,BioMotionLab_NTroje::rub002,29,0.0,6.8429293175158605,6.579815849521189,720.0,6.8429293175158605,0.0
F-response-jepa_endpoint_v1-graph_time-paired_change,BioMotionLab_NTroje::rub023,29,0.0,6.703238093165235,6.155697267831708,720.0,6.703238093165235,0.0
F-response-jepa_endpoint_v1-graph_time-paired_change,BioMotionLab_NTroje::rub044,29,0.0104166666666666,6.397228646935335,5.808909372750463,720.0,13.897228646935286,7.499999999999952
F-response-jepa_endpoint_v1-graph_time-paired_change,BioMotionLab_NTroje::rub053,29,0.0,5.884483351060172,5.020785727676933,720.0,5.884483351060172,0.0
F-response-jepa_endpoint_v1-graph_time-paired_change,BioMotionLab_NTroje::rub054,29,0.000514403292181,6.222569706719116,5.706169784632813,720.0,6.592940077089436,0.37037037037031995
F-response-jepa_endpoint_v1-graph_time-paired_change,BioMotionLab_NTroje::rub070,29,0.0168788580246913,6.362683671103908,5.723260398591938,720.0,18.515461448881645,12.152777777777736
F-response-jepa_endpoint_v1-graph_time-paired_change,BioMotionLab_NTroje::rub072,29,0.0046296296296296,5.580974107973965,5.153705420205965,720.0,8.914307441307276,3.3333333333333117
F-response-jepa_endpoint_v1-graph_time-paired_change,BioMotionLab_NTroje::rub075,29,0.013503086419753,6.879987835170565,6.148515153692354,720.0,16.602210057392725,9.722222222222161
F-response-jepa_endpoint_v1-graph_time-paired_change,BioMotionLab_NTroje::rub086,29,0.0034722222222222,6.228635688560243,5.830390318391651,720.0,8.728635688560228,2.499999999999984
F-response-jepa_endpoint_v1-graph_time-paired_change,BioMotionLab_NTroje::rub098,29,0.0055555555555555,6.0200859524501285,5.656121740755744,720.0,10.020085952450088,3.99999999999996
F-response-jepa_endpoint_v1-graph_time-paired_change,BioMotionLab_NTroje::rub106,29,0.0204475308641975,6.309781198899014,5.8087028863328625,720.0,21.032003421121214,14.7222222222222
F-response-jepa_endpoint_v1-graph_time-paired_change,BioMotionLab_NTroje::rub115,29,0.0008680555555555,7.037429010741072,6.281268397417893,720.0,7.662429010741032,0.62499999999996
F-response-jepa_endpoint_v1-graph_time-paired_change,KIT::348,29,0.0027777777777777,6.597759291879972,6.379431362325325,720.0,8.597759291879916,1.9999999999999438
F-response-jepa_endpoint_v1-graph_time-paired_change,KIT::6,29,0.0018518518518518,5.709007983624236,5.098839796197789,720.0,7.042341316957533,1.3333333333332962
F-response-jepa_endpoint_v1-graph_time-paired_change,BioMotionLab_NTroje::rub002,43,0.0,7.033561672285537,6.579815849521189,720.0,7.033561672285537,0.0
F-response-jepa_endpoint_v1-graph_time-paired_change,BioMotionLab_NTroje::rub023,43,0.0003086419753086,6.663054419154025,6.155697267831708,720.0,6.885276641376217,0.222222222222192
F-response-jepa_endpoint_v1-graph_time-paired_change,BioMotionLab_NTroje::rub044,43,0.0108024691358024,6.310830048750695,5.808909372750463,720.0,14.088607826528422,7.777777777777727
F-response-jepa_endpoint_v1-graph_time-paired_change,BioMotionLab_NTroje::rub053,43,0.0015432098765432,5.747868493842263,5.020785727676933,720.0,6.858979604953367,1.111111111111104
F-response-jepa_endpoint_v1-graph_time-paired_change,BioMotionLab_NTroje::rub054,43,0.0030864197530864,6.100065827896863,5.706169784632813,720.0,8.32228805011907,2.222222222222208
F-response-jepa_endpoint_v1-graph_time-paired_change,BioMotionLab_NTroje::rub070,43,0.0110918209876543,6.158958758465182,5.723260398591938,720.0,14.145069869576279,7.9861111111110965
F-response-jepa_endpoint_v1-graph_time-paired_change,BioMotionLab_NTroje::rub072,43,0.0002893518518518,5.4768355620156015,5.153705420205965,720.0,5.685168895348897,0.208333333333296
F-response-jepa_endpoint_v1-graph_time-paired_change,BioMotionLab_NTroje::rub075,43,0.0246913580246913,6.667265021661173,6.148515153692354,720.0,24.44504279943891,17.777777777777736
F-response-jepa_endpoint_v1-graph_time-paired_change,BioMotionLab_NTroje::rub086,43,0.0011574074074074,6.321813536982575,5.830390318391651,720.0,7.155146870315903,0.8333333333333279
F-response-jepa_endpoint_v1-graph_time-paired_change,BioMotionLab_NTroje::rub098,43,0.0015432098765432,6.145922201708034,5.656121740755744,720.0,7.2570333128191375,1.111111111111104
F-response-jepa_endpoint_v1-graph_time-paired_change,BioMotionLab_NTroje::rub106,43,0.0142746913580246,6.3867504636910155,5.8087028863328625,720.0,16.66452824146873,10.277777777777713
F-response-jepa_endpoint_v1-graph_time-paired_change,BioMotionLab_NTroje::rub115,43,0.0,6.834217083083749,6.281268397417893,720.0,6.834217083083749,0.0
F-response-jepa_endpoint_v1-graph_time-paired_change,KIT::348,43,0.0027777777777777,6.867210513154298,6.379431362325325,720.0,8.867210513154241,1.9999999999999438
F-response-jepa_endpoint_v1-graph_time-paired_change,KIT::6,43,0.0069444444444444,5.705491239974473,5.098839796197789,720.0,10.70549123997444,4.999999999999968
F-response-coordinate_delta_v1-graph_time-paired_change,BioMotionLab_NTroje::rub002,17,0.0,7.01203960531847,6.579815849521189,720.0,7.01203960531847,0.0
F-response-coordinate_delta_v1-graph_time-paired_change,BioMotionLab_NTroje::rub023,17,0.0320987654320987,6.2688367564253245,6.155697267831708,720.0,29.379947867536387,23.111111111111065
F-response-coordinate_delta_v1-graph_time-paired_change,BioMotionLab_NTroje::rub044,17,0.0182098765432098,5.98275535336775,5.808909372750463,720.0,19.093866464478808,13.111111111111056
F-response-coordinate_delta_v1-graph_time-paired_change,BioMotionLab_NTroje::rub053,17,0.0042438271604938,5.545538682726742,5.020785727676933,720.0,8.601094238282279,3.055555555555536
F-response-coordinate_delta_v1-graph_time-paired_change,BioMotionLab_NTroje::rub054,17,0.0030864197530864,5.886420125769139,5.706169784632813,720.0,8.108642347991347,2.222222222222208
F-response-coordinate_delta_v1-graph_time-paired_change,BioMotionLab_NTroje::rub070,17,0.0235339506172839,5.768370700633335,5.723260398591938,720.0,22.71281514507774,16.944444444444407
F-response-coordinate_delta_v1-graph_time-paired_change,BioMotionLab_NTroje::rub072,17,0.0109953703703703,5.174339888180634,5.153705420205965,720.0,13.09100655484725,7.9166666666666154
F-response-coordinate_delta_v1-graph_time-paired_change,BioMotionLab_NTroje::rub075,17,0.0385802469135802,6.275382825862118,6.148515153692354,720.0,34.05316060363987,27.777777777777747
F-response-coordinate_delta_v1-graph_time-paired_change,BioMotionLab_NTroje::rub086,17,0.0165895061728395,6.038615249588495,5.830390318391651,720.0,17.983059694032935,11.94444444444444
F-response-coordinate_delta_v1-graph_time-paired_change,BioMotionLab_NTroje::rub098,17,0.0021604938271604,5.799042056618768,5.656121740755744,720.0,7.354597612174256,1.5555555555554879
F-response-coordinate_delta_v1-graph_time-paired_change,BioMotionLab_NTroje::rub106,17,0.0219907407407407,5.9243698396533135,5.8087028863328625,720.0,21.757703172986616,15.833333333333304
F-response-coordinate_delta_v1-graph_time-paired_change,BioMotionLab_NTroje::rub115,17,0.0005787037037037,6.749335329292587,6.281268397417893,720.0,7.166001995959252,0.41666666666666397
F-response-coordinate_delta_v1-graph_time-paired_change,KIT::348,17,0.0027777777777777,6.474177311457328,6.379431362325325,720.0,8.474177311457272,1.9999999999999438
F-response-coordinate_delta_v1-graph_time-paired_change,KIT::6,17,0.0032407407407407,5.215970071807079,5.098839796197789,720.0,7.549303405140383,2.3333333333333037
F-response-coordinate_delta_v1-graph_time-paired_change,BioMotionLab_NTroje::rub002,29,0.0,7.070465319751762,6.579815849521189,720.0,7.070465319751762,0.0
F-response-coordinate_delta_v1-graph_time-paired_change,BioMotionLab_NTroje::rub023,29,0.0123456790123456,6.6067338115838625,6.155697267831708,720.0,15.495622700472694,8.888888888888832
F-response-coordinate_delta_v1-graph_time-paired_change,BioMotionLab_NTroje::rub044,29,0.0087962962962962,6.4334868954083,5.808909372750463,720.0,12.766820228741564,6.333333333333264
F-response-coordinate_delta_v1-graph_time-paired_change,BioMotionLab_NTroje::rub053,29,0.0092592592592592,5.599279036859032,5.020785727676933,720.0,12.265945703525656,6.666666666666623
F-response-coordinate_delta_v1-graph_time-paired_change,BioMotionLab_NTroje::rub054,29,0.0,6.244945845409544,5.706169784632813,720.0,6.244945845409544,0.0
F-response-coordinate_delta_v1-graph_time-paired_change,BioMotionLab_NTroje::rub070,29,0.0217013888888888,6.15411775672814,5.723260398591938,720.0,21.779117756728077,15.624999999999938
F-response-coordinate_delta_v1-graph_time-paired_change,BioMotionLab_NTroje::rub072,29,0.0072337962962962,5.454304362330599,5.153705420205965,720.0,10.662637695663863,5.208333333333264
F-response-coordinate_delta_v1-graph_time-paired_change,BioMotionLab_NTroje::rub075,29,0.0470679012345679,6.456640769380417,6.148515153692354,720.0,40.345529658269314,33.88888888888889
F-response-coordinate_delta_v1-graph_time-paired_change,BioMotionLab_NTroje::rub086,29,0.0046296296296296,6.343334097609588,5.830390318391651,720.0,9.6766674309429,3.3333333333333117
F-response-coordinate_delta_v1-graph_time-paired_change,BioMotionLab_NTroje::rub098,29,0.002932098765432,6.017594184604681,5.656121740755744,720.0,8.12870529571572,2.11111111111104
F-response-coordinate_delta_v1-graph_time-paired_change,BioMotionLab_NTroje::rub106,29,0.0158179012345679,6.463488042055957,5.8087028863328625,720.0,17.852376930944843,11.388888888888888
F-response-coordinate_delta_v1-graph_time-paired_change,BioMotionLab_NTroje::rub115,29,0.0020254629629629,6.9292739706614865,6.281268397417893,720.0,8.387607303994775,1.458333333333288
F-response-coordinate_delta_v1-graph_time-paired_change,KIT::348,29,0.0027777777777777,6.426235787060189,6.379431362325325,720.0,8.426235787060133,1.9999999999999438
F-response-coordinate_delta_v1-graph_time-paired_change,KIT::6,29,0.0,5.28379592058807,5.098839796197789,720.0,5.28379592058807,0.0
F-response-coordinate_delta_v1-graph_time-paired_change,BioMotionLab_NTroje::rub002,43,0.0138888888888888,6.754274449333955,6.579815849521189,720.0,16.75427444933389,9.999999999999936
F-response-coordinate_delta_v1-graph_time-paired_change,BioMotionLab_NTroje::rub023,43,0.0151234567901234,6.234831122665066,6.155697267831708,720.0,17.123720011553914,10.888888888888848
F-response-coordinate_delta_v1-graph_time-paired_change,BioMotionLab_NTroje::rub044,43,0.0101851851851851,6.080365559916754,5.808909372750463,720.0,13.413698893250025,7.333333333333272
F-response-coordinate_delta_v1-graph_time-paired_change,BioMotionLab_NTroje::rub053,43,0.0081018518518518,5.679534823694851,5.020785727676933,720.0,11.512868157028148,5.833333333333296
F-response-coordinate_delta_v1-graph_time-paired_change,BioMotionLab_NTroje::rub054,43,0.0056584362139917,5.752897375710913,5.706169784632813,720.0,9.826971449784939,4.074074074074025
F-response-coordinate_delta_v1-graph_time-paired_change,BioMotionLab_NTroje::rub070,43,0.0244020061728395,5.807249014500888,5.723260398591938,720.0,23.376693458945326,17.56944444444444
F-response-coordinate_delta_v1-graph_time-paired_change,BioMotionLab_NTroje::rub072,43,0.005787037037037,5.376754566674913,5.153705420205965,720.0,9.543421233341554,4.16666666666664
F-response-coordinate_delta_v1-graph_time-paired_change,BioMotionLab_NTroje::rub075,43,0.0516975308641975,6.277661201676693,6.148515153692354,720.0,43.49988342389889,37.2222222222222
F-response-coordinate_delta_v1-graph_time-paired_change,BioMotionLab_NTroje::rub086,43,0.0108024691358024,6.040472954217958,5.830390318391651,720.0,13.818250731995686,7.777777777777727
F-response-coordinate_delta_v1-graph_time-paired_change,BioMotionLab_NTroje::rub098,43,0.0032407407407407,5.721479123959627,5.656121740755744,720.0,8.05481245729293,2.3333333333333037
F-response-coordinate_delta_v1-graph_time-paired_change,BioMotionLab_NTroje::rub106,43,0.0192901234567901,6.041741456884282,5.8087028863328625,720.0,19.930630345773157,13.888888888888873
F-response-coordinate_delta_v1-graph_time-paired_change,BioMotionLab_NTroje::rub115,43,0.0,6.708604666387216,6.281268397417893,720.0,6.708604666387216,0.0
F-response-coordinate_delta_v1-graph_time-paired_change,KIT::348,43,0.0037037037037037,6.562392441108,6.379431362325325,720.0,9.229059107774663,2.666666666666664
F-response-coordinate_delta_v1-graph_time-paired_change,KIT::6,43,0.0069444444444444,5.3148894681333285,5.098839796197789,720.0,10.314889468133297,4.999999999999968
F-response-jepa_delta_v1-graph_time-base,BioMotionLab_NTroje::rub002,17,0.0046296296296296,7.208551689774216,6.579815849521189,720.0,10.541885023107529,3.3333333333333117
F-response-jepa_delta_v1-graph_time-base,BioMotionLab_NTroje::rub023,17,0.0037037037037037,7.010505657554458,6.155697267831708,720.0,9.677172324221122,2.666666666666664
F-response-jepa_delta_v1-graph_time-base,BioMotionLab_NTroje::rub044,17,0.0015432098765432,6.826860775582671,5.808909372750463,720.0,7.937971886693775,1.111111111111104
F-response-jepa_delta_v1-graph_time-base,BioMotionLab_NTroje::rub053,17,0.0027006172839506,5.736671424995266,5.020785727676933,720.0,7.681115869439697,1.9444444444444318
F-response-jepa_delta_v1-graph_time-base,BioMotionLab_NTroje::rub054,17,0.0,6.214613712825924,5.706169784632813,720.0,6.214613712825924,0.0
F-response-jepa_delta_v1-graph_time-base,BioMotionLab_NTroje::rub070,17,0.0179398148148148,6.302984850450983,5.723260398591938,720.0,19.21965151711764,12.916666666666657
F-response-jepa_delta_v1-graph_time-base,BioMotionLab_NTroje::rub072,17,0.0023148148148148,5.697619888920812,5.153705420205965,720.0,7.3642865555874675,1.6666666666666559
F-response-jepa_delta_v1-graph_time-base,BioMotionLab_NTroje::rub075,17,0.0231481481481481,6.899087148293113,6.148515153692354,720.0,23.565753814959745,16.666666666666632
F-response-jepa_delta_v1-graph_time-base,BioMotionLab_NTroje::rub086,17,0.0054012345679012,6.634212137693248,5.830390318391651,720.0,10.523101026582111,3.8888888888888635
F-response-jepa_delta_v1-graph_time-base,BioMotionLab_NTroje::rub098,17,0.0009259259259259,6.150698002506027,5.656121740755744,720.0,6.817364669172675,0.6666666666666481
F-response-jepa_delta_v1-graph_time-base,BioMotionLab_NTroje::rub106,17,0.0108024691358024,6.380855435100084,5.8087028863328625,720.0,14.158633212877811,7.777777777777727
F-response-jepa_delta_v1-graph_time-base,BioMotionLab_NTroje::rub115,17,0.0008680555555555,7.100672314693551,6.281268397417893,720.0,7.725672314693511,0.62499999999996
F-response-jepa_delta_v1-graph_time-base,KIT::348,17,0.0,7.024117161509283,6.379431362325325,720.0,7.024117161509283,0.0
F-response-jepa_delta_v1-graph_time-base,KIT::6,17,0.0060185185185185,5.456722545900967,5.098839796197789,720.0,9.790055879234288,4.333333333333321
F-response-jepa_delta_v1-graph_time-base,BioMotionLab_NTroje::rub002,29,0.0092592592592592,6.5592079428133205,6.579815849521189,720.0,13.225874609479945,6.666666666666623
F-response-jepa_delta_v1-graph_time-base,BioMotionLab_NTroje::rub023,29,0.0101851851851851,6.4594019232053626,6.155697267831708,720.0,13.792735256538634,7.333333333333272
F-response-jepa_delta_v1-graph_time-base,BioMotionLab_NTroje::rub044,29,0.0034722222222222,6.248713887318563,5.808909372750463,720.0,8.748713887318548,2.499999999999984
F-response-jepa_delta_v1-graph_time-base,BioMotionLab_NTroje::rub053,29,0.0003858024691358,5.93503168252758,5.020785727676933,720.0,6.212809460305356,0.277777777777776
F-response-jepa_delta_v1-graph_time-base,BioMotionLab_NTroje::rub054,29,0.0061728395061728,5.988995559275388,5.706169784632813,720.0,10.433440003719804,4.444444444444416
F-response-jepa_delta_v1-graph_time-base,BioMotionLab_NTroje::rub070,29,0.009741512345679,6.106283241703662,5.723260398591938,720.0,13.120172130592543,7.01388888888888
F-response-jepa_delta_v1-graph_time-base,BioMotionLab_NTroje::rub072,29,0.0028935185185185,5.492816158620771,5.153705420205965,720.0,7.576149491954091,2.08333333333332
F-response-jepa_delta_v1-graph_time-base,BioMotionLab_NTroje::rub075,29,0.0192901234567901,6.590845857059665,6.148515153692354,720.0,20.479734745948537,13.888888888888873
F-response-jepa_delta_v1-graph_time-base,BioMotionLab_NTroje::rub086,29,0.0054012345679012,6.362963605261108,5.830390318391651,720.0,10.251852494149972,3.8888888888888635
F-response-jepa_delta_v1-graph_time-base,BioMotionLab_NTroje::rub098,29,0.0040123456790123,5.8421942357087735,5.656121740755744,720.0,8.73108312459763,2.888888888888856
F-response-jepa_delta_v1-graph_time-base,BioMotionLab_NTroje::rub106,29,0.0100308641975308,6.148473577700256,5.8087028863328625,720.0,13.37069579992243,7.222222222222175
F-response-jepa_delta_v1-graph_time-base,BioMotionLab_NTroje::rub115,29,0.0011574074074074,6.937408847974231,6.281268397417893,720.0,7.770742181307559,0.8333333333333279
F-response-jepa_delta_v1-graph_time-base,KIT::348,29,0.0,6.9410173746496735,6.379431362325325,720.0,6.9410173746496735,0.0
F-response-jepa_delta_v1-graph_time-base,KIT::6,29,0.0152777777777777,5.763893709818907,5.098839796197789,720.0,16.763893709818852,10.999999999999943
F-response-jepa_delta_v1-graph_time-base,BioMotionLab_NTroje::rub002,43,0.0092592592592592,6.748714013451598,6.579815849521189,720.0,13.415380680118222,6.666666666666623
F-response-jepa_delta_v1-graph_time-base,BioMotionLab_NTroje::rub023,43,0.0049382716049382,6.558251522973255,6.155697267831708,720.0,10.11380707852876,3.5555555555555043
F-response-jepa_delta_v1-graph_time-base,BioMotionLab_NTroje::rub044,43,0.0023148148148148,6.232471736579332,5.808909372750463,720.0,7.899138403245988,1.6666666666666559
F-response-jepa_delta_v1-graph_time-base,BioMotionLab_NTroje::rub053,43,0.0011574074074074,5.467938569105761,5.020785727676933,720.0,6.301271902439089,0.8333333333333279
F-response-jepa_delta_v1-graph_time-base,BioMotionLab_NTroje::rub054,43,0.0010288065843621,6.029447867676917,5.706169784632813,720.0,6.770188608417629,0.7407407407407121
F-response-jepa_delta_v1-graph_time-base,BioMotionLab_NTroje::rub070,43,0.0131172839506172,5.9309125467316255,5.723260398591938,720.0,15.375356991176009,9.444444444444384
F-response-jepa_delta_v1-graph_time-base,BioMotionLab_NTroje::rub072,43,0.003761574074074,5.261088694194676,5.153705420205965,720.0,7.969422027527957,2.70833333333328
F-response-jepa_delta_v1-graph_time-base,BioMotionLab_NTroje::rub075,43,0.0246913580246913,6.3627026653713585,6.148515153692354,720.0,24.140480443149094,17.777777777777736
F-response-jepa_delta_v1-graph_time-base,BioMotionLab_NTroje::rub086,43,0.005787037037037,6.162918516757123,5.830390318391651,720.0,10.329585183423763,4.16666666666664
F-response-jepa_delta_v1-graph_time-base,BioMotionLab_NTroje::rub098,43,0.0027777777777777,5.844770440152571,5.656121740755744,720.0,7.844770440152515,1.9999999999999438
F-response-jepa_delta_v1-graph_time-base,BioMotionLab_NTroje::rub106,43,0.015432098765432,6.098546612424734,5.8087028863328625,720.0,17.209657723535773,11.11111111111104
F-response-jepa_delta_v1-graph_time-base,BioMotionLab_NTroje::rub115,43,0.0,6.977179204042121,6.281268397417893,720.0,6.977179204042121,0.0
F-response-jepa_delta_v1-graph_time-base,KIT::348,43,0.0083333333333333,6.677771949608993,6.379431362325325,720.0,12.67777194960897,5.999999999999976
F-response-jepa_delta_v1-graph_time-base,KIT::6,43,0.0018518518518518,5.662883786298456,5.098839796197789,720.0,6.996217119631751,1.3333333333332962
F-response-jepa_endpoint_v1-graph_time-base,BioMotionLab_NTroje::rub002,17,0.0092592592592592,7.201954376671064,6.579815849521189,720.0,13.868621043337686,6.666666666666623
F-response-jepa_endpoint_v1-graph_time-base,BioMotionLab_NTroje::rub023,17,0.0058641975308641,6.956132279927563,6.155697267831708,720.0,11.178354502149716,4.222222222222152
F-response-jepa_endpoint_v1-graph_time-base,BioMotionLab_NTroje::rub044,17,0.0050154320987654,6.699893796035148,5.808909372750463,720.0,10.311004907146236,3.6111111111110876
F-response-jepa_endpoint_v1-graph_time-base,BioMotionLab_NTroje::rub053,17,0.0003858024691358,5.906680368014835,5.020785727676933,720.0,6.184458145792611,0.277777777777776
F-response-jepa_endpoint_v1-graph_time-base,BioMotionLab_NTroje::rub054,17,0.0,6.208778160099481,5.706169784632813,720.0,6.208778160099481,0.0
F-response-jepa_endpoint_v1-graph_time-base,BioMotionLab_NTroje::rub070,17,0.0148533950617283,6.334260310403732,5.723260398591938,720.0,17.028704754848107,10.694444444444375
F-response-jepa_endpoint_v1-graph_time-base,BioMotionLab_NTroje::rub072,17,0.0002893518518518,5.734228689786595,5.153705420205965,720.0,5.942562023119891,0.208333333333296
F-response-jepa_endpoint_v1-graph_time-base,BioMotionLab_NTroje::rub075,17,0.0108024691358024,6.9841384186600095,6.148515153692354,720.0,14.761916196437737,7.777777777777727
F-response-jepa_endpoint_v1-graph_time-base,BioMotionLab_NTroje::rub086,17,0.0027006172839506,6.621221890902523,5.830390318391651,720.0,8.565666335346954,1.9444444444444318
F-response-jepa_endpoint_v1-graph_time-base,BioMotionLab_NTroje::rub098,17,0.0009259259259259,6.10572089468916,5.656121740755744,720.0,6.772387561355808,0.6666666666666481
F-response-jepa_endpoint_v1-graph_time-base,BioMotionLab_NTroje::rub106,17,0.0111882716049382,6.38145141200717,5.8087028863328625,720.0,14.437006967562674,8.055555555555504
F-response-jepa_endpoint_v1-graph_time-base,BioMotionLab_NTroje::rub115,17,0.0008680555555555,7.148223062666328,6.281268397417893,720.0,7.773223062666288,0.62499999999996
F-response-jepa_endpoint_v1-graph_time-base,KIT::348,17,0.0009259259259259,7.045824022237097,6.379431362325325,720.0,7.7124906889037455,0.6666666666666481
F-response-jepa_endpoint_v1-graph_time-base,KIT::6,17,0.0009259259259259,5.751006972872783,5.098839796197789,720.0,6.417673639539431,0.6666666666666481
F-response-jepa_endpoint_v1-graph_time-base,BioMotionLab_NTroje::rub002,29,0.0092592592592592,7.112439534541764,6.579815849521189,720.0,13.779106201208387,6.666666666666623
F-response-jepa_endpoint_v1-graph_time-base,BioMotionLab_NTroje::rub023,29,0.0037037037037037,6.888983078004577,6.155697267831708,720.0,9.555649744671241,2.666666666666664
F-response-jepa_endpoint_v1-graph_time-base,BioMotionLab_NTroje::rub044,29,0.0042438271604938,6.664080138890566,5.808909372750463,720.0,9.7196356944461,3.055555555555536
F-response-jepa_endpoint_v1-graph_time-base,BioMotionLab_NTroje::rub053,29,0.0015432098765432,5.968800747997022,5.020785727676933,720.0,7.079911859108126,1.111111111111104
F-response-jepa_endpoint_v1-graph_time-base,BioMotionLab_NTroje::rub054,29,0.0,6.254234812840451,5.706169784632813,720.0,6.254234812840451,0.0
F-response-jepa_endpoint_v1-graph_time-base,BioMotionLab_NTroje::rub070,29,0.0063657407407407,6.340215551041187,5.723260398591938,720.0,10.92354888437449,4.583333333333304
F-response-jepa_endpoint_v1-graph_time-base,BioMotionLab_NTroje::rub072,29,0.0023148148148148,5.61107586834604,5.153705420205965,720.0,7.277742535012695,1.6666666666666559
F-response-jepa_endpoint_v1-graph_time-base,BioMotionLab_NTroje::rub075,29,0.0177469135802469,6.960122831734111,6.148515153692354,720.0,19.73790060951188,12.777777777777768
F-response-jepa_endpoint_v1-graph_time-base,BioMotionLab_NTroje::rub086,29,0.0046296296296296,6.598060130662305,5.830390318391651,720.0,9.931393463995617,3.3333333333333117
F-response-jepa_endpoint_v1-graph_time-base,BioMotionLab_NTroje::rub098,29,0.0041666666666666,6.1412890716726976,5.656121740755744,720.0,9.141289071672649,2.999999999999952
F-response-jepa_endpoint_v1-graph_time-base,BioMotionLab_NTroje::rub106,29,0.0084876543209876,6.4307897585979115,5.8087028863328625,720.0,12.541900869708982,6.111111111111072
F-response-jepa_endpoint_v1-graph_time-base,BioMotionLab_NTroje::rub115,29,0.0017361111111111,7.254349811275926,6.281268397417893,720.0,8.504349811275919,1.249999999999992
F-response-jepa_endpoint_v1-graph_time-base,KIT::348,29,0.0027777777777777,6.566127539319804,6.379431362325325,720.0,8.566127539319748,1.9999999999999438
F-response-jepa_endpoint_v1-graph_time-base,KIT::6,29,0.0083333333333333,5.843030055162031,5.098839796197789,720.0,11.843030055162007,5.999999999999976
F-response-jepa_endpoint_v1-graph_time-base,BioMotionLab_NTroje::rub002,43,0.0092592592592592,6.97235784616366,6.579815849521189,720.0,13.639024512830282,6.666666666666623
F-response-jepa_endpoint_v1-graph_time-base,BioMotionLab_NTroje::rub023,43,0.0046296296296296,6.658510156738993,6.155697267831708,720.0,9.991843490072306,3.3333333333333117
F-response-jepa_endpoint_v1-graph_time-base,BioMotionLab_NTroje::rub044,43,0.0030864197530864,6.2266147117659605,5.808909372750463,720.0,8.448836933988169,2.222222222222208
F-response-jepa_endpoint_v1-graph_time-base,BioMotionLab_NTroje::rub053,43,0.0011574074074074,5.717486649454575,5.020785727676933,720.0,6.550819982787902,0.8333333333333279
F-response-jepa_endpoint_v1-graph_time-base,BioMotionLab_NTroje::rub054,43,0.0,6.134429482413597,5.706169784632813,720.0,6.134429482413597,0.0
F-response-jepa_endpoint_v1-graph_time-base,BioMotionLab_NTroje::rub070,43,0.0153356481481481,6.140415675795855,5.723260398591938,720.0,17.182082342462486,11.041666666666632
F-response-jepa_endpoint_v1-graph_time-base,BioMotionLab_NTroje::rub072,43,0.0054976851851851,5.530622278354318,5.153705420205965,720.0,9.48895561168759,3.958333333333272
F-response-jepa_endpoint_v1-graph_time-base,BioMotionLab_NTroje::rub075,43,0.0246913580246913,6.673071451488329,6.148515153692354,720.0,24.450849229266066,17.777777777777736
F-response-jepa_endpoint_v1-graph_time-base,BioMotionLab_NTroje::rub086,43,0.005787037037037,6.375277305802288,5.830390318391651,720.0,10.541943972468928,4.16666666666664
F-response-jepa_endpoint_v1-graph_time-base,BioMotionLab_NTroje::rub098,43,0.0,6.065564642353426,5.656121740755744,720.0,6.065564642353426,0.0
F-response-jepa_endpoint_v1-graph_time-base,BioMotionLab_NTroje::rub106,43,0.0084876543209876,6.21827489103504,5.8087028863328625,720.0,12.329386002146112,6.111111111111072
F-response-jepa_endpoint_v1-graph_time-base,BioMotionLab_NTroje::rub115,43,0.0005787037037037,7.0262003452694,6.281268397417893,720.0,7.442867011936064,0.41666666666666397
F-response-jepa_endpoint_v1-graph_time-base,KIT::348,43,0.0018518518518518,7.009401731221634,6.379431362325325,720.0,8.34273506455493,1.3333333333332962
F-response-jepa_endpoint_v1-graph_time-base,KIT::6,43,0.0013888888888888,6.143602313896316,5.098839796197789,720.0,7.143602313896252,0.999999999999936
F-response-coordinate_delta_v1-graph_time-base,BioMotionLab_NTroje::rub002,17,0.0,6.876491100013944,6.579815849521189,720.0,6.876491100013944,0.0
F-response-coordinate_delta_v1-graph_time-base,BioMotionLab_NTroje::rub023,17,0.0024691358024691,6.587032640164584,6.155697267831708,720.0,8.364810417942337,1.7777777777777521
F-response-coordinate_delta_v1-graph_time-base,BioMotionLab_NTroje::rub044,17,0.0047839506172839,6.084513139668471,5.808909372750463,720.0,9.528957584112879,3.444444444444408
F-response-coordinate_delta_v1-graph_time-base,BioMotionLab_NTroje::rub053,17,0.0015432098765432,5.425521621619149,5.020785727676933,720.0,6.5366327327302525,1.111111111111104
F-response-coordinate_delta_v1-graph_time-base,BioMotionLab_NTroje::rub054,17,0.0,5.980659117869408,5.706169784632813,720.0,5.980659117869408,0.0
F-response-coordinate_delta_v1-graph_time-base,BioMotionLab_NTroje::rub070,17,0.0055941358024691,6.046714062096635,5.723260398591938,720.0,10.074491839874387,4.027777777777752
F-response-coordinate_delta_v1-graph_time-base,BioMotionLab_NTroje::rub072,17,0.0109953703703703,5.277449942921095,5.153705420205965,720.0,13.19411660958771,7.9166666666666154
F-response-coordinate_delta_v1-graph_time-base,BioMotionLab_NTroje::rub075,17,0.011574074074074,6.704335410167457,6.148515153692354,720.0,15.037668743500738,8.33333333333328
F-response-coordinate_delta_v1-graph_time-base,BioMotionLab_NTroje::rub086,17,0.0042438271604938,6.1676693057099365,5.830390318391651,720.0,9.223224861265471,3.055555555555536
F-response-coordinate_delta_v1-graph_time-base,BioMotionLab_NTroje::rub098,17,0.0013888888888888,5.800207683433473,5.656121740755744,720.0,6.800207683433409,0.999999999999936
F-response-coordinate_delta_v1-graph_time-base,BioMotionLab_NTroje::rub106,17,0.0169753086419753,6.15086491055606,5.8087028863328625,720.0,18.373087132778277,12.222222222222216
F-response-coordinate_delta_v1-graph_time-base,BioMotionLab_NTroje::rub115,17,0.0034722222222222,6.524703347355784,6.281268397417893,720.0,9.024703347355768,2.499999999999984
F-response-coordinate_delta_v1-graph_time-base,KIT::348,17,0.0,6.582795254106031,6.379431362325325,720.0,6.582795254106031,0.0
F-response-coordinate_delta_v1-graph_time-base,KIT::6,17,0.0,5.22169181603766,5.098839796197789,720.0,5.22169181603766,0.0
F-response-coordinate_delta_v1-graph_time-base,BioMotionLab_NTroje::rub002,29,0.0,7.016240547510151,6.579815849521189,720.0,7.016240547510151,0.0
F-response-coordinate_delta_v1-graph_time-base,BioMotionLab_NTroje::rub023,29,0.0027777777777777,6.748875589424803,6.155697267831708,720.0,8.748875589424747,1.9999999999999438
F-response-coordinate_delta_v1-graph_time-base,BioMotionLab_NTroje::rub044,29,0.0,6.313500639030649,5.808909372750463,720.0,6.313500639030649,0.0
F-response-coordinate_delta_v1-graph_time-base,BioMotionLab_NTroje::rub053,29,0.0023148148148148,5.656392045110579,5.020785727676933,720.0,7.323058711777234,1.6666666666666559
F-response-coordinate_delta_v1-graph_time-base,BioMotionLab_NTroje::rub054,29,0.0,6.018611581530237,5.706169784632813,720.0,6.018611581530237,0.0
F-response-coordinate_delta_v1-graph_time-base,BioMotionLab_NTroje::rub070,29,0.011574074074074,6.091229290464241,5.723260398591938,720.0,14.424562623797522,8.33333333333328
F-response-coordinate_delta_v1-graph_time-base,BioMotionLab_NTroje::rub072,29,0.0147569444444444,5.408591380672457,5.153705420205965,720.0,16.033591380672426,10.624999999999968
F-response-coordinate_delta_v1-graph_time-base,BioMotionLab_NTroje::rub075,29,0.0254629629629629,6.579289755889191,6.148515153692354,720.0,24.91262308922248,18.333333333333286
F-response-coordinate_delta_v1-graph_time-base,BioMotionLab_NTroje::rub086,29,0.0050154320987654,6.22115685621802,5.830390318391651,720.0,9.832267967329107,3.6111111111110876
F-response-coordinate_delta_v1-graph_time-base,BioMotionLab_NTroje::rub098,29,0.0,5.890304219462383,5.656121740755744,720.0,5.890304219462383,0.0
F-response-coordinate_delta_v1-graph_time-base,BioMotionLab_NTroje::rub106,29,0.0196759259259259,6.132798161773003,5.8087028863328625,720.0,20.29946482843965,14.166666666666647
F-response-coordinate_delta_v1-graph_time-base,BioMotionLab_NTroje::rub115,29,0.0034722222222222,6.735046450470234,6.281268397417893,720.0,9.235046450470218,2.499999999999984
F-response-coordinate_delta_v1-graph_time-base,KIT::348,29,0.0,6.4496441778831635,6.379431362325325,720.0,6.4496441778831635,0.0
F-response-coordinate_delta_v1-graph_time-base,KIT::6,29,0.0,5.231745716509846,5.098839796197789,720.0,5.231745716509846,0.0
F-response-coordinate_delta_v1-graph_time-base,BioMotionLab_NTroje::rub002,43,0.0108024691358024,6.942608027587091,6.579815849521189,720.0,14.720385805364817,7.777777777777727
F-response-coordinate_delta_v1-graph_time-base,BioMotionLab_NTroje::rub023,43,0.003395061728395,6.614182223434975,6.155697267831708,720.0,9.058626667879375,2.4444444444444002
F-response-coordinate_delta_v1-graph_time-base,BioMotionLab_NTroje::rub044,43,0.0015432098765432,6.247053869225881,5.808909372750463,720.0,7.358164980336985,1.111111111111104
F-response-coordinate_delta_v1-graph_time-base,BioMotionLab_NTroje::rub053,43,0.0034722222222222,5.6437505647673705,5.020785727676933,720.0,8.143750564767355,2.499999999999984
F-response-coordinate_delta_v1-graph_time-base,BioMotionLab_NTroje::rub054,43,0.0,6.130732181367963,5.706169784632813,720.0,6.130732181367963,0.0
F-response-coordinate_delta_v1-graph_time-base,BioMotionLab_NTroje::rub070,43,0.0119598765432098,6.036984282217748,5.723260398591938,720.0,14.648095393328804,8.611111111111056
F-response-coordinate_delta_v1-graph_time-base,BioMotionLab_NTroje::rub072,43,0.0078125,5.462687106838207,5.153705420205965,720.0,11.087687106838207,5.625
F-response-coordinate_delta_v1-graph_time-base,BioMotionLab_NTroje::rub075,43,0.0204475308641975,6.497611576087652,6.148515153692354,720.0,21.219833798309853,14.7222222222222
F-response-coordinate_delta_v1-graph_time-base,BioMotionLab_NTroje::rub086,43,0.0065586419753086,6.323817028678074,5.830390318391651,720.0,11.046039250900266,4.722222222222192
F-response-coordinate_delta_v1-graph_time-base,BioMotionLab_NTroje::rub098,43,0.0006172839506172,5.889383557900931,5.656121740755744,720.0,6.3338280023453155,0.444444444444384
F-response-coordinate_delta_v1-graph_time-base,BioMotionLab_NTroje::rub106,43,0.0189043209876543,6.179431624531311,5.8087028863328625,720.0,19.790542735642408,13.611111111111097
F-response-coordinate_delta_v1-graph_time-base,BioMotionLab_NTroje::rub115,43,0.0011574074074074,6.68671632959584,6.281268397417893,720.0,7.520049662929168,0.8333333333333279
F-response-coordinate_delta_v1-graph_time-base,KIT::348,43,0.0,6.325208015934393,6.379431362325325,720.0,6.325208015934393,0.0
F-response-coordinate_delta_v1-graph_time-base,KIT::6,43,0.0004629629629629,5.1828564002453845,5.098839796197789,720.0,5.516189733578672,0.333333333333288
M-coordinate-graph_time-base,BioMotionLab_NTroje::rub002,17,0.0092592592592592,6.689789108332206,6.579815849521189,720.0,13.356455774998828,6.666666666666623
M-coordinate-graph_time-base,BioMotionLab_NTroje::rub023,17,0.003395061728395,6.633403469443129,6.155697267831708,720.0,9.07784791388753,2.4444444444444002
M-coordinate-graph_time-base,BioMotionLab_NTroje::rub044,17,0.0060185185185185,6.017405636889709,5.808909372750463,720.0,10.35073897022303,4.333333333333321
M-coordinate-graph_time-base,BioMotionLab_NTroje::rub053,17,0.0042438271604938,5.655364155230952,5.020785727676933,720.0,8.710919710786488,3.055555555555536
M-coordinate-graph_time-base,BioMotionLab_NTroje::rub054,17,0.0,6.088316950374332,5.706169784632813,720.0,6.088316950374332,0.0
M-coordinate-graph_time-base,BioMotionLab_NTroje::rub070,17,0.0060763888888888,6.07348116539821,5.723260398591938,720.0,10.448481165398146,4.374999999999936
M-coordinate-graph_time-base,BioMotionLab_NTroje::rub072,17,0.0141782407407407,5.383530172923808,5.153705420205965,720.0,15.591863506257113,10.208333333333304
M-coordinate-graph_time-base,BioMotionLab_NTroje::rub075,17,0.0189043209876543,6.561051900305221,6.148515153692354,720.0,20.172163011416316,13.611111111111097
M-coordinate-graph_time-base,BioMotionLab_NTroje::rub086,17,0.0108024691358024,6.1008947235303745,5.830390318391651,720.0,13.878672501308102,7.777777777777727
M-coordinate-graph_time-base,BioMotionLab_NTroje::rub098,17,0.0013888888888888,5.847228986977936,5.656121740755744,720.0,6.847228986977872,0.999999999999936
M-coordinate-graph_time-base,BioMotionLab_NTroje::rub106,17,0.0069444444444444,6.1475349332500135,5.8087028863328625,720.0,11.147534933249982,4.999999999999968
M-coordinate-graph_time-base,BioMotionLab_NTroje::rub115,17,0.003761574074074,6.684580318262168,6.281268397417893,720.0,9.392913651595448,2.70833333333328
M-coordinate-graph_time-base,KIT::348,17,0.0027777777777777,6.7072935188465905,6.379431362325325,720.0,8.707293518846534,1.9999999999999438
M-coordinate-graph_time-base,KIT::6,17,0.0083333333333333,5.266070015214497,5.098839796197789,720.0,11.266070015214474,5.999999999999976
M-coordinate-graph_time-base,BioMotionLab_NTroje::rub002,29,0.0,6.824782503597383,6.579815849521189,720.0,6.824782503597383,0.0
M-coordinate-graph_time-base,BioMotionLab_NTroje::rub023,29,0.0009259259259259,6.60079429154069,6.155697267831708,720.0,7.267460958207338,0.6666666666666481
M-coordinate-graph_time-base,BioMotionLab_NTroje::rub044,29,0.0009259259259259,6.132867591558951,5.808909372750463,720.0,6.7995342582255995,0.6666666666666481
M-coordinate-graph_time-base,BioMotionLab_NTroje::rub053,29,0.0069444444444444,5.543646178328343,5.020785727676933,720.0,10.543646178328311,4.999999999999968
M-coordinate-graph_time-base,BioMotionLab_NTroje::rub054,29,0.0020576131687242,5.897418586328494,5.706169784632813,720.0,7.378900067809918,1.4814814814814241
M-coordinate-graph_time-base,BioMotionLab_NTroje::rub070,29,0.0080054012345679,6.122458700418528,5.723260398591938,720.0,11.886347589307416,5.763888888888888
M-coordinate-graph_time-base,BioMotionLab_NTroje::rub072,29,0.0098379629629629,5.4538497690931935,5.153705420205965,720.0,12.537183102426482,7.083333333333289
M-coordinate-graph_time-base,BioMotionLab_NTroje::rub075,29,0.0142746913580246,6.607914855498976,6.148515153692354,720.0,16.88569263327669,10.277777777777713
M-coordinate-graph_time-base,BioMotionLab_NTroje::rub086,29,0.0027006172839506,6.158701027009627,5.830390318391651,720.0,8.10314547145406,1.9444444444444318
M-coordinate-graph_time-base,BioMotionLab_NTroje::rub098,29,0.0009259259259259,5.7150930810771134,5.656121740755744,720.0,6.381759747743762,0.6666666666666481
M-coordinate-graph_time-base,BioMotionLab_NTroje::rub106,29,0.0119598765432098,6.178577825063665,5.8087028863328625,720.0,14.78968893617472,8.611111111111056
M-coordinate-graph_time-base,BioMotionLab_NTroje::rub115,29,0.0002893518518518,6.809764397060183,6.281268397417893,720.0,7.018097730393479,0.208333333333296
M-coordinate-graph_time-base,KIT::348,29,0.0018518518518518,6.4600745810449185,6.379431362325325,720.0,7.793407914378214,1.3333333333332962
M-coordinate-graph_time-base,KIT::6,29,0.0013888888888888,5.384294539599514,5.098839796197789,720.0,6.38429453959945,0.999999999999936
M-coordinate-graph_time-base,BioMotionLab_NTroje::rub002,43,0.0046296296296296,7.025964570716115,6.579815849521189,720.0,10.359297904049427,3.3333333333333117
M-coordinate-graph_time-base,BioMotionLab_NTroje::rub023,43,0.0006172839506172,6.623150394221051,6.155697267831708,720.0,7.0675948386654355,0.444444444444384
M-coordinate-graph_time-base,BioMotionLab_NTroje::rub044,43,0.0040895061728395,6.10018404427283,5.808909372750463,720.0,9.04462848871727,2.94444444444444
M-coordinate-graph_time-base,BioMotionLab_NTroje::rub053,43,0.0069444444444444,5.609272639902772,5.020785727676933,720.0,10.609272639902741,4.999999999999968
M-coordinate-graph_time-base,BioMotionLab_NTroje::rub054,43,0.000514403292181,5.960652396678193,5.706169784632813,720.0,6.331022767048513,0.37037037037031995
M-coordinate-graph_time-base,BioMotionLab_NTroje::rub070,43,0.0080054012345679,6.06819316738731,5.723260398591938,720.0,11.8320820562762,5.763888888888888
M-coordinate-graph_time-base,BioMotionLab_NTroje::rub072,43,0.0089699074074074,5.558585897716663,5.153705420205965,720.0,12.016919231049991,6.458333333333329
M-coordinate-graph_time-base,BioMotionLab_NTroje::rub075,43,0.0219907407407407,6.488974562057593,6.148515153692354,720.0,22.322307895390896,15.833333333333304
M-coordinate-graph_time-base,BioMotionLab_NTroje::rub086,43,0.007716049382716,6.189681435643027,5.830390318391651,720.0,11.745236991198546,5.55555555555552
M-coordinate-graph_time-base,BioMotionLab_NTroje::rub098,43,0.0007716049382716,5.695209446281041,5.656121740755744,720.0,6.250765001836593,0.555555555555552
M-coordinate-graph_time-base,BioMotionLab_NTroje::rub106,43,0.0088734567901234,6.242273637356572,5.8087028863328625,720.0,12.63116252624542,6.388888888888848
M-coordinate-graph_time-base,BioMotionLab_NTroje::rub115,43,0.0028935185185185,6.760073220216871,6.281268397417893,720.0,8.84340655355019,2.08333333333332
M-coordinate-graph_time-base,KIT::348,43,0.0055555555555555,6.595620653168645,6.379431362325325,720.0,10.595620653168606,3.99999999999996
M-coordinate-graph_time-base,KIT::6,43,0.0,5.105623671480286,5.098839796197789,720.0,5.105623671480286,0.0
M-coordinate-graph_time-paired_change,BioMotionLab_NTroje::rub002,17,0.0092592592592592,6.784046708384538,6.579815849521189,720.0,13.450713375051162,6.666666666666623
M-coordinate-graph_time-paired_change,BioMotionLab_NTroje::rub023,17,0.0182098765432098,6.394805508642205,6.155697267831708,720.0,19.50591661975326,13.111111111111056
M-coordinate-graph_time-paired_change,BioMotionLab_NTroje::rub044,17,0.0060185185185185,6.13734655906789,5.808909372750463,720.0,10.470679892401211,4.333333333333321
M-coordinate-graph_time-paired_change,BioMotionLab_NTroje::rub053,17,0.0007716049382716,5.433822011441066,5.020785727676933,720.0,5.989377566996618,0.555555555555552
M-coordinate-graph_time-paired_change,BioMotionLab_NTroje::rub054,17,0.0015432098765432,5.989177320450868,5.706169784632813,720.0,7.100288431561973,1.111111111111104
M-coordinate-graph_time-paired_change,BioMotionLab_NTroje::rub070,17,0.0159143518518518,5.826960988901523,5.723260398591938,720.0,17.28529432223482,11.458333333333297
M-coordinate-graph_time-paired_change,BioMotionLab_NTroje::rub072,17,0.005787037037037,5.3059127793370795,5.153705420205965,720.0,9.47257944600372,4.16666666666664
M-coordinate-graph_time-paired_change,BioMotionLab_NTroje::rub075,17,0.0273919753086419,6.220134257657208,6.148515153692354,720.0,25.942356479879376,19.722222222222168
M-coordinate-graph_time-paired_change,BioMotionLab_NTroje::rub086,17,0.013503086419753,6.211716923990589,5.830390318391651,720.0,15.93393914621275,9.722222222222161
M-coordinate-graph_time-paired_change,BioMotionLab_NTroje::rub098,17,0.0074074074074074,5.769800264579543,5.656121740755744,720.0,11.103133597912871,5.333333333333328
M-coordinate-graph_time-paired_change,BioMotionLab_NTroje::rub106,17,0.0150462962962962,6.106107596701264,5.8087028863328625,720.0,16.93944093003453,10.833333333333265
M-coordinate-graph_time-paired_change,BioMotionLab_NTroje::rub115,17,0.0002893518518518,6.656478860321368,6.281268397417893,720.0,6.8648121936546636,0.208333333333296
M-coordinate-graph_time-paired_change,KIT::348,17,0.0,6.495349041387985,6.379431362325325,720.0,6.495349041387985,0.0
M-coordinate-graph_time-paired_change,KIT::6,17,0.0032407407407407,5.351459775730368,5.098839796197789,720.0,7.684793109063672,2.3333333333333037
M-coordinate-graph_time-paired_change,BioMotionLab_NTroje::rub002,29,0.0015432098765432,6.73033424704803,6.579815849521189,720.0,7.841445358159135,1.111111111111104
M-coordinate-graph_time-paired_change,BioMotionLab_NTroje::rub023,29,0.0108024691358024,6.425644793635188,6.155697267831708,720.0,14.203422571412915,7.777777777777727
M-coordinate-graph_time-paired_change,BioMotionLab_NTroje::rub044,29,0.0063271604938271,5.985449954296829,5.808909372750463,720.0,10.54100550985234,4.555555555555512
M-coordinate-graph_time-paired_change,BioMotionLab_NTroje::rub053,29,0.0003858024691358,5.728597863058857,5.020785727676933,720.0,6.006375640836633,0.277777777777776
M-coordinate-graph_time-paired_change,BioMotionLab_NTroje::rub054,29,0.0023148148148148,6.089743880441946,5.706169784632813,720.0,7.756410547108603,1.6666666666666559
M-coordinate-graph_time-paired_change,BioMotionLab_NTroje::rub070,29,0.0102237654320987,5.941240425392883,5.723260398591938,720.0,13.302351536503947,7.361111111111064
M-coordinate-graph_time-paired_change,BioMotionLab_NTroje::rub072,29,0.0020254629629629,5.390653698219391,5.153705420205965,720.0,6.848987031552679,1.458333333333288
M-coordinate-graph_time-paired_change,BioMotionLab_NTroje::rub075,29,0.0146604938271604,6.42657826900859,6.148515153692354,720.0,16.982133824564077,10.555555555555488
M-coordinate-graph_time-paired_change,BioMotionLab_NTroje::rub086,29,0.009645061728395,6.1733502526127495,5.830390318391651,720.0,13.11779469705715,6.9444444444444
M-coordinate-graph_time-paired_change,BioMotionLab_NTroje::rub098,29,0.0024691358024691,5.857988658226526,5.656121740755744,720.0,7.635766436004278,1.7777777777777521
M-coordinate-graph_time-paired_change,BioMotionLab_NTroje::rub106,29,0.0123456790123456,6.241692134291649,5.8087028863328625,720.0,15.130581023180483,8.888888888888832
M-coordinate-graph_time-paired_change,BioMotionLab_NTroje::rub115,29,0.0,6.75450285290467,6.281268397417893,720.0,6.75450285290467,0.0
M-coordinate-graph_time-paired_change,KIT::348,29,0.0,6.468246764924061,6.379431362325325,720.0,6.468246764924061,0.0
M-coordinate-graph_time-paired_change,KIT::6,29,0.0,5.154265234022657,5.098839796197789,720.0,5.154265234022657,0.0
M-coordinate-graph_time-paired_change,BioMotionLab_NTroje::rub002,43,0.0138888888888888,6.601044448022442,6.579815849521189,720.0,16.601044448022378,9.999999999999936
M-coordinate-graph_time-paired_change,BioMotionLab_NTroje::rub023,43,0.0040123456790123,6.330720013235348,6.155697267831708,720.0,9.219608902124204,2.888888888888856
M-coordinate-graph_time-paired_change,BioMotionLab_NTroje::rub044,43,0.0018518518518518,6.012559500761216,5.808909372750463,720.0,7.345892834094512,1.3333333333332962
M-coordinate-graph_time-paired_change,BioMotionLab_NTroje::rub053,43,0.0023148148148148,5.431946195475706,5.020785727676933,720.0,7.098612862142362,1.6666666666666559
M-coordinate-graph_time-paired_change,BioMotionLab_NTroje::rub054,43,0.0,5.805922233799649,5.706169784632813,720.0,5.805922233799649,0.0
M-coordinate-graph_time-paired_change,BioMotionLab_NTroje::rub070,43,0.0169753086419753,5.729320357736987,5.723260398591938,720.0,17.951542579959202,12.222222222222216
M-coordinate-graph_time-paired_change,BioMotionLab_NTroje::rub072,43,0.0086805555555555,5.376040900578749,5.153705420205965,720.0,11.626040900578708,6.24999999999996
M-coordinate-graph_time-paired_change,BioMotionLab_NTroje::rub075,43,0.0138888888888888,6.447267950570679,6.148515153692354,720.0,16.447267950570616,9.999999999999936
M-coordinate-graph_time-paired_change,BioMotionLab_NTroje::rub086,43,0.011574074074074,6.10744483710645,5.830390318391651,720.0,14.440778170439732,8.33333333333328
M-coordinate-graph_time-paired_change,BioMotionLab_NTroje::rub098,43,0.0009259259259259,5.915877711222624,5.656121740755744,720.0,6.582544377889272,0.6666666666666481
M-coordinate-graph_time-paired_change,BioMotionLab_NTroje::rub106,43,0.0165895061728395,6.054177230963663,5.8087028863328625,720.0,17.998621675408103,11.94444444444444
M-coordinate-graph_time-paired_change,BioMotionLab_NTroje::rub115,43,0.0031828703703703,6.72394090199675,6.281268397417893,720.0,9.015607568663366,2.291666666666616
M-coordinate-graph_time-paired_change,KIT::348,43,0.0,6.587575874672979,6.379431362325325,720.0,6.587575874672979,0.0
M-coordinate-graph_time-paired_change,KIT::6,43,0.0074074074074074,5.285821026474227,5.098839796197789,720.0,10.619154359807554,5.333333333333328
M-paired_jepa-graph_time-base,BioMotionLab_NTroje::rub002,17,0.0023148148148148,7.274042792430716,6.579815849521189,720.0,8.940709459097372,1.6666666666666559
M-paired_jepa-graph_time-base,BioMotionLab_NTroje::rub023,17,0.007716049382716,7.002089093473543,6.155697267831708,720.0,12.557644649029063,5.55555555555552
M-paired_jepa-graph_time-base,BioMotionLab_NTroje::rub044,17,0.0015432098765432,6.817652824160533,5.808909372750463,720.0,7.928763935271638,1.111111111111104
M-paired_jepa-graph_time-base,BioMotionLab_NTroje::rub053,17,0.0,5.780183874948971,5.020785727676933,720.0,5.780183874948971,0.0
M-paired_jepa-graph_time-base,BioMotionLab_NTroje::rub054,17,0.0,6.221797360520004,5.706169784632813,720.0,6.221797360520004,0.0
M-paired_jepa-graph_time-base,BioMotionLab_NTroje::rub070,17,0.0126350308641975,6.407479343777364,5.723260398591938,720.0,15.504701565999564,9.0972222222222
M-paired_jepa-graph_time-base,BioMotionLab_NTroje::rub072,17,0.0026041666666666,5.709428022785769,5.153705420205965,720.0,7.584428022785721,1.874999999999952
M-paired_jepa-graph_time-base,BioMotionLab_NTroje::rub075,17,0.0212191358024691,6.951610833489937,6.148515153692354,720.0,22.22938861126769,15.277777777777754
M-paired_jepa-graph_time-base,BioMotionLab_NTroje::rub086,17,0.0073302469135802,6.608282086377165,5.830390318391651,720.0,11.886059864154909,5.277777777777744
M-paired_jepa-graph_time-base,BioMotionLab_NTroje::rub098,17,0.0003086419753086,6.2121423238753,5.656121740755744,720.0,6.434364546097492,0.222222222222192
M-paired_jepa-graph_time-base,BioMotionLab_NTroje::rub106,17,0.0150462962962962,6.337182159791862,5.8087028863328625,720.0,17.170515493125126,10.833333333333265
M-paired_jepa-graph_time-base,BioMotionLab_NTroje::rub115,17,0.0017361111111111,7.088047746826262,6.281268397417893,720.0,8.338047746826254,1.249999999999992
M-paired_jepa-graph_time-base,KIT::348,17,0.0,7.170429928000428,6.379431362325325,720.0,7.170429928000428,0.0
M-paired_jepa-graph_time-base,KIT::6,17,0.0087962962962962,5.412587043171159,5.098839796197789,720.0,11.745920376504422,6.333333333333264
M-paired_jepa-graph_time-base,BioMotionLab_NTroje::rub002,29,0.0092592592592592,6.662544963030759,6.579815849521189,720.0,13.329211629697383,6.666666666666623
M-paired_jepa-graph_time-base,BioMotionLab_NTroje::rub023,29,0.0092592592592592,6.470983004322369,6.155697267831708,720.0,13.137649670988992,6.666666666666623
M-paired_jepa-graph_time-base,BioMotionLab_NTroje::rub044,29,0.0030864197530864,6.245290063935009,5.808909372750463,720.0,8.467512286157216,2.222222222222208
M-paired_jepa-graph_time-base,BioMotionLab_NTroje::rub053,29,0.0,5.892495086217226,5.020785727676933,720.0,5.892495086217226,0.0
M-paired_jepa-graph_time-base,BioMotionLab_NTroje::rub054,29,0.0082304526748971,5.895276907943952,5.706169784632813,720.0,11.821202833869863,5.925925925925911
M-paired_jepa-graph_time-base,BioMotionLab_NTroje::rub070,29,0.0088734567901234,6.103061656068811,5.723260398591938,720.0,12.49195054495766,6.388888888888848
M-paired_jepa-graph_time-base,BioMotionLab_NTroje::rub072,29,0.0031828703703703,5.467241097979179,5.153705420205965,720.0,7.7589077646457945,2.291666666666616
M-paired_jepa-graph_time-base,BioMotionLab_NTroje::rub075,29,0.0185185185185185,6.567167034717898,6.148515153692354,720.0,19.90050036805122,13.33333333333332
M-paired_jepa-graph_time-base,BioMotionLab_NTroje::rub086,29,0.0034722222222222,6.348928506468731,5.830390318391651,720.0,8.848928506468715,2.499999999999984
M-paired_jepa-graph_time-base,BioMotionLab_NTroje::rub098,29,0.0044753086419753,5.861843043034528,5.656121740755744,720.0,9.084065265256744,3.222222222222216
M-paired_jepa-graph_time-base,BioMotionLab_NTroje::rub106,29,0.007716049382716,6.131073632388797,5.8087028863328625,720.0,11.686629187944316,5.55555555555552
M-paired_jepa-graph_time-base,BioMotionLab_NTroje::rub115,29,0.0020254629629629,6.906031905875925,6.281268397417893,720.0,8.364365239209214,1.458333333333288
M-paired_jepa-graph_time-base,KIT::348,29,0.0009259259259259,6.976129606932791,6.379431362325325,720.0,7.64279627359944,0.6666666666666481
M-paired_jepa-graph_time-base,KIT::6,29,0.0111111111111111,5.755483501927988,5.098839796197789,720.0,13.75548350192798,7.999999999999991
M-paired_jepa-graph_time-base,BioMotionLab_NTroje::rub002,43,0.0092592592592592,6.723918570088721,6.579815849521189,720.0,13.390585236755346,6.666666666666623
M-paired_jepa-graph_time-base,BioMotionLab_NTroje::rub023,43,0.0024691358024691,6.557610320026664,6.155697267831708,720.0,8.335388097804417,1.7777777777777521
M-paired_jepa-graph_time-base,BioMotionLab_NTroje::rub044,43,0.0023148148148148,6.2439841133125045,5.808909372750463,720.0,7.910650779979161,1.6666666666666559
M-paired_jepa-graph_time-base,BioMotionLab_NTroje::rub053,43,0.0003858024691358,5.460017045847697,5.020785727676933,720.0,5.737794823625473,0.277777777777776
M-paired_jepa-graph_time-base,BioMotionLab_NTroje::rub054,43,0.0010288065843621,5.9538688528392845,5.706169784632813,720.0,6.6946095935799965,0.7407407407407121
M-paired_jepa-graph_time-base,BioMotionLab_NTroje::rub070,43,0.0129243827160493,5.905509543824358,5.723260398591938,720.0,15.211065099379853,9.305555555555495
M-paired_jepa-graph_time-base,BioMotionLab_NTroje::rub072,43,0.0034722222222222,5.239779691767625,5.153705420205965,720.0,7.739779691767609,2.499999999999984
M-paired_jepa-graph_time-base,BioMotionLab_NTroje::rub075,43,0.0258487654320987,6.223548969080213,6.148515153692354,720.0,24.834660080191277,18.611111111111065
M-paired_jepa-graph_time-base,BioMotionLab_NTroje::rub086,43,0.0092592592592592,6.078219923762577,5.830390318391651,720.0,12.7448865904292,6.666666666666623
M-paired_jepa-graph_time-base,BioMotionLab_NTroje::rub098,43,0.0026234567901234,5.824272209823888,5.656121740755744,720.0,7.713161098712735,1.888888888888848
M-paired_jepa-graph_time-base,BioMotionLab_NTroje::rub106,43,0.0123456790123456,6.055719544812273,5.8087028863328625,720.0,14.944608433701106,8.888888888888832
M-paired_jepa-graph_time-base,BioMotionLab_NTroje::rub115,43,0.0002893518518518,6.935445961545655,6.281268397417893,720.0,7.143779294878951,0.208333333333296
M-paired_jepa-graph_time-base,KIT::348,43,0.0,6.732567377807813,6.379431362325325,720.0,6.732567377807813,0.0
M-paired_jepa-graph_time-base,KIT::6,43,0.0037037037037037,5.564303125285372,5.098839796197789,720.0,8.230969791952036,2.666666666666664
M-paired_jepa-graph_time-paired_change,BioMotionLab_NTroje::rub002,17,0.0138888888888888,6.75928270069998,6.579815849521189,720.0,16.759282700699917,9.999999999999936
M-paired_jepa-graph_time-paired_change,BioMotionLab_NTroje::rub023,17,0.0037037037037037,6.511463401505587,6.155697267831708,720.0,9.178130068172251,2.666666666666664
M-paired_jepa-graph_time-paired_change,BioMotionLab_NTroje::rub044,17,0.0042438271604938,6.353978450238775,5.808909372750463,720.0,9.40953400579431,3.055555555555536
M-paired_jepa-graph_time-paired_change,BioMotionLab_NTroje::rub053,17,0.0011574074074074,5.538395391483299,5.020785727676933,720.0,6.371728724816626,0.8333333333333279
M-paired_jepa-graph_time-paired_change,BioMotionLab_NTroje::rub054,17,0.0,6.041194659382004,5.706169784632813,720.0,6.041194659382004,0.0
M-paired_jepa-graph_time-paired_change,BioMotionLab_NTroje::rub070,17,0.0125385802469135,5.990071296431777,5.723260398591938,720.0,15.017849074209497,9.02777777777772
M-paired_jepa-graph_time-paired_change,BioMotionLab_NTroje::rub072,17,0.0046296296296296,5.402144421606246,5.153705420205965,720.0,8.735477754939557,3.3333333333333117
M-paired_jepa-graph_time-paired_change,BioMotionLab_NTroje::rub075,17,0.0196759259259259,6.478970899015803,6.148515153692354,720.0,20.64563756568245,14.166666666666647
M-paired_jepa-graph_time-paired_change,BioMotionLab_NTroje::rub086,17,0.0054012345679012,6.316072455514823,5.830390318391651,720.0,10.204961344403687,3.8888888888888635
M-paired_jepa-graph_time-paired_change,BioMotionLab_NTroje::rub098,17,0.0,5.793221231529407,5.656121740755744,720.0,5.793221231529407,0.0
M-paired_jepa-graph_time-paired_change,BioMotionLab_NTroje::rub106,17,0.0123456790123456,6.18145229132374,5.8087028863328625,720.0,15.070341180212573,8.888888888888832
M-paired_jepa-graph_time-paired_change,BioMotionLab_NTroje::rub115,17,0.0020254629629629,6.677765257736376,6.281268397417893,720.0,8.136098591069665,1.458333333333288
M-paired_jepa-graph_time-paired_change,KIT::348,17,0.0018518518518518,6.788990265195723,6.379431362325325,720.0,8.12232359852902,1.3333333333332962
M-paired_jepa-graph_time-paired_change,KIT::6,17,0.0083333333333333,5.8059740828462445,5.098839796197789,720.0,11.80597408284622,5.999999999999976
M-paired_jepa-graph_time-paired_change,BioMotionLab_NTroje::rub002,29,0.0,6.839765949209583,6.579815849521189,720.0,6.839765949209583,0.0
M-paired_jepa-graph_time-paired_change,BioMotionLab_NTroje::rub023,29,0.0027777777777777,6.454240014972646,6.155697267831708,720.0,8.454240014972589,1.9999999999999438
M-paired_jepa-graph_time-paired_change,BioMotionLab_NTroje::rub044,29,0.007716049382716,6.141413860848798,5.808909372750463,720.0,11.696969416404318,5.55555555555552
M-paired_jepa-graph_time-paired_change,BioMotionLab_NTroje::rub053,29,0.0011574074074074,5.422483275118079,5.020785727676933,720.0,6.255816608451407,0.8333333333333279
M-paired_jepa-graph_time-paired_change,BioMotionLab_NTroje::rub054,29,0.0,5.950655080368172,5.706169784632813,720.0,5.950655080368172,0.0
M-paired_jepa-graph_time-paired_change,BioMotionLab_NTroje::rub070,29,0.0185185185185185,5.836464701932172,5.723260398591938,720.0,19.169798035265494,13.33333333333332
M-paired_jepa-graph_time-paired_change,BioMotionLab_NTroje::rub072,29,0.0,5.220396433753983,5.153705420205965,720.0,5.220396433753983,0.0
M-paired_jepa-graph_time-paired_change,BioMotionLab_NTroje::rub075,29,0.0165895061728395,6.624323399226578,6.148515153692354,720.0,18.56876784367102,11.94444444444444
M-paired_jepa-graph_time-paired_change,BioMotionLab_NTroje::rub086,29,0.003858024691358,6.239991443394527,5.830390318391651,720.0,9.017769221172287,2.77777777777776
M-paired_jepa-graph_time-paired_change,BioMotionLab_NTroje::rub098,29,0.0015432098765432,5.700912166282158,5.656121740755744,720.0,6.812023277393262,1.111111111111104
M-paired_jepa-graph_time-paired_change,BioMotionLab_NTroje::rub106,29,0.0169753086419753,6.113826062590294,5.8087028863328625,720.0,18.33604828481251,12.222222222222216
M-paired_jepa-graph_time-paired_change,BioMotionLab_NTroje::rub115,29,0.0008680555555555,6.738736398391526,6.281268397417893,720.0,7.363736398391486,0.62499999999996
M-paired_jepa-graph_time-paired_change,KIT::348,29,0.0,6.648252310792399,6.379431362325325,720.0,6.648252310792399,0.0
M-paired_jepa-graph_time-paired_change,KIT::6,29,0.0041666666666666,5.286476155804645,5.098839796197789,720.0,8.286476155804596,2.999999999999952
M-paired_jepa-graph_time-paired_change,BioMotionLab_NTroje::rub002,43,0.0,7.035054626761635,6.579815849521189,720.0,7.035054626761635,0.0
M-paired_jepa-graph_time-paired_change,BioMotionLab_NTroje::rub023,43,0.0018518518518518,6.516756374123645,6.155697267831708,720.0,7.850089707456942,1.3333333333332962
M-paired_jepa-graph_time-paired_change,BioMotionLab_NTroje::rub044,43,0.0030864197530864,6.377678456001398,5.808909372750463,720.0,8.599900678223605,2.222222222222208
M-paired_jepa-graph_time-paired_change,BioMotionLab_NTroje::rub053,43,0.0,5.690028830456885,5.020785727676933,720.0,5.690028830456885,0.0
M-paired_jepa-graph_time-paired_change,BioMotionLab_NTroje::rub054,43,0.0015432098765432,6.152026433915776,5.706169784632813,720.0,7.263137545026881,1.111111111111104
M-paired_jepa-graph_time-paired_change,BioMotionLab_NTroje::rub070,43,0.0095486111111111,6.0060387616719435,5.723260398591938,720.0,12.881038761671935,6.874999999999992
M-paired_jepa-graph_time-paired_change,BioMotionLab_NTroje::rub072,43,0.0002893518518518,5.478231047441353,5.153705420205965,720.0,5.686564380774649,0.208333333333296
M-paired_jepa-graph_time-paired_change,BioMotionLab_NTroje::rub075,43,0.0123456790123456,6.764528401253173,6.148515153692354,720.0,15.653417290142006,8.888888888888832
M-paired_jepa-graph_time-paired_change,BioMotionLab_NTroje::rub086,43,0.005787037037037,6.213424138661293,5.830390318391651,720.0,10.380090805327933,4.16666666666664
M-paired_jepa-graph_time-paired_change,BioMotionLab_NTroje::rub098,43,0.008179012345679,6.036853083089241,5.656121740755744,720.0,11.925741971978121,5.88888888888888
M-paired_jepa-graph_time-paired_change,BioMotionLab_NTroje::rub106,43,0.0050154320987654,6.359731359862093,5.8087028863328625,720.0,9.970842470973182,3.6111111111110876
M-paired_jepa-graph_time-paired_change,BioMotionLab_NTroje::rub115,43,0.0008680555555555,6.8339414901305435,6.281268397417893,720.0,7.458941490130504,0.62499999999996
M-paired_jepa-graph_time-paired_change,KIT::348,43,0.0,6.935119870524455,6.379431362325325,720.0,6.935119870524455,0.0
M-paired_jepa-graph_time-paired_change,KIT::6,43,0.0138888888888888,5.539380390390852,5.098839796197789,720.0,15.539380390390788,9.999999999999936
P-direct-none-base,BioMotionLab_NTroje::rub002,17,0.007716049382716,5.648611909932053,6.579815849521189,720.0,11.204167465487572,5.55555555555552
P-direct-none-base,BioMotionLab_NTroje::rub023,17,0.0015432098765432,5.359026787018646,6.155697267831708,720.0,6.4701378981297495,1.111111111111104
P-direct-none-base,BioMotionLab_NTroje::rub044,17,0.0015432098765432,5.215417118269609,5.808909372750463,720.0,6.326528229380713,1.111111111111104
P-direct-none-base,BioMotionLab_NTroje::rub053,17,0.001929012345679,4.530153820957761,5.020785727676933,720.0,5.919042709846641,1.38888888888888
P-direct-none-base,BioMotionLab_NTroje::rub054,17,0.0030864197530864,4.944957530020679,5.706169784632813,720.0,7.1671797522428875,2.222222222222208
P-direct-none-base,BioMotionLab_NTroje::rub070,17,0.0002893518518518,5.240658083503444,5.723260398591938,720.0,5.44899141683674,0.208333333333296
P-direct-none-base,BioMotionLab_NTroje::rub072,17,0.0043402777777777,4.62574658093341,5.153705420205965,720.0,7.750746580933354,3.124999999999944
P-direct-none-base,BioMotionLab_NTroje::rub075,17,0.007716049382716,5.591504865156913,6.148515153692354,720.0,11.147060420712432,5.55555555555552
P-direct-none-base,BioMotionLab_NTroje::rub086,17,0.0011574074074074,5.258425225149549,5.830390318391651,720.0,6.091758558482876,0.8333333333333279
P-direct-none-base,BioMotionLab_NTroje::rub098,17,0.002932098765432,4.731446261782883,5.656121740755744,720.0,6.842557372893923,2.11111111111104
P-direct-none-base,BioMotionLab_NTroje::rub106,17,0.013503086419753,5.327966910712645,5.8087028863328625,720.0,15.050189132934806,9.722222222222161
P-direct-none-base,BioMotionLab_NTroje::rub115,17,0.0008680555555555,5.497509253891842,6.281268397417893,720.0,6.122509253891802,0.62499999999996
P-direct-none-base,KIT::348,17,0.0,4.94541116576983,6.379431362325325,720.0,4.94541116576983,0.0
P-direct-none-base,KIT::6,17,0.0009259259259259,4.3971788634204625,5.098839796197789,720.0,5.063845530087111,0.6666666666666481
P-direct-none-base,BioMotionLab_NTroje::rub002,29,0.0,5.619966925798894,6.579815849521189,720.0,5.619966925798894,0.0
P-direct-none-base,BioMotionLab_NTroje::rub023,29,0.0009259259259259,5.392059690222942,6.155697267831708,720.0,6.05872635688959,0.6666666666666481
P-direct-none-base,BioMotionLab_NTroje::rub044,29,0.0,5.148253746734786,5.808909372750463,720.0,5.148253746734786,0.0
P-direct-none-base,BioMotionLab_NTroje::rub053,29,0.0065586419753086,4.455767586916069,5.020785727676933,720.0,9.17798980913826,4.722222222222192
P-direct-none-base,BioMotionLab_NTroje::rub054,29,0.0041152263374485,5.018377850198253,5.706169784632813,720.0,7.981340813161173,2.96296296296292
P-direct-none-base,BioMotionLab_NTroje::rub070,29,0.0047260802469135,5.085964402931091,5.723260398591938,720.0,8.488742180708812,3.40277777777772
P-direct-none-base,BioMotionLab_NTroje::rub072,29,0.0043402777777777,4.618069159142099,5.153705420205965,720.0,7.743069159142043,3.124999999999944
P-direct-none-base,BioMotionLab_NTroje::rub075,29,0.009645061728395,5.478198672045605,6.148515153692354,720.0,12.422643116490004,6.9444444444444
P-direct-none-base,BioMotionLab_NTroje::rub086,29,0.001929012345679,5.346460709315548,5.830390318391651,720.0,6.735349598204428,1.38888888888888
P-direct-none-base,BioMotionLab_NTroje::rub098,29,0.0055555555555555,4.72189980037777,5.656121740755744,720.0,8.72189980037773,3.99999999999996
P-direct-none-base,BioMotionLab_NTroje::rub106,29,0.0127314814814814,5.150596941688865,5.8087028863328625,720.0,14.317263608355471,9.166666666666607
P-direct-none-base,BioMotionLab_NTroje::rub115,29,0.0040509259259259,5.443694213512215,6.281268397417893,720.0,8.360360880178863,2.916666666666648
P-direct-none-base,KIT::348,29,0.0,5.071321114179625,6.379431362325325,720.0,5.071321114179625,0.0
P-direct-none-base,KIT::6,29,0.0004629629629629,4.220278139553531,5.098839796197789,720.0,4.553611472886819,0.333333333333288
P-direct-none-base,BioMotionLab_NTroje::rub002,43,0.0,5.781135689084529,6.579815849521189,720.0,5.781135689084529,0.0
P-direct-none-base,BioMotionLab_NTroje::rub023,43,0.0003086419753086,5.315842965267144,6.155697267831708,720.0,5.5380651874893365,0.222222222222192
P-direct-none-base,BioMotionLab_NTroje::rub044,43,0.0023148148148148,5.000184227074445,5.808909372750463,720.0,6.666850893741101,1.6666666666666559
P-direct-none-base,BioMotionLab_NTroje::rub053,43,0.0003858024691358,4.54447631548209,5.020785727676933,720.0,4.822254093259866,0.277777777777776
P-direct-none-base,BioMotionLab_NTroje::rub054,43,0.0010288065843621,4.904310776212328,5.706169784632813,720.0,5.64505151695304,0.7407407407407121
P-direct-none-base,BioMotionLab_NTroje::rub070,43,0.0047260802469135,5.1562238752390925,5.723260398591938,720.0,8.559001653016812,3.40277777777772
P-direct-none-base,BioMotionLab_NTroje::rub072,43,0.0069444444444444,4.465063288269166,5.153705420205965,720.0,9.465063288269134,4.999999999999968
P-direct-none-base,BioMotionLab_NTroje::rub075,43,0.0100308641975308,5.376598904343031,6.148515153692354,720.0,12.598821126565205,7.222222222222175
P-direct-none-base,BioMotionLab_NTroje::rub086,43,0.001929012345679,5.3079705410980145,5.830390318391651,720.0,6.696859429986894,1.38888888888888
P-direct-none-base,BioMotionLab_NTroje::rub098,43,0.0009259259259259,4.849921554004103,5.656121740755744,720.0,5.5165882206707515,0.6666666666666481
P-direct-none-base,BioMotionLab_NTroje::rub106,43,0.0092592592592592,5.188587848495899,5.8087028863328625,720.0,11.855254515162523,6.666666666666623
P-direct-none-base,BioMotionLab_NTroje::rub115,43,0.0011574074074074,5.589191946101094,6.281268397417893,720.0,6.422525279434422,0.8333333333333279
P-direct-none-base,KIT::348,43,0.0,5.092881025479233,6.379431362325325,720.0,5.092881025479233,0.0
P-direct-none-base,KIT::6,43,0.0027777777777777,4.243488741677419,5.098839796197789,720.0,6.243488741677363,1.9999999999999438
P-direct-none-paired_change,BioMotionLab_NTroje::rub002,17,0.007716049382716,6.037822875913566,6.579815849521189,720.0,11.593378431469086,5.55555555555552
P-direct-none-paired_change,BioMotionLab_NTroje::rub023,17,0.0098765432098765,5.593455105162943,6.155697267831708,720.0,12.704566216274022,7.11111111111108
P-direct-none-paired_change,BioMotionLab_NTroje::rub044,17,0.009645061728395,5.384857728188391,5.808909372750463,720.0,12.32930217263279,6.9444444444444
P-direct-none-paired_change,BioMotionLab_NTroje::rub053,17,0.0061728395061728,4.923736215739796,5.020785727676933,720.0,9.368180660184212,4.444444444444416
P-direct-none-paired_change,BioMotionLab_NTroje::rub054,17,0.0,5.16431712593359,5.706169784632813,720.0,5.16431712593359,0.0
P-direct-none-paired_change,BioMotionLab_NTroje::rub070,17,0.0149498456790123,5.439344379678401,5.723260398591938,720.0,16.203233268567256,10.763888888888856
P-direct-none-paired_change,BioMotionLab_NTroje::rub072,17,0.0046296296296296,4.840580448772002,5.153705420205965,720.0,8.173913782105313,3.3333333333333117
P-direct-none-paired_change,BioMotionLab_NTroje::rub075,17,0.0196759259259259,5.852272090269071,6.148515153692354,720.0,20.018938756935718,14.166666666666647
P-direct-none-paired_change,BioMotionLab_NTroje::rub086,17,0.0100308641975308,5.351907013334963,5.830390318391651,720.0,12.574129235557137,7.222222222222175
P-direct-none-paired_change,BioMotionLab_NTroje::rub098,17,0.0041666666666666,5.282734789643053,5.656121740755744,720.0,8.282734789643005,2.999999999999952
P-direct-none-paired_change,BioMotionLab_NTroje::rub106,17,0.0131172839506172,5.4387044438391845,5.8087028863328625,720.0,14.883148888283568,9.444444444444384
P-direct-none-paired_change,BioMotionLab_NTroje::rub115,17,0.0008680555555555,6.232903254440512,6.281268397417893,720.0,6.857903254440472,0.62499999999996
P-direct-none-paired_change,KIT::348,17,0.0,5.846660658165132,6.379431362325325,720.0,5.846660658165132,0.0
P-direct-none-paired_change,KIT::6,17,0.0101851851851851,5.671270896954008,5.098839796197789,720.0,13.00460423028728,7.333333333333272
P-direct-none-paired_change,BioMotionLab_NTroje::rub002,29,0.0046296296296296,6.1557332009429935,6.579815849521189,720.0,9.489066534276304,3.3333333333333117
P-direct-none-paired_change,BioMotionLab_NTroje::rub023,29,0.0101851851851851,5.630029119758231,6.155697267831708,720.0,12.963362453091502,7.333333333333272
P-direct-none-paired_change,BioMotionLab_NTroje::rub044,29,0.0027006172839506,5.431491181261944,5.808909372750463,720.0,7.375935625706376,1.9444444444444318
P-direct-none-paired_change,BioMotionLab_NTroje::rub053,29,0.007716049382716,5.174949003880638,5.020785727676933,720.0,10.730504559436158,5.55555555555552
P-direct-none-paired_change,BioMotionLab_NTroje::rub054,29,0.000514403292181,5.123852658951408,5.706169784632813,720.0,5.494223029321728,0.37037037037031995
P-direct-none-paired_change,BioMotionLab_NTroje::rub070,29,0.0152391975308641,5.431703822587688,5.723260398591938,720.0,16.40392604480984,10.972222222222152
P-direct-none-paired_change,BioMotionLab_NTroje::rub072,29,0.0,5.059872193014748,5.153705420205965,720.0,5.059872193014748,0.0
P-direct-none-paired_change,BioMotionLab_NTroje::rub075,29,0.013503086419753,5.829506129143643,6.148515153692354,720.0,15.551728351365803,9.722222222222161
P-direct-none-paired_change,BioMotionLab_NTroje::rub086,29,0.007716049382716,5.370168927187538,5.830390318391651,720.0,10.925724482743057,5.55555555555552
P-direct-none-paired_change,BioMotionLab_NTroje::rub098,29,0.0037037037037037,5.370288701698799,5.656121740755744,720.0,8.036955368365463,2.666666666666664
P-direct-none-paired_change,BioMotionLab_NTroje::rub106,29,0.0104166666666666,5.503573264812313,5.8087028863328625,720.0,13.003573264812264,7.499999999999952
P-direct-none-paired_change,BioMotionLab_NTroje::rub115,29,0.0,6.190894596832834,6.281268397417893,720.0,6.190894596832834,0.0
P-direct-none-paired_change,KIT::348,29,0.0018518518518518,6.201146509132238,6.379431362325325,720.0,7.534479842465535,1.3333333333332962
P-direct-none-paired_change,KIT::6,29,0.0083333333333333,5.913408126432876,5.098839796197789,720.0,11.913408126432852,5.999999999999976
P-direct-none-paired_change,BioMotionLab_NTroje::rub002,43,0.0046296296296296,6.342436883286304,6.579815849521189,720.0,9.675770216619615,3.3333333333333117
P-direct-none-paired_change,BioMotionLab_NTroje::rub023,43,0.0104938271604938,5.917851988429427,6.155697267831708,720.0,13.473407543984962,7.555555555555536
P-direct-none-paired_change,BioMotionLab_NTroje::rub044,43,0.0127314814814814,5.488134675083479,5.808909372750463,720.0,14.654801341750087,9.166666666666607
P-direct-none-paired_change,BioMotionLab_NTroje::rub053,43,0.0007716049382716,5.478486906289608,5.020785727676933,720.0,6.03404246184516,0.555555555555552
P-direct-none-paired_change,BioMotionLab_NTroje::rub054,43,0.0015432098765432,5.292831478606438,5.706169784632813,720.0,6.403942589717541,1.111111111111104
P-direct-none-paired_change,BioMotionLab_NTroje::rub070,43,0.0108989197530864,5.642622574779034,5.723260398591938,720.0,13.489844797001243,7.847222222222208
P-direct-none-paired_change,BioMotionLab_NTroje::rub072,43,0.0063657407407407,5.088182310508685,5.153705420205965,720.0,9.671515643841989,4.583333333333304
P-direct-none-paired_change,BioMotionLab_NTroje::rub075,43,0.015432098765432,6.124434797172801,6.148515153692354,720.0,17.23554590828384,11.11111111111104
P-direct-none-paired_change,BioMotionLab_NTroje::rub086,43,0.0092592592592592,5.641260295986214,5.830390318391651,720.0,12.307926962652838,6.666666666666623
P-direct-none-paired_change,BioMotionLab_NTroje::rub098,43,0.0040123456790123,5.538703009127006,5.656121740755744,720.0,8.427591898015862,2.888888888888856
P-direct-none-paired_change,BioMotionLab_NTroje::rub106,43,0.0104166666666666,5.544448739911446,5.8087028863328625,720.0,13.044448739911399,7.499999999999952
P-direct-none-paired_change,BioMotionLab_NTroje::rub115,43,0.0011574074074074,6.477744774587776,6.281268397417893,720.0,7.311078107921103,0.8333333333333279
P-direct-none-paired_change,KIT::348,43,0.0046296296296296,6.628467017794884,6.379431362325325,720.0,9.961800351128197,3.3333333333333117
P-direct-none-paired_change,KIT::6,43,0.0087962962962962,5.977616630632265,5.098839796197789,720.0,12.310949963965529,6.333333333333264
I-initialized-none-base,BioMotionLab_NTroje::rub002,17,0.0,7.219859227592887,6.579815849521189,720.0,7.219859227592887,0.0
I-initialized-none-base,BioMotionLab_NTroje::rub023,17,0.0,7.0639994139656705,6.155697267831708,720.0,7.0639994139656705,0.0
I-initialized-none-base,BioMotionLab_NTroje::rub044,17,0.0023148148148148,6.563062586916598,5.808909372750463,720.0,8.229729253583255,1.6666666666666559
I-initialized-none-base,BioMotionLab_NTroje::rub053,17,0.0,6.225401993579981,5.020785727676933,720.0,6.225401993579981,0.0
I-initialized-none-base,BioMotionLab_NTroje::rub054,17,0.000514403292181,6.478761910656638,5.706169784632813,720.0,6.849132281026957,0.37037037037031995
I-initialized-none-base,BioMotionLab_NTroje::rub070,17,0.0108989197530864,6.429224041327979,5.723260398591938,720.0,14.276446263550188,7.847222222222208
I-initialized-none-base,BioMotionLab_NTroje::rub072,17,0.0005787037037037,5.815331803805579,5.153705420205965,720.0,6.231998470472243,0.41666666666666397
I-initialized-none-base,BioMotionLab_NTroje::rub075,17,0.0138888888888888,7.151215216840225,6.148515153692354,720.0,17.15121521684016,9.999999999999936
I-initialized-none-base,BioMotionLab_NTroje::rub086,17,0.0023148148148148,6.65793907976903,5.830390318391651,720.0,8.324605746435687,1.6666666666666559
I-initialized-none-base,BioMotionLab_NTroje::rub098,17,0.0,6.218129943444614,5.656121740755744,720.0,6.218129943444614,0.0
I-initialized-none-base,BioMotionLab_NTroje::rub106,17,0.0104166666666666,6.445508366684038,5.8087028863328625,720.0,13.94550836668399,7.499999999999952
I-initialized-none-base,BioMotionLab_NTroje::rub115,17,0.0,7.375772800785132,6.281268397417893,720.0,7.375772800785132,0.0
I-initialized-none-base,KIT::348,17,0.0,7.111711423295096,6.379431362325325,720.0,7.111711423295096,0.0
I-initialized-none-base,KIT::6,17,0.0074074074074074,6.506370599141212,5.098839796197789,720.0,11.839703932474539,5.333333333333328
I-initialized-none-base,BioMotionLab_NTroje::rub002,29,0.0,7.1316690989143785,6.579815849521189,720.0,7.1316690989143785,0.0
I-initialized-none-base,BioMotionLab_NTroje::rub023,29,0.0,7.032143224920799,6.155697267831708,720.0,7.032143224920799,0.0
I-initialized-none-base,BioMotionLab_NTroje::rub044,29,0.0015432098765432,6.6295705144015,5.808909372750463,720.0,7.740681625512604,1.111111111111104
I-initialized-none-base,BioMotionLab_NTroje::rub053,29,0.0,6.279186488700011,5.020785727676933,720.0,6.279186488700011,0.0
I-initialized-none-base,BioMotionLab_NTroje::rub054,29,0.0,6.502912679873365,5.706169784632813,720.0,6.502912679873365,0.0
I-initialized-none-base,BioMotionLab_NTroje::rub070,29,0.0179398148148148,6.409055687219682,5.723260398591938,720.0,19.32572235388634,12.916666666666657
I-initialized-none-base,BioMotionLab_NTroje::rub072,29,0.0014467592592592,5.845173742259431,5.153705420205965,720.0,6.886840408926055,1.0416666666666239
I-initialized-none-base,BioMotionLab_NTroje::rub075,29,0.0173611111111111,7.036462483922648,6.148515153692354,720.0,19.53646248392264,12.499999999999993
I-initialized-none-base,BioMotionLab_NTroje::rub086,29,0.0,6.709055316958145,5.830390318391651,720.0,6.709055316958145,0.0
I-initialized-none-base,BioMotionLab_NTroje::rub098,29,0.0009259259259259,6.186407162167282,5.656121740755744,720.0,6.853073828833931,0.6666666666666481
I-initialized-none-base,BioMotionLab_NTroje::rub106,29,0.0127314814814814,6.407935119871856,5.8087028863328625,720.0,15.574601786538462,9.166666666666607
I-initialized-none-base,BioMotionLab_NTroje::rub115,29,0.0,7.397716470146045,6.281268397417893,720.0,7.397716470146045,0.0
I-initialized-none-base,KIT::348,29,0.0,7.081876998020123,6.379431362325325,720.0,7.081876998020123,0.0
I-initialized-none-base,KIT::6,29,0.0046296296296296,6.402996841443326,5.098839796197789,720.0,9.736330174776636,3.3333333333333117
I-initialized-none-base,BioMotionLab_NTroje::rub002,43,0.0,7.200305984534093,6.579815849521189,720.0,7.200305984534093,0.0
I-initialized-none-base,BioMotionLab_NTroje::rub023,43,0.0,7.0545265811186315,6.155697267831708,720.0,7.0545265811186315,0.0
I-initialized-none-base,BioMotionLab_NTroje::rub044,43,0.0003858024691358,6.619099701398775,5.808909372750463,720.0,6.896877479176551,0.277777777777776
I-initialized-none-base,BioMotionLab_NTroje::rub053,43,0.0,6.054678511876068,5.020785727676933,720.0,6.054678511876068,0.0
I-initialized-none-base,BioMotionLab_NTroje::rub054,43,0.0,6.416893828575148,5.706169784632813,720.0,6.416893828575148,0.0
I-initialized-none-base,BioMotionLab_NTroje::rub070,43,0.0113811728395061,6.359188839124702,5.723260398591938,720.0,14.553633283569093,8.194444444444391
I-initialized-none-base,BioMotionLab_NTroje::rub072,43,0.0,5.682860133814009,5.153705420205965,720.0,5.682860133814009,0.0
I-initialized-none-base,BioMotionLab_NTroje::rub075,43,0.013503086419753,7.157498088305801,6.148515153692354,720.0,16.87972031052796,9.722222222222161
I-initialized-none-base,BioMotionLab_NTroje::rub086,43,0.0023148148148148,6.562086458823888,5.830390318391651,720.0,8.228753125490543,1.6666666666666559
I-initialized-none-base,BioMotionLab_NTroje::rub098,43,0.0040123456790123,6.241079301658074,5.656121740755744,720.0,9.12996819054693,2.888888888888856
I-initialized-none-base,BioMotionLab_NTroje::rub106,43,0.0158179012345679,6.3040169289365915,5.8087028863328625,720.0,17.69290581782548,11.388888888888888
I-initialized-none-base,BioMotionLab_NTroje::rub115,43,0.0002893518518518,7.32183246252748,6.281268397417893,720.0,7.530165795860776,0.208333333333296
I-initialized-none-base,KIT::348,43,0.0018518518518518,7.330291027496822,6.379431362325325,720.0,8.663624360830118,1.3333333333332962
I-initialized-none-base,KIT::6,43,0.0083333333333333,6.352462319480582,5.098839796197789,720.0,12.352462319480559,5.999999999999976
I-initialized-none-paired_change,BioMotionLab_NTroje::rub002,17,0.0030864197530864,7.039001984964123,6.579815849521189,720.0,9.26122420718633,2.222222222222208
I-initialized-none-paired_change,BioMotionLab_NTroje::rub023,17,0.0,6.650980839599197,6.155697267831708,720.0,6.650980839599197,0.0
I-initialized-none-paired_change,BioMotionLab_NTroje::rub044,17,0.0050154320987654,6.3996601191131495,5.808909372750463,720.0,10.010771230224236,3.6111111111110876
I-initialized-none-paired_change,BioMotionLab_NTroje::rub053,17,0.0,5.761614689697823,5.020785727676933,720.0,5.761614689697823,0.0
I-initialized-none-paired_change,BioMotionLab_NTroje::rub054,17,0.0,6.097243651961411,5.706169784632813,720.0,6.097243651961411,0.0
I-initialized-none-paired_change,BioMotionLab_NTroje::rub070,17,0.0129243827160493,6.060166147588345,5.723260398591938,720.0,15.36572170314384,9.305555555555495
I-initialized-none-paired_change,BioMotionLab_NTroje::rub072,17,0.0017361111111111,5.51033076309011,5.153705420205965,720.0,6.760330763090102,1.249999999999992
I-initialized-none-paired_change,BioMotionLab_NTroje::rub075,17,0.0200617283950617,6.7049941817901235,6.148515153692354,720.0,21.14943862623455,14.444444444444423
I-initialized-none-paired_change,BioMotionLab_NTroje::rub086,17,0.0023148148148148,6.334221163463151,5.830390318391651,720.0,8.000887830129807,1.6666666666666559
I-initialized-none-paired_change,BioMotionLab_NTroje::rub098,17,0.0032407407407407,6.193942953497851,5.656121740755744,720.0,8.527276286831155,2.3333333333333037
I-initialized-none-paired_change,BioMotionLab_NTroje::rub106,17,0.0146604938271604,6.2458933312376494,5.8087028863328625,720.0,16.80144888679314,10.555555555555488
I-initialized-none-paired_change,BioMotionLab_NTroje::rub115,17,0.0020254629629629,7.107329950700818,6.281268397417893,720.0,8.565663284034105,1.458333333333288
I-initialized-none-paired_change,KIT::348,17,0.0,6.8100590195445605,6.379431362325325,720.0,6.8100590195445605,0.0
I-initialized-none-paired_change,KIT::6,17,0.0041666666666666,5.889852047533244,5.098839796197789,720.0,8.889852047533196,2.999999999999952
I-initialized-none-paired_change,BioMotionLab_NTroje::rub002,29,0.0,7.165907919880404,6.579815849521189,720.0,7.165907919880404,0.0
I-initialized-none-paired_change,BioMotionLab_NTroje::rub023,29,0.0,6.753358078876505,6.155697267831708,720.0,6.753358078876505,0.0
I-initialized-none-paired_change,BioMotionLab_NTroje::rub044,29,0.0104166666666666,6.607097497071617,5.808909372750463,720.0,14.10709749707157,7.499999999999952
I-initialized-none-paired_change,BioMotionLab_NTroje::rub053,29,0.0034722222222222,5.78765102577062,5.020785727676933,720.0,8.287651025770604,2.499999999999984
I-initialized-none-paired_change,BioMotionLab_NTroje::rub054,29,0.0015432098765432,6.393864792732589,5.706169784632813,720.0,7.504975903843693,1.111111111111104
I-initialized-none-paired_change,BioMotionLab_NTroje::rub070,29,0.013599537037037,6.255217153977803,5.723260398591938,720.0,16.046883820644442,9.79166666666664
I-initialized-none-paired_change,BioMotionLab_NTroje::rub072,29,0.0,5.610585995061232,5.153705420205965,720.0,5.610585995061232,0.0
I-initialized-none-paired_change,BioMotionLab_NTroje::rub075,29,0.0258487654320987,6.682753911556813,6.148515153692354,720.0,25.293865022667877,18.611111111111065
I-initialized-none-paired_change,BioMotionLab_NTroje::rub086,29,0.005787037037037,6.627566961768349,5.830390318391651,720.0,10.79423362843499,4.16666666666664
I-initialized-none-paired_change,BioMotionLab_NTroje::rub098,29,0.0001543209876543,6.144476347851794,5.656121740755744,720.0,6.255587458962889,0.111111111111096
I-initialized-none-paired_change,BioMotionLab_NTroje::rub106,29,0.0189043209876543,6.419360106821908,5.8087028863328625,720.0,20.030471217933005,13.611111111111097
I-initialized-none-paired_change,BioMotionLab_NTroje::rub115,29,0.0026041666666666,6.946667090911266,6.281268397417893,720.0,8.821667090911218,1.874999999999952
I-initialized-none-paired_change,KIT::348,29,0.0,6.40287469214709,6.379431362325325,720.0,6.40287469214709,0.0
I-initialized-none-paired_change,KIT::6,29,0.0027777777777777,5.391634663240117,5.098839796197789,720.0,7.391634663240061,1.9999999999999438
I-initialized-none-paired_change,BioMotionLab_NTroje::rub002,43,0.0,7.107836753032085,6.579815849521189,720.0,7.107836753032085,0.0
I-initialized-none-paired_change,BioMotionLab_NTroje::rub023,43,0.0,6.695453018693938,6.155697267831708,720.0,6.695453018693938,0.0
I-initialized-none-paired_change,BioMotionLab_NTroje::rub044,43,0.0084876543209876,6.404968372450333,5.808909372750463,720.0,12.516079483561406,6.111111111111072
I-initialized-none-paired_change,BioMotionLab_NTroje::rub053,43,0.0,5.8437664723662115,5.020785727676933,720.0,5.8437664723662115,0.0
I-initialized-none-paired_change,BioMotionLab_NTroje::rub054,43,0.0015432098765432,6.402942453721607,5.706169784632813,720.0,7.514053564832711,1.111111111111104
I-initialized-none-paired_change,BioMotionLab_NTroje::rub070,43,0.0152391975308641,6.332352312830086,5.723260398591938,720.0,17.30457453505224,10.972222222222152
I-initialized-none-paired_change,BioMotionLab_NTroje::rub072,43,0.0043402777777777,5.703706625180354,5.153705420205965,720.0,8.828706625180299,3.124999999999944
I-initialized-none-paired_change,BioMotionLab_NTroje::rub075,43,0.0138888888888888,6.756387360418305,6.148515153692354,720.0,16.75638736041824,9.999999999999936
I-initialized-none-paired_change,BioMotionLab_NTroje::rub086,43,0.0007716049382716,6.463058034092948,5.830390318391651,720.0,7.0186135896485,0.555555555555552
I-initialized-none-paired_change,BioMotionLab_NTroje::rub098,43,0.0013888888888888,6.31106552241055,5.656121740755744,720.0,7.311065522410486,0.999999999999936
I-initialized-none-paired_change,BioMotionLab_NTroje::rub106,43,0.0111882716049382,6.397072685754154,5.8087028863328625,720.0,14.452628241309657,8.055555555555504
I-initialized-none-paired_change,BioMotionLab_NTroje::rub115,43,0.0,7.158694930973316,6.281268397417893,720.0,7.158694930973316,0.0
I-initialized-none-paired_change,KIT::348,43,0.0055555555555555,6.667452175415077,6.379431362325325,720.0,10.667452175415036,3.99999999999996
I-initialized-none-paired_change,KIT::6,43,0.0037037037037037,5.719440270885654,5.098839796197789,720.0,8.386106937552318,2.666666666666664
I-shuffled_jepa-graph_time-base,BioMotionLab_NTroje::rub002,17,0.0,7.190550472294813,6.579815849521189,720.0,7.190550472294813,0.0
I-shuffled_jepa-graph_time-base,BioMotionLab_NTroje::rub023,17,0.0,6.998415528661175,6.155697267831708,720.0,6.998415528661175,0.0
I-shuffled_jepa-graph_time-base,BioMotionLab_NTroje::rub044,17,0.0054012345679012,6.5576584072598445,5.808909372750463,720.0,10.446547296148708,3.8888888888888635
I-shuffled_jepa-graph_time-base,BioMotionLab_NTroje::rub053,17,0.0011574074074074,6.099428428177761,5.020785727676933,720.0,6.932761761511089,0.8333333333333279
I-shuffled_jepa-graph_time-base,BioMotionLab_NTroje::rub054,17,0.0,6.366968164625081,5.706169784632813,720.0,6.366968164625081,0.0
I-shuffled_jepa-graph_time-base,BioMotionLab_NTroje::rub070,17,0.0061728395061728,6.445379528807747,5.723260398591938,720.0,10.889823973252163,4.444444444444416
I-shuffled_jepa-graph_time-base,BioMotionLab_NTroje::rub072,17,0.003761574074074,5.75208672510471,5.153705420205965,720.0,8.46042005843799,2.70833333333328
I-shuffled_jepa-graph_time-base,BioMotionLab_NTroje::rub075,17,0.015432098765432,7.03056295448928,6.148515153692354,720.0,18.14167406560032,11.11111111111104
I-shuffled_jepa-graph_time-base,BioMotionLab_NTroje::rub086,17,0.0011574074074074,6.733988264024908,5.830390318391651,720.0,7.5673215973582355,0.8333333333333279
I-shuffled_jepa-graph_time-base,BioMotionLab_NTroje::rub098,17,0.0066358024691358,6.331309303668773,5.656121740755744,720.0,11.10908708144655,4.777777777777776
I-shuffled_jepa-graph_time-base,BioMotionLab_NTroje::rub106,17,0.0100308641975308,6.4775767249538,5.8087028863328625,720.0,13.699798947175974,7.222222222222175
I-shuffled_jepa-graph_time-base,BioMotionLab_NTroje::rub115,17,0.0026041666666666,7.310149984118782,6.281268397417893,720.0,9.185149984118734,1.874999999999952
I-shuffled_jepa-graph_time-base,KIT::348,17,0.0,7.097185746962561,6.379431362325325,720.0,7.097185746962561,0.0
I-shuffled_jepa-graph_time-base,KIT::6,17,0.0041666666666666,6.357786617579251,5.098839796197789,720.0,9.357786617579203,2.999999999999952
I-shuffled_jepa-graph_time-base,BioMotionLab_NTroje::rub002,29,0.0,6.998086050460164,6.579815849521189,720.0,6.998086050460164,0.0
I-shuffled_jepa-graph_time-base,BioMotionLab_NTroje::rub023,29,0.0003086419753086,6.982403589924229,6.155697267831708,720.0,7.204625812146421,0.222222222222192
I-shuffled_jepa-graph_time-base,BioMotionLab_NTroje::rub044,29,0.0003858024691358,6.60822796571194,5.808909372750463,720.0,6.886005743489716,0.277777777777776
I-shuffled_jepa-graph_time-base,BioMotionLab_NTroje::rub053,29,0.001929012345679,6.106560727669458,5.020785727676933,720.0,7.4954496165583375,1.38888888888888
I-shuffled_jepa-graph_time-base,BioMotionLab_NTroje::rub054,29,0.0,6.414630927205724,5.706169784632813,720.0,6.414630927205724,0.0
I-shuffled_jepa-graph_time-base,BioMotionLab_NTroje::rub070,29,0.0129243827160493,6.3778746799988175,5.723260398591938,720.0,15.683430235554312,9.305555555555495
I-shuffled_jepa-graph_time-base,BioMotionLab_NTroje::rub072,29,0.0026041666666666,5.66206174204391,5.153705420205965,720.0,7.537061742043862,1.874999999999952
I-shuffled_jepa-graph_time-base,BioMotionLab_NTroje::rub075,29,0.0192901234567901,7.0136886555157405,6.148515153692354,720.0,20.902577544404615,13.888888888888873
I-shuffled_jepa-graph_time-base,BioMotionLab_NTroje::rub086,29,0.0007716049382716,6.637719854403898,5.830390318391651,720.0,7.193275409959449,0.555555555555552
I-shuffled_jepa-graph_time-base,BioMotionLab_NTroje::rub098,29,0.0055555555555555,6.098512669392553,5.656121740755744,720.0,10.098512669392512,3.99999999999996
I-shuffled_jepa-graph_time-base,BioMotionLab_NTroje::rub106,29,0.0069444444444444,6.506567184577385,5.8087028863328625,720.0,11.506567184577353,4.999999999999968
I-shuffled_jepa-graph_time-base,BioMotionLab_NTroje::rub115,29,0.0028935185185185,7.173117783907497,6.281268397417893,720.0,9.256451117240816,2.08333333333332
I-shuffled_jepa-graph_time-base,KIT::348,29,0.0,7.249049543559688,6.379431362325325,720.0,7.249049543559688,0.0
I-shuffled_jepa-graph_time-base,KIT::6,29,0.0027777777777777,6.234312458153975,5.098839796197789,720.0,8.23431245815392,1.9999999999999438
I-shuffled_jepa-graph_time-base,BioMotionLab_NTroje::rub002,43,0.0,6.863560984572568,6.579815849521189,720.0,6.863560984572568,0.0
I-shuffled_jepa-graph_time-base,BioMotionLab_NTroje::rub023,43,0.0,6.985332992052411,6.155697267831708,720.0,6.985332992052411,0.0
I-shuffled_jepa-graph_time-base,BioMotionLab_NTroje::rub044,43,0.0015432098765432,6.489550338933046,5.808909372750463,720.0,7.60066145004415,1.111111111111104
I-shuffled_jepa-graph_time-base,BioMotionLab_NTroje::rub053,43,0.0,5.725079512567278,5.020785727676933,720.0,5.725079512567278,0.0
I-shuffled_jepa-graph_time-base,BioMotionLab_NTroje::rub054,43,0.0,6.330191398717905,5.706169784632813,720.0,6.330191398717905,0.0
I-shuffled_jepa-graph_time-base,BioMotionLab_NTroje::rub070,43,0.0140817901234567,6.189134896320692,5.723260398591938,720.0,16.328023785209517,10.138888888888824
I-shuffled_jepa-graph_time-base,BioMotionLab_NTroje::rub072,43,0.0002893518518518,5.5675941932695885,5.153705420205965,720.0,5.775927526602884,0.208333333333296
I-shuffled_jepa-graph_time-base,BioMotionLab_NTroje::rub075,43,0.0162037037037037,6.8263567622786505,6.148515153692354,720.0,18.493023428945314,11.666666666666664
I-shuffled_jepa-graph_time-base,BioMotionLab_NTroje::rub086,43,0.0011574074074074,6.449136280651082,5.830390318391651,720.0,7.28246961398441,0.8333333333333279
I-shuffled_jepa-graph_time-base,BioMotionLab_NTroje::rub098,43,0.0024691358024691,5.9543563255137055,5.656121740755744,720.0,7.7321341032914574,1.7777777777777521
I-shuffled_jepa-graph_time-base,BioMotionLab_NTroje::rub106,43,0.0131172839506172,6.345621111461327,5.8087028863328625,720.0,15.790065555905711,9.444444444444384
I-shuffled_jepa-graph_time-base,BioMotionLab_NTroje::rub115,43,0.0014467592592592,7.194489037010803,6.281268397417893,720.0,8.236155703677428,1.0416666666666239
I-shuffled_jepa-graph_time-base,KIT::348,43,0.0,6.845813136803787,6.379431362325325,720.0,6.845813136803787,0.0
I-shuffled_jepa-graph_time-base,KIT::6,43,0.0004629629629629,6.065492829821926,5.098839796197789,720.0,6.3988261631552135,0.333333333333288
I-shuffled_jepa-graph_time-paired_change,BioMotionLab_NTroje::rub002,17,0.0023148148148148,6.7412131699179625,6.579815849521189,720.0,8.407879836584618,1.6666666666666559
I-shuffled_jepa-graph_time-paired_change,BioMotionLab_NTroje::rub023,17,0.0006172839506172,6.762560972972395,6.155697267831708,720.0,7.207005417416779,0.444444444444384
I-shuffled_jepa-graph_time-paired_change,BioMotionLab_NTroje::rub044,17,0.0064814814814814,6.301670479567431,5.808909372750463,720.0,10.968337146234038,4.6666666666666075
I-shuffled_jepa-graph_time-paired_change,BioMotionLab_NTroje::rub053,17,0.0,5.764377648461252,5.020785727676933,720.0,5.764377648461252,0.0
I-shuffled_jepa-graph_time-paired_change,BioMotionLab_NTroje::rub054,17,0.0,6.38293254525511,5.706169784632813,720.0,6.38293254525511,0.0
I-shuffled_jepa-graph_time-paired_change,BioMotionLab_NTroje::rub070,17,0.0151427469135802,5.841114476306053,5.723260398591938,720.0,16.743892254083796,10.902777777777743
I-shuffled_jepa-graph_time-paired_change,BioMotionLab_NTroje::rub072,17,0.0017361111111111,5.50153170783567,5.153705420205965,720.0,6.751531707835662,1.249999999999992
I-shuffled_jepa-graph_time-paired_change,BioMotionLab_NTroje::rub075,17,0.0293209876543209,6.6329592901634,6.148515153692354,720.0,27.744070401274445,21.111111111111047
I-shuffled_jepa-graph_time-paired_change,BioMotionLab_NTroje::rub086,17,0.0007716049382716,6.332805632683878,5.830390318391651,720.0,6.88836118823943,0.555555555555552
I-shuffled_jepa-graph_time-paired_change,BioMotionLab_NTroje::rub098,17,0.0046296296296296,6.0413387125376445,5.656121740755744,720.0,9.374672045870955,3.3333333333333117
I-shuffled_jepa-graph_time-paired_change,BioMotionLab_NTroje::rub106,17,0.0088734567901234,6.362912736937201,5.8087028863328625,720.0,12.75180162582605,6.388888888888848
I-shuffled_jepa-graph_time-paired_change,BioMotionLab_NTroje::rub115,17,0.0031828703703703,6.951596831207823,6.281268397417893,720.0,9.24326349787444,2.291666666666616
I-shuffled_jepa-graph_time-paired_change,KIT::348,17,0.0,6.786120574733376,6.379431362325325,720.0,6.786120574733376,0.0
I-shuffled_jepa-graph_time-paired_change,KIT::6,17,0.0018518518518518,5.647100690006992,5.098839796197789,720.0,6.980434023340289,1.3333333333332962
I-shuffled_jepa-graph_time-paired_change,BioMotionLab_NTroje::rub002,29,0.0,7.060970824287213,6.579815849521189,720.0,7.060970824287213,0.0
I-shuffled_jepa-graph_time-paired_change,BioMotionLab_NTroje::rub023,29,0.0,6.685029326610964,6.155697267831708,720.0,6.685029326610964,0.0
I-shuffled_jepa-graph_time-paired_change,BioMotionLab_NTroje::rub044,29,0.0054012345679012,6.382092773454631,5.808909372750463,720.0,10.270981662343495,3.8888888888888635
I-shuffled_jepa-graph_time-paired_change,BioMotionLab_NTroje::rub053,29,0.0254629629629629,5.848584532959262,5.020785727676933,720.0,24.181917866292547,18.333333333333286
I-shuffled_jepa-graph_time-paired_change,BioMotionLab_NTroje::rub054,29,0.0046296296296296,6.199492844430222,5.706169784632813,720.0,9.532826177763534,3.3333333333333117
I-shuffled_jepa-graph_time-paired_change,BioMotionLab_NTroje::rub070,29,0.0189043209876543,6.1409277015913215,5.723260398591938,720.0,19.752038812702416,13.611111111111097
I-shuffled_jepa-graph_time-paired_change,BioMotionLab_NTroje::rub072,29,0.0054976851851851,5.4202417187083825,5.153705420205965,720.0,9.378575052041654,3.958333333333272
I-shuffled_jepa-graph_time-paired_change,BioMotionLab_NTroje::rub075,29,0.0235339506172839,6.457320253142606,6.148515153692354,720.0,23.401764697587012,16.944444444444407
I-shuffled_jepa-graph_time-paired_change,BioMotionLab_NTroje::rub086,29,0.0069444444444444,6.415800265563185,5.830390318391651,720.0,11.415800265563153,4.999999999999968
I-shuffled_jepa-graph_time-paired_change,BioMotionLab_NTroje::rub098,29,0.0146604938271604,5.825169765338693,5.656121740755744,720.0,16.38072532089418,10.555555555555488
I-shuffled_jepa-graph_time-paired_change,BioMotionLab_NTroje::rub106,29,0.0150462962962962,6.192488252099902,5.8087028863328625,720.0,17.025821585433167,10.833333333333265
I-shuffled_jepa-graph_time-paired_change,BioMotionLab_NTroje::rub115,29,0.003761574074074,6.8224019290812095,6.281268397417893,720.0,9.53073526241449,2.70833333333328
I-shuffled_jepa-graph_time-paired_change,KIT::348,29,0.0018518518518518,6.653913866863815,6.379431362325325,720.0,7.98724720019711,1.3333333333332962
I-shuffled_jepa-graph_time-paired_change,KIT::6,29,0.0254629629629629,6.165324788024125,5.098839796197789,720.0,24.498658121357412,18.333333333333286
I-shuffled_jepa-graph_time-paired_change,BioMotionLab_NTroje::rub002,43,0.0,6.992774309742835,6.579815849521189,720.0,6.992774309742835,0.0
I-shuffled_jepa-graph_time-paired_change,BioMotionLab_NTroje::rub023,43,0.0,6.775697025432082,6.155697267831708,720.0,6.775697025432082,0.0
I-shuffled_jepa-graph_time-paired_change,BioMotionLab_NTroje::rub044,43,0.0091049382716049,6.498492034746767,5.808909372750463,720.0,13.054047590302295,6.555555555555528
I-shuffled_jepa-graph_time-paired_change,BioMotionLab_NTroje::rub053,43,0.0046296296296296,5.620941233869737,5.020785727676933,720.0,8.954274567203049,3.3333333333333117
I-shuffled_jepa-graph_time-paired_change,BioMotionLab_NTroje::rub054,43,0.0015432098765432,6.238011366582554,5.706169784632813,720.0,7.349122477693658,1.111111111111104
I-shuffled_jepa-graph_time-paired_change,BioMotionLab_NTroje::rub070,43,0.0192901234567901,5.990119513600608,5.723260398591938,720.0,19.879008402489482,13.888888888888873
I-shuffled_jepa-graph_time-paired_change,BioMotionLab_NTroje::rub072,43,0.0011574074074074,5.486953304883414,5.153705420205965,720.0,6.320286638216742,0.8333333333333279
I-shuffled_jepa-graph_time-paired_change,BioMotionLab_NTroje::rub075,43,0.0235339506172839,6.602649574040195,6.148515153692354,720.0,23.547094018484604,16.944444444444407
I-shuffled_jepa-graph_time-paired_change,BioMotionLab_NTroje::rub086,43,0.005787037037037,6.482161071744312,5.830390318391651,720.0,10.648827738410953,4.16666666666664
I-shuffled_jepa-graph_time-paired_change,BioMotionLab_NTroje::rub098,43,0.0016975308641975,6.139899709645929,5.656121740755744,720.0,7.3621219318681295,1.2222222222222001
I-shuffled_jepa-graph_time-paired_change,BioMotionLab_NTroje::rub106,43,0.0177469135802469,6.42668525213078,5.8087028863328625,720.0,19.20446302990855,12.777777777777768
I-shuffled_jepa-graph_time-paired_change,BioMotionLab_NTroje::rub115,43,0.0,6.917566975989933,6.281268397417893,720.0,6.917566975989933,0.0
I-shuffled_jepa-graph_time-paired_change,KIT::348,43,0.0,6.93927805637226,6.379431362325325,720.0,6.93927805637226,0.0
I-shuffled_jepa-graph_time-paired_change,KIT::6,43,0.0060185185185185,5.9613983312433065,5.098839796197789,720.0,10.294731664576627,4.333333333333321
