seq,frame_num,cam_view,gait_event,dataset,gait_pat,bbox,vid_info,id,url
cll8k49ga005n3o6lrg92111d,2230,front,,Abnormal Gait,cerebral palsy,"{'top': 24.0, 'left': 330.0, 'height': 420.0, 'width': 181.0}","{'height': 480, 'width': 854, 'mime_type': 'video/mp4'}",rWKYDfklSkE,https://www.youtube.com/watch?v=rWKYDfklSkE
cll8k49ga005n3o6lrg92111d,2231,front,,Abnormal Gait,cerebral palsy,"{'top': 24.0, 'left': 330.0, 'height': 420.20338983050846, 'width': 181.0169491525424}","{'height': 480, 'width': 854, 'mime_type': 'video/mp4'}",rWKYDfklSkE,https://www.youtube.com/watch?v=rWKYDfklSkE
cll8k49ga005n3o6lrg92111d,2232,front,,Abnormal Gait,cerebral palsy,"{'top': 24.0, 'left': 330.0, 'height': 420.40677966101697, 'width': 181.03389830508473}","{'height': 480, 'width': 854, 'mime_type': 'video/mp4'}",rWKYDfklSkE,https://www.youtube.com/watch?v=rWKYDfklSkE
cll8k49ga005n3o6lrg92111d,2233,front,,Abnormal Gait,cerebral palsy,"{'top': 24.0, 'left': 330.0, 'height': 420.6101694915254, 'width': 181.05084745762713}","{'height': 480, 'width': 854, 'mime_type': 'video/mp4'}",rWKYDfklSkE,https://www.youtube.com/watch?v=rWKYDfklSkE
cll8k49ga005n3o6lrg92111d,2234,front,,Abnormal Gait,cerebral palsy,"{'top': 24.0, 'left': 330.0, 'height': 420.8135593220339, 'width': 181.06779661016947}","{'height': 480, 'width': 854, 'mime_type': 'video/mp4'}",rWKYDfklSkE,https://www.youtube.com/watch?v=rWKYDfklSkE
cll8k49ga005n3o6lrg92111d,2235,front,,Abnormal Gait,cerebral palsy,"{'top': 24.0, 'left': 330.0, 'height': 421.0169491525424, 'width': 181.08474576271186}","{'height': 480, 'width': 854, 'mime_type': 'video/mp4'}",rWKYDfklSkE,https://www.youtube.com/watch?v=rWKYDfklSkE
cll8k49ga005n3o6lrg92111d,2236,front,,Abnormal Gait,cerebral palsy,"{'top': 24.0, 'left': 330.0, 'height': 421.22033898305085, 'width': 181.10169491525426}","{'height': 480, 'width': 854, 'mime_type': 'video/mp4'}",rWKYDfklSkE,https://www.youtube.com/watch?v=rWKYDfklSkE
cll8k49ga005n3o6lrg92111d,2237,front,,Abnormal Gait,cerebral palsy,"{'top': 24.0, 'left': 330.0, 'height': 421.4237288135593, 'width': 181.1186440677966}","{'height': 480, 'width': 854, 'mime_type': 'video/mp4'}",rWKYDfklSkE,https://www.youtube.com/watch?v=rWKYDfklSkE
cll8k49ga005n3o6lrg92111d,2238,front,,Abnormal Gait,cerebral palsy,"{'top': 24.0, 'left': 330.0, 'height': 421.6271186440678, 'width': 181.135593220339}","{'height': 480, 'width': 854, 'mime_type': 'video/mp4'}",rWKYDfklSkE,https://www.youtube.com/watch?v=rWKYDfklSkE
cll8k49ga005n3o6lrg92111d,2239,front,,Abnormal Gait,cerebral palsy,"{'top': 24.0, 'left': 330.0, 'height': 421.8305084745763, 'width': 181.15254237288133}","{'height': 480, 'width': 854, 'mime_type': 'video/mp4'}",rWKYDfklSkE,https://www.youtube.com/watch?v=rWKYDfklSkE
cll8k49ga005n3o6lrg92111d,2240,front,,Abnormal Gait,cerebral palsy,"{'top': 24.0, 'left': 330.0, 'height': 422.03389830508473, 'width': 181.16949152542372}","{'height': 480, 'width': 854, 'mime_type': 'video/mp4'}",rWKYDfklSkE,https://www.youtube.com/watch?v=rWKYDfklSkE
cll8k49ga005n3o6lrg92111d,2241,front,,Abnormal Gait,cerebral palsy,"{'top': 24.0, 'left': 330.0, 'height': 422.23728813559325, 'width': 181.18644067796612}","{'height': 480, 'width': 854, 'mime_type': 'video/mp4'}",rWKYDfklSkE,https://www.youtube.com/watch?v=rWKYDfklSkE
cll8k49ga005n3o6lrg92111d,2242,front,,Abnormal Gait,cerebral palsy,"{'top': 24.0, 'left': 330.0, 'height': 422.4406779661017, 'width': 181.20338983050846}","{'height': 480, 'width': 854, 'mime_type': 'video/mp4'}",rWKYDfklSkE,https://www.youtube.com/watch?v=rWKYDfklSkE
cll8k49ga005n3o6lrg92111d,2243,front,,Abnormal Gait,cerebral palsy,"{'top': 24.0, 'left': 330.0, 'height': 422.64406779661016, 'width': 181.22033898305085}","{'height': 480, 'width': 854, 'mime_type': 'video/mp4'}",rWKYDfklSkE,https://www.youtube.com/watch?v=rWKYDfklSkE
cll8k49ga005n3o6lrg92111d,2244,front,,Abnormal Gait,cerebral palsy,"{'top': 24.0, 'left': 330.0, 'height': 422.8474576271187, 'width': 181.23728813559325}","{'height': 480, 'width': 854, 'mime_type': 'video/mp4'}",rWKYDfklSkE,https://www.youtube.com/watch?v=rWKYDfklSkE
cll8k49ga005n3o6lrg92111d,2245,front,,Abnormal Gait,cerebral palsy,"{'top': 24.0, 'left': 330.0, 'height': 423.0508474576271, 'width': 181.25423728813558}","{'height': 480, 'width': 854, 'mime_type': 'video/mp4'}",rWKYDfklSkE,https://www.youtube.com/watch?v=rWKYDfklSkE
cll8k49ga005n3o6lrg92111d,2246,front,,Abnormal Gait,cerebral palsy,"{'top': 24.0, 'left': 330.0, 'height': 423.2542372881356, 'width': 181.27118644067798}","{'height': 480, 'width': 854, 'mime_type': 'video/mp4'}",rWKYDfklSkE,https://www.youtube.com/watch?v=rWKYDfklSkE
cll8k49ga005n3o6lrg92111d,2247,front,,Abnormal Gait,cerebral palsy,"{'top': 24.0, 'left': 330.0, 'height': 423.45762711864404, 'width': 181.28813559322032}","{'height': 480, 'width': 854, 'mime_type': 'video/mp4'}",rWKYDfklSkE,https://www.youtube.com/watch?v=rWKYDfklSkE
cll8k49ga005n3o6lrg92111d,2248,front,,Abnormal Gait,cerebral palsy,"{'top': 24.0, 'left': 330.0, 'height': 423.66101694915255, 'width': 181.3050847457627}","{'height': 480, 'width': 854, 'mime_type': 'video/mp4'}",rWKYDfklSkE,https://www.youtube.com/watch?v=rWKYDfklSkE
cll8k49ga005n3o6lrg92111d,2249,front,,Abnormal Gait,cerebral palsy,"{'top': 24.0, 'left': 330.0, 'height': 423.864406779661, 'width': 181.3220338983051}","{'height': 480, 'width': 854, 'mime_type': 'video/mp4'}",rWKYDfklSkE,https://www.youtube.com/watch?v=rWKYDfklSkE
cll8k49ga005n3o6lrg92111d,2250,front,,Abnormal Gait,cerebral palsy,"{'top': 24.0, 'left': 330.0, 'height': 424.06779661016947, 'width': 181.33898305084745}","{'height': 480, 'width': 854, 'mime_type': 'video/mp4'}",rWKYDfklSkE,https://www.youtube.com/watch?v=rWKYDfklSkE
cll8k49ga005n3o6lrg92111d,2251,front,,Abnormal Gait,cerebral palsy,"{'top': 24.0, 'left': 330.0, 'height': 424.271186440678, 'width': 181.35593220338984}","{'height': 480, 'width': 854, 'mime_type': 'video/mp4'}",rWKYDfklSkE,https://www.youtube.com/watch?v=rWKYDfklSkE
cll8k49ga005n3o6lrg92111d,2252,front,,Abnormal Gait,cerebral palsy,"{'top': 24.0, 'left': 330.0, 'height': 424.47457627118644, 'width': 181.37288135593218}","{'height': 480, 'width': 854, 'mime_type': 'video/mp4'}",rWKYDfklSkE,https://www.youtube.com/watch?v=rWKYDfklSkE
cll8k49ga005n3o6lrg92111d,2253,front,,Abnormal Gait,cerebral palsy,"{'top': 24.0, 'left': 330.0, 'height': 424.6779661016949, 'width': 181.38983050847457}","{'height': 480, 'width': 854, 'mime_type': 'video/mp4'}",rWKYDfklSkE,https://www.youtube.com/watch?v=rWKYDfklSkE
cll8k49ga005n3o6lrg92111d,2254,front,,Abnormal Gait,cerebral palsy,"{'top': 24.0, 'left': 330.0, 'height': 424.8813559322034, 'width': 181.40677966101697}","{'height': 480, 'width': 854, 'mime_type': 'video/mp4'}",rWKYDfklSkE,https://www.youtube.com/watch?v=rWKYDfklSkE
cll8k49ga005n3o6lrg92111d,2255,front,,Abnormal Gait,cerebral palsy,"{'top': 24.0, 'left': 330.0, 'height': 425.08474576271186, 'width': 181.4237288135593}","{'height': 480, 'width': 854, 'mime_type': 'video/mp4'}",rWKYDfklSkE,https://www.youtube.com/watch?v=rWKYDfklSkE
cll8k49ga005n3o6lrg92111d,2256,front,,Abnormal Gait,cerebral palsy,"{'top': 24.0, 'left': 330.0, 'height': 425.2881355932203, 'width': 181.4406779661017}","{'height': 480, 'width': 854, 'mime_type': 'video/mp4'}",rWKYDfklSkE,https://www.youtube.com/watch?v=rWKYDfklSkE
cll8k49ga005n3o6lrg92111d,2257,front,,Abnormal Gait,cerebral palsy,"{'top': 24.0, 'left': 330.0, 'height': 425.49152542372883, 'width': 181.45762711864404}","{'height': 480, 'width': 854, 'mime_type': 'video/mp4'}",rWKYDfklSkE,https://www.youtube.com/watch?v=rWKYDfklSkE
cll8k49ga005n3o6lrg92111d,2258,front,,Abnormal Gait,cerebral palsy,"{'top': 24.0, 'left': 330.0, 'height': 425.6949152542373, 'width': 181.47457627118644}","{'height': 480, 'width': 854, 'mime_type': 'video/mp4'}",rWKYDfklSkE,https://www.youtube.com/watch?v=rWKYDfklSkE
cll8k49ga005n3o6lrg92111d,2259,front,,Abnormal Gait,cerebral palsy,"{'top': 24.0, 'left': 330.0, 'height': 425.89830508474574, 'width': 181.49152542372883}","{'height': 480, 'width': 854, 'mime_type': 'video/mp4'}",rWKYDfklSkE,https://www.youtube.com/watch?v=rWKYDfklSkE
cll8k49ga005n3o6lrg92111d,2260,front,,Abnormal Gait,cerebral palsy,"{'top': 24.0, 'left': 330.0, 'height': 426.10169491525426, 'width': 181.50847457627117}","{'height': 480, 'width': 854, 'mime_type': 'video/mp4'}",rWKYDfklSkE,https://www.youtube.com/watch?v=rWKYDfklSkE
cll8k49ga005n3o6lrg92111d,2261,front,,Abnormal Gait,cerebral palsy,"{'top': 24.0, 'left': 330.0, 'height': 426.3050847457627, 'width': 181.52542372881356}","{'height': 480, 'width': 854, 'mime_type': 'video/mp4'}",rWKYDfklSkE,https://www.youtube.com/watch?v=rWKYDfklSkE
cll8k49ga005n3o6lrg92111d,2262,front,,Abnormal Gait,cerebral palsy,"{'top': 24.0, 'left': 330.0, 'height': 426.50847457627117, 'width': 181.54237288135596}","{'height': 480, 'width': 854, 'mime_type': 'video/mp4'}",rWKYDfklSkE,https://www.youtube.com/watch?v=rWKYDfklSkE
cll8k49ga005n3o6lrg92111d,2263,front,,Abnormal Gait,cerebral palsy,"{'top': 24.0, 'left': 330.0, 'height': 426.7118644067797, 'width': 181.5593220338983}","{'height': 480, 'width': 854, 'mime_type': 'video/mp4'}",rWKYDfklSkE,https://www.youtube.com/watch?v=rWKYDfklSkE
cll8k49ga005n3o6lrg92111d,2264,front,,Abnormal Gait,cerebral palsy,"{'top': 24.0, 'left': 330.0, 'height': 426.91525423728814, 'width': 181.5762711864407}","{'height': 480, 'width': 854, 'mime_type': 'video/mp4'}",rWKYDfklSkE,https://www.youtube.com/watch?v=rWKYDfklSkE
cll8k49ga005n3o6lrg92111d,2265,front,,Abnormal Gait,cerebral palsy,"{'top': 24.0, 'left': 330.0, 'height': 427.1186440677966, 'width': 181.59322033898303}","{'height': 480, 'width': 854, 'mime_type': 'video/mp4'}",rWKYDfklSkE,https://www.youtube.com/watch?v=rWKYDfklSkE
cll8k49ga005n3o6lrg92111d,2266,front,,Abnormal Gait,cerebral palsy,"{'top': 24.0, 'left': 330.0, 'height': 427.3220338983051, 'width': 181.61016949152543}","{'height': 480, 'width': 854, 'mime_type': 'video/mp4'}",rWKYDfklSkE,https://www.youtube.com/watch?v=rWKYDfklSkE
cll8k49ga005n3o6lrg92111d,2267,front,,Abnormal Gait,cerebral palsy,"{'top': 24.0, 'left': 330.0, 'height': 427.52542372881356, 'width': 181.62711864406782}","{'height': 480, 'width': 854, 'mime_type': 'video/mp4'}",rWKYDfklSkE,https://www.youtube.com/watch?v=rWKYDfklSkE
cll8k49ga005n3o6lrg92111d,2268,front,,Abnormal Gait,cerebral palsy,"{'top': 24.0, 'left': 330.0, 'height': 427.728813559322, 'width': 181.64406779661016}","{'height': 480, 'width': 854, 'mime_type': 'video/mp4'}",rWKYDfklSkE,https://www.youtube.com/watch?v=rWKYDfklSkE
cll8k49ga005n3o6lrg92111d,2269,front,,Abnormal Gait,cerebral palsy,"{'top': 24.0, 'left': 330.0, 'height': 427.93220338983053, 'width': 181.66101694915255}","{'height': 480, 'width': 854, 'mime_type': 'video/mp4'}",rWKYDfklSkE,https://www.youtube.com/watch?v=rWKYDfklSkE
cll8k49ga005n3o6lrg92111d,2270,front,,Abnormal Gait,cerebral palsy,"{'top': 24.0, 'left': 330.0, 'height': 428.135593220339, 'width': 181.6779661016949}","{'height': 480, 'width': 854, 'mime_type': 'video/mp4'}",rWKYDfklSkE,https://www.youtube.com/watch?v=rWKYDfklSkE
cll8k49ga005n3o6lrg92111d,2271,front,,Abnormal Gait,cerebral palsy,"{'top': 24.0, 'left': 330.0, 'height': 428.33898305084745, 'width': 181.6949152542373}","{'height': 480, 'width': 854, 'mime_type': 'video/mp4'}",rWKYDfklSkE,https://www.youtube.com/watch?v=rWKYDfklSkE
cll8k49ga005n3o6lrg92111d,2272,front,,Abnormal Gait,cerebral palsy,"{'top': 24.0, 'left': 330.0, 'height': 428.54237288135596, 'width': 181.71186440677968}","{'height': 480, 'width': 854, 'mime_type': 'video/mp4'}",rWKYDfklSkE,https://www.youtube.com/watch?v=rWKYDfklSkE
cll8k49ga005n3o6lrg92111d,2273,front,,Abnormal Gait,cerebral palsy,"{'top': 24.0, 'left': 330.0, 'height': 428.7457627118644, 'width': 181.72881355932202}","{'height': 480, 'width': 854, 'mime_type': 'video/mp4'}",rWKYDfklSkE,https://www.youtube.com/watch?v=rWKYDfklSkE
cll8k49ga005n3o6lrg92111d,2274,front,,Abnormal Gait,cerebral palsy,"{'top': 24.0, 'left': 330.0, 'height': 428.9491525423729, 'width': 181.74576271186442}","{'height': 480, 'width': 854, 'mime_type': 'video/mp4'}",rWKYDfklSkE,https://www.youtube.com/watch?v=rWKYDfklSkE
cll8k49ga005n3o6lrg92111d,2275,front,,Abnormal Gait,cerebral palsy,"{'top': 24.0, 'left': 330.0, 'height': 429.1525423728814, 'width': 181.76271186440675}","{'height': 480, 'width': 854, 'mime_type': 'video/mp4'}",rWKYDfklSkE,https://www.youtube.com/watch?v=rWKYDfklSkE
cll8k49ga005n3o6lrg92111d,2276,front,,Abnormal Gait,cerebral palsy,"{'top': 24.0, 'left': 330.0, 'height': 429.35593220338984, 'width': 181.77966101694915}","{'height': 480, 'width': 854, 'mime_type': 'video/mp4'}",rWKYDfklSkE,https://www.youtube.com/watch?v=rWKYDfklSkE
cll8k49ga005n3o6lrg92111d,2277,front,,Abnormal Gait,cerebral palsy,"{'top': 24.0, 'left': 330.0, 'height': 429.5593220338983, 'width': 181.79661016949154}","{'height': 480, 'width': 854, 'mime_type': 'video/mp4'}",rWKYDfklSkE,https://www.youtube.com/watch?v=rWKYDfklSkE
cll8k49ga005n3o6lrg92111d,2278,front,,Abnormal Gait,cerebral palsy,"{'top': 24.0, 'left': 330.0, 'height': 429.76271186440675, 'width': 181.81355932203388}","{'height': 480, 'width': 854, 'mime_type': 'video/mp4'}",rWKYDfklSkE,https://www.youtube.com/watch?v=rWKYDfklSkE
cll8k49ga005n3o6lrg92111d,2279,front,,Abnormal Gait,cerebral palsy,"{'top': 24.0, 'left': 330.0, 'height': 429.96610169491527, 'width': 181.83050847457628}","{'height': 480, 'width': 854, 'mime_type': 'video/mp4'}",rWKYDfklSkE,https://www.youtube.com/watch?v=rWKYDfklSkE
cll8k49ga005n3o6lrg92111d,2280,front,,Abnormal Gait,cerebral palsy,"{'top': 24.0, 'left': 330.0, 'height': 430.1694915254237, 'width': 181.84745762711867}","{'height': 480, 'width': 854, 'mime_type': 'video/mp4'}",rWKYDfklSkE,https://www.youtube.com/watch?v=rWKYDfklSkE
cll8k49ga005n3o6lrg92111d,2281,front,,Abnormal Gait,cerebral palsy,"{'top': 24.0, 'left': 330.0, 'height': 430.3728813559322, 'width': 181.864406779661}","{'height': 480, 'width': 854, 'mime_type': 'video/mp4'}",rWKYDfklSkE,https://www.youtube.com/watch?v=rWKYDfklSkE
cll8k49ga005n3o6lrg92111d,2282,front,,Abnormal Gait,cerebral palsy,"{'top': 24.0, 'left': 330.0, 'height': 430.5762711864407, 'width': 181.8813559322034}","{'height': 480, 'width': 854, 'mime_type': 'video/mp4'}",rWKYDfklSkE,https://www.youtube.com/watch?v=rWKYDfklSkE
cll8k49ga005n3o6lrg92111d,2283,front,,Abnormal Gait,cerebral palsy,"{'top': 24.0, 'left': 330.0, 'height': 430.77966101694915, 'width': 181.89830508474574}","{'height': 480, 'width': 854, 'mime_type': 'video/mp4'}",rWKYDfklSkE,https://www.youtube.com/watch?v=rWKYDfklSkE
cll8k49ga005n3o6lrg92111d,2284,front,,Abnormal Gait,cerebral palsy,"{'top': 24.0, 'left': 330.0, 'height': 430.9830508474576, 'width': 181.91525423728814}","{'height': 480, 'width': 854, 'mime_type': 'video/mp4'}",rWKYDfklSkE,https://www.youtube.com/watch?v=rWKYDfklSkE
cll8k49ga005n3o6lrg92111d,2285,front,,Abnormal Gait,cerebral palsy,"{'top': 24.0, 'left': 330.0, 'height': 431.1864406779661, 'width': 181.93220338983053}","{'height': 480, 'width': 854, 'mime_type': 'video/mp4'}",rWKYDfklSkE,https://www.youtube.com/watch?v=rWKYDfklSkE
cll8k49ga005n3o6lrg92111d,2286,front,,Abnormal Gait,cerebral palsy,"{'top': 24.0, 'left': 330.0, 'height': 431.3898305084746, 'width': 181.94915254237287}","{'height': 480, 'width': 854, 'mime_type': 'video/mp4'}",rWKYDfklSkE,https://www.youtube.com/watch?v=rWKYDfklSkE
cll8k49ga005n3o6lrg92111d,2287,front,,Abnormal Gait,cerebral palsy,"{'top': 24.0, 'left': 330.0, 'height': 431.59322033898303, 'width': 181.96610169491527}","{'height': 480, 'width': 854, 'mime_type': 'video/mp4'}",rWKYDfklSkE,https://www.youtube.com/watch?v=rWKYDfklSkE
cll8k49ga005n3o6lrg92111d,2288,front,,Abnormal Gait,cerebral palsy,"{'top': 24.0, 'left': 330.0, 'height': 431.79661016949154, 'width': 181.9830508474576}","{'height': 480, 'width': 854, 'mime_type': 'video/mp4'}",rWKYDfklSkE,https://www.youtube.com/watch?v=rWKYDfklSkE
cll8k49ga005n3o6lrg92111d,2289,front,,Abnormal Gait,cerebral palsy,"{'top': 24.0, 'left': 330.0, 'height': 432.0, 'width': 182.0}","{'height': 480, 'width': 854, 'mime_type': 'video/mp4'}",rWKYDfklSkE,https://www.youtube.com/watch?v=rWKYDfklSkE
cll8k49ga005n3o6lrg92111d,2290,front,,Abnormal Gait,cerebral palsy,"{'top': 24.0, 'left': 330.0, 'height': 432.20338983050846, 'width': 182.01694915254234}","{'height': 480, 'width': 854, 'mime_type': 'video/mp4'}",rWKYDfklSkE,https://www.youtube.com/watch?v=rWKYDfklSkE
cll8k49ga005n3o6lrg92111d,2291,front,,Abnormal Gait,cerebral palsy,"{'top': 24.0, 'left': 330.0, 'height': 432.40677966101697, 'width': 182.0338983050848}","{'height': 480, 'width': 854, 'mime_type': 'video/mp4'}",rWKYDfklSkE,https://www.youtube.com/watch?v=rWKYDfklSkE
cll8k49ga005n3o6lrg92111d,2292,front,,Abnormal Gait,cerebral palsy,"{'top': 24.0, 'left': 330.0, 'height': 432.6101694915254, 'width': 182.05084745762713}","{'height': 480, 'width': 854, 'mime_type': 'video/mp4'}",rWKYDfklSkE,https://www.youtube.com/watch?v=rWKYDfklSkE
cll8k49ga005n3o6lrg92111d,2293,front,,Abnormal Gait,cerebral palsy,"{'top': 24.0, 'left': 330.0, 'height': 432.8135593220339, 'width': 182.06779661016947}","{'height': 480, 'width': 854, 'mime_type': 'video/mp4'}",rWKYDfklSkE,https://www.youtube.com/watch?v=rWKYDfklSkE
cll8k49ga005n3o6lrg92111d,2294,front,,Abnormal Gait,cerebral palsy,"{'top': 24.0, 'left': 330.0, 'height': 433.0169491525424, 'width': 182.08474576271192}","{'height': 480, 'width': 854, 'mime_type': 'video/mp4'}",rWKYDfklSkE,https://www.youtube.com/watch?v=rWKYDfklSkE
cll8k49ga005n3o6lrg92111d,2295,front,,Abnormal Gait,cerebral palsy,"{'top': 24.0, 'left': 330.0, 'height': 433.22033898305085, 'width': 182.10169491525426}","{'height': 480, 'width': 854, 'mime_type': 'video/mp4'}",rWKYDfklSkE,https://www.youtube.com/watch?v=rWKYDfklSkE
cll8k49ga005n3o6lrg92111d,2296,front,,Abnormal Gait,cerebral palsy,"{'top': 24.0, 'left': 330.0, 'height': 433.4237288135593, 'width': 182.1186440677966}","{'height': 480, 'width': 854, 'mime_type': 'video/mp4'}",rWKYDfklSkE,https://www.youtube.com/watch?v=rWKYDfklSkE
cll8k49ga005n3o6lrg92111d,2297,front,,Abnormal Gait,cerebral palsy,"{'top': 24.0, 'left': 330.0, 'height': 433.6271186440678, 'width': 182.13559322033893}","{'height': 480, 'width': 854, 'mime_type': 'video/mp4'}",rWKYDfklSkE,https://www.youtube.com/watch?v=rWKYDfklSkE
cll8k49ga005n3o6lrg92111d,2298,front,,Abnormal Gait,cerebral palsy,"{'top': 24.0, 'left': 330.0, 'height': 433.8305084745763, 'width': 182.15254237288138}","{'height': 480, 'width': 854, 'mime_type': 'video/mp4'}",rWKYDfklSkE,https://www.youtube.com/watch?v=rWKYDfklSkE
cll8k49ga005n3o6lrg92111d,2299,front,,Abnormal Gait,cerebral palsy,"{'top': 24.0, 'left': 330.0, 'height': 434.03389830508473, 'width': 182.16949152542372}","{'height': 480, 'width': 854, 'mime_type': 'video/mp4'}",rWKYDfklSkE,https://www.youtube.com/watch?v=rWKYDfklSkE
cll8k49ga005n3o6lrg92111d,2300,front,,Abnormal Gait,cerebral palsy,"{'top': 24.0, 'left': 330.0, 'height': 434.23728813559325, 'width': 182.18644067796606}","{'height': 480, 'width': 854, 'mime_type': 'video/mp4'}",rWKYDfklSkE,https://www.youtube.com/watch?v=rWKYDfklSkE
cll8k49ga005n3o6lrg92111d,2301,front,,Abnormal Gait,cerebral palsy,"{'top': 24.0, 'left': 330.0, 'height': 434.4406779661017, 'width': 182.2033898305085}","{'height': 480, 'width': 854, 'mime_type': 'video/mp4'}",rWKYDfklSkE,https://www.youtube.com/watch?v=rWKYDfklSkE
cll8k49ga005n3o6lrg92111d,2302,front,,Abnormal Gait,cerebral palsy,"{'top': 24.0, 'left': 330.0, 'height': 434.64406779661016, 'width': 182.22033898305085}","{'height': 480, 'width': 854, 'mime_type': 'video/mp4'}",rWKYDfklSkE,https://www.youtube.com/watch?v=rWKYDfklSkE
cll8k49ga005n3o6lrg92111d,2303,front,,Abnormal Gait,cerebral palsy,"{'top': 24.0, 'left': 330.0, 'height': 434.8474576271186, 'width': 182.2372881355932}","{'height': 480, 'width': 854, 'mime_type': 'video/mp4'}",rWKYDfklSkE,https://www.youtube.com/watch?v=rWKYDfklSkE
cll8k49ga005n3o6lrg92111d,2304,front,,Abnormal Gait,cerebral palsy,"{'top': 24.0, 'left': 330.0, 'height': 435.0508474576271, 'width': 182.25423728813564}","{'height': 480, 'width': 854, 'mime_type': 'video/mp4'}",rWKYDfklSkE,https://www.youtube.com/watch?v=rWKYDfklSkE
cll8k49ga005n3o6lrg92111d,2305,front,,Abnormal Gait,cerebral palsy,"{'top': 24.0, 'left': 330.0, 'height': 435.2542372881356, 'width': 182.27118644067798}","{'height': 480, 'width': 854, 'mime_type': 'video/mp4'}",rWKYDfklSkE,https://www.youtube.com/watch?v=rWKYDfklSkE
cll8k49ga005n3o6lrg92111d,2306,front,,Abnormal Gait,cerebral palsy,"{'top': 24.0, 'left': 330.0, 'height': 435.45762711864404, 'width': 182.28813559322032}","{'height': 480, 'width': 854, 'mime_type': 'video/mp4'}",rWKYDfklSkE,https://www.youtube.com/watch?v=rWKYDfklSkE
cll8k49ga005n3o6lrg92111d,2307,front,,Abnormal Gait,cerebral palsy,"{'top': 24.0, 'left': 330.0, 'height': 435.66101694915255, 'width': 182.30508474576266}","{'height': 480, 'width': 854, 'mime_type': 'video/mp4'}",rWKYDfklSkE,https://www.youtube.com/watch?v=rWKYDfklSkE
cll8k49ga005n3o6lrg92111d,2308,front,,Abnormal Gait,cerebral palsy,"{'top': 24.0, 'left': 330.0, 'height': 435.864406779661, 'width': 182.3220338983051}","{'height': 480, 'width': 854, 'mime_type': 'video/mp4'}",rWKYDfklSkE,https://www.youtube.com/watch?v=rWKYDfklSkE
cll8k49ga005n3o6lrg92111d,2309,front,,Abnormal Gait,cerebral palsy,"{'top': 24.0, 'left': 330.0, 'height': 436.06779661016947, 'width': 182.33898305084745}","{'height': 480, 'width': 854, 'mime_type': 'video/mp4'}",rWKYDfklSkE,https://www.youtube.com/watch?v=rWKYDfklSkE
cll8k49ga005n3o6lrg92111d,2310,front,,Abnormal Gait,cerebral palsy,"{'top': 24.0, 'left': 330.0, 'height': 436.271186440678, 'width': 182.35593220338978}","{'height': 480, 'width': 854, 'mime_type': 'video/mp4'}",rWKYDfklSkE,https://www.youtube.com/watch?v=rWKYDfklSkE
cll8k49ga005n3o6lrg92111d,2311,front,,Abnormal Gait,cerebral palsy,"{'top': 24.0, 'left': 330.0, 'height': 436.47457627118644, 'width': 182.37288135593224}","{'height': 480, 'width': 854, 'mime_type': 'video/mp4'}",rWKYDfklSkE,https://www.youtube.com/watch?v=rWKYDfklSkE
cll8k49ga005n3o6lrg92111d,2312,front,,Abnormal Gait,cerebral palsy,"{'top': 24.0, 'left': 330.0, 'height': 436.6779661016949, 'width': 182.38983050847457}","{'height': 480, 'width': 854, 'mime_type': 'video/mp4'}",rWKYDfklSkE,https://www.youtube.com/watch?v=rWKYDfklSkE
cll8k49ga005n3o6lrg92111d,2313,front,,Abnormal Gait,cerebral palsy,"{'top': 24.0, 'left': 330.0, 'height': 436.8813559322034, 'width': 182.4067796610169}","{'height': 480, 'width': 854, 'mime_type': 'video/mp4'}",rWKYDfklSkE,https://www.youtube.com/watch?v=rWKYDfklSkE
cll8k49ga005n3o6lrg92111d,2314,front,,Abnormal Gait,cerebral palsy,"{'top': 24.0, 'left': 330.0, 'height': 437.08474576271186, 'width': 182.42372881355936}","{'height': 480, 'width': 854, 'mime_type': 'video/mp4'}",rWKYDfklSkE,https://www.youtube.com/watch?v=rWKYDfklSkE
cll8k49ga005n3o6lrg92111d,2315,front,,Abnormal Gait,cerebral palsy,"{'top': 24.0, 'left': 330.0, 'height': 437.2881355932203, 'width': 182.4406779661017}","{'height': 480, 'width': 854, 'mime_type': 'video/mp4'}",rWKYDfklSkE,https://www.youtube.com/watch?v=rWKYDfklSkE
cll8k49ga005n3o6lrg92111d,2316,front,,Abnormal Gait,cerebral palsy,"{'top': 24.0, 'left': 330.0, 'height': 437.49152542372883, 'width': 182.45762711864404}","{'height': 480, 'width': 854, 'mime_type': 'video/mp4'}",rWKYDfklSkE,https://www.youtube.com/watch?v=rWKYDfklSkE
cll8k49ga005n3o6lrg92111d,2317,front,,Abnormal Gait,cerebral palsy,"{'top': 24.0, 'left': 330.0, 'height': 437.6949152542373, 'width': 182.4745762711865}","{'height': 480, 'width': 854, 'mime_type': 'video/mp4'}",rWKYDfklSkE,https://www.youtube.com/watch?v=rWKYDfklSkE
cll8k49ga005n3o6lrg92111d,2318,front,,Abnormal Gait,cerebral palsy,"{'top': 24.0, 'left': 330.0, 'height': 437.89830508474574, 'width': 182.49152542372883}","{'height': 480, 'width': 854, 'mime_type': 'video/mp4'}",rWKYDfklSkE,https://www.youtube.com/watch?v=rWKYDfklSkE
cll8k49ga005n3o6lrg92111d,2319,front,,Abnormal Gait,cerebral palsy,"{'top': 24.0, 'left': 330.0, 'height': 438.10169491525426, 'width': 182.50847457627117}","{'height': 480, 'width': 854, 'mime_type': 'video/mp4'}",rWKYDfklSkE,https://www.youtube.com/watch?v=rWKYDfklSkE
cll8k49ga005n3o6lrg92111d,2320,front,,Abnormal Gait,cerebral palsy,"{'top': 24.0, 'left': 330.0, 'height': 438.3050847457627, 'width': 182.5254237288135}","{'height': 480, 'width': 854, 'mime_type': 'video/mp4'}",rWKYDfklSkE,https://www.youtube.com/watch?v=rWKYDfklSkE
cll8k49ga005n3o6lrg92111d,2321,front,,Abnormal Gait,cerebral palsy,"{'top': 24.0, 'left': 330.0, 'height': 438.50847457627117, 'width': 182.54237288135596}","{'height': 480, 'width': 854, 'mime_type': 'video/mp4'}",rWKYDfklSkE,https://www.youtube.com/watch?v=rWKYDfklSkE
cll8k49ga005n3o6lrg92111d,2322,front,,Abnormal Gait,cerebral palsy,"{'top': 24.0, 'left': 330.0, 'height': 438.7118644067797, 'width': 182.5593220338983}","{'height': 480, 'width': 854, 'mime_type': 'video/mp4'}",rWKYDfklSkE,https://www.youtube.com/watch?v=rWKYDfklSkE
cll8k49ga005n3o6lrg92111d,2323,front,,Abnormal Gait,cerebral palsy,"{'top': 24.0, 'left': 330.0, 'height': 438.91525423728814, 'width': 182.57627118644064}","{'height': 480, 'width': 854, 'mime_type': 'video/mp4'}",rWKYDfklSkE,https://www.youtube.com/watch?v=rWKYDfklSkE
cll8k49ga005n3o6lrg92111d,2324,front,,Abnormal Gait,cerebral palsy,"{'top': 24.0, 'left': 330.0, 'height': 439.1186440677966, 'width': 182.5932203389831}","{'height': 480, 'width': 854, 'mime_type': 'video/mp4'}",rWKYDfklSkE,https://www.youtube.com/watch?v=rWKYDfklSkE
cll8k49ga005n3o6lrg92111d,2325,front,,Abnormal Gait,cerebral palsy,"{'top': 24.0, 'left': 330.0, 'height': 439.3220338983051, 'width': 182.61016949152543}","{'height': 480, 'width': 854, 'mime_type': 'video/mp4'}",rWKYDfklSkE,https://www.youtube.com/watch?v=rWKYDfklSkE
cll8k49ga005n3o6lrg92111d,2326,front,,Abnormal Gait,cerebral palsy,"{'top': 24.0, 'left': 330.0, 'height': 439.52542372881356, 'width': 182.62711864406776}","{'height': 480, 'width': 854, 'mime_type': 'video/mp4'}",rWKYDfklSkE,https://www.youtube.com/watch?v=rWKYDfklSkE
cll8k49ga005n3o6lrg92111d,2327,front,,Abnormal Gait,cerebral palsy,"{'top': 24.0, 'left': 330.0, 'height': 439.728813559322, 'width': 182.64406779661022}","{'height': 480, 'width': 854, 'mime_type': 'video/mp4'}",rWKYDfklSkE,https://www.youtube.com/watch?v=rWKYDfklSkE
cll8k49ga005n3o6lrg92111d,2328,front,,Abnormal Gait,cerebral palsy,"{'top': 24.0, 'left': 330.0, 'height': 439.93220338983053, 'width': 182.66101694915255}","{'height': 480, 'width': 854, 'mime_type': 'video/mp4'}",rWKYDfklSkE,https://www.youtube.com/watch?v=rWKYDfklSkE
cll8k49ga005n3o6lrg92111d,2329,front,,Abnormal Gait,cerebral palsy,"{'top': 24.0, 'left': 330.0, 'height': 440.135593220339, 'width': 182.6779661016949}","{'height': 480, 'width': 854, 'mime_type': 'video/mp4'}",rWKYDfklSkE,https://www.youtube.com/watch?v=rWKYDfklSkE
cll8k49ga005n3o6lrg92111d,2330,front,,Abnormal Gait,cerebral palsy,"{'top': 24.0, 'left': 330.0, 'height': 440.33898305084745, 'width': 182.69491525423734}","{'height': 480, 'width': 854, 'mime_type': 'video/mp4'}",rWKYDfklSkE,https://www.youtube.com/watch?v=rWKYDfklSkE
cll8k49ga005n3o6lrg92111d,2331,front,,Abnormal Gait,cerebral palsy,"{'top': 24.0, 'left': 330.0, 'height': 440.54237288135596, 'width': 182.71186440677968}","{'height': 480, 'width': 854, 'mime_type': 'video/mp4'}",rWKYDfklSkE,https://www.youtube.com/watch?v=rWKYDfklSkE
cll8k49ga005n3o6lrg92111d,2332,front,,Abnormal Gait,cerebral palsy,"{'top': 24.0, 'left': 330.0, 'height': 440.7457627118644, 'width': 182.72881355932202}","{'height': 480, 'width': 854, 'mime_type': 'video/mp4'}",rWKYDfklSkE,https://www.youtube.com/watch?v=rWKYDfklSkE
cll8k49ga005n3o6lrg92111d,2333,front,,Abnormal Gait,cerebral palsy,"{'top': 24.0, 'left': 330.0, 'height': 440.9491525423729, 'width': 182.74576271186436}","{'height': 480, 'width': 854, 'mime_type': 'video/mp4'}",rWKYDfklSkE,https://www.youtube.com/watch?v=rWKYDfklSkE
cll8k49ga005n3o6lrg92111d,2334,front,,Abnormal Gait,cerebral palsy,"{'top': 24.0, 'left': 330.0, 'height': 441.1525423728814, 'width': 182.7627118644068}","{'height': 480, 'width': 854, 'mime_type': 'video/mp4'}",rWKYDfklSkE,https://www.youtube.com/watch?v=rWKYDfklSkE
cll8k49ga005n3o6lrg92111d,2335,front,,Abnormal Gait,cerebral palsy,"{'top': 24.0, 'left': 330.0, 'height': 441.35593220338984, 'width': 182.77966101694915}","{'height': 480, 'width': 854, 'mime_type': 'video/mp4'}",rWKYDfklSkE,https://www.youtube.com/watch?v=rWKYDfklSkE
cll8k49ga005n3o6lrg92111d,2336,front,,Abnormal Gait,cerebral palsy,"{'top': 24.0, 'left': 330.0, 'height': 441.5593220338983, 'width': 182.7966101694915}","{'height': 480, 'width': 854, 'mime_type': 'video/mp4'}",rWKYDfklSkE,https://www.youtube.com/watch?v=rWKYDfklSkE
cll8k49ga005n3o6lrg92111d,2337,front,,Abnormal Gait,cerebral palsy,"{'top': 24.0, 'left': 330.0, 'height': 441.7627118644068, 'width': 182.81355932203394}","{'height': 480, 'width': 854, 'mime_type': 'video/mp4'}",rWKYDfklSkE,https://www.youtube.com/watch?v=rWKYDfklSkE
cll8k49ga005n3o6lrg92111d,2338,front,,Abnormal Gait,cerebral palsy,"{'top': 24.0, 'left': 330.0, 'height': 441.96610169491527, 'width': 182.83050847457628}","{'height': 480, 'width': 854, 'mime_type': 'video/mp4'}",rWKYDfklSkE,https://www.youtube.com/watch?v=rWKYDfklSkE
cll8k49ga005n3o6lrg92111d,2339,front,,Abnormal Gait,cerebral palsy,"{'top': 24.0, 'left': 330.0, 'height': 442.1694915254237, 'width': 182.84745762711862}","{'height': 480, 'width': 854, 'mime_type': 'video/mp4'}",rWKYDfklSkE,https://www.youtube.com/watch?v=rWKYDfklSkE
cll8k49ga005n3o6lrg92111d,2340,front,,Abnormal Gait,cerebral palsy,"{'top': 24.0, 'left': 330.0, 'height': 442.3728813559322, 'width': 182.86440677966107}","{'height': 480, 'width': 854, 'mime_type': 'video/mp4'}",rWKYDfklSkE,https://www.youtube.com/watch?v=rWKYDfklSkE
cll8k49ga005n3o6lrg92111d,2341,front,,Abnormal Gait,cerebral palsy,"{'top': 24.0, 'left': 330.0, 'height': 442.5762711864407, 'width': 182.8813559322034}","{'height': 480, 'width': 854, 'mime_type': 'video/mp4'}",rWKYDfklSkE,https://www.youtube.com/watch?v=rWKYDfklSkE
cll8k49ga005n3o6lrg92111d,2342,front,,Abnormal Gait,cerebral palsy,"{'top': 24.0, 'left': 330.0, 'height': 442.77966101694915, 'width': 182.89830508474574}","{'height': 480, 'width': 854, 'mime_type': 'video/mp4'}",rWKYDfklSkE,https://www.youtube.com/watch?v=rWKYDfklSkE
cll8k49ga005n3o6lrg92111d,2343,front,,Abnormal Gait,cerebral palsy,"{'top': 24.0, 'left': 330.0, 'height': 442.9830508474576, 'width': 182.91525423728808}","{'height': 480, 'width': 854, 'mime_type': 'video/mp4'}",rWKYDfklSkE,https://www.youtube.com/watch?v=rWKYDfklSkE
cll8k49ga005n3o6lrg92111d,2344,front,,Abnormal Gait,cerebral palsy,"{'top': 24.0, 'left': 330.0, 'height': 443.1864406779661, 'width': 182.93220338983053}","{'height': 480, 'width': 854, 'mime_type': 'video/mp4'}",rWKYDfklSkE,https://www.youtube.com/watch?v=rWKYDfklSkE
cll8k49ga005n3o6lrg92111d,2345,front,,Abnormal Gait,cerebral palsy,"{'top': 24.0, 'left': 330.0, 'height': 443.3898305084746, 'width': 182.94915254237287}","{'height': 480, 'width': 854, 'mime_type': 'video/mp4'}",rWKYDfklSkE,https://www.youtube.com/watch?v=rWKYDfklSkE
cll8k49ga005n3o6lrg92111d,2346,front,,Abnormal Gait,cerebral palsy,"{'top': 24.0, 'left': 330.0, 'height': 443.59322033898303, 'width': 182.9661016949152}","{'height': 480, 'width': 854, 'mime_type': 'video/mp4'}",rWKYDfklSkE,https://www.youtube.com/watch?v=rWKYDfklSkE
cll8k49ga005n3o6lrg92111d,2347,front,,Abnormal Gait,cerebral palsy,"{'top': 24.0, 'left': 330.0, 'height': 443.79661016949154, 'width': 182.98305084745766}","{'height': 480, 'width': 854, 'mime_type': 'video/mp4'}",rWKYDfklSkE,https://www.youtube.com/watch?v=rWKYDfklSkE
cll8k49ga005n3o6lrg92111d,2348,front,,Abnormal Gait,cerebral palsy,"{'top': 24.0, 'left': 330.0, 'height': 444.0, 'width': 183.0}","{'height': 480, 'width': 854, 'mime_type': 'video/mp4'}",rWKYDfklSkE,https://www.youtube.com/watch?v=rWKYDfklSkE
cll8k49ga005n3o6lrg92111d,2349,front,,Abnormal Gait,cerebral palsy,"{'top': 24.0, 'left': 330.0, 'height': 443.9294117647059, 'width': 182.99411764705883}","{'height': 480, 'width': 854, 'mime_type': 'video/mp4'}",rWKYDfklSkE,https://www.youtube.com/watch?v=rWKYDfklSkE
cll8k49ga005n3o6lrg92111d,2350,front,,Abnormal Gait,cerebral palsy,"{'top': 24.0, 'left': 330.0, 'height': 443.8588235294118, 'width': 182.98823529411766}","{'height': 480, 'width': 854, 'mime_type': 'video/mp4'}",rWKYDfklSkE,https://www.youtube.com/watch?v=rWKYDfklSkE
cll8k49ga005n3o6lrg92111d,2351,front,,Abnormal Gait,cerebral palsy,"{'top': 24.0, 'left': 330.0, 'height': 443.78823529411767, 'width': 182.9823529411765}","{'height': 480, 'width': 854, 'mime_type': 'video/mp4'}",rWKYDfklSkE,https://www.youtube.com/watch?v=rWKYDfklSkE
cll8k49ga005n3o6lrg92111d,2352,front,,Abnormal Gait,cerebral palsy,"{'top': 24.0, 'left': 330.0, 'height': 443.7176470588235, 'width': 182.97647058823532}","{'height': 480, 'width': 854, 'mime_type': 'video/mp4'}",rWKYDfklSkE,https://www.youtube.com/watch?v=rWKYDfklSkE
cll8k49ga005n3o6lrg92111d,2353,front,,Abnormal Gait,cerebral palsy,"{'top': 24.0, 'left': 330.0, 'height': 443.6470588235294, 'width': 182.97058823529414}","{'height': 480, 'width': 854, 'mime_type': 'video/mp4'}",rWKYDfklSkE,https://www.youtube.com/watch?v=rWKYDfklSkE
cll8k49ga005n3o6lrg92111d,2354,front,,Abnormal Gait,cerebral palsy,"{'top': 24.0, 'left': 330.0, 'height': 443.5764705882353, 'width': 182.96470588235297}","{'height': 480, 'width': 854, 'mime_type': 'video/mp4'}",rWKYDfklSkE,https://www.youtube.com/watch?v=rWKYDfklSkE
cll8k49ga005n3o6lrg92111d,2355,front,,Abnormal Gait,cerebral palsy,"{'top': 24.0, 'left': 330.0, 'height': 443.50588235294117, 'width': 182.9588235294118}","{'height': 480, 'width': 854, 'mime_type': 'video/mp4'}",rWKYDfklSkE,https://www.youtube.com/watch?v=rWKYDfklSkE
cll8k49ga005n3o6lrg92111d,2356,front,,Abnormal Gait,cerebral palsy,"{'top': 24.0, 'left': 330.0, 'height': 443.43529411764706, 'width': 182.95294117647063}","{'height': 480, 'width': 854, 'mime_type': 'video/mp4'}",rWKYDfklSkE,https://www.youtube.com/watch?v=rWKYDfklSkE
cll8k49ga005n3o6lrg92111d,2357,front,,Abnormal Gait,cerebral palsy,"{'top': 24.0, 'left': 330.0, 'height': 443.36470588235295, 'width': 182.94705882352946}","{'height': 480, 'width': 854, 'mime_type': 'video/mp4'}",rWKYDfklSkE,https://www.youtube.com/watch?v=rWKYDfklSkE
cll8k49ga005n3o6lrg92111d,2358,front,,Abnormal Gait,cerebral palsy,"{'top': 24.0, 'left': 330.0, 'height': 443.29411764705884, 'width': 182.9411764705883}","{'height': 480, 'width': 854, 'mime_type': 'video/mp4'}",rWKYDfklSkE,https://www.youtube.com/watch?v=rWKYDfklSkE
cll8k49ga005n3o6lrg92111d,2359,front,,Abnormal Gait,cerebral palsy,"{'top': 24.0, 'left': 330.0, 'height': 443.22352941176473, 'width': 182.935294117647}","{'height': 480, 'width': 854, 'mime_type': 'video/mp4'}",rWKYDfklSkE,https://www.youtube.com/watch?v=rWKYDfklSkE
cll8k49ga005n3o6lrg92111d,2360,front,,Abnormal Gait,cerebral palsy,"{'top': 24.0, 'left': 330.0, 'height': 443.15294117647056, 'width': 182.92941176470583}","{'height': 480, 'width': 854, 'mime_type': 'video/mp4'}",rWKYDfklSkE,https://www.youtube.com/watch?v=rWKYDfklSkE
cll8k49ga005n3o6lrg92111d,2361,front,,Abnormal Gait,cerebral palsy,"{'top': 24.0, 'left': 330.0, 'height': 443.08235294117645, 'width': 182.92352941176466}","{'height': 480, 'width': 854, 'mime_type': 'video/mp4'}",rWKYDfklSkE,https://www.youtube.com/watch?v=rWKYDfklSkE
cll8k49ga005n3o6lrg92111d,2362,front,,Abnormal Gait,cerebral palsy,"{'top': 24.0, 'left': 330.0, 'height': 443.01176470588234, 'width': 182.9176470588235}","{'height': 480, 'width': 854, 'mime_type': 'video/mp4'}",rWKYDfklSkE,https://www.youtube.com/watch?v=rWKYDfklSkE
cll8k49ga005n3o6lrg92111d,2363,front,,Abnormal Gait,cerebral palsy,"{'top': 24.0, 'left': 330.0, 'height': 442.94117647058823, 'width': 182.91176470588232}","{'height': 480, 'width': 854, 'mime_type': 'video/mp4'}",rWKYDfklSkE,https://www.youtube.com/watch?v=rWKYDfklSkE
cll8k49ga005n3o6lrg92111d,2364,front,,Abnormal Gait,cerebral palsy,"{'top': 24.0, 'left': 330.0, 'height': 442.8705882352941, 'width': 182.90588235294115}","{'height': 480, 'width': 854, 'mime_type': 'video/mp4'}",rWKYDfklSkE,https://www.youtube.com/watch?v=rWKYDfklSkE
cll8k49ga005n3o6lrg92111d,2365,front,,Abnormal Gait,cerebral palsy,"{'top': 24.0, 'left': 330.0, 'height': 442.8, 'width': 182.89999999999998}","{'height': 480, 'width': 854, 'mime_type': 'video/mp4'}",rWKYDfklSkE,https://www.youtube.com/watch?v=rWKYDfklSkE
cll8k49ga005n3o6lrg92111d,2366,front,,Abnormal Gait,cerebral palsy,"{'top': 24.0, 'left': 330.0, 'height': 442.7294117647059, 'width': 182.8941176470588}","{'height': 480, 'width': 854, 'mime_type': 'video/mp4'}",rWKYDfklSkE,https://www.youtube.com/watch?v=rWKYDfklSkE
cll8k49ga005n3o6lrg92111d,2367,front,,Abnormal Gait,cerebral palsy,"{'top': 24.0, 'left': 330.0, 'height': 442.6588235294118, 'width': 182.88823529411764}","{'height': 480, 'width': 854, 'mime_type': 'video/mp4'}",rWKYDfklSkE,https://www.youtube.com/watch?v=rWKYDfklSkE
cll8k49ga005n3o6lrg92111d,2368,front,,Abnormal Gait,cerebral palsy,"{'top': 24.0, 'left': 330.0, 'height': 442.5882352941176, 'width': 182.88235294117646}","{'height': 480, 'width': 854, 'mime_type': 'video/mp4'}",rWKYDfklSkE,https://www.youtube.com/watch?v=rWKYDfklSkE
cll8k49ga005n3o6lrg92111d,2369,front,,Abnormal Gait,cerebral palsy,"{'top': 24.0, 'left': 330.0, 'height': 442.5176470588235, 'width': 182.8764705882353}","{'height': 480, 'width': 854, 'mime_type': 'video/mp4'}",rWKYDfklSkE,https://www.youtube.com/watch?v=rWKYDfklSkE
cll8k49ga005n3o6lrg92111d,2370,front,,Abnormal Gait,cerebral palsy,"{'top': 24.0, 'left': 330.0, 'height': 442.4470588235294, 'width': 182.87058823529412}","{'height': 480, 'width': 854, 'mime_type': 'video/mp4'}",rWKYDfklSkE,https://www.youtube.com/watch?v=rWKYDfklSkE
cll8k49ga005n3o6lrg92111d,2371,front,,Abnormal Gait,cerebral palsy,"{'top': 24.0, 'left': 330.0, 'height': 442.3764705882353, 'width': 182.86470588235295}","{'height': 480, 'width': 854, 'mime_type': 'video/mp4'}",rWKYDfklSkE,https://www.youtube.com/watch?v=rWKYDfklSkE
cll8k49ga005n3o6lrg92111d,2372,front,,Abnormal Gait,cerebral palsy,"{'top': 24.0, 'left': 330.0, 'height': 442.3058823529412, 'width': 182.85882352941178}","{'height': 480, 'width': 854, 'mime_type': 'video/mp4'}",rWKYDfklSkE,https://www.youtube.com/watch?v=rWKYDfklSkE
cll8k49ga005n3o6lrg92111d,2373,front,,Abnormal Gait,cerebral palsy,"{'top': 24.0, 'left': 330.0, 'height': 442.2352941176471, 'width': 182.8529411764706}","{'height': 480, 'width': 854, 'mime_type': 'video/mp4'}",rWKYDfklSkE,https://www.youtube.com/watch?v=rWKYDfklSkE
cll8k49ga005n3o6lrg92111d,2374,front,,Abnormal Gait,cerebral palsy,"{'top': 24.0, 'left': 330.0, 'height': 442.16470588235296, 'width': 182.84705882352944}","{'height': 480, 'width': 854, 'mime_type': 'video/mp4'}",rWKYDfklSkE,https://www.youtube.com/watch?v=rWKYDfklSkE
cll8k49ga005n3o6lrg92111d,2375,front,,Abnormal Gait,cerebral palsy,"{'top': 24.0, 'left': 330.0, 'height': 442.09411764705885, 'width': 182.84117647058827}","{'height': 480, 'width': 854, 'mime_type': 'video/mp4'}",rWKYDfklSkE,https://www.youtube.com/watch?v=rWKYDfklSkE
cll8k49ga005n3o6lrg92111d,2376,front,,Abnormal Gait,cerebral palsy,"{'top': 24.0, 'left': 330.0, 'height': 442.0235294117647, 'width': 182.8352941176471}","{'height': 480, 'width': 854, 'mime_type': 'video/mp4'}",rWKYDfklSkE,https://www.youtube.com/watch?v=rWKYDfklSkE
cll8k49ga005n3o6lrg92111d,2377,front,,Abnormal Gait,cerebral palsy,"{'top': 24.0, 'left': 330.0, 'height': 441.9529411764706, 'width': 182.82941176470592}","{'height': 480, 'width': 854, 'mime_type': 'video/mp4'}",rWKYDfklSkE,https://www.youtube.com/watch?v=rWKYDfklSkE
cll8k49ga005n3o6lrg92111d,2378,front,,Abnormal Gait,cerebral palsy,"{'top': 24.0, 'left': 330.0, 'height': 441.88235294117646, 'width': 182.82352941176475}","{'height': 480, 'width': 854, 'mime_type': 'video/mp4'}",rWKYDfklSkE,https://www.youtube.com/watch?v=rWKYDfklSkE
cll8k49ga005n3o6lrg92111d,2379,front,,Abnormal Gait,cerebral palsy,"{'top': 24.0, 'left': 330.0, 'height': 441.81176470588235, 'width': 182.81764705882358}","{'height': 480, 'width': 854, 'mime_type': 'video/mp4'}",rWKYDfklSkE,https://www.youtube.com/watch?v=rWKYDfklSkE
cll8k49ga005n3o6lrg92111d,2380,front,,Abnormal Gait,cerebral palsy,"{'top': 24.0, 'left': 330.0, 'height': 441.74117647058824, 'width': 182.8117647058823}","{'height': 480, 'width': 854, 'mime_type': 'video/mp4'}",rWKYDfklSkE,https://www.youtube.com/watch?v=rWKYDfklSkE
cll8k49ga005n3o6lrg92111d,2381,front,,Abnormal Gait,cerebral palsy,"{'top': 24.0, 'left': 330.0, 'height': 441.67058823529413, 'width': 182.80588235294113}","{'height': 480, 'width': 854, 'mime_type': 'video/mp4'}",rWKYDfklSkE,https://www.youtube.com/watch?v=rWKYDfklSkE
cll8k49ga005n3o6lrg92111d,2382,front,,Abnormal Gait,cerebral palsy,"{'top': 24.0, 'left': 330.0, 'height': 441.6, 'width': 182.79999999999995}","{'height': 480, 'width': 854, 'mime_type': 'video/mp4'}",rWKYDfklSkE,https://www.youtube.com/watch?v=rWKYDfklSkE
cll8k49ga005n3o6lrg92111d,2383,front,,Abnormal Gait,cerebral palsy,"{'top': 24.0, 'left': 330.0, 'height': 441.52941176470586, 'width': 182.79411764705878}","{'height': 480, 'width': 854, 'mime_type': 'video/mp4'}",rWKYDfklSkE,https://www.youtube.com/watch?v=rWKYDfklSkE
cll8k49ga005n3o6lrg92111d,2384,front,,Abnormal Gait,cerebral palsy,"{'top': 24.0, 'left': 330.0, 'height': 441.45882352941175, 'width': 182.7882352941176}","{'height': 480, 'width': 854, 'mime_type': 'video/mp4'}",rWKYDfklSkE,https://www.youtube.com/watch?v=rWKYDfklSkE
cll8k49ga005n3o6lrg92111d,2385,front,,Abnormal Gait,cerebral palsy,"{'top': 24.0, 'left': 330.0, 'height': 441.38823529411764, 'width': 182.78235294117644}","{'height': 480, 'width': 854, 'mime_type': 'video/mp4'}",rWKYDfklSkE,https://www.youtube.com/watch?v=rWKYDfklSkE
cll8k49ga005n3o6lrg92111d,2386,front,,Abnormal Gait,cerebral palsy,"{'top': 24.0, 'left': 330.0, 'height': 441.3176470588235, 'width': 182.77647058823527}","{'height': 480, 'width': 854, 'mime_type': 'video/mp4'}",rWKYDfklSkE,https://www.youtube.com/watch?v=rWKYDfklSkE
cll8k49ga005n3o6lrg92111d,2387,front,,Abnormal Gait,cerebral palsy,"{'top': 24.0, 'left': 330.0, 'height': 441.2470588235294, 'width': 182.7705882352941}","{'height': 480, 'width': 854, 'mime_type': 'video/mp4'}",rWKYDfklSkE,https://www.youtube.com/watch?v=rWKYDfklSkE
cll8k49ga005n3o6lrg92111d,2388,front,,Abnormal Gait,cerebral palsy,"{'top': 24.0, 'left': 330.0, 'height': 441.1764705882353, 'width': 182.76470588235293}","{'height': 480, 'width': 854, 'mime_type': 'video/mp4'}",rWKYDfklSkE,https://www.youtube.com/watch?v=rWKYDfklSkE
cll8k49ga005n3o6lrg92111d,2389,front,,Abnormal Gait,cerebral palsy,"{'top': 24.0, 'left': 330.0, 'height': 441.1058823529412, 'width': 182.75882352941176}","{'height': 480, 'width': 854, 'mime_type': 'video/mp4'}",rWKYDfklSkE,https://www.youtube.com/watch?v=rWKYDfklSkE
cll8k49ga005n3o6lrg92111d,2390,front,,Abnormal Gait,cerebral palsy,"{'top': 24.0, 'left': 330.0, 'height': 441.0352941176471, 'width': 182.75294117647059}","{'height': 480, 'width': 854, 'mime_type': 'video/mp4'}",rWKYDfklSkE,https://www.youtube.com/watch?v=rWKYDfklSkE
cll8k49ga005n3o6lrg92111d,2391,front,,Abnormal Gait,cerebral palsy,"{'top': 24.0, 'left': 330.0, 'height': 440.9647058823529, 'width': 182.74705882352941}","{'height': 480, 'width': 854, 'mime_type': 'video/mp4'}",rWKYDfklSkE,https://www.youtube.com/watch?v=rWKYDfklSkE
cll8k49ga005n3o6lrg92111d,2392,front,,Abnormal Gait,cerebral palsy,"{'top': 24.0, 'left': 330.0, 'height': 440.8941176470588, 'width': 182.74117647058824}","{'height': 480, 'width': 854, 'mime_type': 'video/mp4'}",rWKYDfklSkE,https://www.youtube.com/watch?v=rWKYDfklSkE
cll8k49ga005n3o6lrg92111d,2393,front,,Abnormal Gait,cerebral palsy,"{'top': 24.0, 'left': 330.0, 'height': 440.8235294117647, 'width': 182.73529411764707}","{'height': 480, 'width': 854, 'mime_type': 'video/mp4'}",rWKYDfklSkE,https://www.youtube.com/watch?v=rWKYDfklSkE
cll8k49ga005n3o6lrg92111d,2394,front,,Abnormal Gait,cerebral palsy,"{'top': 24.0, 'left': 330.0, 'height': 440.7529411764706, 'width': 182.7294117647059}","{'height': 480, 'width': 854, 'mime_type': 'video/mp4'}",rWKYDfklSkE,https://www.youtube.com/watch?v=rWKYDfklSkE
cll8k49ga005n3o6lrg92111d,2395,front,,Abnormal Gait,cerebral palsy,"{'top': 24.0, 'left': 330.0, 'height': 440.6823529411765, 'width': 182.72352941176473}","{'height': 480, 'width': 854, 'mime_type': 'video/mp4'}",rWKYDfklSkE,https://www.youtube.com/watch?v=rWKYDfklSkE
cll8k49ga005n3o6lrg92111d,2396,front,,Abnormal Gait,cerebral palsy,"{'top': 24.0, 'left': 330.0, 'height': 440.61176470588236, 'width': 182.71764705882356}","{'height': 480, 'width': 854, 'mime_type': 'video/mp4'}",rWKYDfklSkE,https://www.youtube.com/watch?v=rWKYDfklSkE
cll8k49ga005n3o6lrg92111d,2397,front,,Abnormal Gait,cerebral palsy,"{'top': 24.0, 'left': 330.0, 'height': 440.54117647058825, 'width': 182.7117647058824}","{'height': 480, 'width': 854, 'mime_type': 'video/mp4'}",rWKYDfklSkE,https://www.youtube.com/watch?v=rWKYDfklSkE
cll8k49ga005n3o6lrg92111d,2398,front,,Abnormal Gait,cerebral palsy,"{'top': 24.0, 'left': 330.0, 'height': 440.47058823529414, 'width': 182.70588235294122}","{'height': 480, 'width': 854, 'mime_type': 'video/mp4'}",rWKYDfklSkE,https://www.youtube.com/watch?v=rWKYDfklSkE
cll8k49ga005n3o6lrg92111d,2399,front,,Abnormal Gait,cerebral palsy,"{'top': 24.0, 'left': 330.0, 'height': 440.4, 'width': 182.70000000000005}","{'height': 480, 'width': 854, 'mime_type': 'video/mp4'}",rWKYDfklSkE,https://www.youtube.com/watch?v=rWKYDfklSkE
cll8k49ga005n3o6lrg92111d,2400,front,,Abnormal Gait,cerebral palsy,"{'top': 24.0, 'left': 330.0, 'height': 440.32941176470587, 'width': 182.69411764705887}","{'height': 480, 'width': 854, 'mime_type': 'video/mp4'}",rWKYDfklSkE,https://www.youtube.com/watch?v=rWKYDfklSkE
cll8k49ga005n3o6lrg92111d,2401,front,,Abnormal Gait,cerebral palsy,"{'top': 24.0, 'left': 330.0, 'height': 440.25882352941176, 'width': 182.6882352941177}","{'height': 480, 'width': 854, 'mime_type': 'video/mp4'}",rWKYDfklSkE,https://www.youtube.com/watch?v=rWKYDfklSkE
cll8k49ga005n3o6lrg92111d,2402,front,,Abnormal Gait,cerebral palsy,"{'top': 24.0, 'left': 330.0, 'height': 440.18823529411765, 'width': 182.68235294117642}","{'height': 480, 'width': 854, 'mime_type': 'video/mp4'}",rWKYDfklSkE,https://www.youtube.com/watch?v=rWKYDfklSkE
cll8k49ga005n3o6lrg92111d,2403,front,,Abnormal Gait,cerebral palsy,"{'top': 24.0, 'left': 330.0, 'height': 440.11764705882354, 'width': 182.67647058823525}","{'height': 480, 'width': 854, 'mime_type': 'video/mp4'}",rWKYDfklSkE,https://www.youtube.com/watch?v=rWKYDfklSkE
cll8k49ga005n3o6lrg92111d,2404,front,,Abnormal Gait,cerebral palsy,"{'top': 24.0, 'left': 330.0, 'height': 440.0470588235294, 'width': 182.67058823529408}","{'height': 480, 'width': 854, 'mime_type': 'video/mp4'}",rWKYDfklSkE,https://www.youtube.com/watch?v=rWKYDfklSkE
cll8k49ga005n3o6lrg92111d,2405,front,,Abnormal Gait,cerebral palsy,"{'top': 24.0, 'left': 330.0, 'height': 439.9764705882353, 'width': 182.6647058823529}","{'height': 480, 'width': 854, 'mime_type': 'video/mp4'}",rWKYDfklSkE,https://www.youtube.com/watch?v=rWKYDfklSkE
cll8k49ga005n3o6lrg92111d,2406,front,,Abnormal Gait,cerebral palsy,"{'top': 24.0, 'left': 330.0, 'height': 439.90588235294115, 'width': 182.65882352941173}","{'height': 480, 'width': 854, 'mime_type': 'video/mp4'}",rWKYDfklSkE,https://www.youtube.com/watch?v=rWKYDfklSkE
cll8k49ga005n3o6lrg92111d,2407,front,,Abnormal Gait,cerebral palsy,"{'top': 24.0, 'left': 330.0, 'height': 439.83529411764704, 'width': 182.65294117647056}","{'height': 480, 'width': 854, 'mime_type': 'video/mp4'}",rWKYDfklSkE,https://www.youtube.com/watch?v=rWKYDfklSkE
cll8k49ga005n3o6lrg92111d,2408,front,,Abnormal Gait,cerebral palsy,"{'top': 24.0, 'left': 330.0, 'height': 439.7647058823529, 'width': 182.6470588235294}","{'height': 480, 'width': 854, 'mime_type': 'video/mp4'}",rWKYDfklSkE,https://www.youtube.com/watch?v=rWKYDfklSkE
cll8k49ga005n3o6lrg92111d,2409,front,,Abnormal Gait,cerebral palsy,"{'top': 24.0, 'left': 330.0, 'height': 439.6941176470588, 'width': 182.64117647058822}","{'height': 480, 'width': 854, 'mime_type': 'video/mp4'}",rWKYDfklSkE,https://www.youtube.com/watch?v=rWKYDfklSkE
cll8k49ga005n3o6lrg92111d,2410,front,,Abnormal Gait,cerebral palsy,"{'top': 24.0, 'left': 330.0, 'height': 439.6235294117647, 'width': 182.63529411764705}","{'height': 480, 'width': 854, 'mime_type': 'video/mp4'}",rWKYDfklSkE,https://www.youtube.com/watch?v=rWKYDfklSkE
cll8k49ga005n3o6lrg92111d,2411,front,,Abnormal Gait,cerebral palsy,"{'top': 24.0, 'left': 330.0, 'height': 439.5529411764706, 'width': 182.62941176470588}","{'height': 480, 'width': 854, 'mime_type': 'video/mp4'}",rWKYDfklSkE,https://www.youtube.com/watch?v=rWKYDfklSkE
cll8k49ga005n3o6lrg92111d,2412,front,,Abnormal Gait,cerebral palsy,"{'top': 24.0, 'left': 330.0, 'height': 439.4823529411765, 'width': 182.6235294117647}","{'height': 480, 'width': 854, 'mime_type': 'video/mp4'}",rWKYDfklSkE,https://www.youtube.com/watch?v=rWKYDfklSkE
cll8k49ga005n3o6lrg92111d,2413,front,,Abnormal Gait,cerebral palsy,"{'top': 24.0, 'left': 330.0, 'height': 439.4117647058824, 'width': 182.61764705882354}","{'height': 480, 'width': 854, 'mime_type': 'video/mp4'}",rWKYDfklSkE,https://www.youtube.com/watch?v=rWKYDfklSkE
cll8k49ga005n3o6lrg92111d,2414,front,,Abnormal Gait,cerebral palsy,"{'top': 24.0, 'left': 330.0, 'height': 439.3411764705882, 'width': 182.61176470588236}","{'height': 480, 'width': 854, 'mime_type': 'video/mp4'}",rWKYDfklSkE,https://www.youtube.com/watch?v=rWKYDfklSkE
cll8k49ga005n3o6lrg92111d,2415,front,,Abnormal Gait,cerebral palsy,"{'top': 24.0, 'left': 330.0, 'height': 439.2705882352941, 'width': 182.6058823529412}","{'height': 480, 'width': 854, 'mime_type': 'video/mp4'}",rWKYDfklSkE,https://www.youtube.com/watch?v=rWKYDfklSkE
cll8k49ga005n3o6lrg92111d,2416,front,,Abnormal Gait,cerebral palsy,"{'top': 24.0, 'left': 330.0, 'height': 439.2, 'width': 182.60000000000002}","{'height': 480, 'width': 854, 'mime_type': 'video/mp4'}",rWKYDfklSkE,https://www.youtube.com/watch?v=rWKYDfklSkE
cll8k49ga005n3o6lrg92111d,2417,front,,Abnormal Gait,cerebral palsy,"{'top': 24.0, 'left': 330.0, 'height': 439.1294117647059, 'width': 182.59411764705885}","{'height': 480, 'width': 854, 'mime_type': 'video/mp4'}",rWKYDfklSkE,https://www.youtube.com/watch?v=rWKYDfklSkE
cll8k49ga005n3o6lrg92111d,2418,front,,Abnormal Gait,cerebral palsy,"{'top': 24.0, 'left': 330.0, 'height': 439.05882352941177, 'width': 182.58823529411768}","{'height': 480, 'width': 854, 'mime_type': 'video/mp4'}",rWKYDfklSkE,https://www.youtube.com/watch?v=rWKYDfklSkE
cll8k49ga005n3o6lrg92111d,2419,front,,Abnormal Gait,cerebral palsy,"{'top': 24.0, 'left': 330.0, 'height': 438.98823529411766, 'width': 182.5823529411765}","{'height': 480, 'width': 854, 'mime_type': 'video/mp4'}",rWKYDfklSkE,https://www.youtube.com/watch?v=rWKYDfklSkE
cll8k49ga005n3o6lrg92111d,2420,front,,Abnormal Gait,cerebral palsy,"{'top': 24.0, 'left': 330.0, 'height': 438.91764705882355, 'width': 182.57647058823534}","{'height': 480, 'width': 854, 'mime_type': 'video/mp4'}",rWKYDfklSkE,https://www.youtube.com/watch?v=rWKYDfklSkE
cll8k49ga005n3o6lrg92111d,2421,front,,Abnormal Gait,cerebral palsy,"{'top': 24.0, 'left': 330.0, 'height': 438.84705882352944, 'width': 182.57058823529417}","{'height': 480, 'width': 854, 'mime_type': 'video/mp4'}",rWKYDfklSkE,https://www.youtube.com/watch?v=rWKYDfklSkE
cll8k49ga005n3o6lrg92111d,2422,front,,Abnormal Gait,cerebral palsy,"{'top': 24.0, 'left': 330.0, 'height': 438.77647058823527, 'width': 182.564705882353}","{'height': 480, 'width': 854, 'mime_type': 'video/mp4'}",rWKYDfklSkE,https://www.youtube.com/watch?v=rWKYDfklSkE
cll8k49ga005n3o6lrg92111d,2423,front,,Abnormal Gait,cerebral palsy,"{'top': 24.0, 'left': 330.0, 'height': 438.70588235294116, 'width': 182.5588235294117}","{'height': 480, 'width': 854, 'mime_type': 'video/mp4'}",rWKYDfklSkE,https://www.youtube.com/watch?v=rWKYDfklSkE
cll8k49ga005n3o6lrg92111d,2424,front,,Abnormal Gait,cerebral palsy,"{'top': 24.0, 'left': 330.0, 'height': 438.63529411764705, 'width': 182.55294117647054}","{'height': 480, 'width': 854, 'mime_type': 'video/mp4'}",rWKYDfklSkE,https://www.youtube.com/watch?v=rWKYDfklSkE
cll8k49ga005n3o6lrg92111d,2425,front,,Abnormal Gait,cerebral palsy,"{'top': 24.0, 'left': 330.0, 'height': 438.56470588235294, 'width': 182.54705882352937}","{'height': 480, 'width': 854, 'mime_type': 'video/mp4'}",rWKYDfklSkE,https://www.youtube.com/watch?v=rWKYDfklSkE
cll8k49ga005n3o6lrg92111d,2426,front,,Abnormal Gait,cerebral palsy,"{'top': 24.0, 'left': 330.0, 'height': 438.49411764705883, 'width': 182.5411764705882}","{'height': 480, 'width': 854, 'mime_type': 'video/mp4'}",rWKYDfklSkE,https://www.youtube.com/watch?v=rWKYDfklSkE
cll8k49ga005n3o6lrg92111d,2427,front,,Abnormal Gait,cerebral palsy,"{'top': 24.0, 'left': 330.0, 'height': 438.4235294117647, 'width': 182.53529411764703}","{'height': 480, 'width': 854, 'mime_type': 'video/mp4'}",rWKYDfklSkE,https://www.youtube.com/watch?v=rWKYDfklSkE
cll8k49ga005n3o6lrg92111d,2428,front,,Abnormal Gait,cerebral palsy,"{'top': 24.0, 'left': 330.0, 'height': 438.3529411764706, 'width': 182.52941176470586}","{'height': 480, 'width': 854, 'mime_type': 'video/mp4'}",rWKYDfklSkE,https://www.youtube.com/watch?v=rWKYDfklSkE
cll8k49ga005n3o6lrg92111d,2429,front,,Abnormal Gait,cerebral palsy,"{'top': 24.0, 'left': 330.0, 'height': 438.2823529411765, 'width': 182.52352941176468}","{'height': 480, 'width': 854, 'mime_type': 'video/mp4'}",rWKYDfklSkE,https://www.youtube.com/watch?v=rWKYDfklSkE
cll8k49ga005n3o6lrg92111d,2430,front,,Abnormal Gait,cerebral palsy,"{'top': 24.0, 'left': 330.0, 'height': 438.21176470588233, 'width': 182.5176470588235}","{'height': 480, 'width': 854, 'mime_type': 'video/mp4'}",rWKYDfklSkE,https://www.youtube.com/watch?v=rWKYDfklSkE
cll8k49ga005n3o6lrg92111d,2431,front,,Abnormal Gait,cerebral palsy,"{'top': 24.0, 'left': 330.0, 'height': 438.1411764705882, 'width': 182.51176470588234}","{'height': 480, 'width': 854, 'mime_type': 'video/mp4'}",rWKYDfklSkE,https://www.youtube.com/watch?v=rWKYDfklSkE
cll8k49ga005n3o6lrg92111d,2432,front,,Abnormal Gait,cerebral palsy,"{'top': 24.0, 'left': 330.0, 'height': 438.0705882352941, 'width': 182.50588235294117}","{'height': 480, 'width': 854, 'mime_type': 'video/mp4'}",rWKYDfklSkE,https://www.youtube.com/watch?v=rWKYDfklSkE
cll8k49ga005n3o6lrg92111d,2433,front,,Abnormal Gait,cerebral palsy,"{'top': 24.0, 'left': 330.0, 'height': 438.0, 'width': 182.5}","{'height': 480, 'width': 854, 'mime_type': 'video/mp4'}",rWKYDfklSkE,https://www.youtube.com/watch?v=rWKYDfklSkE
cll8k49ga005n3o6lrg92111d,2434,front,,Abnormal Gait,cerebral palsy,"{'top': 24.0, 'left': 330.0, 'height': 437.9294117647059, 'width': 182.49411764705883}","{'height': 480, 'width': 854, 'mime_type': 'video/mp4'}",rWKYDfklSkE,https://www.youtube.com/watch?v=rWKYDfklSkE
cll8k49ga005n3o6lrg92111d,2435,front,,Abnormal Gait,cerebral palsy,"{'top': 24.0, 'left': 330.0, 'height': 437.8588235294118, 'width': 182.48823529411766}","{'height': 480, 'width': 854, 'mime_type': 'video/mp4'}",rWKYDfklSkE,https://www.youtube.com/watch?v=rWKYDfklSkE
cll8k49ga005n3o6lrg92111d,2436,front,,Abnormal Gait,cerebral palsy,"{'top': 24.0, 'left': 330.0, 'height': 437.78823529411767, 'width': 182.4823529411765}","{'height': 480, 'width': 854, 'mime_type': 'video/mp4'}",rWKYDfklSkE,https://www.youtube.com/watch?v=rWKYDfklSkE
cll8k49ga005n3o6lrg92111d,2437,front,,Abnormal Gait,cerebral palsy,"{'top': 24.0, 'left': 330.0, 'height': 437.7176470588235, 'width': 182.47647058823532}","{'height': 480, 'width': 854, 'mime_type': 'video/mp4'}",rWKYDfklSkE,https://www.youtube.com/watch?v=rWKYDfklSkE
cll8k49ga005n3o6lrg92111d,2438,front,,Abnormal Gait,cerebral palsy,"{'top': 24.0, 'left': 330.0, 'height': 437.6470588235294, 'width': 182.47058823529414}","{'height': 480, 'width': 854, 'mime_type': 'video/mp4'}",rWKYDfklSkE,https://www.youtube.com/watch?v=rWKYDfklSkE
cll8k49ga005n3o6lrg92111d,2439,front,,Abnormal Gait,cerebral palsy,"{'top': 24.0, 'left': 330.0, 'height': 437.5764705882353, 'width': 182.46470588235297}","{'height': 480, 'width': 854, 'mime_type': 'video/mp4'}",rWKYDfklSkE,https://www.youtube.com/watch?v=rWKYDfklSkE
cll8k49ga005n3o6lrg92111d,2440,front,,Abnormal Gait,cerebral palsy,"{'top': 24.0, 'left': 330.0, 'height': 437.50588235294117, 'width': 182.4588235294118}","{'height': 480, 'width': 854, 'mime_type': 'video/mp4'}",rWKYDfklSkE,https://www.youtube.com/watch?v=rWKYDfklSkE
cll8k49ga005n3o6lrg92111d,2441,front,,Abnormal Gait,cerebral palsy,"{'top': 24.0, 'left': 330.0, 'height': 437.43529411764706, 'width': 182.45294117647063}","{'height': 480, 'width': 854, 'mime_type': 'video/mp4'}",rWKYDfklSkE,https://www.youtube.com/watch?v=rWKYDfklSkE
cll8k49ga005n3o6lrg92111d,2442,front,,Abnormal Gait,cerebral palsy,"{'top': 24.0, 'left': 330.0, 'height': 437.36470588235295, 'width': 182.44705882352946}","{'height': 480, 'width': 854, 'mime_type': 'video/mp4'}",rWKYDfklSkE,https://www.youtube.com/watch?v=rWKYDfklSkE
cll8k49ga005n3o6lrg92111d,2443,front,,Abnormal Gait,cerebral palsy,"{'top': 24.0, 'left': 330.0, 'height': 437.29411764705884, 'width': 182.4411764705883}","{'height': 480, 'width': 854, 'mime_type': 'video/mp4'}",rWKYDfklSkE,https://www.youtube.com/watch?v=rWKYDfklSkE
cll8k49ga005n3o6lrg92111d,2444,front,,Abnormal Gait,cerebral palsy,"{'top': 24.0, 'left': 330.0, 'height': 437.22352941176473, 'width': 182.435294117647}","{'height': 480, 'width': 854, 'mime_type': 'video/mp4'}",rWKYDfklSkE,https://www.youtube.com/watch?v=rWKYDfklSkE
cll8k49ga005n3o6lrg92111d,2445,front,,Abnormal Gait,cerebral palsy,"{'top': 24.0, 'left': 330.0, 'height': 437.15294117647056, 'width': 182.42941176470583}","{'height': 480, 'width': 854, 'mime_type': 'video/mp4'}",rWKYDfklSkE,https://www.youtube.com/watch?v=rWKYDfklSkE
cll8k49ga005n3o6lrg92111d,2446,front,,Abnormal Gait,cerebral palsy,"{'top': 24.0, 'left': 330.0, 'height': 437.08235294117645, 'width': 182.42352941176466}","{'height': 480, 'width': 854, 'mime_type': 'video/mp4'}",rWKYDfklSkE,https://www.youtube.com/watch?v=rWKYDfklSkE
cll8k49ga005n3o6lrg92111d,2447,front,,Abnormal Gait,cerebral palsy,"{'top': 24.0, 'left': 330.0, 'height': 437.01176470588234, 'width': 182.4176470588235}","{'height': 480, 'width': 854, 'mime_type': 'video/mp4'}",rWKYDfklSkE,https://www.youtube.com/watch?v=rWKYDfklSkE
cll8k49ga005n3o6lrg92111d,2448,front,,Abnormal Gait,cerebral palsy,"{'top': 24.0, 'left': 330.0, 'height': 436.94117647058823, 'width': 182.41176470588232}","{'height': 480, 'width': 854, 'mime_type': 'video/mp4'}",rWKYDfklSkE,https://www.youtube.com/watch?v=rWKYDfklSkE
cll8k49ga005n3o6lrg92111d,2449,front,,Abnormal Gait,cerebral palsy,"{'top': 24.0, 'left': 330.0, 'height': 436.8705882352941, 'width': 182.40588235294115}","{'height': 480, 'width': 854, 'mime_type': 'video/mp4'}",rWKYDfklSkE,https://www.youtube.com/watch?v=rWKYDfklSkE
cll8k49ga005n3o6lrg92111d,2450,front,,Abnormal Gait,cerebral palsy,"{'top': 24.0, 'left': 330.0, 'height': 436.8, 'width': 182.39999999999998}","{'height': 480, 'width': 854, 'mime_type': 'video/mp4'}",rWKYDfklSkE,https://www.youtube.com/watch?v=rWKYDfklSkE
cll8k49ga005n3o6lrg92111d,2451,front,,Abnormal Gait,cerebral palsy,"{'top': 24.0, 'left': 330.0, 'height': 436.7294117647059, 'width': 182.3941176470588}","{'height': 480, 'width': 854, 'mime_type': 'video/mp4'}",rWKYDfklSkE,https://www.youtube.com/watch?v=rWKYDfklSkE
cll8k49ga005n3o6lrg92111d,2452,front,,Abnormal Gait,cerebral palsy,"{'top': 24.0, 'left': 330.0, 'height': 436.6588235294118, 'width': 182.38823529411764}","{'height': 480, 'width': 854, 'mime_type': 'video/mp4'}",rWKYDfklSkE,https://www.youtube.com/watch?v=rWKYDfklSkE
cll8k49ga005n3o6lrg92111d,2453,front,,Abnormal Gait,cerebral palsy,"{'top': 24.0, 'left': 330.0, 'height': 436.5882352941176, 'width': 182.38235294117646}","{'height': 480, 'width': 854, 'mime_type': 'video/mp4'}",rWKYDfklSkE,https://www.youtube.com/watch?v=rWKYDfklSkE
cll8k49ga005n3o6lrg92111d,2454,front,,Abnormal Gait,cerebral palsy,"{'top': 24.0, 'left': 330.0, 'height': 436.5176470588235, 'width': 182.3764705882353}","{'height': 480, 'width': 854, 'mime_type': 'video/mp4'}",rWKYDfklSkE,https://www.youtube.com/watch?v=rWKYDfklSkE
cll8k49ga005n3o6lrg92111d,2455,front,,Abnormal Gait,cerebral palsy,"{'top': 24.0, 'left': 330.0, 'height': 436.4470588235294, 'width': 182.37058823529412}","{'height': 480, 'width': 854, 'mime_type': 'video/mp4'}",rWKYDfklSkE,https://www.youtube.com/watch?v=rWKYDfklSkE
cll8k49ga005n3o6lrg92111d,2456,front,,Abnormal Gait,cerebral palsy,"{'top': 24.0, 'left': 330.0, 'height': 436.3764705882353, 'width': 182.36470588235295}","{'height': 480, 'width': 854, 'mime_type': 'video/mp4'}",rWKYDfklSkE,https://www.youtube.com/watch?v=rWKYDfklSkE
cll8k49ga005n3o6lrg92111d,2457,front,,Abnormal Gait,cerebral palsy,"{'top': 24.0, 'left': 330.0, 'height': 436.3058823529412, 'width': 182.35882352941178}","{'height': 480, 'width': 854, 'mime_type': 'video/mp4'}",rWKYDfklSkE,https://www.youtube.com/watch?v=rWKYDfklSkE
cll8k49ga005n3o6lrg92111d,2458,front,,Abnormal Gait,cerebral palsy,"{'top': 24.0, 'left': 330.0, 'height': 436.2352941176471, 'width': 182.3529411764706}","{'height': 480, 'width': 854, 'mime_type': 'video/mp4'}",rWKYDfklSkE,https://www.youtube.com/watch?v=rWKYDfklSkE
cll8k49ga005n3o6lrg92111d,2459,front,,Abnormal Gait,cerebral palsy,"{'top': 24.0, 'left': 330.0, 'height': 436.16470588235296, 'width': 182.34705882352944}","{'height': 480, 'width': 854, 'mime_type': 'video/mp4'}",rWKYDfklSkE,https://www.youtube.com/watch?v=rWKYDfklSkE
cll8k49ga005n3o6lrg92111d,2460,front,,Abnormal Gait,cerebral palsy,"{'top': 24.0, 'left': 330.0, 'height': 436.09411764705885, 'width': 182.34117647058827}","{'height': 480, 'width': 854, 'mime_type': 'video/mp4'}",rWKYDfklSkE,https://www.youtube.com/watch?v=rWKYDfklSkE
cll8k49ga005n3o6lrg92111d,2461,front,,Abnormal Gait,cerebral palsy,"{'top': 24.0, 'left': 330.0, 'height': 436.0235294117647, 'width': 182.3352941176471}","{'height': 480, 'width': 854, 'mime_type': 'video/mp4'}",rWKYDfklSkE,https://www.youtube.com/watch?v=rWKYDfklSkE
cll8k49ga005n3o6lrg92111d,2462,front,,Abnormal Gait,cerebral palsy,"{'top': 24.0, 'left': 330.0, 'height': 435.9529411764706, 'width': 182.32941176470592}","{'height': 480, 'width': 854, 'mime_type': 'video/mp4'}",rWKYDfklSkE,https://www.youtube.com/watch?v=rWKYDfklSkE
cll8k49ga005n3o6lrg92111d,2463,front,,Abnormal Gait,cerebral palsy,"{'top': 24.0, 'left': 330.0, 'height': 435.88235294117646, 'width': 182.32352941176475}","{'height': 480, 'width': 854, 'mime_type': 'video/mp4'}",rWKYDfklSkE,https://www.youtube.com/watch?v=rWKYDfklSkE
cll8k49ga005n3o6lrg92111d,2464,front,,Abnormal Gait,cerebral palsy,"{'top': 24.0, 'left': 330.0, 'height': 435.81176470588235, 'width': 182.31764705882358}","{'height': 480, 'width': 854, 'mime_type': 'video/mp4'}",rWKYDfklSkE,https://www.youtube.com/watch?v=rWKYDfklSkE
cll8k49ga005n3o6lrg92111d,2465,front,,Abnormal Gait,cerebral palsy,"{'top': 24.0, 'left': 330.0, 'height': 435.74117647058824, 'width': 182.3117647058823}","{'height': 480, 'width': 854, 'mime_type': 'video/mp4'}",rWKYDfklSkE,https://www.youtube.com/watch?v=rWKYDfklSkE
cll8k49ga005n3o6lrg92111d,2466,front,,Abnormal Gait,cerebral palsy,"{'top': 24.0, 'left': 330.0, 'height': 435.67058823529413, 'width': 182.30588235294113}","{'height': 480, 'width': 854, 'mime_type': 'video/mp4'}",rWKYDfklSkE,https://www.youtube.com/watch?v=rWKYDfklSkE
cll8k49ga005n3o6lrg92111d,2467,front,,Abnormal Gait,cerebral palsy,"{'top': 24.0, 'left': 330.0, 'height': 435.6, 'width': 182.29999999999995}","{'height': 480, 'width': 854, 'mime_type': 'video/mp4'}",rWKYDfklSkE,https://www.youtube.com/watch?v=rWKYDfklSkE
cll8k49ga005n3o6lrg92111d,2468,front,,Abnormal Gait,cerebral palsy,"{'top': 24.0, 'left': 330.0, 'height': 435.52941176470586, 'width': 182.29411764705878}","{'height': 480, 'width': 854, 'mime_type': 'video/mp4'}",rWKYDfklSkE,https://www.youtube.com/watch?v=rWKYDfklSkE
cll8k49ga005n3o6lrg92111d,2469,front,,Abnormal Gait,cerebral palsy,"{'top': 24.0, 'left': 330.0, 'height': 435.45882352941175, 'width': 182.2882352941176}","{'height': 480, 'width': 854, 'mime_type': 'video/mp4'}",rWKYDfklSkE,https://www.youtube.com/watch?v=rWKYDfklSkE
cll8k49ga005n3o6lrg92111d,2470,front,,Abnormal Gait,cerebral palsy,"{'top': 24.0, 'left': 330.0, 'height': 435.38823529411764, 'width': 182.28235294117644}","{'height': 480, 'width': 854, 'mime_type': 'video/mp4'}",rWKYDfklSkE,https://www.youtube.com/watch?v=rWKYDfklSkE
cll8k49ga005n3o6lrg92111d,2471,front,,Abnormal Gait,cerebral palsy,"{'top': 24.0, 'left': 330.0, 'height': 435.3176470588235, 'width': 182.27647058823527}","{'height': 480, 'width': 854, 'mime_type': 'video/mp4'}",rWKYDfklSkE,https://www.youtube.com/watch?v=rWKYDfklSkE
cll8k49ga005n3o6lrg92111d,2472,front,,Abnormal Gait,cerebral palsy,"{'top': 24.0, 'left': 330.0, 'height': 435.2470588235294, 'width': 182.2705882352941}","{'height': 480, 'width': 854, 'mime_type': 'video/mp4'}",rWKYDfklSkE,https://www.youtube.com/watch?v=rWKYDfklSkE
cll8k49ga005n3o6lrg92111d,2473,front,,Abnormal Gait,cerebral palsy,"{'top': 24.0, 'left': 330.0, 'height': 435.1764705882353, 'width': 182.26470588235293}","{'height': 480, 'width': 854, 'mime_type': 'video/mp4'}",rWKYDfklSkE,https://www.youtube.com/watch?v=rWKYDfklSkE
cll8k49ga005n3o6lrg92111d,2474,front,,Abnormal Gait,cerebral palsy,"{'top': 24.0, 'left': 330.0, 'height': 435.1058823529412, 'width': 182.25882352941176}","{'height': 480, 'width': 854, 'mime_type': 'video/mp4'}",rWKYDfklSkE,https://www.youtube.com/watch?v=rWKYDfklSkE
cll8k49ga005n3o6lrg92111d,2475,front,,Abnormal Gait,cerebral palsy,"{'top': 24.0, 'left': 330.0, 'height': 435.0352941176471, 'width': 182.25294117647059}","{'height': 480, 'width': 854, 'mime_type': 'video/mp4'}",rWKYDfklSkE,https://www.youtube.com/watch?v=rWKYDfklSkE
cll8k49ga005n3o6lrg92111d,2476,front,,Abnormal Gait,cerebral palsy,"{'top': 24.0, 'left': 330.0, 'height': 434.9647058823529, 'width': 182.24705882352941}","{'height': 480, 'width': 854, 'mime_type': 'video/mp4'}",rWKYDfklSkE,https://www.youtube.com/watch?v=rWKYDfklSkE
cll8k49ga005n3o6lrg92111d,2477,front,,Abnormal Gait,cerebral palsy,"{'top': 24.0, 'left': 330.0, 'height': 434.8941176470588, 'width': 182.24117647058824}","{'height': 480, 'width': 854, 'mime_type': 'video/mp4'}",rWKYDfklSkE,https://www.youtube.com/watch?v=rWKYDfklSkE
cll8k49ga005n3o6lrg92111d,2478,front,,Abnormal Gait,cerebral palsy,"{'top': 24.0, 'left': 330.0, 'height': 434.8235294117647, 'width': 182.23529411764707}","{'height': 480, 'width': 854, 'mime_type': 'video/mp4'}",rWKYDfklSkE,https://www.youtube.com/watch?v=rWKYDfklSkE
cll8k49ga005n3o6lrg92111d,2479,front,,Abnormal Gait,cerebral palsy,"{'top': 24.0, 'left': 330.0, 'height': 434.7529411764706, 'width': 182.2294117647059}","{'height': 480, 'width': 854, 'mime_type': 'video/mp4'}",rWKYDfklSkE,https://www.youtube.com/watch?v=rWKYDfklSkE
cll8k49ga005n3o6lrg92111d,2480,front,,Abnormal Gait,cerebral palsy,"{'top': 24.0, 'left': 330.0, 'height': 434.6823529411765, 'width': 182.22352941176473}","{'height': 480, 'width': 854, 'mime_type': 'video/mp4'}",rWKYDfklSkE,https://www.youtube.com/watch?v=rWKYDfklSkE
cll8k49ga005n3o6lrg92111d,2481,front,,Abnormal Gait,cerebral palsy,"{'top': 24.0, 'left': 330.0, 'height': 434.61176470588236, 'width': 182.21764705882356}","{'height': 480, 'width': 854, 'mime_type': 'video/mp4'}",rWKYDfklSkE,https://www.youtube.com/watch?v=rWKYDfklSkE
cll8k49ga005n3o6lrg92111d,2482,front,,Abnormal Gait,cerebral palsy,"{'top': 24.0, 'left': 330.0, 'height': 434.54117647058825, 'width': 182.2117647058824}","{'height': 480, 'width': 854, 'mime_type': 'video/mp4'}",rWKYDfklSkE,https://www.youtube.com/watch?v=rWKYDfklSkE
cll8k49ga005n3o6lrg92111d,2483,front,,Abnormal Gait,cerebral palsy,"{'top': 24.0, 'left': 330.0, 'height': 434.47058823529414, 'width': 182.20588235294122}","{'height': 480, 'width': 854, 'mime_type': 'video/mp4'}",rWKYDfklSkE,https://www.youtube.com/watch?v=rWKYDfklSkE
cll8k49ga005n3o6lrg92111d,2484,front,,Abnormal Gait,cerebral palsy,"{'top': 24.0, 'left': 330.0, 'height': 434.4, 'width': 182.20000000000005}","{'height': 480, 'width': 854, 'mime_type': 'video/mp4'}",rWKYDfklSkE,https://www.youtube.com/watch?v=rWKYDfklSkE
cll8k49ga005n3o6lrg92111d,2485,front,,Abnormal Gait,cerebral palsy,"{'top': 24.0, 'left': 330.0, 'height': 434.32941176470587, 'width': 182.19411764705887}","{'height': 480, 'width': 854, 'mime_type': 'video/mp4'}",rWKYDfklSkE,https://www.youtube.com/watch?v=rWKYDfklSkE
cll8k49ga005n3o6lrg92111d,2486,front,,Abnormal Gait,cerebral palsy,"{'top': 24.0, 'left': 330.0, 'height': 434.25882352941176, 'width': 182.1882352941177}","{'height': 480, 'width': 854, 'mime_type': 'video/mp4'}",rWKYDfklSkE,https://www.youtube.com/watch?v=rWKYDfklSkE
cll8k49ga005n3o6lrg92111d,2487,front,,Abnormal Gait,cerebral palsy,"{'top': 24.0, 'left': 330.0, 'height': 434.18823529411765, 'width': 182.18235294117642}","{'height': 480, 'width': 854, 'mime_type': 'video/mp4'}",rWKYDfklSkE,https://www.youtube.com/watch?v=rWKYDfklSkE
cll8k49ga005n3o6lrg92111d,2488,front,,Abnormal Gait,cerebral palsy,"{'top': 24.0, 'left': 330.0, 'height': 434.11764705882354, 'width': 182.17647058823525}","{'height': 480, 'width': 854, 'mime_type': 'video/mp4'}",rWKYDfklSkE,https://www.youtube.com/watch?v=rWKYDfklSkE
cll8k49ga005n3o6lrg92111d,2489,front,,Abnormal Gait,cerebral palsy,"{'top': 24.0, 'left': 330.0, 'height': 434.0470588235294, 'width': 182.17058823529408}","{'height': 480, 'width': 854, 'mime_type': 'video/mp4'}",rWKYDfklSkE,https://www.youtube.com/watch?v=rWKYDfklSkE
cll8k49ga005n3o6lrg92111d,2490,front,,Abnormal Gait,cerebral palsy,"{'top': 24.0, 'left': 330.0, 'height': 433.9764705882353, 'width': 182.1647058823529}","{'height': 480, 'width': 854, 'mime_type': 'video/mp4'}",rWKYDfklSkE,https://www.youtube.com/watch?v=rWKYDfklSkE
cll8k49ga005n3o6lrg92111d,2491,front,,Abnormal Gait,cerebral palsy,"{'top': 24.0, 'left': 330.0, 'height': 433.90588235294115, 'width': 182.15882352941173}","{'height': 480, 'width': 854, 'mime_type': 'video/mp4'}",rWKYDfklSkE,https://www.youtube.com/watch?v=rWKYDfklSkE
cll8k49ga005n3o6lrg92111d,2492,front,,Abnormal Gait,cerebral palsy,"{'top': 24.0, 'left': 330.0, 'height': 433.83529411764704, 'width': 182.15294117647056}","{'height': 480, 'width': 854, 'mime_type': 'video/mp4'}",rWKYDfklSkE,https://www.youtube.com/watch?v=rWKYDfklSkE
cll8k49ga005n3o6lrg92111d,2493,front,,Abnormal Gait,cerebral palsy,"{'top': 24.0, 'left': 330.0, 'height': 433.7647058823529, 'width': 182.1470588235294}","{'height': 480, 'width': 854, 'mime_type': 'video/mp4'}",rWKYDfklSkE,https://www.youtube.com/watch?v=rWKYDfklSkE
cll8k49ga005n3o6lrg92111d,2494,front,,Abnormal Gait,cerebral palsy,"{'top': 24.0, 'left': 330.0, 'height': 433.6941176470588, 'width': 182.14117647058822}","{'height': 480, 'width': 854, 'mime_type': 'video/mp4'}",rWKYDfklSkE,https://www.youtube.com/watch?v=rWKYDfklSkE
cll8k49ga005n3o6lrg92111d,2495,front,,Abnormal Gait,cerebral palsy,"{'top': 24.0, 'left': 330.0, 'height': 433.6235294117647, 'width': 182.13529411764705}","{'height': 480, 'width': 854, 'mime_type': 'video/mp4'}",rWKYDfklSkE,https://www.youtube.com/watch?v=rWKYDfklSkE
cll8k49ga005n3o6lrg92111d,2496,front,,Abnormal Gait,cerebral palsy,"{'top': 24.0, 'left': 330.0, 'height': 433.5529411764706, 'width': 182.12941176470588}","{'height': 480, 'width': 854, 'mime_type': 'video/mp4'}",rWKYDfklSkE,https://www.youtube.com/watch?v=rWKYDfklSkE
cll8k49ga005n3o6lrg92111d,2497,front,,Abnormal Gait,cerebral palsy,"{'top': 24.0, 'left': 330.0, 'height': 433.4823529411765, 'width': 182.1235294117647}","{'height': 480, 'width': 854, 'mime_type': 'video/mp4'}",rWKYDfklSkE,https://www.youtube.com/watch?v=rWKYDfklSkE
cll8k49ga005n3o6lrg92111d,2498,front,,Abnormal Gait,cerebral palsy,"{'top': 24.0, 'left': 330.0, 'height': 433.4117647058824, 'width': 182.11764705882354}","{'height': 480, 'width': 854, 'mime_type': 'video/mp4'}",rWKYDfklSkE,https://www.youtube.com/watch?v=rWKYDfklSkE
cll8k49ga005n3o6lrg92111d,2499,front,,Abnormal Gait,cerebral palsy,"{'top': 24.0, 'left': 330.0, 'height': 433.3411764705882, 'width': 182.11176470588236}","{'height': 480, 'width': 854, 'mime_type': 'video/mp4'}",rWKYDfklSkE,https://www.youtube.com/watch?v=rWKYDfklSkE
cll8k49ga005n3o6lrg92111d,2500,front,,Abnormal Gait,cerebral palsy,"{'top': 24.0, 'left': 330.0, 'height': 433.2705882352941, 'width': 182.1058823529412}","{'height': 480, 'width': 854, 'mime_type': 'video/mp4'}",rWKYDfklSkE,https://www.youtube.com/watch?v=rWKYDfklSkE
cll8k49ga005n3o6lrg92111d,2501,front,,Abnormal Gait,cerebral palsy,"{'top': 24.0, 'left': 330.0, 'height': 433.2, 'width': 182.10000000000002}","{'height': 480, 'width': 854, 'mime_type': 'video/mp4'}",rWKYDfklSkE,https://www.youtube.com/watch?v=rWKYDfklSkE
cll8k49ga005n3o6lrg92111d,2502,front,,Abnormal Gait,cerebral palsy,"{'top': 24.0, 'left': 330.0, 'height': 433.1294117647059, 'width': 182.09411764705885}","{'height': 480, 'width': 854, 'mime_type': 'video/mp4'}",rWKYDfklSkE,https://www.youtube.com/watch?v=rWKYDfklSkE
cll8k49ga005n3o6lrg92111d,2503,front,,Abnormal Gait,cerebral palsy,"{'top': 24.0, 'left': 330.0, 'height': 433.05882352941177, 'width': 182.08823529411768}","{'height': 480, 'width': 854, 'mime_type': 'video/mp4'}",rWKYDfklSkE,https://www.youtube.com/watch?v=rWKYDfklSkE
cll8k49ga005n3o6lrg92111d,2504,front,,Abnormal Gait,cerebral palsy,"{'top': 24.0, 'left': 330.0, 'height': 432.98823529411766, 'width': 182.0823529411765}","{'height': 480, 'width': 854, 'mime_type': 'video/mp4'}",rWKYDfklSkE,https://www.youtube.com/watch?v=rWKYDfklSkE
cll8k49ga005n3o6lrg92111d,2505,front,,Abnormal Gait,cerebral palsy,"{'top': 24.0, 'left': 330.0, 'height': 432.91764705882355, 'width': 182.07647058823534}","{'height': 480, 'width': 854, 'mime_type': 'video/mp4'}",rWKYDfklSkE,https://www.youtube.com/watch?v=rWKYDfklSkE
cll8k49ga005n3o6lrg92111d,2506,front,,Abnormal Gait,cerebral palsy,"{'top': 24.0, 'left': 330.0, 'height': 432.84705882352944, 'width': 182.07058823529417}","{'height': 480, 'width': 854, 'mime_type': 'video/mp4'}",rWKYDfklSkE,https://www.youtube.com/watch?v=rWKYDfklSkE
cll8k49ga005n3o6lrg92111d,2507,front,,Abnormal Gait,cerebral palsy,"{'top': 24.0, 'left': 330.0, 'height': 432.77647058823527, 'width': 182.064705882353}","{'height': 480, 'width': 854, 'mime_type': 'video/mp4'}",rWKYDfklSkE,https://www.youtube.com/watch?v=rWKYDfklSkE
cll8k49ga005n3o6lrg92111d,2508,front,,Abnormal Gait,cerebral palsy,"{'top': 24.0, 'left': 330.0, 'height': 432.70588235294116, 'width': 182.0588235294117}","{'height': 480, 'width': 854, 'mime_type': 'video/mp4'}",rWKYDfklSkE,https://www.youtube.com/watch?v=rWKYDfklSkE
cll8k49ga005n3o6lrg92111d,2509,front,,Abnormal Gait,cerebral palsy,"{'top': 24.0, 'left': 330.0, 'height': 432.63529411764705, 'width': 182.05294117647054}","{'height': 480, 'width': 854, 'mime_type': 'video/mp4'}",rWKYDfklSkE,https://www.youtube.com/watch?v=rWKYDfklSkE
cll8k49ga005n3o6lrg92111d,2510,front,,Abnormal Gait,cerebral palsy,"{'top': 24.0, 'left': 330.0, 'height': 432.56470588235294, 'width': 182.04705882352937}","{'height': 480, 'width': 854, 'mime_type': 'video/mp4'}",rWKYDfklSkE,https://www.youtube.com/watch?v=rWKYDfklSkE
cll8k49ga005n3o6lrg92111d,2511,front,,Abnormal Gait,cerebral palsy,"{'top': 24.0, 'left': 330.0, 'height': 432.49411764705883, 'width': 182.0411764705882}","{'height': 480, 'width': 854, 'mime_type': 'video/mp4'}",rWKYDfklSkE,https://www.youtube.com/watch?v=rWKYDfklSkE
cll8k49ga005n3o6lrg92111d,2512,front,,Abnormal Gait,cerebral palsy,"{'top': 24.0, 'left': 330.0, 'height': 432.4235294117647, 'width': 182.03529411764703}","{'height': 480, 'width': 854, 'mime_type': 'video/mp4'}",rWKYDfklSkE,https://www.youtube.com/watch?v=rWKYDfklSkE
cll8k49ga005n3o6lrg92111d,2513,front,,Abnormal Gait,cerebral palsy,"{'top': 24.0, 'left': 330.0, 'height': 432.3529411764706, 'width': 182.02941176470586}","{'height': 480, 'width': 854, 'mime_type': 'video/mp4'}",rWKYDfklSkE,https://www.youtube.com/watch?v=rWKYDfklSkE
cll8k49ga005n3o6lrg92111d,2514,front,,Abnormal Gait,cerebral palsy,"{'top': 24.0, 'left': 330.0, 'height': 432.2823529411765, 'width': 182.02352941176468}","{'height': 480, 'width': 854, 'mime_type': 'video/mp4'}",rWKYDfklSkE,https://www.youtube.com/watch?v=rWKYDfklSkE
cll8k49ga005n3o6lrg92111d,2515,front,,Abnormal Gait,cerebral palsy,"{'top': 24.0, 'left': 330.0, 'height': 432.21176470588233, 'width': 182.0176470588235}","{'height': 480, 'width': 854, 'mime_type': 'video/mp4'}",rWKYDfklSkE,https://www.youtube.com/watch?v=rWKYDfklSkE
cll8k49ga005n3o6lrg92111d,2516,front,,Abnormal Gait,cerebral palsy,"{'top': 24.0, 'left': 330.0, 'height': 432.1411764705882, 'width': 182.01176470588234}","{'height': 480, 'width': 854, 'mime_type': 'video/mp4'}",rWKYDfklSkE,https://www.youtube.com/watch?v=rWKYDfklSkE
cll8k49ga005n3o6lrg92111d,2517,front,,Abnormal Gait,cerebral palsy,"{'top': 24.0, 'left': 330.0, 'height': 432.0705882352941, 'width': 182.00588235294117}","{'height': 480, 'width': 854, 'mime_type': 'video/mp4'}",rWKYDfklSkE,https://www.youtube.com/watch?v=rWKYDfklSkE
cll8k49ga005n3o6lrg92111d,2518,front,,Abnormal Gait,cerebral palsy,"{'top': 24.0, 'left': 330.0, 'height': 432.0, 'width': 182.0}","{'height': 480, 'width': 854, 'mime_type': 'video/mp4'}",rWKYDfklSkE,https://www.youtube.com/watch?v=rWKYDfklSkE
cll8k49ga005n3o6lrg92111d,2519,front,,Abnormal Gait,cerebral palsy,"{'top': 24.0, 'left': 330.0, 'height': 431.9294117647059, 'width': 181.99411764705883}","{'height': 480, 'width': 854, 'mime_type': 'video/mp4'}",rWKYDfklSkE,https://www.youtube.com/watch?v=rWKYDfklSkE
cll8k49ga005n3o6lrg92111d,2520,front,,Abnormal Gait,cerebral palsy,"{'top': 24.0, 'left': 330.0, 'height': 431.8588235294118, 'width': 181.98823529411766}","{'height': 480, 'width': 854, 'mime_type': 'video/mp4'}",rWKYDfklSkE,https://www.youtube.com/watch?v=rWKYDfklSkE
cll8k49ga005n3o6lrg92111d,2521,front,,Abnormal Gait,cerebral palsy,"{'top': 24.0, 'left': 330.0, 'height': 431.78823529411767, 'width': 181.9823529411765}","{'height': 480, 'width': 854, 'mime_type': 'video/mp4'}",rWKYDfklSkE,https://www.youtube.com/watch?v=rWKYDfklSkE
cll8k49ga005n3o6lrg92111d,2522,front,,Abnormal Gait,cerebral palsy,"{'top': 24.0, 'left': 330.0, 'height': 431.71764705882356, 'width': 181.97647058823532}","{'height': 480, 'width': 854, 'mime_type': 'video/mp4'}",rWKYDfklSkE,https://www.youtube.com/watch?v=rWKYDfklSkE
cll8k49ga005n3o6lrg92111d,2523,front,,Abnormal Gait,cerebral palsy,"{'top': 24.0, 'left': 330.0, 'height': 431.6470588235294, 'width': 181.97058823529414}","{'height': 480, 'width': 854, 'mime_type': 'video/mp4'}",rWKYDfklSkE,https://www.youtube.com/watch?v=rWKYDfklSkE
cll8k49ga005n3o6lrg92111d,2524,front,,Abnormal Gait,cerebral palsy,"{'top': 24.0, 'left': 330.0, 'height': 431.5764705882353, 'width': 181.96470588235292}","{'height': 480, 'width': 854, 'mime_type': 'video/mp4'}",rWKYDfklSkE,https://www.youtube.com/watch?v=rWKYDfklSkE
cll8k49ga005n3o6lrg92111d,2525,front,,Abnormal Gait,cerebral palsy,"{'top': 24.0, 'left': 330.0, 'height': 431.50588235294117, 'width': 181.95882352941175}","{'height': 480, 'width': 854, 'mime_type': 'video/mp4'}",rWKYDfklSkE,https://www.youtube.com/watch?v=rWKYDfklSkE
cll8k49ga005n3o6lrg92111d,2526,front,,Abnormal Gait,cerebral palsy,"{'top': 24.0, 'left': 330.0, 'height': 431.43529411764706, 'width': 181.95294117647057}","{'height': 480, 'width': 854, 'mime_type': 'video/mp4'}",rWKYDfklSkE,https://www.youtube.com/watch?v=rWKYDfklSkE
cll8k49ga005n3o6lrg92111d,2527,front,,Abnormal Gait,cerebral palsy,"{'top': 24.0, 'left': 330.0, 'height': 431.36470588235295, 'width': 181.9470588235294}","{'height': 480, 'width': 854, 'mime_type': 'video/mp4'}",rWKYDfklSkE,https://www.youtube.com/watch?v=rWKYDfklSkE
cll8k49ga005n3o6lrg92111d,2528,front,,Abnormal Gait,cerebral palsy,"{'top': 24.0, 'left': 330.0, 'height': 431.29411764705884, 'width': 181.94117647058823}","{'height': 480, 'width': 854, 'mime_type': 'video/mp4'}",rWKYDfklSkE,https://www.youtube.com/watch?v=rWKYDfklSkE
cll8k49ga005n3o6lrg92111d,2529,front,,Abnormal Gait,cerebral palsy,"{'top': 24.0, 'left': 330.0, 'height': 431.22352941176473, 'width': 181.93529411764706}","{'height': 480, 'width': 854, 'mime_type': 'video/mp4'}",rWKYDfklSkE,https://www.youtube.com/watch?v=rWKYDfklSkE
cll8k49ga005n3o6lrg92111d,2530,front,,Abnormal Gait,cerebral palsy,"{'top': 24.0, 'left': 330.0, 'height': 431.15294117647056, 'width': 181.9294117647059}","{'height': 480, 'width': 854, 'mime_type': 'video/mp4'}",rWKYDfklSkE,https://www.youtube.com/watch?v=rWKYDfklSkE
cll8k49ga005n3o6lrg92111d,2531,front,,Abnormal Gait,cerebral palsy,"{'top': 24.0, 'left': 330.0, 'height': 431.08235294117645, 'width': 181.92352941176472}","{'height': 480, 'width': 854, 'mime_type': 'video/mp4'}",rWKYDfklSkE,https://www.youtube.com/watch?v=rWKYDfklSkE
cll8k49ga005n3o6lrg92111d,2532,front,,Abnormal Gait,cerebral palsy,"{'top': 24.0, 'left': 330.0, 'height': 431.01176470588234, 'width': 181.91764705882355}","{'height': 480, 'width': 854, 'mime_type': 'video/mp4'}",rWKYDfklSkE,https://www.youtube.com/watch?v=rWKYDfklSkE
cll8k49ga005n3o6lrg92111d,2533,front,,Abnormal Gait,cerebral palsy,"{'top': 24.0, 'left': 330.0, 'height': 430.94117647058823, 'width': 181.91176470588238}","{'height': 480, 'width': 854, 'mime_type': 'video/mp4'}",rWKYDfklSkE,https://www.youtube.com/watch?v=rWKYDfklSkE
cll8k49ga005n3o6lrg92111d,2534,front,,Abnormal Gait,cerebral palsy,"{'top': 24.0, 'left': 330.0, 'height': 430.8705882352941, 'width': 181.90588235294115}","{'height': 480, 'width': 854, 'mime_type': 'video/mp4'}",rWKYDfklSkE,https://www.youtube.com/watch?v=rWKYDfklSkE
cll8k49ga005n3o6lrg92111d,2535,front,,Abnormal Gait,cerebral palsy,"{'top': 24.0, 'left': 330.0, 'height': 430.8, 'width': 181.89999999999998}","{'height': 480, 'width': 854, 'mime_type': 'video/mp4'}",rWKYDfklSkE,https://www.youtube.com/watch?v=rWKYDfklSkE
cll8k49ga005n3o6lrg92111d,2536,front,,Abnormal Gait,cerebral palsy,"{'top': 24.0, 'left': 330.0, 'height': 430.7294117647059, 'width': 181.8941176470588}","{'height': 480, 'width': 854, 'mime_type': 'video/mp4'}",rWKYDfklSkE,https://www.youtube.com/watch?v=rWKYDfklSkE
cll8k49ga005n3o6lrg92111d,2537,front,,Abnormal Gait,cerebral palsy,"{'top': 24.0, 'left': 330.0, 'height': 430.6588235294118, 'width': 181.88823529411764}","{'height': 480, 'width': 854, 'mime_type': 'video/mp4'}",rWKYDfklSkE,https://www.youtube.com/watch?v=rWKYDfklSkE
cll8k49ga005n3o6lrg92111d,2538,front,,Abnormal Gait,cerebral palsy,"{'top': 24.0, 'left': 330.0, 'height': 430.5882352941176, 'width': 181.88235294117646}","{'height': 480, 'width': 854, 'mime_type': 'video/mp4'}",rWKYDfklSkE,https://www.youtube.com/watch?v=rWKYDfklSkE
cll8k49ga005n3o6lrg92111d,2539,front,,Abnormal Gait,cerebral palsy,"{'top': 24.0, 'left': 330.0, 'height': 430.5176470588235, 'width': 181.8764705882353}","{'height': 480, 'width': 854, 'mime_type': 'video/mp4'}",rWKYDfklSkE,https://www.youtube.com/watch?v=rWKYDfklSkE
cll8k49ga005n3o6lrg92111d,2540,front,,Abnormal Gait,cerebral palsy,"{'top': 24.0, 'left': 330.0, 'height': 430.4470588235294, 'width': 181.87058823529412}","{'height': 480, 'width': 854, 'mime_type': 'video/mp4'}",rWKYDfklSkE,https://www.youtube.com/watch?v=rWKYDfklSkE
cll8k49ga005n3o6lrg92111d,2541,front,,Abnormal Gait,cerebral palsy,"{'top': 24.0, 'left': 330.0, 'height': 430.3764705882353, 'width': 181.86470588235295}","{'height': 480, 'width': 854, 'mime_type': 'video/mp4'}",rWKYDfklSkE,https://www.youtube.com/watch?v=rWKYDfklSkE
cll8k49ga005n3o6lrg92111d,2542,front,,Abnormal Gait,cerebral palsy,"{'top': 24.0, 'left': 330.0, 'height': 430.3058823529412, 'width': 181.85882352941178}","{'height': 480, 'width': 854, 'mime_type': 'video/mp4'}",rWKYDfklSkE,https://www.youtube.com/watch?v=rWKYDfklSkE
cll8k49ga005n3o6lrg92111d,2543,front,,Abnormal Gait,cerebral palsy,"{'top': 24.0, 'left': 330.0, 'height': 430.2352941176471, 'width': 181.8529411764706}","{'height': 480, 'width': 854, 'mime_type': 'video/mp4'}",rWKYDfklSkE,https://www.youtube.com/watch?v=rWKYDfklSkE
cll8k49ga005n3o6lrg92111d,2544,front,,Abnormal Gait,cerebral palsy,"{'top': 24.0, 'left': 330.0, 'height': 430.16470588235296, 'width': 181.84705882352944}","{'height': 480, 'width': 854, 'mime_type': 'video/mp4'}",rWKYDfklSkE,https://www.youtube.com/watch?v=rWKYDfklSkE
cll8k49ga005n3o6lrg92111d,2545,front,,Abnormal Gait,cerebral palsy,"{'top': 24.0, 'left': 330.0, 'height': 430.09411764705885, 'width': 181.8411764705882}","{'height': 480, 'width': 854, 'mime_type': 'video/mp4'}",rWKYDfklSkE,https://www.youtube.com/watch?v=rWKYDfklSkE
cll8k49ga005n3o6lrg92111d,2546,front,,Abnormal Gait,cerebral palsy,"{'top': 24.0, 'left': 330.0, 'height': 430.0235294117647, 'width': 181.83529411764704}","{'height': 480, 'width': 854, 'mime_type': 'video/mp4'}",rWKYDfklSkE,https://www.youtube.com/watch?v=rWKYDfklSkE
cll8k49ga005n3o6lrg92111d,2547,front,,Abnormal Gait,cerebral palsy,"{'top': 24.0, 'left': 330.0, 'height': 429.9529411764706, 'width': 181.82941176470587}","{'height': 480, 'width': 854, 'mime_type': 'video/mp4'}",rWKYDfklSkE,https://www.youtube.com/watch?v=rWKYDfklSkE
cll8k49ga005n3o6lrg92111d,2548,front,,Abnormal Gait,cerebral palsy,"{'top': 24.0, 'left': 330.0, 'height': 429.88235294117646, 'width': 181.8235294117647}","{'height': 480, 'width': 854, 'mime_type': 'video/mp4'}",rWKYDfklSkE,https://www.youtube.com/watch?v=rWKYDfklSkE
cll8k49ga005n3o6lrg92111d,2549,front,,Abnormal Gait,cerebral palsy,"{'top': 24.0, 'left': 330.0, 'height': 429.81176470588235, 'width': 181.81764705882352}","{'height': 480, 'width': 854, 'mime_type': 'video/mp4'}",rWKYDfklSkE,https://www.youtube.com/watch?v=rWKYDfklSkE
cll8k49ga005n3o6lrg92111d,2550,front,,Abnormal Gait,cerebral palsy,"{'top': 24.0, 'left': 330.0, 'height': 429.74117647058824, 'width': 181.81176470588235}","{'height': 480, 'width': 854, 'mime_type': 'video/mp4'}",rWKYDfklSkE,https://www.youtube.com/watch?v=rWKYDfklSkE
cll8k49ga005n3o6lrg92111d,2551,front,,Abnormal Gait,cerebral palsy,"{'top': 24.0, 'left': 330.0, 'height': 429.67058823529413, 'width': 181.80588235294118}","{'height': 480, 'width': 854, 'mime_type': 'video/mp4'}",rWKYDfklSkE,https://www.youtube.com/watch?v=rWKYDfklSkE
cll8k49ga005n3o6lrg92111d,2552,front,,Abnormal Gait,cerebral palsy,"{'top': 24.0, 'left': 330.0, 'height': 429.6, 'width': 181.8}","{'height': 480, 'width': 854, 'mime_type': 'video/mp4'}",rWKYDfklSkE,https://www.youtube.com/watch?v=rWKYDfklSkE
cll8k49ga005n3o6lrg92111d,2553,front,,Abnormal Gait,cerebral palsy,"{'top': 24.0, 'left': 330.0, 'height': 429.52941176470586, 'width': 181.79411764705884}","{'height': 480, 'width': 854, 'mime_type': 'video/mp4'}",rWKYDfklSkE,https://www.youtube.com/watch?v=rWKYDfklSkE
cll8k49ga005n3o6lrg92111d,2554,front,,Abnormal Gait,cerebral palsy,"{'top': 24.0, 'left': 330.0, 'height': 429.45882352941175, 'width': 181.78823529411767}","{'height': 480, 'width': 854, 'mime_type': 'video/mp4'}",rWKYDfklSkE,https://www.youtube.com/watch?v=rWKYDfklSkE
cll8k49ga005n3o6lrg92111d,2555,front,,Abnormal Gait,cerebral palsy,"{'top': 24.0, 'left': 330.0, 'height': 429.38823529411764, 'width': 181.7823529411765}","{'height': 480, 'width': 854, 'mime_type': 'video/mp4'}",rWKYDfklSkE,https://www.youtube.com/watch?v=rWKYDfklSkE
cll8k49ga005n3o6lrg92111d,2556,front,,Abnormal Gait,cerebral palsy,"{'top': 24.0, 'left': 330.0, 'height': 429.3176470588235, 'width': 181.77647058823527}","{'height': 480, 'width': 854, 'mime_type': 'video/mp4'}",rWKYDfklSkE,https://www.youtube.com/watch?v=rWKYDfklSkE
cll8k49ga005n3o6lrg92111d,2557,front,,Abnormal Gait,cerebral palsy,"{'top': 24.0, 'left': 330.0, 'height': 429.2470588235294, 'width': 181.7705882352941}","{'height': 480, 'width': 854, 'mime_type': 'video/mp4'}",rWKYDfklSkE,https://www.youtube.com/watch?v=rWKYDfklSkE
cll8k49ga005n3o6lrg92111d,2558,front,,Abnormal Gait,cerebral palsy,"{'top': 24.0, 'left': 330.0, 'height': 429.1764705882353, 'width': 181.76470588235293}","{'height': 480, 'width': 854, 'mime_type': 'video/mp4'}",rWKYDfklSkE,https://www.youtube.com/watch?v=rWKYDfklSkE
cll8k49ga005n3o6lrg92111d,2559,front,,Abnormal Gait,cerebral palsy,"{'top': 24.0, 'left': 330.0, 'height': 429.1058823529412, 'width': 181.75882352941176}","{'height': 480, 'width': 854, 'mime_type': 'video/mp4'}",rWKYDfklSkE,https://www.youtube.com/watch?v=rWKYDfklSkE
cll8k49ga005n3o6lrg92111d,2560,front,,Abnormal Gait,cerebral palsy,"{'top': 24.0, 'left': 330.0, 'height': 429.0352941176471, 'width': 181.75294117647059}","{'height': 480, 'width': 854, 'mime_type': 'video/mp4'}",rWKYDfklSkE,https://www.youtube.com/watch?v=rWKYDfklSkE
cll8k49ga005n3o6lrg92111d,2561,front,,Abnormal Gait,cerebral palsy,"{'top': 24.0, 'left': 330.0, 'height': 428.9647058823529, 'width': 181.74705882352941}","{'height': 480, 'width': 854, 'mime_type': 'video/mp4'}",rWKYDfklSkE,https://www.youtube.com/watch?v=rWKYDfklSkE
cll8k49ga005n3o6lrg92111d,2562,front,,Abnormal Gait,cerebral palsy,"{'top': 24.0, 'left': 330.0, 'height': 428.8941176470588, 'width': 181.74117647058824}","{'height': 480, 'width': 854, 'mime_type': 'video/mp4'}",rWKYDfklSkE,https://www.youtube.com/watch?v=rWKYDfklSkE
cll8k49ga005n3o6lrg92111d,2563,front,,Abnormal Gait,cerebral palsy,"{'top': 24.0, 'left': 330.0, 'height': 428.8235294117647, 'width': 181.73529411764707}","{'height': 480, 'width': 854, 'mime_type': 'video/mp4'}",rWKYDfklSkE,https://www.youtube.com/watch?v=rWKYDfklSkE
cll8k49ga005n3o6lrg92111d,2564,front,,Abnormal Gait,cerebral palsy,"{'top': 24.0, 'left': 330.0, 'height': 428.7529411764706, 'width': 181.7294117647059}","{'height': 480, 'width': 854, 'mime_type': 'video/mp4'}",rWKYDfklSkE,https://www.youtube.com/watch?v=rWKYDfklSkE
cll8k49ga005n3o6lrg92111d,2565,front,,Abnormal Gait,cerebral palsy,"{'top': 24.0, 'left': 330.0, 'height': 428.6823529411765, 'width': 181.72352941176473}","{'height': 480, 'width': 854, 'mime_type': 'video/mp4'}",rWKYDfklSkE,https://www.youtube.com/watch?v=rWKYDfklSkE
cll8k49ga005n3o6lrg92111d,2566,front,,Abnormal Gait,cerebral palsy,"{'top': 24.0, 'left': 330.0, 'height': 428.61176470588236, 'width': 181.7176470588235}","{'height': 480, 'width': 854, 'mime_type': 'video/mp4'}",rWKYDfklSkE,https://www.youtube.com/watch?v=rWKYDfklSkE
cll8k49ga005n3o6lrg92111d,2567,front,,Abnormal Gait,cerebral palsy,"{'top': 24.0, 'left': 330.0, 'height': 428.54117647058825, 'width': 181.71176470588233}","{'height': 480, 'width': 854, 'mime_type': 'video/mp4'}",rWKYDfklSkE,https://www.youtube.com/watch?v=rWKYDfklSkE
cll8k49ga005n3o6lrg92111d,2568,front,,Abnormal Gait,cerebral palsy,"{'top': 24.0, 'left': 330.0, 'height': 428.47058823529414, 'width': 181.70588235294116}","{'height': 480, 'width': 854, 'mime_type': 'video/mp4'}",rWKYDfklSkE,https://www.youtube.com/watch?v=rWKYDfklSkE
cll8k49ga005n3o6lrg92111d,2569,front,,Abnormal Gait,cerebral palsy,"{'top': 24.0, 'left': 330.0, 'height': 428.4, 'width': 181.7}","{'height': 480, 'width': 854, 'mime_type': 'video/mp4'}",rWKYDfklSkE,https://www.youtube.com/watch?v=rWKYDfklSkE
cll8k49ga005n3o6lrg92111d,2570,front,,Abnormal Gait,cerebral palsy,"{'top': 24.0, 'left': 330.0, 'height': 428.32941176470587, 'width': 181.69411764705882}","{'height': 480, 'width': 854, 'mime_type': 'video/mp4'}",rWKYDfklSkE,https://www.youtube.com/watch?v=rWKYDfklSkE
cll8k49ga005n3o6lrg92111d,2571,front,,Abnormal Gait,cerebral palsy,"{'top': 24.0, 'left': 330.0, 'height': 428.25882352941176, 'width': 181.68823529411765}","{'height': 480, 'width': 854, 'mime_type': 'video/mp4'}",rWKYDfklSkE,https://www.youtube.com/watch?v=rWKYDfklSkE
cll8k49ga005n3o6lrg92111d,2572,front,,Abnormal Gait,cerebral palsy,"{'top': 24.0, 'left': 330.0, 'height': 428.18823529411765, 'width': 181.68235294117648}","{'height': 480, 'width': 854, 'mime_type': 'video/mp4'}",rWKYDfklSkE,https://www.youtube.com/watch?v=rWKYDfklSkE
cll8k49ga005n3o6lrg92111d,2573,front,,Abnormal Gait,cerebral palsy,"{'top': 24.0, 'left': 330.0, 'height': 428.11764705882354, 'width': 181.6764705882353}","{'height': 480, 'width': 854, 'mime_type': 'video/mp4'}",rWKYDfklSkE,https://www.youtube.com/watch?v=rWKYDfklSkE
cll8k49ga005n3o6lrg92111d,2574,front,,Abnormal Gait,cerebral palsy,"{'top': 24.0, 'left': 330.0, 'height': 428.0470588235294, 'width': 181.67058823529413}","{'height': 480, 'width': 854, 'mime_type': 'video/mp4'}",rWKYDfklSkE,https://www.youtube.com/watch?v=rWKYDfklSkE
cll8k49ga005n3o6lrg92111d,2575,front,,Abnormal Gait,cerebral palsy,"{'top': 24.0, 'left': 330.0, 'height': 427.9764705882353, 'width': 181.66470588235296}","{'height': 480, 'width': 854, 'mime_type': 'video/mp4'}",rWKYDfklSkE,https://www.youtube.com/watch?v=rWKYDfklSkE
cll8k49ga005n3o6lrg92111d,2576,front,,Abnormal Gait,cerebral palsy,"{'top': 24.0, 'left': 330.0, 'height': 427.90588235294115, 'width': 181.6588235294118}","{'height': 480, 'width': 854, 'mime_type': 'video/mp4'}",rWKYDfklSkE,https://www.youtube.com/watch?v=rWKYDfklSkE
cll8k49ga005n3o6lrg92111d,2577,front,,Abnormal Gait,cerebral palsy,"{'top': 24.0, 'left': 330.0, 'height': 427.83529411764704, 'width': 181.65294117647056}","{'height': 480, 'width': 854, 'mime_type': 'video/mp4'}",rWKYDfklSkE,https://www.youtube.com/watch?v=rWKYDfklSkE
cll8k49ga005n3o6lrg92111d,2578,front,,Abnormal Gait,cerebral palsy,"{'top': 24.0, 'left': 330.0, 'height': 427.7647058823529, 'width': 181.6470588235294}","{'height': 480, 'width': 854, 'mime_type': 'video/mp4'}",rWKYDfklSkE,https://www.youtube.com/watch?v=rWKYDfklSkE
cll8k49ga005n3o6lrg92111d,2579,front,,Abnormal Gait,cerebral palsy,"{'top': 24.0, 'left': 330.0, 'height': 427.6941176470588, 'width': 181.64117647058822}","{'height': 480, 'width': 854, 'mime_type': 'video/mp4'}",rWKYDfklSkE,https://www.youtube.com/watch?v=rWKYDfklSkE
cll8k49ga005n3o6lrg92111d,2580,front,,Abnormal Gait,cerebral palsy,"{'top': 24.0, 'left': 330.0, 'height': 427.6235294117647, 'width': 181.63529411764705}","{'height': 480, 'width': 854, 'mime_type': 'video/mp4'}",rWKYDfklSkE,https://www.youtube.com/watch?v=rWKYDfklSkE
cll8k49ga005n3o6lrg92111d,2581,front,,Abnormal Gait,cerebral palsy,"{'top': 24.0, 'left': 330.0, 'height': 427.5529411764706, 'width': 181.62941176470588}","{'height': 480, 'width': 854, 'mime_type': 'video/mp4'}",rWKYDfklSkE,https://www.youtube.com/watch?v=rWKYDfklSkE
cll8k49ga005n3o6lrg92111d,2582,front,,Abnormal Gait,cerebral palsy,"{'top': 24.0, 'left': 330.0, 'height': 427.4823529411765, 'width': 181.6235294117647}","{'height': 480, 'width': 854, 'mime_type': 'video/mp4'}",rWKYDfklSkE,https://www.youtube.com/watch?v=rWKYDfklSkE
cll8k49ga005n3o6lrg92111d,2583,front,,Abnormal Gait,cerebral palsy,"{'top': 24.0, 'left': 330.0, 'height': 427.4117647058824, 'width': 181.61764705882354}","{'height': 480, 'width': 854, 'mime_type': 'video/mp4'}",rWKYDfklSkE,https://www.youtube.com/watch?v=rWKYDfklSkE
cll8k49ga005n3o6lrg92111d,2584,front,,Abnormal Gait,cerebral palsy,"{'top': 24.0, 'left': 330.0, 'height': 427.34117647058827, 'width': 181.61176470588236}","{'height': 480, 'width': 854, 'mime_type': 'video/mp4'}",rWKYDfklSkE,https://www.youtube.com/watch?v=rWKYDfklSkE
cll8k49ga005n3o6lrg92111d,2585,front,,Abnormal Gait,cerebral palsy,"{'top': 24.0, 'left': 330.0, 'height': 427.2705882352941, 'width': 181.6058823529412}","{'height': 480, 'width': 854, 'mime_type': 'video/mp4'}",rWKYDfklSkE,https://www.youtube.com/watch?v=rWKYDfklSkE
cll8k49ga005n3o6lrg92111d,2586,front,,Abnormal Gait,cerebral palsy,"{'top': 24.0, 'left': 330.0, 'height': 427.2, 'width': 181.60000000000002}","{'height': 480, 'width': 854, 'mime_type': 'video/mp4'}",rWKYDfklSkE,https://www.youtube.com/watch?v=rWKYDfklSkE
cll8k49ga005n3o6lrg92111d,2587,front,,Abnormal Gait,cerebral palsy,"{'top': 24.0, 'left': 330.0, 'height': 427.1294117647059, 'width': 181.59411764705885}","{'height': 480, 'width': 854, 'mime_type': 'video/mp4'}",rWKYDfklSkE,https://www.youtube.com/watch?v=rWKYDfklSkE
cll8k49ga005n3o6lrg92111d,2588,front,,Abnormal Gait,cerebral palsy,"{'top': 24.0, 'left': 330.0, 'height': 427.05882352941177, 'width': 181.58823529411762}","{'height': 480, 'width': 854, 'mime_type': 'video/mp4'}",rWKYDfklSkE,https://www.youtube.com/watch?v=rWKYDfklSkE
cll8k49ga005n3o6lrg92111d,2589,front,,Abnormal Gait,cerebral palsy,"{'top': 24.0, 'left': 330.0, 'height': 426.98823529411766, 'width': 181.58235294117645}","{'height': 480, 'width': 854, 'mime_type': 'video/mp4'}",rWKYDfklSkE,https://www.youtube.com/watch?v=rWKYDfklSkE
cll8k49ga005n3o6lrg92111d,2590,front,,Abnormal Gait,cerebral palsy,"{'top': 24.0, 'left': 330.0, 'height': 426.91764705882355, 'width': 181.57647058823528}","{'height': 480, 'width': 854, 'mime_type': 'video/mp4'}",rWKYDfklSkE,https://www.youtube.com/watch?v=rWKYDfklSkE
cll8k49ga005n3o6lrg92111d,2591,front,,Abnormal Gait,cerebral palsy,"{'top': 24.0, 'left': 330.0, 'height': 426.84705882352944, 'width': 181.5705882352941}","{'height': 480, 'width': 854, 'mime_type': 'video/mp4'}",rWKYDfklSkE,https://www.youtube.com/watch?v=rWKYDfklSkE
cll8k49ga005n3o6lrg92111d,2592,front,,Abnormal Gait,cerebral palsy,"{'top': 24.0, 'left': 330.0, 'height': 426.77647058823527, 'width': 181.56470588235294}","{'height': 480, 'width': 854, 'mime_type': 'video/mp4'}",rWKYDfklSkE,https://www.youtube.com/watch?v=rWKYDfklSkE
cll8k49ga005n3o6lrg92111d,2593,front,,Abnormal Gait,cerebral palsy,"{'top': 24.0, 'left': 330.0, 'height': 426.70588235294116, 'width': 181.55882352941177}","{'height': 480, 'width': 854, 'mime_type': 'video/mp4'}",rWKYDfklSkE,https://www.youtube.com/watch?v=rWKYDfklSkE
cll8k49ga005n3o6lrg92111d,2594,front,,Abnormal Gait,cerebral palsy,"{'top': 24.0, 'left': 330.0, 'height': 426.63529411764705, 'width': 181.5529411764706}","{'height': 480, 'width': 854, 'mime_type': 'video/mp4'}",rWKYDfklSkE,https://www.youtube.com/watch?v=rWKYDfklSkE
cll8k49ga005n3o6lrg92111d,2595,front,,Abnormal Gait,cerebral palsy,"{'top': 24.0, 'left': 330.0, 'height': 426.56470588235294, 'width': 181.54705882352943}","{'height': 480, 'width': 854, 'mime_type': 'video/mp4'}",rWKYDfklSkE,https://www.youtube.com/watch?v=rWKYDfklSkE
cll8k49ga005n3o6lrg92111d,2596,front,,Abnormal Gait,cerebral palsy,"{'top': 24.0, 'left': 330.0, 'height': 426.49411764705883, 'width': 181.54117647058825}","{'height': 480, 'width': 854, 'mime_type': 'video/mp4'}",rWKYDfklSkE,https://www.youtube.com/watch?v=rWKYDfklSkE
cll8k49ga005n3o6lrg92111d,2597,front,,Abnormal Gait,cerebral palsy,"{'top': 24.0, 'left': 330.0, 'height': 426.4235294117647, 'width': 181.53529411764708}","{'height': 480, 'width': 854, 'mime_type': 'video/mp4'}",rWKYDfklSkE,https://www.youtube.com/watch?v=rWKYDfklSkE
cll8k49ga005n3o6lrg92111d,2598,front,,Abnormal Gait,cerebral palsy,"{'top': 24.0, 'left': 330.0, 'height': 426.3529411764706, 'width': 181.52941176470586}","{'height': 480, 'width': 854, 'mime_type': 'video/mp4'}",rWKYDfklSkE,https://www.youtube.com/watch?v=rWKYDfklSkE
cll8k49ga005n3o6lrg92111d,2599,front,,Abnormal Gait,cerebral palsy,"{'top': 24.0, 'left': 330.0, 'height': 426.28235294117644, 'width': 181.52352941176468}","{'height': 480, 'width': 854, 'mime_type': 'video/mp4'}",rWKYDfklSkE,https://www.youtube.com/watch?v=rWKYDfklSkE
cll8k49ga005n3o6lrg92111d,2600,front,,Abnormal Gait,cerebral palsy,"{'top': 24.0, 'left': 330.0, 'height': 426.21176470588233, 'width': 181.5176470588235}","{'height': 480, 'width': 854, 'mime_type': 'video/mp4'}",rWKYDfklSkE,https://www.youtube.com/watch?v=rWKYDfklSkE
cll8k49ga005n3o6lrg92111d,2601,front,,Abnormal Gait,cerebral palsy,"{'top': 24.0, 'left': 330.0, 'height': 426.1411764705882, 'width': 181.51176470588234}","{'height': 480, 'width': 854, 'mime_type': 'video/mp4'}",rWKYDfklSkE,https://www.youtube.com/watch?v=rWKYDfklSkE
cll8k49ga005n3o6lrg92111d,2602,front,,Abnormal Gait,cerebral palsy,"{'top': 24.0, 'left': 330.0, 'height': 426.0705882352941, 'width': 181.50588235294117}","{'height': 480, 'width': 854, 'mime_type': 'video/mp4'}",rWKYDfklSkE,https://www.youtube.com/watch?v=rWKYDfklSkE
cll8k49ga005n3o6lrg92111d,2603,front,,Abnormal Gait,cerebral palsy,"{'top': 24.0, 'left': 330.0, 'height': 426.0, 'width': 181.5}","{'height': 480, 'width': 854, 'mime_type': 'video/mp4'}",rWKYDfklSkE,https://www.youtube.com/watch?v=rWKYDfklSkE
cll8k49ga005n3o6lrg92111d,2604,front,,Abnormal Gait,cerebral palsy,"{'top': 24.0, 'left': 330.0, 'height': 425.9294117647059, 'width': 181.49411764705883}","{'height': 480, 'width': 854, 'mime_type': 'video/mp4'}",rWKYDfklSkE,https://www.youtube.com/watch?v=rWKYDfklSkE
cll8k49ga005n3o6lrg92111d,2605,front,,Abnormal Gait,cerebral palsy,"{'top': 24.0, 'left': 330.0, 'height': 425.8588235294118, 'width': 181.48823529411766}","{'height': 480, 'width': 854, 'mime_type': 'video/mp4'}",rWKYDfklSkE,https://www.youtube.com/watch?v=rWKYDfklSkE
cll8k49ga005n3o6lrg92111d,2606,front,,Abnormal Gait,cerebral palsy,"{'top': 24.0, 'left': 330.0, 'height': 425.78823529411767, 'width': 181.4823529411765}","{'height': 480, 'width': 854, 'mime_type': 'video/mp4'}",rWKYDfklSkE,https://www.youtube.com/watch?v=rWKYDfklSkE
cll8k49ga005n3o6lrg92111d,2607,front,,Abnormal Gait,cerebral palsy,"{'top': 24.0, 'left': 330.0, 'height': 425.71764705882356, 'width': 181.47647058823532}","{'height': 480, 'width': 854, 'mime_type': 'video/mp4'}",rWKYDfklSkE,https://www.youtube.com/watch?v=rWKYDfklSkE
cll8k49ga005n3o6lrg92111d,2608,front,,Abnormal Gait,cerebral palsy,"{'top': 24.0, 'left': 330.0, 'height': 425.6470588235294, 'width': 181.47058823529414}","{'height': 480, 'width': 854, 'mime_type': 'video/mp4'}",rWKYDfklSkE,https://www.youtube.com/watch?v=rWKYDfklSkE
cll8k49ga005n3o6lrg92111d,2609,front,,Abnormal Gait,cerebral palsy,"{'top': 24.0, 'left': 330.0, 'height': 425.5764705882353, 'width': 181.46470588235292}","{'height': 480, 'width': 854, 'mime_type': 'video/mp4'}",rWKYDfklSkE,https://www.youtube.com/watch?v=rWKYDfklSkE
cll8k49ga005n3o6lrg92111d,2610,front,,Abnormal Gait,cerebral palsy,"{'top': 24.0, 'left': 330.0, 'height': 425.50588235294117, 'width': 181.45882352941175}","{'height': 480, 'width': 854, 'mime_type': 'video/mp4'}",rWKYDfklSkE,https://www.youtube.com/watch?v=rWKYDfklSkE
cll8k49ga005n3o6lrg92111d,2611,front,,Abnormal Gait,cerebral palsy,"{'top': 24.0, 'left': 330.0, 'height': 425.43529411764706, 'width': 181.45294117647057}","{'height': 480, 'width': 854, 'mime_type': 'video/mp4'}",rWKYDfklSkE,https://www.youtube.com/watch?v=rWKYDfklSkE
cll8k49ga005n3o6lrg92111d,2612,front,,Abnormal Gait,cerebral palsy,"{'top': 24.0, 'left': 330.0, 'height': 425.36470588235295, 'width': 181.4470588235294}","{'height': 480, 'width': 854, 'mime_type': 'video/mp4'}",rWKYDfklSkE,https://www.youtube.com/watch?v=rWKYDfklSkE
cll8k49ga005n3o6lrg92111d,2613,front,,Abnormal Gait,cerebral palsy,"{'top': 24.0, 'left': 330.0, 'height': 425.29411764705884, 'width': 181.44117647058823}","{'height': 480, 'width': 854, 'mime_type': 'video/mp4'}",rWKYDfklSkE,https://www.youtube.com/watch?v=rWKYDfklSkE
cll8k49ga005n3o6lrg92111d,2614,front,,Abnormal Gait,cerebral palsy,"{'top': 24.0, 'left': 330.0, 'height': 425.22352941176473, 'width': 181.43529411764706}","{'height': 480, 'width': 854, 'mime_type': 'video/mp4'}",rWKYDfklSkE,https://www.youtube.com/watch?v=rWKYDfklSkE
cll8k49ga005n3o6lrg92111d,2615,front,,Abnormal Gait,cerebral palsy,"{'top': 24.0, 'left': 330.0, 'height': 425.15294117647056, 'width': 181.4294117647059}","{'height': 480, 'width': 854, 'mime_type': 'video/mp4'}",rWKYDfklSkE,https://www.youtube.com/watch?v=rWKYDfklSkE
cll8k49ga005n3o6lrg92111d,2616,front,,Abnormal Gait,cerebral palsy,"{'top': 24.0, 'left': 330.0, 'height': 425.08235294117645, 'width': 181.42352941176472}","{'height': 480, 'width': 854, 'mime_type': 'video/mp4'}",rWKYDfklSkE,https://www.youtube.com/watch?v=rWKYDfklSkE
cll8k49ga005n3o6lrg92111d,2617,front,,Abnormal Gait,cerebral palsy,"{'top': 24.0, 'left': 330.0, 'height': 425.01176470588234, 'width': 181.41764705882355}","{'height': 480, 'width': 854, 'mime_type': 'video/mp4'}",rWKYDfklSkE,https://www.youtube.com/watch?v=rWKYDfklSkE
cll8k49ga005n3o6lrg92111d,2618,front,,Abnormal Gait,cerebral palsy,"{'top': 24.0, 'left': 330.0, 'height': 424.94117647058823, 'width': 181.41176470588238}","{'height': 480, 'width': 854, 'mime_type': 'video/mp4'}",rWKYDfklSkE,https://www.youtube.com/watch?v=rWKYDfklSkE
cll8k49ga005n3o6lrg92111d,2619,front,,Abnormal Gait,cerebral palsy,"{'top': 24.0, 'left': 330.0, 'height': 424.8705882352941, 'width': 181.40588235294115}","{'height': 480, 'width': 854, 'mime_type': 'video/mp4'}",rWKYDfklSkE,https://www.youtube.com/watch?v=rWKYDfklSkE
cll8k49ga005n3o6lrg92111d,2620,front,,Abnormal Gait,cerebral palsy,"{'top': 24.0, 'left': 330.0, 'height': 424.8, 'width': 181.39999999999998}","{'height': 480, 'width': 854, 'mime_type': 'video/mp4'}",rWKYDfklSkE,https://www.youtube.com/watch?v=rWKYDfklSkE
cll8k49ga005n3o6lrg92111d,2621,front,,Abnormal Gait,cerebral palsy,"{'top': 24.0, 'left': 330.0, 'height': 424.7294117647059, 'width': 181.3941176470588}","{'height': 480, 'width': 854, 'mime_type': 'video/mp4'}",rWKYDfklSkE,https://www.youtube.com/watch?v=rWKYDfklSkE
cll8k49ga005n3o6lrg92111d,2622,front,,Abnormal Gait,cerebral palsy,"{'top': 24.0, 'left': 330.0, 'height': 424.65882352941173, 'width': 181.38823529411764}","{'height': 480, 'width': 854, 'mime_type': 'video/mp4'}",rWKYDfklSkE,https://www.youtube.com/watch?v=rWKYDfklSkE
cll8k49ga005n3o6lrg92111d,2623,front,,Abnormal Gait,cerebral palsy,"{'top': 24.0, 'left': 330.0, 'height': 424.5882352941176, 'width': 181.38235294117646}","{'height': 480, 'width': 854, 'mime_type': 'video/mp4'}",rWKYDfklSkE,https://www.youtube.com/watch?v=rWKYDfklSkE
cll8k49ga005n3o6lrg92111d,2624,front,,Abnormal Gait,cerebral palsy,"{'top': 24.0, 'left': 330.0, 'height': 424.5176470588235, 'width': 181.3764705882353}","{'height': 480, 'width': 854, 'mime_type': 'video/mp4'}",rWKYDfklSkE,https://www.youtube.com/watch?v=rWKYDfklSkE
cll8k49ga005n3o6lrg92111d,2625,front,,Abnormal Gait,cerebral palsy,"{'top': 24.0, 'left': 330.0, 'height': 424.4470588235294, 'width': 181.37058823529412}","{'height': 480, 'width': 854, 'mime_type': 'video/mp4'}",rWKYDfklSkE,https://www.youtube.com/watch?v=rWKYDfklSkE
cll8k49ga005n3o6lrg92111d,2626,front,,Abnormal Gait,cerebral palsy,"{'top': 24.0, 'left': 330.0, 'height': 424.3764705882353, 'width': 181.36470588235295}","{'height': 480, 'width': 854, 'mime_type': 'video/mp4'}",rWKYDfklSkE,https://www.youtube.com/watch?v=rWKYDfklSkE
cll8k49ga005n3o6lrg92111d,2627,front,,Abnormal Gait,cerebral palsy,"{'top': 24.0, 'left': 330.0, 'height': 424.3058823529412, 'width': 181.35882352941178}","{'height': 480, 'width': 854, 'mime_type': 'video/mp4'}",rWKYDfklSkE,https://www.youtube.com/watch?v=rWKYDfklSkE
cll8k49ga005n3o6lrg92111d,2628,front,,Abnormal Gait,cerebral palsy,"{'top': 24.0, 'left': 330.0, 'height': 424.2352941176471, 'width': 181.3529411764706}","{'height': 480, 'width': 854, 'mime_type': 'video/mp4'}",rWKYDfklSkE,https://www.youtube.com/watch?v=rWKYDfklSkE
cll8k49ga005n3o6lrg92111d,2629,front,,Abnormal Gait,cerebral palsy,"{'top': 24.0, 'left': 330.0, 'height': 424.16470588235296, 'width': 181.34705882352944}","{'height': 480, 'width': 854, 'mime_type': 'video/mp4'}",rWKYDfklSkE,https://www.youtube.com/watch?v=rWKYDfklSkE
cll8k49ga005n3o6lrg92111d,2630,front,,Abnormal Gait,cerebral palsy,"{'top': 24.0, 'left': 330.0, 'height': 424.09411764705885, 'width': 181.3411764705882}","{'height': 480, 'width': 854, 'mime_type': 'video/mp4'}",rWKYDfklSkE,https://www.youtube.com/watch?v=rWKYDfklSkE
cll8k49ga005n3o6lrg92111d,2631,front,,Abnormal Gait,cerebral palsy,"{'top': 24.0, 'left': 330.0, 'height': 424.0235294117647, 'width': 181.33529411764704}","{'height': 480, 'width': 854, 'mime_type': 'video/mp4'}",rWKYDfklSkE,https://www.youtube.com/watch?v=rWKYDfklSkE
cll8k49ga005n3o6lrg92111d,2632,front,,Abnormal Gait,cerebral palsy,"{'top': 24.0, 'left': 330.0, 'height': 423.9529411764706, 'width': 181.32941176470587}","{'height': 480, 'width': 854, 'mime_type': 'video/mp4'}",rWKYDfklSkE,https://www.youtube.com/watch?v=rWKYDfklSkE
cll8k49ga005n3o6lrg92111d,2633,front,,Abnormal Gait,cerebral palsy,"{'top': 24.0, 'left': 330.0, 'height': 423.88235294117646, 'width': 181.3235294117647}","{'height': 480, 'width': 854, 'mime_type': 'video/mp4'}",rWKYDfklSkE,https://www.youtube.com/watch?v=rWKYDfklSkE
cll8k49ga005n3o6lrg92111d,2634,front,,Abnormal Gait,cerebral palsy,"{'top': 24.0, 'left': 330.0, 'height': 423.81176470588235, 'width': 181.31764705882352}","{'height': 480, 'width': 854, 'mime_type': 'video/mp4'}",rWKYDfklSkE,https://www.youtube.com/watch?v=rWKYDfklSkE
cll8k49ga005n3o6lrg92111d,2635,front,,Abnormal Gait,cerebral palsy,"{'top': 24.0, 'left': 330.0, 'height': 423.74117647058824, 'width': 181.31176470588235}","{'height': 480, 'width': 854, 'mime_type': 'video/mp4'}",rWKYDfklSkE,https://www.youtube.com/watch?v=rWKYDfklSkE
cll8k49ga005n3o6lrg92111d,2636,front,,Abnormal Gait,cerebral palsy,"{'top': 24.0, 'left': 330.0, 'height': 423.67058823529413, 'width': 181.30588235294118}","{'height': 480, 'width': 854, 'mime_type': 'video/mp4'}",rWKYDfklSkE,https://www.youtube.com/watch?v=rWKYDfklSkE
cll8k49ga005n3o6lrg92111d,2637,front,,Abnormal Gait,cerebral palsy,"{'top': 24.0, 'left': 330.0, 'height': 423.6, 'width': 181.3}","{'height': 480, 'width': 854, 'mime_type': 'video/mp4'}",rWKYDfklSkE,https://www.youtube.com/watch?v=rWKYDfklSkE
cll8k49ga005n3o6lrg92111d,2638,front,,Abnormal Gait,cerebral palsy,"{'top': 24.0, 'left': 330.0, 'height': 423.52941176470586, 'width': 181.29411764705884}","{'height': 480, 'width': 854, 'mime_type': 'video/mp4'}",rWKYDfklSkE,https://www.youtube.com/watch?v=rWKYDfklSkE
cll8k49ga005n3o6lrg92111d,2639,front,,Abnormal Gait,cerebral palsy,"{'top': 24.0, 'left': 330.0, 'height': 423.45882352941175, 'width': 181.28823529411767}","{'height': 480, 'width': 854, 'mime_type': 'video/mp4'}",rWKYDfklSkE,https://www.youtube.com/watch?v=rWKYDfklSkE
cll8k49ga005n3o6lrg92111d,2640,front,,Abnormal Gait,cerebral palsy,"{'top': 24.0, 'left': 330.0, 'height': 423.38823529411764, 'width': 181.2823529411765}","{'height': 480, 'width': 854, 'mime_type': 'video/mp4'}",rWKYDfklSkE,https://www.youtube.com/watch?v=rWKYDfklSkE
cll8k49ga005n3o6lrg92111d,2641,front,,Abnormal Gait,cerebral palsy,"{'top': 24.0, 'left': 330.0, 'height': 423.3176470588235, 'width': 181.27647058823527}","{'height': 480, 'width': 854, 'mime_type': 'video/mp4'}",rWKYDfklSkE,https://www.youtube.com/watch?v=rWKYDfklSkE
cll8k49ga005n3o6lrg92111d,2642,front,,Abnormal Gait,cerebral palsy,"{'top': 24.0, 'left': 330.0, 'height': 423.2470588235294, 'width': 181.2705882352941}","{'height': 480, 'width': 854, 'mime_type': 'video/mp4'}",rWKYDfklSkE,https://www.youtube.com/watch?v=rWKYDfklSkE
cll8k49ga005n3o6lrg92111d,2643,front,,Abnormal Gait,cerebral palsy,"{'top': 24.0, 'left': 330.0, 'height': 423.1764705882353, 'width': 181.26470588235293}","{'height': 480, 'width': 854, 'mime_type': 'video/mp4'}",rWKYDfklSkE,https://www.youtube.com/watch?v=rWKYDfklSkE
cll8k49ga005n3o6lrg92111d,2644,front,,Abnormal Gait,cerebral palsy,"{'top': 24.0, 'left': 330.0, 'height': 423.1058823529412, 'width': 181.25882352941176}","{'height': 480, 'width': 854, 'mime_type': 'video/mp4'}",rWKYDfklSkE,https://www.youtube.com/watch?v=rWKYDfklSkE
cll8k49ga005n3o6lrg92111d,2645,front,,Abnormal Gait,cerebral palsy,"{'top': 24.0, 'left': 330.0, 'height': 423.0352941176471, 'width': 181.25294117647059}","{'height': 480, 'width': 854, 'mime_type': 'video/mp4'}",rWKYDfklSkE,https://www.youtube.com/watch?v=rWKYDfklSkE
cll8k49ga005n3o6lrg92111d,2646,front,,Abnormal Gait,cerebral palsy,"{'top': 24.0, 'left': 330.0, 'height': 422.9647058823529, 'width': 181.24705882352941}","{'height': 480, 'width': 854, 'mime_type': 'video/mp4'}",rWKYDfklSkE,https://www.youtube.com/watch?v=rWKYDfklSkE
cll8k49ga005n3o6lrg92111d,2647,front,,Abnormal Gait,cerebral palsy,"{'top': 24.0, 'left': 330.0, 'height': 422.8941176470588, 'width': 181.24117647058824}","{'height': 480, 'width': 854, 'mime_type': 'video/mp4'}",rWKYDfklSkE,https://www.youtube.com/watch?v=rWKYDfklSkE
cll8k49ga005n3o6lrg92111d,2648,front,,Abnormal Gait,cerebral palsy,"{'top': 24.0, 'left': 330.0, 'height': 422.8235294117647, 'width': 181.23529411764707}","{'height': 480, 'width': 854, 'mime_type': 'video/mp4'}",rWKYDfklSkE,https://www.youtube.com/watch?v=rWKYDfklSkE
cll8k49ga005n3o6lrg92111d,2649,front,,Abnormal Gait,cerebral palsy,"{'top': 24.0, 'left': 330.0, 'height': 422.7529411764706, 'width': 181.2294117647059}","{'height': 480, 'width': 854, 'mime_type': 'video/mp4'}",rWKYDfklSkE,https://www.youtube.com/watch?v=rWKYDfklSkE
cll8k49ga005n3o6lrg92111d,2650,front,,Abnormal Gait,cerebral palsy,"{'top': 24.0, 'left': 330.0, 'height': 422.6823529411765, 'width': 181.22352941176473}","{'height': 480, 'width': 854, 'mime_type': 'video/mp4'}",rWKYDfklSkE,https://www.youtube.com/watch?v=rWKYDfklSkE
cll8k49ga005n3o6lrg92111d,2651,front,,Abnormal Gait,cerebral palsy,"{'top': 24.0, 'left': 330.0, 'height': 422.61176470588236, 'width': 181.2176470588235}","{'height': 480, 'width': 854, 'mime_type': 'video/mp4'}",rWKYDfklSkE,https://www.youtube.com/watch?v=rWKYDfklSkE
cll8k49ga005n3o6lrg92111d,2652,front,,Abnormal Gait,cerebral palsy,"{'top': 24.0, 'left': 330.0, 'height': 422.54117647058825, 'width': 181.21176470588233}","{'height': 480, 'width': 854, 'mime_type': 'video/mp4'}",rWKYDfklSkE,https://www.youtube.com/watch?v=rWKYDfklSkE
cll8k49ga005n3o6lrg92111d,2653,front,,Abnormal Gait,cerebral palsy,"{'top': 24.0, 'left': 330.0, 'height': 422.47058823529414, 'width': 181.20588235294116}","{'height': 480, 'width': 854, 'mime_type': 'video/mp4'}",rWKYDfklSkE,https://www.youtube.com/watch?v=rWKYDfklSkE
cll8k49ga005n3o6lrg92111d,2654,front,,Abnormal Gait,cerebral palsy,"{'top': 24.0, 'left': 330.0, 'height': 422.4, 'width': 181.2}","{'height': 480, 'width': 854, 'mime_type': 'video/mp4'}",rWKYDfklSkE,https://www.youtube.com/watch?v=rWKYDfklSkE
cll8k49ga005n3o6lrg92111d,2655,front,,Abnormal Gait,cerebral palsy,"{'top': 24.0, 'left': 330.0, 'height': 422.32941176470587, 'width': 181.19411764705882}","{'height': 480, 'width': 854, 'mime_type': 'video/mp4'}",rWKYDfklSkE,https://www.youtube.com/watch?v=rWKYDfklSkE
cll8k49ga005n3o6lrg92111d,2656,front,,Abnormal Gait,cerebral palsy,"{'top': 24.0, 'left': 330.0, 'height': 422.25882352941176, 'width': 181.18823529411765}","{'height': 480, 'width': 854, 'mime_type': 'video/mp4'}",rWKYDfklSkE,https://www.youtube.com/watch?v=rWKYDfklSkE
cll8k49ga005n3o6lrg92111d,2657,front,,Abnormal Gait,cerebral palsy,"{'top': 24.0, 'left': 330.0, 'height': 422.18823529411765, 'width': 181.18235294117648}","{'height': 480, 'width': 854, 'mime_type': 'video/mp4'}",rWKYDfklSkE,https://www.youtube.com/watch?v=rWKYDfklSkE
cll8k49ga005n3o6lrg92111d,2658,front,,Abnormal Gait,cerebral palsy,"{'top': 24.0, 'left': 330.0, 'height': 422.11764705882354, 'width': 181.1764705882353}","{'height': 480, 'width': 854, 'mime_type': 'video/mp4'}",rWKYDfklSkE,https://www.youtube.com/watch?v=rWKYDfklSkE
cll8k49ga005n3o6lrg92111d,2659,front,,Abnormal Gait,cerebral palsy,"{'top': 24.0, 'left': 330.0, 'height': 422.0470588235294, 'width': 181.17058823529413}","{'height': 480, 'width': 854, 'mime_type': 'video/mp4'}",rWKYDfklSkE,https://www.youtube.com/watch?v=rWKYDfklSkE
cll8k49ga005n3o6lrg92111d,2660,front,,Abnormal Gait,cerebral palsy,"{'top': 24.0, 'left': 330.0, 'height': 421.9764705882353, 'width': 181.16470588235296}","{'height': 480, 'width': 854, 'mime_type': 'video/mp4'}",rWKYDfklSkE,https://www.youtube.com/watch?v=rWKYDfklSkE
cll8k49ga005n3o6lrg92111d,2661,front,,Abnormal Gait,cerebral palsy,"{'top': 24.0, 'left': 330.0, 'height': 421.90588235294115, 'width': 181.1588235294118}","{'height': 480, 'width': 854, 'mime_type': 'video/mp4'}",rWKYDfklSkE,https://www.youtube.com/watch?v=rWKYDfklSkE
cll8k49ga005n3o6lrg92111d,2662,front,,Abnormal Gait,cerebral palsy,"{'top': 24.0, 'left': 330.0, 'height': 421.83529411764704, 'width': 181.15294117647056}","{'height': 480, 'width': 854, 'mime_type': 'video/mp4'}",rWKYDfklSkE,https://www.youtube.com/watch?v=rWKYDfklSkE
cll8k49ga005n3o6lrg92111d,2663,front,,Abnormal Gait,cerebral palsy,"{'top': 24.0, 'left': 330.0, 'height': 421.7647058823529, 'width': 181.1470588235294}","{'height': 480, 'width': 854, 'mime_type': 'video/mp4'}",rWKYDfklSkE,https://www.youtube.com/watch?v=rWKYDfklSkE
cll8k49ga005n3o6lrg92111d,2664,front,,Abnormal Gait,cerebral palsy,"{'top': 24.0, 'left': 330.0, 'height': 421.6941176470588, 'width': 181.14117647058822}","{'height': 480, 'width': 854, 'mime_type': 'video/mp4'}",rWKYDfklSkE,https://www.youtube.com/watch?v=rWKYDfklSkE
cll8k49ga005n3o6lrg92111d,2665,front,,Abnormal Gait,cerebral palsy,"{'top': 24.0, 'left': 330.0, 'height': 421.6235294117647, 'width': 181.13529411764705}","{'height': 480, 'width': 854, 'mime_type': 'video/mp4'}",rWKYDfklSkE,https://www.youtube.com/watch?v=rWKYDfklSkE
cll8k49ga005n3o6lrg92111d,2666,front,,Abnormal Gait,cerebral palsy,"{'top': 24.0, 'left': 330.0, 'height': 421.5529411764706, 'width': 181.12941176470588}","{'height': 480, 'width': 854, 'mime_type': 'video/mp4'}",rWKYDfklSkE,https://www.youtube.com/watch?v=rWKYDfklSkE
cll8k49ga005n3o6lrg92111d,2667,front,,Abnormal Gait,cerebral palsy,"{'top': 24.0, 'left': 330.0, 'height': 421.4823529411765, 'width': 181.1235294117647}","{'height': 480, 'width': 854, 'mime_type': 'video/mp4'}",rWKYDfklSkE,https://www.youtube.com/watch?v=rWKYDfklSkE
cll8k49ga005n3o6lrg92111d,2668,front,,Abnormal Gait,cerebral palsy,"{'top': 24.0, 'left': 330.0, 'height': 421.4117647058824, 'width': 181.11764705882354}","{'height': 480, 'width': 854, 'mime_type': 'video/mp4'}",rWKYDfklSkE,https://www.youtube.com/watch?v=rWKYDfklSkE
cll8k49ga005n3o6lrg92111d,2669,front,,Abnormal Gait,cerebral palsy,"{'top': 24.0, 'left': 330.0, 'height': 421.34117647058827, 'width': 181.11176470588236}","{'height': 480, 'width': 854, 'mime_type': 'video/mp4'}",rWKYDfklSkE,https://www.youtube.com/watch?v=rWKYDfklSkE
cll8k49ga005n3o6lrg92111d,2670,front,,Abnormal Gait,cerebral palsy,"{'top': 24.0, 'left': 330.0, 'height': 421.2705882352941, 'width': 181.1058823529412}","{'height': 480, 'width': 854, 'mime_type': 'video/mp4'}",rWKYDfklSkE,https://www.youtube.com/watch?v=rWKYDfklSkE
cll8k49ga005n3o6lrg92111d,2671,front,,Abnormal Gait,cerebral palsy,"{'top': 24.0, 'left': 330.0, 'height': 421.2, 'width': 181.10000000000002}","{'height': 480, 'width': 854, 'mime_type': 'video/mp4'}",rWKYDfklSkE,https://www.youtube.com/watch?v=rWKYDfklSkE
cll8k49ga005n3o6lrg92111d,2672,front,,Abnormal Gait,cerebral palsy,"{'top': 24.0, 'left': 330.0, 'height': 421.1294117647059, 'width': 181.09411764705885}","{'height': 480, 'width': 854, 'mime_type': 'video/mp4'}",rWKYDfklSkE,https://www.youtube.com/watch?v=rWKYDfklSkE
cll8k49ga005n3o6lrg92111d,2673,front,,Abnormal Gait,cerebral palsy,"{'top': 24.0, 'left': 330.0, 'height': 421.05882352941177, 'width': 181.08823529411762}","{'height': 480, 'width': 854, 'mime_type': 'video/mp4'}",rWKYDfklSkE,https://www.youtube.com/watch?v=rWKYDfklSkE
cll8k49ga005n3o6lrg92111d,2674,front,,Abnormal Gait,cerebral palsy,"{'top': 24.0, 'left': 330.0, 'height': 420.98823529411766, 'width': 181.08235294117645}","{'height': 480, 'width': 854, 'mime_type': 'video/mp4'}",rWKYDfklSkE,https://www.youtube.com/watch?v=rWKYDfklSkE
cll8k49ga005n3o6lrg92111d,2675,front,,Abnormal Gait,cerebral palsy,"{'top': 24.0, 'left': 330.0, 'height': 420.91764705882355, 'width': 181.07647058823528}","{'height': 480, 'width': 854, 'mime_type': 'video/mp4'}",rWKYDfklSkE,https://www.youtube.com/watch?v=rWKYDfklSkE
cll8k49ga005n3o6lrg92111d,2676,front,,Abnormal Gait,cerebral palsy,"{'top': 24.0, 'left': 330.0, 'height': 420.84705882352944, 'width': 181.0705882352941}","{'height': 480, 'width': 854, 'mime_type': 'video/mp4'}",rWKYDfklSkE,https://www.youtube.com/watch?v=rWKYDfklSkE
cll8k49ga005n3o6lrg92111d,2677,front,,Abnormal Gait,cerebral palsy,"{'top': 24.0, 'left': 330.0, 'height': 420.77647058823527, 'width': 181.06470588235294}","{'height': 480, 'width': 854, 'mime_type': 'video/mp4'}",rWKYDfklSkE,https://www.youtube.com/watch?v=rWKYDfklSkE
cll8k49ga005n3o6lrg92111d,2678,front,,Abnormal Gait,cerebral palsy,"{'top': 24.0, 'left': 330.0, 'height': 420.70588235294116, 'width': 181.05882352941177}","{'height': 480, 'width': 854, 'mime_type': 'video/mp4'}",rWKYDfklSkE,https://www.youtube.com/watch?v=rWKYDfklSkE
cll8k49ga005n3o6lrg92111d,2679,front,,Abnormal Gait,cerebral palsy,"{'top': 24.0, 'left': 330.0, 'height': 420.63529411764705, 'width': 181.0529411764706}","{'height': 480, 'width': 854, 'mime_type': 'video/mp4'}",rWKYDfklSkE,https://www.youtube.com/watch?v=rWKYDfklSkE
cll8k49ga005n3o6lrg92111d,2680,front,,Abnormal Gait,cerebral palsy,"{'top': 24.0, 'left': 330.0, 'height': 420.56470588235294, 'width': 181.04705882352943}","{'height': 480, 'width': 854, 'mime_type': 'video/mp4'}",rWKYDfklSkE,https://www.youtube.com/watch?v=rWKYDfklSkE
cll8k49ga005n3o6lrg92111d,2681,front,,Abnormal Gait,cerebral palsy,"{'top': 24.0, 'left': 330.0, 'height': 420.49411764705883, 'width': 181.04117647058825}","{'height': 480, 'width': 854, 'mime_type': 'video/mp4'}",rWKYDfklSkE,https://www.youtube.com/watch?v=rWKYDfklSkE
cll8k49ga005n3o6lrg92111d,2682,front,,Abnormal Gait,cerebral palsy,"{'top': 24.0, 'left': 330.0, 'height': 420.4235294117647, 'width': 181.03529411764708}","{'height': 480, 'width': 854, 'mime_type': 'video/mp4'}",rWKYDfklSkE,https://www.youtube.com/watch?v=rWKYDfklSkE
cll8k49ga005n3o6lrg92111d,2683,front,,Abnormal Gait,cerebral palsy,"{'top': 24.0, 'left': 330.0, 'height': 420.3529411764706, 'width': 181.02941176470586}","{'height': 480, 'width': 854, 'mime_type': 'video/mp4'}",rWKYDfklSkE,https://www.youtube.com/watch?v=rWKYDfklSkE
cll8k49ga005n3o6lrg92111d,2684,front,,Abnormal Gait,cerebral palsy,"{'top': 24.0, 'left': 330.0, 'height': 420.28235294117644, 'width': 181.02352941176468}","{'height': 480, 'width': 854, 'mime_type': 'video/mp4'}",rWKYDfklSkE,https://www.youtube.com/watch?v=rWKYDfklSkE
cll8k49ga005n3o6lrg92111d,2685,front,,Abnormal Gait,cerebral palsy,"{'top': 24.0, 'left': 330.0, 'height': 420.21176470588233, 'width': 181.0176470588235}","{'height': 480, 'width': 854, 'mime_type': 'video/mp4'}",rWKYDfklSkE,https://www.youtube.com/watch?v=rWKYDfklSkE
cll8k49ga005n3o6lrg92111d,2686,front,,Abnormal Gait,cerebral palsy,"{'top': 24.0, 'left': 330.0, 'height': 420.1411764705882, 'width': 181.01176470588234}","{'height': 480, 'width': 854, 'mime_type': 'video/mp4'}",rWKYDfklSkE,https://www.youtube.com/watch?v=rWKYDfklSkE
cll8k49ga005n3o6lrg92111d,2687,front,,Abnormal Gait,cerebral palsy,"{'top': 24.0, 'left': 330.0, 'height': 420.0705882352941, 'width': 181.00588235294117}","{'height': 480, 'width': 854, 'mime_type': 'video/mp4'}",rWKYDfklSkE,https://www.youtube.com/watch?v=rWKYDfklSkE
cll8k49ga005n3o6lrg92111d,2688,front,,Abnormal Gait,cerebral palsy,"{'top': 24.0, 'left': 330.0, 'height': 420.0, 'width': 181.0}","{'height': 480, 'width': 854, 'mime_type': 'video/mp4'}",rWKYDfklSkE,https://www.youtube.com/watch?v=rWKYDfklSkE
