seq,frame_num,cam_view,gait_event,dataset,gait_pat,bbox,vid_info,id,url
cll8k4oby005r3o6ljjncvkp8,2704,back,,Abnormal Gait,cerebral palsy,"{'top': 40.0, 'left': 345.0, 'height': 385.0, 'width': 153.0}","{'height': 480, 'width': 854, 'mime_type': 'video/mp4'}",rWKYDfklSkE,https://www.youtube.com/watch?v=rWKYDfklSkE
cll8k4oby005r3o6ljjncvkp8,2705,back,,Abnormal Gait,cerebral palsy,"{'top': 40.0, 'left': 345.0, 'height': 385.0, 'width': 153.0}","{'height': 480, 'width': 854, 'mime_type': 'video/mp4'}",rWKYDfklSkE,https://www.youtube.com/watch?v=rWKYDfklSkE
cll8k4oby005r3o6ljjncvkp8,2706,back,,Abnormal Gait,cerebral palsy,"{'top': 40.0, 'left': 345.0, 'height': 385.0, 'width': 153.0}","{'height': 480, 'width': 854, 'mime_type': 'video/mp4'}",rWKYDfklSkE,https://www.youtube.com/watch?v=rWKYDfklSkE
cll8k4oby005r3o6ljjncvkp8,2707,back,,Abnormal Gait,cerebral palsy,"{'top': 40.0, 'left': 345.0, 'height': 385.0, 'width': 153.0}","{'height': 480, 'width': 854, 'mime_type': 'video/mp4'}",rWKYDfklSkE,https://www.youtube.com/watch?v=rWKYDfklSkE
cll8k4oby005r3o6ljjncvkp8,2708,back,,Abnormal Gait,cerebral palsy,"{'top': 40.0, 'left': 345.0, 'height': 385.0, 'width': 153.0}","{'height': 480, 'width': 854, 'mime_type': 'video/mp4'}",rWKYDfklSkE,https://www.youtube.com/watch?v=rWKYDfklSkE
cll8k4oby005r3o6ljjncvkp8,2709,back,,Abnormal Gait,cerebral palsy,"{'top': 40.0, 'left': 345.0, 'height': 385.0, 'width': 153.0}","{'height': 480, 'width': 854, 'mime_type': 'video/mp4'}",rWKYDfklSkE,https://www.youtube.com/watch?v=rWKYDfklSkE
cll8k4oby005r3o6ljjncvkp8,2710,back,,Abnormal Gait,cerebral palsy,"{'top': 40.0, 'left': 345.0, 'height': 385.0, 'width': 153.0}","{'height': 480, 'width': 854, 'mime_type': 'video/mp4'}",rWKYDfklSkE,https://www.youtube.com/watch?v=rWKYDfklSkE
cll8k4oby005r3o6ljjncvkp8,2711,back,,Abnormal Gait,cerebral palsy,"{'top': 40.0, 'left': 345.0, 'height': 385.0, 'width': 153.0}","{'height': 480, 'width': 854, 'mime_type': 'video/mp4'}",rWKYDfklSkE,https://www.youtube.com/watch?v=rWKYDfklSkE
cll8k4oby005r3o6ljjncvkp8,2712,back,,Abnormal Gait,cerebral palsy,"{'top': 40.0, 'left': 345.0, 'height': 385.0, 'width': 153.0}","{'height': 480, 'width': 854, 'mime_type': 'video/mp4'}",rWKYDfklSkE,https://www.youtube.com/watch?v=rWKYDfklSkE
cll8k4oby005r3o6ljjncvkp8,2713,back,,Abnormal Gait,cerebral palsy,"{'top': 40.0, 'left': 345.0, 'height': 385.0, 'width': 153.0}","{'height': 480, 'width': 854, 'mime_type': 'video/mp4'}",rWKYDfklSkE,https://www.youtube.com/watch?v=rWKYDfklSkE
cll8k4oby005r3o6ljjncvkp8,2714,back,,Abnormal Gait,cerebral palsy,"{'top': 40.0, 'left': 345.0, 'height': 385.0, 'width': 153.0}","{'height': 480, 'width': 854, 'mime_type': 'video/mp4'}",rWKYDfklSkE,https://www.youtube.com/watch?v=rWKYDfklSkE
cll8k4oby005r3o6ljjncvkp8,2715,back,,Abnormal Gait,cerebral palsy,"{'top': 40.0, 'left': 345.0, 'height': 385.0, 'width': 153.0}","{'height': 480, 'width': 854, 'mime_type': 'video/mp4'}",rWKYDfklSkE,https://www.youtube.com/watch?v=rWKYDfklSkE
cll8k4oby005r3o6ljjncvkp8,2716,back,,Abnormal Gait,cerebral palsy,"{'top': 40.0, 'left': 345.0, 'height': 385.0, 'width': 153.0}","{'height': 480, 'width': 854, 'mime_type': 'video/mp4'}",rWKYDfklSkE,https://www.youtube.com/watch?v=rWKYDfklSkE
cll8k4oby005r3o6ljjncvkp8,2717,back,,Abnormal Gait,cerebral palsy,"{'top': 40.0, 'left': 345.0, 'height': 385.0, 'width': 153.0}","{'height': 480, 'width': 854, 'mime_type': 'video/mp4'}",rWKYDfklSkE,https://www.youtube.com/watch?v=rWKYDfklSkE
cll8k4oby005r3o6ljjncvkp8,2718,back,,Abnormal Gait,cerebral palsy,"{'top': 40.0, 'left': 345.0, 'height': 385.0, 'width': 153.0}","{'height': 480, 'width': 854, 'mime_type': 'video/mp4'}",rWKYDfklSkE,https://www.youtube.com/watch?v=rWKYDfklSkE
cll8k4oby005r3o6ljjncvkp8,2719,back,,Abnormal Gait,cerebral palsy,"{'top': 40.0, 'left': 345.0, 'height': 385.0, 'width': 153.0}","{'height': 480, 'width': 854, 'mime_type': 'video/mp4'}",rWKYDfklSkE,https://www.youtube.com/watch?v=rWKYDfklSkE
cll8k4oby005r3o6ljjncvkp8,2720,back,,Abnormal Gait,cerebral palsy,"{'top': 40.0, 'left': 345.0, 'height': 385.0, 'width': 153.0}","{'height': 480, 'width': 854, 'mime_type': 'video/mp4'}",rWKYDfklSkE,https://www.youtube.com/watch?v=rWKYDfklSkE
cll8k4oby005r3o6ljjncvkp8,2721,back,,Abnormal Gait,cerebral palsy,"{'top': 40.0, 'left': 345.0, 'height': 385.0, 'width': 153.0}","{'height': 480, 'width': 854, 'mime_type': 'video/mp4'}",rWKYDfklSkE,https://www.youtube.com/watch?v=rWKYDfklSkE
cll8k4oby005r3o6ljjncvkp8,2722,back,,Abnormal Gait,cerebral palsy,"{'top': 40.0, 'left': 345.0, 'height': 385.0, 'width': 153.0}","{'height': 480, 'width': 854, 'mime_type': 'video/mp4'}",rWKYDfklSkE,https://www.youtube.com/watch?v=rWKYDfklSkE
cll8k4oby005r3o6ljjncvkp8,2723,back,,Abnormal Gait,cerebral palsy,"{'top': 40.0, 'left': 345.0, 'height': 385.0, 'width': 153.0}","{'height': 480, 'width': 854, 'mime_type': 'video/mp4'}",rWKYDfklSkE,https://www.youtube.com/watch?v=rWKYDfklSkE
cll8k4oby005r3o6ljjncvkp8,2724,back,,Abnormal Gait,cerebral palsy,"{'top': 40.0, 'left': 345.0, 'height': 385.0, 'width': 153.0}","{'height': 480, 'width': 854, 'mime_type': 'video/mp4'}",rWKYDfklSkE,https://www.youtube.com/watch?v=rWKYDfklSkE
cll8k4oby005r3o6ljjncvkp8,2725,back,,Abnormal Gait,cerebral palsy,"{'top': 40.0, 'left': 345.0, 'height': 385.0, 'width': 153.0}","{'height': 480, 'width': 854, 'mime_type': 'video/mp4'}",rWKYDfklSkE,https://www.youtube.com/watch?v=rWKYDfklSkE
cll8k4oby005r3o6ljjncvkp8,2726,back,,Abnormal Gait,cerebral palsy,"{'top': 40.0, 'left': 345.0, 'height': 385.0, 'width': 153.0}","{'height': 480, 'width': 854, 'mime_type': 'video/mp4'}",rWKYDfklSkE,https://www.youtube.com/watch?v=rWKYDfklSkE
cll8k4oby005r3o6ljjncvkp8,2727,back,,Abnormal Gait,cerebral palsy,"{'top': 40.0, 'left': 345.0, 'height': 385.0, 'width': 153.0}","{'height': 480, 'width': 854, 'mime_type': 'video/mp4'}",rWKYDfklSkE,https://www.youtube.com/watch?v=rWKYDfklSkE
cll8k4oby005r3o6ljjncvkp8,2728,back,,Abnormal Gait,cerebral palsy,"{'top': 40.0, 'left': 345.0, 'height': 385.0, 'width': 153.0}","{'height': 480, 'width': 854, 'mime_type': 'video/mp4'}",rWKYDfklSkE,https://www.youtube.com/watch?v=rWKYDfklSkE
cll8k4oby005r3o6ljjncvkp8,2729,back,,Abnormal Gait,cerebral palsy,"{'top': 40.0, 'left': 345.0, 'height': 385.0, 'width': 153.0}","{'height': 480, 'width': 854, 'mime_type': 'video/mp4'}",rWKYDfklSkE,https://www.youtube.com/watch?v=rWKYDfklSkE
cll8k4oby005r3o6ljjncvkp8,2730,back,,Abnormal Gait,cerebral palsy,"{'top': 40.0, 'left': 345.0, 'height': 385.0, 'width': 153.0}","{'height': 480, 'width': 854, 'mime_type': 'video/mp4'}",rWKYDfklSkE,https://www.youtube.com/watch?v=rWKYDfklSkE
cll8k4oby005r3o6ljjncvkp8,2731,back,,Abnormal Gait,cerebral palsy,"{'top': 40.0, 'left': 345.0, 'height': 385.0, 'width': 153.0}","{'height': 480, 'width': 854, 'mime_type': 'video/mp4'}",rWKYDfklSkE,https://www.youtube.com/watch?v=rWKYDfklSkE
cll8k4oby005r3o6ljjncvkp8,2732,back,,Abnormal Gait,cerebral palsy,"{'top': 40.0, 'left': 345.0, 'height': 385.0, 'width': 153.0}","{'height': 480, 'width': 854, 'mime_type': 'video/mp4'}",rWKYDfklSkE,https://www.youtube.com/watch?v=rWKYDfklSkE
cll8k4oby005r3o6ljjncvkp8,2733,back,,Abnormal Gait,cerebral palsy,"{'top': 40.0, 'left': 345.0, 'height': 385.0, 'width': 153.0}","{'height': 480, 'width': 854, 'mime_type': 'video/mp4'}",rWKYDfklSkE,https://www.youtube.com/watch?v=rWKYDfklSkE
cll8k4oby005r3o6ljjncvkp8,2734,back,,Abnormal Gait,cerebral palsy,"{'top': 40.0, 'left': 345.0, 'height': 385.0, 'width': 153.0}","{'height': 480, 'width': 854, 'mime_type': 'video/mp4'}",rWKYDfklSkE,https://www.youtube.com/watch?v=rWKYDfklSkE
cll8k4oby005r3o6ljjncvkp8,2735,back,,Abnormal Gait,cerebral palsy,"{'top': 40.0, 'left': 345.0, 'height': 385.0, 'width': 153.0}","{'height': 480, 'width': 854, 'mime_type': 'video/mp4'}",rWKYDfklSkE,https://www.youtube.com/watch?v=rWKYDfklSkE
cll8k4oby005r3o6ljjncvkp8,2736,back,,Abnormal Gait,cerebral palsy,"{'top': 40.0, 'left': 345.0, 'height': 385.0, 'width': 153.0}","{'height': 480, 'width': 854, 'mime_type': 'video/mp4'}",rWKYDfklSkE,https://www.youtube.com/watch?v=rWKYDfklSkE
cll8k4oby005r3o6ljjncvkp8,2737,back,,Abnormal Gait,cerebral palsy,"{'top': 40.0, 'left': 345.0, 'height': 385.0, 'width': 153.0}","{'height': 480, 'width': 854, 'mime_type': 'video/mp4'}",rWKYDfklSkE,https://www.youtube.com/watch?v=rWKYDfklSkE
cll8k4oby005r3o6ljjncvkp8,2738,back,,Abnormal Gait,cerebral palsy,"{'top': 40.0, 'left': 345.0, 'height': 385.0, 'width': 153.0}","{'height': 480, 'width': 854, 'mime_type': 'video/mp4'}",rWKYDfklSkE,https://www.youtube.com/watch?v=rWKYDfklSkE
cll8k4oby005r3o6ljjncvkp8,2739,back,,Abnormal Gait,cerebral palsy,"{'top': 40.0, 'left': 345.0, 'height': 385.0, 'width': 153.0}","{'height': 480, 'width': 854, 'mime_type': 'video/mp4'}",rWKYDfklSkE,https://www.youtube.com/watch?v=rWKYDfklSkE
cll8k4oby005r3o6ljjncvkp8,2740,back,,Abnormal Gait,cerebral palsy,"{'top': 40.0, 'left': 345.0, 'height': 385.0, 'width': 153.0}","{'height': 480, 'width': 854, 'mime_type': 'video/mp4'}",rWKYDfklSkE,https://www.youtube.com/watch?v=rWKYDfklSkE
cll8k4oby005r3o6ljjncvkp8,2741,back,,Abnormal Gait,cerebral palsy,"{'top': 40.0, 'left': 345.0, 'height': 385.0, 'width': 153.0}","{'height': 480, 'width': 854, 'mime_type': 'video/mp4'}",rWKYDfklSkE,https://www.youtube.com/watch?v=rWKYDfklSkE
cll8k4oby005r3o6ljjncvkp8,2742,back,,Abnormal Gait,cerebral palsy,"{'top': 40.0, 'left': 345.0, 'height': 385.0, 'width': 153.0}","{'height': 480, 'width': 854, 'mime_type': 'video/mp4'}",rWKYDfklSkE,https://www.youtube.com/watch?v=rWKYDfklSkE
cll8k4oby005r3o6ljjncvkp8,2743,back,,Abnormal Gait,cerebral palsy,"{'top': 40.0, 'left': 345.0, 'height': 385.0, 'width': 153.0}","{'height': 480, 'width': 854, 'mime_type': 'video/mp4'}",rWKYDfklSkE,https://www.youtube.com/watch?v=rWKYDfklSkE
cll8k4oby005r3o6ljjncvkp8,2744,back,,Abnormal Gait,cerebral palsy,"{'top': 40.0, 'left': 345.0, 'height': 385.0, 'width': 153.0}","{'height': 480, 'width': 854, 'mime_type': 'video/mp4'}",rWKYDfklSkE,https://www.youtube.com/watch?v=rWKYDfklSkE
cll8k4oby005r3o6ljjncvkp8,2745,back,,Abnormal Gait,cerebral palsy,"{'top': 40.0, 'left': 345.0, 'height': 385.0, 'width': 153.0}","{'height': 480, 'width': 854, 'mime_type': 'video/mp4'}",rWKYDfklSkE,https://www.youtube.com/watch?v=rWKYDfklSkE
cll8k4oby005r3o6ljjncvkp8,2746,back,,Abnormal Gait,cerebral palsy,"{'top': 40.0, 'left': 345.0, 'height': 385.0, 'width': 153.0}","{'height': 480, 'width': 854, 'mime_type': 'video/mp4'}",rWKYDfklSkE,https://www.youtube.com/watch?v=rWKYDfklSkE
cll8k4oby005r3o6ljjncvkp8,2747,back,,Abnormal Gait,cerebral palsy,"{'top': 40.0, 'left': 345.0, 'height': 385.0, 'width': 153.0}","{'height': 480, 'width': 854, 'mime_type': 'video/mp4'}",rWKYDfklSkE,https://www.youtube.com/watch?v=rWKYDfklSkE
cll8k4oby005r3o6ljjncvkp8,2748,back,,Abnormal Gait,cerebral palsy,"{'top': 40.0, 'left': 345.0, 'height': 385.0, 'width': 153.0}","{'height': 480, 'width': 854, 'mime_type': 'video/mp4'}",rWKYDfklSkE,https://www.youtube.com/watch?v=rWKYDfklSkE
cll8k4oby005r3o6ljjncvkp8,2749,back,,Abnormal Gait,cerebral palsy,"{'top': 40.0, 'left': 345.0, 'height': 385.0, 'width': 153.0}","{'height': 480, 'width': 854, 'mime_type': 'video/mp4'}",rWKYDfklSkE,https://www.youtube.com/watch?v=rWKYDfklSkE
cll8k4oby005r3o6ljjncvkp8,2750,back,,Abnormal Gait,cerebral palsy,"{'top': 40.0, 'left': 345.0, 'height': 385.0, 'width': 153.0}","{'height': 480, 'width': 854, 'mime_type': 'video/mp4'}",rWKYDfklSkE,https://www.youtube.com/watch?v=rWKYDfklSkE
cll8k4oby005r3o6ljjncvkp8,2751,back,,Abnormal Gait,cerebral palsy,"{'top': 40.0, 'left': 345.0, 'height': 385.0, 'width': 153.0}","{'height': 480, 'width': 854, 'mime_type': 'video/mp4'}",rWKYDfklSkE,https://www.youtube.com/watch?v=rWKYDfklSkE
cll8k4oby005r3o6ljjncvkp8,2752,back,,Abnormal Gait,cerebral palsy,"{'top': 40.0, 'left': 345.0, 'height': 385.0, 'width': 153.0}","{'height': 480, 'width': 854, 'mime_type': 'video/mp4'}",rWKYDfklSkE,https://www.youtube.com/watch?v=rWKYDfklSkE
cll8k4oby005r3o6ljjncvkp8,2753,back,,Abnormal Gait,cerebral palsy,"{'top': 40.0, 'left': 345.0, 'height': 385.0, 'width': 153.0}","{'height': 480, 'width': 854, 'mime_type': 'video/mp4'}",rWKYDfklSkE,https://www.youtube.com/watch?v=rWKYDfklSkE
cll8k4oby005r3o6ljjncvkp8,2754,back,,Abnormal Gait,cerebral palsy,"{'top': 40.0, 'left': 345.0, 'height': 385.0, 'width': 153.0}","{'height': 480, 'width': 854, 'mime_type': 'video/mp4'}",rWKYDfklSkE,https://www.youtube.com/watch?v=rWKYDfklSkE
cll8k4oby005r3o6ljjncvkp8,2755,back,,Abnormal Gait,cerebral palsy,"{'top': 40.0, 'left': 345.0, 'height': 385.0, 'width': 153.0}","{'height': 480, 'width': 854, 'mime_type': 'video/mp4'}",rWKYDfklSkE,https://www.youtube.com/watch?v=rWKYDfklSkE
cll8k4oby005r3o6ljjncvkp8,2756,back,,Abnormal Gait,cerebral palsy,"{'top': 40.0, 'left': 345.0, 'height': 385.0, 'width': 153.0}","{'height': 480, 'width': 854, 'mime_type': 'video/mp4'}",rWKYDfklSkE,https://www.youtube.com/watch?v=rWKYDfklSkE
cll8k4oby005r3o6ljjncvkp8,2757,back,,Abnormal Gait,cerebral palsy,"{'top': 40.0, 'left': 345.0, 'height': 385.0, 'width': 153.0}","{'height': 480, 'width': 854, 'mime_type': 'video/mp4'}",rWKYDfklSkE,https://www.youtube.com/watch?v=rWKYDfklSkE
cll8k4oby005r3o6ljjncvkp8,2758,back,,Abnormal Gait,cerebral palsy,"{'top': 40.0, 'left': 345.0, 'height': 385.0, 'width': 153.0}","{'height': 480, 'width': 854, 'mime_type': 'video/mp4'}",rWKYDfklSkE,https://www.youtube.com/watch?v=rWKYDfklSkE
cll8k4oby005r3o6ljjncvkp8,2759,back,,Abnormal Gait,cerebral palsy,"{'top': 40.0, 'left': 345.0, 'height': 385.0, 'width': 153.0}","{'height': 480, 'width': 854, 'mime_type': 'video/mp4'}",rWKYDfklSkE,https://www.youtube.com/watch?v=rWKYDfklSkE
cll8k4oby005r3o6ljjncvkp8,2760,back,,Abnormal Gait,cerebral palsy,"{'top': 40.0, 'left': 345.0, 'height': 385.0, 'width': 153.0}","{'height': 480, 'width': 854, 'mime_type': 'video/mp4'}",rWKYDfklSkE,https://www.youtube.com/watch?v=rWKYDfklSkE
cll8k4oby005r3o6ljjncvkp8,2761,back,,Abnormal Gait,cerebral palsy,"{'top': 40.0, 'left': 345.0, 'height': 385.0, 'width': 153.0}","{'height': 480, 'width': 854, 'mime_type': 'video/mp4'}",rWKYDfklSkE,https://www.youtube.com/watch?v=rWKYDfklSkE
cll8k4oby005r3o6ljjncvkp8,2762,back,,Abnormal Gait,cerebral palsy,"{'top': 40.0, 'left': 345.0, 'height': 385.0, 'width': 153.0}","{'height': 480, 'width': 854, 'mime_type': 'video/mp4'}",rWKYDfklSkE,https://www.youtube.com/watch?v=rWKYDfklSkE
cll8k4oby005r3o6ljjncvkp8,2763,back,,Abnormal Gait,cerebral palsy,"{'top': 40.0, 'left': 345.0, 'height': 385.0, 'width': 153.0}","{'height': 480, 'width': 854, 'mime_type': 'video/mp4'}",rWKYDfklSkE,https://www.youtube.com/watch?v=rWKYDfklSkE
cll8k4oby005r3o6ljjncvkp8,2764,back,,Abnormal Gait,cerebral palsy,"{'top': 40.0, 'left': 345.0, 'height': 385.0, 'width': 153.0}","{'height': 480, 'width': 854, 'mime_type': 'video/mp4'}",rWKYDfklSkE,https://www.youtube.com/watch?v=rWKYDfklSkE
cll8k4oby005r3o6ljjncvkp8,2765,back,,Abnormal Gait,cerebral palsy,"{'top': 40.0, 'left': 345.0, 'height': 385.0, 'width': 153.0}","{'height': 480, 'width': 854, 'mime_type': 'video/mp4'}",rWKYDfklSkE,https://www.youtube.com/watch?v=rWKYDfklSkE
cll8k4oby005r3o6ljjncvkp8,2766,back,,Abnormal Gait,cerebral palsy,"{'top': 40.0, 'left': 345.0, 'height': 385.0, 'width': 153.0}","{'height': 480, 'width': 854, 'mime_type': 'video/mp4'}",rWKYDfklSkE,https://www.youtube.com/watch?v=rWKYDfklSkE
cll8k4oby005r3o6ljjncvkp8,2767,back,,Abnormal Gait,cerebral palsy,"{'top': 40.0, 'left': 345.0, 'height': 385.0, 'width': 153.0}","{'height': 480, 'width': 854, 'mime_type': 'video/mp4'}",rWKYDfklSkE,https://www.youtube.com/watch?v=rWKYDfklSkE
cll8k4oby005r3o6ljjncvkp8,2768,back,,Abnormal Gait,cerebral palsy,"{'top': 40.0, 'left': 345.0, 'height': 385.0, 'width': 153.0}","{'height': 480, 'width': 854, 'mime_type': 'video/mp4'}",rWKYDfklSkE,https://www.youtube.com/watch?v=rWKYDfklSkE
cll8k4oby005r3o6ljjncvkp8,2769,back,,Abnormal Gait,cerebral palsy,"{'top': 40.0, 'left': 345.0, 'height': 385.0, 'width': 153.0}","{'height': 480, 'width': 854, 'mime_type': 'video/mp4'}",rWKYDfklSkE,https://www.youtube.com/watch?v=rWKYDfklSkE
cll8k4oby005r3o6ljjncvkp8,2770,back,,Abnormal Gait,cerebral palsy,"{'top': 40.0, 'left': 345.0, 'height': 385.0, 'width': 153.0}","{'height': 480, 'width': 854, 'mime_type': 'video/mp4'}",rWKYDfklSkE,https://www.youtube.com/watch?v=rWKYDfklSkE
cll8k4oby005r3o6ljjncvkp8,2771,back,,Abnormal Gait,cerebral palsy,"{'top': 40.0, 'left': 345.0, 'height': 385.0, 'width': 153.0}","{'height': 480, 'width': 854, 'mime_type': 'video/mp4'}",rWKYDfklSkE,https://www.youtube.com/watch?v=rWKYDfklSkE
cll8k4oby005r3o6ljjncvkp8,2772,back,,Abnormal Gait,cerebral palsy,"{'top': 40.0, 'left': 345.0, 'height': 385.0, 'width': 153.0}","{'height': 480, 'width': 854, 'mime_type': 'video/mp4'}",rWKYDfklSkE,https://www.youtube.com/watch?v=rWKYDfklSkE
cll8k4oby005r3o6ljjncvkp8,2773,back,,Abnormal Gait,cerebral palsy,"{'top': 40.0, 'left': 345.0, 'height': 385.0, 'width': 153.0}","{'height': 480, 'width': 854, 'mime_type': 'video/mp4'}",rWKYDfklSkE,https://www.youtube.com/watch?v=rWKYDfklSkE
cll8k4oby005r3o6ljjncvkp8,2774,back,,Abnormal Gait,cerebral palsy,"{'top': 40.0, 'left': 345.0, 'height': 385.0, 'width': 153.0}","{'height': 480, 'width': 854, 'mime_type': 'video/mp4'}",rWKYDfklSkE,https://www.youtube.com/watch?v=rWKYDfklSkE
cll8k4oby005r3o6ljjncvkp8,2775,back,,Abnormal Gait,cerebral palsy,"{'top': 40.0, 'left': 345.0, 'height': 385.0, 'width': 153.0}","{'height': 480, 'width': 854, 'mime_type': 'video/mp4'}",rWKYDfklSkE,https://www.youtube.com/watch?v=rWKYDfklSkE
cll8k4oby005r3o6ljjncvkp8,2776,back,,Abnormal Gait,cerebral palsy,"{'top': 40.0, 'left': 345.0, 'height': 385.0, 'width': 153.0}","{'height': 480, 'width': 854, 'mime_type': 'video/mp4'}",rWKYDfklSkE,https://www.youtube.com/watch?v=rWKYDfklSkE
cll8k4oby005r3o6ljjncvkp8,2777,back,,Abnormal Gait,cerebral palsy,"{'top': 40.0, 'left': 345.0, 'height': 385.0, 'width': 153.0}","{'height': 480, 'width': 854, 'mime_type': 'video/mp4'}",rWKYDfklSkE,https://www.youtube.com/watch?v=rWKYDfklSkE
cll8k4oby005r3o6ljjncvkp8,2778,back,,Abnormal Gait,cerebral palsy,"{'top': 40.0, 'left': 345.0, 'height': 385.0, 'width': 153.0}","{'height': 480, 'width': 854, 'mime_type': 'video/mp4'}",rWKYDfklSkE,https://www.youtube.com/watch?v=rWKYDfklSkE
cll8k4oby005r3o6ljjncvkp8,2779,back,,Abnormal Gait,cerebral palsy,"{'top': 40.0, 'left': 345.0, 'height': 385.0, 'width': 153.0}","{'height': 480, 'width': 854, 'mime_type': 'video/mp4'}",rWKYDfklSkE,https://www.youtube.com/watch?v=rWKYDfklSkE
cll8k4oby005r3o6ljjncvkp8,2780,back,,Abnormal Gait,cerebral palsy,"{'top': 40.0, 'left': 345.0, 'height': 385.0, 'width': 153.0}","{'height': 480, 'width': 854, 'mime_type': 'video/mp4'}",rWKYDfklSkE,https://www.youtube.com/watch?v=rWKYDfklSkE
cll8k4oby005r3o6ljjncvkp8,2781,back,,Abnormal Gait,cerebral palsy,"{'top': 40.0, 'left': 345.0, 'height': 385.0, 'width': 153.0}","{'height': 480, 'width': 854, 'mime_type': 'video/mp4'}",rWKYDfklSkE,https://www.youtube.com/watch?v=rWKYDfklSkE
cll8k4oby005r3o6ljjncvkp8,2782,back,,Abnormal Gait,cerebral palsy,"{'top': 40.0, 'left': 345.0, 'height': 385.0, 'width': 153.0}","{'height': 480, 'width': 854, 'mime_type': 'video/mp4'}",rWKYDfklSkE,https://www.youtube.com/watch?v=rWKYDfklSkE
cll8k4oby005r3o6ljjncvkp8,2783,back,,Abnormal Gait,cerebral palsy,"{'top': 40.0, 'left': 345.0, 'height': 385.0, 'width': 153.0}","{'height': 480, 'width': 854, 'mime_type': 'video/mp4'}",rWKYDfklSkE,https://www.youtube.com/watch?v=rWKYDfklSkE
cll8k4oby005r3o6ljjncvkp8,2784,back,,Abnormal Gait,cerebral palsy,"{'top': 40.0, 'left': 345.0, 'height': 385.0, 'width': 153.0}","{'height': 480, 'width': 854, 'mime_type': 'video/mp4'}",rWKYDfklSkE,https://www.youtube.com/watch?v=rWKYDfklSkE
cll8k4oby005r3o6ljjncvkp8,2785,back,,Abnormal Gait,cerebral palsy,"{'top': 40.0, 'left': 345.0, 'height': 385.0, 'width': 153.0}","{'height': 480, 'width': 854, 'mime_type': 'video/mp4'}",rWKYDfklSkE,https://www.youtube.com/watch?v=rWKYDfklSkE
cll8k4oby005r3o6ljjncvkp8,2786,back,,Abnormal Gait,cerebral palsy,"{'top': 40.0, 'left': 345.0, 'height': 385.0, 'width': 153.0}","{'height': 480, 'width': 854, 'mime_type': 'video/mp4'}",rWKYDfklSkE,https://www.youtube.com/watch?v=rWKYDfklSkE
cll8k4oby005r3o6ljjncvkp8,2787,back,,Abnormal Gait,cerebral palsy,"{'top': 40.0, 'left': 345.0, 'height': 385.0, 'width': 153.0}","{'height': 480, 'width': 854, 'mime_type': 'video/mp4'}",rWKYDfklSkE,https://www.youtube.com/watch?v=rWKYDfklSkE
cll8k4oby005r3o6ljjncvkp8,2788,back,,Abnormal Gait,cerebral palsy,"{'top': 40.0, 'left': 345.0, 'height': 385.0, 'width': 153.0}","{'height': 480, 'width': 854, 'mime_type': 'video/mp4'}",rWKYDfklSkE,https://www.youtube.com/watch?v=rWKYDfklSkE
cll8k4oby005r3o6ljjncvkp8,2789,back,,Abnormal Gait,cerebral palsy,"{'top': 40.0, 'left': 345.0, 'height': 385.0, 'width': 153.0}","{'height': 480, 'width': 854, 'mime_type': 'video/mp4'}",rWKYDfklSkE,https://www.youtube.com/watch?v=rWKYDfklSkE
cll8k4oby005r3o6ljjncvkp8,2790,back,,Abnormal Gait,cerebral palsy,"{'top': 40.0, 'left': 345.0, 'height': 385.0, 'width': 153.0}","{'height': 480, 'width': 854, 'mime_type': 'video/mp4'}",rWKYDfklSkE,https://www.youtube.com/watch?v=rWKYDfklSkE
cll8k4oby005r3o6ljjncvkp8,2791,back,,Abnormal Gait,cerebral palsy,"{'top': 40.0, 'left': 345.0, 'height': 385.0, 'width': 153.0}","{'height': 480, 'width': 854, 'mime_type': 'video/mp4'}",rWKYDfklSkE,https://www.youtube.com/watch?v=rWKYDfklSkE
cll8k4oby005r3o6ljjncvkp8,2792,back,,Abnormal Gait,cerebral palsy,"{'top': 40.0, 'left': 345.0, 'height': 385.0, 'width': 153.0}","{'height': 480, 'width': 854, 'mime_type': 'video/mp4'}",rWKYDfklSkE,https://www.youtube.com/watch?v=rWKYDfklSkE
cll8k4oby005r3o6ljjncvkp8,2793,back,,Abnormal Gait,cerebral palsy,"{'top': 40.0, 'left': 345.0, 'height': 385.0, 'width': 153.0}","{'height': 480, 'width': 854, 'mime_type': 'video/mp4'}",rWKYDfklSkE,https://www.youtube.com/watch?v=rWKYDfklSkE
cll8k4oby005r3o6ljjncvkp8,2794,back,,Abnormal Gait,cerebral palsy,"{'top': 40.0, 'left': 345.0, 'height': 385.0, 'width': 153.0}","{'height': 480, 'width': 854, 'mime_type': 'video/mp4'}",rWKYDfklSkE,https://www.youtube.com/watch?v=rWKYDfklSkE
cll8k4oby005r3o6ljjncvkp8,2795,back,,Abnormal Gait,cerebral palsy,"{'top': 40.0, 'left': 345.0, 'height': 385.0, 'width': 153.0}","{'height': 480, 'width': 854, 'mime_type': 'video/mp4'}",rWKYDfklSkE,https://www.youtube.com/watch?v=rWKYDfklSkE
cll8k4oby005r3o6ljjncvkp8,2796,back,,Abnormal Gait,cerebral palsy,"{'top': 40.0, 'left': 345.0, 'height': 385.0, 'width': 153.0}","{'height': 480, 'width': 854, 'mime_type': 'video/mp4'}",rWKYDfklSkE,https://www.youtube.com/watch?v=rWKYDfklSkE
cll8k4oby005r3o6ljjncvkp8,2797,back,,Abnormal Gait,cerebral palsy,"{'top': 40.0, 'left': 345.0, 'height': 385.0, 'width': 153.0}","{'height': 480, 'width': 854, 'mime_type': 'video/mp4'}",rWKYDfklSkE,https://www.youtube.com/watch?v=rWKYDfklSkE
cll8k4oby005r3o6ljjncvkp8,2798,back,,Abnormal Gait,cerebral palsy,"{'top': 40.0, 'left': 345.0, 'height': 385.0, 'width': 153.0}","{'height': 480, 'width': 854, 'mime_type': 'video/mp4'}",rWKYDfklSkE,https://www.youtube.com/watch?v=rWKYDfklSkE
cll8k4oby005r3o6ljjncvkp8,2799,back,,Abnormal Gait,cerebral palsy,"{'top': 40.0, 'left': 345.0, 'height': 385.0, 'width': 153.0}","{'height': 480, 'width': 854, 'mime_type': 'video/mp4'}",rWKYDfklSkE,https://www.youtube.com/watch?v=rWKYDfklSkE
cll8k4oby005r3o6ljjncvkp8,2800,back,,Abnormal Gait,cerebral palsy,"{'top': 40.0, 'left': 345.0, 'height': 385.0, 'width': 153.0}","{'height': 480, 'width': 854, 'mime_type': 'video/mp4'}",rWKYDfklSkE,https://www.youtube.com/watch?v=rWKYDfklSkE
cll8k4oby005r3o6ljjncvkp8,2801,back,,Abnormal Gait,cerebral palsy,"{'top': 40.0, 'left': 345.0, 'height': 385.0, 'width': 153.0}","{'height': 480, 'width': 854, 'mime_type': 'video/mp4'}",rWKYDfklSkE,https://www.youtube.com/watch?v=rWKYDfklSkE
cll8k4oby005r3o6ljjncvkp8,2802,back,,Abnormal Gait,cerebral palsy,"{'top': 40.0, 'left': 345.0, 'height': 385.0, 'width': 153.0}","{'height': 480, 'width': 854, 'mime_type': 'video/mp4'}",rWKYDfklSkE,https://www.youtube.com/watch?v=rWKYDfklSkE
cll8k4oby005r3o6ljjncvkp8,2803,back,,Abnormal Gait,cerebral palsy,"{'top': 40.0, 'left': 345.0, 'height': 385.0, 'width': 153.0}","{'height': 480, 'width': 854, 'mime_type': 'video/mp4'}",rWKYDfklSkE,https://www.youtube.com/watch?v=rWKYDfklSkE
cll8k4oby005r3o6ljjncvkp8,2804,back,,Abnormal Gait,cerebral palsy,"{'top': 40.0, 'left': 345.0, 'height': 385.0, 'width': 153.0}","{'height': 480, 'width': 854, 'mime_type': 'video/mp4'}",rWKYDfklSkE,https://www.youtube.com/watch?v=rWKYDfklSkE
cll8k4oby005r3o6ljjncvkp8,2805,back,,Abnormal Gait,cerebral palsy,"{'top': 40.0, 'left': 345.0, 'height': 385.0, 'width': 153.0}","{'height': 480, 'width': 854, 'mime_type': 'video/mp4'}",rWKYDfklSkE,https://www.youtube.com/watch?v=rWKYDfklSkE
cll8k4oby005r3o6ljjncvkp8,2806,back,,Abnormal Gait,cerebral palsy,"{'top': 40.0, 'left': 345.0, 'height': 385.0, 'width': 153.0}","{'height': 480, 'width': 854, 'mime_type': 'video/mp4'}",rWKYDfklSkE,https://www.youtube.com/watch?v=rWKYDfklSkE
cll8k4oby005r3o6ljjncvkp8,2807,back,,Abnormal Gait,cerebral palsy,"{'top': 40.0, 'left': 345.0, 'height': 385.0, 'width': 153.0}","{'height': 480, 'width': 854, 'mime_type': 'video/mp4'}",rWKYDfklSkE,https://www.youtube.com/watch?v=rWKYDfklSkE
cll8k4oby005r3o6ljjncvkp8,2808,back,,Abnormal Gait,cerebral palsy,"{'top': 40.0, 'left': 345.0, 'height': 385.0, 'width': 153.0}","{'height': 480, 'width': 854, 'mime_type': 'video/mp4'}",rWKYDfklSkE,https://www.youtube.com/watch?v=rWKYDfklSkE
cll8k4oby005r3o6ljjncvkp8,2809,back,,Abnormal Gait,cerebral palsy,"{'top': 40.0, 'left': 345.0, 'height': 385.0, 'width': 153.0}","{'height': 480, 'width': 854, 'mime_type': 'video/mp4'}",rWKYDfklSkE,https://www.youtube.com/watch?v=rWKYDfklSkE
cll8k4oby005r3o6ljjncvkp8,2810,back,,Abnormal Gait,cerebral palsy,"{'top': 40.0, 'left': 345.0, 'height': 385.0, 'width': 153.0}","{'height': 480, 'width': 854, 'mime_type': 'video/mp4'}",rWKYDfklSkE,https://www.youtube.com/watch?v=rWKYDfklSkE
cll8k4oby005r3o6ljjncvkp8,2811,back,,Abnormal Gait,cerebral palsy,"{'top': 40.0, 'left': 345.0, 'height': 385.0, 'width': 153.0}","{'height': 480, 'width': 854, 'mime_type': 'video/mp4'}",rWKYDfklSkE,https://www.youtube.com/watch?v=rWKYDfklSkE
cll8k4oby005r3o6ljjncvkp8,2812,back,,Abnormal Gait,cerebral palsy,"{'top': 40.0, 'left': 345.0, 'height': 385.0, 'width': 153.0}","{'height': 480, 'width': 854, 'mime_type': 'video/mp4'}",rWKYDfklSkE,https://www.youtube.com/watch?v=rWKYDfklSkE
cll8k4oby005r3o6ljjncvkp8,2813,back,,Abnormal Gait,cerebral palsy,"{'top': 40.0, 'left': 345.0, 'height': 385.0, 'width': 153.0}","{'height': 480, 'width': 854, 'mime_type': 'video/mp4'}",rWKYDfklSkE,https://www.youtube.com/watch?v=rWKYDfklSkE
cll8k4oby005r3o6ljjncvkp8,2814,back,,Abnormal Gait,cerebral palsy,"{'top': 40.0, 'left': 345.0, 'height': 385.0, 'width': 153.0}","{'height': 480, 'width': 854, 'mime_type': 'video/mp4'}",rWKYDfklSkE,https://www.youtube.com/watch?v=rWKYDfklSkE
cll8k4oby005r3o6ljjncvkp8,2815,back,,Abnormal Gait,cerebral palsy,"{'top': 40.0, 'left': 345.0, 'height': 385.0, 'width': 153.0}","{'height': 480, 'width': 854, 'mime_type': 'video/mp4'}",rWKYDfklSkE,https://www.youtube.com/watch?v=rWKYDfklSkE
cll8k4oby005r3o6ljjncvkp8,2816,back,,Abnormal Gait,cerebral palsy,"{'top': 40.0, 'left': 345.0, 'height': 385.0, 'width': 153.0}","{'height': 480, 'width': 854, 'mime_type': 'video/mp4'}",rWKYDfklSkE,https://www.youtube.com/watch?v=rWKYDfklSkE
cll8k4oby005r3o6ljjncvkp8,2817,back,,Abnormal Gait,cerebral palsy,"{'top': 40.0, 'left': 345.0, 'height': 385.0, 'width': 153.0}","{'height': 480, 'width': 854, 'mime_type': 'video/mp4'}",rWKYDfklSkE,https://www.youtube.com/watch?v=rWKYDfklSkE
cll8k4oby005r3o6ljjncvkp8,2818,back,,Abnormal Gait,cerebral palsy,"{'top': 40.0, 'left': 345.0, 'height': 385.0, 'width': 153.0}","{'height': 480, 'width': 854, 'mime_type': 'video/mp4'}",rWKYDfklSkE,https://www.youtube.com/watch?v=rWKYDfklSkE
cll8k4oby005r3o6ljjncvkp8,2819,back,,Abnormal Gait,cerebral palsy,"{'top': 40.0, 'left': 345.0, 'height': 385.0, 'width': 153.0}","{'height': 480, 'width': 854, 'mime_type': 'video/mp4'}",rWKYDfklSkE,https://www.youtube.com/watch?v=rWKYDfklSkE
cll8k4oby005r3o6ljjncvkp8,2820,back,,Abnormal Gait,cerebral palsy,"{'top': 40.0, 'left': 345.0, 'height': 385.0, 'width': 153.0}","{'height': 480, 'width': 854, 'mime_type': 'video/mp4'}",rWKYDfklSkE,https://www.youtube.com/watch?v=rWKYDfklSkE
cll8k4oby005r3o6ljjncvkp8,2821,back,,Abnormal Gait,cerebral palsy,"{'top': 40.0, 'left': 345.0, 'height': 385.0, 'width': 153.0}","{'height': 480, 'width': 854, 'mime_type': 'video/mp4'}",rWKYDfklSkE,https://www.youtube.com/watch?v=rWKYDfklSkE
cll8k4oby005r3o6ljjncvkp8,2822,back,,Abnormal Gait,cerebral palsy,"{'top': 40.0, 'left': 345.0, 'height': 385.0, 'width': 153.0}","{'height': 480, 'width': 854, 'mime_type': 'video/mp4'}",rWKYDfklSkE,https://www.youtube.com/watch?v=rWKYDfklSkE
cll8k4oby005r3o6ljjncvkp8,2823,back,,Abnormal Gait,cerebral palsy,"{'top': 40.0, 'left': 345.0, 'height': 385.0, 'width': 153.0}","{'height': 480, 'width': 854, 'mime_type': 'video/mp4'}",rWKYDfklSkE,https://www.youtube.com/watch?v=rWKYDfklSkE
cll8k4oby005r3o6ljjncvkp8,2824,back,,Abnormal Gait,cerebral palsy,"{'top': 40.0, 'left': 345.0, 'height': 385.0, 'width': 153.0}","{'height': 480, 'width': 854, 'mime_type': 'video/mp4'}",rWKYDfklSkE,https://www.youtube.com/watch?v=rWKYDfklSkE
cll8k4oby005r3o6ljjncvkp8,2825,back,,Abnormal Gait,cerebral palsy,"{'top': 40.0, 'left': 345.0, 'height': 385.0, 'width': 153.0}","{'height': 480, 'width': 854, 'mime_type': 'video/mp4'}",rWKYDfklSkE,https://www.youtube.com/watch?v=rWKYDfklSkE
cll8k4oby005r3o6ljjncvkp8,2826,back,,Abnormal Gait,cerebral palsy,"{'top': 40.0, 'left': 345.0, 'height': 385.0, 'width': 153.0}","{'height': 480, 'width': 854, 'mime_type': 'video/mp4'}",rWKYDfklSkE,https://www.youtube.com/watch?v=rWKYDfklSkE
cll8k4oby005r3o6ljjncvkp8,2827,back,,Abnormal Gait,cerebral palsy,"{'top': 40.0, 'left': 345.0, 'height': 385.0, 'width': 153.0}","{'height': 480, 'width': 854, 'mime_type': 'video/mp4'}",rWKYDfklSkE,https://www.youtube.com/watch?v=rWKYDfklSkE
cll8k4oby005r3o6ljjncvkp8,2828,back,,Abnormal Gait,cerebral palsy,"{'top': 40.0, 'left': 345.0, 'height': 385.0, 'width': 153.0}","{'height': 480, 'width': 854, 'mime_type': 'video/mp4'}",rWKYDfklSkE,https://www.youtube.com/watch?v=rWKYDfklSkE
cll8k4oby005r3o6ljjncvkp8,2829,back,,Abnormal Gait,cerebral palsy,"{'top': 40.0, 'left': 345.0, 'height': 385.0, 'width': 153.0}","{'height': 480, 'width': 854, 'mime_type': 'video/mp4'}",rWKYDfklSkE,https://www.youtube.com/watch?v=rWKYDfklSkE
cll8k4oby005r3o6ljjncvkp8,2830,back,,Abnormal Gait,cerebral palsy,"{'top': 40.0, 'left': 345.0, 'height': 385.0, 'width': 153.0}","{'height': 480, 'width': 854, 'mime_type': 'video/mp4'}",rWKYDfklSkE,https://www.youtube.com/watch?v=rWKYDfklSkE
cll8k4oby005r3o6ljjncvkp8,2831,back,,Abnormal Gait,cerebral palsy,"{'top': 40.0, 'left': 345.0, 'height': 385.0, 'width': 153.0}","{'height': 480, 'width': 854, 'mime_type': 'video/mp4'}",rWKYDfklSkE,https://www.youtube.com/watch?v=rWKYDfklSkE
cll8k4oby005r3o6ljjncvkp8,2832,back,,Abnormal Gait,cerebral palsy,"{'top': 40.0, 'left': 345.0, 'height': 385.0, 'width': 153.0}","{'height': 480, 'width': 854, 'mime_type': 'video/mp4'}",rWKYDfklSkE,https://www.youtube.com/watch?v=rWKYDfklSkE
cll8k4oby005r3o6ljjncvkp8,2833,back,,Abnormal Gait,cerebral palsy,"{'top': 40.0, 'left': 345.0, 'height': 385.0, 'width': 153.0}","{'height': 480, 'width': 854, 'mime_type': 'video/mp4'}",rWKYDfklSkE,https://www.youtube.com/watch?v=rWKYDfklSkE
cll8k4oby005r3o6ljjncvkp8,2834,back,,Abnormal Gait,cerebral palsy,"{'top': 40.0, 'left': 345.0, 'height': 385.0, 'width': 153.0}","{'height': 480, 'width': 854, 'mime_type': 'video/mp4'}",rWKYDfklSkE,https://www.youtube.com/watch?v=rWKYDfklSkE
cll8k4oby005r3o6ljjncvkp8,2835,back,,Abnormal Gait,cerebral palsy,"{'top': 40.0, 'left': 345.0, 'height': 385.0, 'width': 153.0}","{'height': 480, 'width': 854, 'mime_type': 'video/mp4'}",rWKYDfklSkE,https://www.youtube.com/watch?v=rWKYDfklSkE
cll8k4oby005r3o6ljjncvkp8,2836,back,,Abnormal Gait,cerebral palsy,"{'top': 40.0, 'left': 345.0, 'height': 385.0, 'width': 153.0}","{'height': 480, 'width': 854, 'mime_type': 'video/mp4'}",rWKYDfklSkE,https://www.youtube.com/watch?v=rWKYDfklSkE
cll8k4oby005r3o6ljjncvkp8,2837,back,,Abnormal Gait,cerebral palsy,"{'top': 40.0, 'left': 345.0, 'height': 385.0, 'width': 153.0}","{'height': 480, 'width': 854, 'mime_type': 'video/mp4'}",rWKYDfklSkE,https://www.youtube.com/watch?v=rWKYDfklSkE
cll8k4oby005r3o6ljjncvkp8,2838,back,,Abnormal Gait,cerebral palsy,"{'top': 40.0, 'left': 345.0, 'height': 385.0, 'width': 153.0}","{'height': 480, 'width': 854, 'mime_type': 'video/mp4'}",rWKYDfklSkE,https://www.youtube.com/watch?v=rWKYDfklSkE
cll8k4oby005r3o6ljjncvkp8,2839,back,,Abnormal Gait,cerebral palsy,"{'top': 40.0, 'left': 345.0, 'height': 385.0, 'width': 153.0}","{'height': 480, 'width': 854, 'mime_type': 'video/mp4'}",rWKYDfklSkE,https://www.youtube.com/watch?v=rWKYDfklSkE
cll8k4oby005r3o6ljjncvkp8,2840,back,,Abnormal Gait,cerebral palsy,"{'top': 40.0, 'left': 345.0, 'height': 385.0, 'width': 153.0}","{'height': 480, 'width': 854, 'mime_type': 'video/mp4'}",rWKYDfklSkE,https://www.youtube.com/watch?v=rWKYDfklSkE
cll8k4oby005r3o6ljjncvkp8,2841,back,,Abnormal Gait,cerebral palsy,"{'top': 40.0, 'left': 345.0, 'height': 385.0, 'width': 153.0}","{'height': 480, 'width': 854, 'mime_type': 'video/mp4'}",rWKYDfklSkE,https://www.youtube.com/watch?v=rWKYDfklSkE
cll8k4oby005r3o6ljjncvkp8,2842,back,,Abnormal Gait,cerebral palsy,"{'top': 40.0, 'left': 345.0, 'height': 385.0, 'width': 153.0}","{'height': 480, 'width': 854, 'mime_type': 'video/mp4'}",rWKYDfklSkE,https://www.youtube.com/watch?v=rWKYDfklSkE
cll8k4oby005r3o6ljjncvkp8,2843,back,,Abnormal Gait,cerebral palsy,"{'top': 40.0, 'left': 345.0, 'height': 385.0, 'width': 153.0}","{'height': 480, 'width': 854, 'mime_type': 'video/mp4'}",rWKYDfklSkE,https://www.youtube.com/watch?v=rWKYDfklSkE
cll8k4oby005r3o6ljjncvkp8,2844,back,,Abnormal Gait,cerebral palsy,"{'top': 40.0, 'left': 345.0, 'height': 385.0, 'width': 153.0}","{'height': 480, 'width': 854, 'mime_type': 'video/mp4'}",rWKYDfklSkE,https://www.youtube.com/watch?v=rWKYDfklSkE
cll8k4oby005r3o6ljjncvkp8,2845,back,,Abnormal Gait,cerebral palsy,"{'top': 40.0, 'left': 345.0, 'height': 385.0, 'width': 153.0}","{'height': 480, 'width': 854, 'mime_type': 'video/mp4'}",rWKYDfklSkE,https://www.youtube.com/watch?v=rWKYDfklSkE
cll8k4oby005r3o6ljjncvkp8,2846,back,,Abnormal Gait,cerebral palsy,"{'top': 40.0, 'left': 345.0, 'height': 385.0, 'width': 153.0}","{'height': 480, 'width': 854, 'mime_type': 'video/mp4'}",rWKYDfklSkE,https://www.youtube.com/watch?v=rWKYDfklSkE
cll8k4oby005r3o6ljjncvkp8,2847,back,,Abnormal Gait,cerebral palsy,"{'top': 40.0, 'left': 345.0, 'height': 385.0, 'width': 153.0}","{'height': 480, 'width': 854, 'mime_type': 'video/mp4'}",rWKYDfklSkE,https://www.youtube.com/watch?v=rWKYDfklSkE
cll8k4oby005r3o6ljjncvkp8,2848,back,,Abnormal Gait,cerebral palsy,"{'top': 40.0, 'left': 345.0, 'height': 385.0, 'width': 153.0}","{'height': 480, 'width': 854, 'mime_type': 'video/mp4'}",rWKYDfklSkE,https://www.youtube.com/watch?v=rWKYDfklSkE
cll8k4oby005r3o6ljjncvkp8,2849,back,,Abnormal Gait,cerebral palsy,"{'top': 40.0, 'left': 345.0, 'height': 385.0, 'width': 153.0}","{'height': 480, 'width': 854, 'mime_type': 'video/mp4'}",rWKYDfklSkE,https://www.youtube.com/watch?v=rWKYDfklSkE
cll8k4oby005r3o6ljjncvkp8,2850,back,,Abnormal Gait,cerebral palsy,"{'top': 40.0, 'left': 345.0, 'height': 385.0, 'width': 153.0}","{'height': 480, 'width': 854, 'mime_type': 'video/mp4'}",rWKYDfklSkE,https://www.youtube.com/watch?v=rWKYDfklSkE
cll8k4oby005r3o6ljjncvkp8,2851,back,,Abnormal Gait,cerebral palsy,"{'top': 40.0, 'left': 345.0, 'height': 385.0, 'width': 153.0}","{'height': 480, 'width': 854, 'mime_type': 'video/mp4'}",rWKYDfklSkE,https://www.youtube.com/watch?v=rWKYDfklSkE
cll8k4oby005r3o6ljjncvkp8,2852,back,,Abnormal Gait,cerebral palsy,"{'top': 40.0, 'left': 345.0, 'height': 385.0, 'width': 153.0}","{'height': 480, 'width': 854, 'mime_type': 'video/mp4'}",rWKYDfklSkE,https://www.youtube.com/watch?v=rWKYDfklSkE
cll8k4oby005r3o6ljjncvkp8,2853,back,,Abnormal Gait,cerebral palsy,"{'top': 40.0, 'left': 345.0, 'height': 385.0, 'width': 153.0}","{'height': 480, 'width': 854, 'mime_type': 'video/mp4'}",rWKYDfklSkE,https://www.youtube.com/watch?v=rWKYDfklSkE
cll8k4oby005r3o6ljjncvkp8,2854,back,,Abnormal Gait,cerebral palsy,"{'top': 40.0, 'left': 345.0, 'height': 385.0, 'width': 153.0}","{'height': 480, 'width': 854, 'mime_type': 'video/mp4'}",rWKYDfklSkE,https://www.youtube.com/watch?v=rWKYDfklSkE
cll8k4oby005r3o6ljjncvkp8,2855,back,,Abnormal Gait,cerebral palsy,"{'top': 40.0, 'left': 345.0, 'height': 385.0, 'width': 153.0}","{'height': 480, 'width': 854, 'mime_type': 'video/mp4'}",rWKYDfklSkE,https://www.youtube.com/watch?v=rWKYDfklSkE
cll8k4oby005r3o6ljjncvkp8,2856,back,,Abnormal Gait,cerebral palsy,"{'top': 40.0, 'left': 345.0, 'height': 385.0, 'width': 153.0}","{'height': 480, 'width': 854, 'mime_type': 'video/mp4'}",rWKYDfklSkE,https://www.youtube.com/watch?v=rWKYDfklSkE
cll8k4oby005r3o6ljjncvkp8,2857,back,,Abnormal Gait,cerebral palsy,"{'top': 40.0, 'left': 345.0, 'height': 385.0, 'width': 153.0}","{'height': 480, 'width': 854, 'mime_type': 'video/mp4'}",rWKYDfklSkE,https://www.youtube.com/watch?v=rWKYDfklSkE
cll8k4oby005r3o6ljjncvkp8,2858,back,,Abnormal Gait,cerebral palsy,"{'top': 40.0, 'left': 345.0, 'height': 385.0, 'width': 153.0}","{'height': 480, 'width': 854, 'mime_type': 'video/mp4'}",rWKYDfklSkE,https://www.youtube.com/watch?v=rWKYDfklSkE
cll8k4oby005r3o6ljjncvkp8,2859,back,,Abnormal Gait,cerebral palsy,"{'top': 40.0, 'left': 345.0, 'height': 385.0, 'width': 153.0}","{'height': 480, 'width': 854, 'mime_type': 'video/mp4'}",rWKYDfklSkE,https://www.youtube.com/watch?v=rWKYDfklSkE
cll8k4oby005r3o6ljjncvkp8,2860,back,,Abnormal Gait,cerebral palsy,"{'top': 40.0, 'left': 345.0, 'height': 385.0, 'width': 153.0}","{'height': 480, 'width': 854, 'mime_type': 'video/mp4'}",rWKYDfklSkE,https://www.youtube.com/watch?v=rWKYDfklSkE
cll8k4oby005r3o6ljjncvkp8,2861,back,,Abnormal Gait,cerebral palsy,"{'top': 40.0, 'left': 345.0, 'height': 385.0, 'width': 153.0}","{'height': 480, 'width': 854, 'mime_type': 'video/mp4'}",rWKYDfklSkE,https://www.youtube.com/watch?v=rWKYDfklSkE
cll8k4oby005r3o6ljjncvkp8,2862,back,,Abnormal Gait,cerebral palsy,"{'top': 40.0, 'left': 345.0, 'height': 385.0, 'width': 153.0}","{'height': 480, 'width': 854, 'mime_type': 'video/mp4'}",rWKYDfklSkE,https://www.youtube.com/watch?v=rWKYDfklSkE
cll8k4oby005r3o6ljjncvkp8,2863,back,,Abnormal Gait,cerebral palsy,"{'top': 40.0, 'left': 345.0, 'height': 385.0, 'width': 153.0}","{'height': 480, 'width': 854, 'mime_type': 'video/mp4'}",rWKYDfklSkE,https://www.youtube.com/watch?v=rWKYDfklSkE
cll8k4oby005r3o6ljjncvkp8,2864,back,,Abnormal Gait,cerebral palsy,"{'top': 40.0, 'left': 345.0, 'height': 385.0, 'width': 153.0}","{'height': 480, 'width': 854, 'mime_type': 'video/mp4'}",rWKYDfklSkE,https://www.youtube.com/watch?v=rWKYDfklSkE
cll8k4oby005r3o6ljjncvkp8,2865,back,,Abnormal Gait,cerebral palsy,"{'top': 40.0, 'left': 345.0, 'height': 385.0, 'width': 153.0}","{'height': 480, 'width': 854, 'mime_type': 'video/mp4'}",rWKYDfklSkE,https://www.youtube.com/watch?v=rWKYDfklSkE
cll8k4oby005r3o6ljjncvkp8,2866,back,,Abnormal Gait,cerebral palsy,"{'top': 40.0, 'left': 345.0, 'height': 385.0, 'width': 153.0}","{'height': 480, 'width': 854, 'mime_type': 'video/mp4'}",rWKYDfklSkE,https://www.youtube.com/watch?v=rWKYDfklSkE
cll8k4oby005r3o6ljjncvkp8,2867,back,,Abnormal Gait,cerebral palsy,"{'top': 40.0, 'left': 345.0, 'height': 385.0, 'width': 153.0}","{'height': 480, 'width': 854, 'mime_type': 'video/mp4'}",rWKYDfklSkE,https://www.youtube.com/watch?v=rWKYDfklSkE
cll8k4oby005r3o6ljjncvkp8,2868,back,,Abnormal Gait,cerebral palsy,"{'top': 40.0, 'left': 345.0, 'height': 385.0, 'width': 153.0}","{'height': 480, 'width': 854, 'mime_type': 'video/mp4'}",rWKYDfklSkE,https://www.youtube.com/watch?v=rWKYDfklSkE
cll8k4oby005r3o6ljjncvkp8,2869,back,,Abnormal Gait,cerebral palsy,"{'top': 40.0, 'left': 345.0, 'height': 385.0, 'width': 153.0}","{'height': 480, 'width': 854, 'mime_type': 'video/mp4'}",rWKYDfklSkE,https://www.youtube.com/watch?v=rWKYDfklSkE
cll8k4oby005r3o6ljjncvkp8,2870,back,,Abnormal Gait,cerebral palsy,"{'top': 40.0, 'left': 345.0, 'height': 385.0, 'width': 153.0}","{'height': 480, 'width': 854, 'mime_type': 'video/mp4'}",rWKYDfklSkE,https://www.youtube.com/watch?v=rWKYDfklSkE
cll8k4oby005r3o6ljjncvkp8,2871,back,,Abnormal Gait,cerebral palsy,"{'top': 40.0, 'left': 345.0, 'height': 385.0, 'width': 153.0}","{'height': 480, 'width': 854, 'mime_type': 'video/mp4'}",rWKYDfklSkE,https://www.youtube.com/watch?v=rWKYDfklSkE
cll8k4oby005r3o6ljjncvkp8,2872,back,,Abnormal Gait,cerebral palsy,"{'top': 40.0, 'left': 345.0, 'height': 385.0, 'width': 153.0}","{'height': 480, 'width': 854, 'mime_type': 'video/mp4'}",rWKYDfklSkE,https://www.youtube.com/watch?v=rWKYDfklSkE
cll8k4oby005r3o6ljjncvkp8,2873,back,,Abnormal Gait,cerebral palsy,"{'top': 40.0, 'left': 345.0, 'height': 385.0, 'width': 153.0}","{'height': 480, 'width': 854, 'mime_type': 'video/mp4'}",rWKYDfklSkE,https://www.youtube.com/watch?v=rWKYDfklSkE
cll8k4oby005r3o6ljjncvkp8,2874,back,,Abnormal Gait,cerebral palsy,"{'top': 40.0, 'left': 345.0, 'height': 385.0, 'width': 153.0}","{'height': 480, 'width': 854, 'mime_type': 'video/mp4'}",rWKYDfklSkE,https://www.youtube.com/watch?v=rWKYDfklSkE
cll8k4oby005r3o6ljjncvkp8,2875,back,,Abnormal Gait,cerebral palsy,"{'top': 40.0, 'left': 345.0, 'height': 385.0, 'width': 153.0}","{'height': 480, 'width': 854, 'mime_type': 'video/mp4'}",rWKYDfklSkE,https://www.youtube.com/watch?v=rWKYDfklSkE
cll8k4oby005r3o6ljjncvkp8,2876,back,,Abnormal Gait,cerebral palsy,"{'top': 40.0, 'left': 345.0, 'height': 385.0, 'width': 153.0}","{'height': 480, 'width': 854, 'mime_type': 'video/mp4'}",rWKYDfklSkE,https://www.youtube.com/watch?v=rWKYDfklSkE
cll8k4oby005r3o6ljjncvkp8,2877,back,,Abnormal Gait,cerebral palsy,"{'top': 40.0, 'left': 345.0, 'height': 385.0, 'width': 153.0}","{'height': 480, 'width': 854, 'mime_type': 'video/mp4'}",rWKYDfklSkE,https://www.youtube.com/watch?v=rWKYDfklSkE
cll8k4oby005r3o6ljjncvkp8,2878,back,,Abnormal Gait,cerebral palsy,"{'top': 40.0, 'left': 345.0, 'height': 385.0, 'width': 153.0}","{'height': 480, 'width': 854, 'mime_type': 'video/mp4'}",rWKYDfklSkE,https://www.youtube.com/watch?v=rWKYDfklSkE
cll8k4oby005r3o6ljjncvkp8,2879,back,,Abnormal Gait,cerebral palsy,"{'top': 40.0, 'left': 345.0, 'height': 385.0, 'width': 153.0}","{'height': 480, 'width': 854, 'mime_type': 'video/mp4'}",rWKYDfklSkE,https://www.youtube.com/watch?v=rWKYDfklSkE
cll8k4oby005r3o6ljjncvkp8,2880,back,,Abnormal Gait,cerebral palsy,"{'top': 40.0, 'left': 345.0, 'height': 385.0, 'width': 153.0}","{'height': 480, 'width': 854, 'mime_type': 'video/mp4'}",rWKYDfklSkE,https://www.youtube.com/watch?v=rWKYDfklSkE
cll8k4oby005r3o6ljjncvkp8,2881,back,,Abnormal Gait,cerebral palsy,"{'top': 40.0, 'left': 345.0, 'height': 385.0, 'width': 153.0}","{'height': 480, 'width': 854, 'mime_type': 'video/mp4'}",rWKYDfklSkE,https://www.youtube.com/watch?v=rWKYDfklSkE
cll8k4oby005r3o6ljjncvkp8,2882,back,,Abnormal Gait,cerebral palsy,"{'top': 40.0, 'left': 345.0, 'height': 385.0, 'width': 153.0}","{'height': 480, 'width': 854, 'mime_type': 'video/mp4'}",rWKYDfklSkE,https://www.youtube.com/watch?v=rWKYDfklSkE
cll8k4oby005r3o6ljjncvkp8,2883,back,,Abnormal Gait,cerebral palsy,"{'top': 40.0, 'left': 345.0, 'height': 385.0, 'width': 153.0}","{'height': 480, 'width': 854, 'mime_type': 'video/mp4'}",rWKYDfklSkE,https://www.youtube.com/watch?v=rWKYDfklSkE
cll8k4oby005r3o6ljjncvkp8,2884,back,,Abnormal Gait,cerebral palsy,"{'top': 40.0, 'left': 345.0, 'height': 385.0, 'width': 153.0}","{'height': 480, 'width': 854, 'mime_type': 'video/mp4'}",rWKYDfklSkE,https://www.youtube.com/watch?v=rWKYDfklSkE
cll8k4oby005r3o6ljjncvkp8,2885,back,,Abnormal Gait,cerebral palsy,"{'top': 40.0, 'left': 345.0, 'height': 385.0, 'width': 153.0}","{'height': 480, 'width': 854, 'mime_type': 'video/mp4'}",rWKYDfklSkE,https://www.youtube.com/watch?v=rWKYDfklSkE
cll8k4oby005r3o6ljjncvkp8,2886,back,,Abnormal Gait,cerebral palsy,"{'top': 40.0, 'left': 345.0, 'height': 385.0, 'width': 153.0}","{'height': 480, 'width': 854, 'mime_type': 'video/mp4'}",rWKYDfklSkE,https://www.youtube.com/watch?v=rWKYDfklSkE
cll8k4oby005r3o6ljjncvkp8,2887,back,,Abnormal Gait,cerebral palsy,"{'top': 40.0, 'left': 345.0, 'height': 385.0, 'width': 153.0}","{'height': 480, 'width': 854, 'mime_type': 'video/mp4'}",rWKYDfklSkE,https://www.youtube.com/watch?v=rWKYDfklSkE
cll8k4oby005r3o6ljjncvkp8,2888,back,,Abnormal Gait,cerebral palsy,"{'top': 40.0, 'left': 345.0, 'height': 385.0, 'width': 153.0}","{'height': 480, 'width': 854, 'mime_type': 'video/mp4'}",rWKYDfklSkE,https://www.youtube.com/watch?v=rWKYDfklSkE
cll8k4oby005r3o6ljjncvkp8,2889,back,,Abnormal Gait,cerebral palsy,"{'top': 40.0, 'left': 345.0, 'height': 385.0, 'width': 153.0}","{'height': 480, 'width': 854, 'mime_type': 'video/mp4'}",rWKYDfklSkE,https://www.youtube.com/watch?v=rWKYDfklSkE
cll8k4oby005r3o6ljjncvkp8,2890,back,,Abnormal Gait,cerebral palsy,"{'top': 40.0, 'left': 345.0, 'height': 385.0, 'width': 153.0}","{'height': 480, 'width': 854, 'mime_type': 'video/mp4'}",rWKYDfklSkE,https://www.youtube.com/watch?v=rWKYDfklSkE
cll8k4oby005r3o6ljjncvkp8,2891,back,,Abnormal Gait,cerebral palsy,"{'top': 40.0, 'left': 345.0, 'height': 385.0, 'width': 153.0}","{'height': 480, 'width': 854, 'mime_type': 'video/mp4'}",rWKYDfklSkE,https://www.youtube.com/watch?v=rWKYDfklSkE
cll8k4oby005r3o6ljjncvkp8,2892,back,,Abnormal Gait,cerebral palsy,"{'top': 40.0, 'left': 345.0, 'height': 385.0, 'width': 153.0}","{'height': 480, 'width': 854, 'mime_type': 'video/mp4'}",rWKYDfklSkE,https://www.youtube.com/watch?v=rWKYDfklSkE
cll8k4oby005r3o6ljjncvkp8,2893,back,,Abnormal Gait,cerebral palsy,"{'top': 40.0, 'left': 345.0, 'height': 385.0, 'width': 153.0}","{'height': 480, 'width': 854, 'mime_type': 'video/mp4'}",rWKYDfklSkE,https://www.youtube.com/watch?v=rWKYDfklSkE
cll8k4oby005r3o6ljjncvkp8,2894,back,,Abnormal Gait,cerebral palsy,"{'top': 40.0, 'left': 345.0, 'height': 385.0, 'width': 153.0}","{'height': 480, 'width': 854, 'mime_type': 'video/mp4'}",rWKYDfklSkE,https://www.youtube.com/watch?v=rWKYDfklSkE
cll8k4oby005r3o6ljjncvkp8,2895,back,,Abnormal Gait,cerebral palsy,"{'top': 40.0, 'left': 345.0, 'height': 385.0, 'width': 153.0}","{'height': 480, 'width': 854, 'mime_type': 'video/mp4'}",rWKYDfklSkE,https://www.youtube.com/watch?v=rWKYDfklSkE
cll8k4oby005r3o6ljjncvkp8,2896,back,,Abnormal Gait,cerebral palsy,"{'top': 40.0, 'left': 345.0, 'height': 385.0, 'width': 153.0}","{'height': 480, 'width': 854, 'mime_type': 'video/mp4'}",rWKYDfklSkE,https://www.youtube.com/watch?v=rWKYDfklSkE
cll8k4oby005r3o6ljjncvkp8,2897,back,,Abnormal Gait,cerebral palsy,"{'top': 40.0, 'left': 345.0, 'height': 385.0, 'width': 153.0}","{'height': 480, 'width': 854, 'mime_type': 'video/mp4'}",rWKYDfklSkE,https://www.youtube.com/watch?v=rWKYDfklSkE
cll8k4oby005r3o6ljjncvkp8,2898,back,,Abnormal Gait,cerebral palsy,"{'top': 40.0, 'left': 345.0, 'height': 385.0, 'width': 153.0}","{'height': 480, 'width': 854, 'mime_type': 'video/mp4'}",rWKYDfklSkE,https://www.youtube.com/watch?v=rWKYDfklSkE
cll8k4oby005r3o6ljjncvkp8,2899,back,,Abnormal Gait,cerebral palsy,"{'top': 40.0, 'left': 345.0, 'height': 385.0, 'width': 153.0}","{'height': 480, 'width': 854, 'mime_type': 'video/mp4'}",rWKYDfklSkE,https://www.youtube.com/watch?v=rWKYDfklSkE
cll8k4oby005r3o6ljjncvkp8,2900,back,,Abnormal Gait,cerebral palsy,"{'top': 40.0, 'left': 345.0, 'height': 385.0, 'width': 153.0}","{'height': 480, 'width': 854, 'mime_type': 'video/mp4'}",rWKYDfklSkE,https://www.youtube.com/watch?v=rWKYDfklSkE
cll8k4oby005r3o6ljjncvkp8,2901,back,,Abnormal Gait,cerebral palsy,"{'top': 40.0, 'left': 345.0, 'height': 385.0, 'width': 153.0}","{'height': 480, 'width': 854, 'mime_type': 'video/mp4'}",rWKYDfklSkE,https://www.youtube.com/watch?v=rWKYDfklSkE
cll8k4oby005r3o6ljjncvkp8,2902,back,,Abnormal Gait,cerebral palsy,"{'top': 40.0, 'left': 345.0, 'height': 385.0, 'width': 153.0}","{'height': 480, 'width': 854, 'mime_type': 'video/mp4'}",rWKYDfklSkE,https://www.youtube.com/watch?v=rWKYDfklSkE
cll8k4oby005r3o6ljjncvkp8,2903,back,,Abnormal Gait,cerebral palsy,"{'top': 40.0, 'left': 345.0, 'height': 385.0, 'width': 153.0}","{'height': 480, 'width': 854, 'mime_type': 'video/mp4'}",rWKYDfklSkE,https://www.youtube.com/watch?v=rWKYDfklSkE
cll8k4oby005r3o6ljjncvkp8,2904,back,,Abnormal Gait,cerebral palsy,"{'top': 40.0, 'left': 345.0, 'height': 385.0, 'width': 153.0}","{'height': 480, 'width': 854, 'mime_type': 'video/mp4'}",rWKYDfklSkE,https://www.youtube.com/watch?v=rWKYDfklSkE
cll8k4oby005r3o6ljjncvkp8,2905,back,,Abnormal Gait,cerebral palsy,"{'top': 40.0, 'left': 345.0, 'height': 385.0, 'width': 153.0}","{'height': 480, 'width': 854, 'mime_type': 'video/mp4'}",rWKYDfklSkE,https://www.youtube.com/watch?v=rWKYDfklSkE
cll8k4oby005r3o6ljjncvkp8,2906,back,,Abnormal Gait,cerebral palsy,"{'top': 40.0, 'left': 345.0, 'height': 385.0, 'width': 153.0}","{'height': 480, 'width': 854, 'mime_type': 'video/mp4'}",rWKYDfklSkE,https://www.youtube.com/watch?v=rWKYDfklSkE
cll8k4oby005r3o6ljjncvkp8,2907,back,,Abnormal Gait,cerebral palsy,"{'top': 40.0, 'left': 345.0, 'height': 385.0, 'width': 153.0}","{'height': 480, 'width': 854, 'mime_type': 'video/mp4'}",rWKYDfklSkE,https://www.youtube.com/watch?v=rWKYDfklSkE
cll8k4oby005r3o6ljjncvkp8,2908,back,,Abnormal Gait,cerebral palsy,"{'top': 40.0, 'left': 345.0, 'height': 385.0, 'width': 153.0}","{'height': 480, 'width': 854, 'mime_type': 'video/mp4'}",rWKYDfklSkE,https://www.youtube.com/watch?v=rWKYDfklSkE
cll8k4oby005r3o6ljjncvkp8,2909,back,,Abnormal Gait,cerebral palsy,"{'top': 40.0, 'left': 345.0, 'height': 385.0, 'width': 153.0}","{'height': 480, 'width': 854, 'mime_type': 'video/mp4'}",rWKYDfklSkE,https://www.youtube.com/watch?v=rWKYDfklSkE
cll8k4oby005r3o6ljjncvkp8,2910,back,,Abnormal Gait,cerebral palsy,"{'top': 40.0, 'left': 345.0, 'height': 385.0, 'width': 153.0}","{'height': 480, 'width': 854, 'mime_type': 'video/mp4'}",rWKYDfklSkE,https://www.youtube.com/watch?v=rWKYDfklSkE
cll8k4oby005r3o6ljjncvkp8,2911,back,,Abnormal Gait,cerebral palsy,"{'top': 40.0, 'left': 345.0, 'height': 385.0, 'width': 153.0}","{'height': 480, 'width': 854, 'mime_type': 'video/mp4'}",rWKYDfklSkE,https://www.youtube.com/watch?v=rWKYDfklSkE
cll8k4oby005r3o6ljjncvkp8,2912,back,,Abnormal Gait,cerebral palsy,"{'top': 40.0, 'left': 345.0, 'height': 385.0, 'width': 153.0}","{'height': 480, 'width': 854, 'mime_type': 'video/mp4'}",rWKYDfklSkE,https://www.youtube.com/watch?v=rWKYDfklSkE
cll8k4oby005r3o6ljjncvkp8,2913,back,,Abnormal Gait,cerebral palsy,"{'top': 40.0, 'left': 345.0, 'height': 385.0, 'width': 153.0}","{'height': 480, 'width': 854, 'mime_type': 'video/mp4'}",rWKYDfklSkE,https://www.youtube.com/watch?v=rWKYDfklSkE
cll8k4oby005r3o6ljjncvkp8,2914,back,,Abnormal Gait,cerebral palsy,"{'top': 40.0, 'left': 345.0, 'height': 385.0, 'width': 153.0}","{'height': 480, 'width': 854, 'mime_type': 'video/mp4'}",rWKYDfklSkE,https://www.youtube.com/watch?v=rWKYDfklSkE
cll8k4oby005r3o6ljjncvkp8,2915,back,,Abnormal Gait,cerebral palsy,"{'top': 40.0, 'left': 345.0, 'height': 385.0, 'width': 153.0}","{'height': 480, 'width': 854, 'mime_type': 'video/mp4'}",rWKYDfklSkE,https://www.youtube.com/watch?v=rWKYDfklSkE
cll8k4oby005r3o6ljjncvkp8,2916,back,,Abnormal Gait,cerebral palsy,"{'top': 40.0, 'left': 345.0, 'height': 385.0, 'width': 153.0}","{'height': 480, 'width': 854, 'mime_type': 'video/mp4'}",rWKYDfklSkE,https://www.youtube.com/watch?v=rWKYDfklSkE
cll8k4oby005r3o6ljjncvkp8,2917,back,,Abnormal Gait,cerebral palsy,"{'top': 40.0, 'left': 345.0, 'height': 385.0, 'width': 153.0}","{'height': 480, 'width': 854, 'mime_type': 'video/mp4'}",rWKYDfklSkE,https://www.youtube.com/watch?v=rWKYDfklSkE
cll8k4oby005r3o6ljjncvkp8,2918,back,,Abnormal Gait,cerebral palsy,"{'top': 40.0, 'left': 345.0, 'height': 385.0, 'width': 153.0}","{'height': 480, 'width': 854, 'mime_type': 'video/mp4'}",rWKYDfklSkE,https://www.youtube.com/watch?v=rWKYDfklSkE
cll8k4oby005r3o6ljjncvkp8,2919,back,,Abnormal Gait,cerebral palsy,"{'top': 40.0, 'left': 345.0, 'height': 385.0, 'width': 153.0}","{'height': 480, 'width': 854, 'mime_type': 'video/mp4'}",rWKYDfklSkE,https://www.youtube.com/watch?v=rWKYDfklSkE
cll8k4oby005r3o6ljjncvkp8,2920,back,,Abnormal Gait,cerebral palsy,"{'top': 40.0, 'left': 345.0, 'height': 385.0, 'width': 153.0}","{'height': 480, 'width': 854, 'mime_type': 'video/mp4'}",rWKYDfklSkE,https://www.youtube.com/watch?v=rWKYDfklSkE
cll8k4oby005r3o6ljjncvkp8,2921,back,,Abnormal Gait,cerebral palsy,"{'top': 40.0, 'left': 345.0, 'height': 385.0, 'width': 153.0}","{'height': 480, 'width': 854, 'mime_type': 'video/mp4'}",rWKYDfklSkE,https://www.youtube.com/watch?v=rWKYDfklSkE
cll8k4oby005r3o6ljjncvkp8,2922,back,,Abnormal Gait,cerebral palsy,"{'top': 40.0, 'left': 345.0, 'height': 385.0, 'width': 153.0}","{'height': 480, 'width': 854, 'mime_type': 'video/mp4'}",rWKYDfklSkE,https://www.youtube.com/watch?v=rWKYDfklSkE
cll8k4oby005r3o6ljjncvkp8,2923,back,,Abnormal Gait,cerebral palsy,"{'top': 40.0, 'left': 345.0, 'height': 385.0, 'width': 153.0}","{'height': 480, 'width': 854, 'mime_type': 'video/mp4'}",rWKYDfklSkE,https://www.youtube.com/watch?v=rWKYDfklSkE
cll8k4oby005r3o6ljjncvkp8,2924,back,,Abnormal Gait,cerebral palsy,"{'top': 40.0, 'left': 345.0, 'height': 385.0, 'width': 153.0}","{'height': 480, 'width': 854, 'mime_type': 'video/mp4'}",rWKYDfklSkE,https://www.youtube.com/watch?v=rWKYDfklSkE
cll8k4oby005r3o6ljjncvkp8,2925,back,,Abnormal Gait,cerebral palsy,"{'top': 40.0, 'left': 345.0, 'height': 385.0, 'width': 153.0}","{'height': 480, 'width': 854, 'mime_type': 'video/mp4'}",rWKYDfklSkE,https://www.youtube.com/watch?v=rWKYDfklSkE
cll8k4oby005r3o6ljjncvkp8,2926,back,,Abnormal Gait,cerebral palsy,"{'top': 40.0, 'left': 345.0, 'height': 385.0, 'width': 153.0}","{'height': 480, 'width': 854, 'mime_type': 'video/mp4'}",rWKYDfklSkE,https://www.youtube.com/watch?v=rWKYDfklSkE
cll8k4oby005r3o6ljjncvkp8,2927,back,,Abnormal Gait,cerebral palsy,"{'top': 40.0, 'left': 345.0, 'height': 385.0, 'width': 153.0}","{'height': 480, 'width': 854, 'mime_type': 'video/mp4'}",rWKYDfklSkE,https://www.youtube.com/watch?v=rWKYDfklSkE
cll8k4oby005r3o6ljjncvkp8,2928,back,,Abnormal Gait,cerebral palsy,"{'top': 40.0, 'left': 345.0, 'height': 385.0, 'width': 153.0}","{'height': 480, 'width': 854, 'mime_type': 'video/mp4'}",rWKYDfklSkE,https://www.youtube.com/watch?v=rWKYDfklSkE
cll8k4oby005r3o6ljjncvkp8,2929,back,,Abnormal Gait,cerebral palsy,"{'top': 40.0, 'left': 345.0, 'height': 385.0, 'width': 153.0}","{'height': 480, 'width': 854, 'mime_type': 'video/mp4'}",rWKYDfklSkE,https://www.youtube.com/watch?v=rWKYDfklSkE
cll8k4oby005r3o6ljjncvkp8,2930,back,,Abnormal Gait,cerebral palsy,"{'top': 40.0, 'left': 345.0, 'height': 385.0, 'width': 153.0}","{'height': 480, 'width': 854, 'mime_type': 'video/mp4'}",rWKYDfklSkE,https://www.youtube.com/watch?v=rWKYDfklSkE
cll8k4oby005r3o6ljjncvkp8,2931,back,,Abnormal Gait,cerebral palsy,"{'top': 40.0, 'left': 345.0, 'height': 385.0, 'width': 153.0}","{'height': 480, 'width': 854, 'mime_type': 'video/mp4'}",rWKYDfklSkE,https://www.youtube.com/watch?v=rWKYDfklSkE
cll8k4oby005r3o6ljjncvkp8,2932,back,,Abnormal Gait,cerebral palsy,"{'top': 40.0, 'left': 345.0, 'height': 385.0, 'width': 153.0}","{'height': 480, 'width': 854, 'mime_type': 'video/mp4'}",rWKYDfklSkE,https://www.youtube.com/watch?v=rWKYDfklSkE
cll8k4oby005r3o6ljjncvkp8,2933,back,,Abnormal Gait,cerebral palsy,"{'top': 40.0, 'left': 345.0, 'height': 385.0, 'width': 153.0}","{'height': 480, 'width': 854, 'mime_type': 'video/mp4'}",rWKYDfklSkE,https://www.youtube.com/watch?v=rWKYDfklSkE
cll8k4oby005r3o6ljjncvkp8,2934,back,,Abnormal Gait,cerebral palsy,"{'top': 40.0, 'left': 345.0, 'height': 385.0, 'width': 153.0}","{'height': 480, 'width': 854, 'mime_type': 'video/mp4'}",rWKYDfklSkE,https://www.youtube.com/watch?v=rWKYDfklSkE
cll8k4oby005r3o6ljjncvkp8,2935,back,,Abnormal Gait,cerebral palsy,"{'top': 40.0, 'left': 345.0, 'height': 385.0, 'width': 153.0}","{'height': 480, 'width': 854, 'mime_type': 'video/mp4'}",rWKYDfklSkE,https://www.youtube.com/watch?v=rWKYDfklSkE
cll8k4oby005r3o6ljjncvkp8,2936,back,,Abnormal Gait,cerebral palsy,"{'top': 40.0, 'left': 345.0, 'height': 385.0, 'width': 153.0}","{'height': 480, 'width': 854, 'mime_type': 'video/mp4'}",rWKYDfklSkE,https://www.youtube.com/watch?v=rWKYDfklSkE
cll8k4oby005r3o6ljjncvkp8,2937,back,,Abnormal Gait,cerebral palsy,"{'top': 40.0, 'left': 345.0, 'height': 385.0, 'width': 153.0}","{'height': 480, 'width': 854, 'mime_type': 'video/mp4'}",rWKYDfklSkE,https://www.youtube.com/watch?v=rWKYDfklSkE
cll8k4oby005r3o6ljjncvkp8,2938,back,,Abnormal Gait,cerebral palsy,"{'top': 40.0, 'left': 345.0, 'height': 385.0, 'width': 153.0}","{'height': 480, 'width': 854, 'mime_type': 'video/mp4'}",rWKYDfklSkE,https://www.youtube.com/watch?v=rWKYDfklSkE
cll8k4oby005r3o6ljjncvkp8,2939,back,,Abnormal Gait,cerebral palsy,"{'top': 40.0, 'left': 345.0, 'height': 385.0, 'width': 153.0}","{'height': 480, 'width': 854, 'mime_type': 'video/mp4'}",rWKYDfklSkE,https://www.youtube.com/watch?v=rWKYDfklSkE
cll8k4oby005r3o6ljjncvkp8,2940,back,,Abnormal Gait,cerebral palsy,"{'top': 40.0, 'left': 345.0, 'height': 385.0, 'width': 153.0}","{'height': 480, 'width': 854, 'mime_type': 'video/mp4'}",rWKYDfklSkE,https://www.youtube.com/watch?v=rWKYDfklSkE
cll8k4oby005r3o6ljjncvkp8,2941,back,,Abnormal Gait,cerebral palsy,"{'top': 40.0, 'left': 345.0, 'height': 385.0, 'width': 153.0}","{'height': 480, 'width': 854, 'mime_type': 'video/mp4'}",rWKYDfklSkE,https://www.youtube.com/watch?v=rWKYDfklSkE
cll8k4oby005r3o6ljjncvkp8,2942,back,,Abnormal Gait,cerebral palsy,"{'top': 40.0, 'left': 345.0, 'height': 385.0, 'width': 153.0}","{'height': 480, 'width': 854, 'mime_type': 'video/mp4'}",rWKYDfklSkE,https://www.youtube.com/watch?v=rWKYDfklSkE
cll8k4oby005r3o6ljjncvkp8,2943,back,,Abnormal Gait,cerebral palsy,"{'top': 40.0, 'left': 345.0, 'height': 385.0, 'width': 153.0}","{'height': 480, 'width': 854, 'mime_type': 'video/mp4'}",rWKYDfklSkE,https://www.youtube.com/watch?v=rWKYDfklSkE
cll8k4oby005r3o6ljjncvkp8,2944,back,,Abnormal Gait,cerebral palsy,"{'top': 40.0, 'left': 345.0, 'height': 385.0, 'width': 153.0}","{'height': 480, 'width': 854, 'mime_type': 'video/mp4'}",rWKYDfklSkE,https://www.youtube.com/watch?v=rWKYDfklSkE
cll8k4oby005r3o6ljjncvkp8,2945,back,,Abnormal Gait,cerebral palsy,"{'top': 40.0, 'left': 345.0, 'height': 385.0, 'width': 153.0}","{'height': 480, 'width': 854, 'mime_type': 'video/mp4'}",rWKYDfklSkE,https://www.youtube.com/watch?v=rWKYDfklSkE
cll8k4oby005r3o6ljjncvkp8,2946,back,,Abnormal Gait,cerebral palsy,"{'top': 40.0, 'left': 345.0, 'height': 385.0, 'width': 153.0}","{'height': 480, 'width': 854, 'mime_type': 'video/mp4'}",rWKYDfklSkE,https://www.youtube.com/watch?v=rWKYDfklSkE
cll8k4oby005r3o6ljjncvkp8,2947,back,,Abnormal Gait,cerebral palsy,"{'top': 40.0, 'left': 345.0, 'height': 385.0, 'width': 153.0}","{'height': 480, 'width': 854, 'mime_type': 'video/mp4'}",rWKYDfklSkE,https://www.youtube.com/watch?v=rWKYDfklSkE
cll8k4oby005r3o6ljjncvkp8,2948,back,,Abnormal Gait,cerebral palsy,"{'top': 40.0, 'left': 345.0, 'height': 385.0, 'width': 153.0}","{'height': 480, 'width': 854, 'mime_type': 'video/mp4'}",rWKYDfklSkE,https://www.youtube.com/watch?v=rWKYDfklSkE
cll8k4oby005r3o6ljjncvkp8,2949,back,,Abnormal Gait,cerebral palsy,"{'top': 40.0, 'left': 345.0, 'height': 385.0, 'width': 153.0}","{'height': 480, 'width': 854, 'mime_type': 'video/mp4'}",rWKYDfklSkE,https://www.youtube.com/watch?v=rWKYDfklSkE
cll8k4oby005r3o6ljjncvkp8,2950,back,,Abnormal Gait,cerebral palsy,"{'top': 40.0, 'left': 345.0, 'height': 385.0, 'width': 153.0}","{'height': 480, 'width': 854, 'mime_type': 'video/mp4'}",rWKYDfklSkE,https://www.youtube.com/watch?v=rWKYDfklSkE
cll8k4oby005r3o6ljjncvkp8,2951,back,,Abnormal Gait,cerebral palsy,"{'top': 40.0, 'left': 345.0, 'height': 385.0, 'width': 153.0}","{'height': 480, 'width': 854, 'mime_type': 'video/mp4'}",rWKYDfklSkE,https://www.youtube.com/watch?v=rWKYDfklSkE
cll8k4oby005r3o6ljjncvkp8,2952,back,,Abnormal Gait,cerebral palsy,"{'top': 40.0, 'left': 345.0, 'height': 385.0, 'width': 153.0}","{'height': 480, 'width': 854, 'mime_type': 'video/mp4'}",rWKYDfklSkE,https://www.youtube.com/watch?v=rWKYDfklSkE
cll8k4oby005r3o6ljjncvkp8,2953,back,,Abnormal Gait,cerebral palsy,"{'top': 40.0, 'left': 345.0, 'height': 385.0, 'width': 153.0}","{'height': 480, 'width': 854, 'mime_type': 'video/mp4'}",rWKYDfklSkE,https://www.youtube.com/watch?v=rWKYDfklSkE
cll8k4oby005r3o6ljjncvkp8,2954,back,,Abnormal Gait,cerebral palsy,"{'top': 40.0, 'left': 345.0, 'height': 385.0, 'width': 153.0}","{'height': 480, 'width': 854, 'mime_type': 'video/mp4'}",rWKYDfklSkE,https://www.youtube.com/watch?v=rWKYDfklSkE
cll8k4oby005r3o6ljjncvkp8,2955,back,,Abnormal Gait,cerebral palsy,"{'top': 40.0, 'left': 345.0, 'height': 385.0, 'width': 153.0}","{'height': 480, 'width': 854, 'mime_type': 'video/mp4'}",rWKYDfklSkE,https://www.youtube.com/watch?v=rWKYDfklSkE
cll8k4oby005r3o6ljjncvkp8,2956,back,,Abnormal Gait,cerebral palsy,"{'top': 40.0, 'left': 345.0, 'height': 385.0, 'width': 153.0}","{'height': 480, 'width': 854, 'mime_type': 'video/mp4'}",rWKYDfklSkE,https://www.youtube.com/watch?v=rWKYDfklSkE
cll8k4oby005r3o6ljjncvkp8,2957,back,,Abnormal Gait,cerebral palsy,"{'top': 40.0, 'left': 345.0, 'height': 385.0, 'width': 153.0}","{'height': 480, 'width': 854, 'mime_type': 'video/mp4'}",rWKYDfklSkE,https://www.youtube.com/watch?v=rWKYDfklSkE
cll8k4oby005r3o6ljjncvkp8,2958,back,,Abnormal Gait,cerebral palsy,"{'top': 40.0, 'left': 345.0, 'height': 385.0, 'width': 153.0}","{'height': 480, 'width': 854, 'mime_type': 'video/mp4'}",rWKYDfklSkE,https://www.youtube.com/watch?v=rWKYDfklSkE
cll8k4oby005r3o6ljjncvkp8,2959,back,,Abnormal Gait,cerebral palsy,"{'top': 40.0, 'left': 345.0, 'height': 385.0, 'width': 153.0}","{'height': 480, 'width': 854, 'mime_type': 'video/mp4'}",rWKYDfklSkE,https://www.youtube.com/watch?v=rWKYDfklSkE
cll8k4oby005r3o6ljjncvkp8,2960,back,,Abnormal Gait,cerebral palsy,"{'top': 40.0, 'left': 345.0, 'height': 385.0, 'width': 153.0}","{'height': 480, 'width': 854, 'mime_type': 'video/mp4'}",rWKYDfklSkE,https://www.youtube.com/watch?v=rWKYDfklSkE
cll8k4oby005r3o6ljjncvkp8,2961,back,,Abnormal Gait,cerebral palsy,"{'top': 40.0, 'left': 345.0, 'height': 385.0, 'width': 153.0}","{'height': 480, 'width': 854, 'mime_type': 'video/mp4'}",rWKYDfklSkE,https://www.youtube.com/watch?v=rWKYDfklSkE
cll8k4oby005r3o6ljjncvkp8,2962,back,,Abnormal Gait,cerebral palsy,"{'top': 40.0, 'left': 345.0, 'height': 385.0, 'width': 153.0}","{'height': 480, 'width': 854, 'mime_type': 'video/mp4'}",rWKYDfklSkE,https://www.youtube.com/watch?v=rWKYDfklSkE
cll8k4oby005r3o6ljjncvkp8,2963,back,,Abnormal Gait,cerebral palsy,"{'top': 40.0, 'left': 345.0, 'height': 385.0, 'width': 153.0}","{'height': 480, 'width': 854, 'mime_type': 'video/mp4'}",rWKYDfklSkE,https://www.youtube.com/watch?v=rWKYDfklSkE
cll8k4oby005r3o6ljjncvkp8,2964,back,,Abnormal Gait,cerebral palsy,"{'top': 40.0, 'left': 345.0, 'height': 385.0, 'width': 153.0}","{'height': 480, 'width': 854, 'mime_type': 'video/mp4'}",rWKYDfklSkE,https://www.youtube.com/watch?v=rWKYDfklSkE
cll8k4oby005r3o6ljjncvkp8,2965,back,,Abnormal Gait,cerebral palsy,"{'top': 40.0, 'left': 345.0, 'height': 385.0, 'width': 153.0}","{'height': 480, 'width': 854, 'mime_type': 'video/mp4'}",rWKYDfklSkE,https://www.youtube.com/watch?v=rWKYDfklSkE
cll8k4oby005r3o6ljjncvkp8,2966,back,,Abnormal Gait,cerebral palsy,"{'top': 40.0, 'left': 345.0, 'height': 385.0, 'width': 153.0}","{'height': 480, 'width': 854, 'mime_type': 'video/mp4'}",rWKYDfklSkE,https://www.youtube.com/watch?v=rWKYDfklSkE
cll8k4oby005r3o6ljjncvkp8,2967,back,,Abnormal Gait,cerebral palsy,"{'top': 40.0, 'left': 345.0, 'height': 385.0, 'width': 153.0}","{'height': 480, 'width': 854, 'mime_type': 'video/mp4'}",rWKYDfklSkE,https://www.youtube.com/watch?v=rWKYDfklSkE
cll8k4oby005r3o6ljjncvkp8,2968,back,,Abnormal Gait,cerebral palsy,"{'top': 40.0, 'left': 345.0, 'height': 385.0, 'width': 153.0}","{'height': 480, 'width': 854, 'mime_type': 'video/mp4'}",rWKYDfklSkE,https://www.youtube.com/watch?v=rWKYDfklSkE
cll8k4oby005r3o6ljjncvkp8,2969,back,,Abnormal Gait,cerebral palsy,"{'top': 40.0, 'left': 345.0, 'height': 385.0, 'width': 153.0}","{'height': 480, 'width': 854, 'mime_type': 'video/mp4'}",rWKYDfklSkE,https://www.youtube.com/watch?v=rWKYDfklSkE
cll8k4oby005r3o6ljjncvkp8,2970,back,,Abnormal Gait,cerebral palsy,"{'top': 40.0, 'left': 345.0, 'height': 385.0, 'width': 153.0}","{'height': 480, 'width': 854, 'mime_type': 'video/mp4'}",rWKYDfklSkE,https://www.youtube.com/watch?v=rWKYDfklSkE
cll8k4oby005r3o6ljjncvkp8,2971,back,,Abnormal Gait,cerebral palsy,"{'top': 40.0, 'left': 345.0, 'height': 385.0, 'width': 153.0}","{'height': 480, 'width': 854, 'mime_type': 'video/mp4'}",rWKYDfklSkE,https://www.youtube.com/watch?v=rWKYDfklSkE
cll8k4oby005r3o6ljjncvkp8,2972,back,,Abnormal Gait,cerebral palsy,"{'top': 40.0, 'left': 345.0, 'height': 385.0, 'width': 153.0}","{'height': 480, 'width': 854, 'mime_type': 'video/mp4'}",rWKYDfklSkE,https://www.youtube.com/watch?v=rWKYDfklSkE
cll8k4oby005r3o6ljjncvkp8,2973,back,,Abnormal Gait,cerebral palsy,"{'top': 40.0, 'left': 345.0, 'height': 385.0, 'width': 153.0}","{'height': 480, 'width': 854, 'mime_type': 'video/mp4'}",rWKYDfklSkE,https://www.youtube.com/watch?v=rWKYDfklSkE
cll8k4oby005r3o6ljjncvkp8,2974,back,,Abnormal Gait,cerebral palsy,"{'top': 40.0, 'left': 345.0, 'height': 385.0, 'width': 153.0}","{'height': 480, 'width': 854, 'mime_type': 'video/mp4'}",rWKYDfklSkE,https://www.youtube.com/watch?v=rWKYDfklSkE
cll8k4oby005r3o6ljjncvkp8,2975,back,,Abnormal Gait,cerebral palsy,"{'top': 40.0, 'left': 345.0, 'height': 385.0, 'width': 153.0}","{'height': 480, 'width': 854, 'mime_type': 'video/mp4'}",rWKYDfklSkE,https://www.youtube.com/watch?v=rWKYDfklSkE
cll8k4oby005r3o6ljjncvkp8,2976,back,,Abnormal Gait,cerebral palsy,"{'top': 40.0, 'left': 345.0, 'height': 385.0, 'width': 153.0}","{'height': 480, 'width': 854, 'mime_type': 'video/mp4'}",rWKYDfklSkE,https://www.youtube.com/watch?v=rWKYDfklSkE
cll8k4oby005r3o6ljjncvkp8,2977,back,,Abnormal Gait,cerebral palsy,"{'top': 40.0, 'left': 345.0, 'height': 385.0, 'width': 153.0}","{'height': 480, 'width': 854, 'mime_type': 'video/mp4'}",rWKYDfklSkE,https://www.youtube.com/watch?v=rWKYDfklSkE
cll8k4oby005r3o6ljjncvkp8,2978,back,,Abnormal Gait,cerebral palsy,"{'top': 40.0, 'left': 345.0, 'height': 385.0, 'width': 153.0}","{'height': 480, 'width': 854, 'mime_type': 'video/mp4'}",rWKYDfklSkE,https://www.youtube.com/watch?v=rWKYDfklSkE
cll8k4oby005r3o6ljjncvkp8,2979,back,,Abnormal Gait,cerebral palsy,"{'top': 40.0, 'left': 345.0, 'height': 385.0, 'width': 153.0}","{'height': 480, 'width': 854, 'mime_type': 'video/mp4'}",rWKYDfklSkE,https://www.youtube.com/watch?v=rWKYDfklSkE
cll8k4oby005r3o6ljjncvkp8,2980,back,,Abnormal Gait,cerebral palsy,"{'top': 40.0, 'left': 345.0, 'height': 385.0, 'width': 153.0}","{'height': 480, 'width': 854, 'mime_type': 'video/mp4'}",rWKYDfklSkE,https://www.youtube.com/watch?v=rWKYDfklSkE
cll8k4oby005r3o6ljjncvkp8,2981,back,,Abnormal Gait,cerebral palsy,"{'top': 40.0, 'left': 345.0, 'height': 385.0, 'width': 153.0}","{'height': 480, 'width': 854, 'mime_type': 'video/mp4'}",rWKYDfklSkE,https://www.youtube.com/watch?v=rWKYDfklSkE
cll8k4oby005r3o6ljjncvkp8,2982,back,,Abnormal Gait,cerebral palsy,"{'top': 40.0, 'left': 345.0, 'height': 385.0, 'width': 153.0}","{'height': 480, 'width': 854, 'mime_type': 'video/mp4'}",rWKYDfklSkE,https://www.youtube.com/watch?v=rWKYDfklSkE
cll8k4oby005r3o6ljjncvkp8,2983,back,,Abnormal Gait,cerebral palsy,"{'top': 40.0, 'left': 345.0, 'height': 385.0, 'width': 153.0}","{'height': 480, 'width': 854, 'mime_type': 'video/mp4'}",rWKYDfklSkE,https://www.youtube.com/watch?v=rWKYDfklSkE
cll8k4oby005r3o6ljjncvkp8,2984,back,,Abnormal Gait,cerebral palsy,"{'top': 40.0, 'left': 345.0, 'height': 385.0, 'width': 153.0}","{'height': 480, 'width': 854, 'mime_type': 'video/mp4'}",rWKYDfklSkE,https://www.youtube.com/watch?v=rWKYDfklSkE
cll8k4oby005r3o6ljjncvkp8,2985,back,,Abnormal Gait,cerebral palsy,"{'top': 40.0, 'left': 345.0, 'height': 385.0, 'width': 153.0}","{'height': 480, 'width': 854, 'mime_type': 'video/mp4'}",rWKYDfklSkE,https://www.youtube.com/watch?v=rWKYDfklSkE
cll8k4oby005r3o6ljjncvkp8,2986,back,,Abnormal Gait,cerebral palsy,"{'top': 40.0, 'left': 345.0, 'height': 385.0, 'width': 153.0}","{'height': 480, 'width': 854, 'mime_type': 'video/mp4'}",rWKYDfklSkE,https://www.youtube.com/watch?v=rWKYDfklSkE
cll8k4oby005r3o6ljjncvkp8,2987,back,,Abnormal Gait,cerebral palsy,"{'top': 40.0, 'left': 345.0, 'height': 385.0, 'width': 153.0}","{'height': 480, 'width': 854, 'mime_type': 'video/mp4'}",rWKYDfklSkE,https://www.youtube.com/watch?v=rWKYDfklSkE
cll8k4oby005r3o6ljjncvkp8,2988,back,,Abnormal Gait,cerebral palsy,"{'top': 40.0, 'left': 345.0, 'height': 385.0, 'width': 153.0}","{'height': 480, 'width': 854, 'mime_type': 'video/mp4'}",rWKYDfklSkE,https://www.youtube.com/watch?v=rWKYDfklSkE
cll8k4oby005r3o6ljjncvkp8,2989,back,,Abnormal Gait,cerebral palsy,"{'top': 40.0, 'left': 345.0, 'height': 385.0, 'width': 153.0}","{'height': 480, 'width': 854, 'mime_type': 'video/mp4'}",rWKYDfklSkE,https://www.youtube.com/watch?v=rWKYDfklSkE
cll8k4oby005r3o6ljjncvkp8,2990,back,,Abnormal Gait,cerebral palsy,"{'top': 40.0, 'left': 345.0, 'height': 385.0, 'width': 153.0}","{'height': 480, 'width': 854, 'mime_type': 'video/mp4'}",rWKYDfklSkE,https://www.youtube.com/watch?v=rWKYDfklSkE
cll8k4oby005r3o6ljjncvkp8,2991,back,,Abnormal Gait,cerebral palsy,"{'top': 40.0, 'left': 345.0, 'height': 385.0, 'width': 153.0}","{'height': 480, 'width': 854, 'mime_type': 'video/mp4'}",rWKYDfklSkE,https://www.youtube.com/watch?v=rWKYDfklSkE
cll8k4oby005r3o6ljjncvkp8,2992,back,,Abnormal Gait,cerebral palsy,"{'top': 40.0, 'left': 345.0, 'height': 385.0, 'width': 153.0}","{'height': 480, 'width': 854, 'mime_type': 'video/mp4'}",rWKYDfklSkE,https://www.youtube.com/watch?v=rWKYDfklSkE
cll8k4oby005r3o6ljjncvkp8,2993,back,,Abnormal Gait,cerebral palsy,"{'top': 40.0, 'left': 345.0, 'height': 385.0, 'width': 153.0}","{'height': 480, 'width': 854, 'mime_type': 'video/mp4'}",rWKYDfklSkE,https://www.youtube.com/watch?v=rWKYDfklSkE
cll8k4oby005r3o6ljjncvkp8,2994,back,,Abnormal Gait,cerebral palsy,"{'top': 40.0, 'left': 345.0, 'height': 385.0, 'width': 153.0}","{'height': 480, 'width': 854, 'mime_type': 'video/mp4'}",rWKYDfklSkE,https://www.youtube.com/watch?v=rWKYDfklSkE
cll8k4oby005r3o6ljjncvkp8,2995,back,,Abnormal Gait,cerebral palsy,"{'top': 40.0, 'left': 345.0, 'height': 385.0, 'width': 153.0}","{'height': 480, 'width': 854, 'mime_type': 'video/mp4'}",rWKYDfklSkE,https://www.youtube.com/watch?v=rWKYDfklSkE
cll8k4oby005r3o6ljjncvkp8,2996,back,,Abnormal Gait,cerebral palsy,"{'top': 40.0, 'left': 345.0, 'height': 385.0, 'width': 153.0}","{'height': 480, 'width': 854, 'mime_type': 'video/mp4'}",rWKYDfklSkE,https://www.youtube.com/watch?v=rWKYDfklSkE
cll8k4oby005r3o6ljjncvkp8,2997,back,,Abnormal Gait,cerebral palsy,"{'top': 40.0, 'left': 345.0, 'height': 385.0, 'width': 153.0}","{'height': 480, 'width': 854, 'mime_type': 'video/mp4'}",rWKYDfklSkE,https://www.youtube.com/watch?v=rWKYDfklSkE
cll8k4oby005r3o6ljjncvkp8,2998,back,,Abnormal Gait,cerebral palsy,"{'top': 40.0, 'left': 345.0, 'height': 385.0, 'width': 153.0}","{'height': 480, 'width': 854, 'mime_type': 'video/mp4'}",rWKYDfklSkE,https://www.youtube.com/watch?v=rWKYDfklSkE
cll8k4oby005r3o6ljjncvkp8,2999,back,,Abnormal Gait,cerebral palsy,"{'top': 40.0, 'left': 345.0, 'height': 385.0, 'width': 153.0}","{'height': 480, 'width': 854, 'mime_type': 'video/mp4'}",rWKYDfklSkE,https://www.youtube.com/watch?v=rWKYDfklSkE
cll8k4oby005r3o6ljjncvkp8,3000,back,,Abnormal Gait,cerebral palsy,"{'top': 40.0, 'left': 345.0, 'height': 385.0, 'width': 153.0}","{'height': 480, 'width': 854, 'mime_type': 'video/mp4'}",rWKYDfklSkE,https://www.youtube.com/watch?v=rWKYDfklSkE
cll8k4oby005r3o6ljjncvkp8,3001,back,,Abnormal Gait,cerebral palsy,"{'top': 40.0, 'left': 345.0, 'height': 385.0, 'width': 153.0}","{'height': 480, 'width': 854, 'mime_type': 'video/mp4'}",rWKYDfklSkE,https://www.youtube.com/watch?v=rWKYDfklSkE
cll8k4oby005r3o6ljjncvkp8,3002,back,,Abnormal Gait,cerebral palsy,"{'top': 40.0, 'left': 345.0, 'height': 385.0, 'width': 153.0}","{'height': 480, 'width': 854, 'mime_type': 'video/mp4'}",rWKYDfklSkE,https://www.youtube.com/watch?v=rWKYDfklSkE
cll8k4oby005r3o6ljjncvkp8,3003,back,,Abnormal Gait,cerebral palsy,"{'top': 40.0, 'left': 345.0, 'height': 385.0, 'width': 153.0}","{'height': 480, 'width': 854, 'mime_type': 'video/mp4'}",rWKYDfklSkE,https://www.youtube.com/watch?v=rWKYDfklSkE
cll8k4oby005r3o6ljjncvkp8,3004,back,,Abnormal Gait,cerebral palsy,"{'top': 40.0, 'left': 345.0, 'height': 385.0, 'width': 153.0}","{'height': 480, 'width': 854, 'mime_type': 'video/mp4'}",rWKYDfklSkE,https://www.youtube.com/watch?v=rWKYDfklSkE
cll8k4oby005r3o6ljjncvkp8,3005,back,,Abnormal Gait,cerebral palsy,"{'top': 40.0, 'left': 345.0, 'height': 385.0, 'width': 153.0}","{'height': 480, 'width': 854, 'mime_type': 'video/mp4'}",rWKYDfklSkE,https://www.youtube.com/watch?v=rWKYDfklSkE
cll8k4oby005r3o6ljjncvkp8,3006,back,,Abnormal Gait,cerebral palsy,"{'top': 40.0, 'left': 345.0, 'height': 385.0, 'width': 153.0}","{'height': 480, 'width': 854, 'mime_type': 'video/mp4'}",rWKYDfklSkE,https://www.youtube.com/watch?v=rWKYDfklSkE
cll8k4oby005r3o6ljjncvkp8,3007,back,,Abnormal Gait,cerebral palsy,"{'top': 40.0, 'left': 345.0, 'height': 385.0, 'width': 153.0}","{'height': 480, 'width': 854, 'mime_type': 'video/mp4'}",rWKYDfklSkE,https://www.youtube.com/watch?v=rWKYDfklSkE
cll8k4oby005r3o6ljjncvkp8,3008,back,,Abnormal Gait,cerebral palsy,"{'top': 40.0, 'left': 345.0, 'height': 385.0, 'width': 153.0}","{'height': 480, 'width': 854, 'mime_type': 'video/mp4'}",rWKYDfklSkE,https://www.youtube.com/watch?v=rWKYDfklSkE
cll8k4oby005r3o6ljjncvkp8,3009,back,,Abnormal Gait,cerebral palsy,"{'top': 40.0, 'left': 345.0, 'height': 385.0, 'width': 153.0}","{'height': 480, 'width': 854, 'mime_type': 'video/mp4'}",rWKYDfklSkE,https://www.youtube.com/watch?v=rWKYDfklSkE
cll8k4oby005r3o6ljjncvkp8,3010,back,,Abnormal Gait,cerebral palsy,"{'top': 40.0, 'left': 345.0, 'height': 385.0, 'width': 153.0}","{'height': 480, 'width': 854, 'mime_type': 'video/mp4'}",rWKYDfklSkE,https://www.youtube.com/watch?v=rWKYDfklSkE
cll8k4oby005r3o6ljjncvkp8,3011,back,,Abnormal Gait,cerebral palsy,"{'top': 40.0, 'left': 345.0, 'height': 385.0, 'width': 153.0}","{'height': 480, 'width': 854, 'mime_type': 'video/mp4'}",rWKYDfklSkE,https://www.youtube.com/watch?v=rWKYDfklSkE
cll8k4oby005r3o6ljjncvkp8,3012,back,,Abnormal Gait,cerebral palsy,"{'top': 40.0, 'left': 345.0, 'height': 385.0, 'width': 153.0}","{'height': 480, 'width': 854, 'mime_type': 'video/mp4'}",rWKYDfklSkE,https://www.youtube.com/watch?v=rWKYDfklSkE
cll8k4oby005r3o6ljjncvkp8,3013,back,,Abnormal Gait,cerebral palsy,"{'top': 40.0, 'left': 345.0, 'height': 385.0, 'width': 153.0}","{'height': 480, 'width': 854, 'mime_type': 'video/mp4'}",rWKYDfklSkE,https://www.youtube.com/watch?v=rWKYDfklSkE
cll8k4oby005r3o6ljjncvkp8,3014,back,,Abnormal Gait,cerebral palsy,"{'top': 40.0, 'left': 345.0, 'height': 385.0, 'width': 153.0}","{'height': 480, 'width': 854, 'mime_type': 'video/mp4'}",rWKYDfklSkE,https://www.youtube.com/watch?v=rWKYDfklSkE
cll8k4oby005r3o6ljjncvkp8,3015,back,,Abnormal Gait,cerebral palsy,"{'top': 40.0, 'left': 345.0, 'height': 385.0, 'width': 153.0}","{'height': 480, 'width': 854, 'mime_type': 'video/mp4'}",rWKYDfklSkE,https://www.youtube.com/watch?v=rWKYDfklSkE
cll8k4oby005r3o6ljjncvkp8,3016,back,,Abnormal Gait,cerebral palsy,"{'top': 40.0, 'left': 345.0, 'height': 385.0, 'width': 153.0}","{'height': 480, 'width': 854, 'mime_type': 'video/mp4'}",rWKYDfklSkE,https://www.youtube.com/watch?v=rWKYDfklSkE
cll8k4oby005r3o6ljjncvkp8,3017,back,,Abnormal Gait,cerebral palsy,"{'top': 40.0, 'left': 345.0, 'height': 385.0, 'width': 153.0}","{'height': 480, 'width': 854, 'mime_type': 'video/mp4'}",rWKYDfklSkE,https://www.youtube.com/watch?v=rWKYDfklSkE
cll8k4oby005r3o6ljjncvkp8,3018,back,,Abnormal Gait,cerebral palsy,"{'top': 40.0, 'left': 345.0, 'height': 385.0, 'width': 153.0}","{'height': 480, 'width': 854, 'mime_type': 'video/mp4'}",rWKYDfklSkE,https://www.youtube.com/watch?v=rWKYDfklSkE
cll8k4oby005r3o6ljjncvkp8,3019,back,,Abnormal Gait,cerebral palsy,"{'top': 40.0, 'left': 345.0, 'height': 385.0, 'width': 153.0}","{'height': 480, 'width': 854, 'mime_type': 'video/mp4'}",rWKYDfklSkE,https://www.youtube.com/watch?v=rWKYDfklSkE
cll8k4oby005r3o6ljjncvkp8,3020,back,,Abnormal Gait,cerebral palsy,"{'top': 40.0, 'left': 345.0, 'height': 385.0, 'width': 153.0}","{'height': 480, 'width': 854, 'mime_type': 'video/mp4'}",rWKYDfklSkE,https://www.youtube.com/watch?v=rWKYDfklSkE
cll8k4oby005r3o6ljjncvkp8,3021,back,,Abnormal Gait,cerebral palsy,"{'top': 40.0, 'left': 345.0, 'height': 385.0, 'width': 153.0}","{'height': 480, 'width': 854, 'mime_type': 'video/mp4'}",rWKYDfklSkE,https://www.youtube.com/watch?v=rWKYDfklSkE
cll8k4oby005r3o6ljjncvkp8,3022,back,,Abnormal Gait,cerebral palsy,"{'top': 40.0, 'left': 345.0, 'height': 385.0, 'width': 153.0}","{'height': 480, 'width': 854, 'mime_type': 'video/mp4'}",rWKYDfklSkE,https://www.youtube.com/watch?v=rWKYDfklSkE
cll8k4oby005r3o6ljjncvkp8,3023,back,,Abnormal Gait,cerebral palsy,"{'top': 40.0, 'left': 345.0, 'height': 385.0, 'width': 153.0}","{'height': 480, 'width': 854, 'mime_type': 'video/mp4'}",rWKYDfklSkE,https://www.youtube.com/watch?v=rWKYDfklSkE
cll8k4oby005r3o6ljjncvkp8,3024,back,,Abnormal Gait,cerebral palsy,"{'top': 40.0, 'left': 345.0, 'height': 385.0, 'width': 153.0}","{'height': 480, 'width': 854, 'mime_type': 'video/mp4'}",rWKYDfklSkE,https://www.youtube.com/watch?v=rWKYDfklSkE
cll8k4oby005r3o6ljjncvkp8,3025,back,,Abnormal Gait,cerebral palsy,"{'top': 40.0, 'left': 345.0, 'height': 385.0, 'width': 153.0}","{'height': 480, 'width': 854, 'mime_type': 'video/mp4'}",rWKYDfklSkE,https://www.youtube.com/watch?v=rWKYDfklSkE
cll8k4oby005r3o6ljjncvkp8,3026,back,,Abnormal Gait,cerebral palsy,"{'top': 40.0, 'left': 345.0, 'height': 385.0, 'width': 153.0}","{'height': 480, 'width': 854, 'mime_type': 'video/mp4'}",rWKYDfklSkE,https://www.youtube.com/watch?v=rWKYDfklSkE
cll8k4oby005r3o6ljjncvkp8,3027,back,,Abnormal Gait,cerebral palsy,"{'top': 40.0, 'left': 345.0, 'height': 385.0, 'width': 153.0}","{'height': 480, 'width': 854, 'mime_type': 'video/mp4'}",rWKYDfklSkE,https://www.youtube.com/watch?v=rWKYDfklSkE
cll8k4oby005r3o6ljjncvkp8,3028,back,,Abnormal Gait,cerebral palsy,"{'top': 40.0, 'left': 345.0, 'height': 385.0, 'width': 153.0}","{'height': 480, 'width': 854, 'mime_type': 'video/mp4'}",rWKYDfklSkE,https://www.youtube.com/watch?v=rWKYDfklSkE
cll8k4oby005r3o6ljjncvkp8,3029,back,,Abnormal Gait,cerebral palsy,"{'top': 40.0, 'left': 345.0, 'height': 385.0, 'width': 153.0}","{'height': 480, 'width': 854, 'mime_type': 'video/mp4'}",rWKYDfklSkE,https://www.youtube.com/watch?v=rWKYDfklSkE
cll8k4oby005r3o6ljjncvkp8,3030,back,,Abnormal Gait,cerebral palsy,"{'top': 40.0, 'left': 345.0, 'height': 385.0, 'width': 153.0}","{'height': 480, 'width': 854, 'mime_type': 'video/mp4'}",rWKYDfklSkE,https://www.youtube.com/watch?v=rWKYDfklSkE
cll8k4oby005r3o6ljjncvkp8,3031,back,,Abnormal Gait,cerebral palsy,"{'top': 40.0, 'left': 345.0, 'height': 385.0, 'width': 153.0}","{'height': 480, 'width': 854, 'mime_type': 'video/mp4'}",rWKYDfklSkE,https://www.youtube.com/watch?v=rWKYDfklSkE
cll8k4oby005r3o6ljjncvkp8,3032,back,,Abnormal Gait,cerebral palsy,"{'top': 40.0, 'left': 345.0, 'height': 385.0, 'width': 153.0}","{'height': 480, 'width': 854, 'mime_type': 'video/mp4'}",rWKYDfklSkE,https://www.youtube.com/watch?v=rWKYDfklSkE
cll8k4oby005r3o6ljjncvkp8,3033,back,,Abnormal Gait,cerebral palsy,"{'top': 40.0, 'left': 345.0, 'height': 385.0, 'width': 153.0}","{'height': 480, 'width': 854, 'mime_type': 'video/mp4'}",rWKYDfklSkE,https://www.youtube.com/watch?v=rWKYDfklSkE
cll8k4oby005r3o6ljjncvkp8,3034,back,,Abnormal Gait,cerebral palsy,"{'top': 40.0, 'left': 345.0, 'height': 385.0, 'width': 153.0}","{'height': 480, 'width': 854, 'mime_type': 'video/mp4'}",rWKYDfklSkE,https://www.youtube.com/watch?v=rWKYDfklSkE
cll8k4oby005r3o6ljjncvkp8,3035,back,,Abnormal Gait,cerebral palsy,"{'top': 40.0, 'left': 345.0, 'height': 385.0, 'width': 153.0}","{'height': 480, 'width': 854, 'mime_type': 'video/mp4'}",rWKYDfklSkE,https://www.youtube.com/watch?v=rWKYDfklSkE
cll8k4oby005r3o6ljjncvkp8,3036,back,,Abnormal Gait,cerebral palsy,"{'top': 40.0, 'left': 345.0, 'height': 385.0, 'width': 153.0}","{'height': 480, 'width': 854, 'mime_type': 'video/mp4'}",rWKYDfklSkE,https://www.youtube.com/watch?v=rWKYDfklSkE
cll8k4oby005r3o6ljjncvkp8,3037,back,,Abnormal Gait,cerebral palsy,"{'top': 40.0, 'left': 345.0, 'height': 385.0, 'width': 153.0}","{'height': 480, 'width': 854, 'mime_type': 'video/mp4'}",rWKYDfklSkE,https://www.youtube.com/watch?v=rWKYDfklSkE
cll8k4oby005r3o6ljjncvkp8,3038,back,,Abnormal Gait,cerebral palsy,"{'top': 40.0, 'left': 345.0, 'height': 385.0, 'width': 153.0}","{'height': 480, 'width': 854, 'mime_type': 'video/mp4'}",rWKYDfklSkE,https://www.youtube.com/watch?v=rWKYDfklSkE
cll8k4oby005r3o6ljjncvkp8,3039,back,,Abnormal Gait,cerebral palsy,"{'top': 40.0, 'left': 345.0, 'height': 385.0, 'width': 153.0}","{'height': 480, 'width': 854, 'mime_type': 'video/mp4'}",rWKYDfklSkE,https://www.youtube.com/watch?v=rWKYDfklSkE
cll8k4oby005r3o6ljjncvkp8,3040,back,,Abnormal Gait,cerebral palsy,"{'top': 40.0, 'left': 345.0, 'height': 385.0, 'width': 153.0}","{'height': 480, 'width': 854, 'mime_type': 'video/mp4'}",rWKYDfklSkE,https://www.youtube.com/watch?v=rWKYDfklSkE
cll8k4oby005r3o6ljjncvkp8,3041,back,,Abnormal Gait,cerebral palsy,"{'top': 40.0, 'left': 345.0, 'height': 385.0, 'width': 153.0}","{'height': 480, 'width': 854, 'mime_type': 'video/mp4'}",rWKYDfklSkE,https://www.youtube.com/watch?v=rWKYDfklSkE
cll8k4oby005r3o6ljjncvkp8,3042,back,,Abnormal Gait,cerebral palsy,"{'top': 40.0, 'left': 345.0, 'height': 385.0, 'width': 153.0}","{'height': 480, 'width': 854, 'mime_type': 'video/mp4'}",rWKYDfklSkE,https://www.youtube.com/watch?v=rWKYDfklSkE
cll8k4oby005r3o6ljjncvkp8,3043,back,,Abnormal Gait,cerebral palsy,"{'top': 40.0, 'left': 345.0, 'height': 385.0, 'width': 153.0}","{'height': 480, 'width': 854, 'mime_type': 'video/mp4'}",rWKYDfklSkE,https://www.youtube.com/watch?v=rWKYDfklSkE
cll8k4oby005r3o6ljjncvkp8,3044,back,,Abnormal Gait,cerebral palsy,"{'top': 40.0, 'left': 345.0, 'height': 385.0, 'width': 153.0}","{'height': 480, 'width': 854, 'mime_type': 'video/mp4'}",rWKYDfklSkE,https://www.youtube.com/watch?v=rWKYDfklSkE
cll8k4oby005r3o6ljjncvkp8,3045,back,,Abnormal Gait,cerebral palsy,"{'top': 40.0, 'left': 345.0, 'height': 385.0, 'width': 153.0}","{'height': 480, 'width': 854, 'mime_type': 'video/mp4'}",rWKYDfklSkE,https://www.youtube.com/watch?v=rWKYDfklSkE
cll8k4oby005r3o6ljjncvkp8,3046,back,,Abnormal Gait,cerebral palsy,"{'top': 40.0, 'left': 345.0, 'height': 385.0, 'width': 153.0}","{'height': 480, 'width': 854, 'mime_type': 'video/mp4'}",rWKYDfklSkE,https://www.youtube.com/watch?v=rWKYDfklSkE
cll8k4oby005r3o6ljjncvkp8,3047,back,,Abnormal Gait,cerebral palsy,"{'top': 40.0, 'left': 345.0, 'height': 385.0, 'width': 153.0}","{'height': 480, 'width': 854, 'mime_type': 'video/mp4'}",rWKYDfklSkE,https://www.youtube.com/watch?v=rWKYDfklSkE
cll8k4oby005r3o6ljjncvkp8,3048,back,,Abnormal Gait,cerebral palsy,"{'top': 40.0, 'left': 345.0, 'height': 385.0, 'width': 153.0}","{'height': 480, 'width': 854, 'mime_type': 'video/mp4'}",rWKYDfklSkE,https://www.youtube.com/watch?v=rWKYDfklSkE
cll8k4oby005r3o6ljjncvkp8,3049,back,,Abnormal Gait,cerebral palsy,"{'top': 40.0, 'left': 345.0, 'height': 385.0, 'width': 153.0}","{'height': 480, 'width': 854, 'mime_type': 'video/mp4'}",rWKYDfklSkE,https://www.youtube.com/watch?v=rWKYDfklSkE
cll8k4oby005r3o6ljjncvkp8,3050,back,,Abnormal Gait,cerebral palsy,"{'top': 40.0, 'left': 345.0, 'height': 385.0, 'width': 153.0}","{'height': 480, 'width': 854, 'mime_type': 'video/mp4'}",rWKYDfklSkE,https://www.youtube.com/watch?v=rWKYDfklSkE
cll8k4oby005r3o6ljjncvkp8,3051,back,,Abnormal Gait,cerebral palsy,"{'top': 40.0, 'left': 345.0, 'height': 385.0, 'width': 153.0}","{'height': 480, 'width': 854, 'mime_type': 'video/mp4'}",rWKYDfklSkE,https://www.youtube.com/watch?v=rWKYDfklSkE
cll8k4oby005r3o6ljjncvkp8,3052,back,,Abnormal Gait,cerebral palsy,"{'top': 40.0, 'left': 345.0, 'height': 385.0, 'width': 153.0}","{'height': 480, 'width': 854, 'mime_type': 'video/mp4'}",rWKYDfklSkE,https://www.youtube.com/watch?v=rWKYDfklSkE
cll8k4oby005r3o6ljjncvkp8,3053,back,,Abnormal Gait,cerebral palsy,"{'top': 40.0, 'left': 345.0, 'height': 385.0, 'width': 153.0}","{'height': 480, 'width': 854, 'mime_type': 'video/mp4'}",rWKYDfklSkE,https://www.youtube.com/watch?v=rWKYDfklSkE
cll8k4oby005r3o6ljjncvkp8,3054,back,,Abnormal Gait,cerebral palsy,"{'top': 40.0, 'left': 345.0, 'height': 385.0, 'width': 153.0}","{'height': 480, 'width': 854, 'mime_type': 'video/mp4'}",rWKYDfklSkE,https://www.youtube.com/watch?v=rWKYDfklSkE
cll8k4oby005r3o6ljjncvkp8,3055,back,,Abnormal Gait,cerebral palsy,"{'top': 40.0, 'left': 345.0, 'height': 385.0, 'width': 153.0}","{'height': 480, 'width': 854, 'mime_type': 'video/mp4'}",rWKYDfklSkE,https://www.youtube.com/watch?v=rWKYDfklSkE
cll8k4oby005r3o6ljjncvkp8,3056,back,,Abnormal Gait,cerebral palsy,"{'top': 40.0, 'left': 345.0, 'height': 385.0, 'width': 153.0}","{'height': 480, 'width': 854, 'mime_type': 'video/mp4'}",rWKYDfklSkE,https://www.youtube.com/watch?v=rWKYDfklSkE
cll8k4oby005r3o6ljjncvkp8,3057,back,,Abnormal Gait,cerebral palsy,"{'top': 40.0, 'left': 345.0, 'height': 385.0, 'width': 153.0}","{'height': 480, 'width': 854, 'mime_type': 'video/mp4'}",rWKYDfklSkE,https://www.youtube.com/watch?v=rWKYDfklSkE
cll8k4oby005r3o6ljjncvkp8,3058,back,,Abnormal Gait,cerebral palsy,"{'top': 40.0, 'left': 345.0, 'height': 385.0, 'width': 153.0}","{'height': 480, 'width': 854, 'mime_type': 'video/mp4'}",rWKYDfklSkE,https://www.youtube.com/watch?v=rWKYDfklSkE
cll8k4oby005r3o6ljjncvkp8,3059,back,,Abnormal Gait,cerebral palsy,"{'top': 40.0, 'left': 345.0, 'height': 385.0, 'width': 153.0}","{'height': 480, 'width': 854, 'mime_type': 'video/mp4'}",rWKYDfklSkE,https://www.youtube.com/watch?v=rWKYDfklSkE
cll8k4oby005r3o6ljjncvkp8,3060,back,,Abnormal Gait,cerebral palsy,"{'top': 40.0, 'left': 345.0, 'height': 385.0, 'width': 153.0}","{'height': 480, 'width': 854, 'mime_type': 'video/mp4'}",rWKYDfklSkE,https://www.youtube.com/watch?v=rWKYDfklSkE
cll8k4oby005r3o6ljjncvkp8,3061,back,,Abnormal Gait,cerebral palsy,"{'top': 40.0, 'left': 345.0, 'height': 385.0, 'width': 153.0}","{'height': 480, 'width': 854, 'mime_type': 'video/mp4'}",rWKYDfklSkE,https://www.youtube.com/watch?v=rWKYDfklSkE
cll8k4oby005r3o6ljjncvkp8,3062,back,,Abnormal Gait,cerebral palsy,"{'top': 40.0, 'left': 345.0, 'height': 385.0, 'width': 153.0}","{'height': 480, 'width': 854, 'mime_type': 'video/mp4'}",rWKYDfklSkE,https://www.youtube.com/watch?v=rWKYDfklSkE
cll8k4oby005r3o6ljjncvkp8,3063,back,,Abnormal Gait,cerebral palsy,"{'top': 40.0, 'left': 345.0, 'height': 385.0, 'width': 153.0}","{'height': 480, 'width': 854, 'mime_type': 'video/mp4'}",rWKYDfklSkE,https://www.youtube.com/watch?v=rWKYDfklSkE
cll8k4oby005r3o6ljjncvkp8,3064,back,,Abnormal Gait,cerebral palsy,"{'top': 40.0, 'left': 345.0, 'height': 385.0, 'width': 153.0}","{'height': 480, 'width': 854, 'mime_type': 'video/mp4'}",rWKYDfklSkE,https://www.youtube.com/watch?v=rWKYDfklSkE
cll8k4oby005r3o6ljjncvkp8,3065,back,,Abnormal Gait,cerebral palsy,"{'top': 40.0, 'left': 345.0, 'height': 385.0, 'width': 153.0}","{'height': 480, 'width': 854, 'mime_type': 'video/mp4'}",rWKYDfklSkE,https://www.youtube.com/watch?v=rWKYDfklSkE
cll8k4oby005r3o6ljjncvkp8,3066,back,,Abnormal Gait,cerebral palsy,"{'top': 40.0, 'left': 345.0, 'height': 385.0, 'width': 153.0}","{'height': 480, 'width': 854, 'mime_type': 'video/mp4'}",rWKYDfklSkE,https://www.youtube.com/watch?v=rWKYDfklSkE
cll8k4oby005r3o6ljjncvkp8,3067,back,,Abnormal Gait,cerebral palsy,"{'top': 40.0, 'left': 345.0, 'height': 385.0, 'width': 153.0}","{'height': 480, 'width': 854, 'mime_type': 'video/mp4'}",rWKYDfklSkE,https://www.youtube.com/watch?v=rWKYDfklSkE
cll8k4oby005r3o6ljjncvkp8,3068,back,,Abnormal Gait,cerebral palsy,"{'top': 40.0, 'left': 345.0, 'height': 385.0, 'width': 153.0}","{'height': 480, 'width': 854, 'mime_type': 'video/mp4'}",rWKYDfklSkE,https://www.youtube.com/watch?v=rWKYDfklSkE
cll8k4oby005r3o6ljjncvkp8,3069,back,,Abnormal Gait,cerebral palsy,"{'top': 40.0, 'left': 345.0, 'height': 385.0, 'width': 153.0}","{'height': 480, 'width': 854, 'mime_type': 'video/mp4'}",rWKYDfklSkE,https://www.youtube.com/watch?v=rWKYDfklSkE
cll8k4oby005r3o6ljjncvkp8,3070,back,,Abnormal Gait,cerebral palsy,"{'top': 40.0, 'left': 345.0, 'height': 385.0, 'width': 153.0}","{'height': 480, 'width': 854, 'mime_type': 'video/mp4'}",rWKYDfklSkE,https://www.youtube.com/watch?v=rWKYDfklSkE
cll8k4oby005r3o6ljjncvkp8,3071,back,,Abnormal Gait,cerebral palsy,"{'top': 40.0, 'left': 345.0, 'height': 385.0, 'width': 153.0}","{'height': 480, 'width': 854, 'mime_type': 'video/mp4'}",rWKYDfklSkE,https://www.youtube.com/watch?v=rWKYDfklSkE
cll8k4oby005r3o6ljjncvkp8,3072,back,,Abnormal Gait,cerebral palsy,"{'top': 40.0, 'left': 345.0, 'height': 385.0, 'width': 153.0}","{'height': 480, 'width': 854, 'mime_type': 'video/mp4'}",rWKYDfklSkE,https://www.youtube.com/watch?v=rWKYDfklSkE
cll8k4oby005r3o6ljjncvkp8,3073,back,,Abnormal Gait,cerebral palsy,"{'top': 40.0, 'left': 345.0, 'height': 385.0, 'width': 153.0}","{'height': 480, 'width': 854, 'mime_type': 'video/mp4'}",rWKYDfklSkE,https://www.youtube.com/watch?v=rWKYDfklSkE
cll8k4oby005r3o6ljjncvkp8,3074,back,,Abnormal Gait,cerebral palsy,"{'top': 40.0, 'left': 345.0, 'height': 385.0, 'width': 153.0}","{'height': 480, 'width': 854, 'mime_type': 'video/mp4'}",rWKYDfklSkE,https://www.youtube.com/watch?v=rWKYDfklSkE
cll8k4oby005r3o6ljjncvkp8,3075,back,,Abnormal Gait,cerebral palsy,"{'top': 40.0, 'left': 345.0, 'height': 385.0, 'width': 153.0}","{'height': 480, 'width': 854, 'mime_type': 'video/mp4'}",rWKYDfklSkE,https://www.youtube.com/watch?v=rWKYDfklSkE
cll8k4oby005r3o6ljjncvkp8,3076,back,,Abnormal Gait,cerebral palsy,"{'top': 40.0, 'left': 345.0, 'height': 385.0, 'width': 153.0}","{'height': 480, 'width': 854, 'mime_type': 'video/mp4'}",rWKYDfklSkE,https://www.youtube.com/watch?v=rWKYDfklSkE
cll8k4oby005r3o6ljjncvkp8,3077,back,,Abnormal Gait,cerebral palsy,"{'top': 40.0, 'left': 345.0, 'height': 385.0, 'width': 153.0}","{'height': 480, 'width': 854, 'mime_type': 'video/mp4'}",rWKYDfklSkE,https://www.youtube.com/watch?v=rWKYDfklSkE
cll8k4oby005r3o6ljjncvkp8,3078,back,,Abnormal Gait,cerebral palsy,"{'top': 40.0, 'left': 345.0, 'height': 385.0, 'width': 153.0}","{'height': 480, 'width': 854, 'mime_type': 'video/mp4'}",rWKYDfklSkE,https://www.youtube.com/watch?v=rWKYDfklSkE
cll8k4oby005r3o6ljjncvkp8,3079,back,,Abnormal Gait,cerebral palsy,"{'top': 40.0, 'left': 345.0, 'height': 385.0, 'width': 153.0}","{'height': 480, 'width': 854, 'mime_type': 'video/mp4'}",rWKYDfklSkE,https://www.youtube.com/watch?v=rWKYDfklSkE
cll8k4oby005r3o6ljjncvkp8,3080,back,,Abnormal Gait,cerebral palsy,"{'top': 40.0, 'left': 345.0, 'height': 385.0, 'width': 153.0}","{'height': 480, 'width': 854, 'mime_type': 'video/mp4'}",rWKYDfklSkE,https://www.youtube.com/watch?v=rWKYDfklSkE
cll8k4oby005r3o6ljjncvkp8,3081,back,,Abnormal Gait,cerebral palsy,"{'top': 40.0, 'left': 345.0, 'height': 385.0, 'width': 153.0}","{'height': 480, 'width': 854, 'mime_type': 'video/mp4'}",rWKYDfklSkE,https://www.youtube.com/watch?v=rWKYDfklSkE
cll8k4oby005r3o6ljjncvkp8,3082,back,,Abnormal Gait,cerebral palsy,"{'top': 40.0, 'left': 345.0, 'height': 385.0, 'width': 153.0}","{'height': 480, 'width': 854, 'mime_type': 'video/mp4'}",rWKYDfklSkE,https://www.youtube.com/watch?v=rWKYDfklSkE
cll8k4oby005r3o6ljjncvkp8,3083,back,,Abnormal Gait,cerebral palsy,"{'top': 40.0, 'left': 345.0, 'height': 385.0, 'width': 153.0}","{'height': 480, 'width': 854, 'mime_type': 'video/mp4'}",rWKYDfklSkE,https://www.youtube.com/watch?v=rWKYDfklSkE
cll8k4oby005r3o6ljjncvkp8,3084,back,,Abnormal Gait,cerebral palsy,"{'top': 40.0, 'left': 345.0, 'height': 385.0, 'width': 153.0}","{'height': 480, 'width': 854, 'mime_type': 'video/mp4'}",rWKYDfklSkE,https://www.youtube.com/watch?v=rWKYDfklSkE
cll8k4oby005r3o6ljjncvkp8,3085,back,,Abnormal Gait,cerebral palsy,"{'top': 40.0, 'left': 345.0, 'height': 385.0, 'width': 153.0}","{'height': 480, 'width': 854, 'mime_type': 'video/mp4'}",rWKYDfklSkE,https://www.youtube.com/watch?v=rWKYDfklSkE
cll8k4oby005r3o6ljjncvkp8,3086,back,,Abnormal Gait,cerebral palsy,"{'top': 40.0, 'left': 345.0, 'height': 385.0, 'width': 153.0}","{'height': 480, 'width': 854, 'mime_type': 'video/mp4'}",rWKYDfklSkE,https://www.youtube.com/watch?v=rWKYDfklSkE
cll8k4oby005r3o6ljjncvkp8,3087,back,,Abnormal Gait,cerebral palsy,"{'top': 40.0, 'left': 345.0, 'height': 385.0, 'width': 153.0}","{'height': 480, 'width': 854, 'mime_type': 'video/mp4'}",rWKYDfklSkE,https://www.youtube.com/watch?v=rWKYDfklSkE
cll8k4oby005r3o6ljjncvkp8,3088,back,,Abnormal Gait,cerebral palsy,"{'top': 40.0, 'left': 345.0, 'height': 385.0, 'width': 153.0}","{'height': 480, 'width': 854, 'mime_type': 'video/mp4'}",rWKYDfklSkE,https://www.youtube.com/watch?v=rWKYDfklSkE
cll8k4oby005r3o6ljjncvkp8,3089,back,,Abnormal Gait,cerebral palsy,"{'top': 40.0, 'left': 345.0, 'height': 385.0, 'width': 153.0}","{'height': 480, 'width': 854, 'mime_type': 'video/mp4'}",rWKYDfklSkE,https://www.youtube.com/watch?v=rWKYDfklSkE
cll8k4oby005r3o6ljjncvkp8,3090,back,,Abnormal Gait,cerebral palsy,"{'top': 40.0, 'left': 345.0, 'height': 385.0, 'width': 153.0}","{'height': 480, 'width': 854, 'mime_type': 'video/mp4'}",rWKYDfklSkE,https://www.youtube.com/watch?v=rWKYDfklSkE
cll8k4oby005r3o6ljjncvkp8,3091,back,,Abnormal Gait,cerebral palsy,"{'top': 40.0, 'left': 345.0, 'height': 385.0, 'width': 153.0}","{'height': 480, 'width': 854, 'mime_type': 'video/mp4'}",rWKYDfklSkE,https://www.youtube.com/watch?v=rWKYDfklSkE
cll8k4oby005r3o6ljjncvkp8,3092,back,,Abnormal Gait,cerebral palsy,"{'top': 40.0, 'left': 345.0, 'height': 385.0, 'width': 153.0}","{'height': 480, 'width': 854, 'mime_type': 'video/mp4'}",rWKYDfklSkE,https://www.youtube.com/watch?v=rWKYDfklSkE
cll8k4oby005r3o6ljjncvkp8,3093,back,,Abnormal Gait,cerebral palsy,"{'top': 40.0, 'left': 345.0, 'height': 385.0, 'width': 153.0}","{'height': 480, 'width': 854, 'mime_type': 'video/mp4'}",rWKYDfklSkE,https://www.youtube.com/watch?v=rWKYDfklSkE
cll8k4oby005r3o6ljjncvkp8,3094,back,,Abnormal Gait,cerebral palsy,"{'top': 40.0, 'left': 345.0, 'height': 385.0, 'width': 153.0}","{'height': 480, 'width': 854, 'mime_type': 'video/mp4'}",rWKYDfklSkE,https://www.youtube.com/watch?v=rWKYDfklSkE
cll8k4oby005r3o6ljjncvkp8,3095,back,,Abnormal Gait,cerebral palsy,"{'top': 40.0, 'left': 345.0, 'height': 385.0, 'width': 153.0}","{'height': 480, 'width': 854, 'mime_type': 'video/mp4'}",rWKYDfklSkE,https://www.youtube.com/watch?v=rWKYDfklSkE
cll8k4oby005r3o6ljjncvkp8,3096,back,,Abnormal Gait,cerebral palsy,"{'top': 40.0, 'left': 345.0, 'height': 385.0, 'width': 153.0}","{'height': 480, 'width': 854, 'mime_type': 'video/mp4'}",rWKYDfklSkE,https://www.youtube.com/watch?v=rWKYDfklSkE
cll8k4oby005r3o6ljjncvkp8,3097,back,,Abnormal Gait,cerebral palsy,"{'top': 40.0, 'left': 345.0, 'height': 385.0, 'width': 153.0}","{'height': 480, 'width': 854, 'mime_type': 'video/mp4'}",rWKYDfklSkE,https://www.youtube.com/watch?v=rWKYDfklSkE
cll8k4oby005r3o6ljjncvkp8,3098,back,,Abnormal Gait,cerebral palsy,"{'top': 40.0, 'left': 345.0, 'height': 385.0, 'width': 153.0}","{'height': 480, 'width': 854, 'mime_type': 'video/mp4'}",rWKYDfklSkE,https://www.youtube.com/watch?v=rWKYDfklSkE
cll8k4oby005r3o6ljjncvkp8,3099,back,,Abnormal Gait,cerebral palsy,"{'top': 40.0, 'left': 345.0, 'height': 385.0, 'width': 153.0}","{'height': 480, 'width': 854, 'mime_type': 'video/mp4'}",rWKYDfklSkE,https://www.youtube.com/watch?v=rWKYDfklSkE
cll8k4oby005r3o6ljjncvkp8,3100,back,,Abnormal Gait,cerebral palsy,"{'top': 40.0, 'left': 345.0, 'height': 385.0, 'width': 153.0}","{'height': 480, 'width': 854, 'mime_type': 'video/mp4'}",rWKYDfklSkE,https://www.youtube.com/watch?v=rWKYDfklSkE
cll8k4oby005r3o6ljjncvkp8,3101,back,,Abnormal Gait,cerebral palsy,"{'top': 40.0, 'left': 345.0, 'height': 385.0, 'width': 153.0}","{'height': 480, 'width': 854, 'mime_type': 'video/mp4'}",rWKYDfklSkE,https://www.youtube.com/watch?v=rWKYDfklSkE
cll8k4oby005r3o6ljjncvkp8,3102,back,,Abnormal Gait,cerebral palsy,"{'top': 40.0, 'left': 345.0, 'height': 385.0, 'width': 153.0}","{'height': 480, 'width': 854, 'mime_type': 'video/mp4'}",rWKYDfklSkE,https://www.youtube.com/watch?v=rWKYDfklSkE
cll8k4oby005r3o6ljjncvkp8,3103,back,,Abnormal Gait,cerebral palsy,"{'top': 40.0, 'left': 345.0, 'height': 385.0, 'width': 153.0}","{'height': 480, 'width': 854, 'mime_type': 'video/mp4'}",rWKYDfklSkE,https://www.youtube.com/watch?v=rWKYDfklSkE
cll8k4oby005r3o6ljjncvkp8,3104,back,,Abnormal Gait,cerebral palsy,"{'top': 40.0, 'left': 345.0, 'height': 385.0, 'width': 153.0}","{'height': 480, 'width': 854, 'mime_type': 'video/mp4'}",rWKYDfklSkE,https://www.youtube.com/watch?v=rWKYDfklSkE
cll8k4oby005r3o6ljjncvkp8,3105,back,,Abnormal Gait,cerebral palsy,"{'top': 40.0, 'left': 345.0, 'height': 385.0, 'width': 153.0}","{'height': 480, 'width': 854, 'mime_type': 'video/mp4'}",rWKYDfklSkE,https://www.youtube.com/watch?v=rWKYDfklSkE
cll8k4oby005r3o6ljjncvkp8,3106,back,,Abnormal Gait,cerebral palsy,"{'top': 40.0, 'left': 345.0, 'height': 385.0, 'width': 153.0}","{'height': 480, 'width': 854, 'mime_type': 'video/mp4'}",rWKYDfklSkE,https://www.youtube.com/watch?v=rWKYDfklSkE
cll8k4oby005r3o6ljjncvkp8,3107,back,,Abnormal Gait,cerebral palsy,"{'top': 40.0, 'left': 345.0, 'height': 385.0, 'width': 153.0}","{'height': 480, 'width': 854, 'mime_type': 'video/mp4'}",rWKYDfklSkE,https://www.youtube.com/watch?v=rWKYDfklSkE
cll8k4oby005r3o6ljjncvkp8,3108,back,,Abnormal Gait,cerebral palsy,"{'top': 40.0, 'left': 345.0, 'height': 385.0, 'width': 153.0}","{'height': 480, 'width': 854, 'mime_type': 'video/mp4'}",rWKYDfklSkE,https://www.youtube.com/watch?v=rWKYDfklSkE
cll8k4oby005r3o6ljjncvkp8,3109,back,,Abnormal Gait,cerebral palsy,"{'top': 40.0, 'left': 345.0, 'height': 385.0, 'width': 153.0}","{'height': 480, 'width': 854, 'mime_type': 'video/mp4'}",rWKYDfklSkE,https://www.youtube.com/watch?v=rWKYDfklSkE
cll8k4oby005r3o6ljjncvkp8,3110,back,,Abnormal Gait,cerebral palsy,"{'top': 40.0, 'left': 345.0, 'height': 385.0, 'width': 153.0}","{'height': 480, 'width': 854, 'mime_type': 'video/mp4'}",rWKYDfklSkE,https://www.youtube.com/watch?v=rWKYDfklSkE
cll8k4oby005r3o6ljjncvkp8,3111,back,,Abnormal Gait,cerebral palsy,"{'top': 40.0, 'left': 345.0, 'height': 385.0, 'width': 153.0}","{'height': 480, 'width': 854, 'mime_type': 'video/mp4'}",rWKYDfklSkE,https://www.youtube.com/watch?v=rWKYDfklSkE
cll8k4oby005r3o6ljjncvkp8,3112,back,,Abnormal Gait,cerebral palsy,"{'top': 40.0, 'left': 345.0, 'height': 385.0, 'width': 153.0}","{'height': 480, 'width': 854, 'mime_type': 'video/mp4'}",rWKYDfklSkE,https://www.youtube.com/watch?v=rWKYDfklSkE
cll8k4oby005r3o6ljjncvkp8,3113,back,,Abnormal Gait,cerebral palsy,"{'top': 40.0, 'left': 345.0, 'height': 385.0, 'width': 153.0}","{'height': 480, 'width': 854, 'mime_type': 'video/mp4'}",rWKYDfklSkE,https://www.youtube.com/watch?v=rWKYDfklSkE
cll8k4oby005r3o6ljjncvkp8,3114,back,,Abnormal Gait,cerebral palsy,"{'top': 40.0, 'left': 345.0, 'height': 385.0, 'width': 153.0}","{'height': 480, 'width': 854, 'mime_type': 'video/mp4'}",rWKYDfklSkE,https://www.youtube.com/watch?v=rWKYDfklSkE
cll8k4oby005r3o6ljjncvkp8,3115,back,,Abnormal Gait,cerebral palsy,"{'top': 40.0, 'left': 345.0, 'height': 385.0, 'width': 153.0}","{'height': 480, 'width': 854, 'mime_type': 'video/mp4'}",rWKYDfklSkE,https://www.youtube.com/watch?v=rWKYDfklSkE
cll8k4oby005r3o6ljjncvkp8,3116,back,,Abnormal Gait,cerebral palsy,"{'top': 40.0, 'left': 345.0, 'height': 385.0, 'width': 153.0}","{'height': 480, 'width': 854, 'mime_type': 'video/mp4'}",rWKYDfklSkE,https://www.youtube.com/watch?v=rWKYDfklSkE
cll8k4oby005r3o6ljjncvkp8,3117,back,,Abnormal Gait,cerebral palsy,"{'top': 40.0, 'left': 345.0, 'height': 385.0, 'width': 153.0}","{'height': 480, 'width': 854, 'mime_type': 'video/mp4'}",rWKYDfklSkE,https://www.youtube.com/watch?v=rWKYDfklSkE
cll8k4oby005r3o6ljjncvkp8,3118,back,,Abnormal Gait,cerebral palsy,"{'top': 40.0, 'left': 345.0, 'height': 385.0, 'width': 153.0}","{'height': 480, 'width': 854, 'mime_type': 'video/mp4'}",rWKYDfklSkE,https://www.youtube.com/watch?v=rWKYDfklSkE
cll8k4oby005r3o6ljjncvkp8,3119,back,,Abnormal Gait,cerebral palsy,"{'top': 40.0, 'left': 345.0, 'height': 385.0, 'width': 153.0}","{'height': 480, 'width': 854, 'mime_type': 'video/mp4'}",rWKYDfklSkE,https://www.youtube.com/watch?v=rWKYDfklSkE
cll8k4oby005r3o6ljjncvkp8,3120,back,,Abnormal Gait,cerebral palsy,"{'top': 40.0, 'left': 345.0, 'height': 385.0, 'width': 153.0}","{'height': 480, 'width': 854, 'mime_type': 'video/mp4'}",rWKYDfklSkE,https://www.youtube.com/watch?v=rWKYDfklSkE
cll8k4oby005r3o6ljjncvkp8,3121,back,,Abnormal Gait,cerebral palsy,"{'top': 40.0, 'left': 345.0, 'height': 385.0, 'width': 153.0}","{'height': 480, 'width': 854, 'mime_type': 'video/mp4'}",rWKYDfklSkE,https://www.youtube.com/watch?v=rWKYDfklSkE
cll8k4oby005r3o6ljjncvkp8,3122,back,,Abnormal Gait,cerebral palsy,"{'top': 40.0, 'left': 345.0, 'height': 385.0, 'width': 153.0}","{'height': 480, 'width': 854, 'mime_type': 'video/mp4'}",rWKYDfklSkE,https://www.youtube.com/watch?v=rWKYDfklSkE
cll8k4oby005r3o6ljjncvkp8,3123,back,,Abnormal Gait,cerebral palsy,"{'top': 40.0, 'left': 345.0, 'height': 385.0, 'width': 153.0}","{'height': 480, 'width': 854, 'mime_type': 'video/mp4'}",rWKYDfklSkE,https://www.youtube.com/watch?v=rWKYDfklSkE
cll8k4oby005r3o6ljjncvkp8,3124,back,,Abnormal Gait,cerebral palsy,"{'top': 40.0, 'left': 345.0, 'height': 385.0, 'width': 153.0}","{'height': 480, 'width': 854, 'mime_type': 'video/mp4'}",rWKYDfklSkE,https://www.youtube.com/watch?v=rWKYDfklSkE
cll8k4oby005r3o6ljjncvkp8,3125,back,,Abnormal Gait,cerebral palsy,"{'top': 40.0, 'left': 345.0, 'height': 385.0, 'width': 153.0}","{'height': 480, 'width': 854, 'mime_type': 'video/mp4'}",rWKYDfklSkE,https://www.youtube.com/watch?v=rWKYDfklSkE
cll8k4oby005r3o6ljjncvkp8,3126,back,,Abnormal Gait,cerebral palsy,"{'top': 40.0, 'left': 345.0, 'height': 385.0, 'width': 153.0}","{'height': 480, 'width': 854, 'mime_type': 'video/mp4'}",rWKYDfklSkE,https://www.youtube.com/watch?v=rWKYDfklSkE
cll8k4oby005r3o6ljjncvkp8,3127,back,,Abnormal Gait,cerebral palsy,"{'top': 40.0, 'left': 345.0, 'height': 385.0, 'width': 153.0}","{'height': 480, 'width': 854, 'mime_type': 'video/mp4'}",rWKYDfklSkE,https://www.youtube.com/watch?v=rWKYDfklSkE
cll8k4oby005r3o6ljjncvkp8,3128,back,,Abnormal Gait,cerebral palsy,"{'top': 40.0, 'left': 345.0, 'height': 385.0, 'width': 153.0}","{'height': 480, 'width': 854, 'mime_type': 'video/mp4'}",rWKYDfklSkE,https://www.youtube.com/watch?v=rWKYDfklSkE
cll8k4oby005r3o6ljjncvkp8,3129,back,,Abnormal Gait,cerebral palsy,"{'top': 40.0, 'left': 345.0, 'height': 385.0, 'width': 153.0}","{'height': 480, 'width': 854, 'mime_type': 'video/mp4'}",rWKYDfklSkE,https://www.youtube.com/watch?v=rWKYDfklSkE
cll8k4oby005r3o6ljjncvkp8,3130,back,,Abnormal Gait,cerebral palsy,"{'top': 40.0, 'left': 345.0, 'height': 385.0, 'width': 153.0}","{'height': 480, 'width': 854, 'mime_type': 'video/mp4'}",rWKYDfklSkE,https://www.youtube.com/watch?v=rWKYDfklSkE
cll8k4oby005r3o6ljjncvkp8,3131,back,,Abnormal Gait,cerebral palsy,"{'top': 40.0, 'left': 345.0, 'height': 385.0, 'width': 153.0}","{'height': 480, 'width': 854, 'mime_type': 'video/mp4'}",rWKYDfklSkE,https://www.youtube.com/watch?v=rWKYDfklSkE
cll8k4oby005r3o6ljjncvkp8,3132,back,,Abnormal Gait,cerebral palsy,"{'top': 40.0, 'left': 345.0, 'height': 385.0, 'width': 153.0}","{'height': 480, 'width': 854, 'mime_type': 'video/mp4'}",rWKYDfklSkE,https://www.youtube.com/watch?v=rWKYDfklSkE
cll8k4oby005r3o6ljjncvkp8,3133,back,,Abnormal Gait,cerebral palsy,"{'top': 40.0, 'left': 345.0, 'height': 385.0, 'width': 153.0}","{'height': 480, 'width': 854, 'mime_type': 'video/mp4'}",rWKYDfklSkE,https://www.youtube.com/watch?v=rWKYDfklSkE
cll8k4oby005r3o6ljjncvkp8,3134,back,,Abnormal Gait,cerebral palsy,"{'top': 40.0, 'left': 345.0, 'height': 385.0, 'width': 153.0}","{'height': 480, 'width': 854, 'mime_type': 'video/mp4'}",rWKYDfklSkE,https://www.youtube.com/watch?v=rWKYDfklSkE
cll8k4oby005r3o6ljjncvkp8,3135,back,,Abnormal Gait,cerebral palsy,"{'top': 40.0, 'left': 345.0, 'height': 385.0, 'width': 153.0}","{'height': 480, 'width': 854, 'mime_type': 'video/mp4'}",rWKYDfklSkE,https://www.youtube.com/watch?v=rWKYDfklSkE
cll8k4oby005r3o6ljjncvkp8,3136,back,,Abnormal Gait,cerebral palsy,"{'top': 40.0, 'left': 345.0, 'height': 385.0, 'width': 153.0}","{'height': 480, 'width': 854, 'mime_type': 'video/mp4'}",rWKYDfklSkE,https://www.youtube.com/watch?v=rWKYDfklSkE
cll8k4oby005r3o6ljjncvkp8,3137,back,,Abnormal Gait,cerebral palsy,"{'top': 40.0, 'left': 345.0, 'height': 385.0, 'width': 153.0}","{'height': 480, 'width': 854, 'mime_type': 'video/mp4'}",rWKYDfklSkE,https://www.youtube.com/watch?v=rWKYDfklSkE
cll8k4oby005r3o6ljjncvkp8,3138,back,,Abnormal Gait,cerebral palsy,"{'top': 40.0, 'left': 345.0, 'height': 385.0, 'width': 153.0}","{'height': 480, 'width': 854, 'mime_type': 'video/mp4'}",rWKYDfklSkE,https://www.youtube.com/watch?v=rWKYDfklSkE
cll8k4oby005r3o6ljjncvkp8,3139,back,,Abnormal Gait,cerebral palsy,"{'top': 40.0, 'left': 345.0, 'height': 385.0, 'width': 153.0}","{'height': 480, 'width': 854, 'mime_type': 'video/mp4'}",rWKYDfklSkE,https://www.youtube.com/watch?v=rWKYDfklSkE
cll8k4oby005r3o6ljjncvkp8,3140,back,,Abnormal Gait,cerebral palsy,"{'top': 40.0, 'left': 345.0, 'height': 385.0, 'width': 153.0}","{'height': 480, 'width': 854, 'mime_type': 'video/mp4'}",rWKYDfklSkE,https://www.youtube.com/watch?v=rWKYDfklSkE
cll8k4oby005r3o6ljjncvkp8,3141,back,,Abnormal Gait,cerebral palsy,"{'top': 40.0, 'left': 345.0, 'height': 385.0, 'width': 153.0}","{'height': 480, 'width': 854, 'mime_type': 'video/mp4'}",rWKYDfklSkE,https://www.youtube.com/watch?v=rWKYDfklSkE
cll8k4oby005r3o6ljjncvkp8,3142,back,,Abnormal Gait,cerebral palsy,"{'top': 40.0, 'left': 345.0, 'height': 385.0, 'width': 153.0}","{'height': 480, 'width': 854, 'mime_type': 'video/mp4'}",rWKYDfklSkE,https://www.youtube.com/watch?v=rWKYDfklSkE
cll8k4oby005r3o6ljjncvkp8,3143,back,,Abnormal Gait,cerebral palsy,"{'top': 40.0, 'left': 345.0, 'height': 385.0, 'width': 153.0}","{'height': 480, 'width': 854, 'mime_type': 'video/mp4'}",rWKYDfklSkE,https://www.youtube.com/watch?v=rWKYDfklSkE
cll8k4oby005r3o6ljjncvkp8,3144,back,,Abnormal Gait,cerebral palsy,"{'top': 40.0, 'left': 345.0, 'height': 385.0, 'width': 153.0}","{'height': 480, 'width': 854, 'mime_type': 'video/mp4'}",rWKYDfklSkE,https://www.youtube.com/watch?v=rWKYDfklSkE
cll8k4oby005r3o6ljjncvkp8,3145,back,,Abnormal Gait,cerebral palsy,"{'top': 40.0, 'left': 345.0, 'height': 385.0, 'width': 153.0}","{'height': 480, 'width': 854, 'mime_type': 'video/mp4'}",rWKYDfklSkE,https://www.youtube.com/watch?v=rWKYDfklSkE
cll8k4oby005r3o6ljjncvkp8,3146,back,,Abnormal Gait,cerebral palsy,"{'top': 40.0, 'left': 345.0, 'height': 385.0, 'width': 153.0}","{'height': 480, 'width': 854, 'mime_type': 'video/mp4'}",rWKYDfklSkE,https://www.youtube.com/watch?v=rWKYDfklSkE
cll8k4oby005r3o6ljjncvkp8,3147,back,,Abnormal Gait,cerebral palsy,"{'top': 40.0, 'left': 345.0, 'height': 385.0, 'width': 153.0}","{'height': 480, 'width': 854, 'mime_type': 'video/mp4'}",rWKYDfklSkE,https://www.youtube.com/watch?v=rWKYDfklSkE
cll8k4oby005r3o6ljjncvkp8,3148,back,,Abnormal Gait,cerebral palsy,"{'top': 40.0, 'left': 345.0, 'height': 385.0, 'width': 153.0}","{'height': 480, 'width': 854, 'mime_type': 'video/mp4'}",rWKYDfklSkE,https://www.youtube.com/watch?v=rWKYDfklSkE
cll8k4oby005r3o6ljjncvkp8,3149,back,,Abnormal Gait,cerebral palsy,"{'top': 40.0, 'left': 345.0, 'height': 385.0, 'width': 153.0}","{'height': 480, 'width': 854, 'mime_type': 'video/mp4'}",rWKYDfklSkE,https://www.youtube.com/watch?v=rWKYDfklSkE
cll8k4oby005r3o6ljjncvkp8,3150,back,,Abnormal Gait,cerebral palsy,"{'top': 40.0, 'left': 345.0, 'height': 385.0, 'width': 153.0}","{'height': 480, 'width': 854, 'mime_type': 'video/mp4'}",rWKYDfklSkE,https://www.youtube.com/watch?v=rWKYDfklSkE
cll8k4oby005r3o6ljjncvkp8,3151,back,,Abnormal Gait,cerebral palsy,"{'top': 40.0, 'left': 345.0, 'height': 385.0, 'width': 153.0}","{'height': 480, 'width': 854, 'mime_type': 'video/mp4'}",rWKYDfklSkE,https://www.youtube.com/watch?v=rWKYDfklSkE
cll8k4oby005r3o6ljjncvkp8,3152,back,,Abnormal Gait,cerebral palsy,"{'top': 40.0, 'left': 345.0, 'height': 385.0, 'width': 153.0}","{'height': 480, 'width': 854, 'mime_type': 'video/mp4'}",rWKYDfklSkE,https://www.youtube.com/watch?v=rWKYDfklSkE
cll8k4oby005r3o6ljjncvkp8,3153,back,,Abnormal Gait,cerebral palsy,"{'top': 40.0, 'left': 345.0, 'height': 385.0, 'width': 153.0}","{'height': 480, 'width': 854, 'mime_type': 'video/mp4'}",rWKYDfklSkE,https://www.youtube.com/watch?v=rWKYDfklSkE
cll8k4oby005r3o6ljjncvkp8,3154,back,,Abnormal Gait,cerebral palsy,"{'top': 40.0, 'left': 345.0, 'height': 385.0, 'width': 153.0}","{'height': 480, 'width': 854, 'mime_type': 'video/mp4'}",rWKYDfklSkE,https://www.youtube.com/watch?v=rWKYDfklSkE
cll8k4oby005r3o6ljjncvkp8,3155,back,,Abnormal Gait,cerebral palsy,"{'top': 40.0, 'left': 345.0, 'height': 385.0, 'width': 153.0}","{'height': 480, 'width': 854, 'mime_type': 'video/mp4'}",rWKYDfklSkE,https://www.youtube.com/watch?v=rWKYDfklSkE
cll8k4oby005r3o6ljjncvkp8,3156,back,,Abnormal Gait,cerebral palsy,"{'top': 40.0, 'left': 345.0, 'height': 385.0, 'width': 153.0}","{'height': 480, 'width': 854, 'mime_type': 'video/mp4'}",rWKYDfklSkE,https://www.youtube.com/watch?v=rWKYDfklSkE
cll8k4oby005r3o6ljjncvkp8,3157,back,,Abnormal Gait,cerebral palsy,"{'top': 40.0, 'left': 345.0, 'height': 385.0, 'width': 153.0}","{'height': 480, 'width': 854, 'mime_type': 'video/mp4'}",rWKYDfklSkE,https://www.youtube.com/watch?v=rWKYDfklSkE
cll8k4oby005r3o6ljjncvkp8,3158,back,,Abnormal Gait,cerebral palsy,"{'top': 40.0, 'left': 345.0, 'height': 385.0, 'width': 153.0}","{'height': 480, 'width': 854, 'mime_type': 'video/mp4'}",rWKYDfklSkE,https://www.youtube.com/watch?v=rWKYDfklSkE
cll8k4oby005r3o6ljjncvkp8,3159,back,,Abnormal Gait,cerebral palsy,"{'top': 40.0, 'left': 345.0, 'height': 385.0, 'width': 153.0}","{'height': 480, 'width': 854, 'mime_type': 'video/mp4'}",rWKYDfklSkE,https://www.youtube.com/watch?v=rWKYDfklSkE
cll8k4oby005r3o6ljjncvkp8,3160,back,,Abnormal Gait,cerebral palsy,"{'top': 40.0, 'left': 345.0, 'height': 385.0, 'width': 153.0}","{'height': 480, 'width': 854, 'mime_type': 'video/mp4'}",rWKYDfklSkE,https://www.youtube.com/watch?v=rWKYDfklSkE
cll8k4oby005r3o6ljjncvkp8,3161,back,,Abnormal Gait,cerebral palsy,"{'top': 40.0, 'left': 345.0, 'height': 385.0, 'width': 153.0}","{'height': 480, 'width': 854, 'mime_type': 'video/mp4'}",rWKYDfklSkE,https://www.youtube.com/watch?v=rWKYDfklSkE
cll8k4oby005r3o6ljjncvkp8,3162,back,,Abnormal Gait,cerebral palsy,"{'top': 40.0, 'left': 345.0, 'height': 385.0, 'width': 153.0}","{'height': 480, 'width': 854, 'mime_type': 'video/mp4'}",rWKYDfklSkE,https://www.youtube.com/watch?v=rWKYDfklSkE
cll8k4oby005r3o6ljjncvkp8,3163,back,,Abnormal Gait,cerebral palsy,"{'top': 40.0, 'left': 345.0, 'height': 385.0, 'width': 153.0}","{'height': 480, 'width': 854, 'mime_type': 'video/mp4'}",rWKYDfklSkE,https://www.youtube.com/watch?v=rWKYDfklSkE
cll8k4oby005r3o6ljjncvkp8,3164,back,,Abnormal Gait,cerebral palsy,"{'top': 40.0, 'left': 345.0, 'height': 385.0, 'width': 153.0}","{'height': 480, 'width': 854, 'mime_type': 'video/mp4'}",rWKYDfklSkE,https://www.youtube.com/watch?v=rWKYDfklSkE
cll8k4oby005r3o6ljjncvkp8,3165,back,,Abnormal Gait,cerebral palsy,"{'top': 40.0, 'left': 345.0, 'height': 385.0, 'width': 153.0}","{'height': 480, 'width': 854, 'mime_type': 'video/mp4'}",rWKYDfklSkE,https://www.youtube.com/watch?v=rWKYDfklSkE
cll8k4oby005r3o6ljjncvkp8,3166,back,,Abnormal Gait,cerebral palsy,"{'top': 40.0, 'left': 345.0, 'height': 385.0, 'width': 153.0}","{'height': 480, 'width': 854, 'mime_type': 'video/mp4'}",rWKYDfklSkE,https://www.youtube.com/watch?v=rWKYDfklSkE
cll8k4oby005r3o6ljjncvkp8,3167,back,,Abnormal Gait,cerebral palsy,"{'top': 40.0, 'left': 345.0, 'height': 385.0, 'width': 153.0}","{'height': 480, 'width': 854, 'mime_type': 'video/mp4'}",rWKYDfklSkE,https://www.youtube.com/watch?v=rWKYDfklSkE
cll8k4oby005r3o6ljjncvkp8,3168,back,,Abnormal Gait,cerebral palsy,"{'top': 40.0, 'left': 345.0, 'height': 385.0, 'width': 153.0}","{'height': 480, 'width': 854, 'mime_type': 'video/mp4'}",rWKYDfklSkE,https://www.youtube.com/watch?v=rWKYDfklSkE
cll8k4oby005r3o6ljjncvkp8,3169,back,,Abnormal Gait,cerebral palsy,"{'top': 40.0, 'left': 345.0, 'height': 385.0, 'width': 153.0}","{'height': 480, 'width': 854, 'mime_type': 'video/mp4'}",rWKYDfklSkE,https://www.youtube.com/watch?v=rWKYDfklSkE
cll8k4oby005r3o6ljjncvkp8,3170,back,,Abnormal Gait,cerebral palsy,"{'top': 40.0, 'left': 345.0, 'height': 385.0, 'width': 153.0}","{'height': 480, 'width': 854, 'mime_type': 'video/mp4'}",rWKYDfklSkE,https://www.youtube.com/watch?v=rWKYDfklSkE
cll8k4oby005r3o6ljjncvkp8,3171,back,,Abnormal Gait,cerebral palsy,"{'top': 40.0, 'left': 345.0, 'height': 385.0, 'width': 153.0}","{'height': 480, 'width': 854, 'mime_type': 'video/mp4'}",rWKYDfklSkE,https://www.youtube.com/watch?v=rWKYDfklSkE
cll8k4oby005r3o6ljjncvkp8,3172,back,,Abnormal Gait,cerebral palsy,"{'top': 40.0, 'left': 345.0, 'height': 385.0, 'width': 153.0}","{'height': 480, 'width': 854, 'mime_type': 'video/mp4'}",rWKYDfklSkE,https://www.youtube.com/watch?v=rWKYDfklSkE
cll8k4oby005r3o6ljjncvkp8,3173,back,,Abnormal Gait,cerebral palsy,"{'top': 40.0, 'left': 345.0, 'height': 385.0, 'width': 153.0}","{'height': 480, 'width': 854, 'mime_type': 'video/mp4'}",rWKYDfklSkE,https://www.youtube.com/watch?v=rWKYDfklSkE
cll8k4oby005r3o6ljjncvkp8,3174,back,,Abnormal Gait,cerebral palsy,"{'top': 40.0, 'left': 345.0, 'height': 385.0, 'width': 153.0}","{'height': 480, 'width': 854, 'mime_type': 'video/mp4'}",rWKYDfklSkE,https://www.youtube.com/watch?v=rWKYDfklSkE
cll8k4oby005r3o6ljjncvkp8,3175,back,,Abnormal Gait,cerebral palsy,"{'top': 40.0, 'left': 345.0, 'height': 385.0, 'width': 153.0}","{'height': 480, 'width': 854, 'mime_type': 'video/mp4'}",rWKYDfklSkE,https://www.youtube.com/watch?v=rWKYDfklSkE
cll8k4oby005r3o6ljjncvkp8,3176,back,,Abnormal Gait,cerebral palsy,"{'top': 40.0, 'left': 345.0, 'height': 385.0, 'width': 153.0}","{'height': 480, 'width': 854, 'mime_type': 'video/mp4'}",rWKYDfklSkE,https://www.youtube.com/watch?v=rWKYDfklSkE
cll8k4oby005r3o6ljjncvkp8,3177,back,,Abnormal Gait,cerebral palsy,"{'top': 40.0, 'left': 345.0, 'height': 385.0, 'width': 153.0}","{'height': 480, 'width': 854, 'mime_type': 'video/mp4'}",rWKYDfklSkE,https://www.youtube.com/watch?v=rWKYDfklSkE
cll8k4oby005r3o6ljjncvkp8,3178,back,,Abnormal Gait,cerebral palsy,"{'top': 40.0, 'left': 345.0, 'height': 385.0, 'width': 153.0}","{'height': 480, 'width': 854, 'mime_type': 'video/mp4'}",rWKYDfklSkE,https://www.youtube.com/watch?v=rWKYDfklSkE
cll8k4oby005r3o6ljjncvkp8,3179,back,,Abnormal Gait,cerebral palsy,"{'top': 40.0, 'left': 345.0, 'height': 385.0, 'width': 153.0}","{'height': 480, 'width': 854, 'mime_type': 'video/mp4'}",rWKYDfklSkE,https://www.youtube.com/watch?v=rWKYDfklSkE
cll8k4oby005r3o6ljjncvkp8,3180,back,,Abnormal Gait,cerebral palsy,"{'top': 40.0, 'left': 345.0, 'height': 385.0, 'width': 153.0}","{'height': 480, 'width': 854, 'mime_type': 'video/mp4'}",rWKYDfklSkE,https://www.youtube.com/watch?v=rWKYDfklSkE
cll8k4oby005r3o6ljjncvkp8,3181,back,,Abnormal Gait,cerebral palsy,"{'top': 40.0, 'left': 345.0, 'height': 385.0, 'width': 153.0}","{'height': 480, 'width': 854, 'mime_type': 'video/mp4'}",rWKYDfklSkE,https://www.youtube.com/watch?v=rWKYDfklSkE
cll8k4oby005r3o6ljjncvkp8,3182,back,,Abnormal Gait,cerebral palsy,"{'top': 40.0, 'left': 345.0, 'height': 385.0, 'width': 153.0}","{'height': 480, 'width': 854, 'mime_type': 'video/mp4'}",rWKYDfklSkE,https://www.youtube.com/watch?v=rWKYDfklSkE
cll8k4oby005r3o6ljjncvkp8,3183,back,,Abnormal Gait,cerebral palsy,"{'top': 40.0, 'left': 345.0, 'height': 385.0, 'width': 153.0}","{'height': 480, 'width': 854, 'mime_type': 'video/mp4'}",rWKYDfklSkE,https://www.youtube.com/watch?v=rWKYDfklSkE
cll8k4oby005r3o6ljjncvkp8,3184,back,,Abnormal Gait,cerebral palsy,"{'top': 40.0, 'left': 345.0, 'height': 385.0, 'width': 153.0}","{'height': 480, 'width': 854, 'mime_type': 'video/mp4'}",rWKYDfklSkE,https://www.youtube.com/watch?v=rWKYDfklSkE
cll8k4oby005r3o6ljjncvkp8,3185,back,,Abnormal Gait,cerebral palsy,"{'top': 40.0, 'left': 345.0, 'height': 385.0, 'width': 153.0}","{'height': 480, 'width': 854, 'mime_type': 'video/mp4'}",rWKYDfklSkE,https://www.youtube.com/watch?v=rWKYDfklSkE
cll8k4oby005r3o6ljjncvkp8,3186,back,,Abnormal Gait,cerebral palsy,"{'top': 40.0, 'left': 345.0, 'height': 385.0, 'width': 153.0}","{'height': 480, 'width': 854, 'mime_type': 'video/mp4'}",rWKYDfklSkE,https://www.youtube.com/watch?v=rWKYDfklSkE
cll8k4oby005r3o6ljjncvkp8,3187,back,,Abnormal Gait,cerebral palsy,"{'top': 40.0, 'left': 345.0, 'height': 385.0, 'width': 153.0}","{'height': 480, 'width': 854, 'mime_type': 'video/mp4'}",rWKYDfklSkE,https://www.youtube.com/watch?v=rWKYDfklSkE
cll8k4oby005r3o6ljjncvkp8,3188,back,,Abnormal Gait,cerebral palsy,"{'top': 40.0, 'left': 345.0, 'height': 385.0, 'width': 153.0}","{'height': 480, 'width': 854, 'mime_type': 'video/mp4'}",rWKYDfklSkE,https://www.youtube.com/watch?v=rWKYDfklSkE
cll8k4oby005r3o6ljjncvkp8,3189,back,,Abnormal Gait,cerebral palsy,"{'top': 40.0, 'left': 345.0, 'height': 385.0, 'width': 153.0}","{'height': 480, 'width': 854, 'mime_type': 'video/mp4'}",rWKYDfklSkE,https://www.youtube.com/watch?v=rWKYDfklSkE
cll8k4oby005r3o6ljjncvkp8,3190,back,,Abnormal Gait,cerebral palsy,"{'top': 40.0, 'left': 345.0, 'height': 385.0, 'width': 153.0}","{'height': 480, 'width': 854, 'mime_type': 'video/mp4'}",rWKYDfklSkE,https://www.youtube.com/watch?v=rWKYDfklSkE
cll8k4oby005r3o6ljjncvkp8,3191,back,,Abnormal Gait,cerebral palsy,"{'top': 40.0, 'left': 345.0, 'height': 385.0, 'width': 153.0}","{'height': 480, 'width': 854, 'mime_type': 'video/mp4'}",rWKYDfklSkE,https://www.youtube.com/watch?v=rWKYDfklSkE
cll8k4oby005r3o6ljjncvkp8,3192,back,,Abnormal Gait,cerebral palsy,"{'top': 40.0, 'left': 345.0, 'height': 385.0, 'width': 153.0}","{'height': 480, 'width': 854, 'mime_type': 'video/mp4'}",rWKYDfklSkE,https://www.youtube.com/watch?v=rWKYDfklSkE
cll8k4oby005r3o6ljjncvkp8,3193,back,,Abnormal Gait,cerebral palsy,"{'top': 40.0, 'left': 345.0, 'height': 385.0, 'width': 153.0}","{'height': 480, 'width': 854, 'mime_type': 'video/mp4'}",rWKYDfklSkE,https://www.youtube.com/watch?v=rWKYDfklSkE
cll8k4oby005r3o6ljjncvkp8,3194,back,,Abnormal Gait,cerebral palsy,"{'top': 40.0, 'left': 345.0, 'height': 385.0, 'width': 153.0}","{'height': 480, 'width': 854, 'mime_type': 'video/mp4'}",rWKYDfklSkE,https://www.youtube.com/watch?v=rWKYDfklSkE
cll8k4oby005r3o6ljjncvkp8,3195,back,,Abnormal Gait,cerebral palsy,"{'top': 40.0, 'left': 345.0, 'height': 385.0, 'width': 153.0}","{'height': 480, 'width': 854, 'mime_type': 'video/mp4'}",rWKYDfklSkE,https://www.youtube.com/watch?v=rWKYDfklSkE
cll8k4oby005r3o6ljjncvkp8,3196,back,,Abnormal Gait,cerebral palsy,"{'top': 40.0, 'left': 345.0, 'height': 385.0, 'width': 153.0}","{'height': 480, 'width': 854, 'mime_type': 'video/mp4'}",rWKYDfklSkE,https://www.youtube.com/watch?v=rWKYDfklSkE
cll8k4oby005r3o6ljjncvkp8,3197,back,,Abnormal Gait,cerebral palsy,"{'top': 40.0, 'left': 345.0, 'height': 385.0, 'width': 153.0}","{'height': 480, 'width': 854, 'mime_type': 'video/mp4'}",rWKYDfklSkE,https://www.youtube.com/watch?v=rWKYDfklSkE
cll8k4oby005r3o6ljjncvkp8,3198,back,,Abnormal Gait,cerebral palsy,"{'top': 40.0, 'left': 345.0, 'height': 385.0, 'width': 153.0}","{'height': 480, 'width': 854, 'mime_type': 'video/mp4'}",rWKYDfklSkE,https://www.youtube.com/watch?v=rWKYDfklSkE
cll8k4oby005r3o6ljjncvkp8,3199,back,,Abnormal Gait,cerebral palsy,"{'top': 40.0, 'left': 345.0, 'height': 385.0, 'width': 153.0}","{'height': 480, 'width': 854, 'mime_type': 'video/mp4'}",rWKYDfklSkE,https://www.youtube.com/watch?v=rWKYDfklSkE
cll8k4oby005r3o6ljjncvkp8,3200,back,,Abnormal Gait,cerebral palsy,"{'top': 40.0, 'left': 345.0, 'height': 385.0, 'width': 153.0}","{'height': 480, 'width': 854, 'mime_type': 'video/mp4'}",rWKYDfklSkE,https://www.youtube.com/watch?v=rWKYDfklSkE
cll8k4oby005r3o6ljjncvkp8,3201,back,,Abnormal Gait,cerebral palsy,"{'top': 40.0, 'left': 345.0, 'height': 385.0, 'width': 153.0}","{'height': 480, 'width': 854, 'mime_type': 'video/mp4'}",rWKYDfklSkE,https://www.youtube.com/watch?v=rWKYDfklSkE
cll8k4oby005r3o6ljjncvkp8,3202,back,,Abnormal Gait,cerebral palsy,"{'top': 40.0, 'left': 345.0, 'height': 385.0, 'width': 153.0}","{'height': 480, 'width': 854, 'mime_type': 'video/mp4'}",rWKYDfklSkE,https://www.youtube.com/watch?v=rWKYDfklSkE
cll8k4oby005r3o6ljjncvkp8,3203,back,,Abnormal Gait,cerebral palsy,"{'top': 40.0, 'left': 345.0, 'height': 385.0, 'width': 153.0}","{'height': 480, 'width': 854, 'mime_type': 'video/mp4'}",rWKYDfklSkE,https://www.youtube.com/watch?v=rWKYDfklSkE
cll8k4oby005r3o6ljjncvkp8,3204,back,,Abnormal Gait,cerebral palsy,"{'top': 40.0, 'left': 345.0, 'height': 385.0, 'width': 153.0}","{'height': 480, 'width': 854, 'mime_type': 'video/mp4'}",rWKYDfklSkE,https://www.youtube.com/watch?v=rWKYDfklSkE
cll8k4oby005r3o6ljjncvkp8,3205,back,,Abnormal Gait,cerebral palsy,"{'top': 40.0, 'left': 345.0, 'height': 385.0, 'width': 153.0}","{'height': 480, 'width': 854, 'mime_type': 'video/mp4'}",rWKYDfklSkE,https://www.youtube.com/watch?v=rWKYDfklSkE
cll8k4oby005r3o6ljjncvkp8,3206,back,,Abnormal Gait,cerebral palsy,"{'top': 40.0, 'left': 345.0, 'height': 385.0, 'width': 153.0}","{'height': 480, 'width': 854, 'mime_type': 'video/mp4'}",rWKYDfklSkE,https://www.youtube.com/watch?v=rWKYDfklSkE
cll8k4oby005r3o6ljjncvkp8,3207,back,,Abnormal Gait,cerebral palsy,"{'top': 40.0, 'left': 345.0, 'height': 385.0, 'width': 153.0}","{'height': 480, 'width': 854, 'mime_type': 'video/mp4'}",rWKYDfklSkE,https://www.youtube.com/watch?v=rWKYDfklSkE
cll8k4oby005r3o6ljjncvkp8,3208,back,,Abnormal Gait,cerebral palsy,"{'top': 40.0, 'left': 345.0, 'height': 385.0, 'width': 153.0}","{'height': 480, 'width': 854, 'mime_type': 'video/mp4'}",rWKYDfklSkE,https://www.youtube.com/watch?v=rWKYDfklSkE
cll8k4oby005r3o6ljjncvkp8,3209,back,,Abnormal Gait,cerebral palsy,"{'top': 40.0, 'left': 345.0, 'height': 385.0, 'width': 153.0}","{'height': 480, 'width': 854, 'mime_type': 'video/mp4'}",rWKYDfklSkE,https://www.youtube.com/watch?v=rWKYDfklSkE
cll8k4oby005r3o6ljjncvkp8,3210,back,,Abnormal Gait,cerebral palsy,"{'top': 40.0, 'left': 345.0, 'height': 385.0, 'width': 153.0}","{'height': 480, 'width': 854, 'mime_type': 'video/mp4'}",rWKYDfklSkE,https://www.youtube.com/watch?v=rWKYDfklSkE
cll8k4oby005r3o6ljjncvkp8,3211,back,,Abnormal Gait,cerebral palsy,"{'top': 40.0, 'left': 345.0, 'height': 385.0, 'width': 153.0}","{'height': 480, 'width': 854, 'mime_type': 'video/mp4'}",rWKYDfklSkE,https://www.youtube.com/watch?v=rWKYDfklSkE
cll8k4oby005r3o6ljjncvkp8,3212,back,,Abnormal Gait,cerebral palsy,"{'top': 40.0, 'left': 345.0, 'height': 385.0, 'width': 153.0}","{'height': 480, 'width': 854, 'mime_type': 'video/mp4'}",rWKYDfklSkE,https://www.youtube.com/watch?v=rWKYDfklSkE
cll8k4oby005r3o6ljjncvkp8,3213,back,,Abnormal Gait,cerebral palsy,"{'top': 40.0, 'left': 345.0, 'height': 385.0, 'width': 153.0}","{'height': 480, 'width': 854, 'mime_type': 'video/mp4'}",rWKYDfklSkE,https://www.youtube.com/watch?v=rWKYDfklSkE
cll8k4oby005r3o6ljjncvkp8,3214,back,,Abnormal Gait,cerebral palsy,"{'top': 40.0, 'left': 345.0, 'height': 385.0, 'width': 153.0}","{'height': 480, 'width': 854, 'mime_type': 'video/mp4'}",rWKYDfklSkE,https://www.youtube.com/watch?v=rWKYDfklSkE
cll8k4oby005r3o6ljjncvkp8,3215,back,,Abnormal Gait,cerebral palsy,"{'top': 40.0, 'left': 345.0, 'height': 385.0, 'width': 153.0}","{'height': 480, 'width': 854, 'mime_type': 'video/mp4'}",rWKYDfklSkE,https://www.youtube.com/watch?v=rWKYDfklSkE
cll8k4oby005r3o6ljjncvkp8,3216,back,,Abnormal Gait,cerebral palsy,"{'top': 40.0, 'left': 345.0, 'height': 385.0, 'width': 153.0}","{'height': 480, 'width': 854, 'mime_type': 'video/mp4'}",rWKYDfklSkE,https://www.youtube.com/watch?v=rWKYDfklSkE
cll8k4oby005r3o6ljjncvkp8,3217,back,,Abnormal Gait,cerebral palsy,"{'top': 40.0, 'left': 345.0, 'height': 385.0, 'width': 153.0}","{'height': 480, 'width': 854, 'mime_type': 'video/mp4'}",rWKYDfklSkE,https://www.youtube.com/watch?v=rWKYDfklSkE
cll8k4oby005r3o6ljjncvkp8,3218,back,,Abnormal Gait,cerebral palsy,"{'top': 40.0, 'left': 345.0, 'height': 385.0, 'width': 153.0}","{'height': 480, 'width': 854, 'mime_type': 'video/mp4'}",rWKYDfklSkE,https://www.youtube.com/watch?v=rWKYDfklSkE
cll8k4oby005r3o6ljjncvkp8,3219,back,,Abnormal Gait,cerebral palsy,"{'top': 40.0, 'left': 345.0, 'height': 385.0, 'width': 153.0}","{'height': 480, 'width': 854, 'mime_type': 'video/mp4'}",rWKYDfklSkE,https://www.youtube.com/watch?v=rWKYDfklSkE
cll8k4oby005r3o6ljjncvkp8,3220,back,,Abnormal Gait,cerebral palsy,"{'top': 40.0, 'left': 345.0, 'height': 385.0, 'width': 153.0}","{'height': 480, 'width': 854, 'mime_type': 'video/mp4'}",rWKYDfklSkE,https://www.youtube.com/watch?v=rWKYDfklSkE
cll8k4oby005r3o6ljjncvkp8,3221,back,,Abnormal Gait,cerebral palsy,"{'top': 40.0, 'left': 345.0, 'height': 385.0, 'width': 153.0}","{'height': 480, 'width': 854, 'mime_type': 'video/mp4'}",rWKYDfklSkE,https://www.youtube.com/watch?v=rWKYDfklSkE
cll8k4oby005r3o6ljjncvkp8,3222,back,,Abnormal Gait,cerebral palsy,"{'top': 40.0, 'left': 345.0, 'height': 385.0, 'width': 153.0}","{'height': 480, 'width': 854, 'mime_type': 'video/mp4'}",rWKYDfklSkE,https://www.youtube.com/watch?v=rWKYDfklSkE
cll8k4oby005r3o6ljjncvkp8,3223,back,,Abnormal Gait,cerebral palsy,"{'top': 40.0, 'left': 345.0, 'height': 385.0, 'width': 153.0}","{'height': 480, 'width': 854, 'mime_type': 'video/mp4'}",rWKYDfklSkE,https://www.youtube.com/watch?v=rWKYDfklSkE
cll8k4oby005r3o6ljjncvkp8,3224,back,,Abnormal Gait,cerebral palsy,"{'top': 40.0, 'left': 345.0, 'height': 385.0, 'width': 153.0}","{'height': 480, 'width': 854, 'mime_type': 'video/mp4'}",rWKYDfklSkE,https://www.youtube.com/watch?v=rWKYDfklSkE
cll8k4oby005r3o6ljjncvkp8,3225,back,,Abnormal Gait,cerebral palsy,"{'top': 40.0, 'left': 345.0, 'height': 385.0, 'width': 153.0}","{'height': 480, 'width': 854, 'mime_type': 'video/mp4'}",rWKYDfklSkE,https://www.youtube.com/watch?v=rWKYDfklSkE
cll8k4oby005r3o6ljjncvkp8,3226,back,,Abnormal Gait,cerebral palsy,"{'top': 40.0, 'left': 345.0, 'height': 385.0, 'width': 153.0}","{'height': 480, 'width': 854, 'mime_type': 'video/mp4'}",rWKYDfklSkE,https://www.youtube.com/watch?v=rWKYDfklSkE
cll8k4oby005r3o6ljjncvkp8,3227,back,,Abnormal Gait,cerebral palsy,"{'top': 40.0, 'left': 345.0, 'height': 385.0, 'width': 153.0}","{'height': 480, 'width': 854, 'mime_type': 'video/mp4'}",rWKYDfklSkE,https://www.youtube.com/watch?v=rWKYDfklSkE
cll8k4oby005r3o6ljjncvkp8,3228,back,,Abnormal Gait,cerebral palsy,"{'top': 40.0, 'left': 345.0, 'height': 385.0, 'width': 153.0}","{'height': 480, 'width': 854, 'mime_type': 'video/mp4'}",rWKYDfklSkE,https://www.youtube.com/watch?v=rWKYDfklSkE
cll8k4oby005r3o6ljjncvkp8,3229,back,,Abnormal Gait,cerebral palsy,"{'top': 40.0, 'left': 345.0, 'height': 385.0, 'width': 153.0}","{'height': 480, 'width': 854, 'mime_type': 'video/mp4'}",rWKYDfklSkE,https://www.youtube.com/watch?v=rWKYDfklSkE
cll8k4oby005r3o6ljjncvkp8,3230,back,,Abnormal Gait,cerebral palsy,"{'top': 40.0, 'left': 345.0, 'height': 385.0, 'width': 153.0}","{'height': 480, 'width': 854, 'mime_type': 'video/mp4'}",rWKYDfklSkE,https://www.youtube.com/watch?v=rWKYDfklSkE
cll8k4oby005r3o6ljjncvkp8,3231,back,,Abnormal Gait,cerebral palsy,"{'top': 40.0, 'left': 345.0, 'height': 385.0, 'width': 153.0}","{'height': 480, 'width': 854, 'mime_type': 'video/mp4'}",rWKYDfklSkE,https://www.youtube.com/watch?v=rWKYDfklSkE
cll8k4oby005r3o6ljjncvkp8,3232,back,,Abnormal Gait,cerebral palsy,"{'top': 40.0, 'left': 345.0, 'height': 385.0, 'width': 153.0}","{'height': 480, 'width': 854, 'mime_type': 'video/mp4'}",rWKYDfklSkE,https://www.youtube.com/watch?v=rWKYDfklSkE
cll8k4oby005r3o6ljjncvkp8,3233,back,,Abnormal Gait,cerebral palsy,"{'top': 40.0, 'left': 345.0, 'height': 385.0, 'width': 153.0}","{'height': 480, 'width': 854, 'mime_type': 'video/mp4'}",rWKYDfklSkE,https://www.youtube.com/watch?v=rWKYDfklSkE
cll8k4oby005r3o6ljjncvkp8,3234,back,,Abnormal Gait,cerebral palsy,"{'top': 40.0, 'left': 345.0, 'height': 385.0, 'width': 153.0}","{'height': 480, 'width': 854, 'mime_type': 'video/mp4'}",rWKYDfklSkE,https://www.youtube.com/watch?v=rWKYDfklSkE
cll8k4oby005r3o6ljjncvkp8,3235,back,,Abnormal Gait,cerebral palsy,"{'top': 40.0, 'left': 345.0, 'height': 385.0, 'width': 153.0}","{'height': 480, 'width': 854, 'mime_type': 'video/mp4'}",rWKYDfklSkE,https://www.youtube.com/watch?v=rWKYDfklSkE
cll8k4oby005r3o6ljjncvkp8,3236,back,,Abnormal Gait,cerebral palsy,"{'top': 40.0, 'left': 345.0, 'height': 385.0, 'width': 153.0}","{'height': 480, 'width': 854, 'mime_type': 'video/mp4'}",rWKYDfklSkE,https://www.youtube.com/watch?v=rWKYDfklSkE
cll8k4oby005r3o6ljjncvkp8,3237,back,,Abnormal Gait,cerebral palsy,"{'top': 40.0, 'left': 345.0, 'height': 385.0, 'width': 153.0}","{'height': 480, 'width': 854, 'mime_type': 'video/mp4'}",rWKYDfklSkE,https://www.youtube.com/watch?v=rWKYDfklSkE
cll8k4oby005r3o6ljjncvkp8,3238,back,,Abnormal Gait,cerebral palsy,"{'top': 40.0, 'left': 345.0, 'height': 385.0, 'width': 153.0}","{'height': 480, 'width': 854, 'mime_type': 'video/mp4'}",rWKYDfklSkE,https://www.youtube.com/watch?v=rWKYDfklSkE
cll8k4oby005r3o6ljjncvkp8,3239,back,,Abnormal Gait,cerebral palsy,"{'top': 40.0, 'left': 345.0, 'height': 385.0, 'width': 153.0}","{'height': 480, 'width': 854, 'mime_type': 'video/mp4'}",rWKYDfklSkE,https://www.youtube.com/watch?v=rWKYDfklSkE
cll8k4oby005r3o6ljjncvkp8,3240,back,,Abnormal Gait,cerebral palsy,"{'top': 40.0, 'left': 345.0, 'height': 385.0, 'width': 153.0}","{'height': 480, 'width': 854, 'mime_type': 'video/mp4'}",rWKYDfklSkE,https://www.youtube.com/watch?v=rWKYDfklSkE
cll8k4oby005r3o6ljjncvkp8,3241,back,,Abnormal Gait,cerebral palsy,"{'top': 40.0, 'left': 345.0, 'height': 385.0, 'width': 153.0}","{'height': 480, 'width': 854, 'mime_type': 'video/mp4'}",rWKYDfklSkE,https://www.youtube.com/watch?v=rWKYDfklSkE
cll8k4oby005r3o6ljjncvkp8,3242,back,,Abnormal Gait,cerebral palsy,"{'top': 40.0, 'left': 345.0, 'height': 385.0, 'width': 153.0}","{'height': 480, 'width': 854, 'mime_type': 'video/mp4'}",rWKYDfklSkE,https://www.youtube.com/watch?v=rWKYDfklSkE
cll8k4oby005r3o6ljjncvkp8,3243,back,,Abnormal Gait,cerebral palsy,"{'top': 40.0, 'left': 345.0, 'height': 385.0, 'width': 153.0}","{'height': 480, 'width': 854, 'mime_type': 'video/mp4'}",rWKYDfklSkE,https://www.youtube.com/watch?v=rWKYDfklSkE
cll8k4oby005r3o6ljjncvkp8,3244,back,,Abnormal Gait,cerebral palsy,"{'top': 40.0, 'left': 345.0, 'height': 385.0, 'width': 153.0}","{'height': 480, 'width': 854, 'mime_type': 'video/mp4'}",rWKYDfklSkE,https://www.youtube.com/watch?v=rWKYDfklSkE
cll8k4oby005r3o6ljjncvkp8,3245,back,,Abnormal Gait,cerebral palsy,"{'top': 40.0, 'left': 345.0, 'height': 385.0, 'width': 153.0}","{'height': 480, 'width': 854, 'mime_type': 'video/mp4'}",rWKYDfklSkE,https://www.youtube.com/watch?v=rWKYDfklSkE
cll8k4oby005r3o6ljjncvkp8,3246,back,,Abnormal Gait,cerebral palsy,"{'top': 40.0, 'left': 345.0, 'height': 385.0, 'width': 153.0}","{'height': 480, 'width': 854, 'mime_type': 'video/mp4'}",rWKYDfklSkE,https://www.youtube.com/watch?v=rWKYDfklSkE
cll8k4oby005r3o6ljjncvkp8,3247,back,,Abnormal Gait,cerebral palsy,"{'top': 40.0, 'left': 345.0, 'height': 385.0, 'width': 153.0}","{'height': 480, 'width': 854, 'mime_type': 'video/mp4'}",rWKYDfklSkE,https://www.youtube.com/watch?v=rWKYDfklSkE
cll8k4oby005r3o6ljjncvkp8,3248,back,,Abnormal Gait,cerebral palsy,"{'top': 40.0, 'left': 345.0, 'height': 385.0, 'width': 153.0}","{'height': 480, 'width': 854, 'mime_type': 'video/mp4'}",rWKYDfklSkE,https://www.youtube.com/watch?v=rWKYDfklSkE
cll8k4oby005r3o6ljjncvkp8,3249,back,,Abnormal Gait,cerebral palsy,"{'top': 40.0, 'left': 345.0, 'height': 385.0, 'width': 153.0}","{'height': 480, 'width': 854, 'mime_type': 'video/mp4'}",rWKYDfklSkE,https://www.youtube.com/watch?v=rWKYDfklSkE
cll8k4oby005r3o6ljjncvkp8,3250,back,,Abnormal Gait,cerebral palsy,"{'top': 40.0, 'left': 345.0, 'height': 385.0, 'width': 153.0}","{'height': 480, 'width': 854, 'mime_type': 'video/mp4'}",rWKYDfklSkE,https://www.youtube.com/watch?v=rWKYDfklSkE
cll8k4oby005r3o6ljjncvkp8,3251,back,,Abnormal Gait,cerebral palsy,"{'top': 40.0, 'left': 345.0, 'height': 385.0, 'width': 153.0}","{'height': 480, 'width': 854, 'mime_type': 'video/mp4'}",rWKYDfklSkE,https://www.youtube.com/watch?v=rWKYDfklSkE
cll8k4oby005r3o6ljjncvkp8,3252,back,,Abnormal Gait,cerebral palsy,"{'top': 40.0, 'left': 345.0, 'height': 385.0, 'width': 153.0}","{'height': 480, 'width': 854, 'mime_type': 'video/mp4'}",rWKYDfklSkE,https://www.youtube.com/watch?v=rWKYDfklSkE
cll8k4oby005r3o6ljjncvkp8,3253,back,,Abnormal Gait,cerebral palsy,"{'top': 40.0, 'left': 345.0, 'height': 385.0, 'width': 153.0}","{'height': 480, 'width': 854, 'mime_type': 'video/mp4'}",rWKYDfklSkE,https://www.youtube.com/watch?v=rWKYDfklSkE
cll8k4oby005r3o6ljjncvkp8,3254,back,,Abnormal Gait,cerebral palsy,"{'top': 40.0, 'left': 345.0, 'height': 385.0, 'width': 153.0}","{'height': 480, 'width': 854, 'mime_type': 'video/mp4'}",rWKYDfklSkE,https://www.youtube.com/watch?v=rWKYDfklSkE
cll8k4oby005r3o6ljjncvkp8,3255,back,,Abnormal Gait,cerebral palsy,"{'top': 40.0, 'left': 345.0, 'height': 385.0, 'width': 153.0}","{'height': 480, 'width': 854, 'mime_type': 'video/mp4'}",rWKYDfklSkE,https://www.youtube.com/watch?v=rWKYDfklSkE
cll8k4oby005r3o6ljjncvkp8,3256,back,,Abnormal Gait,cerebral palsy,"{'top': 40.0, 'left': 345.0, 'height': 385.0, 'width': 153.0}","{'height': 480, 'width': 854, 'mime_type': 'video/mp4'}",rWKYDfklSkE,https://www.youtube.com/watch?v=rWKYDfklSkE
cll8k4oby005r3o6ljjncvkp8,3257,back,,Abnormal Gait,cerebral palsy,"{'top': 40.0, 'left': 345.0, 'height': 385.0, 'width': 153.0}","{'height': 480, 'width': 854, 'mime_type': 'video/mp4'}",rWKYDfklSkE,https://www.youtube.com/watch?v=rWKYDfklSkE
cll8k4oby005r3o6ljjncvkp8,3258,back,,Abnormal Gait,cerebral palsy,"{'top': 40.0, 'left': 345.0, 'height': 385.0, 'width': 153.0}","{'height': 480, 'width': 854, 'mime_type': 'video/mp4'}",rWKYDfklSkE,https://www.youtube.com/watch?v=rWKYDfklSkE
cll8k4oby005r3o6ljjncvkp8,3259,back,,Abnormal Gait,cerebral palsy,"{'top': 40.0, 'left': 345.0, 'height': 385.0, 'width': 153.0}","{'height': 480, 'width': 854, 'mime_type': 'video/mp4'}",rWKYDfklSkE,https://www.youtube.com/watch?v=rWKYDfklSkE
cll8k4oby005r3o6ljjncvkp8,3260,back,,Abnormal Gait,cerebral palsy,"{'top': 40.0, 'left': 345.0, 'height': 385.0, 'width': 153.0}","{'height': 480, 'width': 854, 'mime_type': 'video/mp4'}",rWKYDfklSkE,https://www.youtube.com/watch?v=rWKYDfklSkE
cll8k4oby005r3o6ljjncvkp8,3261,back,,Abnormal Gait,cerebral palsy,"{'top': 40.0, 'left': 345.0, 'height': 385.0, 'width': 153.0}","{'height': 480, 'width': 854, 'mime_type': 'video/mp4'}",rWKYDfklSkE,https://www.youtube.com/watch?v=rWKYDfklSkE
cll8k4oby005r3o6ljjncvkp8,3262,back,,Abnormal Gait,cerebral palsy,"{'top': 40.0, 'left': 345.0, 'height': 385.0, 'width': 153.0}","{'height': 480, 'width': 854, 'mime_type': 'video/mp4'}",rWKYDfklSkE,https://www.youtube.com/watch?v=rWKYDfklSkE
cll8k4oby005r3o6ljjncvkp8,3263,back,,Abnormal Gait,cerebral palsy,"{'top': 40.0, 'left': 345.0, 'height': 385.0, 'width': 153.0}","{'height': 480, 'width': 854, 'mime_type': 'video/mp4'}",rWKYDfklSkE,https://www.youtube.com/watch?v=rWKYDfklSkE
cll8k4oby005r3o6ljjncvkp8,3264,back,,Abnormal Gait,cerebral palsy,"{'top': 40.0, 'left': 345.0, 'height': 385.0, 'width': 153.0}","{'height': 480, 'width': 854, 'mime_type': 'video/mp4'}",rWKYDfklSkE,https://www.youtube.com/watch?v=rWKYDfklSkE
cll8k4oby005r3o6ljjncvkp8,3265,back,,Abnormal Gait,cerebral palsy,"{'top': 40.0, 'left': 345.0, 'height': 385.0, 'width': 153.0}","{'height': 480, 'width': 854, 'mime_type': 'video/mp4'}",rWKYDfklSkE,https://www.youtube.com/watch?v=rWKYDfklSkE
cll8k4oby005r3o6ljjncvkp8,3266,back,,Abnormal Gait,cerebral palsy,"{'top': 40.0, 'left': 345.0, 'height': 385.0, 'width': 153.0}","{'height': 480, 'width': 854, 'mime_type': 'video/mp4'}",rWKYDfklSkE,https://www.youtube.com/watch?v=rWKYDfklSkE
cll8k4oby005r3o6ljjncvkp8,3267,back,,Abnormal Gait,cerebral palsy,"{'top': 40.0, 'left': 345.0, 'height': 385.0, 'width': 153.0}","{'height': 480, 'width': 854, 'mime_type': 'video/mp4'}",rWKYDfklSkE,https://www.youtube.com/watch?v=rWKYDfklSkE
cll8k4oby005r3o6ljjncvkp8,3268,back,,Abnormal Gait,cerebral palsy,"{'top': 40.0, 'left': 345.0, 'height': 385.0, 'width': 153.0}","{'height': 480, 'width': 854, 'mime_type': 'video/mp4'}",rWKYDfklSkE,https://www.youtube.com/watch?v=rWKYDfklSkE
cll8k4oby005r3o6ljjncvkp8,3269,back,,Abnormal Gait,cerebral palsy,"{'top': 40.0, 'left': 345.0, 'height': 385.0, 'width': 153.0}","{'height': 480, 'width': 854, 'mime_type': 'video/mp4'}",rWKYDfklSkE,https://www.youtube.com/watch?v=rWKYDfklSkE
cll8k4oby005r3o6ljjncvkp8,3270,back,,Abnormal Gait,cerebral palsy,"{'top': 40.0, 'left': 345.0, 'height': 385.0, 'width': 153.0}","{'height': 480, 'width': 854, 'mime_type': 'video/mp4'}",rWKYDfklSkE,https://www.youtube.com/watch?v=rWKYDfklSkE
cll8k4oby005r3o6ljjncvkp8,3271,back,,Abnormal Gait,cerebral palsy,"{'top': 40.0, 'left': 345.0, 'height': 385.0, 'width': 153.0}","{'height': 480, 'width': 854, 'mime_type': 'video/mp4'}",rWKYDfklSkE,https://www.youtube.com/watch?v=rWKYDfklSkE
cll8k4oby005r3o6ljjncvkp8,3272,back,,Abnormal Gait,cerebral palsy,"{'top': 40.0, 'left': 345.0, 'height': 385.0, 'width': 153.0}","{'height': 480, 'width': 854, 'mime_type': 'video/mp4'}",rWKYDfklSkE,https://www.youtube.com/watch?v=rWKYDfklSkE
cll8k4oby005r3o6ljjncvkp8,3273,back,,Abnormal Gait,cerebral palsy,"{'top': 40.0, 'left': 345.0, 'height': 385.0, 'width': 153.0}","{'height': 480, 'width': 854, 'mime_type': 'video/mp4'}",rWKYDfklSkE,https://www.youtube.com/watch?v=rWKYDfklSkE
cll8k4oby005r3o6ljjncvkp8,3274,back,,Abnormal Gait,cerebral palsy,"{'top': 40.0, 'left': 345.0, 'height': 385.0, 'width': 153.0}","{'height': 480, 'width': 854, 'mime_type': 'video/mp4'}",rWKYDfklSkE,https://www.youtube.com/watch?v=rWKYDfklSkE
cll8k4oby005r3o6ljjncvkp8,3275,back,,Abnormal Gait,cerebral palsy,"{'top': 40.0, 'left': 345.0, 'height': 385.0, 'width': 153.0}","{'height': 480, 'width': 854, 'mime_type': 'video/mp4'}",rWKYDfklSkE,https://www.youtube.com/watch?v=rWKYDfklSkE
cll8k4oby005r3o6ljjncvkp8,3276,back,,Abnormal Gait,cerebral palsy,"{'top': 40.0, 'left': 345.0, 'height': 385.0, 'width': 153.0}","{'height': 480, 'width': 854, 'mime_type': 'video/mp4'}",rWKYDfklSkE,https://www.youtube.com/watch?v=rWKYDfklSkE
cll8k4oby005r3o6ljjncvkp8,3277,back,,Abnormal Gait,cerebral palsy,"{'top': 40.0, 'left': 345.0, 'height': 385.0, 'width': 153.0}","{'height': 480, 'width': 854, 'mime_type': 'video/mp4'}",rWKYDfklSkE,https://www.youtube.com/watch?v=rWKYDfklSkE
cll8k4oby005r3o6ljjncvkp8,3278,back,,Abnormal Gait,cerebral palsy,"{'top': 40.0, 'left': 345.0, 'height': 385.0, 'width': 153.0}","{'height': 480, 'width': 854, 'mime_type': 'video/mp4'}",rWKYDfklSkE,https://www.youtube.com/watch?v=rWKYDfklSkE
cll8k4oby005r3o6ljjncvkp8,3279,back,,Abnormal Gait,cerebral palsy,"{'top': 40.0, 'left': 345.0, 'height': 385.0, 'width': 153.0}","{'height': 480, 'width': 854, 'mime_type': 'video/mp4'}",rWKYDfklSkE,https://www.youtube.com/watch?v=rWKYDfklSkE
cll8k4oby005r3o6ljjncvkp8,3280,back,,Abnormal Gait,cerebral palsy,"{'top': 40.0, 'left': 345.0, 'height': 385.0, 'width': 153.0}","{'height': 480, 'width': 854, 'mime_type': 'video/mp4'}",rWKYDfklSkE,https://www.youtube.com/watch?v=rWKYDfklSkE
cll8k4oby005r3o6ljjncvkp8,3281,back,,Abnormal Gait,cerebral palsy,"{'top': 40.0, 'left': 345.0, 'height': 385.0, 'width': 153.0}","{'height': 480, 'width': 854, 'mime_type': 'video/mp4'}",rWKYDfklSkE,https://www.youtube.com/watch?v=rWKYDfklSkE
cll8k4oby005r3o6ljjncvkp8,3282,back,,Abnormal Gait,cerebral palsy,"{'top': 40.0, 'left': 345.0, 'height': 385.0, 'width': 153.0}","{'height': 480, 'width': 854, 'mime_type': 'video/mp4'}",rWKYDfklSkE,https://www.youtube.com/watch?v=rWKYDfklSkE
cll8k4oby005r3o6ljjncvkp8,3283,back,,Abnormal Gait,cerebral palsy,"{'top': 40.0, 'left': 345.0, 'height': 385.0, 'width': 153.0}","{'height': 480, 'width': 854, 'mime_type': 'video/mp4'}",rWKYDfklSkE,https://www.youtube.com/watch?v=rWKYDfklSkE
cll8k4oby005r3o6ljjncvkp8,3284,back,,Abnormal Gait,cerebral palsy,"{'top': 40.0, 'left': 345.0, 'height': 385.0, 'width': 153.0}","{'height': 480, 'width': 854, 'mime_type': 'video/mp4'}",rWKYDfklSkE,https://www.youtube.com/watch?v=rWKYDfklSkE
cll8k4oby005r3o6ljjncvkp8,3285,back,,Abnormal Gait,cerebral palsy,"{'top': 40.0, 'left': 345.0, 'height': 385.0, 'width': 153.0}","{'height': 480, 'width': 854, 'mime_type': 'video/mp4'}",rWKYDfklSkE,https://www.youtube.com/watch?v=rWKYDfklSkE
cll8k4oby005r3o6ljjncvkp8,3286,back,,Abnormal Gait,cerebral palsy,"{'top': 40.0, 'left': 345.0, 'height': 385.0, 'width': 153.0}","{'height': 480, 'width': 854, 'mime_type': 'video/mp4'}",rWKYDfklSkE,https://www.youtube.com/watch?v=rWKYDfklSkE
cll8k4oby005r3o6ljjncvkp8,3287,back,,Abnormal Gait,cerebral palsy,"{'top': 40.0, 'left': 345.0, 'height': 385.0, 'width': 153.0}","{'height': 480, 'width': 854, 'mime_type': 'video/mp4'}",rWKYDfklSkE,https://www.youtube.com/watch?v=rWKYDfklSkE
cll8k4oby005r3o6ljjncvkp8,3288,back,,Abnormal Gait,cerebral palsy,"{'top': 40.0, 'left': 345.0, 'height': 385.0, 'width': 153.0}","{'height': 480, 'width': 854, 'mime_type': 'video/mp4'}",rWKYDfklSkE,https://www.youtube.com/watch?v=rWKYDfklSkE
cll8k4oby005r3o6ljjncvkp8,3289,back,,Abnormal Gait,cerebral palsy,"{'top': 40.0, 'left': 345.0, 'height': 385.0, 'width': 153.0}","{'height': 480, 'width': 854, 'mime_type': 'video/mp4'}",rWKYDfklSkE,https://www.youtube.com/watch?v=rWKYDfklSkE
cll8k4oby005r3o6ljjncvkp8,3290,back,,Abnormal Gait,cerebral palsy,"{'top': 40.0, 'left': 345.0, 'height': 385.0, 'width': 153.0}","{'height': 480, 'width': 854, 'mime_type': 'video/mp4'}",rWKYDfklSkE,https://www.youtube.com/watch?v=rWKYDfklSkE
cll8k4oby005r3o6ljjncvkp8,3291,back,,Abnormal Gait,cerebral palsy,"{'top': 40.0, 'left': 345.0, 'height': 385.0, 'width': 153.0}","{'height': 480, 'width': 854, 'mime_type': 'video/mp4'}",rWKYDfklSkE,https://www.youtube.com/watch?v=rWKYDfklSkE
cll8k4oby005r3o6ljjncvkp8,3292,back,,Abnormal Gait,cerebral palsy,"{'top': 40.0, 'left': 345.0, 'height': 385.0, 'width': 153.0}","{'height': 480, 'width': 854, 'mime_type': 'video/mp4'}",rWKYDfklSkE,https://www.youtube.com/watch?v=rWKYDfklSkE
cll8k4oby005r3o6ljjncvkp8,3293,back,,Abnormal Gait,cerebral palsy,"{'top': 40.0, 'left': 345.0, 'height': 385.0, 'width': 153.0}","{'height': 480, 'width': 854, 'mime_type': 'video/mp4'}",rWKYDfklSkE,https://www.youtube.com/watch?v=rWKYDfklSkE
cll8k4oby005r3o6ljjncvkp8,3294,back,,Abnormal Gait,cerebral palsy,"{'top': 40.0, 'left': 345.0, 'height': 385.0, 'width': 153.0}","{'height': 480, 'width': 854, 'mime_type': 'video/mp4'}",rWKYDfklSkE,https://www.youtube.com/watch?v=rWKYDfklSkE
cll8k4oby005r3o6ljjncvkp8,3295,back,,Abnormal Gait,cerebral palsy,"{'top': 40.0, 'left': 345.0, 'height': 385.0, 'width': 153.0}","{'height': 480, 'width': 854, 'mime_type': 'video/mp4'}",rWKYDfklSkE,https://www.youtube.com/watch?v=rWKYDfklSkE
cll8k4oby005r3o6ljjncvkp8,3296,back,,Abnormal Gait,cerebral palsy,"{'top': 40.0, 'left': 345.0, 'height': 385.0, 'width': 153.0}","{'height': 480, 'width': 854, 'mime_type': 'video/mp4'}",rWKYDfklSkE,https://www.youtube.com/watch?v=rWKYDfklSkE
cll8k4oby005r3o6ljjncvkp8,3297,back,,Abnormal Gait,cerebral palsy,"{'top': 40.0, 'left': 345.0, 'height': 385.0, 'width': 153.0}","{'height': 480, 'width': 854, 'mime_type': 'video/mp4'}",rWKYDfklSkE,https://www.youtube.com/watch?v=rWKYDfklSkE
cll8k4oby005r3o6ljjncvkp8,3298,back,,Abnormal Gait,cerebral palsy,"{'top': 40.0, 'left': 345.0, 'height': 385.0, 'width': 153.0}","{'height': 480, 'width': 854, 'mime_type': 'video/mp4'}",rWKYDfklSkE,https://www.youtube.com/watch?v=rWKYDfklSkE
cll8k4oby005r3o6ljjncvkp8,3299,back,,Abnormal Gait,cerebral palsy,"{'top': 40.0, 'left': 345.0, 'height': 385.0, 'width': 153.0}","{'height': 480, 'width': 854, 'mime_type': 'video/mp4'}",rWKYDfklSkE,https://www.youtube.com/watch?v=rWKYDfklSkE
cll8k4oby005r3o6ljjncvkp8,3300,back,,Abnormal Gait,cerebral palsy,"{'top': 40.0, 'left': 345.0, 'height': 385.0, 'width': 153.0}","{'height': 480, 'width': 854, 'mime_type': 'video/mp4'}",rWKYDfklSkE,https://www.youtube.com/watch?v=rWKYDfklSkE
cll8k4oby005r3o6ljjncvkp8,3301,back,,Abnormal Gait,cerebral palsy,"{'top': 40.0, 'left': 345.0, 'height': 385.0, 'width': 153.0}","{'height': 480, 'width': 854, 'mime_type': 'video/mp4'}",rWKYDfklSkE,https://www.youtube.com/watch?v=rWKYDfklSkE
cll8k4oby005r3o6ljjncvkp8,3302,back,,Abnormal Gait,cerebral palsy,"{'top': 40.0, 'left': 345.0, 'height': 385.0, 'width': 153.0}","{'height': 480, 'width': 854, 'mime_type': 'video/mp4'}",rWKYDfklSkE,https://www.youtube.com/watch?v=rWKYDfklSkE
cll8k4oby005r3o6ljjncvkp8,3303,back,,Abnormal Gait,cerebral palsy,"{'top': 40.0, 'left': 345.0, 'height': 385.0, 'width': 153.0}","{'height': 480, 'width': 854, 'mime_type': 'video/mp4'}",rWKYDfklSkE,https://www.youtube.com/watch?v=rWKYDfklSkE
cll8k4oby005r3o6ljjncvkp8,3304,back,,Abnormal Gait,cerebral palsy,"{'top': 40.0, 'left': 345.0, 'height': 385.0, 'width': 153.0}","{'height': 480, 'width': 854, 'mime_type': 'video/mp4'}",rWKYDfklSkE,https://www.youtube.com/watch?v=rWKYDfklSkE
cll8k4oby005r3o6ljjncvkp8,3305,back,,Abnormal Gait,cerebral palsy,"{'top': 40.0, 'left': 345.0, 'height': 385.0, 'width': 153.0}","{'height': 480, 'width': 854, 'mime_type': 'video/mp4'}",rWKYDfklSkE,https://www.youtube.com/watch?v=rWKYDfklSkE
cll8k4oby005r3o6ljjncvkp8,3306,back,,Abnormal Gait,cerebral palsy,"{'top': 40.0, 'left': 345.0, 'height': 385.0, 'width': 153.0}","{'height': 480, 'width': 854, 'mime_type': 'video/mp4'}",rWKYDfklSkE,https://www.youtube.com/watch?v=rWKYDfklSkE
cll8k4oby005r3o6ljjncvkp8,3307,back,,Abnormal Gait,cerebral palsy,"{'top': 40.0, 'left': 345.0, 'height': 385.0, 'width': 153.0}","{'height': 480, 'width': 854, 'mime_type': 'video/mp4'}",rWKYDfklSkE,https://www.youtube.com/watch?v=rWKYDfklSkE
cll8k4oby005r3o6ljjncvkp8,3308,back,,Abnormal Gait,cerebral palsy,"{'top': 40.0, 'left': 345.0, 'height': 385.0, 'width': 153.0}","{'height': 480, 'width': 854, 'mime_type': 'video/mp4'}",rWKYDfklSkE,https://www.youtube.com/watch?v=rWKYDfklSkE
cll8k4oby005r3o6ljjncvkp8,3309,back,,Abnormal Gait,cerebral palsy,"{'top': 40.0, 'left': 345.0, 'height': 385.0, 'width': 153.0}","{'height': 480, 'width': 854, 'mime_type': 'video/mp4'}",rWKYDfklSkE,https://www.youtube.com/watch?v=rWKYDfklSkE
cll8k4oby005r3o6ljjncvkp8,3310,back,,Abnormal Gait,cerebral palsy,"{'top': 40.0, 'left': 345.0, 'height': 385.0, 'width': 153.0}","{'height': 480, 'width': 854, 'mime_type': 'video/mp4'}",rWKYDfklSkE,https://www.youtube.com/watch?v=rWKYDfklSkE
cll8k4oby005r3o6ljjncvkp8,3311,back,,Abnormal Gait,cerebral palsy,"{'top': 40.0, 'left': 345.0, 'height': 385.0, 'width': 153.0}","{'height': 480, 'width': 854, 'mime_type': 'video/mp4'}",rWKYDfklSkE,https://www.youtube.com/watch?v=rWKYDfklSkE
cll8k4oby005r3o6ljjncvkp8,3312,back,,Abnormal Gait,cerebral palsy,"{'top': 40.0, 'left': 345.0, 'height': 385.0, 'width': 153.0}","{'height': 480, 'width': 854, 'mime_type': 'video/mp4'}",rWKYDfklSkE,https://www.youtube.com/watch?v=rWKYDfklSkE
cll8k4oby005r3o6ljjncvkp8,3313,back,,Abnormal Gait,cerebral palsy,"{'top': 40.0, 'left': 345.0, 'height': 385.0, 'width': 153.0}","{'height': 480, 'width': 854, 'mime_type': 'video/mp4'}",rWKYDfklSkE,https://www.youtube.com/watch?v=rWKYDfklSkE
cll8k4oby005r3o6ljjncvkp8,3314,back,,Abnormal Gait,cerebral palsy,"{'top': 40.0, 'left': 345.0, 'height': 385.0, 'width': 153.0}","{'height': 480, 'width': 854, 'mime_type': 'video/mp4'}",rWKYDfklSkE,https://www.youtube.com/watch?v=rWKYDfklSkE
cll8k4oby005r3o6ljjncvkp8,3315,back,,Abnormal Gait,cerebral palsy,"{'top': 40.0, 'left': 345.0, 'height': 385.0, 'width': 153.0}","{'height': 480, 'width': 854, 'mime_type': 'video/mp4'}",rWKYDfklSkE,https://www.youtube.com/watch?v=rWKYDfklSkE
cll8k4oby005r3o6ljjncvkp8,3316,back,,Abnormal Gait,cerebral palsy,"{'top': 40.0, 'left': 345.0, 'height': 385.0, 'width': 153.0}","{'height': 480, 'width': 854, 'mime_type': 'video/mp4'}",rWKYDfklSkE,https://www.youtube.com/watch?v=rWKYDfklSkE
cll8k4oby005r3o6ljjncvkp8,3317,back,,Abnormal Gait,cerebral palsy,"{'top': 40.0, 'left': 345.0, 'height': 385.0, 'width': 153.0}","{'height': 480, 'width': 854, 'mime_type': 'video/mp4'}",rWKYDfklSkE,https://www.youtube.com/watch?v=rWKYDfklSkE
cll8k4oby005r3o6ljjncvkp8,3318,back,,Abnormal Gait,cerebral palsy,"{'top': 40.0, 'left': 345.0, 'height': 385.0, 'width': 153.0}","{'height': 480, 'width': 854, 'mime_type': 'video/mp4'}",rWKYDfklSkE,https://www.youtube.com/watch?v=rWKYDfklSkE
cll8k4oby005r3o6ljjncvkp8,3319,back,,Abnormal Gait,cerebral palsy,"{'top': 40.0, 'left': 345.0, 'height': 385.0, 'width': 153.0}","{'height': 480, 'width': 854, 'mime_type': 'video/mp4'}",rWKYDfklSkE,https://www.youtube.com/watch?v=rWKYDfklSkE
cll8k4oby005r3o6ljjncvkp8,3320,back,,Abnormal Gait,cerebral palsy,"{'top': 40.0, 'left': 345.0, 'height': 385.0, 'width': 153.0}","{'height': 480, 'width': 854, 'mime_type': 'video/mp4'}",rWKYDfklSkE,https://www.youtube.com/watch?v=rWKYDfklSkE
cll8k4oby005r3o6ljjncvkp8,3321,back,,Abnormal Gait,cerebral palsy,"{'top': 40.0, 'left': 345.0, 'height': 385.0, 'width': 153.0}","{'height': 480, 'width': 854, 'mime_type': 'video/mp4'}",rWKYDfklSkE,https://www.youtube.com/watch?v=rWKYDfklSkE
cll8k4oby005r3o6ljjncvkp8,3322,back,,Abnormal Gait,cerebral palsy,"{'top': 40.0, 'left': 345.0, 'height': 385.0, 'width': 153.0}","{'height': 480, 'width': 854, 'mime_type': 'video/mp4'}",rWKYDfklSkE,https://www.youtube.com/watch?v=rWKYDfklSkE
cll8k4oby005r3o6ljjncvkp8,3323,back,,Abnormal Gait,cerebral palsy,"{'top': 40.0, 'left': 345.0, 'height': 385.0, 'width': 153.0}","{'height': 480, 'width': 854, 'mime_type': 'video/mp4'}",rWKYDfklSkE,https://www.youtube.com/watch?v=rWKYDfklSkE
cll8k4oby005r3o6ljjncvkp8,3324,back,,Abnormal Gait,cerebral palsy,"{'top': 40.0, 'left': 345.0, 'height': 385.0, 'width': 153.0}","{'height': 480, 'width': 854, 'mime_type': 'video/mp4'}",rWKYDfklSkE,https://www.youtube.com/watch?v=rWKYDfklSkE
cll8k4oby005r3o6ljjncvkp8,3325,back,,Abnormal Gait,cerebral palsy,"{'top': 40.0, 'left': 345.0, 'height': 385.0, 'width': 153.0}","{'height': 480, 'width': 854, 'mime_type': 'video/mp4'}",rWKYDfklSkE,https://www.youtube.com/watch?v=rWKYDfklSkE
cll8k4oby005r3o6ljjncvkp8,3326,back,,Abnormal Gait,cerebral palsy,"{'top': 40.0, 'left': 345.0, 'height': 385.0, 'width': 153.0}","{'height': 480, 'width': 854, 'mime_type': 'video/mp4'}",rWKYDfklSkE,https://www.youtube.com/watch?v=rWKYDfklSkE
cll8k4oby005r3o6ljjncvkp8,3327,back,,Abnormal Gait,cerebral palsy,"{'top': 40.0, 'left': 345.0, 'height': 385.0, 'width': 153.0}","{'height': 480, 'width': 854, 'mime_type': 'video/mp4'}",rWKYDfklSkE,https://www.youtube.com/watch?v=rWKYDfklSkE
cll8k4oby005r3o6ljjncvkp8,3328,back,,Abnormal Gait,cerebral palsy,"{'top': 40.0, 'left': 345.0, 'height': 385.0, 'width': 153.0}","{'height': 480, 'width': 854, 'mime_type': 'video/mp4'}",rWKYDfklSkE,https://www.youtube.com/watch?v=rWKYDfklSkE
cll8k4oby005r3o6ljjncvkp8,3329,back,,Abnormal Gait,cerebral palsy,"{'top': 40.0, 'left': 345.0, 'height': 385.0, 'width': 153.0}","{'height': 480, 'width': 854, 'mime_type': 'video/mp4'}",rWKYDfklSkE,https://www.youtube.com/watch?v=rWKYDfklSkE
cll8k4oby005r3o6ljjncvkp8,3330,back,,Abnormal Gait,cerebral palsy,"{'top': 40.0, 'left': 345.0, 'height': 385.0, 'width': 153.0}","{'height': 480, 'width': 854, 'mime_type': 'video/mp4'}",rWKYDfklSkE,https://www.youtube.com/watch?v=rWKYDfklSkE
cll8k4oby005r3o6ljjncvkp8,3331,back,,Abnormal Gait,cerebral palsy,"{'top': 40.0, 'left': 345.0, 'height': 385.0, 'width': 153.0}","{'height': 480, 'width': 854, 'mime_type': 'video/mp4'}",rWKYDfklSkE,https://www.youtube.com/watch?v=rWKYDfklSkE
cll8k4oby005r3o6ljjncvkp8,3332,back,,Abnormal Gait,cerebral palsy,"{'top': 40.0, 'left': 345.0, 'height': 385.0, 'width': 153.0}","{'height': 480, 'width': 854, 'mime_type': 'video/mp4'}",rWKYDfklSkE,https://www.youtube.com/watch?v=rWKYDfklSkE
cll8k4oby005r3o6ljjncvkp8,3333,back,,Abnormal Gait,cerebral palsy,"{'top': 40.0, 'left': 345.0, 'height': 385.0, 'width': 153.0}","{'height': 480, 'width': 854, 'mime_type': 'video/mp4'}",rWKYDfklSkE,https://www.youtube.com/watch?v=rWKYDfklSkE
cll8k4oby005r3o6ljjncvkp8,3334,back,,Abnormal Gait,cerebral palsy,"{'top': 40.0, 'left': 345.0, 'height': 385.0, 'width': 153.0}","{'height': 480, 'width': 854, 'mime_type': 'video/mp4'}",rWKYDfklSkE,https://www.youtube.com/watch?v=rWKYDfklSkE
cll8k4oby005r3o6ljjncvkp8,3335,back,,Abnormal Gait,cerebral palsy,"{'top': 40.0, 'left': 345.0, 'height': 385.0, 'width': 153.0}","{'height': 480, 'width': 854, 'mime_type': 'video/mp4'}",rWKYDfklSkE,https://www.youtube.com/watch?v=rWKYDfklSkE
cll8k4oby005r3o6ljjncvkp8,3336,back,,Abnormal Gait,cerebral palsy,"{'top': 40.0, 'left': 345.0, 'height': 385.0, 'width': 153.0}","{'height': 480, 'width': 854, 'mime_type': 'video/mp4'}",rWKYDfklSkE,https://www.youtube.com/watch?v=rWKYDfklSkE
cll8k4oby005r3o6ljjncvkp8,3337,back,,Abnormal Gait,cerebral palsy,"{'top': 40.0, 'left': 345.0, 'height': 385.0, 'width': 153.0}","{'height': 480, 'width': 854, 'mime_type': 'video/mp4'}",rWKYDfklSkE,https://www.youtube.com/watch?v=rWKYDfklSkE
cll8k4oby005r3o6ljjncvkp8,3338,back,,Abnormal Gait,cerebral palsy,"{'top': 40.0, 'left': 345.0, 'height': 385.0, 'width': 153.0}","{'height': 480, 'width': 854, 'mime_type': 'video/mp4'}",rWKYDfklSkE,https://www.youtube.com/watch?v=rWKYDfklSkE
cll8k4oby005r3o6ljjncvkp8,3339,back,,Abnormal Gait,cerebral palsy,"{'top': 40.0, 'left': 345.0, 'height': 385.0, 'width': 153.0}","{'height': 480, 'width': 854, 'mime_type': 'video/mp4'}",rWKYDfklSkE,https://www.youtube.com/watch?v=rWKYDfklSkE
cll8k4oby005r3o6ljjncvkp8,3340,back,,Abnormal Gait,cerebral palsy,"{'top': 40.0, 'left': 345.0, 'height': 385.0, 'width': 153.0}","{'height': 480, 'width': 854, 'mime_type': 'video/mp4'}",rWKYDfklSkE,https://www.youtube.com/watch?v=rWKYDfklSkE
cll8k4oby005r3o6ljjncvkp8,3341,back,,Abnormal Gait,cerebral palsy,"{'top': 40.0, 'left': 345.0, 'height': 385.0, 'width': 153.0}","{'height': 480, 'width': 854, 'mime_type': 'video/mp4'}",rWKYDfklSkE,https://www.youtube.com/watch?v=rWKYDfklSkE
cll8k4oby005r3o6ljjncvkp8,3342,back,,Abnormal Gait,cerebral palsy,"{'top': 40.0, 'left': 345.0, 'height': 385.0, 'width': 153.0}","{'height': 480, 'width': 854, 'mime_type': 'video/mp4'}",rWKYDfklSkE,https://www.youtube.com/watch?v=rWKYDfklSkE
cll8k4oby005r3o6ljjncvkp8,3343,back,,Abnormal Gait,cerebral palsy,"{'top': 40.0, 'left': 345.0, 'height': 385.0, 'width': 153.0}","{'height': 480, 'width': 854, 'mime_type': 'video/mp4'}",rWKYDfklSkE,https://www.youtube.com/watch?v=rWKYDfklSkE
cll8k4oby005r3o6ljjncvkp8,3344,back,,Abnormal Gait,cerebral palsy,"{'top': 40.0, 'left': 345.0, 'height': 385.0, 'width': 153.0}","{'height': 480, 'width': 854, 'mime_type': 'video/mp4'}",rWKYDfklSkE,https://www.youtube.com/watch?v=rWKYDfklSkE
cll8k4oby005r3o6ljjncvkp8,3345,back,,Abnormal Gait,cerebral palsy,"{'top': 40.0, 'left': 345.0, 'height': 385.0, 'width': 153.0}","{'height': 480, 'width': 854, 'mime_type': 'video/mp4'}",rWKYDfklSkE,https://www.youtube.com/watch?v=rWKYDfklSkE
cll8k4oby005r3o6ljjncvkp8,3346,back,,Abnormal Gait,cerebral palsy,"{'top': 40.0, 'left': 345.0, 'height': 385.0, 'width': 153.0}","{'height': 480, 'width': 854, 'mime_type': 'video/mp4'}",rWKYDfklSkE,https://www.youtube.com/watch?v=rWKYDfklSkE
cll8k4oby005r3o6ljjncvkp8,3347,back,,Abnormal Gait,cerebral palsy,"{'top': 40.0, 'left': 345.0, 'height': 385.0, 'width': 153.0}","{'height': 480, 'width': 854, 'mime_type': 'video/mp4'}",rWKYDfklSkE,https://www.youtube.com/watch?v=rWKYDfklSkE
