seq,frame_num,cam_view,gait_event,dataset,gait_pat,bbox,vid_info,id,url
cljwcvfg5002w3n6lo9eg0k8w,11290,front,,Abnormal Gait,stroke,"{'top': 65.0, 'left': 162.0, 'height': 232.0, 'width': 110.0}","{'height': 480, 'width': 854, 'mime_type': 'video/mp4'}",FpXbeLZWFSw,https://www.youtube.com/watch?v=FpXbeLZWFSw
cljwcvfg5002w3n6lo9eg0k8w,11291,front,,Abnormal Gait,stroke,"{'top': 65.0, 'left': 161.875, 'height': 232.375, 'width': 110.91666666666669}","{'height': 480, 'width': 854, 'mime_type': 'video/mp4'}",FpXbeLZWFSw,https://www.youtube.com/watch?v=FpXbeLZWFSw
cljwcvfg5002w3n6lo9eg0k8w,11292,front,,Abnormal Gait,stroke,"{'top': 65.0, 'left': 161.75, 'height': 232.75, 'width': 111.83333333333331}","{'height': 480, 'width': 854, 'mime_type': 'video/mp4'}",FpXbeLZWFSw,https://www.youtube.com/watch?v=FpXbeLZWFSw
cljwcvfg5002w3n6lo9eg0k8w,11293,front,,Abnormal Gait,stroke,"{'top': 65.0, 'left': 161.625, 'height': 233.125, 'width': 112.75}","{'height': 480, 'width': 854, 'mime_type': 'video/mp4'}",FpXbeLZWFSw,https://www.youtube.com/watch?v=FpXbeLZWFSw
cljwcvfg5002w3n6lo9eg0k8w,11294,front,,Abnormal Gait,stroke,"{'top': 65.0, 'left': 161.5, 'height': 233.5, 'width': 113.66666666666669}","{'height': 480, 'width': 854, 'mime_type': 'video/mp4'}",FpXbeLZWFSw,https://www.youtube.com/watch?v=FpXbeLZWFSw
cljwcvfg5002w3n6lo9eg0k8w,11295,front,,Abnormal Gait,stroke,"{'top': 65.0, 'left': 161.375, 'height': 233.875, 'width': 114.58333333333331}","{'height': 480, 'width': 854, 'mime_type': 'video/mp4'}",FpXbeLZWFSw,https://www.youtube.com/watch?v=FpXbeLZWFSw
cljwcvfg5002w3n6lo9eg0k8w,11296,front,,Abnormal Gait,stroke,"{'top': 65.0, 'left': 161.25, 'height': 234.25, 'width': 115.5}","{'height': 480, 'width': 854, 'mime_type': 'video/mp4'}",FpXbeLZWFSw,https://www.youtube.com/watch?v=FpXbeLZWFSw
cljwcvfg5002w3n6lo9eg0k8w,11297,front,,Abnormal Gait,stroke,"{'top': 65.0, 'left': 161.125, 'height': 234.625, 'width': 116.41666666666669}","{'height': 480, 'width': 854, 'mime_type': 'video/mp4'}",FpXbeLZWFSw,https://www.youtube.com/watch?v=FpXbeLZWFSw
cljwcvfg5002w3n6lo9eg0k8w,11298,front,,Abnormal Gait,stroke,"{'top': 65.0, 'left': 161.0, 'height': 235.0, 'width': 117.33333333333331}","{'height': 480, 'width': 854, 'mime_type': 'video/mp4'}",FpXbeLZWFSw,https://www.youtube.com/watch?v=FpXbeLZWFSw
cljwcvfg5002w3n6lo9eg0k8w,11299,front,,Abnormal Gait,stroke,"{'top': 65.0, 'left': 160.875, 'height': 235.375, 'width': 118.25}","{'height': 480, 'width': 854, 'mime_type': 'video/mp4'}",FpXbeLZWFSw,https://www.youtube.com/watch?v=FpXbeLZWFSw
cljwcvfg5002w3n6lo9eg0k8w,11300,front,,Abnormal Gait,stroke,"{'top': 65.0, 'left': 160.75, 'height': 235.75, 'width': 119.16666666666669}","{'height': 480, 'width': 854, 'mime_type': 'video/mp4'}",FpXbeLZWFSw,https://www.youtube.com/watch?v=FpXbeLZWFSw
cljwcvfg5002w3n6lo9eg0k8w,11301,front,,Abnormal Gait,stroke,"{'top': 65.0, 'left': 160.625, 'height': 236.125, 'width': 120.08333333333331}","{'height': 480, 'width': 854, 'mime_type': 'video/mp4'}",FpXbeLZWFSw,https://www.youtube.com/watch?v=FpXbeLZWFSw
cljwcvfg5002w3n6lo9eg0k8w,11302,front,,Abnormal Gait,stroke,"{'top': 65.0, 'left': 160.5, 'height': 236.5, 'width': 121.0}","{'height': 480, 'width': 854, 'mime_type': 'video/mp4'}",FpXbeLZWFSw,https://www.youtube.com/watch?v=FpXbeLZWFSw
cljwcvfg5002w3n6lo9eg0k8w,11303,front,,Abnormal Gait,stroke,"{'top': 65.0, 'left': 160.375, 'height': 236.875, 'width': 121.91666666666669}","{'height': 480, 'width': 854, 'mime_type': 'video/mp4'}",FpXbeLZWFSw,https://www.youtube.com/watch?v=FpXbeLZWFSw
cljwcvfg5002w3n6lo9eg0k8w,11304,front,,Abnormal Gait,stroke,"{'top': 65.0, 'left': 160.25, 'height': 237.25, 'width': 122.83333333333331}","{'height': 480, 'width': 854, 'mime_type': 'video/mp4'}",FpXbeLZWFSw,https://www.youtube.com/watch?v=FpXbeLZWFSw
cljwcvfg5002w3n6lo9eg0k8w,11305,front,,Abnormal Gait,stroke,"{'top': 65.0, 'left': 160.125, 'height': 237.625, 'width': 123.75}","{'height': 480, 'width': 854, 'mime_type': 'video/mp4'}",FpXbeLZWFSw,https://www.youtube.com/watch?v=FpXbeLZWFSw
cljwcvfg5002w3n6lo9eg0k8w,11306,front,,Abnormal Gait,stroke,"{'top': 65.0, 'left': 160.0, 'height': 238.0, 'width': 124.66666666666669}","{'height': 480, 'width': 854, 'mime_type': 'video/mp4'}",FpXbeLZWFSw,https://www.youtube.com/watch?v=FpXbeLZWFSw
cljwcvfg5002w3n6lo9eg0k8w,11307,front,,Abnormal Gait,stroke,"{'top': 65.0, 'left': 159.875, 'height': 238.375, 'width': 125.58333333333331}","{'height': 480, 'width': 854, 'mime_type': 'video/mp4'}",FpXbeLZWFSw,https://www.youtube.com/watch?v=FpXbeLZWFSw
cljwcvfg5002w3n6lo9eg0k8w,11308,front,,Abnormal Gait,stroke,"{'top': 65.0, 'left': 159.75, 'height': 238.75, 'width': 126.5}","{'height': 480, 'width': 854, 'mime_type': 'video/mp4'}",FpXbeLZWFSw,https://www.youtube.com/watch?v=FpXbeLZWFSw
cljwcvfg5002w3n6lo9eg0k8w,11309,front,,Abnormal Gait,stroke,"{'top': 65.0, 'left': 159.625, 'height': 239.125, 'width': 127.41666666666669}","{'height': 480, 'width': 854, 'mime_type': 'video/mp4'}",FpXbeLZWFSw,https://www.youtube.com/watch?v=FpXbeLZWFSw
cljwcvfg5002w3n6lo9eg0k8w,11310,front,,Abnormal Gait,stroke,"{'top': 65.0, 'left': 159.5, 'height': 239.5, 'width': 128.33333333333331}","{'height': 480, 'width': 854, 'mime_type': 'video/mp4'}",FpXbeLZWFSw,https://www.youtube.com/watch?v=FpXbeLZWFSw
cljwcvfg5002w3n6lo9eg0k8w,11311,front,,Abnormal Gait,stroke,"{'top': 65.0, 'left': 159.375, 'height': 239.875, 'width': 129.25}","{'height': 480, 'width': 854, 'mime_type': 'video/mp4'}",FpXbeLZWFSw,https://www.youtube.com/watch?v=FpXbeLZWFSw
cljwcvfg5002w3n6lo9eg0k8w,11312,front,,Abnormal Gait,stroke,"{'top': 65.0, 'left': 159.25, 'height': 240.25, 'width': 130.16666666666669}","{'height': 480, 'width': 854, 'mime_type': 'video/mp4'}",FpXbeLZWFSw,https://www.youtube.com/watch?v=FpXbeLZWFSw
cljwcvfg5002w3n6lo9eg0k8w,11313,front,,Abnormal Gait,stroke,"{'top': 65.0, 'left': 159.125, 'height': 240.625, 'width': 131.08333333333331}","{'height': 480, 'width': 854, 'mime_type': 'video/mp4'}",FpXbeLZWFSw,https://www.youtube.com/watch?v=FpXbeLZWFSw
cljwcvfg5002w3n6lo9eg0k8w,11314,front,,Abnormal Gait,stroke,"{'top': 65.0, 'left': 159.0, 'height': 241.0, 'width': 132.0}","{'height': 480, 'width': 854, 'mime_type': 'video/mp4'}",FpXbeLZWFSw,https://www.youtube.com/watch?v=FpXbeLZWFSw
cljwcvfg5002w3n6lo9eg0k8w,11315,front,,Abnormal Gait,stroke,"{'top': 65.03448275862068, 'left': 160.55172413793105, 'height': 240.68965517241378, 'width': 131.24137931034483}","{'height': 480, 'width': 854, 'mime_type': 'video/mp4'}",FpXbeLZWFSw,https://www.youtube.com/watch?v=FpXbeLZWFSw
cljwcvfg5002w3n6lo9eg0k8w,11316,front,,Abnormal Gait,stroke,"{'top': 65.06896551724138, 'left': 162.10344827586206, 'height': 240.37931034482756, 'width': 130.48275862068968}","{'height': 480, 'width': 854, 'mime_type': 'video/mp4'}",FpXbeLZWFSw,https://www.youtube.com/watch?v=FpXbeLZWFSw
cljwcvfg5002w3n6lo9eg0k8w,11317,front,,Abnormal Gait,stroke,"{'top': 65.10344827586206, 'left': 163.6551724137931, 'height': 240.06896551724137, 'width': 129.72413793103445}","{'height': 480, 'width': 854, 'mime_type': 'video/mp4'}",FpXbeLZWFSw,https://www.youtube.com/watch?v=FpXbeLZWFSw
cljwcvfg5002w3n6lo9eg0k8w,11318,front,,Abnormal Gait,stroke,"{'top': 65.13793103448276, 'left': 165.20689655172413, 'height': 239.75862068965515, 'width': 128.9655172413793}","{'height': 480, 'width': 854, 'mime_type': 'video/mp4'}",FpXbeLZWFSw,https://www.youtube.com/watch?v=FpXbeLZWFSw
cljwcvfg5002w3n6lo9eg0k8w,11319,front,,Abnormal Gait,stroke,"{'top': 65.17241379310344, 'left': 166.75862068965517, 'height': 239.448275862069, 'width': 128.20689655172413}","{'height': 480, 'width': 854, 'mime_type': 'video/mp4'}",FpXbeLZWFSw,https://www.youtube.com/watch?v=FpXbeLZWFSw
cljwcvfg5002w3n6lo9eg0k8w,11320,front,,Abnormal Gait,stroke,"{'top': 65.20689655172414, 'left': 168.31034482758622, 'height': 239.1379310344828, 'width': 127.44827586206895}","{'height': 480, 'width': 854, 'mime_type': 'video/mp4'}",FpXbeLZWFSw,https://www.youtube.com/watch?v=FpXbeLZWFSw
cljwcvfg5002w3n6lo9eg0k8w,11321,front,,Abnormal Gait,stroke,"{'top': 65.24137931034483, 'left': 169.86206896551724, 'height': 238.82758620689657, 'width': 126.68965517241381}","{'height': 480, 'width': 854, 'mime_type': 'video/mp4'}",FpXbeLZWFSw,https://www.youtube.com/watch?v=FpXbeLZWFSw
cljwcvfg5002w3n6lo9eg0k8w,11322,front,,Abnormal Gait,stroke,"{'top': 65.27586206896552, 'left': 171.41379310344828, 'height': 238.51724137931035, 'width': 125.93103448275863}","{'height': 480, 'width': 854, 'mime_type': 'video/mp4'}",FpXbeLZWFSw,https://www.youtube.com/watch?v=FpXbeLZWFSw
cljwcvfg5002w3n6lo9eg0k8w,11323,front,,Abnormal Gait,stroke,"{'top': 65.3103448275862, 'left': 172.9655172413793, 'height': 238.20689655172413, 'width': 125.17241379310343}","{'height': 480, 'width': 854, 'mime_type': 'video/mp4'}",FpXbeLZWFSw,https://www.youtube.com/watch?v=FpXbeLZWFSw
cljwcvfg5002w3n6lo9eg0k8w,11324,front,,Abnormal Gait,stroke,"{'top': 65.34482758620689, 'left': 174.51724137931035, 'height': 237.89655172413794, 'width': 124.41379310344826}","{'height': 480, 'width': 854, 'mime_type': 'video/mp4'}",FpXbeLZWFSw,https://www.youtube.com/watch?v=FpXbeLZWFSw
cljwcvfg5002w3n6lo9eg0k8w,11325,front,,Abnormal Gait,stroke,"{'top': 65.37931034482759, 'left': 176.06896551724137, 'height': 237.58620689655172, 'width': 123.65517241379311}","{'height': 480, 'width': 854, 'mime_type': 'video/mp4'}",FpXbeLZWFSw,https://www.youtube.com/watch?v=FpXbeLZWFSw
cljwcvfg5002w3n6lo9eg0k8w,11326,front,,Abnormal Gait,stroke,"{'top': 65.41379310344827, 'left': 177.6206896551724, 'height': 237.27586206896552, 'width': 122.89655172413794}","{'height': 480, 'width': 854, 'mime_type': 'video/mp4'}",FpXbeLZWFSw,https://www.youtube.com/watch?v=FpXbeLZWFSw
cljwcvfg5002w3n6lo9eg0k8w,11327,front,,Abnormal Gait,stroke,"{'top': 65.44827586206897, 'left': 179.17241379310346, 'height': 236.9655172413793, 'width': 122.13793103448276}","{'height': 480, 'width': 854, 'mime_type': 'video/mp4'}",FpXbeLZWFSw,https://www.youtube.com/watch?v=FpXbeLZWFSw
cljwcvfg5002w3n6lo9eg0k8w,11328,front,,Abnormal Gait,stroke,"{'top': 65.48275862068965, 'left': 180.72413793103448, 'height': 236.65517241379308, 'width': 121.37931034482762}","{'height': 480, 'width': 854, 'mime_type': 'video/mp4'}",FpXbeLZWFSw,https://www.youtube.com/watch?v=FpXbeLZWFSw
cljwcvfg5002w3n6lo9eg0k8w,11329,front,,Abnormal Gait,stroke,"{'top': 65.51724137931035, 'left': 182.27586206896552, 'height': 236.34482758620692, 'width': 120.62068965517238}","{'height': 480, 'width': 854, 'mime_type': 'video/mp4'}",FpXbeLZWFSw,https://www.youtube.com/watch?v=FpXbeLZWFSw
cljwcvfg5002w3n6lo9eg0k8w,11330,front,,Abnormal Gait,stroke,"{'top': 65.55172413793103, 'left': 183.82758620689654, 'height': 236.0344827586207, 'width': 119.86206896551724}","{'height': 480, 'width': 854, 'mime_type': 'video/mp4'}",FpXbeLZWFSw,https://www.youtube.com/watch?v=FpXbeLZWFSw
cljwcvfg5002w3n6lo9eg0k8w,11331,front,,Abnormal Gait,stroke,"{'top': 65.58620689655173, 'left': 185.3793103448276, 'height': 235.72413793103448, 'width': 119.10344827586206}","{'height': 480, 'width': 854, 'mime_type': 'video/mp4'}",FpXbeLZWFSw,https://www.youtube.com/watch?v=FpXbeLZWFSw
cljwcvfg5002w3n6lo9eg0k8w,11332,front,,Abnormal Gait,stroke,"{'top': 65.62068965517241, 'left': 186.93103448275863, 'height': 235.41379310344828, 'width': 118.34482758620689}","{'height': 480, 'width': 854, 'mime_type': 'video/mp4'}",FpXbeLZWFSw,https://www.youtube.com/watch?v=FpXbeLZWFSw
cljwcvfg5002w3n6lo9eg0k8w,11333,front,,Abnormal Gait,stroke,"{'top': 65.65517241379311, 'left': 188.48275862068965, 'height': 235.10344827586206, 'width': 117.58620689655174}","{'height': 480, 'width': 854, 'mime_type': 'video/mp4'}",FpXbeLZWFSw,https://www.youtube.com/watch?v=FpXbeLZWFSw
cljwcvfg5002w3n6lo9eg0k8w,11334,front,,Abnormal Gait,stroke,"{'top': 65.6896551724138, 'left': 190.0344827586207, 'height': 234.79310344827587, 'width': 116.82758620689657}","{'height': 480, 'width': 854, 'mime_type': 'video/mp4'}",FpXbeLZWFSw,https://www.youtube.com/watch?v=FpXbeLZWFSw
cljwcvfg5002w3n6lo9eg0k8w,11335,front,,Abnormal Gait,stroke,"{'top': 65.72413793103448, 'left': 191.58620689655172, 'height': 234.48275862068965, 'width': 116.06896551724137}","{'height': 480, 'width': 854, 'mime_type': 'video/mp4'}",FpXbeLZWFSw,https://www.youtube.com/watch?v=FpXbeLZWFSw
cljwcvfg5002w3n6lo9eg0k8w,11336,front,,Abnormal Gait,stroke,"{'top': 65.75862068965517, 'left': 193.13793103448276, 'height': 234.17241379310343, 'width': 115.31034482758619}","{'height': 480, 'width': 854, 'mime_type': 'video/mp4'}",FpXbeLZWFSw,https://www.youtube.com/watch?v=FpXbeLZWFSw
cljwcvfg5002w3n6lo9eg0k8w,11337,front,,Abnormal Gait,stroke,"{'top': 65.79310344827586, 'left': 194.68965517241378, 'height': 233.8620689655172, 'width': 114.55172413793105}","{'height': 480, 'width': 854, 'mime_type': 'video/mp4'}",FpXbeLZWFSw,https://www.youtube.com/watch?v=FpXbeLZWFSw
cljwcvfg5002w3n6lo9eg0k8w,11338,front,,Abnormal Gait,stroke,"{'top': 65.82758620689656, 'left': 196.24137931034483, 'height': 233.551724137931, 'width': 113.79310344827587}","{'height': 480, 'width': 854, 'mime_type': 'video/mp4'}",FpXbeLZWFSw,https://www.youtube.com/watch?v=FpXbeLZWFSw
cljwcvfg5002w3n6lo9eg0k8w,11339,front,,Abnormal Gait,stroke,"{'top': 65.86206896551724, 'left': 197.79310344827587, 'height': 233.24137931034485, 'width': 113.0344827586207}","{'height': 480, 'width': 854, 'mime_type': 'video/mp4'}",FpXbeLZWFSw,https://www.youtube.com/watch?v=FpXbeLZWFSw
cljwcvfg5002w3n6lo9eg0k8w,11340,front,,Abnormal Gait,stroke,"{'top': 65.89655172413794, 'left': 199.3448275862069, 'height': 232.93103448275863, 'width': 112.27586206896555}","{'height': 480, 'width': 854, 'mime_type': 'video/mp4'}",FpXbeLZWFSw,https://www.youtube.com/watch?v=FpXbeLZWFSw
cljwcvfg5002w3n6lo9eg0k8w,11341,front,,Abnormal Gait,stroke,"{'top': 65.93103448275862, 'left': 200.89655172413794, 'height': 232.62068965517244, 'width': 111.51724137931032}","{'height': 480, 'width': 854, 'mime_type': 'video/mp4'}",FpXbeLZWFSw,https://www.youtube.com/watch?v=FpXbeLZWFSw
cljwcvfg5002w3n6lo9eg0k8w,11342,front,,Abnormal Gait,stroke,"{'top': 65.96551724137932, 'left': 202.44827586206895, 'height': 232.31034482758622, 'width': 110.75862068965517}","{'height': 480, 'width': 854, 'mime_type': 'video/mp4'}",FpXbeLZWFSw,https://www.youtube.com/watch?v=FpXbeLZWFSw
cljwcvfg5002w3n6lo9eg0k8w,11343,front,,Abnormal Gait,stroke,"{'top': 66.0, 'left': 204.0, 'height': 232.0, 'width': 110.0}","{'height': 480, 'width': 854, 'mime_type': 'video/mp4'}",FpXbeLZWFSw,https://www.youtube.com/watch?v=FpXbeLZWFSw
cljwcvfg5002w3n6lo9eg0k8w,11344,front,,Abnormal Gait,stroke,"{'top': 66.0, 'left': 206.27272727272728, 'height': 233.0, 'width': 110.21212121212122}","{'height': 480, 'width': 854, 'mime_type': 'video/mp4'}",FpXbeLZWFSw,https://www.youtube.com/watch?v=FpXbeLZWFSw
cljwcvfg5002w3n6lo9eg0k8w,11345,front,,Abnormal Gait,stroke,"{'top': 66.0, 'left': 208.54545454545453, 'height': 234.0, 'width': 110.42424242424246}","{'height': 480, 'width': 854, 'mime_type': 'video/mp4'}",FpXbeLZWFSw,https://www.youtube.com/watch?v=FpXbeLZWFSw
cljwcvfg5002w3n6lo9eg0k8w,11346,front,,Abnormal Gait,stroke,"{'top': 66.0, 'left': 210.8181818181818, 'height': 235.0, 'width': 110.63636363636363}","{'height': 480, 'width': 854, 'mime_type': 'video/mp4'}",FpXbeLZWFSw,https://www.youtube.com/watch?v=FpXbeLZWFSw
cljwcvfg5002w3n6lo9eg0k8w,11347,front,,Abnormal Gait,stroke,"{'top': 66.0, 'left': 213.0909090909091, 'height': 236.0, 'width': 110.84848484848484}","{'height': 480, 'width': 854, 'mime_type': 'video/mp4'}",FpXbeLZWFSw,https://www.youtube.com/watch?v=FpXbeLZWFSw
cljwcvfg5002w3n6lo9eg0k8w,11348,front,,Abnormal Gait,stroke,"{'top': 66.0, 'left': 215.36363636363637, 'height': 237.0, 'width': 111.06060606060606}","{'height': 480, 'width': 854, 'mime_type': 'video/mp4'}",FpXbeLZWFSw,https://www.youtube.com/watch?v=FpXbeLZWFSw
cljwcvfg5002w3n6lo9eg0k8w,11349,front,,Abnormal Gait,stroke,"{'top': 66.0, 'left': 217.63636363636363, 'height': 238.0, 'width': 111.27272727272731}","{'height': 480, 'width': 854, 'mime_type': 'video/mp4'}",FpXbeLZWFSw,https://www.youtube.com/watch?v=FpXbeLZWFSw
cljwcvfg5002w3n6lo9eg0k8w,11350,front,,Abnormal Gait,stroke,"{'top': 66.0, 'left': 219.9090909090909, 'height': 239.0, 'width': 111.48484848484847}","{'height': 480, 'width': 854, 'mime_type': 'video/mp4'}",FpXbeLZWFSw,https://www.youtube.com/watch?v=FpXbeLZWFSw
cljwcvfg5002w3n6lo9eg0k8w,11351,front,,Abnormal Gait,stroke,"{'top': 66.0, 'left': 222.1818181818182, 'height': 240.0, 'width': 111.69696969696969}","{'height': 480, 'width': 854, 'mime_type': 'video/mp4'}",FpXbeLZWFSw,https://www.youtube.com/watch?v=FpXbeLZWFSw
cljwcvfg5002w3n6lo9eg0k8w,11352,front,,Abnormal Gait,stroke,"{'top': 66.0, 'left': 224.45454545454544, 'height': 241.0, 'width': 111.90909090909093}","{'height': 480, 'width': 854, 'mime_type': 'video/mp4'}",FpXbeLZWFSw,https://www.youtube.com/watch?v=FpXbeLZWFSw
cljwcvfg5002w3n6lo9eg0k8w,11353,front,,Abnormal Gait,stroke,"{'top': 66.0, 'left': 226.72727272727272, 'height': 242.0, 'width': 112.12121212121215}","{'height': 480, 'width': 854, 'mime_type': 'video/mp4'}",FpXbeLZWFSw,https://www.youtube.com/watch?v=FpXbeLZWFSw
cljwcvfg5002w3n6lo9eg0k8w,11354,front,,Abnormal Gait,stroke,"{'top': 66.0, 'left': 229.0, 'height': 243.0, 'width': 112.33333333333331}","{'height': 480, 'width': 854, 'mime_type': 'video/mp4'}",FpXbeLZWFSw,https://www.youtube.com/watch?v=FpXbeLZWFSw
cljwcvfg5002w3n6lo9eg0k8w,11355,front,,Abnormal Gait,stroke,"{'top': 66.0, 'left': 231.27272727272728, 'height': 244.0, 'width': 112.54545454545453}","{'height': 480, 'width': 854, 'mime_type': 'video/mp4'}",FpXbeLZWFSw,https://www.youtube.com/watch?v=FpXbeLZWFSw
cljwcvfg5002w3n6lo9eg0k8w,11356,front,,Abnormal Gait,stroke,"{'top': 66.0, 'left': 233.54545454545453, 'height': 245.0, 'width': 112.75757575757578}","{'height': 480, 'width': 854, 'mime_type': 'video/mp4'}",FpXbeLZWFSw,https://www.youtube.com/watch?v=FpXbeLZWFSw
cljwcvfg5002w3n6lo9eg0k8w,11357,front,,Abnormal Gait,stroke,"{'top': 66.0, 'left': 235.8181818181818, 'height': 246.0, 'width': 112.969696969697}","{'height': 480, 'width': 854, 'mime_type': 'video/mp4'}",FpXbeLZWFSw,https://www.youtube.com/watch?v=FpXbeLZWFSw
cljwcvfg5002w3n6lo9eg0k8w,11358,front,,Abnormal Gait,stroke,"{'top': 66.0, 'left': 238.0909090909091, 'height': 247.0, 'width': 113.18181818181816}","{'height': 480, 'width': 854, 'mime_type': 'video/mp4'}",FpXbeLZWFSw,https://www.youtube.com/watch?v=FpXbeLZWFSw
cljwcvfg5002w3n6lo9eg0k8w,11359,front,,Abnormal Gait,stroke,"{'top': 66.0, 'left': 240.36363636363637, 'height': 248.0, 'width': 113.39393939393938}","{'height': 480, 'width': 854, 'mime_type': 'video/mp4'}",FpXbeLZWFSw,https://www.youtube.com/watch?v=FpXbeLZWFSw
cljwcvfg5002w3n6lo9eg0k8w,11360,front,,Abnormal Gait,stroke,"{'top': 66.0, 'left': 242.63636363636363, 'height': 249.0, 'width': 113.60606060606062}","{'height': 480, 'width': 854, 'mime_type': 'video/mp4'}",FpXbeLZWFSw,https://www.youtube.com/watch?v=FpXbeLZWFSw
cljwcvfg5002w3n6lo9eg0k8w,11361,front,,Abnormal Gait,stroke,"{'top': 66.0, 'left': 244.9090909090909, 'height': 250.0, 'width': 113.81818181818184}","{'height': 480, 'width': 854, 'mime_type': 'video/mp4'}",FpXbeLZWFSw,https://www.youtube.com/watch?v=FpXbeLZWFSw
cljwcvfg5002w3n6lo9eg0k8w,11362,front,,Abnormal Gait,stroke,"{'top': 66.0, 'left': 247.1818181818182, 'height': 251.0, 'width': 114.03030303030306}","{'height': 480, 'width': 854, 'mime_type': 'video/mp4'}",FpXbeLZWFSw,https://www.youtube.com/watch?v=FpXbeLZWFSw
cljwcvfg5002w3n6lo9eg0k8w,11363,front,,Abnormal Gait,stroke,"{'top': 66.0, 'left': 249.45454545454544, 'height': 252.0, 'width': 114.24242424242425}","{'height': 480, 'width': 854, 'mime_type': 'video/mp4'}",FpXbeLZWFSw,https://www.youtube.com/watch?v=FpXbeLZWFSw
cljwcvfg5002w3n6lo9eg0k8w,11364,front,,Abnormal Gait,stroke,"{'top': 66.0, 'left': 251.72727272727272, 'height': 253.0, 'width': 114.45454545454547}","{'height': 480, 'width': 854, 'mime_type': 'video/mp4'}",FpXbeLZWFSw,https://www.youtube.com/watch?v=FpXbeLZWFSw
cljwcvfg5002w3n6lo9eg0k8w,11365,front,,Abnormal Gait,stroke,"{'top': 66.0, 'left': 254.0, 'height': 254.0, 'width': 114.66666666666669}","{'height': 480, 'width': 854, 'mime_type': 'video/mp4'}",FpXbeLZWFSw,https://www.youtube.com/watch?v=FpXbeLZWFSw
cljwcvfg5002w3n6lo9eg0k8w,11366,front,,Abnormal Gait,stroke,"{'top': 66.0, 'left': 256.27272727272725, 'height': 255.0, 'width': 114.87878787878788}","{'height': 480, 'width': 854, 'mime_type': 'video/mp4'}",FpXbeLZWFSw,https://www.youtube.com/watch?v=FpXbeLZWFSw
cljwcvfg5002w3n6lo9eg0k8w,11367,front,,Abnormal Gait,stroke,"{'top': 66.0, 'left': 258.54545454545456, 'height': 256.0, 'width': 115.09090909090907}","{'height': 480, 'width': 854, 'mime_type': 'video/mp4'}",FpXbeLZWFSw,https://www.youtube.com/watch?v=FpXbeLZWFSw
cljwcvfg5002w3n6lo9eg0k8w,11368,front,,Abnormal Gait,stroke,"{'top': 66.0, 'left': 260.8181818181818, 'height': 257.0, 'width': 115.30303030303031}","{'height': 480, 'width': 854, 'mime_type': 'video/mp4'}",FpXbeLZWFSw,https://www.youtube.com/watch?v=FpXbeLZWFSw
cljwcvfg5002w3n6lo9eg0k8w,11369,front,,Abnormal Gait,stroke,"{'top': 66.0, 'left': 263.09090909090907, 'height': 258.0, 'width': 115.51515151515156}","{'height': 480, 'width': 854, 'mime_type': 'video/mp4'}",FpXbeLZWFSw,https://www.youtube.com/watch?v=FpXbeLZWFSw
cljwcvfg5002w3n6lo9eg0k8w,11370,front,,Abnormal Gait,stroke,"{'top': 66.0, 'left': 265.3636363636364, 'height': 259.0, 'width': 115.72727272727275}","{'height': 480, 'width': 854, 'mime_type': 'video/mp4'}",FpXbeLZWFSw,https://www.youtube.com/watch?v=FpXbeLZWFSw
cljwcvfg5002w3n6lo9eg0k8w,11371,front,,Abnormal Gait,stroke,"{'top': 66.0, 'left': 267.6363636363636, 'height': 260.0, 'width': 115.93939393939394}","{'height': 480, 'width': 854, 'mime_type': 'video/mp4'}",FpXbeLZWFSw,https://www.youtube.com/watch?v=FpXbeLZWFSw
cljwcvfg5002w3n6lo9eg0k8w,11372,front,,Abnormal Gait,stroke,"{'top': 66.0, 'left': 269.9090909090909, 'height': 261.0, 'width': 116.15151515151518}","{'height': 480, 'width': 854, 'mime_type': 'video/mp4'}",FpXbeLZWFSw,https://www.youtube.com/watch?v=FpXbeLZWFSw
cljwcvfg5002w3n6lo9eg0k8w,11373,front,,Abnormal Gait,stroke,"{'top': 66.0, 'left': 272.1818181818182, 'height': 262.0, 'width': 116.36363636363637}","{'height': 480, 'width': 854, 'mime_type': 'video/mp4'}",FpXbeLZWFSw,https://www.youtube.com/watch?v=FpXbeLZWFSw
cljwcvfg5002w3n6lo9eg0k8w,11374,front,,Abnormal Gait,stroke,"{'top': 66.0, 'left': 274.45454545454544, 'height': 263.0, 'width': 116.57575757575756}","{'height': 480, 'width': 854, 'mime_type': 'video/mp4'}",FpXbeLZWFSw,https://www.youtube.com/watch?v=FpXbeLZWFSw
cljwcvfg5002w3n6lo9eg0k8w,11375,front,,Abnormal Gait,stroke,"{'top': 66.0, 'left': 276.72727272727275, 'height': 264.0, 'width': 116.78787878787875}","{'height': 480, 'width': 854, 'mime_type': 'video/mp4'}",FpXbeLZWFSw,https://www.youtube.com/watch?v=FpXbeLZWFSw
cljwcvfg5002w3n6lo9eg0k8w,11376,front,,Abnormal Gait,stroke,"{'top': 66.0, 'left': 279.0, 'height': 265.0, 'width': 117.0}","{'height': 480, 'width': 854, 'mime_type': 'video/mp4'}",FpXbeLZWFSw,https://www.youtube.com/watch?v=FpXbeLZWFSw
cljwcvfg5002w3n6lo9eg0k8w,11377,front,,Abnormal Gait,stroke,"{'top': 65.98039215686275, 'left': 278.9019607843137, 'height': 265.4901960784314, 'width': 117.23529411764707}","{'height': 480, 'width': 854, 'mime_type': 'video/mp4'}",FpXbeLZWFSw,https://www.youtube.com/watch?v=FpXbeLZWFSw
cljwcvfg5002w3n6lo9eg0k8w,11378,front,,Abnormal Gait,stroke,"{'top': 65.96078431372548, 'left': 278.80392156862746, 'height': 265.98039215686276, 'width': 117.47058823529409}","{'height': 480, 'width': 854, 'mime_type': 'video/mp4'}",FpXbeLZWFSw,https://www.youtube.com/watch?v=FpXbeLZWFSw
cljwcvfg5002w3n6lo9eg0k8w,11379,front,,Abnormal Gait,stroke,"{'top': 65.94117647058823, 'left': 278.70588235294116, 'height': 266.47058823529414, 'width': 117.70588235294122}","{'height': 480, 'width': 854, 'mime_type': 'video/mp4'}",FpXbeLZWFSw,https://www.youtube.com/watch?v=FpXbeLZWFSw
cljwcvfg5002w3n6lo9eg0k8w,11380,front,,Abnormal Gait,stroke,"{'top': 65.92156862745098, 'left': 278.6078431372549, 'height': 266.96078431372547, 'width': 117.94117647058823}","{'height': 480, 'width': 854, 'mime_type': 'video/mp4'}",FpXbeLZWFSw,https://www.youtube.com/watch?v=FpXbeLZWFSw
cljwcvfg5002w3n6lo9eg0k8w,11381,front,,Abnormal Gait,stroke,"{'top': 65.90196078431373, 'left': 278.5098039215686, 'height': 267.4509803921569, 'width': 118.1764705882353}","{'height': 480, 'width': 854, 'mime_type': 'video/mp4'}",FpXbeLZWFSw,https://www.youtube.com/watch?v=FpXbeLZWFSw
cljwcvfg5002w3n6lo9eg0k8w,11382,front,,Abnormal Gait,stroke,"{'top': 65.88235294117646, 'left': 278.4117647058824, 'height': 267.94117647058823, 'width': 118.41176470588232}","{'height': 480, 'width': 854, 'mime_type': 'video/mp4'}",FpXbeLZWFSw,https://www.youtube.com/watch?v=FpXbeLZWFSw
cljwcvfg5002w3n6lo9eg0k8w,11383,front,,Abnormal Gait,stroke,"{'top': 65.86274509803921, 'left': 278.3137254901961, 'height': 268.4313725490196, 'width': 118.64705882352939}","{'height': 480, 'width': 854, 'mime_type': 'video/mp4'}",FpXbeLZWFSw,https://www.youtube.com/watch?v=FpXbeLZWFSw
cljwcvfg5002w3n6lo9eg0k8w,11384,front,,Abnormal Gait,stroke,"{'top': 65.84313725490196, 'left': 278.2156862745098, 'height': 268.92156862745094, 'width': 118.88235294117652}","{'height': 480, 'width': 854, 'mime_type': 'video/mp4'}",FpXbeLZWFSw,https://www.youtube.com/watch?v=FpXbeLZWFSw
cljwcvfg5002w3n6lo9eg0k8w,11385,front,,Abnormal Gait,stroke,"{'top': 65.82352941176471, 'left': 278.11764705882354, 'height': 269.4117647058824, 'width': 119.11764705882354}","{'height': 480, 'width': 854, 'mime_type': 'video/mp4'}",FpXbeLZWFSw,https://www.youtube.com/watch?v=FpXbeLZWFSw
cljwcvfg5002w3n6lo9eg0k8w,11386,front,,Abnormal Gait,stroke,"{'top': 65.80392156862744, 'left': 278.01960784313724, 'height': 269.9019607843137, 'width': 119.35294117647061}","{'height': 480, 'width': 854, 'mime_type': 'video/mp4'}",FpXbeLZWFSw,https://www.youtube.com/watch?v=FpXbeLZWFSw
cljwcvfg5002w3n6lo9eg0k8w,11387,front,,Abnormal Gait,stroke,"{'top': 65.7843137254902, 'left': 277.921568627451, 'height': 270.3921568627451, 'width': 119.58823529411762}","{'height': 480, 'width': 854, 'mime_type': 'video/mp4'}",FpXbeLZWFSw,https://www.youtube.com/watch?v=FpXbeLZWFSw
cljwcvfg5002w3n6lo9eg0k8w,11388,front,,Abnormal Gait,stroke,"{'top': 65.76470588235294, 'left': 277.8235294117647, 'height': 270.88235294117646, 'width': 119.8235294117647}","{'height': 480, 'width': 854, 'mime_type': 'video/mp4'}",FpXbeLZWFSw,https://www.youtube.com/watch?v=FpXbeLZWFSw
cljwcvfg5002w3n6lo9eg0k8w,11389,front,,Abnormal Gait,stroke,"{'top': 65.74509803921569, 'left': 277.72549019607845, 'height': 271.37254901960785, 'width': 120.05882352941177}","{'height': 480, 'width': 854, 'mime_type': 'video/mp4'}",FpXbeLZWFSw,https://www.youtube.com/watch?v=FpXbeLZWFSw
cljwcvfg5002w3n6lo9eg0k8w,11390,front,,Abnormal Gait,stroke,"{'top': 65.72549019607843, 'left': 277.62745098039215, 'height': 271.8627450980392, 'width': 120.29411764705884}","{'height': 480, 'width': 854, 'mime_type': 'video/mp4'}",FpXbeLZWFSw,https://www.youtube.com/watch?v=FpXbeLZWFSw
cljwcvfg5002w3n6lo9eg0k8w,11391,front,,Abnormal Gait,stroke,"{'top': 65.70588235294117, 'left': 277.52941176470586, 'height': 272.3529411764706, 'width': 120.52941176470591}","{'height': 480, 'width': 854, 'mime_type': 'video/mp4'}",FpXbeLZWFSw,https://www.youtube.com/watch?v=FpXbeLZWFSw
cljwcvfg5002w3n6lo9eg0k8w,11392,front,,Abnormal Gait,stroke,"{'top': 65.68627450980392, 'left': 277.4313725490196, 'height': 272.84313725490193, 'width': 120.76470588235293}","{'height': 480, 'width': 854, 'mime_type': 'video/mp4'}",FpXbeLZWFSw,https://www.youtube.com/watch?v=FpXbeLZWFSw
cljwcvfg5002w3n6lo9eg0k8w,11393,front,,Abnormal Gait,stroke,"{'top': 65.66666666666667, 'left': 277.3333333333333, 'height': 273.3333333333333, 'width': 121.0}","{'height': 480, 'width': 854, 'mime_type': 'video/mp4'}",FpXbeLZWFSw,https://www.youtube.com/watch?v=FpXbeLZWFSw
cljwcvfg5002w3n6lo9eg0k8w,11394,front,,Abnormal Gait,stroke,"{'top': 65.6470588235294, 'left': 277.2352941176471, 'height': 273.82352941176475, 'width': 121.23529411764707}","{'height': 480, 'width': 854, 'mime_type': 'video/mp4'}",FpXbeLZWFSw,https://www.youtube.com/watch?v=FpXbeLZWFSw
cljwcvfg5002w3n6lo9eg0k8w,11395,front,,Abnormal Gait,stroke,"{'top': 65.62745098039215, 'left': 277.1372549019608, 'height': 274.3137254901961, 'width': 121.47058823529414}","{'height': 480, 'width': 854, 'mime_type': 'video/mp4'}",FpXbeLZWFSw,https://www.youtube.com/watch?v=FpXbeLZWFSw
cljwcvfg5002w3n6lo9eg0k8w,11396,front,,Abnormal Gait,stroke,"{'top': 65.6078431372549, 'left': 277.03921568627453, 'height': 274.80392156862746, 'width': 121.70588235294116}","{'height': 480, 'width': 854, 'mime_type': 'video/mp4'}",FpXbeLZWFSw,https://www.youtube.com/watch?v=FpXbeLZWFSw
cljwcvfg5002w3n6lo9eg0k8w,11397,front,,Abnormal Gait,stroke,"{'top': 65.58823529411765, 'left': 276.94117647058823, 'height': 275.2941176470588, 'width': 121.94117647058823}","{'height': 480, 'width': 854, 'mime_type': 'video/mp4'}",FpXbeLZWFSw,https://www.youtube.com/watch?v=FpXbeLZWFSw
cljwcvfg5002w3n6lo9eg0k8w,11398,front,,Abnormal Gait,stroke,"{'top': 65.56862745098039, 'left': 276.84313725490193, 'height': 275.7843137254902, 'width': 122.1764705882353}","{'height': 480, 'width': 854, 'mime_type': 'video/mp4'}",FpXbeLZWFSw,https://www.youtube.com/watch?v=FpXbeLZWFSw
cljwcvfg5002w3n6lo9eg0k8w,11399,front,,Abnormal Gait,stroke,"{'top': 65.54901960784314, 'left': 276.7450980392157, 'height': 276.27450980392155, 'width': 122.41176470588238}","{'height': 480, 'width': 854, 'mime_type': 'video/mp4'}",FpXbeLZWFSw,https://www.youtube.com/watch?v=FpXbeLZWFSw
cljwcvfg5002w3n6lo9eg0k8w,11400,front,,Abnormal Gait,stroke,"{'top': 65.52941176470588, 'left': 276.6470588235294, 'height': 276.7647058823529, 'width': 122.64705882352945}","{'height': 480, 'width': 854, 'mime_type': 'video/mp4'}",FpXbeLZWFSw,https://www.youtube.com/watch?v=FpXbeLZWFSw
cljwcvfg5002w3n6lo9eg0k8w,11401,front,,Abnormal Gait,stroke,"{'top': 65.50980392156863, 'left': 276.54901960784315, 'height': 277.2549019607843, 'width': 122.88235294117646}","{'height': 480, 'width': 854, 'mime_type': 'video/mp4'}",FpXbeLZWFSw,https://www.youtube.com/watch?v=FpXbeLZWFSw
cljwcvfg5002w3n6lo9eg0k8w,11402,front,,Abnormal Gait,stroke,"{'top': 65.49019607843137, 'left': 276.45098039215685, 'height': 277.7450980392157, 'width': 123.11764705882354}","{'height': 480, 'width': 854, 'mime_type': 'video/mp4'}",FpXbeLZWFSw,https://www.youtube.com/watch?v=FpXbeLZWFSw
cljwcvfg5002w3n6lo9eg0k8w,11403,front,,Abnormal Gait,stroke,"{'top': 65.47058823529412, 'left': 276.3529411764706, 'height': 278.2352941176471, 'width': 123.35294117647055}","{'height': 480, 'width': 854, 'mime_type': 'video/mp4'}",FpXbeLZWFSw,https://www.youtube.com/watch?v=FpXbeLZWFSw
cljwcvfg5002w3n6lo9eg0k8w,11404,front,,Abnormal Gait,stroke,"{'top': 65.45098039215686, 'left': 276.2549019607843, 'height': 278.72549019607845, 'width': 123.58823529411768}","{'height': 480, 'width': 854, 'mime_type': 'video/mp4'}",FpXbeLZWFSw,https://www.youtube.com/watch?v=FpXbeLZWFSw
cljwcvfg5002w3n6lo9eg0k8w,11405,front,,Abnormal Gait,stroke,"{'top': 65.43137254901961, 'left': 276.15686274509807, 'height': 279.2156862745098, 'width': 123.8235294117647}","{'height': 480, 'width': 854, 'mime_type': 'video/mp4'}",FpXbeLZWFSw,https://www.youtube.com/watch?v=FpXbeLZWFSw
cljwcvfg5002w3n6lo9eg0k8w,11406,front,,Abnormal Gait,stroke,"{'top': 65.41176470588235, 'left': 276.05882352941177, 'height': 279.7058823529412, 'width': 124.05882352941177}","{'height': 480, 'width': 854, 'mime_type': 'video/mp4'}",FpXbeLZWFSw,https://www.youtube.com/watch?v=FpXbeLZWFSw
cljwcvfg5002w3n6lo9eg0k8w,11407,front,,Abnormal Gait,stroke,"{'top': 65.3921568627451, 'left': 275.96078431372547, 'height': 280.19607843137254, 'width': 124.29411764705884}","{'height': 480, 'width': 854, 'mime_type': 'video/mp4'}",FpXbeLZWFSw,https://www.youtube.com/watch?v=FpXbeLZWFSw
cljwcvfg5002w3n6lo9eg0k8w,11408,front,,Abnormal Gait,stroke,"{'top': 65.37254901960785, 'left': 275.8627450980392, 'height': 280.6862745098039, 'width': 124.52941176470586}","{'height': 480, 'width': 854, 'mime_type': 'video/mp4'}",FpXbeLZWFSw,https://www.youtube.com/watch?v=FpXbeLZWFSw
cljwcvfg5002w3n6lo9eg0k8w,11409,front,,Abnormal Gait,stroke,"{'top': 65.3529411764706, 'left': 275.7647058823529, 'height': 281.17647058823525, 'width': 124.76470588235293}","{'height': 480, 'width': 854, 'mime_type': 'video/mp4'}",FpXbeLZWFSw,https://www.youtube.com/watch?v=FpXbeLZWFSw
cljwcvfg5002w3n6lo9eg0k8w,11410,front,,Abnormal Gait,stroke,"{'top': 65.33333333333333, 'left': 275.6666666666667, 'height': 281.6666666666667, 'width': 125.0}","{'height': 480, 'width': 854, 'mime_type': 'video/mp4'}",FpXbeLZWFSw,https://www.youtube.com/watch?v=FpXbeLZWFSw
cljwcvfg5002w3n6lo9eg0k8w,11411,front,,Abnormal Gait,stroke,"{'top': 65.31372549019608, 'left': 275.5686274509804, 'height': 282.15686274509807, 'width': 125.23529411764707}","{'height': 480, 'width': 854, 'mime_type': 'video/mp4'}",FpXbeLZWFSw,https://www.youtube.com/watch?v=FpXbeLZWFSw
cljwcvfg5002w3n6lo9eg0k8w,11412,front,,Abnormal Gait,stroke,"{'top': 65.29411764705883, 'left': 275.47058823529414, 'height': 282.6470588235294, 'width': 125.47058823529409}","{'height': 480, 'width': 854, 'mime_type': 'video/mp4'}",FpXbeLZWFSw,https://www.youtube.com/watch?v=FpXbeLZWFSw
cljwcvfg5002w3n6lo9eg0k8w,11413,front,,Abnormal Gait,stroke,"{'top': 65.27450980392157, 'left': 275.37254901960785, 'height': 283.1372549019608, 'width': 125.70588235294116}","{'height': 480, 'width': 854, 'mime_type': 'video/mp4'}",FpXbeLZWFSw,https://www.youtube.com/watch?v=FpXbeLZWFSw
cljwcvfg5002w3n6lo9eg0k8w,11414,front,,Abnormal Gait,stroke,"{'top': 65.25490196078431, 'left': 275.27450980392155, 'height': 283.62745098039215, 'width': 125.94117647058823}","{'height': 480, 'width': 854, 'mime_type': 'video/mp4'}",FpXbeLZWFSw,https://www.youtube.com/watch?v=FpXbeLZWFSw
cljwcvfg5002w3n6lo9eg0k8w,11415,front,,Abnormal Gait,stroke,"{'top': 65.23529411764706, 'left': 275.1764705882353, 'height': 284.11764705882354, 'width': 126.1764705882353}","{'height': 480, 'width': 854, 'mime_type': 'video/mp4'}",FpXbeLZWFSw,https://www.youtube.com/watch?v=FpXbeLZWFSw
cljwcvfg5002w3n6lo9eg0k8w,11416,front,,Abnormal Gait,stroke,"{'top': 65.2156862745098, 'left': 275.078431372549, 'height': 284.6078431372549, 'width': 126.41176470588238}","{'height': 480, 'width': 854, 'mime_type': 'video/mp4'}",FpXbeLZWFSw,https://www.youtube.com/watch?v=FpXbeLZWFSw
cljwcvfg5002w3n6lo9eg0k8w,11417,front,,Abnormal Gait,stroke,"{'top': 65.19607843137256, 'left': 274.98039215686276, 'height': 285.0980392156863, 'width': 126.64705882352939}","{'height': 480, 'width': 854, 'mime_type': 'video/mp4'}",FpXbeLZWFSw,https://www.youtube.com/watch?v=FpXbeLZWFSw
cljwcvfg5002w3n6lo9eg0k8w,11418,front,,Abnormal Gait,stroke,"{'top': 65.17647058823529, 'left': 274.88235294117646, 'height': 285.5882352941176, 'width': 126.88235294117646}","{'height': 480, 'width': 854, 'mime_type': 'video/mp4'}",FpXbeLZWFSw,https://www.youtube.com/watch?v=FpXbeLZWFSw
cljwcvfg5002w3n6lo9eg0k8w,11419,front,,Abnormal Gait,stroke,"{'top': 65.15686274509804, 'left': 274.7843137254902, 'height': 286.07843137254906, 'width': 127.11764705882348}","{'height': 480, 'width': 854, 'mime_type': 'video/mp4'}",FpXbeLZWFSw,https://www.youtube.com/watch?v=FpXbeLZWFSw
cljwcvfg5002w3n6lo9eg0k8w,11420,front,,Abnormal Gait,stroke,"{'top': 65.13725490196079, 'left': 274.6862745098039, 'height': 286.5686274509804, 'width': 127.35294117647061}","{'height': 480, 'width': 854, 'mime_type': 'video/mp4'}",FpXbeLZWFSw,https://www.youtube.com/watch?v=FpXbeLZWFSw
cljwcvfg5002w3n6lo9eg0k8w,11421,front,,Abnormal Gait,stroke,"{'top': 65.11764705882354, 'left': 274.5882352941176, 'height': 287.05882352941177, 'width': 127.58823529411768}","{'height': 480, 'width': 854, 'mime_type': 'video/mp4'}",FpXbeLZWFSw,https://www.youtube.com/watch?v=FpXbeLZWFSw
cljwcvfg5002w3n6lo9eg0k8w,11422,front,,Abnormal Gait,stroke,"{'top': 65.09803921568627, 'left': 274.4901960784314, 'height': 287.5490196078431, 'width': 127.8235294117647}","{'height': 480, 'width': 854, 'mime_type': 'video/mp4'}",FpXbeLZWFSw,https://www.youtube.com/watch?v=FpXbeLZWFSw
cljwcvfg5002w3n6lo9eg0k8w,11423,front,,Abnormal Gait,stroke,"{'top': 65.07843137254902, 'left': 274.3921568627451, 'height': 288.03921568627453, 'width': 128.05882352941177}","{'height': 480, 'width': 854, 'mime_type': 'video/mp4'}",FpXbeLZWFSw,https://www.youtube.com/watch?v=FpXbeLZWFSw
cljwcvfg5002w3n6lo9eg0k8w,11424,front,,Abnormal Gait,stroke,"{'top': 65.05882352941177, 'left': 274.29411764705884, 'height': 288.52941176470586, 'width': 128.29411764705878}","{'height': 480, 'width': 854, 'mime_type': 'video/mp4'}",FpXbeLZWFSw,https://www.youtube.com/watch?v=FpXbeLZWFSw
cljwcvfg5002w3n6lo9eg0k8w,11425,front,,Abnormal Gait,stroke,"{'top': 65.03921568627452, 'left': 274.19607843137254, 'height': 289.01960784313724, 'width': 128.5294117647059}","{'height': 480, 'width': 854, 'mime_type': 'video/mp4'}",FpXbeLZWFSw,https://www.youtube.com/watch?v=FpXbeLZWFSw
cljwcvfg5002w3n6lo9eg0k8w,11426,front,,Abnormal Gait,stroke,"{'top': 65.01960784313725, 'left': 274.0980392156863, 'height': 289.5098039215686, 'width': 128.76470588235293}","{'height': 480, 'width': 854, 'mime_type': 'video/mp4'}",FpXbeLZWFSw,https://www.youtube.com/watch?v=FpXbeLZWFSw
cljwcvfg5002w3n6lo9eg0k8w,11427,front,,Abnormal Gait,stroke,"{'top': 65.0, 'left': 274.0, 'height': 290.0, 'width': 129.0}","{'height': 480, 'width': 854, 'mime_type': 'video/mp4'}",FpXbeLZWFSw,https://www.youtube.com/watch?v=FpXbeLZWFSw
cljwcvfg5002w3n6lo9eg0k8w,11428,front,,Abnormal Gait,stroke,"{'top': 65.0, 'left': 272.2608695652174, 'height': 290.82608695652175, 'width': 130.6521739130435}","{'height': 480, 'width': 854, 'mime_type': 'video/mp4'}",FpXbeLZWFSw,https://www.youtube.com/watch?v=FpXbeLZWFSw
cljwcvfg5002w3n6lo9eg0k8w,11429,front,,Abnormal Gait,stroke,"{'top': 65.0, 'left': 270.5217391304348, 'height': 291.6521739130435, 'width': 132.30434782608694}","{'height': 480, 'width': 854, 'mime_type': 'video/mp4'}",FpXbeLZWFSw,https://www.youtube.com/watch?v=FpXbeLZWFSw
cljwcvfg5002w3n6lo9eg0k8w,11430,front,,Abnormal Gait,stroke,"{'top': 65.0, 'left': 268.7826086956522, 'height': 292.4782608695652, 'width': 133.95652173913044}","{'height': 480, 'width': 854, 'mime_type': 'video/mp4'}",FpXbeLZWFSw,https://www.youtube.com/watch?v=FpXbeLZWFSw
cljwcvfg5002w3n6lo9eg0k8w,11431,front,,Abnormal Gait,stroke,"{'top': 65.0, 'left': 267.04347826086956, 'height': 293.30434782608694, 'width': 135.60869565217394}","{'height': 480, 'width': 854, 'mime_type': 'video/mp4'}",FpXbeLZWFSw,https://www.youtube.com/watch?v=FpXbeLZWFSw
cljwcvfg5002w3n6lo9eg0k8w,11432,front,,Abnormal Gait,stroke,"{'top': 65.0, 'left': 265.30434782608694, 'height': 294.1304347826087, 'width': 137.26086956521743}","{'height': 480, 'width': 854, 'mime_type': 'video/mp4'}",FpXbeLZWFSw,https://www.youtube.com/watch?v=FpXbeLZWFSw
cljwcvfg5002w3n6lo9eg0k8w,11433,front,,Abnormal Gait,stroke,"{'top': 65.0, 'left': 263.5652173913044, 'height': 294.95652173913044, 'width': 138.91304347826082}","{'height': 480, 'width': 854, 'mime_type': 'video/mp4'}",FpXbeLZWFSw,https://www.youtube.com/watch?v=FpXbeLZWFSw
cljwcvfg5002w3n6lo9eg0k8w,11434,front,,Abnormal Gait,stroke,"{'top': 65.0, 'left': 261.82608695652175, 'height': 295.7826086956522, 'width': 140.56521739130432}","{'height': 480, 'width': 854, 'mime_type': 'video/mp4'}",FpXbeLZWFSw,https://www.youtube.com/watch?v=FpXbeLZWFSw
cljwcvfg5002w3n6lo9eg0k8w,11435,front,,Abnormal Gait,stroke,"{'top': 65.0, 'left': 260.0869565217391, 'height': 296.60869565217394, 'width': 142.2173913043478}","{'height': 480, 'width': 854, 'mime_type': 'video/mp4'}",FpXbeLZWFSw,https://www.youtube.com/watch?v=FpXbeLZWFSw
cljwcvfg5002w3n6lo9eg0k8w,11436,front,,Abnormal Gait,stroke,"{'top': 65.0, 'left': 258.3478260869565, 'height': 297.4347826086956, 'width': 143.8695652173913}","{'height': 480, 'width': 854, 'mime_type': 'video/mp4'}",FpXbeLZWFSw,https://www.youtube.com/watch?v=FpXbeLZWFSw
cljwcvfg5002w3n6lo9eg0k8w,11437,front,,Abnormal Gait,stroke,"{'top': 65.0, 'left': 256.60869565217394, 'height': 298.2608695652174, 'width': 145.52173913043475}","{'height': 480, 'width': 854, 'mime_type': 'video/mp4'}",FpXbeLZWFSw,https://www.youtube.com/watch?v=FpXbeLZWFSw
cljwcvfg5002w3n6lo9eg0k8w,11438,front,,Abnormal Gait,stroke,"{'top': 65.0, 'left': 254.8695652173913, 'height': 299.0869565217391, 'width': 147.17391304347825}","{'height': 480, 'width': 854, 'mime_type': 'video/mp4'}",FpXbeLZWFSw,https://www.youtube.com/watch?v=FpXbeLZWFSw
cljwcvfg5002w3n6lo9eg0k8w,11439,front,,Abnormal Gait,stroke,"{'top': 65.0, 'left': 253.1304347826087, 'height': 299.9130434782609, 'width': 148.82608695652175}","{'height': 480, 'width': 854, 'mime_type': 'video/mp4'}",FpXbeLZWFSw,https://www.youtube.com/watch?v=FpXbeLZWFSw
cljwcvfg5002w3n6lo9eg0k8w,11440,front,,Abnormal Gait,stroke,"{'top': 65.0, 'left': 251.3913043478261, 'height': 300.7391304347826, 'width': 150.47826086956522}","{'height': 480, 'width': 854, 'mime_type': 'video/mp4'}",FpXbeLZWFSw,https://www.youtube.com/watch?v=FpXbeLZWFSw
cljwcvfg5002w3n6lo9eg0k8w,11441,front,,Abnormal Gait,stroke,"{'top': 65.0, 'left': 249.65217391304347, 'height': 301.5652173913044, 'width': 152.13043478260872}","{'height': 480, 'width': 854, 'mime_type': 'video/mp4'}",FpXbeLZWFSw,https://www.youtube.com/watch?v=FpXbeLZWFSw
cljwcvfg5002w3n6lo9eg0k8w,11442,front,,Abnormal Gait,stroke,"{'top': 65.0, 'left': 247.91304347826087, 'height': 302.39130434782606, 'width': 153.7826086956522}","{'height': 480, 'width': 854, 'mime_type': 'video/mp4'}",FpXbeLZWFSw,https://www.youtube.com/watch?v=FpXbeLZWFSw
cljwcvfg5002w3n6lo9eg0k8w,11443,front,,Abnormal Gait,stroke,"{'top': 65.0, 'left': 246.17391304347825, 'height': 303.2173913043478, 'width': 155.43478260869568}","{'height': 480, 'width': 854, 'mime_type': 'video/mp4'}",FpXbeLZWFSw,https://www.youtube.com/watch?v=FpXbeLZWFSw
cljwcvfg5002w3n6lo9eg0k8w,11444,front,,Abnormal Gait,stroke,"{'top': 65.0, 'left': 244.43478260869566, 'height': 304.04347826086956, 'width': 157.08695652173915}","{'height': 480, 'width': 854, 'mime_type': 'video/mp4'}",FpXbeLZWFSw,https://www.youtube.com/watch?v=FpXbeLZWFSw
cljwcvfg5002w3n6lo9eg0k8w,11445,front,,Abnormal Gait,stroke,"{'top': 65.0, 'left': 242.69565217391303, 'height': 304.8695652173913, 'width': 158.7391304347826}","{'height': 480, 'width': 854, 'mime_type': 'video/mp4'}",FpXbeLZWFSw,https://www.youtube.com/watch?v=FpXbeLZWFSw
cljwcvfg5002w3n6lo9eg0k8w,11446,front,,Abnormal Gait,stroke,"{'top': 65.0, 'left': 240.95652173913044, 'height': 305.69565217391306, 'width': 160.39130434782606}","{'height': 480, 'width': 854, 'mime_type': 'video/mp4'}",FpXbeLZWFSw,https://www.youtube.com/watch?v=FpXbeLZWFSw
cljwcvfg5002w3n6lo9eg0k8w,11447,front,,Abnormal Gait,stroke,"{'top': 65.0, 'left': 239.2173913043478, 'height': 306.52173913043475, 'width': 162.04347826086956}","{'height': 480, 'width': 854, 'mime_type': 'video/mp4'}",FpXbeLZWFSw,https://www.youtube.com/watch?v=FpXbeLZWFSw
cljwcvfg5002w3n6lo9eg0k8w,11448,front,,Abnormal Gait,stroke,"{'top': 65.0, 'left': 237.47826086956522, 'height': 307.3478260869565, 'width': 163.69565217391303}","{'height': 480, 'width': 854, 'mime_type': 'video/mp4'}",FpXbeLZWFSw,https://www.youtube.com/watch?v=FpXbeLZWFSw
cljwcvfg5002w3n6lo9eg0k8w,11449,front,,Abnormal Gait,stroke,"{'top': 65.0, 'left': 235.73913043478262, 'height': 308.17391304347825, 'width': 165.3478260869565}","{'height': 480, 'width': 854, 'mime_type': 'video/mp4'}",FpXbeLZWFSw,https://www.youtube.com/watch?v=FpXbeLZWFSw
cljwcvfg5002w3n6lo9eg0k8w,11450,front,,Abnormal Gait,stroke,"{'top': 65.0, 'left': 234.0, 'height': 309.0, 'width': 167.0}","{'height': 480, 'width': 854, 'mime_type': 'video/mp4'}",FpXbeLZWFSw,https://www.youtube.com/watch?v=FpXbeLZWFSw
cljwcvfg5002w3n6lo9eg0k8w,11451,front,,Abnormal Gait,stroke,"{'top': 64.72340425531915, 'left': 233.08510638297872, 'height': 308.9574468085106, 'width': 166.95744680851067}","{'height': 480, 'width': 854, 'mime_type': 'video/mp4'}",FpXbeLZWFSw,https://www.youtube.com/watch?v=FpXbeLZWFSw
cljwcvfg5002w3n6lo9eg0k8w,11452,front,,Abnormal Gait,stroke,"{'top': 64.44680851063829, 'left': 232.17021276595744, 'height': 308.9148936170213, 'width': 166.91489361702128}","{'height': 480, 'width': 854, 'mime_type': 'video/mp4'}",FpXbeLZWFSw,https://www.youtube.com/watch?v=FpXbeLZWFSw
cljwcvfg5002w3n6lo9eg0k8w,11453,front,,Abnormal Gait,stroke,"{'top': 64.17021276595744, 'left': 231.25531914893617, 'height': 308.87234042553195, 'width': 166.87234042553195}","{'height': 480, 'width': 854, 'mime_type': 'video/mp4'}",FpXbeLZWFSw,https://www.youtube.com/watch?v=FpXbeLZWFSw
cljwcvfg5002w3n6lo9eg0k8w,11454,front,,Abnormal Gait,stroke,"{'top': 63.8936170212766, 'left': 230.3404255319149, 'height': 308.82978723404256, 'width': 166.82978723404256}","{'height': 480, 'width': 854, 'mime_type': 'video/mp4'}",FpXbeLZWFSw,https://www.youtube.com/watch?v=FpXbeLZWFSw
cljwcvfg5002w3n6lo9eg0k8w,11455,front,,Abnormal Gait,stroke,"{'top': 63.61702127659574, 'left': 229.4255319148936, 'height': 308.7872340425532, 'width': 166.78723404255322}","{'height': 480, 'width': 854, 'mime_type': 'video/mp4'}",FpXbeLZWFSw,https://www.youtube.com/watch?v=FpXbeLZWFSw
cljwcvfg5002w3n6lo9eg0k8w,11456,front,,Abnormal Gait,stroke,"{'top': 63.340425531914896, 'left': 228.51063829787233, 'height': 308.74468085106383, 'width': 166.74468085106383}","{'height': 480, 'width': 854, 'mime_type': 'video/mp4'}",FpXbeLZWFSw,https://www.youtube.com/watch?v=FpXbeLZWFSw
cljwcvfg5002w3n6lo9eg0k8w,11457,front,,Abnormal Gait,stroke,"{'top': 63.06382978723404, 'left': 227.59574468085106, 'height': 308.70212765957444, 'width': 166.7021276595745}","{'height': 480, 'width': 854, 'mime_type': 'video/mp4'}",FpXbeLZWFSw,https://www.youtube.com/watch?v=FpXbeLZWFSw
cljwcvfg5002w3n6lo9eg0k8w,11458,front,,Abnormal Gait,stroke,"{'top': 62.787234042553195, 'left': 226.68085106382978, 'height': 308.6595744680851, 'width': 166.6595744680851}","{'height': 480, 'width': 854, 'mime_type': 'video/mp4'}",FpXbeLZWFSw,https://www.youtube.com/watch?v=FpXbeLZWFSw
cljwcvfg5002w3n6lo9eg0k8w,11459,front,,Abnormal Gait,stroke,"{'top': 62.51063829787234, 'left': 225.7659574468085, 'height': 308.6170212765958, 'width': 166.61702127659578}","{'height': 480, 'width': 854, 'mime_type': 'video/mp4'}",FpXbeLZWFSw,https://www.youtube.com/watch?v=FpXbeLZWFSw
cljwcvfg5002w3n6lo9eg0k8w,11460,front,,Abnormal Gait,stroke,"{'top': 62.234042553191486, 'left': 224.85106382978722, 'height': 308.5744680851064, 'width': 166.5744680851064}","{'height': 480, 'width': 854, 'mime_type': 'video/mp4'}",FpXbeLZWFSw,https://www.youtube.com/watch?v=FpXbeLZWFSw
cljwcvfg5002w3n6lo9eg0k8w,11461,front,,Abnormal Gait,stroke,"{'top': 61.95744680851064, 'left': 223.93617021276594, 'height': 308.531914893617, 'width': 166.53191489361706}","{'height': 480, 'width': 854, 'mime_type': 'video/mp4'}",FpXbeLZWFSw,https://www.youtube.com/watch?v=FpXbeLZWFSw
cljwcvfg5002w3n6lo9eg0k8w,11462,front,,Abnormal Gait,stroke,"{'top': 61.680851063829785, 'left': 223.0212765957447, 'height': 308.48936170212767, 'width': 166.48936170212764}","{'height': 480, 'width': 854, 'mime_type': 'video/mp4'}",FpXbeLZWFSw,https://www.youtube.com/watch?v=FpXbeLZWFSw
cljwcvfg5002w3n6lo9eg0k8w,11463,front,,Abnormal Gait,stroke,"{'top': 61.40425531914894, 'left': 222.10638297872342, 'height': 308.4468085106383, 'width': 166.4468085106383}","{'height': 480, 'width': 854, 'mime_type': 'video/mp4'}",FpXbeLZWFSw,https://www.youtube.com/watch?v=FpXbeLZWFSw
cljwcvfg5002w3n6lo9eg0k8w,11464,front,,Abnormal Gait,stroke,"{'top': 61.12765957446808, 'left': 221.19148936170214, 'height': 308.4042553191489, 'width': 166.40425531914892}","{'height': 480, 'width': 854, 'mime_type': 'video/mp4'}",FpXbeLZWFSw,https://www.youtube.com/watch?v=FpXbeLZWFSw
cljwcvfg5002w3n6lo9eg0k8w,11465,front,,Abnormal Gait,stroke,"{'top': 60.851063829787236, 'left': 220.27659574468086, 'height': 308.3617021276596, 'width': 166.36170212765958}","{'height': 480, 'width': 854, 'mime_type': 'video/mp4'}",FpXbeLZWFSw,https://www.youtube.com/watch?v=FpXbeLZWFSw
cljwcvfg5002w3n6lo9eg0k8w,11466,front,,Abnormal Gait,stroke,"{'top': 60.57446808510638, 'left': 219.36170212765958, 'height': 308.3191489361702, 'width': 166.3191489361702}","{'height': 480, 'width': 854, 'mime_type': 'video/mp4'}",FpXbeLZWFSw,https://www.youtube.com/watch?v=FpXbeLZWFSw
cljwcvfg5002w3n6lo9eg0k8w,11467,front,,Abnormal Gait,stroke,"{'top': 60.29787234042553, 'left': 218.4468085106383, 'height': 308.2765957446809, 'width': 166.27659574468086}","{'height': 480, 'width': 854, 'mime_type': 'video/mp4'}",FpXbeLZWFSw,https://www.youtube.com/watch?v=FpXbeLZWFSw
cljwcvfg5002w3n6lo9eg0k8w,11468,front,,Abnormal Gait,stroke,"{'top': 60.02127659574468, 'left': 217.53191489361703, 'height': 308.2340425531915, 'width': 166.23404255319147}","{'height': 480, 'width': 854, 'mime_type': 'video/mp4'}",FpXbeLZWFSw,https://www.youtube.com/watch?v=FpXbeLZWFSw
cljwcvfg5002w3n6lo9eg0k8w,11469,front,,Abnormal Gait,stroke,"{'top': 59.74468085106383, 'left': 216.61702127659575, 'height': 308.1914893617021, 'width': 166.19148936170214}","{'height': 480, 'width': 854, 'mime_type': 'video/mp4'}",FpXbeLZWFSw,https://www.youtube.com/watch?v=FpXbeLZWFSw
cljwcvfg5002w3n6lo9eg0k8w,11470,front,,Abnormal Gait,stroke,"{'top': 59.46808510638298, 'left': 215.70212765957447, 'height': 308.1489361702127, 'width': 166.14893617021275}","{'height': 480, 'width': 854, 'mime_type': 'video/mp4'}",FpXbeLZWFSw,https://www.youtube.com/watch?v=FpXbeLZWFSw
cljwcvfg5002w3n6lo9eg0k8w,11471,front,,Abnormal Gait,stroke,"{'top': 59.191489361702125, 'left': 214.7872340425532, 'height': 308.10638297872345, 'width': 166.10638297872342}","{'height': 480, 'width': 854, 'mime_type': 'video/mp4'}",FpXbeLZWFSw,https://www.youtube.com/watch?v=FpXbeLZWFSw
cljwcvfg5002w3n6lo9eg0k8w,11472,front,,Abnormal Gait,stroke,"{'top': 58.91489361702128, 'left': 213.87234042553192, 'height': 308.06382978723406, 'width': 166.06382978723403}","{'height': 480, 'width': 854, 'mime_type': 'video/mp4'}",FpXbeLZWFSw,https://www.youtube.com/watch?v=FpXbeLZWFSw
cljwcvfg5002w3n6lo9eg0k8w,11473,front,,Abnormal Gait,stroke,"{'top': 58.638297872340424, 'left': 212.95744680851064, 'height': 308.02127659574467, 'width': 166.0212765957447}","{'height': 480, 'width': 854, 'mime_type': 'video/mp4'}",FpXbeLZWFSw,https://www.youtube.com/watch?v=FpXbeLZWFSw
cljwcvfg5002w3n6lo9eg0k8w,11474,front,,Abnormal Gait,stroke,"{'top': 58.361702127659576, 'left': 212.04255319148936, 'height': 307.97872340425533, 'width': 165.9787234042553}","{'height': 480, 'width': 854, 'mime_type': 'video/mp4'}",FpXbeLZWFSw,https://www.youtube.com/watch?v=FpXbeLZWFSw
cljwcvfg5002w3n6lo9eg0k8w,11475,front,,Abnormal Gait,stroke,"{'top': 58.08510638297872, 'left': 211.12765957446808, 'height': 307.93617021276594, 'width': 165.93617021276597}","{'height': 480, 'width': 854, 'mime_type': 'video/mp4'}",FpXbeLZWFSw,https://www.youtube.com/watch?v=FpXbeLZWFSw
cljwcvfg5002w3n6lo9eg0k8w,11476,front,,Abnormal Gait,stroke,"{'top': 57.808510638297875, 'left': 210.2127659574468, 'height': 307.89361702127655, 'width': 165.89361702127658}","{'height': 480, 'width': 854, 'mime_type': 'video/mp4'}",FpXbeLZWFSw,https://www.youtube.com/watch?v=FpXbeLZWFSw
cljwcvfg5002w3n6lo9eg0k8w,11477,front,,Abnormal Gait,stroke,"{'top': 57.53191489361702, 'left': 209.29787234042553, 'height': 307.8510638297873, 'width': 165.85106382978725}","{'height': 480, 'width': 854, 'mime_type': 'video/mp4'}",FpXbeLZWFSw,https://www.youtube.com/watch?v=FpXbeLZWFSw
cljwcvfg5002w3n6lo9eg0k8w,11478,front,,Abnormal Gait,stroke,"{'top': 57.25531914893617, 'left': 208.38297872340425, 'height': 307.8085106382979, 'width': 165.80851063829786}","{'height': 480, 'width': 854, 'mime_type': 'video/mp4'}",FpXbeLZWFSw,https://www.youtube.com/watch?v=FpXbeLZWFSw
cljwcvfg5002w3n6lo9eg0k8w,11479,front,,Abnormal Gait,stroke,"{'top': 56.97872340425532, 'left': 207.46808510638297, 'height': 307.7659574468085, 'width': 165.76595744680853}","{'height': 480, 'width': 854, 'mime_type': 'video/mp4'}",FpXbeLZWFSw,https://www.youtube.com/watch?v=FpXbeLZWFSw
cljwcvfg5002w3n6lo9eg0k8w,11480,front,,Abnormal Gait,stroke,"{'top': 56.702127659574465, 'left': 206.5531914893617, 'height': 307.72340425531917, 'width': 165.72340425531914}","{'height': 480, 'width': 854, 'mime_type': 'video/mp4'}",FpXbeLZWFSw,https://www.youtube.com/watch?v=FpXbeLZWFSw
cljwcvfg5002w3n6lo9eg0k8w,11481,front,,Abnormal Gait,stroke,"{'top': 56.42553191489362, 'left': 205.63829787234042, 'height': 307.6808510638298, 'width': 165.6808510638298}","{'height': 480, 'width': 854, 'mime_type': 'video/mp4'}",FpXbeLZWFSw,https://www.youtube.com/watch?v=FpXbeLZWFSw
cljwcvfg5002w3n6lo9eg0k8w,11482,front,,Abnormal Gait,stroke,"{'top': 56.148936170212764, 'left': 204.72340425531914, 'height': 307.6382978723404, 'width': 165.63829787234042}","{'height': 480, 'width': 854, 'mime_type': 'video/mp4'}",FpXbeLZWFSw,https://www.youtube.com/watch?v=FpXbeLZWFSw
cljwcvfg5002w3n6lo9eg0k8w,11483,front,,Abnormal Gait,stroke,"{'top': 55.87234042553192, 'left': 203.80851063829786, 'height': 307.5957446808511, 'width': 165.59574468085108}","{'height': 480, 'width': 854, 'mime_type': 'video/mp4'}",FpXbeLZWFSw,https://www.youtube.com/watch?v=FpXbeLZWFSw
cljwcvfg5002w3n6lo9eg0k8w,11484,front,,Abnormal Gait,stroke,"{'top': 55.59574468085106, 'left': 202.89361702127658, 'height': 307.5531914893617, 'width': 165.5531914893617}","{'height': 480, 'width': 854, 'mime_type': 'video/mp4'}",FpXbeLZWFSw,https://www.youtube.com/watch?v=FpXbeLZWFSw
cljwcvfg5002w3n6lo9eg0k8w,11485,front,,Abnormal Gait,stroke,"{'top': 55.319148936170215, 'left': 201.97872340425533, 'height': 307.51063829787233, 'width': 165.51063829787233}","{'height': 480, 'width': 854, 'mime_type': 'video/mp4'}",FpXbeLZWFSw,https://www.youtube.com/watch?v=FpXbeLZWFSw
cljwcvfg5002w3n6lo9eg0k8w,11486,front,,Abnormal Gait,stroke,"{'top': 55.04255319148936, 'left': 201.06382978723406, 'height': 307.468085106383, 'width': 165.46808510638294}","{'height': 480, 'width': 854, 'mime_type': 'video/mp4'}",FpXbeLZWFSw,https://www.youtube.com/watch?v=FpXbeLZWFSw
cljwcvfg5002w3n6lo9eg0k8w,11487,front,,Abnormal Gait,stroke,"{'top': 54.765957446808514, 'left': 200.14893617021278, 'height': 307.4255319148936, 'width': 165.4255319148936}","{'height': 480, 'width': 854, 'mime_type': 'video/mp4'}",FpXbeLZWFSw,https://www.youtube.com/watch?v=FpXbeLZWFSw
cljwcvfg5002w3n6lo9eg0k8w,11488,front,,Abnormal Gait,stroke,"{'top': 54.48936170212766, 'left': 199.2340425531915, 'height': 307.3829787234042, 'width': 165.38297872340428}","{'height': 480, 'width': 854, 'mime_type': 'video/mp4'}",FpXbeLZWFSw,https://www.youtube.com/watch?v=FpXbeLZWFSw
cljwcvfg5002w3n6lo9eg0k8w,11489,front,,Abnormal Gait,stroke,"{'top': 54.212765957446805, 'left': 198.31914893617022, 'height': 307.3404255319149, 'width': 165.3404255319149}","{'height': 480, 'width': 854, 'mime_type': 'video/mp4'}",FpXbeLZWFSw,https://www.youtube.com/watch?v=FpXbeLZWFSw
cljwcvfg5002w3n6lo9eg0k8w,11490,front,,Abnormal Gait,stroke,"{'top': 53.93617021276596, 'left': 197.40425531914894, 'height': 307.29787234042556, 'width': 165.2978723404255}","{'height': 480, 'width': 854, 'mime_type': 'video/mp4'}",FpXbeLZWFSw,https://www.youtube.com/watch?v=FpXbeLZWFSw
cljwcvfg5002w3n6lo9eg0k8w,11491,front,,Abnormal Gait,stroke,"{'top': 53.659574468085104, 'left': 196.48936170212767, 'height': 307.25531914893617, 'width': 165.25531914893617}","{'height': 480, 'width': 854, 'mime_type': 'video/mp4'}",FpXbeLZWFSw,https://www.youtube.com/watch?v=FpXbeLZWFSw
cljwcvfg5002w3n6lo9eg0k8w,11492,front,,Abnormal Gait,stroke,"{'top': 53.38297872340426, 'left': 195.5744680851064, 'height': 307.2127659574468, 'width': 165.21276595744683}","{'height': 480, 'width': 854, 'mime_type': 'video/mp4'}",FpXbeLZWFSw,https://www.youtube.com/watch?v=FpXbeLZWFSw
cljwcvfg5002w3n6lo9eg0k8w,11493,front,,Abnormal Gait,stroke,"{'top': 53.1063829787234, 'left': 194.6595744680851, 'height': 307.17021276595744, 'width': 165.17021276595744}","{'height': 480, 'width': 854, 'mime_type': 'video/mp4'}",FpXbeLZWFSw,https://www.youtube.com/watch?v=FpXbeLZWFSw
cljwcvfg5002w3n6lo9eg0k8w,11494,front,,Abnormal Gait,stroke,"{'top': 52.829787234042556, 'left': 193.74468085106383, 'height': 307.1276595744681, 'width': 165.12765957446805}","{'height': 480, 'width': 854, 'mime_type': 'video/mp4'}",FpXbeLZWFSw,https://www.youtube.com/watch?v=FpXbeLZWFSw
cljwcvfg5002w3n6lo9eg0k8w,11495,front,,Abnormal Gait,stroke,"{'top': 52.5531914893617, 'left': 192.82978723404256, 'height': 307.0851063829787, 'width': 165.08510638297872}","{'height': 480, 'width': 854, 'mime_type': 'video/mp4'}",FpXbeLZWFSw,https://www.youtube.com/watch?v=FpXbeLZWFSw
cljwcvfg5002w3n6lo9eg0k8w,11496,front,,Abnormal Gait,stroke,"{'top': 52.27659574468085, 'left': 191.91489361702128, 'height': 307.0425531914894, 'width': 165.0425531914894}","{'height': 480, 'width': 854, 'mime_type': 'video/mp4'}",FpXbeLZWFSw,https://www.youtube.com/watch?v=FpXbeLZWFSw
cljwcvfg5002w3n6lo9eg0k8w,11497,front,,Abnormal Gait,stroke,"{'top': 52.0, 'left': 191.0, 'height': 307.0, 'width': 165.0}","{'height': 480, 'width': 854, 'mime_type': 'video/mp4'}",FpXbeLZWFSw,https://www.youtube.com/watch?v=FpXbeLZWFSw
cljwcvfg5002w3n6lo9eg0k8w,11498,front,,Abnormal Gait,stroke,"{'top': 52.0, 'left': 191.0, 'height': 309.38461538461536, 'width': 165.61538461538464}","{'height': 480, 'width': 854, 'mime_type': 'video/mp4'}",FpXbeLZWFSw,https://www.youtube.com/watch?v=FpXbeLZWFSw
cljwcvfg5002w3n6lo9eg0k8w,11499,front,,Abnormal Gait,stroke,"{'top': 52.0, 'left': 191.0, 'height': 311.7692307692308, 'width': 166.23076923076923}","{'height': 480, 'width': 854, 'mime_type': 'video/mp4'}",FpXbeLZWFSw,https://www.youtube.com/watch?v=FpXbeLZWFSw
cljwcvfg5002w3n6lo9eg0k8w,11500,front,,Abnormal Gait,stroke,"{'top': 52.0, 'left': 191.0, 'height': 314.15384615384613, 'width': 166.84615384615387}","{'height': 480, 'width': 854, 'mime_type': 'video/mp4'}",FpXbeLZWFSw,https://www.youtube.com/watch?v=FpXbeLZWFSw
cljwcvfg5002w3n6lo9eg0k8w,11501,front,,Abnormal Gait,stroke,"{'top': 52.0, 'left': 191.0, 'height': 316.53846153846155, 'width': 167.46153846153845}","{'height': 480, 'width': 854, 'mime_type': 'video/mp4'}",FpXbeLZWFSw,https://www.youtube.com/watch?v=FpXbeLZWFSw
cljwcvfg5002w3n6lo9eg0k8w,11502,front,,Abnormal Gait,stroke,"{'top': 52.0, 'left': 191.0, 'height': 318.9230769230769, 'width': 168.0769230769231}","{'height': 480, 'width': 854, 'mime_type': 'video/mp4'}",FpXbeLZWFSw,https://www.youtube.com/watch?v=FpXbeLZWFSw
cljwcvfg5002w3n6lo9eg0k8w,11503,front,,Abnormal Gait,stroke,"{'top': 52.0, 'left': 191.0, 'height': 321.3076923076923, 'width': 168.69230769230768}","{'height': 480, 'width': 854, 'mime_type': 'video/mp4'}",FpXbeLZWFSw,https://www.youtube.com/watch?v=FpXbeLZWFSw
cljwcvfg5002w3n6lo9eg0k8w,11504,front,,Abnormal Gait,stroke,"{'top': 52.0, 'left': 191.0, 'height': 323.6923076923077, 'width': 169.30769230769232}","{'height': 480, 'width': 854, 'mime_type': 'video/mp4'}",FpXbeLZWFSw,https://www.youtube.com/watch?v=FpXbeLZWFSw
cljwcvfg5002w3n6lo9eg0k8w,11505,front,,Abnormal Gait,stroke,"{'top': 52.0, 'left': 191.0, 'height': 326.0769230769231, 'width': 169.9230769230769}","{'height': 480, 'width': 854, 'mime_type': 'video/mp4'}",FpXbeLZWFSw,https://www.youtube.com/watch?v=FpXbeLZWFSw
cljwcvfg5002w3n6lo9eg0k8w,11506,front,,Abnormal Gait,stroke,"{'top': 52.0, 'left': 191.0, 'height': 328.46153846153845, 'width': 170.53846153846155}","{'height': 480, 'width': 854, 'mime_type': 'video/mp4'}",FpXbeLZWFSw,https://www.youtube.com/watch?v=FpXbeLZWFSw
cljwcvfg5002w3n6lo9eg0k8w,11507,front,,Abnormal Gait,stroke,"{'top': 52.0, 'left': 191.0, 'height': 330.84615384615387, 'width': 171.15384615384613}","{'height': 480, 'width': 854, 'mime_type': 'video/mp4'}",FpXbeLZWFSw,https://www.youtube.com/watch?v=FpXbeLZWFSw
cljwcvfg5002w3n6lo9eg0k8w,11508,front,,Abnormal Gait,stroke,"{'top': 52.0, 'left': 191.0, 'height': 333.2307692307692, 'width': 171.76923076923077}","{'height': 480, 'width': 854, 'mime_type': 'video/mp4'}",FpXbeLZWFSw,https://www.youtube.com/watch?v=FpXbeLZWFSw
cljwcvfg5002w3n6lo9eg0k8w,11509,front,,Abnormal Gait,stroke,"{'top': 52.0, 'left': 191.0, 'height': 335.61538461538464, 'width': 172.38461538461536}","{'height': 480, 'width': 854, 'mime_type': 'video/mp4'}",FpXbeLZWFSw,https://www.youtube.com/watch?v=FpXbeLZWFSw
cljwcvfg5002w3n6lo9eg0k8w,11510,front,,Abnormal Gait,stroke,"{'top': 52.0, 'left': 191.0, 'height': 338.0, 'width': 173.0}","{'height': 480, 'width': 854, 'mime_type': 'video/mp4'}",FpXbeLZWFSw,https://www.youtube.com/watch?v=FpXbeLZWFSw
cljwcvfg5002w3n6lo9eg0k8w,11511,front,,Abnormal Gait,stroke,"{'top': 52.0, 'left': 190.9607843137255, 'height': 338.4117647058824, 'width': 173.05882352941174}","{'height': 480, 'width': 854, 'mime_type': 'video/mp4'}",FpXbeLZWFSw,https://www.youtube.com/watch?v=FpXbeLZWFSw
cljwcvfg5002w3n6lo9eg0k8w,11512,front,,Abnormal Gait,stroke,"{'top': 52.0, 'left': 190.92156862745097, 'height': 338.8235294117647, 'width': 173.11764705882356}","{'height': 480, 'width': 854, 'mime_type': 'video/mp4'}",FpXbeLZWFSw,https://www.youtube.com/watch?v=FpXbeLZWFSw
cljwcvfg5002w3n6lo9eg0k8w,11513,front,,Abnormal Gait,stroke,"{'top': 52.0, 'left': 190.88235294117646, 'height': 339.2352941176471, 'width': 173.1764705882353}","{'height': 480, 'width': 854, 'mime_type': 'video/mp4'}",FpXbeLZWFSw,https://www.youtube.com/watch?v=FpXbeLZWFSw
cljwcvfg5002w3n6lo9eg0k8w,11514,front,,Abnormal Gait,stroke,"{'top': 52.0, 'left': 190.84313725490196, 'height': 339.6470588235294, 'width': 173.23529411764704}","{'height': 480, 'width': 854, 'mime_type': 'video/mp4'}",FpXbeLZWFSw,https://www.youtube.com/watch?v=FpXbeLZWFSw
cljwcvfg5002w3n6lo9eg0k8w,11515,front,,Abnormal Gait,stroke,"{'top': 52.0, 'left': 190.80392156862746, 'height': 340.05882352941177, 'width': 173.29411764705884}","{'height': 480, 'width': 854, 'mime_type': 'video/mp4'}",FpXbeLZWFSw,https://www.youtube.com/watch?v=FpXbeLZWFSw
cljwcvfg5002w3n6lo9eg0k8w,11516,front,,Abnormal Gait,stroke,"{'top': 52.0, 'left': 190.76470588235293, 'height': 340.47058823529414, 'width': 173.3529411764706}","{'height': 480, 'width': 854, 'mime_type': 'video/mp4'}",FpXbeLZWFSw,https://www.youtube.com/watch?v=FpXbeLZWFSw
cljwcvfg5002w3n6lo9eg0k8w,11517,front,,Abnormal Gait,stroke,"{'top': 52.0, 'left': 190.72549019607843, 'height': 340.88235294117646, 'width': 173.41176470588235}","{'height': 480, 'width': 854, 'mime_type': 'video/mp4'}",FpXbeLZWFSw,https://www.youtube.com/watch?v=FpXbeLZWFSw
cljwcvfg5002w3n6lo9eg0k8w,11518,front,,Abnormal Gait,stroke,"{'top': 52.0, 'left': 190.68627450980392, 'height': 341.29411764705884, 'width': 173.47058823529414}","{'height': 480, 'width': 854, 'mime_type': 'video/mp4'}",FpXbeLZWFSw,https://www.youtube.com/watch?v=FpXbeLZWFSw
cljwcvfg5002w3n6lo9eg0k8w,11519,front,,Abnormal Gait,stroke,"{'top': 52.0, 'left': 190.64705882352942, 'height': 341.70588235294116, 'width': 173.52941176470588}","{'height': 480, 'width': 854, 'mime_type': 'video/mp4'}",FpXbeLZWFSw,https://www.youtube.com/watch?v=FpXbeLZWFSw
cljwcvfg5002w3n6lo9eg0k8w,11520,front,,Abnormal Gait,stroke,"{'top': 52.0, 'left': 190.6078431372549, 'height': 342.11764705882354, 'width': 173.58823529411765}","{'height': 480, 'width': 854, 'mime_type': 'video/mp4'}",FpXbeLZWFSw,https://www.youtube.com/watch?v=FpXbeLZWFSw
cljwcvfg5002w3n6lo9eg0k8w,11521,front,,Abnormal Gait,stroke,"{'top': 52.0, 'left': 190.5686274509804, 'height': 342.52941176470586, 'width': 173.6470588235294}","{'height': 480, 'width': 854, 'mime_type': 'video/mp4'}",FpXbeLZWFSw,https://www.youtube.com/watch?v=FpXbeLZWFSw
cljwcvfg5002w3n6lo9eg0k8w,11522,front,,Abnormal Gait,stroke,"{'top': 52.0, 'left': 190.52941176470588, 'height': 342.94117647058823, 'width': 173.7058823529412}","{'height': 480, 'width': 854, 'mime_type': 'video/mp4'}",FpXbeLZWFSw,https://www.youtube.com/watch?v=FpXbeLZWFSw
cljwcvfg5002w3n6lo9eg0k8w,11523,front,,Abnormal Gait,stroke,"{'top': 52.0, 'left': 190.49019607843138, 'height': 343.3529411764706, 'width': 173.76470588235293}","{'height': 480, 'width': 854, 'mime_type': 'video/mp4'}",FpXbeLZWFSw,https://www.youtube.com/watch?v=FpXbeLZWFSw
cljwcvfg5002w3n6lo9eg0k8w,11524,front,,Abnormal Gait,stroke,"{'top': 52.0, 'left': 190.45098039215685, 'height': 343.7647058823529, 'width': 173.8235294117647}","{'height': 480, 'width': 854, 'mime_type': 'video/mp4'}",FpXbeLZWFSw,https://www.youtube.com/watch?v=FpXbeLZWFSw
cljwcvfg5002w3n6lo9eg0k8w,11525,front,,Abnormal Gait,stroke,"{'top': 52.0, 'left': 190.41176470588235, 'height': 344.1764705882353, 'width': 173.8823529411765}","{'height': 480, 'width': 854, 'mime_type': 'video/mp4'}",FpXbeLZWFSw,https://www.youtube.com/watch?v=FpXbeLZWFSw
cljwcvfg5002w3n6lo9eg0k8w,11526,front,,Abnormal Gait,stroke,"{'top': 52.0, 'left': 190.37254901960785, 'height': 344.5882352941176, 'width': 173.94117647058823}","{'height': 480, 'width': 854, 'mime_type': 'video/mp4'}",FpXbeLZWFSw,https://www.youtube.com/watch?v=FpXbeLZWFSw
cljwcvfg5002w3n6lo9eg0k8w,11527,front,,Abnormal Gait,stroke,"{'top': 52.0, 'left': 190.33333333333334, 'height': 345.0, 'width': 173.99999999999997}","{'height': 480, 'width': 854, 'mime_type': 'video/mp4'}",FpXbeLZWFSw,https://www.youtube.com/watch?v=FpXbeLZWFSw
cljwcvfg5002w3n6lo9eg0k8w,11528,front,,Abnormal Gait,stroke,"{'top': 52.0, 'left': 190.2941176470588, 'height': 345.4117647058824, 'width': 174.0588235294118}","{'height': 480, 'width': 854, 'mime_type': 'video/mp4'}",FpXbeLZWFSw,https://www.youtube.com/watch?v=FpXbeLZWFSw
cljwcvfg5002w3n6lo9eg0k8w,11529,front,,Abnormal Gait,stroke,"{'top': 52.0, 'left': 190.2549019607843, 'height': 345.8235294117647, 'width': 174.11764705882354}","{'height': 480, 'width': 854, 'mime_type': 'video/mp4'}",FpXbeLZWFSw,https://www.youtube.com/watch?v=FpXbeLZWFSw
cljwcvfg5002w3n6lo9eg0k8w,11530,front,,Abnormal Gait,stroke,"{'top': 52.0, 'left': 190.2156862745098, 'height': 346.2352941176471, 'width': 174.17647058823528}","{'height': 480, 'width': 854, 'mime_type': 'video/mp4'}",FpXbeLZWFSw,https://www.youtube.com/watch?v=FpXbeLZWFSw
cljwcvfg5002w3n6lo9eg0k8w,11531,front,,Abnormal Gait,stroke,"{'top': 52.0, 'left': 190.1764705882353, 'height': 346.6470588235294, 'width': 174.23529411764707}","{'height': 480, 'width': 854, 'mime_type': 'video/mp4'}",FpXbeLZWFSw,https://www.youtube.com/watch?v=FpXbeLZWFSw
cljwcvfg5002w3n6lo9eg0k8w,11532,front,,Abnormal Gait,stroke,"{'top': 52.0, 'left': 190.13725490196077, 'height': 347.05882352941177, 'width': 174.29411764705884}","{'height': 480, 'width': 854, 'mime_type': 'video/mp4'}",FpXbeLZWFSw,https://www.youtube.com/watch?v=FpXbeLZWFSw
cljwcvfg5002w3n6lo9eg0k8w,11533,front,,Abnormal Gait,stroke,"{'top': 52.0, 'left': 190.09803921568627, 'height': 347.47058823529414, 'width': 174.35294117647058}","{'height': 480, 'width': 854, 'mime_type': 'video/mp4'}",FpXbeLZWFSw,https://www.youtube.com/watch?v=FpXbeLZWFSw
cljwcvfg5002w3n6lo9eg0k8w,11534,front,,Abnormal Gait,stroke,"{'top': 52.0, 'left': 190.05882352941177, 'height': 347.88235294117646, 'width': 174.41176470588238}","{'height': 480, 'width': 854, 'mime_type': 'video/mp4'}",FpXbeLZWFSw,https://www.youtube.com/watch?v=FpXbeLZWFSw
cljwcvfg5002w3n6lo9eg0k8w,11535,front,,Abnormal Gait,stroke,"{'top': 52.0, 'left': 190.01960784313727, 'height': 348.29411764705884, 'width': 174.47058823529412}","{'height': 480, 'width': 854, 'mime_type': 'video/mp4'}",FpXbeLZWFSw,https://www.youtube.com/watch?v=FpXbeLZWFSw
cljwcvfg5002w3n6lo9eg0k8w,11536,front,,Abnormal Gait,stroke,"{'top': 52.0, 'left': 189.98039215686273, 'height': 348.70588235294116, 'width': 174.52941176470588}","{'height': 480, 'width': 854, 'mime_type': 'video/mp4'}",FpXbeLZWFSw,https://www.youtube.com/watch?v=FpXbeLZWFSw
cljwcvfg5002w3n6lo9eg0k8w,11537,front,,Abnormal Gait,stroke,"{'top': 52.0, 'left': 189.94117647058823, 'height': 349.11764705882354, 'width': 174.58823529411762}","{'height': 480, 'width': 854, 'mime_type': 'video/mp4'}",FpXbeLZWFSw,https://www.youtube.com/watch?v=FpXbeLZWFSw
cljwcvfg5002w3n6lo9eg0k8w,11538,front,,Abnormal Gait,stroke,"{'top': 52.0, 'left': 189.90196078431373, 'height': 349.52941176470586, 'width': 174.64705882352942}","{'height': 480, 'width': 854, 'mime_type': 'video/mp4'}",FpXbeLZWFSw,https://www.youtube.com/watch?v=FpXbeLZWFSw
cljwcvfg5002w3n6lo9eg0k8w,11539,front,,Abnormal Gait,stroke,"{'top': 52.0, 'left': 189.86274509803923, 'height': 349.94117647058823, 'width': 174.70588235294116}","{'height': 480, 'width': 854, 'mime_type': 'video/mp4'}",FpXbeLZWFSw,https://www.youtube.com/watch?v=FpXbeLZWFSw
cljwcvfg5002w3n6lo9eg0k8w,11540,front,,Abnormal Gait,stroke,"{'top': 52.0, 'left': 189.8235294117647, 'height': 350.3529411764706, 'width': 174.76470588235293}","{'height': 480, 'width': 854, 'mime_type': 'video/mp4'}",FpXbeLZWFSw,https://www.youtube.com/watch?v=FpXbeLZWFSw
cljwcvfg5002w3n6lo9eg0k8w,11541,front,,Abnormal Gait,stroke,"{'top': 52.0, 'left': 189.7843137254902, 'height': 350.7647058823529, 'width': 174.82352941176472}","{'height': 480, 'width': 854, 'mime_type': 'video/mp4'}",FpXbeLZWFSw,https://www.youtube.com/watch?v=FpXbeLZWFSw
cljwcvfg5002w3n6lo9eg0k8w,11542,front,,Abnormal Gait,stroke,"{'top': 52.0, 'left': 189.7450980392157, 'height': 351.1764705882353, 'width': 174.88235294117646}","{'height': 480, 'width': 854, 'mime_type': 'video/mp4'}",FpXbeLZWFSw,https://www.youtube.com/watch?v=FpXbeLZWFSw
cljwcvfg5002w3n6lo9eg0k8w,11543,front,,Abnormal Gait,stroke,"{'top': 52.0, 'left': 189.7058823529412, 'height': 351.5882352941176, 'width': 174.9411764705882}","{'height': 480, 'width': 854, 'mime_type': 'video/mp4'}",FpXbeLZWFSw,https://www.youtube.com/watch?v=FpXbeLZWFSw
cljwcvfg5002w3n6lo9eg0k8w,11544,front,,Abnormal Gait,stroke,"{'top': 52.0, 'left': 189.66666666666666, 'height': 352.0, 'width': 175.00000000000003}","{'height': 480, 'width': 854, 'mime_type': 'video/mp4'}",FpXbeLZWFSw,https://www.youtube.com/watch?v=FpXbeLZWFSw
cljwcvfg5002w3n6lo9eg0k8w,11545,front,,Abnormal Gait,stroke,"{'top': 52.0, 'left': 189.62745098039215, 'height': 352.4117647058824, 'width': 175.05882352941177}","{'height': 480, 'width': 854, 'mime_type': 'video/mp4'}",FpXbeLZWFSw,https://www.youtube.com/watch?v=FpXbeLZWFSw
cljwcvfg5002w3n6lo9eg0k8w,11546,front,,Abnormal Gait,stroke,"{'top': 52.0, 'left': 189.58823529411765, 'height': 352.8235294117647, 'width': 175.1176470588235}","{'height': 480, 'width': 854, 'mime_type': 'video/mp4'}",FpXbeLZWFSw,https://www.youtube.com/watch?v=FpXbeLZWFSw
cljwcvfg5002w3n6lo9eg0k8w,11547,front,,Abnormal Gait,stroke,"{'top': 52.0, 'left': 189.54901960784315, 'height': 353.2352941176471, 'width': 175.1764705882353}","{'height': 480, 'width': 854, 'mime_type': 'video/mp4'}",FpXbeLZWFSw,https://www.youtube.com/watch?v=FpXbeLZWFSw
cljwcvfg5002w3n6lo9eg0k8w,11548,front,,Abnormal Gait,stroke,"{'top': 52.0, 'left': 189.50980392156862, 'height': 353.6470588235294, 'width': 175.23529411764707}","{'height': 480, 'width': 854, 'mime_type': 'video/mp4'}",FpXbeLZWFSw,https://www.youtube.com/watch?v=FpXbeLZWFSw
cljwcvfg5002w3n6lo9eg0k8w,11549,front,,Abnormal Gait,stroke,"{'top': 52.0, 'left': 189.47058823529412, 'height': 354.05882352941177, 'width': 175.2941176470588}","{'height': 480, 'width': 854, 'mime_type': 'video/mp4'}",FpXbeLZWFSw,https://www.youtube.com/watch?v=FpXbeLZWFSw
cljwcvfg5002w3n6lo9eg0k8w,11550,front,,Abnormal Gait,stroke,"{'top': 52.0, 'left': 189.4313725490196, 'height': 354.47058823529414, 'width': 175.3529411764706}","{'height': 480, 'width': 854, 'mime_type': 'video/mp4'}",FpXbeLZWFSw,https://www.youtube.com/watch?v=FpXbeLZWFSw
cljwcvfg5002w3n6lo9eg0k8w,11551,front,,Abnormal Gait,stroke,"{'top': 52.0, 'left': 189.3921568627451, 'height': 354.88235294117646, 'width': 175.41176470588235}","{'height': 480, 'width': 854, 'mime_type': 'video/mp4'}",FpXbeLZWFSw,https://www.youtube.com/watch?v=FpXbeLZWFSw
cljwcvfg5002w3n6lo9eg0k8w,11552,front,,Abnormal Gait,stroke,"{'top': 52.0, 'left': 189.35294117647058, 'height': 355.29411764705884, 'width': 175.47058823529412}","{'height': 480, 'width': 854, 'mime_type': 'video/mp4'}",FpXbeLZWFSw,https://www.youtube.com/watch?v=FpXbeLZWFSw
cljwcvfg5002w3n6lo9eg0k8w,11553,front,,Abnormal Gait,stroke,"{'top': 52.0, 'left': 189.31372549019608, 'height': 355.70588235294116, 'width': 175.52941176470586}","{'height': 480, 'width': 854, 'mime_type': 'video/mp4'}",FpXbeLZWFSw,https://www.youtube.com/watch?v=FpXbeLZWFSw
cljwcvfg5002w3n6lo9eg0k8w,11554,front,,Abnormal Gait,stroke,"{'top': 52.0, 'left': 189.27450980392157, 'height': 356.11764705882354, 'width': 175.58823529411765}","{'height': 480, 'width': 854, 'mime_type': 'video/mp4'}",FpXbeLZWFSw,https://www.youtube.com/watch?v=FpXbeLZWFSw
cljwcvfg5002w3n6lo9eg0k8w,11555,front,,Abnormal Gait,stroke,"{'top': 52.0, 'left': 189.23529411764707, 'height': 356.52941176470586, 'width': 175.6470588235294}","{'height': 480, 'width': 854, 'mime_type': 'video/mp4'}",FpXbeLZWFSw,https://www.youtube.com/watch?v=FpXbeLZWFSw
cljwcvfg5002w3n6lo9eg0k8w,11556,front,,Abnormal Gait,stroke,"{'top': 52.0, 'left': 189.19607843137254, 'height': 356.94117647058823, 'width': 175.70588235294116}","{'height': 480, 'width': 854, 'mime_type': 'video/mp4'}",FpXbeLZWFSw,https://www.youtube.com/watch?v=FpXbeLZWFSw
cljwcvfg5002w3n6lo9eg0k8w,11557,front,,Abnormal Gait,stroke,"{'top': 52.0, 'left': 189.15686274509804, 'height': 357.3529411764706, 'width': 175.76470588235296}","{'height': 480, 'width': 854, 'mime_type': 'video/mp4'}",FpXbeLZWFSw,https://www.youtube.com/watch?v=FpXbeLZWFSw
cljwcvfg5002w3n6lo9eg0k8w,11558,front,,Abnormal Gait,stroke,"{'top': 52.0, 'left': 189.11764705882354, 'height': 357.7647058823529, 'width': 175.8235294117647}","{'height': 480, 'width': 854, 'mime_type': 'video/mp4'}",FpXbeLZWFSw,https://www.youtube.com/watch?v=FpXbeLZWFSw
cljwcvfg5002w3n6lo9eg0k8w,11559,front,,Abnormal Gait,stroke,"{'top': 52.0, 'left': 189.07843137254903, 'height': 358.1764705882353, 'width': 175.88235294117644}","{'height': 480, 'width': 854, 'mime_type': 'video/mp4'}",FpXbeLZWFSw,https://www.youtube.com/watch?v=FpXbeLZWFSw
cljwcvfg5002w3n6lo9eg0k8w,11560,front,,Abnormal Gait,stroke,"{'top': 52.0, 'left': 189.0392156862745, 'height': 358.5882352941176, 'width': 175.94117647058826}","{'height': 480, 'width': 854, 'mime_type': 'video/mp4'}",FpXbeLZWFSw,https://www.youtube.com/watch?v=FpXbeLZWFSw
cljwcvfg5002w3n6lo9eg0k8w,11561,front,,Abnormal Gait,stroke,"{'top': 52.0, 'left': 189.0, 'height': 359.0, 'width': 176.0}","{'height': 480, 'width': 854, 'mime_type': 'video/mp4'}",FpXbeLZWFSw,https://www.youtube.com/watch?v=FpXbeLZWFSw
cljwcvfg5002w3n6lo9eg0k8w,11562,front,,Abnormal Gait,stroke,"{'top': 52.0, 'left': 188.94117647058823, 'height': 360.0, 'width': 176.41176470588238}","{'height': 480, 'width': 854, 'mime_type': 'video/mp4'}",FpXbeLZWFSw,https://www.youtube.com/watch?v=FpXbeLZWFSw
cljwcvfg5002w3n6lo9eg0k8w,11563,front,,Abnormal Gait,stroke,"{'top': 52.0, 'left': 188.88235294117646, 'height': 361.0, 'width': 176.8235294117647}","{'height': 480, 'width': 854, 'mime_type': 'video/mp4'}",FpXbeLZWFSw,https://www.youtube.com/watch?v=FpXbeLZWFSw
cljwcvfg5002w3n6lo9eg0k8w,11564,front,,Abnormal Gait,stroke,"{'top': 52.0, 'left': 188.8235294117647, 'height': 362.0, 'width': 177.23529411764707}","{'height': 480, 'width': 854, 'mime_type': 'video/mp4'}",FpXbeLZWFSw,https://www.youtube.com/watch?v=FpXbeLZWFSw
cljwcvfg5002w3n6lo9eg0k8w,11565,front,,Abnormal Gait,stroke,"{'top': 52.0, 'left': 188.76470588235293, 'height': 363.0, 'width': 177.64705882352945}","{'height': 480, 'width': 854, 'mime_type': 'video/mp4'}",FpXbeLZWFSw,https://www.youtube.com/watch?v=FpXbeLZWFSw
cljwcvfg5002w3n6lo9eg0k8w,11566,front,,Abnormal Gait,stroke,"{'top': 52.0, 'left': 188.7058823529412, 'height': 364.0, 'width': 178.05882352941174}","{'height': 480, 'width': 854, 'mime_type': 'video/mp4'}",FpXbeLZWFSw,https://www.youtube.com/watch?v=FpXbeLZWFSw
cljwcvfg5002w3n6lo9eg0k8w,11567,front,,Abnormal Gait,stroke,"{'top': 52.0, 'left': 188.64705882352942, 'height': 365.0, 'width': 178.47058823529412}","{'height': 480, 'width': 854, 'mime_type': 'video/mp4'}",FpXbeLZWFSw,https://www.youtube.com/watch?v=FpXbeLZWFSw
cljwcvfg5002w3n6lo9eg0k8w,11568,front,,Abnormal Gait,stroke,"{'top': 52.0, 'left': 188.58823529411765, 'height': 366.0, 'width': 178.8823529411765}","{'height': 480, 'width': 854, 'mime_type': 'video/mp4'}",FpXbeLZWFSw,https://www.youtube.com/watch?v=FpXbeLZWFSw
cljwcvfg5002w3n6lo9eg0k8w,11569,front,,Abnormal Gait,stroke,"{'top': 52.0, 'left': 188.52941176470588, 'height': 367.0, 'width': 179.2941176470588}","{'height': 480, 'width': 854, 'mime_type': 'video/mp4'}",FpXbeLZWFSw,https://www.youtube.com/watch?v=FpXbeLZWFSw
cljwcvfg5002w3n6lo9eg0k8w,11570,front,,Abnormal Gait,stroke,"{'top': 52.0, 'left': 188.47058823529412, 'height': 368.0, 'width': 179.7058823529412}","{'height': 480, 'width': 854, 'mime_type': 'video/mp4'}",FpXbeLZWFSw,https://www.youtube.com/watch?v=FpXbeLZWFSw
cljwcvfg5002w3n6lo9eg0k8w,11571,front,,Abnormal Gait,stroke,"{'top': 52.0, 'left': 188.41176470588235, 'height': 369.0, 'width': 180.1176470588235}","{'height': 480, 'width': 854, 'mime_type': 'video/mp4'}",FpXbeLZWFSw,https://www.youtube.com/watch?v=FpXbeLZWFSw
cljwcvfg5002w3n6lo9eg0k8w,11572,front,,Abnormal Gait,stroke,"{'top': 52.0, 'left': 188.35294117647058, 'height': 370.0, 'width': 180.52941176470588}","{'height': 480, 'width': 854, 'mime_type': 'video/mp4'}",FpXbeLZWFSw,https://www.youtube.com/watch?v=FpXbeLZWFSw
cljwcvfg5002w3n6lo9eg0k8w,11573,front,,Abnormal Gait,stroke,"{'top': 52.0, 'left': 188.2941176470588, 'height': 371.0, 'width': 180.94117647058826}","{'height': 480, 'width': 854, 'mime_type': 'video/mp4'}",FpXbeLZWFSw,https://www.youtube.com/watch?v=FpXbeLZWFSw
cljwcvfg5002w3n6lo9eg0k8w,11574,front,,Abnormal Gait,stroke,"{'top': 52.0, 'left': 188.23529411764707, 'height': 372.0, 'width': 181.35294117647055}","{'height': 480, 'width': 854, 'mime_type': 'video/mp4'}",FpXbeLZWFSw,https://www.youtube.com/watch?v=FpXbeLZWFSw
cljwcvfg5002w3n6lo9eg0k8w,11575,front,,Abnormal Gait,stroke,"{'top': 52.0, 'left': 188.1764705882353, 'height': 373.0, 'width': 181.76470588235293}","{'height': 480, 'width': 854, 'mime_type': 'video/mp4'}",FpXbeLZWFSw,https://www.youtube.com/watch?v=FpXbeLZWFSw
cljwcvfg5002w3n6lo9eg0k8w,11576,front,,Abnormal Gait,stroke,"{'top': 52.0, 'left': 188.11764705882354, 'height': 374.0, 'width': 182.1764705882353}","{'height': 480, 'width': 854, 'mime_type': 'video/mp4'}",FpXbeLZWFSw,https://www.youtube.com/watch?v=FpXbeLZWFSw
cljwcvfg5002w3n6lo9eg0k8w,11577,front,,Abnormal Gait,stroke,"{'top': 52.0, 'left': 188.05882352941177, 'height': 375.0, 'width': 182.58823529411762}","{'height': 480, 'width': 854, 'mime_type': 'video/mp4'}",FpXbeLZWFSw,https://www.youtube.com/watch?v=FpXbeLZWFSw
cljwcvfg5002w3n6lo9eg0k8w,11578,front,,Abnormal Gait,stroke,"{'top': 52.0, 'left': 188.0, 'height': 376.0, 'width': 183.0}","{'height': 480, 'width': 854, 'mime_type': 'video/mp4'}",FpXbeLZWFSw,https://www.youtube.com/watch?v=FpXbeLZWFSw
cljwcvfg5002w3n6lo9eg0k8w,11579,front,,Abnormal Gait,stroke,"{'top': 51.689655172413794, 'left': 189.79310344827587, 'height': 376.1724137931035, 'width': 182.9655172413793}","{'height': 480, 'width': 854, 'mime_type': 'video/mp4'}",FpXbeLZWFSw,https://www.youtube.com/watch?v=FpXbeLZWFSw
cljwcvfg5002w3n6lo9eg0k8w,11580,front,,Abnormal Gait,stroke,"{'top': 51.37931034482759, 'left': 191.58620689655172, 'height': 376.34482758620686, 'width': 182.93103448275863}","{'height': 480, 'width': 854, 'mime_type': 'video/mp4'}",FpXbeLZWFSw,https://www.youtube.com/watch?v=FpXbeLZWFSw
cljwcvfg5002w3n6lo9eg0k8w,11581,front,,Abnormal Gait,stroke,"{'top': 51.06896551724138, 'left': 193.3793103448276, 'height': 376.51724137931035, 'width': 182.89655172413794}","{'height': 480, 'width': 854, 'mime_type': 'video/mp4'}",FpXbeLZWFSw,https://www.youtube.com/watch?v=FpXbeLZWFSw
cljwcvfg5002w3n6lo9eg0k8w,11582,front,,Abnormal Gait,stroke,"{'top': 50.758620689655174, 'left': 195.17241379310346, 'height': 376.6896551724138, 'width': 182.86206896551724}","{'height': 480, 'width': 854, 'mime_type': 'video/mp4'}",FpXbeLZWFSw,https://www.youtube.com/watch?v=FpXbeLZWFSw
cljwcvfg5002w3n6lo9eg0k8w,11583,front,,Abnormal Gait,stroke,"{'top': 50.44827586206897, 'left': 196.9655172413793, 'height': 376.86206896551727, 'width': 182.82758620689657}","{'height': 480, 'width': 854, 'mime_type': 'video/mp4'}",FpXbeLZWFSw,https://www.youtube.com/watch?v=FpXbeLZWFSw
cljwcvfg5002w3n6lo9eg0k8w,11584,front,,Abnormal Gait,stroke,"{'top': 50.13793103448276, 'left': 198.75862068965517, 'height': 377.0344827586207, 'width': 182.79310344827587}","{'height': 480, 'width': 854, 'mime_type': 'video/mp4'}",FpXbeLZWFSw,https://www.youtube.com/watch?v=FpXbeLZWFSw
cljwcvfg5002w3n6lo9eg0k8w,11585,front,,Abnormal Gait,stroke,"{'top': 49.827586206896555, 'left': 200.55172413793105, 'height': 377.2068965517241, 'width': 182.75862068965517}","{'height': 480, 'width': 854, 'mime_type': 'video/mp4'}",FpXbeLZWFSw,https://www.youtube.com/watch?v=FpXbeLZWFSw
cljwcvfg5002w3n6lo9eg0k8w,11586,front,,Abnormal Gait,stroke,"{'top': 49.51724137931034, 'left': 202.3448275862069, 'height': 377.37931034482756, 'width': 182.7241379310345}","{'height': 480, 'width': 854, 'mime_type': 'video/mp4'}",FpXbeLZWFSw,https://www.youtube.com/watch?v=FpXbeLZWFSw
cljwcvfg5002w3n6lo9eg0k8w,11587,front,,Abnormal Gait,stroke,"{'top': 49.206896551724135, 'left': 204.13793103448276, 'height': 377.55172413793105, 'width': 182.6896551724138}","{'height': 480, 'width': 854, 'mime_type': 'video/mp4'}",FpXbeLZWFSw,https://www.youtube.com/watch?v=FpXbeLZWFSw
cljwcvfg5002w3n6lo9eg0k8w,11588,front,,Abnormal Gait,stroke,"{'top': 48.89655172413793, 'left': 205.93103448275863, 'height': 377.72413793103453, 'width': 182.6551724137931}","{'height': 480, 'width': 854, 'mime_type': 'video/mp4'}",FpXbeLZWFSw,https://www.youtube.com/watch?v=FpXbeLZWFSw
cljwcvfg5002w3n6lo9eg0k8w,11589,front,,Abnormal Gait,stroke,"{'top': 48.58620689655172, 'left': 207.72413793103448, 'height': 377.8965517241379, 'width': 182.62068965517244}","{'height': 480, 'width': 854, 'mime_type': 'video/mp4'}",FpXbeLZWFSw,https://www.youtube.com/watch?v=FpXbeLZWFSw
cljwcvfg5002w3n6lo9eg0k8w,11590,front,,Abnormal Gait,stroke,"{'top': 48.275862068965516, 'left': 209.51724137931035, 'height': 378.0689655172414, 'width': 182.58620689655174}","{'height': 480, 'width': 854, 'mime_type': 'video/mp4'}",FpXbeLZWFSw,https://www.youtube.com/watch?v=FpXbeLZWFSw
cljwcvfg5002w3n6lo9eg0k8w,11591,front,,Abnormal Gait,stroke,"{'top': 47.96551724137931, 'left': 211.31034482758622, 'height': 378.2413793103448, 'width': 182.55172413793105}","{'height': 480, 'width': 854, 'mime_type': 'video/mp4'}",FpXbeLZWFSw,https://www.youtube.com/watch?v=FpXbeLZWFSw
cljwcvfg5002w3n6lo9eg0k8w,11592,front,,Abnormal Gait,stroke,"{'top': 47.6551724137931, 'left': 213.10344827586206, 'height': 378.4137931034483, 'width': 182.51724137931038}","{'height': 480, 'width': 854, 'mime_type': 'video/mp4'}",FpXbeLZWFSw,https://www.youtube.com/watch?v=FpXbeLZWFSw
cljwcvfg5002w3n6lo9eg0k8w,11593,front,,Abnormal Gait,stroke,"{'top': 47.3448275862069, 'left': 214.89655172413794, 'height': 378.5862068965517, 'width': 182.48275862068962}","{'height': 480, 'width': 854, 'mime_type': 'video/mp4'}",FpXbeLZWFSw,https://www.youtube.com/watch?v=FpXbeLZWFSw
cljwcvfg5002w3n6lo9eg0k8w,11594,front,,Abnormal Gait,stroke,"{'top': 47.03448275862069, 'left': 216.68965517241378, 'height': 378.7586206896552, 'width': 182.44827586206895}","{'height': 480, 'width': 854, 'mime_type': 'video/mp4'}",FpXbeLZWFSw,https://www.youtube.com/watch?v=FpXbeLZWFSw
cljwcvfg5002w3n6lo9eg0k8w,11595,front,,Abnormal Gait,stroke,"{'top': 46.724137931034484, 'left': 218.48275862068965, 'height': 378.9310344827586, 'width': 182.41379310344826}","{'height': 480, 'width': 854, 'mime_type': 'video/mp4'}",FpXbeLZWFSw,https://www.youtube.com/watch?v=FpXbeLZWFSw
cljwcvfg5002w3n6lo9eg0k8w,11596,front,,Abnormal Gait,stroke,"{'top': 46.41379310344828, 'left': 220.27586206896552, 'height': 379.1034482758621, 'width': 182.37931034482756}","{'height': 480, 'width': 854, 'mime_type': 'video/mp4'}",FpXbeLZWFSw,https://www.youtube.com/watch?v=FpXbeLZWFSw
cljwcvfg5002w3n6lo9eg0k8w,11597,front,,Abnormal Gait,stroke,"{'top': 46.10344827586207, 'left': 222.0689655172414, 'height': 379.27586206896547, 'width': 182.34482758620686}","{'height': 480, 'width': 854, 'mime_type': 'video/mp4'}",FpXbeLZWFSw,https://www.youtube.com/watch?v=FpXbeLZWFSw
cljwcvfg5002w3n6lo9eg0k8w,11598,front,,Abnormal Gait,stroke,"{'top': 45.79310344827586, 'left': 223.86206896551724, 'height': 379.44827586206895, 'width': 182.3103448275862}","{'height': 480, 'width': 854, 'mime_type': 'video/mp4'}",FpXbeLZWFSw,https://www.youtube.com/watch?v=FpXbeLZWFSw
cljwcvfg5002w3n6lo9eg0k8w,11599,front,,Abnormal Gait,stroke,"{'top': 45.48275862068965, 'left': 225.6551724137931, 'height': 379.62068965517244, 'width': 182.2758620689655}","{'height': 480, 'width': 854, 'mime_type': 'video/mp4'}",FpXbeLZWFSw,https://www.youtube.com/watch?v=FpXbeLZWFSw
cljwcvfg5002w3n6lo9eg0k8w,11600,front,,Abnormal Gait,stroke,"{'top': 45.172413793103445, 'left': 227.44827586206895, 'height': 379.7931034482759, 'width': 182.24137931034483}","{'height': 480, 'width': 854, 'mime_type': 'video/mp4'}",FpXbeLZWFSw,https://www.youtube.com/watch?v=FpXbeLZWFSw
cljwcvfg5002w3n6lo9eg0k8w,11601,front,,Abnormal Gait,stroke,"{'top': 44.86206896551724, 'left': 229.24137931034483, 'height': 379.9655172413793, 'width': 182.20689655172413}","{'height': 480, 'width': 854, 'mime_type': 'video/mp4'}",FpXbeLZWFSw,https://www.youtube.com/watch?v=FpXbeLZWFSw
cljwcvfg5002w3n6lo9eg0k8w,11602,front,,Abnormal Gait,stroke,"{'top': 44.55172413793103, 'left': 231.0344827586207, 'height': 380.13793103448273, 'width': 182.17241379310343}","{'height': 480, 'width': 854, 'mime_type': 'video/mp4'}",FpXbeLZWFSw,https://www.youtube.com/watch?v=FpXbeLZWFSw
cljwcvfg5002w3n6lo9eg0k8w,11603,front,,Abnormal Gait,stroke,"{'top': 44.241379310344826, 'left': 232.82758620689654, 'height': 380.3103448275862, 'width': 182.13793103448276}","{'height': 480, 'width': 854, 'mime_type': 'video/mp4'}",FpXbeLZWFSw,https://www.youtube.com/watch?v=FpXbeLZWFSw
cljwcvfg5002w3n6lo9eg0k8w,11604,front,,Abnormal Gait,stroke,"{'top': 43.93103448275862, 'left': 234.6206896551724, 'height': 380.48275862068965, 'width': 182.10344827586206}","{'height': 480, 'width': 854, 'mime_type': 'video/mp4'}",FpXbeLZWFSw,https://www.youtube.com/watch?v=FpXbeLZWFSw
cljwcvfg5002w3n6lo9eg0k8w,11605,front,,Abnormal Gait,stroke,"{'top': 43.62068965517241, 'left': 236.41379310344828, 'height': 380.65517241379314, 'width': 182.06896551724137}","{'height': 480, 'width': 854, 'mime_type': 'video/mp4'}",FpXbeLZWFSw,https://www.youtube.com/watch?v=FpXbeLZWFSw
cljwcvfg5002w3n6lo9eg0k8w,11606,front,,Abnormal Gait,stroke,"{'top': 43.310344827586206, 'left': 238.20689655172413, 'height': 380.8275862068965, 'width': 182.0344827586207}","{'height': 480, 'width': 854, 'mime_type': 'video/mp4'}",FpXbeLZWFSw,https://www.youtube.com/watch?v=FpXbeLZWFSw
cljwcvfg5002w3n6lo9eg0k8w,11607,front,,Abnormal Gait,stroke,"{'top': 43.0, 'left': 240.0, 'height': 381.0, 'width': 182.0}","{'height': 480, 'width': 854, 'mime_type': 'video/mp4'}",FpXbeLZWFSw,https://www.youtube.com/watch?v=FpXbeLZWFSw
cljwcvfg5002w3n6lo9eg0k8w,11608,front,,Abnormal Gait,stroke,"{'top': 42.83606557377049, 'left': 240.95081967213116, 'height': 381.8360655737705, 'width': 182.06557377049177}","{'height': 480, 'width': 854, 'mime_type': 'video/mp4'}",FpXbeLZWFSw,https://www.youtube.com/watch?v=FpXbeLZWFSw
cljwcvfg5002w3n6lo9eg0k8w,11609,front,,Abnormal Gait,stroke,"{'top': 42.67213114754098, 'left': 241.9016393442623, 'height': 382.672131147541, 'width': 182.13114754098362}","{'height': 480, 'width': 854, 'mime_type': 'video/mp4'}",FpXbeLZWFSw,https://www.youtube.com/watch?v=FpXbeLZWFSw
cljwcvfg5002w3n6lo9eg0k8w,11610,front,,Abnormal Gait,stroke,"{'top': 42.50819672131148, 'left': 242.85245901639345, 'height': 383.50819672131144, 'width': 182.1967213114754}","{'height': 480, 'width': 854, 'mime_type': 'video/mp4'}",FpXbeLZWFSw,https://www.youtube.com/watch?v=FpXbeLZWFSw
cljwcvfg5002w3n6lo9eg0k8w,11611,front,,Abnormal Gait,stroke,"{'top': 42.34426229508197, 'left': 243.80327868852459, 'height': 384.34426229508193, 'width': 182.26229508196724}","{'height': 480, 'width': 854, 'mime_type': 'video/mp4'}",FpXbeLZWFSw,https://www.youtube.com/watch?v=FpXbeLZWFSw
cljwcvfg5002w3n6lo9eg0k8w,11612,front,,Abnormal Gait,stroke,"{'top': 42.18032786885246, 'left': 244.75409836065575, 'height': 385.1803278688525, 'width': 182.327868852459}","{'height': 480, 'width': 854, 'mime_type': 'video/mp4'}",FpXbeLZWFSw,https://www.youtube.com/watch?v=FpXbeLZWFSw
cljwcvfg5002w3n6lo9eg0k8w,11613,front,,Abnormal Gait,stroke,"{'top': 42.01639344262295, 'left': 245.70491803278688, 'height': 386.016393442623, 'width': 182.3934426229508}","{'height': 480, 'width': 854, 'mime_type': 'video/mp4'}",FpXbeLZWFSw,https://www.youtube.com/watch?v=FpXbeLZWFSw
cljwcvfg5002w3n6lo9eg0k8w,11614,front,,Abnormal Gait,stroke,"{'top': 41.85245901639344, 'left': 246.65573770491804, 'height': 386.8524590163935, 'width': 182.45901639344262}","{'height': 480, 'width': 854, 'mime_type': 'video/mp4'}",FpXbeLZWFSw,https://www.youtube.com/watch?v=FpXbeLZWFSw
cljwcvfg5002w3n6lo9eg0k8w,11615,front,,Abnormal Gait,stroke,"{'top': 41.68852459016394, 'left': 247.60655737704917, 'height': 387.6885245901639, 'width': 182.52459016393442}","{'height': 480, 'width': 854, 'mime_type': 'video/mp4'}",FpXbeLZWFSw,https://www.youtube.com/watch?v=FpXbeLZWFSw
cljwcvfg5002w3n6lo9eg0k8w,11616,front,,Abnormal Gait,stroke,"{'top': 41.52459016393443, 'left': 248.55737704918033, 'height': 388.5245901639344, 'width': 182.59016393442624}","{'height': 480, 'width': 854, 'mime_type': 'video/mp4'}",FpXbeLZWFSw,https://www.youtube.com/watch?v=FpXbeLZWFSw
cljwcvfg5002w3n6lo9eg0k8w,11617,front,,Abnormal Gait,stroke,"{'top': 41.36065573770492, 'left': 249.50819672131146, 'height': 389.3606557377049, 'width': 182.65573770491804}","{'height': 480, 'width': 854, 'mime_type': 'video/mp4'}",FpXbeLZWFSw,https://www.youtube.com/watch?v=FpXbeLZWFSw
cljwcvfg5002w3n6lo9eg0k8w,11618,front,,Abnormal Gait,stroke,"{'top': 41.19672131147541, 'left': 250.45901639344262, 'height': 390.1967213114754, 'width': 182.72131147540986}","{'height': 480, 'width': 854, 'mime_type': 'video/mp4'}",FpXbeLZWFSw,https://www.youtube.com/watch?v=FpXbeLZWFSw
cljwcvfg5002w3n6lo9eg0k8w,11619,front,,Abnormal Gait,stroke,"{'top': 41.032786885245905, 'left': 251.40983606557376, 'height': 391.0327868852459, 'width': 182.78688524590166}","{'height': 480, 'width': 854, 'mime_type': 'video/mp4'}",FpXbeLZWFSw,https://www.youtube.com/watch?v=FpXbeLZWFSw
cljwcvfg5002w3n6lo9eg0k8w,11620,front,,Abnormal Gait,stroke,"{'top': 40.868852459016395, 'left': 252.36065573770492, 'height': 391.86885245901635, 'width': 182.85245901639342}","{'height': 480, 'width': 854, 'mime_type': 'video/mp4'}",FpXbeLZWFSw,https://www.youtube.com/watch?v=FpXbeLZWFSw
cljwcvfg5002w3n6lo9eg0k8w,11621,front,,Abnormal Gait,stroke,"{'top': 40.704918032786885, 'left': 253.31147540983608, 'height': 392.70491803278685, 'width': 182.91803278688525}","{'height': 480, 'width': 854, 'mime_type': 'video/mp4'}",FpXbeLZWFSw,https://www.youtube.com/watch?v=FpXbeLZWFSw
cljwcvfg5002w3n6lo9eg0k8w,11622,front,,Abnormal Gait,stroke,"{'top': 40.540983606557376, 'left': 254.2622950819672, 'height': 393.54098360655735, 'width': 182.98360655737704}","{'height': 480, 'width': 854, 'mime_type': 'video/mp4'}",FpXbeLZWFSw,https://www.youtube.com/watch?v=FpXbeLZWFSw
cljwcvfg5002w3n6lo9eg0k8w,11623,front,,Abnormal Gait,stroke,"{'top': 40.377049180327866, 'left': 255.21311475409837, 'height': 394.3770491803279, 'width': 183.04918032786887}","{'height': 480, 'width': 854, 'mime_type': 'video/mp4'}",FpXbeLZWFSw,https://www.youtube.com/watch?v=FpXbeLZWFSw
cljwcvfg5002w3n6lo9eg0k8w,11624,front,,Abnormal Gait,stroke,"{'top': 40.21311475409836, 'left': 256.1639344262295, 'height': 395.2131147540984, 'width': 183.11475409836066}","{'height': 480, 'width': 854, 'mime_type': 'video/mp4'}",FpXbeLZWFSw,https://www.youtube.com/watch?v=FpXbeLZWFSw
cljwcvfg5002w3n6lo9eg0k8w,11625,front,,Abnormal Gait,stroke,"{'top': 40.049180327868854, 'left': 257.11475409836066, 'height': 396.04918032786884, 'width': 183.18032786885243}","{'height': 480, 'width': 854, 'mime_type': 'video/mp4'}",FpXbeLZWFSw,https://www.youtube.com/watch?v=FpXbeLZWFSw
cljwcvfg5002w3n6lo9eg0k8w,11626,front,,Abnormal Gait,stroke,"{'top': 39.885245901639344, 'left': 258.0655737704918, 'height': 396.88524590163934, 'width': 183.24590163934425}","{'height': 480, 'width': 854, 'mime_type': 'video/mp4'}",FpXbeLZWFSw,https://www.youtube.com/watch?v=FpXbeLZWFSw
cljwcvfg5002w3n6lo9eg0k8w,11627,front,,Abnormal Gait,stroke,"{'top': 39.721311475409834, 'left': 259.0163934426229, 'height': 397.72131147540983, 'width': 183.31147540983608}","{'height': 480, 'width': 854, 'mime_type': 'video/mp4'}",FpXbeLZWFSw,https://www.youtube.com/watch?v=FpXbeLZWFSw
cljwcvfg5002w3n6lo9eg0k8w,11628,front,,Abnormal Gait,stroke,"{'top': 39.55737704918033, 'left': 259.9672131147541, 'height': 398.55737704918033, 'width': 183.3770491803279}","{'height': 480, 'width': 854, 'mime_type': 'video/mp4'}",FpXbeLZWFSw,https://www.youtube.com/watch?v=FpXbeLZWFSw
cljwcvfg5002w3n6lo9eg0k8w,11629,front,,Abnormal Gait,stroke,"{'top': 39.39344262295082, 'left': 260.91803278688525, 'height': 399.39344262295083, 'width': 183.44262295081967}","{'height': 480, 'width': 854, 'mime_type': 'video/mp4'}",FpXbeLZWFSw,https://www.youtube.com/watch?v=FpXbeLZWFSw
cljwcvfg5002w3n6lo9eg0k8w,11630,front,,Abnormal Gait,stroke,"{'top': 39.22950819672131, 'left': 261.8688524590164, 'height': 400.22950819672127, 'width': 183.50819672131144}","{'height': 480, 'width': 854, 'mime_type': 'video/mp4'}",FpXbeLZWFSw,https://www.youtube.com/watch?v=FpXbeLZWFSw
cljwcvfg5002w3n6lo9eg0k8w,11631,front,,Abnormal Gait,stroke,"{'top': 39.0655737704918, 'left': 262.8196721311475, 'height': 401.06557377049177, 'width': 183.57377049180332}","{'height': 480, 'width': 854, 'mime_type': 'video/mp4'}",FpXbeLZWFSw,https://www.youtube.com/watch?v=FpXbeLZWFSw
cljwcvfg5002w3n6lo9eg0k8w,11632,front,,Abnormal Gait,stroke,"{'top': 38.90163934426229, 'left': 263.7704918032787, 'height': 401.9016393442623, 'width': 183.63934426229508}","{'height': 480, 'width': 854, 'mime_type': 'video/mp4'}",FpXbeLZWFSw,https://www.youtube.com/watch?v=FpXbeLZWFSw
cljwcvfg5002w3n6lo9eg0k8w,11633,front,,Abnormal Gait,stroke,"{'top': 38.73770491803279, 'left': 264.72131147540983, 'height': 402.7377049180328, 'width': 183.7049180327869}","{'height': 480, 'width': 854, 'mime_type': 'video/mp4'}",FpXbeLZWFSw,https://www.youtube.com/watch?v=FpXbeLZWFSw
cljwcvfg5002w3n6lo9eg0k8w,11634,front,,Abnormal Gait,stroke,"{'top': 38.57377049180328, 'left': 265.672131147541, 'height': 403.5737704918033, 'width': 183.77049180327867}","{'height': 480, 'width': 854, 'mime_type': 'video/mp4'}",FpXbeLZWFSw,https://www.youtube.com/watch?v=FpXbeLZWFSw
cljwcvfg5002w3n6lo9eg0k8w,11635,front,,Abnormal Gait,stroke,"{'top': 38.40983606557377, 'left': 266.62295081967216, 'height': 404.40983606557376, 'width': 183.8360655737705}","{'height': 480, 'width': 854, 'mime_type': 'video/mp4'}",FpXbeLZWFSw,https://www.youtube.com/watch?v=FpXbeLZWFSw
cljwcvfg5002w3n6lo9eg0k8w,11636,front,,Abnormal Gait,stroke,"{'top': 38.24590163934426, 'left': 267.57377049180326, 'height': 405.24590163934425, 'width': 183.90163934426232}","{'height': 480, 'width': 854, 'mime_type': 'video/mp4'}",FpXbeLZWFSw,https://www.youtube.com/watch?v=FpXbeLZWFSw
cljwcvfg5002w3n6lo9eg0k8w,11637,front,,Abnormal Gait,stroke,"{'top': 38.08196721311475, 'left': 268.5245901639344, 'height': 406.08196721311475, 'width': 183.9672131147541}","{'height': 480, 'width': 854, 'mime_type': 'video/mp4'}",FpXbeLZWFSw,https://www.youtube.com/watch?v=FpXbeLZWFSw
cljwcvfg5002w3n6lo9eg0k8w,11638,front,,Abnormal Gait,stroke,"{'top': 37.91803278688525, 'left': 269.4754098360656, 'height': 406.91803278688525, 'width': 184.0327868852459}","{'height': 480, 'width': 854, 'mime_type': 'video/mp4'}",FpXbeLZWFSw,https://www.youtube.com/watch?v=FpXbeLZWFSw
cljwcvfg5002w3n6lo9eg0k8w,11639,front,,Abnormal Gait,stroke,"{'top': 37.75409836065574, 'left': 270.42622950819674, 'height': 407.75409836065575, 'width': 184.09836065573768}","{'height': 480, 'width': 854, 'mime_type': 'video/mp4'}",FpXbeLZWFSw,https://www.youtube.com/watch?v=FpXbeLZWFSw
cljwcvfg5002w3n6lo9eg0k8w,11640,front,,Abnormal Gait,stroke,"{'top': 37.59016393442623, 'left': 271.37704918032784, 'height': 408.59016393442624, 'width': 184.16393442622956}","{'height': 480, 'width': 854, 'mime_type': 'video/mp4'}",FpXbeLZWFSw,https://www.youtube.com/watch?v=FpXbeLZWFSw
cljwcvfg5002w3n6lo9eg0k8w,11641,front,,Abnormal Gait,stroke,"{'top': 37.42622950819672, 'left': 272.327868852459, 'height': 409.4262295081967, 'width': 184.22950819672133}","{'height': 480, 'width': 854, 'mime_type': 'video/mp4'}",FpXbeLZWFSw,https://www.youtube.com/watch?v=FpXbeLZWFSw
cljwcvfg5002w3n6lo9eg0k8w,11642,front,,Abnormal Gait,stroke,"{'top': 37.26229508196721, 'left': 273.27868852459017, 'height': 410.2622950819672, 'width': 184.2950819672131}","{'height': 480, 'width': 854, 'mime_type': 'video/mp4'}",FpXbeLZWFSw,https://www.youtube.com/watch?v=FpXbeLZWFSw
cljwcvfg5002w3n6lo9eg0k8w,11643,front,,Abnormal Gait,stroke,"{'top': 37.09836065573771, 'left': 274.2295081967213, 'height': 411.0983606557377, 'width': 184.36065573770492}","{'height': 480, 'width': 854, 'mime_type': 'video/mp4'}",FpXbeLZWFSw,https://www.youtube.com/watch?v=FpXbeLZWFSw
cljwcvfg5002w3n6lo9eg0k8w,11644,front,,Abnormal Gait,stroke,"{'top': 36.9344262295082, 'left': 275.1803278688525, 'height': 411.93442622950823, 'width': 184.42622950819668}","{'height': 480, 'width': 854, 'mime_type': 'video/mp4'}",FpXbeLZWFSw,https://www.youtube.com/watch?v=FpXbeLZWFSw
cljwcvfg5002w3n6lo9eg0k8w,11645,front,,Abnormal Gait,stroke,"{'top': 36.77049180327869, 'left': 276.1311475409836, 'height': 412.77049180327873, 'width': 184.49180327868856}","{'height': 480, 'width': 854, 'mime_type': 'video/mp4'}",FpXbeLZWFSw,https://www.youtube.com/watch?v=FpXbeLZWFSw
cljwcvfg5002w3n6lo9eg0k8w,11646,front,,Abnormal Gait,stroke,"{'top': 36.60655737704918, 'left': 277.08196721311475, 'height': 413.60655737704917, 'width': 184.55737704918033}","{'height': 480, 'width': 854, 'mime_type': 'video/mp4'}",FpXbeLZWFSw,https://www.youtube.com/watch?v=FpXbeLZWFSw
cljwcvfg5002w3n6lo9eg0k8w,11647,front,,Abnormal Gait,stroke,"{'top': 36.442622950819676, 'left': 278.0327868852459, 'height': 414.44262295081967, 'width': 184.6229508196721}","{'height': 480, 'width': 854, 'mime_type': 'video/mp4'}",FpXbeLZWFSw,https://www.youtube.com/watch?v=FpXbeLZWFSw
cljwcvfg5002w3n6lo9eg0k8w,11648,front,,Abnormal Gait,stroke,"{'top': 36.278688524590166, 'left': 278.983606557377, 'height': 415.27868852459017, 'width': 184.68852459016398}","{'height': 480, 'width': 854, 'mime_type': 'video/mp4'}",FpXbeLZWFSw,https://www.youtube.com/watch?v=FpXbeLZWFSw
cljwcvfg5002w3n6lo9eg0k8w,11649,front,,Abnormal Gait,stroke,"{'top': 36.114754098360656, 'left': 279.9344262295082, 'height': 416.11475409836066, 'width': 184.75409836065575}","{'height': 480, 'width': 854, 'mime_type': 'video/mp4'}",FpXbeLZWFSw,https://www.youtube.com/watch?v=FpXbeLZWFSw
cljwcvfg5002w3n6lo9eg0k8w,11650,front,,Abnormal Gait,stroke,"{'top': 35.950819672131146, 'left': 280.88524590163934, 'height': 416.95081967213116, 'width': 184.81967213114757}","{'height': 480, 'width': 854, 'mime_type': 'video/mp4'}",FpXbeLZWFSw,https://www.youtube.com/watch?v=FpXbeLZWFSw
cljwcvfg5002w3n6lo9eg0k8w,11651,front,,Abnormal Gait,stroke,"{'top': 35.78688524590164, 'left': 281.8360655737705, 'height': 417.7868852459016, 'width': 184.88524590163934}","{'height': 480, 'width': 854, 'mime_type': 'video/mp4'}",FpXbeLZWFSw,https://www.youtube.com/watch?v=FpXbeLZWFSw
cljwcvfg5002w3n6lo9eg0k8w,11652,front,,Abnormal Gait,stroke,"{'top': 35.62295081967213, 'left': 282.78688524590166, 'height': 418.62295081967216, 'width': 184.95081967213116}","{'height': 480, 'width': 854, 'mime_type': 'video/mp4'}",FpXbeLZWFSw,https://www.youtube.com/watch?v=FpXbeLZWFSw
cljwcvfg5002w3n6lo9eg0k8w,11653,front,,Abnormal Gait,stroke,"{'top': 35.459016393442624, 'left': 283.73770491803276, 'height': 419.45901639344265, 'width': 185.01639344262298}","{'height': 480, 'width': 854, 'mime_type': 'video/mp4'}",FpXbeLZWFSw,https://www.youtube.com/watch?v=FpXbeLZWFSw
cljwcvfg5002w3n6lo9eg0k8w,11654,front,,Abnormal Gait,stroke,"{'top': 35.295081967213115, 'left': 284.6885245901639, 'height': 420.29508196721315, 'width': 185.08196721311475}","{'height': 480, 'width': 854, 'mime_type': 'video/mp4'}",FpXbeLZWFSw,https://www.youtube.com/watch?v=FpXbeLZWFSw
cljwcvfg5002w3n6lo9eg0k8w,11655,front,,Abnormal Gait,stroke,"{'top': 35.131147540983605, 'left': 285.6393442622951, 'height': 421.1311475409836, 'width': 185.14754098360658}","{'height': 480, 'width': 854, 'mime_type': 'video/mp4'}",FpXbeLZWFSw,https://www.youtube.com/watch?v=FpXbeLZWFSw
cljwcvfg5002w3n6lo9eg0k8w,11656,front,,Abnormal Gait,stroke,"{'top': 34.9672131147541, 'left': 286.59016393442624, 'height': 421.9672131147541, 'width': 185.21311475409834}","{'height': 480, 'width': 854, 'mime_type': 'video/mp4'}",FpXbeLZWFSw,https://www.youtube.com/watch?v=FpXbeLZWFSw
cljwcvfg5002w3n6lo9eg0k8w,11657,front,,Abnormal Gait,stroke,"{'top': 34.803278688524586, 'left': 287.54098360655735, 'height': 422.8032786885246, 'width': 185.27868852459017}","{'height': 480, 'width': 854, 'mime_type': 'video/mp4'}",FpXbeLZWFSw,https://www.youtube.com/watch?v=FpXbeLZWFSw
cljwcvfg5002w3n6lo9eg0k8w,11658,front,,Abnormal Gait,stroke,"{'top': 34.63934426229508, 'left': 288.4918032786885, 'height': 423.6393442622951, 'width': 185.344262295082}","{'height': 480, 'width': 854, 'mime_type': 'video/mp4'}",FpXbeLZWFSw,https://www.youtube.com/watch?v=FpXbeLZWFSw
cljwcvfg5002w3n6lo9eg0k8w,11659,front,,Abnormal Gait,stroke,"{'top': 34.47540983606557, 'left': 289.44262295081967, 'height': 424.4754098360656, 'width': 185.40983606557376}","{'height': 480, 'width': 854, 'mime_type': 'video/mp4'}",FpXbeLZWFSw,https://www.youtube.com/watch?v=FpXbeLZWFSw
cljwcvfg5002w3n6lo9eg0k8w,11660,front,,Abnormal Gait,stroke,"{'top': 34.31147540983606, 'left': 290.39344262295083, 'height': 425.3114754098361, 'width': 185.47540983606558}","{'height': 480, 'width': 854, 'mime_type': 'video/mp4'}",FpXbeLZWFSw,https://www.youtube.com/watch?v=FpXbeLZWFSw
cljwcvfg5002w3n6lo9eg0k8w,11661,front,,Abnormal Gait,stroke,"{'top': 34.14754098360656, 'left': 291.344262295082, 'height': 426.1475409836065, 'width': 185.54098360655735}","{'height': 480, 'width': 854, 'mime_type': 'video/mp4'}",FpXbeLZWFSw,https://www.youtube.com/watch?v=FpXbeLZWFSw
cljwcvfg5002w3n6lo9eg0k8w,11662,front,,Abnormal Gait,stroke,"{'top': 33.98360655737705, 'left': 292.2950819672131, 'height': 426.983606557377, 'width': 185.60655737704923}","{'height': 480, 'width': 854, 'mime_type': 'video/mp4'}",FpXbeLZWFSw,https://www.youtube.com/watch?v=FpXbeLZWFSw
cljwcvfg5002w3n6lo9eg0k8w,11663,front,,Abnormal Gait,stroke,"{'top': 33.81967213114754, 'left': 293.24590163934425, 'height': 427.8196721311475, 'width': 185.672131147541}","{'height': 480, 'width': 854, 'mime_type': 'video/mp4'}",FpXbeLZWFSw,https://www.youtube.com/watch?v=FpXbeLZWFSw
cljwcvfg5002w3n6lo9eg0k8w,11664,front,,Abnormal Gait,stroke,"{'top': 33.65573770491803, 'left': 294.1967213114754, 'height': 428.65573770491807, 'width': 185.73770491803276}","{'height': 480, 'width': 854, 'mime_type': 'video/mp4'}",FpXbeLZWFSw,https://www.youtube.com/watch?v=FpXbeLZWFSw
cljwcvfg5002w3n6lo9eg0k8w,11665,front,,Abnormal Gait,stroke,"{'top': 33.49180327868852, 'left': 295.1475409836066, 'height': 429.4918032786885, 'width': 185.80327868852459}","{'height': 480, 'width': 854, 'mime_type': 'video/mp4'}",FpXbeLZWFSw,https://www.youtube.com/watch?v=FpXbeLZWFSw
cljwcvfg5002w3n6lo9eg0k8w,11666,front,,Abnormal Gait,stroke,"{'top': 33.32786885245902, 'left': 296.0983606557377, 'height': 430.327868852459, 'width': 185.8688524590164}","{'height': 480, 'width': 854, 'mime_type': 'video/mp4'}",FpXbeLZWFSw,https://www.youtube.com/watch?v=FpXbeLZWFSw
cljwcvfg5002w3n6lo9eg0k8w,11667,front,,Abnormal Gait,stroke,"{'top': 33.16393442622951, 'left': 297.04918032786884, 'height': 431.1639344262295, 'width': 185.93442622950823}","{'height': 480, 'width': 854, 'mime_type': 'video/mp4'}",FpXbeLZWFSw,https://www.youtube.com/watch?v=FpXbeLZWFSw
cljwcvfg5002w3n6lo9eg0k8w,11668,front,,Abnormal Gait,stroke,"{'top': 33.0, 'left': 298.0, 'height': 432.0, 'width': 186.0}","{'height': 480, 'width': 854, 'mime_type': 'video/mp4'}",FpXbeLZWFSw,https://www.youtube.com/watch?v=FpXbeLZWFSw
cljwcvfg5002w3n6lo9eg0k8w,11669,front,,Abnormal Gait,stroke,"{'top': 32.81818181818182, 'left': 299.0, 'height': 429.45454545454544, 'width': 186.0}","{'height': 480, 'width': 854, 'mime_type': 'video/mp4'}",FpXbeLZWFSw,https://www.youtube.com/watch?v=FpXbeLZWFSw
cljwcvfg5002w3n6lo9eg0k8w,11670,front,,Abnormal Gait,stroke,"{'top': 32.63636363636363, 'left': 300.0, 'height': 426.90909090909093, 'width': 186.0}","{'height': 480, 'width': 854, 'mime_type': 'video/mp4'}",FpXbeLZWFSw,https://www.youtube.com/watch?v=FpXbeLZWFSw
cljwcvfg5002w3n6lo9eg0k8w,11671,front,,Abnormal Gait,stroke,"{'top': 32.45454545454545, 'left': 301.0, 'height': 424.3636363636364, 'width': 186.0}","{'height': 480, 'width': 854, 'mime_type': 'video/mp4'}",FpXbeLZWFSw,https://www.youtube.com/watch?v=FpXbeLZWFSw
cljwcvfg5002w3n6lo9eg0k8w,11672,front,,Abnormal Gait,stroke,"{'top': 32.27272727272727, 'left': 302.0, 'height': 421.8181818181818, 'width': 186.0}","{'height': 480, 'width': 854, 'mime_type': 'video/mp4'}",FpXbeLZWFSw,https://www.youtube.com/watch?v=FpXbeLZWFSw
cljwcvfg5002w3n6lo9eg0k8w,11673,front,,Abnormal Gait,stroke,"{'top': 32.09090909090909, 'left': 303.0, 'height': 419.27272727272725, 'width': 186.0}","{'height': 480, 'width': 854, 'mime_type': 'video/mp4'}",FpXbeLZWFSw,https://www.youtube.com/watch?v=FpXbeLZWFSw
cljwcvfg5002w3n6lo9eg0k8w,11674,front,,Abnormal Gait,stroke,"{'top': 31.90909090909091, 'left': 304.0, 'height': 416.7272727272727, 'width': 186.0}","{'height': 480, 'width': 854, 'mime_type': 'video/mp4'}",FpXbeLZWFSw,https://www.youtube.com/watch?v=FpXbeLZWFSw
cljwcvfg5002w3n6lo9eg0k8w,11675,front,,Abnormal Gait,stroke,"{'top': 31.727272727272727, 'left': 305.0, 'height': 414.1818181818182, 'width': 186.0}","{'height': 480, 'width': 854, 'mime_type': 'video/mp4'}",FpXbeLZWFSw,https://www.youtube.com/watch?v=FpXbeLZWFSw
cljwcvfg5002w3n6lo9eg0k8w,11676,front,,Abnormal Gait,stroke,"{'top': 31.545454545454547, 'left': 306.0, 'height': 411.6363636363636, 'width': 186.0}","{'height': 480, 'width': 854, 'mime_type': 'video/mp4'}",FpXbeLZWFSw,https://www.youtube.com/watch?v=FpXbeLZWFSw
cljwcvfg5002w3n6lo9eg0k8w,11677,front,,Abnormal Gait,stroke,"{'top': 31.363636363636363, 'left': 307.0, 'height': 409.09090909090907, 'width': 186.0}","{'height': 480, 'width': 854, 'mime_type': 'video/mp4'}",FpXbeLZWFSw,https://www.youtube.com/watch?v=FpXbeLZWFSw
cljwcvfg5002w3n6lo9eg0k8w,11678,front,,Abnormal Gait,stroke,"{'top': 31.181818181818183, 'left': 308.0, 'height': 406.54545454545456, 'width': 186.0}","{'height': 480, 'width': 854, 'mime_type': 'video/mp4'}",FpXbeLZWFSw,https://www.youtube.com/watch?v=FpXbeLZWFSw
cljwcvfg5002w3n6lo9eg0k8w,11679,front,,Abnormal Gait,stroke,"{'top': 31.0, 'left': 309.0, 'height': 404.0, 'width': 186.0}","{'height': 480, 'width': 854, 'mime_type': 'video/mp4'}",FpXbeLZWFSw,https://www.youtube.com/watch?v=FpXbeLZWFSw
cljwcvfg5002w3n6lo9eg0k8w,11680,front,,Abnormal Gait,stroke,"{'top': 31.03030303030303, 'left': 308.530303030303, 'height': 404.3484848484849, 'width': 185.92424242424244}","{'height': 480, 'width': 854, 'mime_type': 'video/mp4'}",FpXbeLZWFSw,https://www.youtube.com/watch?v=FpXbeLZWFSw
cljwcvfg5002w3n6lo9eg0k8w,11681,front,,Abnormal Gait,stroke,"{'top': 31.060606060606062, 'left': 308.06060606060606, 'height': 404.6969696969697, 'width': 185.84848484848487}","{'height': 480, 'width': 854, 'mime_type': 'video/mp4'}",FpXbeLZWFSw,https://www.youtube.com/watch?v=FpXbeLZWFSw
cljwcvfg5002w3n6lo9eg0k8w,11682,front,,Abnormal Gait,stroke,"{'top': 31.09090909090909, 'left': 307.59090909090907, 'height': 405.04545454545456, 'width': 185.7727272727273}","{'height': 480, 'width': 854, 'mime_type': 'video/mp4'}",FpXbeLZWFSw,https://www.youtube.com/watch?v=FpXbeLZWFSw
cljwcvfg5002w3n6lo9eg0k8w,11683,front,,Abnormal Gait,stroke,"{'top': 31.12121212121212, 'left': 307.1212121212121, 'height': 405.3939393939394, 'width': 185.6969696969697}","{'height': 480, 'width': 854, 'mime_type': 'video/mp4'}",FpXbeLZWFSw,https://www.youtube.com/watch?v=FpXbeLZWFSw
cljwcvfg5002w3n6lo9eg0k8w,11684,front,,Abnormal Gait,stroke,"{'top': 31.151515151515152, 'left': 306.6515151515151, 'height': 405.74242424242425, 'width': 185.62121212121212}","{'height': 480, 'width': 854, 'mime_type': 'video/mp4'}",FpXbeLZWFSw,https://www.youtube.com/watch?v=FpXbeLZWFSw
cljwcvfg5002w3n6lo9eg0k8w,11685,front,,Abnormal Gait,stroke,"{'top': 31.181818181818183, 'left': 306.1818181818182, 'height': 406.09090909090907, 'width': 185.54545454545456}","{'height': 480, 'width': 854, 'mime_type': 'video/mp4'}",FpXbeLZWFSw,https://www.youtube.com/watch?v=FpXbeLZWFSw
cljwcvfg5002w3n6lo9eg0k8w,11686,front,,Abnormal Gait,stroke,"{'top': 31.21212121212121, 'left': 305.7121212121212, 'height': 406.43939393939394, 'width': 185.469696969697}","{'height': 480, 'width': 854, 'mime_type': 'video/mp4'}",FpXbeLZWFSw,https://www.youtube.com/watch?v=FpXbeLZWFSw
cljwcvfg5002w3n6lo9eg0k8w,11687,front,,Abnormal Gait,stroke,"{'top': 31.242424242424242, 'left': 305.24242424242425, 'height': 406.78787878787875, 'width': 185.39393939393938}","{'height': 480, 'width': 854, 'mime_type': 'video/mp4'}",FpXbeLZWFSw,https://www.youtube.com/watch?v=FpXbeLZWFSw
cljwcvfg5002w3n6lo9eg0k8w,11688,front,,Abnormal Gait,stroke,"{'top': 31.272727272727273, 'left': 304.77272727272725, 'height': 407.1363636363637, 'width': 185.3181818181818}","{'height': 480, 'width': 854, 'mime_type': 'video/mp4'}",FpXbeLZWFSw,https://www.youtube.com/watch?v=FpXbeLZWFSw
cljwcvfg5002w3n6lo9eg0k8w,11689,front,,Abnormal Gait,stroke,"{'top': 31.303030303030305, 'left': 304.3030303030303, 'height': 407.4848484848485, 'width': 185.24242424242425}","{'height': 480, 'width': 854, 'mime_type': 'video/mp4'}",FpXbeLZWFSw,https://www.youtube.com/watch?v=FpXbeLZWFSw
cljwcvfg5002w3n6lo9eg0k8w,11690,front,,Abnormal Gait,stroke,"{'top': 31.333333333333332, 'left': 303.8333333333333, 'height': 407.83333333333337, 'width': 185.16666666666669}","{'height': 480, 'width': 854, 'mime_type': 'video/mp4'}",FpXbeLZWFSw,https://www.youtube.com/watch?v=FpXbeLZWFSw
cljwcvfg5002w3n6lo9eg0k8w,11691,front,,Abnormal Gait,stroke,"{'top': 31.363636363636363, 'left': 303.3636363636364, 'height': 408.1818181818182, 'width': 185.09090909090907}","{'height': 480, 'width': 854, 'mime_type': 'video/mp4'}",FpXbeLZWFSw,https://www.youtube.com/watch?v=FpXbeLZWFSw
cljwcvfg5002w3n6lo9eg0k8w,11692,front,,Abnormal Gait,stroke,"{'top': 31.393939393939394, 'left': 302.8939393939394, 'height': 408.53030303030306, 'width': 185.01515151515156}","{'height': 480, 'width': 854, 'mime_type': 'video/mp4'}",FpXbeLZWFSw,https://www.youtube.com/watch?v=FpXbeLZWFSw
cljwcvfg5002w3n6lo9eg0k8w,11693,front,,Abnormal Gait,stroke,"{'top': 31.424242424242426, 'left': 302.42424242424244, 'height': 408.8787878787879, 'width': 184.93939393939394}","{'height': 480, 'width': 854, 'mime_type': 'video/mp4'}",FpXbeLZWFSw,https://www.youtube.com/watch?v=FpXbeLZWFSw
cljwcvfg5002w3n6lo9eg0k8w,11694,front,,Abnormal Gait,stroke,"{'top': 31.454545454545453, 'left': 301.95454545454544, 'height': 409.22727272727275, 'width': 184.86363636363637}","{'height': 480, 'width': 854, 'mime_type': 'video/mp4'}",FpXbeLZWFSw,https://www.youtube.com/watch?v=FpXbeLZWFSw
cljwcvfg5002w3n6lo9eg0k8w,11695,front,,Abnormal Gait,stroke,"{'top': 31.484848484848484, 'left': 301.4848484848485, 'height': 409.57575757575756, 'width': 184.78787878787875}","{'height': 480, 'width': 854, 'mime_type': 'video/mp4'}",FpXbeLZWFSw,https://www.youtube.com/watch?v=FpXbeLZWFSw
cljwcvfg5002w3n6lo9eg0k8w,11696,front,,Abnormal Gait,stroke,"{'top': 31.515151515151516, 'left': 301.0151515151515, 'height': 409.92424242424244, 'width': 184.71212121212125}","{'height': 480, 'width': 854, 'mime_type': 'video/mp4'}",FpXbeLZWFSw,https://www.youtube.com/watch?v=FpXbeLZWFSw
cljwcvfg5002w3n6lo9eg0k8w,11697,front,,Abnormal Gait,stroke,"{'top': 31.545454545454547, 'left': 300.54545454545456, 'height': 410.27272727272725, 'width': 184.63636363636363}","{'height': 480, 'width': 854, 'mime_type': 'video/mp4'}",FpXbeLZWFSw,https://www.youtube.com/watch?v=FpXbeLZWFSw
cljwcvfg5002w3n6lo9eg0k8w,11698,front,,Abnormal Gait,stroke,"{'top': 31.575757575757574, 'left': 300.07575757575756, 'height': 410.6212121212121, 'width': 184.56060606060606}","{'height': 480, 'width': 854, 'mime_type': 'video/mp4'}",FpXbeLZWFSw,https://www.youtube.com/watch?v=FpXbeLZWFSw
cljwcvfg5002w3n6lo9eg0k8w,11699,front,,Abnormal Gait,stroke,"{'top': 31.606060606060606, 'left': 299.6060606060606, 'height': 410.96969696969694, 'width': 184.48484848484844}","{'height': 480, 'width': 854, 'mime_type': 'video/mp4'}",FpXbeLZWFSw,https://www.youtube.com/watch?v=FpXbeLZWFSw
cljwcvfg5002w3n6lo9eg0k8w,11700,front,,Abnormal Gait,stroke,"{'top': 31.636363636363637, 'left': 299.1363636363636, 'height': 411.3181818181818, 'width': 184.40909090909093}","{'height': 480, 'width': 854, 'mime_type': 'video/mp4'}",FpXbeLZWFSw,https://www.youtube.com/watch?v=FpXbeLZWFSw
cljwcvfg5002w3n6lo9eg0k8w,11701,front,,Abnormal Gait,stroke,"{'top': 31.666666666666668, 'left': 298.6666666666667, 'height': 411.66666666666663, 'width': 184.33333333333331}","{'height': 480, 'width': 854, 'mime_type': 'video/mp4'}",FpXbeLZWFSw,https://www.youtube.com/watch?v=FpXbeLZWFSw
cljwcvfg5002w3n6lo9eg0k8w,11702,front,,Abnormal Gait,stroke,"{'top': 31.696969696969695, 'left': 298.1969696969697, 'height': 412.0151515151515, 'width': 184.25757575757575}","{'height': 480, 'width': 854, 'mime_type': 'video/mp4'}",FpXbeLZWFSw,https://www.youtube.com/watch?v=FpXbeLZWFSw
cljwcvfg5002w3n6lo9eg0k8w,11703,front,,Abnormal Gait,stroke,"{'top': 31.727272727272727, 'left': 297.72727272727275, 'height': 412.3636363636363, 'width': 184.1818181818182}","{'height': 480, 'width': 854, 'mime_type': 'video/mp4'}",FpXbeLZWFSw,https://www.youtube.com/watch?v=FpXbeLZWFSw
cljwcvfg5002w3n6lo9eg0k8w,11704,front,,Abnormal Gait,stroke,"{'top': 31.757575757575758, 'left': 297.25757575757575, 'height': 412.71212121212125, 'width': 184.10606060606062}","{'height': 480, 'width': 854, 'mime_type': 'video/mp4'}",FpXbeLZWFSw,https://www.youtube.com/watch?v=FpXbeLZWFSw
cljwcvfg5002w3n6lo9eg0k8w,11705,front,,Abnormal Gait,stroke,"{'top': 31.78787878787879, 'left': 296.7878787878788, 'height': 413.06060606060606, 'width': 184.030303030303}","{'height': 480, 'width': 854, 'mime_type': 'video/mp4'}",FpXbeLZWFSw,https://www.youtube.com/watch?v=FpXbeLZWFSw
cljwcvfg5002w3n6lo9eg0k8w,11706,front,,Abnormal Gait,stroke,"{'top': 31.818181818181817, 'left': 296.3181818181818, 'height': 413.40909090909093, 'width': 183.95454545454544}","{'height': 480, 'width': 854, 'mime_type': 'video/mp4'}",FpXbeLZWFSw,https://www.youtube.com/watch?v=FpXbeLZWFSw
cljwcvfg5002w3n6lo9eg0k8w,11707,front,,Abnormal Gait,stroke,"{'top': 31.848484848484848, 'left': 295.8484848484849, 'height': 413.75757575757575, 'width': 183.87878787878788}","{'height': 480, 'width': 854, 'mime_type': 'video/mp4'}",FpXbeLZWFSw,https://www.youtube.com/watch?v=FpXbeLZWFSw
cljwcvfg5002w3n6lo9eg0k8w,11708,front,,Abnormal Gait,stroke,"{'top': 31.87878787878788, 'left': 295.3787878787879, 'height': 414.1060606060606, 'width': 183.8030303030303}","{'height': 480, 'width': 854, 'mime_type': 'video/mp4'}",FpXbeLZWFSw,https://www.youtube.com/watch?v=FpXbeLZWFSw
cljwcvfg5002w3n6lo9eg0k8w,11709,front,,Abnormal Gait,stroke,"{'top': 31.90909090909091, 'left': 294.90909090909093, 'height': 414.45454545454544, 'width': 183.7272727272727}","{'height': 480, 'width': 854, 'mime_type': 'video/mp4'}",FpXbeLZWFSw,https://www.youtube.com/watch?v=FpXbeLZWFSw
cljwcvfg5002w3n6lo9eg0k8w,11710,front,,Abnormal Gait,stroke,"{'top': 31.939393939393938, 'left': 294.43939393939394, 'height': 414.8030303030303, 'width': 183.65151515151513}","{'height': 480, 'width': 854, 'mime_type': 'video/mp4'}",FpXbeLZWFSw,https://www.youtube.com/watch?v=FpXbeLZWFSw
cljwcvfg5002w3n6lo9eg0k8w,11711,front,,Abnormal Gait,stroke,"{'top': 31.96969696969697, 'left': 293.969696969697, 'height': 415.1515151515151, 'width': 183.57575757575756}","{'height': 480, 'width': 854, 'mime_type': 'video/mp4'}",FpXbeLZWFSw,https://www.youtube.com/watch?v=FpXbeLZWFSw
cljwcvfg5002w3n6lo9eg0k8w,11712,front,,Abnormal Gait,stroke,"{'top': 32.0, 'left': 293.5, 'height': 415.5, 'width': 183.5}","{'height': 480, 'width': 854, 'mime_type': 'video/mp4'}",FpXbeLZWFSw,https://www.youtube.com/watch?v=FpXbeLZWFSw
cljwcvfg5002w3n6lo9eg0k8w,11713,front,,Abnormal Gait,stroke,"{'top': 32.03030303030303, 'left': 293.030303030303, 'height': 415.8484848484849, 'width': 183.42424242424244}","{'height': 480, 'width': 854, 'mime_type': 'video/mp4'}",FpXbeLZWFSw,https://www.youtube.com/watch?v=FpXbeLZWFSw
cljwcvfg5002w3n6lo9eg0k8w,11714,front,,Abnormal Gait,stroke,"{'top': 32.06060606060606, 'left': 292.56060606060606, 'height': 416.1969696969697, 'width': 183.34848484848487}","{'height': 480, 'width': 854, 'mime_type': 'video/mp4'}",FpXbeLZWFSw,https://www.youtube.com/watch?v=FpXbeLZWFSw
cljwcvfg5002w3n6lo9eg0k8w,11715,front,,Abnormal Gait,stroke,"{'top': 32.09090909090909, 'left': 292.0909090909091, 'height': 416.5454545454545, 'width': 183.27272727272725}","{'height': 480, 'width': 854, 'mime_type': 'video/mp4'}",FpXbeLZWFSw,https://www.youtube.com/watch?v=FpXbeLZWFSw
cljwcvfg5002w3n6lo9eg0k8w,11716,front,,Abnormal Gait,stroke,"{'top': 32.121212121212125, 'left': 291.6212121212121, 'height': 416.8939393939394, 'width': 183.1969696969697}","{'height': 480, 'width': 854, 'mime_type': 'video/mp4'}",FpXbeLZWFSw,https://www.youtube.com/watch?v=FpXbeLZWFSw
cljwcvfg5002w3n6lo9eg0k8w,11717,front,,Abnormal Gait,stroke,"{'top': 32.15151515151515, 'left': 291.1515151515151, 'height': 417.24242424242425, 'width': 183.12121212121212}","{'height': 480, 'width': 854, 'mime_type': 'video/mp4'}",FpXbeLZWFSw,https://www.youtube.com/watch?v=FpXbeLZWFSw
cljwcvfg5002w3n6lo9eg0k8w,11718,front,,Abnormal Gait,stroke,"{'top': 32.18181818181818, 'left': 290.6818181818182, 'height': 417.59090909090907, 'width': 183.04545454545456}","{'height': 480, 'width': 854, 'mime_type': 'video/mp4'}",FpXbeLZWFSw,https://www.youtube.com/watch?v=FpXbeLZWFSw
cljwcvfg5002w3n6lo9eg0k8w,11719,front,,Abnormal Gait,stroke,"{'top': 32.21212121212121, 'left': 290.2121212121212, 'height': 417.93939393939394, 'width': 182.969696969697}","{'height': 480, 'width': 854, 'mime_type': 'video/mp4'}",FpXbeLZWFSw,https://www.youtube.com/watch?v=FpXbeLZWFSw
cljwcvfg5002w3n6lo9eg0k8w,11720,front,,Abnormal Gait,stroke,"{'top': 32.24242424242424, 'left': 289.74242424242425, 'height': 418.28787878787875, 'width': 182.89393939393938}","{'height': 480, 'width': 854, 'mime_type': 'video/mp4'}",FpXbeLZWFSw,https://www.youtube.com/watch?v=FpXbeLZWFSw
cljwcvfg5002w3n6lo9eg0k8w,11721,front,,Abnormal Gait,stroke,"{'top': 32.27272727272727, 'left': 289.27272727272725, 'height': 418.6363636363637, 'width': 182.8181818181818}","{'height': 480, 'width': 854, 'mime_type': 'video/mp4'}",FpXbeLZWFSw,https://www.youtube.com/watch?v=FpXbeLZWFSw
cljwcvfg5002w3n6lo9eg0k8w,11722,front,,Abnormal Gait,stroke,"{'top': 32.303030303030305, 'left': 288.8030303030303, 'height': 418.9848484848485, 'width': 182.74242424242425}","{'height': 480, 'width': 854, 'mime_type': 'video/mp4'}",FpXbeLZWFSw,https://www.youtube.com/watch?v=FpXbeLZWFSw
cljwcvfg5002w3n6lo9eg0k8w,11723,front,,Abnormal Gait,stroke,"{'top': 32.333333333333336, 'left': 288.3333333333333, 'height': 419.33333333333337, 'width': 182.66666666666669}","{'height': 480, 'width': 854, 'mime_type': 'video/mp4'}",FpXbeLZWFSw,https://www.youtube.com/watch?v=FpXbeLZWFSw
cljwcvfg5002w3n6lo9eg0k8w,11724,front,,Abnormal Gait,stroke,"{'top': 32.36363636363637, 'left': 287.8636363636364, 'height': 419.6818181818182, 'width': 182.59090909090907}","{'height': 480, 'width': 854, 'mime_type': 'video/mp4'}",FpXbeLZWFSw,https://www.youtube.com/watch?v=FpXbeLZWFSw
cljwcvfg5002w3n6lo9eg0k8w,11725,front,,Abnormal Gait,stroke,"{'top': 32.39393939393939, 'left': 287.3939393939394, 'height': 420.03030303030306, 'width': 182.5151515151515}","{'height': 480, 'width': 854, 'mime_type': 'video/mp4'}",FpXbeLZWFSw,https://www.youtube.com/watch?v=FpXbeLZWFSw
cljwcvfg5002w3n6lo9eg0k8w,11726,front,,Abnormal Gait,stroke,"{'top': 32.42424242424242, 'left': 286.92424242424244, 'height': 420.3787878787879, 'width': 182.43939393939394}","{'height': 480, 'width': 854, 'mime_type': 'video/mp4'}",FpXbeLZWFSw,https://www.youtube.com/watch?v=FpXbeLZWFSw
cljwcvfg5002w3n6lo9eg0k8w,11727,front,,Abnormal Gait,stroke,"{'top': 32.45454545454545, 'left': 286.45454545454544, 'height': 420.72727272727275, 'width': 182.36363636363637}","{'height': 480, 'width': 854, 'mime_type': 'video/mp4'}",FpXbeLZWFSw,https://www.youtube.com/watch?v=FpXbeLZWFSw
cljwcvfg5002w3n6lo9eg0k8w,11728,front,,Abnormal Gait,stroke,"{'top': 32.484848484848484, 'left': 285.9848484848485, 'height': 421.07575757575756, 'width': 182.28787878787875}","{'height': 480, 'width': 854, 'mime_type': 'video/mp4'}",FpXbeLZWFSw,https://www.youtube.com/watch?v=FpXbeLZWFSw
cljwcvfg5002w3n6lo9eg0k8w,11729,front,,Abnormal Gait,stroke,"{'top': 32.515151515151516, 'left': 285.5151515151515, 'height': 421.42424242424244, 'width': 182.21212121212125}","{'height': 480, 'width': 854, 'mime_type': 'video/mp4'}",FpXbeLZWFSw,https://www.youtube.com/watch?v=FpXbeLZWFSw
cljwcvfg5002w3n6lo9eg0k8w,11730,front,,Abnormal Gait,stroke,"{'top': 32.54545454545455, 'left': 285.04545454545456, 'height': 421.77272727272725, 'width': 182.13636363636363}","{'height': 480, 'width': 854, 'mime_type': 'video/mp4'}",FpXbeLZWFSw,https://www.youtube.com/watch?v=FpXbeLZWFSw
cljwcvfg5002w3n6lo9eg0k8w,11731,front,,Abnormal Gait,stroke,"{'top': 32.57575757575758, 'left': 284.57575757575756, 'height': 422.1212121212121, 'width': 182.06060606060606}","{'height': 480, 'width': 854, 'mime_type': 'video/mp4'}",FpXbeLZWFSw,https://www.youtube.com/watch?v=FpXbeLZWFSw
cljwcvfg5002w3n6lo9eg0k8w,11732,front,,Abnormal Gait,stroke,"{'top': 32.60606060606061, 'left': 284.1060606060606, 'height': 422.46969696969694, 'width': 181.9848484848485}","{'height': 480, 'width': 854, 'mime_type': 'video/mp4'}",FpXbeLZWFSw,https://www.youtube.com/watch?v=FpXbeLZWFSw
cljwcvfg5002w3n6lo9eg0k8w,11733,front,,Abnormal Gait,stroke,"{'top': 32.63636363636363, 'left': 283.6363636363636, 'height': 422.8181818181818, 'width': 181.90909090909093}","{'height': 480, 'width': 854, 'mime_type': 'video/mp4'}",FpXbeLZWFSw,https://www.youtube.com/watch?v=FpXbeLZWFSw
cljwcvfg5002w3n6lo9eg0k8w,11734,front,,Abnormal Gait,stroke,"{'top': 32.666666666666664, 'left': 283.1666666666667, 'height': 423.16666666666663, 'width': 181.83333333333331}","{'height': 480, 'width': 854, 'mime_type': 'video/mp4'}",FpXbeLZWFSw,https://www.youtube.com/watch?v=FpXbeLZWFSw
cljwcvfg5002w3n6lo9eg0k8w,11735,front,,Abnormal Gait,stroke,"{'top': 32.696969696969695, 'left': 282.6969696969697, 'height': 423.5151515151515, 'width': 181.75757575757575}","{'height': 480, 'width': 854, 'mime_type': 'video/mp4'}",FpXbeLZWFSw,https://www.youtube.com/watch?v=FpXbeLZWFSw
cljwcvfg5002w3n6lo9eg0k8w,11736,front,,Abnormal Gait,stroke,"{'top': 32.72727272727273, 'left': 282.22727272727275, 'height': 423.8636363636363, 'width': 181.6818181818182}","{'height': 480, 'width': 854, 'mime_type': 'video/mp4'}",FpXbeLZWFSw,https://www.youtube.com/watch?v=FpXbeLZWFSw
cljwcvfg5002w3n6lo9eg0k8w,11737,front,,Abnormal Gait,stroke,"{'top': 32.75757575757576, 'left': 281.75757575757575, 'height': 424.21212121212125, 'width': 181.60606060606062}","{'height': 480, 'width': 854, 'mime_type': 'video/mp4'}",FpXbeLZWFSw,https://www.youtube.com/watch?v=FpXbeLZWFSw
cljwcvfg5002w3n6lo9eg0k8w,11738,front,,Abnormal Gait,stroke,"{'top': 32.78787878787879, 'left': 281.2878787878788, 'height': 424.56060606060606, 'width': 181.530303030303}","{'height': 480, 'width': 854, 'mime_type': 'video/mp4'}",FpXbeLZWFSw,https://www.youtube.com/watch?v=FpXbeLZWFSw
cljwcvfg5002w3n6lo9eg0k8w,11739,front,,Abnormal Gait,stroke,"{'top': 32.81818181818182, 'left': 280.8181818181818, 'height': 424.90909090909093, 'width': 181.45454545454544}","{'height': 480, 'width': 854, 'mime_type': 'video/mp4'}",FpXbeLZWFSw,https://www.youtube.com/watch?v=FpXbeLZWFSw
cljwcvfg5002w3n6lo9eg0k8w,11740,front,,Abnormal Gait,stroke,"{'top': 32.84848484848485, 'left': 280.3484848484849, 'height': 425.25757575757575, 'width': 181.37878787878788}","{'height': 480, 'width': 854, 'mime_type': 'video/mp4'}",FpXbeLZWFSw,https://www.youtube.com/watch?v=FpXbeLZWFSw
cljwcvfg5002w3n6lo9eg0k8w,11741,front,,Abnormal Gait,stroke,"{'top': 32.878787878787875, 'left': 279.8787878787879, 'height': 425.6060606060606, 'width': 181.3030303030303}","{'height': 480, 'width': 854, 'mime_type': 'video/mp4'}",FpXbeLZWFSw,https://www.youtube.com/watch?v=FpXbeLZWFSw
cljwcvfg5002w3n6lo9eg0k8w,11742,front,,Abnormal Gait,stroke,"{'top': 32.90909090909091, 'left': 279.4090909090909, 'height': 425.9545454545455, 'width': 181.22727272727275}","{'height': 480, 'width': 854, 'mime_type': 'video/mp4'}",FpXbeLZWFSw,https://www.youtube.com/watch?v=FpXbeLZWFSw
cljwcvfg5002w3n6lo9eg0k8w,11743,front,,Abnormal Gait,stroke,"{'top': 32.93939393939394, 'left': 278.93939393939394, 'height': 426.3030303030303, 'width': 181.15151515151518}","{'height': 480, 'width': 854, 'mime_type': 'video/mp4'}",FpXbeLZWFSw,https://www.youtube.com/watch?v=FpXbeLZWFSw
cljwcvfg5002w3n6lo9eg0k8w,11744,front,,Abnormal Gait,stroke,"{'top': 32.96969696969697, 'left': 278.469696969697, 'height': 426.6515151515151, 'width': 181.07575757575756}","{'height': 480, 'width': 854, 'mime_type': 'video/mp4'}",FpXbeLZWFSw,https://www.youtube.com/watch?v=FpXbeLZWFSw
cljwcvfg5002w3n6lo9eg0k8w,11745,front,,Abnormal Gait,stroke,"{'top': 33.0, 'left': 278.0, 'height': 427.0, 'width': 181.0}","{'height': 480, 'width': 854, 'mime_type': 'video/mp4'}",FpXbeLZWFSw,https://www.youtube.com/watch?v=FpXbeLZWFSw
cljwcvfg5002w3n6lo9eg0k8w,11746,front,,Abnormal Gait,stroke,"{'top': 33.04347826086956, 'left': 277.5217391304348, 'height': 425.39130434782606, 'width': 180.95652173913038}","{'height': 480, 'width': 854, 'mime_type': 'video/mp4'}",FpXbeLZWFSw,https://www.youtube.com/watch?v=FpXbeLZWFSw
cljwcvfg5002w3n6lo9eg0k8w,11747,front,,Abnormal Gait,stroke,"{'top': 33.08695652173913, 'left': 277.04347826086956, 'height': 423.7826086956522, 'width': 180.91304347826087}","{'height': 480, 'width': 854, 'mime_type': 'video/mp4'}",FpXbeLZWFSw,https://www.youtube.com/watch?v=FpXbeLZWFSw
cljwcvfg5002w3n6lo9eg0k8w,11748,front,,Abnormal Gait,stroke,"{'top': 33.130434782608695, 'left': 276.5652173913044, 'height': 422.17391304347825, 'width': 180.86956521739125}","{'height': 480, 'width': 854, 'mime_type': 'video/mp4'}",FpXbeLZWFSw,https://www.youtube.com/watch?v=FpXbeLZWFSw
cljwcvfg5002w3n6lo9eg0k8w,11749,front,,Abnormal Gait,stroke,"{'top': 33.17391304347826, 'left': 276.0869565217391, 'height': 420.5652173913044, 'width': 180.82608695652175}","{'height': 480, 'width': 854, 'mime_type': 'video/mp4'}",FpXbeLZWFSw,https://www.youtube.com/watch?v=FpXbeLZWFSw
cljwcvfg5002w3n6lo9eg0k8w,11750,front,,Abnormal Gait,stroke,"{'top': 33.21739130434783, 'left': 275.60869565217394, 'height': 418.95652173913044, 'width': 180.78260869565213}","{'height': 480, 'width': 854, 'mime_type': 'video/mp4'}",FpXbeLZWFSw,https://www.youtube.com/watch?v=FpXbeLZWFSw
cljwcvfg5002w3n6lo9eg0k8w,11751,front,,Abnormal Gait,stroke,"{'top': 33.26086956521739, 'left': 275.1304347826087, 'height': 417.34782608695656, 'width': 180.73913043478262}","{'height': 480, 'width': 854, 'mime_type': 'video/mp4'}",FpXbeLZWFSw,https://www.youtube.com/watch?v=FpXbeLZWFSw
cljwcvfg5002w3n6lo9eg0k8w,11752,front,,Abnormal Gait,stroke,"{'top': 33.30434782608695, 'left': 274.6521739130435, 'height': 415.7391304347826, 'width': 180.695652173913}","{'height': 480, 'width': 854, 'mime_type': 'video/mp4'}",FpXbeLZWFSw,https://www.youtube.com/watch?v=FpXbeLZWFSw
cljwcvfg5002w3n6lo9eg0k8w,11753,front,,Abnormal Gait,stroke,"{'top': 33.34782608695652, 'left': 274.17391304347825, 'height': 414.13043478260875, 'width': 180.6521739130435}","{'height': 480, 'width': 854, 'mime_type': 'video/mp4'}",FpXbeLZWFSw,https://www.youtube.com/watch?v=FpXbeLZWFSw
cljwcvfg5002w3n6lo9eg0k8w,11754,front,,Abnormal Gait,stroke,"{'top': 33.391304347826086, 'left': 273.69565217391306, 'height': 412.5217391304348, 'width': 180.60869565217388}","{'height': 480, 'width': 854, 'mime_type': 'video/mp4'}",FpXbeLZWFSw,https://www.youtube.com/watch?v=FpXbeLZWFSw
cljwcvfg5002w3n6lo9eg0k8w,11755,front,,Abnormal Gait,stroke,"{'top': 33.43478260869565, 'left': 273.2173913043478, 'height': 410.9130434782609, 'width': 180.56521739130437}","{'height': 480, 'width': 854, 'mime_type': 'video/mp4'}",FpXbeLZWFSw,https://www.youtube.com/watch?v=FpXbeLZWFSw
cljwcvfg5002w3n6lo9eg0k8w,11756,front,,Abnormal Gait,stroke,"{'top': 33.47826086956522, 'left': 272.7391304347826, 'height': 409.304347826087, 'width': 180.52173913043475}","{'height': 480, 'width': 854, 'mime_type': 'video/mp4'}",FpXbeLZWFSw,https://www.youtube.com/watch?v=FpXbeLZWFSw
cljwcvfg5002w3n6lo9eg0k8w,11757,front,,Abnormal Gait,stroke,"{'top': 33.52173913043478, 'left': 272.2608695652174, 'height': 407.695652173913, 'width': 180.47826086956525}","{'height': 480, 'width': 854, 'mime_type': 'video/mp4'}",FpXbeLZWFSw,https://www.youtube.com/watch?v=FpXbeLZWFSw
cljwcvfg5002w3n6lo9eg0k8w,11758,front,,Abnormal Gait,stroke,"{'top': 33.56521739130435, 'left': 271.7826086956522, 'height': 406.0869565217391, 'width': 180.43478260869563}","{'height': 480, 'width': 854, 'mime_type': 'video/mp4'}",FpXbeLZWFSw,https://www.youtube.com/watch?v=FpXbeLZWFSw
cljwcvfg5002w3n6lo9eg0k8w,11759,front,,Abnormal Gait,stroke,"{'top': 33.608695652173914, 'left': 271.30434782608694, 'height': 404.4782608695652, 'width': 180.39130434782612}","{'height': 480, 'width': 854, 'mime_type': 'video/mp4'}",FpXbeLZWFSw,https://www.youtube.com/watch?v=FpXbeLZWFSw
cljwcvfg5002w3n6lo9eg0k8w,11760,front,,Abnormal Gait,stroke,"{'top': 33.65217391304348, 'left': 270.82608695652175, 'height': 402.86956521739125, 'width': 180.3478260869565}","{'height': 480, 'width': 854, 'mime_type': 'video/mp4'}",FpXbeLZWFSw,https://www.youtube.com/watch?v=FpXbeLZWFSw
cljwcvfg5002w3n6lo9eg0k8w,11761,front,,Abnormal Gait,stroke,"{'top': 33.69565217391305, 'left': 270.3478260869565, 'height': 401.2608695652174, 'width': 180.304347826087}","{'height': 480, 'width': 854, 'mime_type': 'video/mp4'}",FpXbeLZWFSw,https://www.youtube.com/watch?v=FpXbeLZWFSw
cljwcvfg5002w3n6lo9eg0k8w,11762,front,,Abnormal Gait,stroke,"{'top': 33.73913043478261, 'left': 269.8695652173913, 'height': 399.65217391304344, 'width': 180.26086956521738}","{'height': 480, 'width': 854, 'mime_type': 'video/mp4'}",FpXbeLZWFSw,https://www.youtube.com/watch?v=FpXbeLZWFSw
cljwcvfg5002w3n6lo9eg0k8w,11763,front,,Abnormal Gait,stroke,"{'top': 33.78260869565217, 'left': 269.39130434782606, 'height': 398.04347826086956, 'width': 180.21739130434787}","{'height': 480, 'width': 854, 'mime_type': 'video/mp4'}",FpXbeLZWFSw,https://www.youtube.com/watch?v=FpXbeLZWFSw
cljwcvfg5002w3n6lo9eg0k8w,11764,front,,Abnormal Gait,stroke,"{'top': 33.82608695652174, 'left': 268.9130434782609, 'height': 396.4347826086956, 'width': 180.17391304347825}","{'height': 480, 'width': 854, 'mime_type': 'video/mp4'}",FpXbeLZWFSw,https://www.youtube.com/watch?v=FpXbeLZWFSw
cljwcvfg5002w3n6lo9eg0k8w,11765,front,,Abnormal Gait,stroke,"{'top': 33.869565217391305, 'left': 268.4347826086956, 'height': 394.82608695652175, 'width': 180.13043478260875}","{'height': 480, 'width': 854, 'mime_type': 'video/mp4'}",FpXbeLZWFSw,https://www.youtube.com/watch?v=FpXbeLZWFSw
cljwcvfg5002w3n6lo9eg0k8w,11766,front,,Abnormal Gait,stroke,"{'top': 33.91304347826087, 'left': 267.95652173913044, 'height': 393.2173913043478, 'width': 180.08695652173913}","{'height': 480, 'width': 854, 'mime_type': 'video/mp4'}",FpXbeLZWFSw,https://www.youtube.com/watch?v=FpXbeLZWFSw
cljwcvfg5002w3n6lo9eg0k8w,11767,front,,Abnormal Gait,stroke,"{'top': 33.95652173913044, 'left': 267.4782608695652, 'height': 391.60869565217394, 'width': 180.04347826086956}","{'height': 480, 'width': 854, 'mime_type': 'video/mp4'}",FpXbeLZWFSw,https://www.youtube.com/watch?v=FpXbeLZWFSw
cljwcvfg5002w3n6lo9eg0k8w,11768,front,,Abnormal Gait,stroke,"{'top': 34.0, 'left': 267.0, 'height': 390.0, 'width': 180.0}","{'height': 480, 'width': 854, 'mime_type': 'video/mp4'}",FpXbeLZWFSw,https://www.youtube.com/watch?v=FpXbeLZWFSw
cljwcvfg5002w3n6lo9eg0k8w,11769,front,,Abnormal Gait,stroke,"{'top': 34.01724137931034, 'left': 266.87931034482756, 'height': 390.0, 'width': 179.93103448275866}","{'height': 480, 'width': 854, 'mime_type': 'video/mp4'}",FpXbeLZWFSw,https://www.youtube.com/watch?v=FpXbeLZWFSw
cljwcvfg5002w3n6lo9eg0k8w,11770,front,,Abnormal Gait,stroke,"{'top': 34.03448275862069, 'left': 266.7586206896552, 'height': 390.0, 'width': 179.86206896551727}","{'height': 480, 'width': 854, 'mime_type': 'video/mp4'}",FpXbeLZWFSw,https://www.youtube.com/watch?v=FpXbeLZWFSw
cljwcvfg5002w3n6lo9eg0k8w,11771,front,,Abnormal Gait,stroke,"{'top': 34.05172413793103, 'left': 266.63793103448273, 'height': 390.0, 'width': 179.79310344827587}","{'height': 480, 'width': 854, 'mime_type': 'video/mp4'}",FpXbeLZWFSw,https://www.youtube.com/watch?v=FpXbeLZWFSw
cljwcvfg5002w3n6lo9eg0k8w,11772,front,,Abnormal Gait,stroke,"{'top': 34.06896551724138, 'left': 266.51724137931035, 'height': 390.0, 'width': 179.72413793103448}","{'height': 480, 'width': 854, 'mime_type': 'video/mp4'}",FpXbeLZWFSw,https://www.youtube.com/watch?v=FpXbeLZWFSw
cljwcvfg5002w3n6lo9eg0k8w,11773,front,,Abnormal Gait,stroke,"{'top': 34.08620689655172, 'left': 266.3965517241379, 'height': 390.0, 'width': 179.65517241379314}","{'height': 480, 'width': 854, 'mime_type': 'video/mp4'}",FpXbeLZWFSw,https://www.youtube.com/watch?v=FpXbeLZWFSw
cljwcvfg5002w3n6lo9eg0k8w,11774,front,,Abnormal Gait,stroke,"{'top': 34.10344827586207, 'left': 266.2758620689655, 'height': 390.0, 'width': 179.58620689655174}","{'height': 480, 'width': 854, 'mime_type': 'video/mp4'}",FpXbeLZWFSw,https://www.youtube.com/watch?v=FpXbeLZWFSw
cljwcvfg5002w3n6lo9eg0k8w,11775,front,,Abnormal Gait,stroke,"{'top': 34.12068965517241, 'left': 266.1551724137931, 'height': 390.0, 'width': 179.51724137931035}","{'height': 480, 'width': 854, 'mime_type': 'video/mp4'}",FpXbeLZWFSw,https://www.youtube.com/watch?v=FpXbeLZWFSw
cljwcvfg5002w3n6lo9eg0k8w,11776,front,,Abnormal Gait,stroke,"{'top': 34.13793103448276, 'left': 266.0344827586207, 'height': 390.0, 'width': 179.44827586206895}","{'height': 480, 'width': 854, 'mime_type': 'video/mp4'}",FpXbeLZWFSw,https://www.youtube.com/watch?v=FpXbeLZWFSw
cljwcvfg5002w3n6lo9eg0k8w,11777,front,,Abnormal Gait,stroke,"{'top': 34.1551724137931, 'left': 265.91379310344826, 'height': 390.0, 'width': 179.37931034482762}","{'height': 480, 'width': 854, 'mime_type': 'video/mp4'}",FpXbeLZWFSw,https://www.youtube.com/watch?v=FpXbeLZWFSw
cljwcvfg5002w3n6lo9eg0k8w,11778,front,,Abnormal Gait,stroke,"{'top': 34.172413793103445, 'left': 265.7931034482759, 'height': 390.0, 'width': 179.31034482758622}","{'height': 480, 'width': 854, 'mime_type': 'video/mp4'}",FpXbeLZWFSw,https://www.youtube.com/watch?v=FpXbeLZWFSw
cljwcvfg5002w3n6lo9eg0k8w,11779,front,,Abnormal Gait,stroke,"{'top': 34.189655172413794, 'left': 265.67241379310343, 'height': 390.0, 'width': 179.24137931034483}","{'height': 480, 'width': 854, 'mime_type': 'video/mp4'}",FpXbeLZWFSw,https://www.youtube.com/watch?v=FpXbeLZWFSw
cljwcvfg5002w3n6lo9eg0k8w,11780,front,,Abnormal Gait,stroke,"{'top': 34.206896551724135, 'left': 265.55172413793105, 'height': 390.0, 'width': 179.17241379310343}","{'height': 480, 'width': 854, 'mime_type': 'video/mp4'}",FpXbeLZWFSw,https://www.youtube.com/watch?v=FpXbeLZWFSw
cljwcvfg5002w3n6lo9eg0k8w,11781,front,,Abnormal Gait,stroke,"{'top': 34.224137931034484, 'left': 265.4310344827586, 'height': 390.0, 'width': 179.1034482758621}","{'height': 480, 'width': 854, 'mime_type': 'video/mp4'}",FpXbeLZWFSw,https://www.youtube.com/watch?v=FpXbeLZWFSw
cljwcvfg5002w3n6lo9eg0k8w,11782,front,,Abnormal Gait,stroke,"{'top': 34.241379310344826, 'left': 265.3103448275862, 'height': 390.0, 'width': 179.0344827586207}","{'height': 480, 'width': 854, 'mime_type': 'video/mp4'}",FpXbeLZWFSw,https://www.youtube.com/watch?v=FpXbeLZWFSw
cljwcvfg5002w3n6lo9eg0k8w,11783,front,,Abnormal Gait,stroke,"{'top': 34.258620689655174, 'left': 265.1896551724138, 'height': 390.0, 'width': 178.9655172413793}","{'height': 480, 'width': 854, 'mime_type': 'video/mp4'}",FpXbeLZWFSw,https://www.youtube.com/watch?v=FpXbeLZWFSw
cljwcvfg5002w3n6lo9eg0k8w,11784,front,,Abnormal Gait,stroke,"{'top': 34.275862068965516, 'left': 265.0689655172414, 'height': 390.0, 'width': 178.8965517241379}","{'height': 480, 'width': 854, 'mime_type': 'video/mp4'}",FpXbeLZWFSw,https://www.youtube.com/watch?v=FpXbeLZWFSw
cljwcvfg5002w3n6lo9eg0k8w,11785,front,,Abnormal Gait,stroke,"{'top': 34.293103448275865, 'left': 264.94827586206895, 'height': 390.0, 'width': 178.82758620689657}","{'height': 480, 'width': 854, 'mime_type': 'video/mp4'}",FpXbeLZWFSw,https://www.youtube.com/watch?v=FpXbeLZWFSw
cljwcvfg5002w3n6lo9eg0k8w,11786,front,,Abnormal Gait,stroke,"{'top': 34.310344827586206, 'left': 264.82758620689657, 'height': 390.0, 'width': 178.75862068965517}","{'height': 480, 'width': 854, 'mime_type': 'video/mp4'}",FpXbeLZWFSw,https://www.youtube.com/watch?v=FpXbeLZWFSw
cljwcvfg5002w3n6lo9eg0k8w,11787,front,,Abnormal Gait,stroke,"{'top': 34.327586206896555, 'left': 264.7068965517241, 'height': 390.0, 'width': 178.68965517241378}","{'height': 480, 'width': 854, 'mime_type': 'video/mp4'}",FpXbeLZWFSw,https://www.youtube.com/watch?v=FpXbeLZWFSw
cljwcvfg5002w3n6lo9eg0k8w,11788,front,,Abnormal Gait,stroke,"{'top': 34.3448275862069, 'left': 264.58620689655174, 'height': 390.0, 'width': 178.62068965517238}","{'height': 480, 'width': 854, 'mime_type': 'video/mp4'}",FpXbeLZWFSw,https://www.youtube.com/watch?v=FpXbeLZWFSw
cljwcvfg5002w3n6lo9eg0k8w,11789,front,,Abnormal Gait,stroke,"{'top': 34.36206896551724, 'left': 264.4655172413793, 'height': 390.0, 'width': 178.55172413793105}","{'height': 480, 'width': 854, 'mime_type': 'video/mp4'}",FpXbeLZWFSw,https://www.youtube.com/watch?v=FpXbeLZWFSw
cljwcvfg5002w3n6lo9eg0k8w,11790,front,,Abnormal Gait,stroke,"{'top': 34.37931034482759, 'left': 264.3448275862069, 'height': 390.0, 'width': 178.48275862068965}","{'height': 480, 'width': 854, 'mime_type': 'video/mp4'}",FpXbeLZWFSw,https://www.youtube.com/watch?v=FpXbeLZWFSw
cljwcvfg5002w3n6lo9eg0k8w,11791,front,,Abnormal Gait,stroke,"{'top': 34.39655172413793, 'left': 264.2241379310345, 'height': 390.0, 'width': 178.41379310344826}","{'height': 480, 'width': 854, 'mime_type': 'video/mp4'}",FpXbeLZWFSw,https://www.youtube.com/watch?v=FpXbeLZWFSw
cljwcvfg5002w3n6lo9eg0k8w,11792,front,,Abnormal Gait,stroke,"{'top': 34.41379310344828, 'left': 264.1034482758621, 'height': 390.0, 'width': 178.34482758620686}","{'height': 480, 'width': 854, 'mime_type': 'video/mp4'}",FpXbeLZWFSw,https://www.youtube.com/watch?v=FpXbeLZWFSw
cljwcvfg5002w3n6lo9eg0k8w,11793,front,,Abnormal Gait,stroke,"{'top': 34.43103448275862, 'left': 263.98275862068965, 'height': 390.0, 'width': 178.27586206896552}","{'height': 480, 'width': 854, 'mime_type': 'video/mp4'}",FpXbeLZWFSw,https://www.youtube.com/watch?v=FpXbeLZWFSw
cljwcvfg5002w3n6lo9eg0k8w,11794,front,,Abnormal Gait,stroke,"{'top': 34.44827586206897, 'left': 263.86206896551727, 'height': 390.0, 'width': 178.20689655172413}","{'height': 480, 'width': 854, 'mime_type': 'video/mp4'}",FpXbeLZWFSw,https://www.youtube.com/watch?v=FpXbeLZWFSw
cljwcvfg5002w3n6lo9eg0k8w,11795,front,,Abnormal Gait,stroke,"{'top': 34.46551724137931, 'left': 263.7413793103448, 'height': 390.0, 'width': 178.13793103448273}","{'height': 480, 'width': 854, 'mime_type': 'video/mp4'}",FpXbeLZWFSw,https://www.youtube.com/watch?v=FpXbeLZWFSw
cljwcvfg5002w3n6lo9eg0k8w,11796,front,,Abnormal Gait,stroke,"{'top': 34.48275862068966, 'left': 263.62068965517244, 'height': 390.0, 'width': 178.06896551724134}","{'height': 480, 'width': 854, 'mime_type': 'video/mp4'}",FpXbeLZWFSw,https://www.youtube.com/watch?v=FpXbeLZWFSw
cljwcvfg5002w3n6lo9eg0k8w,11797,front,,Abnormal Gait,stroke,"{'top': 34.5, 'left': 263.5, 'height': 390.0, 'width': 178.0}","{'height': 480, 'width': 854, 'mime_type': 'video/mp4'}",FpXbeLZWFSw,https://www.youtube.com/watch?v=FpXbeLZWFSw
cljwcvfg5002w3n6lo9eg0k8w,11798,front,,Abnormal Gait,stroke,"{'top': 34.51724137931034, 'left': 263.37931034482756, 'height': 390.0, 'width': 177.93103448275866}","{'height': 480, 'width': 854, 'mime_type': 'video/mp4'}",FpXbeLZWFSw,https://www.youtube.com/watch?v=FpXbeLZWFSw
cljwcvfg5002w3n6lo9eg0k8w,11799,front,,Abnormal Gait,stroke,"{'top': 34.53448275862069, 'left': 263.2586206896552, 'height': 390.0, 'width': 177.86206896551727}","{'height': 480, 'width': 854, 'mime_type': 'video/mp4'}",FpXbeLZWFSw,https://www.youtube.com/watch?v=FpXbeLZWFSw
cljwcvfg5002w3n6lo9eg0k8w,11800,front,,Abnormal Gait,stroke,"{'top': 34.55172413793103, 'left': 263.13793103448273, 'height': 390.0, 'width': 177.79310344827587}","{'height': 480, 'width': 854, 'mime_type': 'video/mp4'}",FpXbeLZWFSw,https://www.youtube.com/watch?v=FpXbeLZWFSw
cljwcvfg5002w3n6lo9eg0k8w,11801,front,,Abnormal Gait,stroke,"{'top': 34.56896551724138, 'left': 263.01724137931035, 'height': 390.0, 'width': 177.72413793103448}","{'height': 480, 'width': 854, 'mime_type': 'video/mp4'}",FpXbeLZWFSw,https://www.youtube.com/watch?v=FpXbeLZWFSw
cljwcvfg5002w3n6lo9eg0k8w,11802,front,,Abnormal Gait,stroke,"{'top': 34.58620689655172, 'left': 262.8965517241379, 'height': 390.0, 'width': 177.65517241379314}","{'height': 480, 'width': 854, 'mime_type': 'video/mp4'}",FpXbeLZWFSw,https://www.youtube.com/watch?v=FpXbeLZWFSw
cljwcvfg5002w3n6lo9eg0k8w,11803,front,,Abnormal Gait,stroke,"{'top': 34.60344827586207, 'left': 262.7758620689655, 'height': 390.0, 'width': 177.58620689655174}","{'height': 480, 'width': 854, 'mime_type': 'video/mp4'}",FpXbeLZWFSw,https://www.youtube.com/watch?v=FpXbeLZWFSw
cljwcvfg5002w3n6lo9eg0k8w,11804,front,,Abnormal Gait,stroke,"{'top': 34.62068965517241, 'left': 262.6551724137931, 'height': 390.0, 'width': 177.51724137931035}","{'height': 480, 'width': 854, 'mime_type': 'video/mp4'}",FpXbeLZWFSw,https://www.youtube.com/watch?v=FpXbeLZWFSw
cljwcvfg5002w3n6lo9eg0k8w,11805,front,,Abnormal Gait,stroke,"{'top': 34.63793103448276, 'left': 262.5344827586207, 'height': 390.0, 'width': 177.44827586206895}","{'height': 480, 'width': 854, 'mime_type': 'video/mp4'}",FpXbeLZWFSw,https://www.youtube.com/watch?v=FpXbeLZWFSw
cljwcvfg5002w3n6lo9eg0k8w,11806,front,,Abnormal Gait,stroke,"{'top': 34.6551724137931, 'left': 262.41379310344826, 'height': 390.0, 'width': 177.37931034482762}","{'height': 480, 'width': 854, 'mime_type': 'video/mp4'}",FpXbeLZWFSw,https://www.youtube.com/watch?v=FpXbeLZWFSw
cljwcvfg5002w3n6lo9eg0k8w,11807,front,,Abnormal Gait,stroke,"{'top': 34.672413793103445, 'left': 262.2931034482759, 'height': 390.0, 'width': 177.31034482758622}","{'height': 480, 'width': 854, 'mime_type': 'video/mp4'}",FpXbeLZWFSw,https://www.youtube.com/watch?v=FpXbeLZWFSw
cljwcvfg5002w3n6lo9eg0k8w,11808,front,,Abnormal Gait,stroke,"{'top': 34.689655172413794, 'left': 262.17241379310343, 'height': 390.0, 'width': 177.24137931034483}","{'height': 480, 'width': 854, 'mime_type': 'video/mp4'}",FpXbeLZWFSw,https://www.youtube.com/watch?v=FpXbeLZWFSw
cljwcvfg5002w3n6lo9eg0k8w,11809,front,,Abnormal Gait,stroke,"{'top': 34.706896551724135, 'left': 262.05172413793105, 'height': 390.0, 'width': 177.17241379310343}","{'height': 480, 'width': 854, 'mime_type': 'video/mp4'}",FpXbeLZWFSw,https://www.youtube.com/watch?v=FpXbeLZWFSw
cljwcvfg5002w3n6lo9eg0k8w,11810,front,,Abnormal Gait,stroke,"{'top': 34.724137931034484, 'left': 261.9310344827586, 'height': 390.0, 'width': 177.1034482758621}","{'height': 480, 'width': 854, 'mime_type': 'video/mp4'}",FpXbeLZWFSw,https://www.youtube.com/watch?v=FpXbeLZWFSw
cljwcvfg5002w3n6lo9eg0k8w,11811,front,,Abnormal Gait,stroke,"{'top': 34.741379310344826, 'left': 261.8103448275862, 'height': 390.0, 'width': 177.0344827586207}","{'height': 480, 'width': 854, 'mime_type': 'video/mp4'}",FpXbeLZWFSw,https://www.youtube.com/watch?v=FpXbeLZWFSw
cljwcvfg5002w3n6lo9eg0k8w,11812,front,,Abnormal Gait,stroke,"{'top': 34.758620689655174, 'left': 261.6896551724138, 'height': 390.0, 'width': 176.9655172413793}","{'height': 480, 'width': 854, 'mime_type': 'video/mp4'}",FpXbeLZWFSw,https://www.youtube.com/watch?v=FpXbeLZWFSw
cljwcvfg5002w3n6lo9eg0k8w,11813,front,,Abnormal Gait,stroke,"{'top': 34.775862068965516, 'left': 261.5689655172414, 'height': 390.0, 'width': 176.8965517241379}","{'height': 480, 'width': 854, 'mime_type': 'video/mp4'}",FpXbeLZWFSw,https://www.youtube.com/watch?v=FpXbeLZWFSw
cljwcvfg5002w3n6lo9eg0k8w,11814,front,,Abnormal Gait,stroke,"{'top': 34.793103448275865, 'left': 261.44827586206895, 'height': 390.0, 'width': 176.82758620689657}","{'height': 480, 'width': 854, 'mime_type': 'video/mp4'}",FpXbeLZWFSw,https://www.youtube.com/watch?v=FpXbeLZWFSw
cljwcvfg5002w3n6lo9eg0k8w,11815,front,,Abnormal Gait,stroke,"{'top': 34.810344827586206, 'left': 261.32758620689657, 'height': 390.0, 'width': 176.75862068965517}","{'height': 480, 'width': 854, 'mime_type': 'video/mp4'}",FpXbeLZWFSw,https://www.youtube.com/watch?v=FpXbeLZWFSw
cljwcvfg5002w3n6lo9eg0k8w,11816,front,,Abnormal Gait,stroke,"{'top': 34.827586206896555, 'left': 261.2068965517241, 'height': 390.0, 'width': 176.68965517241378}","{'height': 480, 'width': 854, 'mime_type': 'video/mp4'}",FpXbeLZWFSw,https://www.youtube.com/watch?v=FpXbeLZWFSw
cljwcvfg5002w3n6lo9eg0k8w,11817,front,,Abnormal Gait,stroke,"{'top': 34.8448275862069, 'left': 261.08620689655174, 'height': 390.0, 'width': 176.62068965517238}","{'height': 480, 'width': 854, 'mime_type': 'video/mp4'}",FpXbeLZWFSw,https://www.youtube.com/watch?v=FpXbeLZWFSw
cljwcvfg5002w3n6lo9eg0k8w,11818,front,,Abnormal Gait,stroke,"{'top': 34.86206896551724, 'left': 260.9655172413793, 'height': 390.0, 'width': 176.55172413793105}","{'height': 480, 'width': 854, 'mime_type': 'video/mp4'}",FpXbeLZWFSw,https://www.youtube.com/watch?v=FpXbeLZWFSw
cljwcvfg5002w3n6lo9eg0k8w,11819,front,,Abnormal Gait,stroke,"{'top': 34.87931034482759, 'left': 260.8448275862069, 'height': 390.0, 'width': 176.48275862068965}","{'height': 480, 'width': 854, 'mime_type': 'video/mp4'}",FpXbeLZWFSw,https://www.youtube.com/watch?v=FpXbeLZWFSw
cljwcvfg5002w3n6lo9eg0k8w,11820,front,,Abnormal Gait,stroke,"{'top': 34.89655172413793, 'left': 260.7241379310345, 'height': 390.0, 'width': 176.41379310344826}","{'height': 480, 'width': 854, 'mime_type': 'video/mp4'}",FpXbeLZWFSw,https://www.youtube.com/watch?v=FpXbeLZWFSw
cljwcvfg5002w3n6lo9eg0k8w,11821,front,,Abnormal Gait,stroke,"{'top': 34.91379310344828, 'left': 260.6034482758621, 'height': 390.0, 'width': 176.34482758620686}","{'height': 480, 'width': 854, 'mime_type': 'video/mp4'}",FpXbeLZWFSw,https://www.youtube.com/watch?v=FpXbeLZWFSw
cljwcvfg5002w3n6lo9eg0k8w,11822,front,,Abnormal Gait,stroke,"{'top': 34.93103448275862, 'left': 260.48275862068965, 'height': 390.0, 'width': 176.27586206896552}","{'height': 480, 'width': 854, 'mime_type': 'video/mp4'}",FpXbeLZWFSw,https://www.youtube.com/watch?v=FpXbeLZWFSw
cljwcvfg5002w3n6lo9eg0k8w,11823,front,,Abnormal Gait,stroke,"{'top': 34.94827586206897, 'left': 260.36206896551727, 'height': 390.0, 'width': 176.20689655172413}","{'height': 480, 'width': 854, 'mime_type': 'video/mp4'}",FpXbeLZWFSw,https://www.youtube.com/watch?v=FpXbeLZWFSw
cljwcvfg5002w3n6lo9eg0k8w,11824,front,,Abnormal Gait,stroke,"{'top': 34.96551724137931, 'left': 260.2413793103448, 'height': 390.0, 'width': 176.13793103448273}","{'height': 480, 'width': 854, 'mime_type': 'video/mp4'}",FpXbeLZWFSw,https://www.youtube.com/watch?v=FpXbeLZWFSw
cljwcvfg5002w3n6lo9eg0k8w,11825,front,,Abnormal Gait,stroke,"{'top': 34.98275862068966, 'left': 260.12068965517244, 'height': 390.0, 'width': 176.06896551724134}","{'height': 480, 'width': 854, 'mime_type': 'video/mp4'}",FpXbeLZWFSw,https://www.youtube.com/watch?v=FpXbeLZWFSw
cljwcvfg5002w3n6lo9eg0k8w,11826,front,,Abnormal Gait,stroke,"{'top': 35.0, 'left': 260.0, 'height': 390.0, 'width': 176.0}","{'height': 480, 'width': 854, 'mime_type': 'video/mp4'}",FpXbeLZWFSw,https://www.youtube.com/watch?v=FpXbeLZWFSw
cljwcvfg5002w3n6lo9eg0k8w,11827,front,,Abnormal Gait,stroke,"{'top': 35.0, 'left': 259.90909090909093, 'height': 392.90909090909093, 'width': 175.90909090909088}","{'height': 480, 'width': 854, 'mime_type': 'video/mp4'}",FpXbeLZWFSw,https://www.youtube.com/watch?v=FpXbeLZWFSw
cljwcvfg5002w3n6lo9eg0k8w,11828,front,,Abnormal Gait,stroke,"{'top': 35.0, 'left': 259.8181818181818, 'height': 395.8181818181818, 'width': 175.8181818181818}","{'height': 480, 'width': 854, 'mime_type': 'video/mp4'}",FpXbeLZWFSw,https://www.youtube.com/watch?v=FpXbeLZWFSw
cljwcvfg5002w3n6lo9eg0k8w,11829,front,,Abnormal Gait,stroke,"{'top': 35.0, 'left': 259.72727272727275, 'height': 398.72727272727275, 'width': 175.7272727272727}","{'height': 480, 'width': 854, 'mime_type': 'video/mp4'}",FpXbeLZWFSw,https://www.youtube.com/watch?v=FpXbeLZWFSw
cljwcvfg5002w3n6lo9eg0k8w,11830,front,,Abnormal Gait,stroke,"{'top': 35.0, 'left': 259.6363636363636, 'height': 401.6363636363636, 'width': 175.63636363636363}","{'height': 480, 'width': 854, 'mime_type': 'video/mp4'}",FpXbeLZWFSw,https://www.youtube.com/watch?v=FpXbeLZWFSw
cljwcvfg5002w3n6lo9eg0k8w,11831,front,,Abnormal Gait,stroke,"{'top': 35.0, 'left': 259.54545454545456, 'height': 404.54545454545456, 'width': 175.5454545454545}","{'height': 480, 'width': 854, 'mime_type': 'video/mp4'}",FpXbeLZWFSw,https://www.youtube.com/watch?v=FpXbeLZWFSw
cljwcvfg5002w3n6lo9eg0k8w,11832,front,,Abnormal Gait,stroke,"{'top': 35.0, 'left': 259.45454545454544, 'height': 407.45454545454544, 'width': 175.4545454545455}","{'height': 480, 'width': 854, 'mime_type': 'video/mp4'}",FpXbeLZWFSw,https://www.youtube.com/watch?v=FpXbeLZWFSw
cljwcvfg5002w3n6lo9eg0k8w,11833,front,,Abnormal Gait,stroke,"{'top': 35.0, 'left': 259.3636363636364, 'height': 410.3636363636364, 'width': 175.36363636363637}","{'height': 480, 'width': 854, 'mime_type': 'video/mp4'}",FpXbeLZWFSw,https://www.youtube.com/watch?v=FpXbeLZWFSw
cljwcvfg5002w3n6lo9eg0k8w,11834,front,,Abnormal Gait,stroke,"{'top': 35.0, 'left': 259.27272727272725, 'height': 413.27272727272725, 'width': 175.2727272727273}","{'height': 480, 'width': 854, 'mime_type': 'video/mp4'}",FpXbeLZWFSw,https://www.youtube.com/watch?v=FpXbeLZWFSw
cljwcvfg5002w3n6lo9eg0k8w,11835,front,,Abnormal Gait,stroke,"{'top': 35.0, 'left': 259.1818181818182, 'height': 416.1818181818182, 'width': 175.1818181818182}","{'height': 480, 'width': 854, 'mime_type': 'video/mp4'}",FpXbeLZWFSw,https://www.youtube.com/watch?v=FpXbeLZWFSw
cljwcvfg5002w3n6lo9eg0k8w,11836,front,,Abnormal Gait,stroke,"{'top': 35.0, 'left': 259.09090909090907, 'height': 419.09090909090907, 'width': 175.09090909090912}","{'height': 480, 'width': 854, 'mime_type': 'video/mp4'}",FpXbeLZWFSw,https://www.youtube.com/watch?v=FpXbeLZWFSw
cljwcvfg5002w3n6lo9eg0k8w,11837,front,,Abnormal Gait,stroke,"{'top': 35.0, 'left': 259.0, 'height': 422.0, 'width': 175.0}","{'height': 480, 'width': 854, 'mime_type': 'video/mp4'}",FpXbeLZWFSw,https://www.youtube.com/watch?v=FpXbeLZWFSw
cljwcvfg5002w3n6lo9eg0k8w,11838,front,,Abnormal Gait,stroke,"{'top': 34.975, 'left': 258.325, 'height': 422.09999999999997, 'width': 175.5}","{'height': 480, 'width': 854, 'mime_type': 'video/mp4'}",FpXbeLZWFSw,https://www.youtube.com/watch?v=FpXbeLZWFSw
cljwcvfg5002w3n6lo9eg0k8w,11839,front,,Abnormal Gait,stroke,"{'top': 34.95, 'left': 257.65, 'height': 422.2, 'width': 176.0}","{'height': 480, 'width': 854, 'mime_type': 'video/mp4'}",FpXbeLZWFSw,https://www.youtube.com/watch?v=FpXbeLZWFSw
cljwcvfg5002w3n6lo9eg0k8w,11840,front,,Abnormal Gait,stroke,"{'top': 34.925, 'left': 256.975, 'height': 422.3, 'width': 176.5}","{'height': 480, 'width': 854, 'mime_type': 'video/mp4'}",FpXbeLZWFSw,https://www.youtube.com/watch?v=FpXbeLZWFSw
cljwcvfg5002w3n6lo9eg0k8w,11841,front,,Abnormal Gait,stroke,"{'top': 34.9, 'left': 256.3, 'height': 422.40000000000003, 'width': 177.0}","{'height': 480, 'width': 854, 'mime_type': 'video/mp4'}",FpXbeLZWFSw,https://www.youtube.com/watch?v=FpXbeLZWFSw
cljwcvfg5002w3n6lo9eg0k8w,11842,front,,Abnormal Gait,stroke,"{'top': 34.875, 'left': 255.625, 'height': 422.5, 'width': 177.5}","{'height': 480, 'width': 854, 'mime_type': 'video/mp4'}",FpXbeLZWFSw,https://www.youtube.com/watch?v=FpXbeLZWFSw
cljwcvfg5002w3n6lo9eg0k8w,11843,front,,Abnormal Gait,stroke,"{'top': 34.85, 'left': 254.95, 'height': 422.59999999999997, 'width': 178.0}","{'height': 480, 'width': 854, 'mime_type': 'video/mp4'}",FpXbeLZWFSw,https://www.youtube.com/watch?v=FpXbeLZWFSw
cljwcvfg5002w3n6lo9eg0k8w,11844,front,,Abnormal Gait,stroke,"{'top': 34.825, 'left': 254.275, 'height': 422.7, 'width': 178.49999999999997}","{'height': 480, 'width': 854, 'mime_type': 'video/mp4'}",FpXbeLZWFSw,https://www.youtube.com/watch?v=FpXbeLZWFSw
cljwcvfg5002w3n6lo9eg0k8w,11845,front,,Abnormal Gait,stroke,"{'top': 34.8, 'left': 253.6, 'height': 422.8, 'width': 179.00000000000003}","{'height': 480, 'width': 854, 'mime_type': 'video/mp4'}",FpXbeLZWFSw,https://www.youtube.com/watch?v=FpXbeLZWFSw
cljwcvfg5002w3n6lo9eg0k8w,11846,front,,Abnormal Gait,stroke,"{'top': 34.775, 'left': 252.925, 'height': 422.90000000000003, 'width': 179.5}","{'height': 480, 'width': 854, 'mime_type': 'video/mp4'}",FpXbeLZWFSw,https://www.youtube.com/watch?v=FpXbeLZWFSw
cljwcvfg5002w3n6lo9eg0k8w,11847,front,,Abnormal Gait,stroke,"{'top': 34.75, 'left': 252.25, 'height': 423.0, 'width': 180.0}","{'height': 480, 'width': 854, 'mime_type': 'video/mp4'}",FpXbeLZWFSw,https://www.youtube.com/watch?v=FpXbeLZWFSw
cljwcvfg5002w3n6lo9eg0k8w,11848,front,,Abnormal Gait,stroke,"{'top': 34.725, 'left': 251.575, 'height': 423.09999999999997, 'width': 180.5}","{'height': 480, 'width': 854, 'mime_type': 'video/mp4'}",FpXbeLZWFSw,https://www.youtube.com/watch?v=FpXbeLZWFSw
cljwcvfg5002w3n6lo9eg0k8w,11849,front,,Abnormal Gait,stroke,"{'top': 34.7, 'left': 250.9, 'height': 423.2, 'width': 180.99999999999997}","{'height': 480, 'width': 854, 'mime_type': 'video/mp4'}",FpXbeLZWFSw,https://www.youtube.com/watch?v=FpXbeLZWFSw
cljwcvfg5002w3n6lo9eg0k8w,11850,front,,Abnormal Gait,stroke,"{'top': 34.675, 'left': 250.225, 'height': 423.3, 'width': 181.50000000000003}","{'height': 480, 'width': 854, 'mime_type': 'video/mp4'}",FpXbeLZWFSw,https://www.youtube.com/watch?v=FpXbeLZWFSw
cljwcvfg5002w3n6lo9eg0k8w,11851,front,,Abnormal Gait,stroke,"{'top': 34.65, 'left': 249.55, 'height': 423.40000000000003, 'width': 182.0}","{'height': 480, 'width': 854, 'mime_type': 'video/mp4'}",FpXbeLZWFSw,https://www.youtube.com/watch?v=FpXbeLZWFSw
cljwcvfg5002w3n6lo9eg0k8w,11852,front,,Abnormal Gait,stroke,"{'top': 34.625, 'left': 248.875, 'height': 423.5, 'width': 182.5}","{'height': 480, 'width': 854, 'mime_type': 'video/mp4'}",FpXbeLZWFSw,https://www.youtube.com/watch?v=FpXbeLZWFSw
cljwcvfg5002w3n6lo9eg0k8w,11853,front,,Abnormal Gait,stroke,"{'top': 34.6, 'left': 248.2, 'height': 423.59999999999997, 'width': 183.0}","{'height': 480, 'width': 854, 'mime_type': 'video/mp4'}",FpXbeLZWFSw,https://www.youtube.com/watch?v=FpXbeLZWFSw
cljwcvfg5002w3n6lo9eg0k8w,11854,front,,Abnormal Gait,stroke,"{'top': 34.575, 'left': 247.525, 'height': 423.7, 'width': 183.49999999999997}","{'height': 480, 'width': 854, 'mime_type': 'video/mp4'}",FpXbeLZWFSw,https://www.youtube.com/watch?v=FpXbeLZWFSw
cljwcvfg5002w3n6lo9eg0k8w,11855,front,,Abnormal Gait,stroke,"{'top': 34.55, 'left': 246.85, 'height': 423.8, 'width': 184.00000000000003}","{'height': 480, 'width': 854, 'mime_type': 'video/mp4'}",FpXbeLZWFSw,https://www.youtube.com/watch?v=FpXbeLZWFSw
cljwcvfg5002w3n6lo9eg0k8w,11856,front,,Abnormal Gait,stroke,"{'top': 34.525, 'left': 246.175, 'height': 423.90000000000003, 'width': 184.5}","{'height': 480, 'width': 854, 'mime_type': 'video/mp4'}",FpXbeLZWFSw,https://www.youtube.com/watch?v=FpXbeLZWFSw
cljwcvfg5002w3n6lo9eg0k8w,11857,front,,Abnormal Gait,stroke,"{'top': 34.5, 'left': 245.5, 'height': 424.0, 'width': 185.0}","{'height': 480, 'width': 854, 'mime_type': 'video/mp4'}",FpXbeLZWFSw,https://www.youtube.com/watch?v=FpXbeLZWFSw
cljwcvfg5002w3n6lo9eg0k8w,11858,front,,Abnormal Gait,stroke,"{'top': 34.475, 'left': 244.825, 'height': 424.09999999999997, 'width': 185.5}","{'height': 480, 'width': 854, 'mime_type': 'video/mp4'}",FpXbeLZWFSw,https://www.youtube.com/watch?v=FpXbeLZWFSw
cljwcvfg5002w3n6lo9eg0k8w,11859,front,,Abnormal Gait,stroke,"{'top': 34.45, 'left': 244.15, 'height': 424.2, 'width': 185.99999999999997}","{'height': 480, 'width': 854, 'mime_type': 'video/mp4'}",FpXbeLZWFSw,https://www.youtube.com/watch?v=FpXbeLZWFSw
cljwcvfg5002w3n6lo9eg0k8w,11860,front,,Abnormal Gait,stroke,"{'top': 34.425, 'left': 243.475, 'height': 424.3, 'width': 186.50000000000003}","{'height': 480, 'width': 854, 'mime_type': 'video/mp4'}",FpXbeLZWFSw,https://www.youtube.com/watch?v=FpXbeLZWFSw
cljwcvfg5002w3n6lo9eg0k8w,11861,front,,Abnormal Gait,stroke,"{'top': 34.4, 'left': 242.8, 'height': 424.40000000000003, 'width': 187.0}","{'height': 480, 'width': 854, 'mime_type': 'video/mp4'}",FpXbeLZWFSw,https://www.youtube.com/watch?v=FpXbeLZWFSw
cljwcvfg5002w3n6lo9eg0k8w,11862,front,,Abnormal Gait,stroke,"{'top': 34.375, 'left': 242.125, 'height': 424.5, 'width': 187.5}","{'height': 480, 'width': 854, 'mime_type': 'video/mp4'}",FpXbeLZWFSw,https://www.youtube.com/watch?v=FpXbeLZWFSw
cljwcvfg5002w3n6lo9eg0k8w,11863,front,,Abnormal Gait,stroke,"{'top': 34.35, 'left': 241.45, 'height': 424.59999999999997, 'width': 188.0}","{'height': 480, 'width': 854, 'mime_type': 'video/mp4'}",FpXbeLZWFSw,https://www.youtube.com/watch?v=FpXbeLZWFSw
cljwcvfg5002w3n6lo9eg0k8w,11864,front,,Abnormal Gait,stroke,"{'top': 34.325, 'left': 240.775, 'height': 424.7, 'width': 188.49999999999997}","{'height': 480, 'width': 854, 'mime_type': 'video/mp4'}",FpXbeLZWFSw,https://www.youtube.com/watch?v=FpXbeLZWFSw
cljwcvfg5002w3n6lo9eg0k8w,11865,front,,Abnormal Gait,stroke,"{'top': 34.3, 'left': 240.1, 'height': 424.8, 'width': 189.00000000000003}","{'height': 480, 'width': 854, 'mime_type': 'video/mp4'}",FpXbeLZWFSw,https://www.youtube.com/watch?v=FpXbeLZWFSw
cljwcvfg5002w3n6lo9eg0k8w,11866,front,,Abnormal Gait,stroke,"{'top': 34.275, 'left': 239.425, 'height': 424.90000000000003, 'width': 189.5}","{'height': 480, 'width': 854, 'mime_type': 'video/mp4'}",FpXbeLZWFSw,https://www.youtube.com/watch?v=FpXbeLZWFSw
cljwcvfg5002w3n6lo9eg0k8w,11867,front,,Abnormal Gait,stroke,"{'top': 34.25, 'left': 238.75, 'height': 425.0, 'width': 190.0}","{'height': 480, 'width': 854, 'mime_type': 'video/mp4'}",FpXbeLZWFSw,https://www.youtube.com/watch?v=FpXbeLZWFSw
cljwcvfg5002w3n6lo9eg0k8w,11868,front,,Abnormal Gait,stroke,"{'top': 34.225, 'left': 238.075, 'height': 425.09999999999997, 'width': 190.5}","{'height': 480, 'width': 854, 'mime_type': 'video/mp4'}",FpXbeLZWFSw,https://www.youtube.com/watch?v=FpXbeLZWFSw
cljwcvfg5002w3n6lo9eg0k8w,11869,front,,Abnormal Gait,stroke,"{'top': 34.2, 'left': 237.4, 'height': 425.2, 'width': 190.99999999999997}","{'height': 480, 'width': 854, 'mime_type': 'video/mp4'}",FpXbeLZWFSw,https://www.youtube.com/watch?v=FpXbeLZWFSw
cljwcvfg5002w3n6lo9eg0k8w,11870,front,,Abnormal Gait,stroke,"{'top': 34.175, 'left': 236.725, 'height': 425.3, 'width': 191.50000000000003}","{'height': 480, 'width': 854, 'mime_type': 'video/mp4'}",FpXbeLZWFSw,https://www.youtube.com/watch?v=FpXbeLZWFSw
cljwcvfg5002w3n6lo9eg0k8w,11871,front,,Abnormal Gait,stroke,"{'top': 34.15, 'left': 236.05, 'height': 425.40000000000003, 'width': 192.0}","{'height': 480, 'width': 854, 'mime_type': 'video/mp4'}",FpXbeLZWFSw,https://www.youtube.com/watch?v=FpXbeLZWFSw
cljwcvfg5002w3n6lo9eg0k8w,11872,front,,Abnormal Gait,stroke,"{'top': 34.125, 'left': 235.375, 'height': 425.5, 'width': 192.5}","{'height': 480, 'width': 854, 'mime_type': 'video/mp4'}",FpXbeLZWFSw,https://www.youtube.com/watch?v=FpXbeLZWFSw
cljwcvfg5002w3n6lo9eg0k8w,11873,front,,Abnormal Gait,stroke,"{'top': 34.1, 'left': 234.7, 'height': 425.59999999999997, 'width': 193.0}","{'height': 480, 'width': 854, 'mime_type': 'video/mp4'}",FpXbeLZWFSw,https://www.youtube.com/watch?v=FpXbeLZWFSw
cljwcvfg5002w3n6lo9eg0k8w,11874,front,,Abnormal Gait,stroke,"{'top': 34.075, 'left': 234.025, 'height': 425.7, 'width': 193.49999999999997}","{'height': 480, 'width': 854, 'mime_type': 'video/mp4'}",FpXbeLZWFSw,https://www.youtube.com/watch?v=FpXbeLZWFSw
cljwcvfg5002w3n6lo9eg0k8w,11875,front,,Abnormal Gait,stroke,"{'top': 34.05, 'left': 233.35, 'height': 425.8, 'width': 194.00000000000003}","{'height': 480, 'width': 854, 'mime_type': 'video/mp4'}",FpXbeLZWFSw,https://www.youtube.com/watch?v=FpXbeLZWFSw
cljwcvfg5002w3n6lo9eg0k8w,11876,front,,Abnormal Gait,stroke,"{'top': 34.025, 'left': 232.675, 'height': 425.90000000000003, 'width': 194.5}","{'height': 480, 'width': 854, 'mime_type': 'video/mp4'}",FpXbeLZWFSw,https://www.youtube.com/watch?v=FpXbeLZWFSw
cljwcvfg5002w3n6lo9eg0k8w,11877,front,,Abnormal Gait,stroke,"{'top': 34.0, 'left': 232.0, 'height': 426.0, 'width': 195.0}","{'height': 480, 'width': 854, 'mime_type': 'video/mp4'}",FpXbeLZWFSw,https://www.youtube.com/watch?v=FpXbeLZWFSw
cljwcvfg5002w3n6lo9eg0k8w,11878,front,,Abnormal Gait,stroke,"{'top': 34.125, 'left': 233.25, 'height': 423.875, 'width': 193.6875}","{'height': 480, 'width': 854, 'mime_type': 'video/mp4'}",FpXbeLZWFSw,https://www.youtube.com/watch?v=FpXbeLZWFSw
cljwcvfg5002w3n6lo9eg0k8w,11879,front,,Abnormal Gait,stroke,"{'top': 34.25, 'left': 234.5, 'height': 421.75, 'width': 192.375}","{'height': 480, 'width': 854, 'mime_type': 'video/mp4'}",FpXbeLZWFSw,https://www.youtube.com/watch?v=FpXbeLZWFSw
cljwcvfg5002w3n6lo9eg0k8w,11880,front,,Abnormal Gait,stroke,"{'top': 34.375, 'left': 235.75, 'height': 419.625, 'width': 191.0625}","{'height': 480, 'width': 854, 'mime_type': 'video/mp4'}",FpXbeLZWFSw,https://www.youtube.com/watch?v=FpXbeLZWFSw
cljwcvfg5002w3n6lo9eg0k8w,11881,front,,Abnormal Gait,stroke,"{'top': 34.5, 'left': 237.0, 'height': 417.5, 'width': 189.75}","{'height': 480, 'width': 854, 'mime_type': 'video/mp4'}",FpXbeLZWFSw,https://www.youtube.com/watch?v=FpXbeLZWFSw
cljwcvfg5002w3n6lo9eg0k8w,11882,front,,Abnormal Gait,stroke,"{'top': 34.625, 'left': 238.25, 'height': 415.375, 'width': 188.4375}","{'height': 480, 'width': 854, 'mime_type': 'video/mp4'}",FpXbeLZWFSw,https://www.youtube.com/watch?v=FpXbeLZWFSw
cljwcvfg5002w3n6lo9eg0k8w,11883,front,,Abnormal Gait,stroke,"{'top': 34.75, 'left': 239.5, 'height': 413.25, 'width': 187.125}","{'height': 480, 'width': 854, 'mime_type': 'video/mp4'}",FpXbeLZWFSw,https://www.youtube.com/watch?v=FpXbeLZWFSw
cljwcvfg5002w3n6lo9eg0k8w,11884,front,,Abnormal Gait,stroke,"{'top': 34.875, 'left': 240.75, 'height': 411.125, 'width': 185.8125}","{'height': 480, 'width': 854, 'mime_type': 'video/mp4'}",FpXbeLZWFSw,https://www.youtube.com/watch?v=FpXbeLZWFSw
cljwcvfg5002w3n6lo9eg0k8w,11885,front,,Abnormal Gait,stroke,"{'top': 35.0, 'left': 242.0, 'height': 409.0, 'width': 184.5}","{'height': 480, 'width': 854, 'mime_type': 'video/mp4'}",FpXbeLZWFSw,https://www.youtube.com/watch?v=FpXbeLZWFSw
cljwcvfg5002w3n6lo9eg0k8w,11886,front,,Abnormal Gait,stroke,"{'top': 35.125, 'left': 243.25, 'height': 406.875, 'width': 183.1875}","{'height': 480, 'width': 854, 'mime_type': 'video/mp4'}",FpXbeLZWFSw,https://www.youtube.com/watch?v=FpXbeLZWFSw
cljwcvfg5002w3n6lo9eg0k8w,11887,front,,Abnormal Gait,stroke,"{'top': 35.25, 'left': 244.5, 'height': 404.75, 'width': 181.875}","{'height': 480, 'width': 854, 'mime_type': 'video/mp4'}",FpXbeLZWFSw,https://www.youtube.com/watch?v=FpXbeLZWFSw
cljwcvfg5002w3n6lo9eg0k8w,11888,front,,Abnormal Gait,stroke,"{'top': 35.375, 'left': 245.75, 'height': 402.625, 'width': 180.5625}","{'height': 480, 'width': 854, 'mime_type': 'video/mp4'}",FpXbeLZWFSw,https://www.youtube.com/watch?v=FpXbeLZWFSw
cljwcvfg5002w3n6lo9eg0k8w,11889,front,,Abnormal Gait,stroke,"{'top': 35.5, 'left': 247.0, 'height': 400.5, 'width': 179.25}","{'height': 480, 'width': 854, 'mime_type': 'video/mp4'}",FpXbeLZWFSw,https://www.youtube.com/watch?v=FpXbeLZWFSw
cljwcvfg5002w3n6lo9eg0k8w,11890,front,,Abnormal Gait,stroke,"{'top': 35.625, 'left': 248.25, 'height': 398.375, 'width': 177.9375}","{'height': 480, 'width': 854, 'mime_type': 'video/mp4'}",FpXbeLZWFSw,https://www.youtube.com/watch?v=FpXbeLZWFSw
cljwcvfg5002w3n6lo9eg0k8w,11891,front,,Abnormal Gait,stroke,"{'top': 35.75, 'left': 249.5, 'height': 396.25, 'width': 176.625}","{'height': 480, 'width': 854, 'mime_type': 'video/mp4'}",FpXbeLZWFSw,https://www.youtube.com/watch?v=FpXbeLZWFSw
cljwcvfg5002w3n6lo9eg0k8w,11892,front,,Abnormal Gait,stroke,"{'top': 35.875, 'left': 250.75, 'height': 394.125, 'width': 175.3125}","{'height': 480, 'width': 854, 'mime_type': 'video/mp4'}",FpXbeLZWFSw,https://www.youtube.com/watch?v=FpXbeLZWFSw
cljwcvfg5002w3n6lo9eg0k8w,11893,front,,Abnormal Gait,stroke,"{'top': 36.0, 'left': 252.0, 'height': 392.0, 'width': 174.0}","{'height': 480, 'width': 854, 'mime_type': 'video/mp4'}",FpXbeLZWFSw,https://www.youtube.com/watch?v=FpXbeLZWFSw
cljwcvfg5002w3n6lo9eg0k8w,11894,front,,Abnormal Gait,stroke,"{'top': 36.023809523809526, 'left': 252.64285714285714, 'height': 391.8095238095238, 'width': 173.92857142857142}","{'height': 480, 'width': 854, 'mime_type': 'video/mp4'}",FpXbeLZWFSw,https://www.youtube.com/watch?v=FpXbeLZWFSw
cljwcvfg5002w3n6lo9eg0k8w,11895,front,,Abnormal Gait,stroke,"{'top': 36.04761904761905, 'left': 253.28571428571428, 'height': 391.61904761904765, 'width': 173.8571428571429}","{'height': 480, 'width': 854, 'mime_type': 'video/mp4'}",FpXbeLZWFSw,https://www.youtube.com/watch?v=FpXbeLZWFSw
cljwcvfg5002w3n6lo9eg0k8w,11896,front,,Abnormal Gait,stroke,"{'top': 36.07142857142857, 'left': 253.92857142857142, 'height': 391.42857142857144, 'width': 173.7857142857143}","{'height': 480, 'width': 854, 'mime_type': 'video/mp4'}",FpXbeLZWFSw,https://www.youtube.com/watch?v=FpXbeLZWFSw
cljwcvfg5002w3n6lo9eg0k8w,11897,front,,Abnormal Gait,stroke,"{'top': 36.095238095238095, 'left': 254.57142857142858, 'height': 391.23809523809524, 'width': 173.7142857142857}","{'height': 480, 'width': 854, 'mime_type': 'video/mp4'}",FpXbeLZWFSw,https://www.youtube.com/watch?v=FpXbeLZWFSw
cljwcvfg5002w3n6lo9eg0k8w,11898,front,,Abnormal Gait,stroke,"{'top': 36.11904761904762, 'left': 255.21428571428572, 'height': 391.04761904761904, 'width': 173.6428571428571}","{'height': 480, 'width': 854, 'mime_type': 'video/mp4'}",FpXbeLZWFSw,https://www.youtube.com/watch?v=FpXbeLZWFSw
cljwcvfg5002w3n6lo9eg0k8w,11899,front,,Abnormal Gait,stroke,"{'top': 36.142857142857146, 'left': 255.85714285714286, 'height': 390.85714285714283, 'width': 173.57142857142858}","{'height': 480, 'width': 854, 'mime_type': 'video/mp4'}",FpXbeLZWFSw,https://www.youtube.com/watch?v=FpXbeLZWFSw
cljwcvfg5002w3n6lo9eg0k8w,11900,front,,Abnormal Gait,stroke,"{'top': 36.166666666666664, 'left': 256.5, 'height': 390.66666666666663, 'width': 173.5}","{'height': 480, 'width': 854, 'mime_type': 'video/mp4'}",FpXbeLZWFSw,https://www.youtube.com/watch?v=FpXbeLZWFSw
cljwcvfg5002w3n6lo9eg0k8w,11901,front,,Abnormal Gait,stroke,"{'top': 36.19047619047619, 'left': 257.14285714285717, 'height': 390.4761904761905, 'width': 173.4285714285714}","{'height': 480, 'width': 854, 'mime_type': 'video/mp4'}",FpXbeLZWFSw,https://www.youtube.com/watch?v=FpXbeLZWFSw
cljwcvfg5002w3n6lo9eg0k8w,11902,front,,Abnormal Gait,stroke,"{'top': 36.214285714285715, 'left': 257.7857142857143, 'height': 390.2857142857143, 'width': 173.3571428571429}","{'height': 480, 'width': 854, 'mime_type': 'video/mp4'}",FpXbeLZWFSw,https://www.youtube.com/watch?v=FpXbeLZWFSw
cljwcvfg5002w3n6lo9eg0k8w,11903,front,,Abnormal Gait,stroke,"{'top': 36.23809523809524, 'left': 258.42857142857144, 'height': 390.0952380952381, 'width': 173.28571428571428}","{'height': 480, 'width': 854, 'mime_type': 'video/mp4'}",FpXbeLZWFSw,https://www.youtube.com/watch?v=FpXbeLZWFSw
cljwcvfg5002w3n6lo9eg0k8w,11904,front,,Abnormal Gait,stroke,"{'top': 36.26190476190476, 'left': 259.07142857142856, 'height': 389.9047619047619, 'width': 173.21428571428572}","{'height': 480, 'width': 854, 'mime_type': 'video/mp4'}",FpXbeLZWFSw,https://www.youtube.com/watch?v=FpXbeLZWFSw
cljwcvfg5002w3n6lo9eg0k8w,11905,front,,Abnormal Gait,stroke,"{'top': 36.285714285714285, 'left': 259.7142857142857, 'height': 389.7142857142857, 'width': 173.1428571428571}","{'height': 480, 'width': 854, 'mime_type': 'video/mp4'}",FpXbeLZWFSw,https://www.youtube.com/watch?v=FpXbeLZWFSw
cljwcvfg5002w3n6lo9eg0k8w,11906,front,,Abnormal Gait,stroke,"{'top': 36.30952380952381, 'left': 260.35714285714283, 'height': 389.5238095238095, 'width': 173.0714285714286}","{'height': 480, 'width': 854, 'mime_type': 'video/mp4'}",FpXbeLZWFSw,https://www.youtube.com/watch?v=FpXbeLZWFSw
cljwcvfg5002w3n6lo9eg0k8w,11907,front,,Abnormal Gait,stroke,"{'top': 36.333333333333336, 'left': 261.0, 'height': 389.33333333333337, 'width': 173.0}","{'height': 480, 'width': 854, 'mime_type': 'video/mp4'}",FpXbeLZWFSw,https://www.youtube.com/watch?v=FpXbeLZWFSw
cljwcvfg5002w3n6lo9eg0k8w,11908,front,,Abnormal Gait,stroke,"{'top': 36.357142857142854, 'left': 261.64285714285717, 'height': 389.14285714285717, 'width': 172.9285714285714}","{'height': 480, 'width': 854, 'mime_type': 'video/mp4'}",FpXbeLZWFSw,https://www.youtube.com/watch?v=FpXbeLZWFSw
cljwcvfg5002w3n6lo9eg0k8w,11909,front,,Abnormal Gait,stroke,"{'top': 36.38095238095238, 'left': 262.2857142857143, 'height': 388.95238095238096, 'width': 172.8571428571429}","{'height': 480, 'width': 854, 'mime_type': 'video/mp4'}",FpXbeLZWFSw,https://www.youtube.com/watch?v=FpXbeLZWFSw
cljwcvfg5002w3n6lo9eg0k8w,11910,front,,Abnormal Gait,stroke,"{'top': 36.404761904761905, 'left': 262.92857142857144, 'height': 388.76190476190476, 'width': 172.78571428571428}","{'height': 480, 'width': 854, 'mime_type': 'video/mp4'}",FpXbeLZWFSw,https://www.youtube.com/watch?v=FpXbeLZWFSw
cljwcvfg5002w3n6lo9eg0k8w,11911,front,,Abnormal Gait,stroke,"{'top': 36.42857142857143, 'left': 263.57142857142856, 'height': 388.57142857142856, 'width': 172.71428571428572}","{'height': 480, 'width': 854, 'mime_type': 'video/mp4'}",FpXbeLZWFSw,https://www.youtube.com/watch?v=FpXbeLZWFSw
cljwcvfg5002w3n6lo9eg0k8w,11912,front,,Abnormal Gait,stroke,"{'top': 36.45238095238095, 'left': 264.2142857142857, 'height': 388.38095238095235, 'width': 172.6428571428571}","{'height': 480, 'width': 854, 'mime_type': 'video/mp4'}",FpXbeLZWFSw,https://www.youtube.com/watch?v=FpXbeLZWFSw
cljwcvfg5002w3n6lo9eg0k8w,11913,front,,Abnormal Gait,stroke,"{'top': 36.476190476190474, 'left': 264.85714285714283, 'height': 388.1904761904762, 'width': 172.5714285714286}","{'height': 480, 'width': 854, 'mime_type': 'video/mp4'}",FpXbeLZWFSw,https://www.youtube.com/watch?v=FpXbeLZWFSw
cljwcvfg5002w3n6lo9eg0k8w,11914,front,,Abnormal Gait,stroke,"{'top': 36.5, 'left': 265.5, 'height': 388.0, 'width': 172.5}","{'height': 480, 'width': 854, 'mime_type': 'video/mp4'}",FpXbeLZWFSw,https://www.youtube.com/watch?v=FpXbeLZWFSw
cljwcvfg5002w3n6lo9eg0k8w,11915,front,,Abnormal Gait,stroke,"{'top': 36.523809523809526, 'left': 266.14285714285717, 'height': 387.8095238095238, 'width': 172.4285714285714}","{'height': 480, 'width': 854, 'mime_type': 'video/mp4'}",FpXbeLZWFSw,https://www.youtube.com/watch?v=FpXbeLZWFSw
cljwcvfg5002w3n6lo9eg0k8w,11916,front,,Abnormal Gait,stroke,"{'top': 36.54761904761905, 'left': 266.7857142857143, 'height': 387.61904761904765, 'width': 172.3571428571429}","{'height': 480, 'width': 854, 'mime_type': 'video/mp4'}",FpXbeLZWFSw,https://www.youtube.com/watch?v=FpXbeLZWFSw
cljwcvfg5002w3n6lo9eg0k8w,11917,front,,Abnormal Gait,stroke,"{'top': 36.57142857142857, 'left': 267.42857142857144, 'height': 387.42857142857144, 'width': 172.28571428571428}","{'height': 480, 'width': 854, 'mime_type': 'video/mp4'}",FpXbeLZWFSw,https://www.youtube.com/watch?v=FpXbeLZWFSw
cljwcvfg5002w3n6lo9eg0k8w,11918,front,,Abnormal Gait,stroke,"{'top': 36.595238095238095, 'left': 268.07142857142856, 'height': 387.23809523809524, 'width': 172.21428571428572}","{'height': 480, 'width': 854, 'mime_type': 'video/mp4'}",FpXbeLZWFSw,https://www.youtube.com/watch?v=FpXbeLZWFSw
cljwcvfg5002w3n6lo9eg0k8w,11919,front,,Abnormal Gait,stroke,"{'top': 36.61904761904762, 'left': 268.7142857142857, 'height': 387.04761904761904, 'width': 172.1428571428571}","{'height': 480, 'width': 854, 'mime_type': 'video/mp4'}",FpXbeLZWFSw,https://www.youtube.com/watch?v=FpXbeLZWFSw
cljwcvfg5002w3n6lo9eg0k8w,11920,front,,Abnormal Gait,stroke,"{'top': 36.642857142857146, 'left': 269.35714285714283, 'height': 386.85714285714283, 'width': 172.0714285714286}","{'height': 480, 'width': 854, 'mime_type': 'video/mp4'}",FpXbeLZWFSw,https://www.youtube.com/watch?v=FpXbeLZWFSw
cljwcvfg5002w3n6lo9eg0k8w,11921,front,,Abnormal Gait,stroke,"{'top': 36.666666666666664, 'left': 270.0, 'height': 386.66666666666663, 'width': 172.0}","{'height': 480, 'width': 854, 'mime_type': 'video/mp4'}",FpXbeLZWFSw,https://www.youtube.com/watch?v=FpXbeLZWFSw
cljwcvfg5002w3n6lo9eg0k8w,11922,front,,Abnormal Gait,stroke,"{'top': 36.69047619047619, 'left': 270.64285714285717, 'height': 386.4761904761905, 'width': 171.9285714285714}","{'height': 480, 'width': 854, 'mime_type': 'video/mp4'}",FpXbeLZWFSw,https://www.youtube.com/watch?v=FpXbeLZWFSw
cljwcvfg5002w3n6lo9eg0k8w,11923,front,,Abnormal Gait,stroke,"{'top': 36.714285714285715, 'left': 271.2857142857143, 'height': 386.2857142857143, 'width': 171.8571428571429}","{'height': 480, 'width': 854, 'mime_type': 'video/mp4'}",FpXbeLZWFSw,https://www.youtube.com/watch?v=FpXbeLZWFSw
cljwcvfg5002w3n6lo9eg0k8w,11924,front,,Abnormal Gait,stroke,"{'top': 36.73809523809524, 'left': 271.92857142857144, 'height': 386.0952380952381, 'width': 171.78571428571428}","{'height': 480, 'width': 854, 'mime_type': 'video/mp4'}",FpXbeLZWFSw,https://www.youtube.com/watch?v=FpXbeLZWFSw
cljwcvfg5002w3n6lo9eg0k8w,11925,front,,Abnormal Gait,stroke,"{'top': 36.76190476190476, 'left': 272.57142857142856, 'height': 385.9047619047619, 'width': 171.71428571428572}","{'height': 480, 'width': 854, 'mime_type': 'video/mp4'}",FpXbeLZWFSw,https://www.youtube.com/watch?v=FpXbeLZWFSw
cljwcvfg5002w3n6lo9eg0k8w,11926,front,,Abnormal Gait,stroke,"{'top': 36.785714285714285, 'left': 273.2142857142857, 'height': 385.7142857142857, 'width': 171.6428571428571}","{'height': 480, 'width': 854, 'mime_type': 'video/mp4'}",FpXbeLZWFSw,https://www.youtube.com/watch?v=FpXbeLZWFSw
cljwcvfg5002w3n6lo9eg0k8w,11927,front,,Abnormal Gait,stroke,"{'top': 36.80952380952381, 'left': 273.85714285714283, 'height': 385.5238095238095, 'width': 171.5714285714286}","{'height': 480, 'width': 854, 'mime_type': 'video/mp4'}",FpXbeLZWFSw,https://www.youtube.com/watch?v=FpXbeLZWFSw
cljwcvfg5002w3n6lo9eg0k8w,11928,front,,Abnormal Gait,stroke,"{'top': 36.833333333333336, 'left': 274.5, 'height': 385.33333333333337, 'width': 171.5}","{'height': 480, 'width': 854, 'mime_type': 'video/mp4'}",FpXbeLZWFSw,https://www.youtube.com/watch?v=FpXbeLZWFSw
cljwcvfg5002w3n6lo9eg0k8w,11929,front,,Abnormal Gait,stroke,"{'top': 36.857142857142854, 'left': 275.14285714285717, 'height': 385.14285714285717, 'width': 171.4285714285714}","{'height': 480, 'width': 854, 'mime_type': 'video/mp4'}",FpXbeLZWFSw,https://www.youtube.com/watch?v=FpXbeLZWFSw
cljwcvfg5002w3n6lo9eg0k8w,11930,front,,Abnormal Gait,stroke,"{'top': 36.88095238095238, 'left': 275.7857142857143, 'height': 384.95238095238096, 'width': 171.3571428571429}","{'height': 480, 'width': 854, 'mime_type': 'video/mp4'}",FpXbeLZWFSw,https://www.youtube.com/watch?v=FpXbeLZWFSw
cljwcvfg5002w3n6lo9eg0k8w,11931,front,,Abnormal Gait,stroke,"{'top': 36.904761904761905, 'left': 276.42857142857144, 'height': 384.76190476190476, 'width': 171.28571428571428}","{'height': 480, 'width': 854, 'mime_type': 'video/mp4'}",FpXbeLZWFSw,https://www.youtube.com/watch?v=FpXbeLZWFSw
cljwcvfg5002w3n6lo9eg0k8w,11932,front,,Abnormal Gait,stroke,"{'top': 36.92857142857143, 'left': 277.07142857142856, 'height': 384.57142857142856, 'width': 171.21428571428572}","{'height': 480, 'width': 854, 'mime_type': 'video/mp4'}",FpXbeLZWFSw,https://www.youtube.com/watch?v=FpXbeLZWFSw
cljwcvfg5002w3n6lo9eg0k8w,11933,front,,Abnormal Gait,stroke,"{'top': 36.95238095238095, 'left': 277.7142857142857, 'height': 384.38095238095235, 'width': 171.1428571428571}","{'height': 480, 'width': 854, 'mime_type': 'video/mp4'}",FpXbeLZWFSw,https://www.youtube.com/watch?v=FpXbeLZWFSw
cljwcvfg5002w3n6lo9eg0k8w,11934,front,,Abnormal Gait,stroke,"{'top': 36.976190476190474, 'left': 278.35714285714283, 'height': 384.1904761904762, 'width': 171.0714285714286}","{'height': 480, 'width': 854, 'mime_type': 'video/mp4'}",FpXbeLZWFSw,https://www.youtube.com/watch?v=FpXbeLZWFSw
cljwcvfg5002w3n6lo9eg0k8w,11935,front,,Abnormal Gait,stroke,"{'top': 37.0, 'left': 279.0, 'height': 384.0, 'width': 171.0}","{'height': 480, 'width': 854, 'mime_type': 'video/mp4'}",FpXbeLZWFSw,https://www.youtube.com/watch?v=FpXbeLZWFSw
cljwcvfg5002w3n6lo9eg0k8w,11936,front,,Abnormal Gait,stroke,"{'top': 37.05882352941177, 'left': 279.1029411764706, 'height': 383.8235294117647, 'width': 170.92647058823525}","{'height': 480, 'width': 854, 'mime_type': 'video/mp4'}",FpXbeLZWFSw,https://www.youtube.com/watch?v=FpXbeLZWFSw
cljwcvfg5002w3n6lo9eg0k8w,11937,front,,Abnormal Gait,stroke,"{'top': 37.11764705882353, 'left': 279.20588235294116, 'height': 383.6470588235294, 'width': 170.8529411764706}","{'height': 480, 'width': 854, 'mime_type': 'video/mp4'}",FpXbeLZWFSw,https://www.youtube.com/watch?v=FpXbeLZWFSw
cljwcvfg5002w3n6lo9eg0k8w,11938,front,,Abnormal Gait,stroke,"{'top': 37.1764705882353, 'left': 279.30882352941177, 'height': 383.4705882352941, 'width': 170.77941176470586}","{'height': 480, 'width': 854, 'mime_type': 'video/mp4'}",FpXbeLZWFSw,https://www.youtube.com/watch?v=FpXbeLZWFSw
cljwcvfg5002w3n6lo9eg0k8w,11939,front,,Abnormal Gait,stroke,"{'top': 37.23529411764706, 'left': 279.4117647058824, 'height': 383.2941176470588, 'width': 170.70588235294116}","{'height': 480, 'width': 854, 'mime_type': 'video/mp4'}",FpXbeLZWFSw,https://www.youtube.com/watch?v=FpXbeLZWFSw
cljwcvfg5002w3n6lo9eg0k8w,11940,front,,Abnormal Gait,stroke,"{'top': 37.294117647058826, 'left': 279.5147058823529, 'height': 383.11764705882354, 'width': 170.63235294117646}","{'height': 480, 'width': 854, 'mime_type': 'video/mp4'}",FpXbeLZWFSw,https://www.youtube.com/watch?v=FpXbeLZWFSw
cljwcvfg5002w3n6lo9eg0k8w,11941,front,,Abnormal Gait,stroke,"{'top': 37.35294117647059, 'left': 279.61764705882354, 'height': 382.94117647058823, 'width': 170.55882352941177}","{'height': 480, 'width': 854, 'mime_type': 'video/mp4'}",FpXbeLZWFSw,https://www.youtube.com/watch?v=FpXbeLZWFSw
cljwcvfg5002w3n6lo9eg0k8w,11942,front,,Abnormal Gait,stroke,"{'top': 37.411764705882355, 'left': 279.72058823529414, 'height': 382.7647058823529, 'width': 170.48529411764702}","{'height': 480, 'width': 854, 'mime_type': 'video/mp4'}",FpXbeLZWFSw,https://www.youtube.com/watch?v=FpXbeLZWFSw
cljwcvfg5002w3n6lo9eg0k8w,11943,front,,Abnormal Gait,stroke,"{'top': 37.470588235294116, 'left': 279.8235294117647, 'height': 382.5882352941177, 'width': 170.41176470588238}","{'height': 480, 'width': 854, 'mime_type': 'video/mp4'}",FpXbeLZWFSw,https://www.youtube.com/watch?v=FpXbeLZWFSw
cljwcvfg5002w3n6lo9eg0k8w,11944,front,,Abnormal Gait,stroke,"{'top': 37.529411764705884, 'left': 279.9264705882353, 'height': 382.4117647058823, 'width': 170.33823529411762}","{'height': 480, 'width': 854, 'mime_type': 'video/mp4'}",FpXbeLZWFSw,https://www.youtube.com/watch?v=FpXbeLZWFSw
cljwcvfg5002w3n6lo9eg0k8w,11945,front,,Abnormal Gait,stroke,"{'top': 37.588235294117645, 'left': 280.02941176470586, 'height': 382.2352941176471, 'width': 170.26470588235298}","{'height': 480, 'width': 854, 'mime_type': 'video/mp4'}",FpXbeLZWFSw,https://www.youtube.com/watch?v=FpXbeLZWFSw
cljwcvfg5002w3n6lo9eg0k8w,11946,front,,Abnormal Gait,stroke,"{'top': 37.64705882352941, 'left': 280.13235294117646, 'height': 382.05882352941177, 'width': 170.19117647058823}","{'height': 480, 'width': 854, 'mime_type': 'video/mp4'}",FpXbeLZWFSw,https://www.youtube.com/watch?v=FpXbeLZWFSw
cljwcvfg5002w3n6lo9eg0k8w,11947,front,,Abnormal Gait,stroke,"{'top': 37.705882352941174, 'left': 280.2352941176471, 'height': 381.88235294117646, 'width': 170.11764705882354}","{'height': 480, 'width': 854, 'mime_type': 'video/mp4'}",FpXbeLZWFSw,https://www.youtube.com/watch?v=FpXbeLZWFSw
cljwcvfg5002w3n6lo9eg0k8w,11948,front,,Abnormal Gait,stroke,"{'top': 37.76470588235294, 'left': 280.3382352941176, 'height': 381.7058823529412, 'width': 170.04411764705884}","{'height': 480, 'width': 854, 'mime_type': 'video/mp4'}",FpXbeLZWFSw,https://www.youtube.com/watch?v=FpXbeLZWFSw
cljwcvfg5002w3n6lo9eg0k8w,11949,front,,Abnormal Gait,stroke,"{'top': 37.8235294117647, 'left': 280.44117647058823, 'height': 381.5294117647059, 'width': 169.97058823529414}","{'height': 480, 'width': 854, 'mime_type': 'video/mp4'}",FpXbeLZWFSw,https://www.youtube.com/watch?v=FpXbeLZWFSw
cljwcvfg5002w3n6lo9eg0k8w,11950,front,,Abnormal Gait,stroke,"{'top': 37.88235294117647, 'left': 280.54411764705884, 'height': 381.3529411764706, 'width': 169.8970588235294}","{'height': 480, 'width': 854, 'mime_type': 'video/mp4'}",FpXbeLZWFSw,https://www.youtube.com/watch?v=FpXbeLZWFSw
cljwcvfg5002w3n6lo9eg0k8w,11951,front,,Abnormal Gait,stroke,"{'top': 37.94117647058823, 'left': 280.6470588235294, 'height': 381.1764705882353, 'width': 169.82352941176475}","{'height': 480, 'width': 854, 'mime_type': 'video/mp4'}",FpXbeLZWFSw,https://www.youtube.com/watch?v=FpXbeLZWFSw
cljwcvfg5002w3n6lo9eg0k8w,11952,front,,Abnormal Gait,stroke,"{'top': 38.0, 'left': 280.75, 'height': 381.0, 'width': 169.75}","{'height': 480, 'width': 854, 'mime_type': 'video/mp4'}",FpXbeLZWFSw,https://www.youtube.com/watch?v=FpXbeLZWFSw
cljwcvfg5002w3n6lo9eg0k8w,11953,front,,Abnormal Gait,stroke,"{'top': 38.05882352941177, 'left': 280.8529411764706, 'height': 380.8235294117647, 'width': 169.67647058823525}","{'height': 480, 'width': 854, 'mime_type': 'video/mp4'}",FpXbeLZWFSw,https://www.youtube.com/watch?v=FpXbeLZWFSw
cljwcvfg5002w3n6lo9eg0k8w,11954,front,,Abnormal Gait,stroke,"{'top': 38.11764705882353, 'left': 280.95588235294116, 'height': 380.6470588235294, 'width': 169.6029411764706}","{'height': 480, 'width': 854, 'mime_type': 'video/mp4'}",FpXbeLZWFSw,https://www.youtube.com/watch?v=FpXbeLZWFSw
cljwcvfg5002w3n6lo9eg0k8w,11955,front,,Abnormal Gait,stroke,"{'top': 38.1764705882353, 'left': 281.05882352941177, 'height': 380.4705882352941, 'width': 169.52941176470586}","{'height': 480, 'width': 854, 'mime_type': 'video/mp4'}",FpXbeLZWFSw,https://www.youtube.com/watch?v=FpXbeLZWFSw
cljwcvfg5002w3n6lo9eg0k8w,11956,front,,Abnormal Gait,stroke,"{'top': 38.23529411764706, 'left': 281.1617647058824, 'height': 380.2941176470588, 'width': 169.45588235294116}","{'height': 480, 'width': 854, 'mime_type': 'video/mp4'}",FpXbeLZWFSw,https://www.youtube.com/watch?v=FpXbeLZWFSw
cljwcvfg5002w3n6lo9eg0k8w,11957,front,,Abnormal Gait,stroke,"{'top': 38.294117647058826, 'left': 281.2647058823529, 'height': 380.11764705882354, 'width': 169.38235294117646}","{'height': 480, 'width': 854, 'mime_type': 'video/mp4'}",FpXbeLZWFSw,https://www.youtube.com/watch?v=FpXbeLZWFSw
cljwcvfg5002w3n6lo9eg0k8w,11958,front,,Abnormal Gait,stroke,"{'top': 38.35294117647059, 'left': 281.36764705882354, 'height': 379.94117647058823, 'width': 169.30882352941177}","{'height': 480, 'width': 854, 'mime_type': 'video/mp4'}",FpXbeLZWFSw,https://www.youtube.com/watch?v=FpXbeLZWFSw
cljwcvfg5002w3n6lo9eg0k8w,11959,front,,Abnormal Gait,stroke,"{'top': 38.411764705882355, 'left': 281.47058823529414, 'height': 379.7647058823529, 'width': 169.23529411764702}","{'height': 480, 'width': 854, 'mime_type': 'video/mp4'}",FpXbeLZWFSw,https://www.youtube.com/watch?v=FpXbeLZWFSw
cljwcvfg5002w3n6lo9eg0k8w,11960,front,,Abnormal Gait,stroke,"{'top': 38.470588235294116, 'left': 281.5735294117647, 'height': 379.5882352941177, 'width': 169.16176470588238}","{'height': 480, 'width': 854, 'mime_type': 'video/mp4'}",FpXbeLZWFSw,https://www.youtube.com/watch?v=FpXbeLZWFSw
cljwcvfg5002w3n6lo9eg0k8w,11961,front,,Abnormal Gait,stroke,"{'top': 38.529411764705884, 'left': 281.6764705882353, 'height': 379.4117647058823, 'width': 169.08823529411762}","{'height': 480, 'width': 854, 'mime_type': 'video/mp4'}",FpXbeLZWFSw,https://www.youtube.com/watch?v=FpXbeLZWFSw
cljwcvfg5002w3n6lo9eg0k8w,11962,front,,Abnormal Gait,stroke,"{'top': 38.588235294117645, 'left': 281.77941176470586, 'height': 379.2352941176471, 'width': 169.01470588235298}","{'height': 480, 'width': 854, 'mime_type': 'video/mp4'}",FpXbeLZWFSw,https://www.youtube.com/watch?v=FpXbeLZWFSw
cljwcvfg5002w3n6lo9eg0k8w,11963,front,,Abnormal Gait,stroke,"{'top': 38.64705882352941, 'left': 281.88235294117646, 'height': 379.05882352941177, 'width': 168.94117647058823}","{'height': 480, 'width': 854, 'mime_type': 'video/mp4'}",FpXbeLZWFSw,https://www.youtube.com/watch?v=FpXbeLZWFSw
cljwcvfg5002w3n6lo9eg0k8w,11964,front,,Abnormal Gait,stroke,"{'top': 38.705882352941174, 'left': 281.9852941176471, 'height': 378.88235294117646, 'width': 168.86764705882354}","{'height': 480, 'width': 854, 'mime_type': 'video/mp4'}",FpXbeLZWFSw,https://www.youtube.com/watch?v=FpXbeLZWFSw
cljwcvfg5002w3n6lo9eg0k8w,11965,front,,Abnormal Gait,stroke,"{'top': 38.76470588235294, 'left': 282.0882352941176, 'height': 378.7058823529412, 'width': 168.79411764705884}","{'height': 480, 'width': 854, 'mime_type': 'video/mp4'}",FpXbeLZWFSw,https://www.youtube.com/watch?v=FpXbeLZWFSw
cljwcvfg5002w3n6lo9eg0k8w,11966,front,,Abnormal Gait,stroke,"{'top': 38.8235294117647, 'left': 282.19117647058823, 'height': 378.5294117647059, 'width': 168.72058823529414}","{'height': 480, 'width': 854, 'mime_type': 'video/mp4'}",FpXbeLZWFSw,https://www.youtube.com/watch?v=FpXbeLZWFSw
cljwcvfg5002w3n6lo9eg0k8w,11967,front,,Abnormal Gait,stroke,"{'top': 38.88235294117647, 'left': 282.29411764705884, 'height': 378.3529411764706, 'width': 168.6470588235294}","{'height': 480, 'width': 854, 'mime_type': 'video/mp4'}",FpXbeLZWFSw,https://www.youtube.com/watch?v=FpXbeLZWFSw
cljwcvfg5002w3n6lo9eg0k8w,11968,front,,Abnormal Gait,stroke,"{'top': 38.94117647058823, 'left': 282.3970588235294, 'height': 378.1764705882353, 'width': 168.57352941176475}","{'height': 480, 'width': 854, 'mime_type': 'video/mp4'}",FpXbeLZWFSw,https://www.youtube.com/watch?v=FpXbeLZWFSw
cljwcvfg5002w3n6lo9eg0k8w,11969,front,,Abnormal Gait,stroke,"{'top': 39.0, 'left': 282.5, 'height': 378.0, 'width': 168.5}","{'height': 480, 'width': 854, 'mime_type': 'video/mp4'}",FpXbeLZWFSw,https://www.youtube.com/watch?v=FpXbeLZWFSw
cljwcvfg5002w3n6lo9eg0k8w,11970,front,,Abnormal Gait,stroke,"{'top': 39.05882352941177, 'left': 282.6029411764706, 'height': 377.8235294117647, 'width': 168.42647058823525}","{'height': 480, 'width': 854, 'mime_type': 'video/mp4'}",FpXbeLZWFSw,https://www.youtube.com/watch?v=FpXbeLZWFSw
cljwcvfg5002w3n6lo9eg0k8w,11971,front,,Abnormal Gait,stroke,"{'top': 39.11764705882353, 'left': 282.70588235294116, 'height': 377.6470588235294, 'width': 168.3529411764706}","{'height': 480, 'width': 854, 'mime_type': 'video/mp4'}",FpXbeLZWFSw,https://www.youtube.com/watch?v=FpXbeLZWFSw
cljwcvfg5002w3n6lo9eg0k8w,11972,front,,Abnormal Gait,stroke,"{'top': 39.1764705882353, 'left': 282.80882352941177, 'height': 377.4705882352941, 'width': 168.27941176470586}","{'height': 480, 'width': 854, 'mime_type': 'video/mp4'}",FpXbeLZWFSw,https://www.youtube.com/watch?v=FpXbeLZWFSw
cljwcvfg5002w3n6lo9eg0k8w,11973,front,,Abnormal Gait,stroke,"{'top': 39.23529411764706, 'left': 282.9117647058824, 'height': 377.2941176470588, 'width': 168.20588235294116}","{'height': 480, 'width': 854, 'mime_type': 'video/mp4'}",FpXbeLZWFSw,https://www.youtube.com/watch?v=FpXbeLZWFSw
cljwcvfg5002w3n6lo9eg0k8w,11974,front,,Abnormal Gait,stroke,"{'top': 39.294117647058826, 'left': 283.0147058823529, 'height': 377.11764705882354, 'width': 168.13235294117646}","{'height': 480, 'width': 854, 'mime_type': 'video/mp4'}",FpXbeLZWFSw,https://www.youtube.com/watch?v=FpXbeLZWFSw
cljwcvfg5002w3n6lo9eg0k8w,11975,front,,Abnormal Gait,stroke,"{'top': 39.35294117647059, 'left': 283.11764705882354, 'height': 376.94117647058823, 'width': 168.05882352941177}","{'height': 480, 'width': 854, 'mime_type': 'video/mp4'}",FpXbeLZWFSw,https://www.youtube.com/watch?v=FpXbeLZWFSw
cljwcvfg5002w3n6lo9eg0k8w,11976,front,,Abnormal Gait,stroke,"{'top': 39.411764705882355, 'left': 283.22058823529414, 'height': 376.7647058823529, 'width': 167.98529411764702}","{'height': 480, 'width': 854, 'mime_type': 'video/mp4'}",FpXbeLZWFSw,https://www.youtube.com/watch?v=FpXbeLZWFSw
cljwcvfg5002w3n6lo9eg0k8w,11977,front,,Abnormal Gait,stroke,"{'top': 39.470588235294116, 'left': 283.3235294117647, 'height': 376.5882352941177, 'width': 167.91176470588238}","{'height': 480, 'width': 854, 'mime_type': 'video/mp4'}",FpXbeLZWFSw,https://www.youtube.com/watch?v=FpXbeLZWFSw
cljwcvfg5002w3n6lo9eg0k8w,11978,front,,Abnormal Gait,stroke,"{'top': 39.529411764705884, 'left': 283.4264705882353, 'height': 376.4117647058823, 'width': 167.83823529411762}","{'height': 480, 'width': 854, 'mime_type': 'video/mp4'}",FpXbeLZWFSw,https://www.youtube.com/watch?v=FpXbeLZWFSw
cljwcvfg5002w3n6lo9eg0k8w,11979,front,,Abnormal Gait,stroke,"{'top': 39.588235294117645, 'left': 283.52941176470586, 'height': 376.2352941176471, 'width': 167.76470588235298}","{'height': 480, 'width': 854, 'mime_type': 'video/mp4'}",FpXbeLZWFSw,https://www.youtube.com/watch?v=FpXbeLZWFSw
cljwcvfg5002w3n6lo9eg0k8w,11980,front,,Abnormal Gait,stroke,"{'top': 39.64705882352941, 'left': 283.63235294117646, 'height': 376.05882352941177, 'width': 167.69117647058823}","{'height': 480, 'width': 854, 'mime_type': 'video/mp4'}",FpXbeLZWFSw,https://www.youtube.com/watch?v=FpXbeLZWFSw
cljwcvfg5002w3n6lo9eg0k8w,11981,front,,Abnormal Gait,stroke,"{'top': 39.705882352941174, 'left': 283.7352941176471, 'height': 375.88235294117646, 'width': 167.61764705882354}","{'height': 480, 'width': 854, 'mime_type': 'video/mp4'}",FpXbeLZWFSw,https://www.youtube.com/watch?v=FpXbeLZWFSw
cljwcvfg5002w3n6lo9eg0k8w,11982,front,,Abnormal Gait,stroke,"{'top': 39.76470588235294, 'left': 283.8382352941176, 'height': 375.7058823529412, 'width': 167.54411764705884}","{'height': 480, 'width': 854, 'mime_type': 'video/mp4'}",FpXbeLZWFSw,https://www.youtube.com/watch?v=FpXbeLZWFSw
cljwcvfg5002w3n6lo9eg0k8w,11983,front,,Abnormal Gait,stroke,"{'top': 39.8235294117647, 'left': 283.94117647058823, 'height': 375.5294117647059, 'width': 167.47058823529414}","{'height': 480, 'width': 854, 'mime_type': 'video/mp4'}",FpXbeLZWFSw,https://www.youtube.com/watch?v=FpXbeLZWFSw
cljwcvfg5002w3n6lo9eg0k8w,11984,front,,Abnormal Gait,stroke,"{'top': 39.88235294117647, 'left': 284.04411764705884, 'height': 375.3529411764706, 'width': 167.3970588235294}","{'height': 480, 'width': 854, 'mime_type': 'video/mp4'}",FpXbeLZWFSw,https://www.youtube.com/watch?v=FpXbeLZWFSw
cljwcvfg5002w3n6lo9eg0k8w,11985,front,,Abnormal Gait,stroke,"{'top': 39.94117647058823, 'left': 284.1470588235294, 'height': 375.1764705882353, 'width': 167.32352941176475}","{'height': 480, 'width': 854, 'mime_type': 'video/mp4'}",FpXbeLZWFSw,https://www.youtube.com/watch?v=FpXbeLZWFSw
cljwcvfg5002w3n6lo9eg0k8w,11986,front,,Abnormal Gait,stroke,"{'top': 40.0, 'left': 284.25, 'height': 375.0, 'width': 167.25}","{'height': 480, 'width': 854, 'mime_type': 'video/mp4'}",FpXbeLZWFSw,https://www.youtube.com/watch?v=FpXbeLZWFSw
cljwcvfg5002w3n6lo9eg0k8w,11987,front,,Abnormal Gait,stroke,"{'top': 40.05882352941177, 'left': 284.3529411764706, 'height': 374.8235294117647, 'width': 167.17647058823525}","{'height': 480, 'width': 854, 'mime_type': 'video/mp4'}",FpXbeLZWFSw,https://www.youtube.com/watch?v=FpXbeLZWFSw
cljwcvfg5002w3n6lo9eg0k8w,11988,front,,Abnormal Gait,stroke,"{'top': 40.11764705882353, 'left': 284.45588235294116, 'height': 374.6470588235294, 'width': 167.1029411764706}","{'height': 480, 'width': 854, 'mime_type': 'video/mp4'}",FpXbeLZWFSw,https://www.youtube.com/watch?v=FpXbeLZWFSw
cljwcvfg5002w3n6lo9eg0k8w,11989,front,,Abnormal Gait,stroke,"{'top': 40.1764705882353, 'left': 284.55882352941177, 'height': 374.4705882352941, 'width': 167.02941176470586}","{'height': 480, 'width': 854, 'mime_type': 'video/mp4'}",FpXbeLZWFSw,https://www.youtube.com/watch?v=FpXbeLZWFSw
cljwcvfg5002w3n6lo9eg0k8w,11990,front,,Abnormal Gait,stroke,"{'top': 40.23529411764706, 'left': 284.6617647058824, 'height': 374.2941176470588, 'width': 166.95588235294116}","{'height': 480, 'width': 854, 'mime_type': 'video/mp4'}",FpXbeLZWFSw,https://www.youtube.com/watch?v=FpXbeLZWFSw
cljwcvfg5002w3n6lo9eg0k8w,11991,front,,Abnormal Gait,stroke,"{'top': 40.294117647058826, 'left': 284.7647058823529, 'height': 374.11764705882354, 'width': 166.88235294117646}","{'height': 480, 'width': 854, 'mime_type': 'video/mp4'}",FpXbeLZWFSw,https://www.youtube.com/watch?v=FpXbeLZWFSw
cljwcvfg5002w3n6lo9eg0k8w,11992,front,,Abnormal Gait,stroke,"{'top': 40.35294117647059, 'left': 284.86764705882354, 'height': 373.94117647058823, 'width': 166.80882352941177}","{'height': 480, 'width': 854, 'mime_type': 'video/mp4'}",FpXbeLZWFSw,https://www.youtube.com/watch?v=FpXbeLZWFSw
cljwcvfg5002w3n6lo9eg0k8w,11993,front,,Abnormal Gait,stroke,"{'top': 40.411764705882355, 'left': 284.97058823529414, 'height': 373.7647058823529, 'width': 166.73529411764702}","{'height': 480, 'width': 854, 'mime_type': 'video/mp4'}",FpXbeLZWFSw,https://www.youtube.com/watch?v=FpXbeLZWFSw
cljwcvfg5002w3n6lo9eg0k8w,11994,front,,Abnormal Gait,stroke,"{'top': 40.470588235294116, 'left': 285.0735294117647, 'height': 373.5882352941177, 'width': 166.66176470588238}","{'height': 480, 'width': 854, 'mime_type': 'video/mp4'}",FpXbeLZWFSw,https://www.youtube.com/watch?v=FpXbeLZWFSw
cljwcvfg5002w3n6lo9eg0k8w,11995,front,,Abnormal Gait,stroke,"{'top': 40.529411764705884, 'left': 285.1764705882353, 'height': 373.4117647058823, 'width': 166.58823529411762}","{'height': 480, 'width': 854, 'mime_type': 'video/mp4'}",FpXbeLZWFSw,https://www.youtube.com/watch?v=FpXbeLZWFSw
cljwcvfg5002w3n6lo9eg0k8w,11996,front,,Abnormal Gait,stroke,"{'top': 40.588235294117645, 'left': 285.27941176470586, 'height': 373.2352941176471, 'width': 166.51470588235298}","{'height': 480, 'width': 854, 'mime_type': 'video/mp4'}",FpXbeLZWFSw,https://www.youtube.com/watch?v=FpXbeLZWFSw
cljwcvfg5002w3n6lo9eg0k8w,11997,front,,Abnormal Gait,stroke,"{'top': 40.64705882352941, 'left': 285.38235294117646, 'height': 373.05882352941177, 'width': 166.44117647058823}","{'height': 480, 'width': 854, 'mime_type': 'video/mp4'}",FpXbeLZWFSw,https://www.youtube.com/watch?v=FpXbeLZWFSw
cljwcvfg5002w3n6lo9eg0k8w,11998,front,,Abnormal Gait,stroke,"{'top': 40.705882352941174, 'left': 285.4852941176471, 'height': 372.88235294117646, 'width': 166.36764705882354}","{'height': 480, 'width': 854, 'mime_type': 'video/mp4'}",FpXbeLZWFSw,https://www.youtube.com/watch?v=FpXbeLZWFSw
cljwcvfg5002w3n6lo9eg0k8w,11999,front,,Abnormal Gait,stroke,"{'top': 40.76470588235294, 'left': 285.5882352941176, 'height': 372.7058823529412, 'width': 166.29411764705884}","{'height': 480, 'width': 854, 'mime_type': 'video/mp4'}",FpXbeLZWFSw,https://www.youtube.com/watch?v=FpXbeLZWFSw
cljwcvfg5002w3n6lo9eg0k8w,12000,front,,Abnormal Gait,stroke,"{'top': 40.8235294117647, 'left': 285.69117647058823, 'height': 372.5294117647059, 'width': 166.22058823529414}","{'height': 480, 'width': 854, 'mime_type': 'video/mp4'}",FpXbeLZWFSw,https://www.youtube.com/watch?v=FpXbeLZWFSw
cljwcvfg5002w3n6lo9eg0k8w,12001,front,,Abnormal Gait,stroke,"{'top': 40.88235294117647, 'left': 285.79411764705884, 'height': 372.3529411764706, 'width': 166.1470588235294}","{'height': 480, 'width': 854, 'mime_type': 'video/mp4'}",FpXbeLZWFSw,https://www.youtube.com/watch?v=FpXbeLZWFSw
cljwcvfg5002w3n6lo9eg0k8w,12002,front,,Abnormal Gait,stroke,"{'top': 40.94117647058823, 'left': 285.8970588235294, 'height': 372.1764705882353, 'width': 166.07352941176475}","{'height': 480, 'width': 854, 'mime_type': 'video/mp4'}",FpXbeLZWFSw,https://www.youtube.com/watch?v=FpXbeLZWFSw
cljwcvfg5002w3n6lo9eg0k8w,12003,front,,Abnormal Gait,stroke,"{'top': 41.0, 'left': 286.0, 'height': 372.0, 'width': 166.0}","{'height': 480, 'width': 854, 'mime_type': 'video/mp4'}",FpXbeLZWFSw,https://www.youtube.com/watch?v=FpXbeLZWFSw
cljwcvfg5002w3n6lo9eg0k8w,12004,front,,Abnormal Gait,stroke,"{'top': 41.2037037037037, 'left': 285.81481481481484, 'height': 372.03703703703707, 'width': 166.0}","{'height': 480, 'width': 854, 'mime_type': 'video/mp4'}",FpXbeLZWFSw,https://www.youtube.com/watch?v=FpXbeLZWFSw
cljwcvfg5002w3n6lo9eg0k8w,12005,front,,Abnormal Gait,stroke,"{'top': 41.407407407407405, 'left': 285.6296296296296, 'height': 372.0740740740741, 'width': 166.0}","{'height': 480, 'width': 854, 'mime_type': 'video/mp4'}",FpXbeLZWFSw,https://www.youtube.com/watch?v=FpXbeLZWFSw
cljwcvfg5002w3n6lo9eg0k8w,12006,front,,Abnormal Gait,stroke,"{'top': 41.611111111111114, 'left': 285.44444444444446, 'height': 372.1111111111111, 'width': 166.0}","{'height': 480, 'width': 854, 'mime_type': 'video/mp4'}",FpXbeLZWFSw,https://www.youtube.com/watch?v=FpXbeLZWFSw
cljwcvfg5002w3n6lo9eg0k8w,12007,front,,Abnormal Gait,stroke,"{'top': 41.81481481481482, 'left': 285.25925925925924, 'height': 372.14814814814815, 'width': 166.0}","{'height': 480, 'width': 854, 'mime_type': 'video/mp4'}",FpXbeLZWFSw,https://www.youtube.com/watch?v=FpXbeLZWFSw
cljwcvfg5002w3n6lo9eg0k8w,12008,front,,Abnormal Gait,stroke,"{'top': 42.01851851851852, 'left': 285.0740740740741, 'height': 372.18518518518516, 'width': 166.0}","{'height': 480, 'width': 854, 'mime_type': 'video/mp4'}",FpXbeLZWFSw,https://www.youtube.com/watch?v=FpXbeLZWFSw
cljwcvfg5002w3n6lo9eg0k8w,12009,front,,Abnormal Gait,stroke,"{'top': 42.22222222222222, 'left': 284.8888888888889, 'height': 372.22222222222223, 'width': 166.0}","{'height': 480, 'width': 854, 'mime_type': 'video/mp4'}",FpXbeLZWFSw,https://www.youtube.com/watch?v=FpXbeLZWFSw
cljwcvfg5002w3n6lo9eg0k8w,12010,front,,Abnormal Gait,stroke,"{'top': 42.425925925925924, 'left': 284.7037037037037, 'height': 372.25925925925924, 'width': 166.0}","{'height': 480, 'width': 854, 'mime_type': 'video/mp4'}",FpXbeLZWFSw,https://www.youtube.com/watch?v=FpXbeLZWFSw
cljwcvfg5002w3n6lo9eg0k8w,12011,front,,Abnormal Gait,stroke,"{'top': 42.629629629629626, 'left': 284.51851851851853, 'height': 372.2962962962963, 'width': 166.0}","{'height': 480, 'width': 854, 'mime_type': 'video/mp4'}",FpXbeLZWFSw,https://www.youtube.com/watch?v=FpXbeLZWFSw
cljwcvfg5002w3n6lo9eg0k8w,12012,front,,Abnormal Gait,stroke,"{'top': 42.833333333333336, 'left': 284.3333333333333, 'height': 372.33333333333337, 'width': 166.0}","{'height': 480, 'width': 854, 'mime_type': 'video/mp4'}",FpXbeLZWFSw,https://www.youtube.com/watch?v=FpXbeLZWFSw
cljwcvfg5002w3n6lo9eg0k8w,12013,front,,Abnormal Gait,stroke,"{'top': 43.03703703703704, 'left': 284.14814814814815, 'height': 372.3703703703703, 'width': 166.0}","{'height': 480, 'width': 854, 'mime_type': 'video/mp4'}",FpXbeLZWFSw,https://www.youtube.com/watch?v=FpXbeLZWFSw
cljwcvfg5002w3n6lo9eg0k8w,12014,front,,Abnormal Gait,stroke,"{'top': 43.24074074074074, 'left': 283.962962962963, 'height': 372.4074074074074, 'width': 166.0}","{'height': 480, 'width': 854, 'mime_type': 'video/mp4'}",FpXbeLZWFSw,https://www.youtube.com/watch?v=FpXbeLZWFSw
cljwcvfg5002w3n6lo9eg0k8w,12015,front,,Abnormal Gait,stroke,"{'top': 43.44444444444444, 'left': 283.77777777777777, 'height': 372.44444444444446, 'width': 166.0}","{'height': 480, 'width': 854, 'mime_type': 'video/mp4'}",FpXbeLZWFSw,https://www.youtube.com/watch?v=FpXbeLZWFSw
cljwcvfg5002w3n6lo9eg0k8w,12016,front,,Abnormal Gait,stroke,"{'top': 43.648148148148145, 'left': 283.5925925925926, 'height': 372.48148148148147, 'width': 166.0}","{'height': 480, 'width': 854, 'mime_type': 'video/mp4'}",FpXbeLZWFSw,https://www.youtube.com/watch?v=FpXbeLZWFSw
cljwcvfg5002w3n6lo9eg0k8w,12017,front,,Abnormal Gait,stroke,"{'top': 43.851851851851855, 'left': 283.4074074074074, 'height': 372.51851851851853, 'width': 166.0}","{'height': 480, 'width': 854, 'mime_type': 'video/mp4'}",FpXbeLZWFSw,https://www.youtube.com/watch?v=FpXbeLZWFSw
cljwcvfg5002w3n6lo9eg0k8w,12018,front,,Abnormal Gait,stroke,"{'top': 44.05555555555556, 'left': 283.22222222222223, 'height': 372.55555555555554, 'width': 166.0}","{'height': 480, 'width': 854, 'mime_type': 'video/mp4'}",FpXbeLZWFSw,https://www.youtube.com/watch?v=FpXbeLZWFSw
cljwcvfg5002w3n6lo9eg0k8w,12019,front,,Abnormal Gait,stroke,"{'top': 44.25925925925926, 'left': 283.037037037037, 'height': 372.5925925925926, 'width': 166.0}","{'height': 480, 'width': 854, 'mime_type': 'video/mp4'}",FpXbeLZWFSw,https://www.youtube.com/watch?v=FpXbeLZWFSw
cljwcvfg5002w3n6lo9eg0k8w,12020,front,,Abnormal Gait,stroke,"{'top': 44.46296296296296, 'left': 282.85185185185185, 'height': 372.6296296296297, 'width': 166.0}","{'height': 480, 'width': 854, 'mime_type': 'video/mp4'}",FpXbeLZWFSw,https://www.youtube.com/watch?v=FpXbeLZWFSw
cljwcvfg5002w3n6lo9eg0k8w,12021,front,,Abnormal Gait,stroke,"{'top': 44.666666666666664, 'left': 282.6666666666667, 'height': 372.66666666666663, 'width': 166.0}","{'height': 480, 'width': 854, 'mime_type': 'video/mp4'}",FpXbeLZWFSw,https://www.youtube.com/watch?v=FpXbeLZWFSw
cljwcvfg5002w3n6lo9eg0k8w,12022,front,,Abnormal Gait,stroke,"{'top': 44.87037037037037, 'left': 282.48148148148147, 'height': 372.7037037037037, 'width': 166.0}","{'height': 480, 'width': 854, 'mime_type': 'video/mp4'}",FpXbeLZWFSw,https://www.youtube.com/watch?v=FpXbeLZWFSw
cljwcvfg5002w3n6lo9eg0k8w,12023,front,,Abnormal Gait,stroke,"{'top': 45.074074074074076, 'left': 282.2962962962963, 'height': 372.74074074074076, 'width': 166.0}","{'height': 480, 'width': 854, 'mime_type': 'video/mp4'}",FpXbeLZWFSw,https://www.youtube.com/watch?v=FpXbeLZWFSw
cljwcvfg5002w3n6lo9eg0k8w,12024,front,,Abnormal Gait,stroke,"{'top': 45.27777777777778, 'left': 282.1111111111111, 'height': 372.77777777777777, 'width': 166.0}","{'height': 480, 'width': 854, 'mime_type': 'video/mp4'}",FpXbeLZWFSw,https://www.youtube.com/watch?v=FpXbeLZWFSw
cljwcvfg5002w3n6lo9eg0k8w,12025,front,,Abnormal Gait,stroke,"{'top': 45.48148148148148, 'left': 281.9259259259259, 'height': 372.81481481481484, 'width': 166.0}","{'height': 480, 'width': 854, 'mime_type': 'video/mp4'}",FpXbeLZWFSw,https://www.youtube.com/watch?v=FpXbeLZWFSw
cljwcvfg5002w3n6lo9eg0k8w,12026,front,,Abnormal Gait,stroke,"{'top': 45.68518518518518, 'left': 281.74074074074076, 'height': 372.85185185185185, 'width': 166.0}","{'height': 480, 'width': 854, 'mime_type': 'video/mp4'}",FpXbeLZWFSw,https://www.youtube.com/watch?v=FpXbeLZWFSw
cljwcvfg5002w3n6lo9eg0k8w,12027,front,,Abnormal Gait,stroke,"{'top': 45.888888888888886, 'left': 281.55555555555554, 'height': 372.8888888888889, 'width': 166.0}","{'height': 480, 'width': 854, 'mime_type': 'video/mp4'}",FpXbeLZWFSw,https://www.youtube.com/watch?v=FpXbeLZWFSw
cljwcvfg5002w3n6lo9eg0k8w,12028,front,,Abnormal Gait,stroke,"{'top': 46.092592592592595, 'left': 281.3703703703704, 'height': 372.9259259259259, 'width': 166.0}","{'height': 480, 'width': 854, 'mime_type': 'video/mp4'}",FpXbeLZWFSw,https://www.youtube.com/watch?v=FpXbeLZWFSw
cljwcvfg5002w3n6lo9eg0k8w,12029,front,,Abnormal Gait,stroke,"{'top': 46.2962962962963, 'left': 281.18518518518516, 'height': 372.96296296296293, 'width': 166.0}","{'height': 480, 'width': 854, 'mime_type': 'video/mp4'}",FpXbeLZWFSw,https://www.youtube.com/watch?v=FpXbeLZWFSw
cljwcvfg5002w3n6lo9eg0k8w,12030,front,,Abnormal Gait,stroke,"{'top': 46.5, 'left': 281.0, 'height': 373.0, 'width': 166.0}","{'height': 480, 'width': 854, 'mime_type': 'video/mp4'}",FpXbeLZWFSw,https://www.youtube.com/watch?v=FpXbeLZWFSw
cljwcvfg5002w3n6lo9eg0k8w,12031,front,,Abnormal Gait,stroke,"{'top': 46.7037037037037, 'left': 280.81481481481484, 'height': 373.03703703703707, 'width': 166.0}","{'height': 480, 'width': 854, 'mime_type': 'video/mp4'}",FpXbeLZWFSw,https://www.youtube.com/watch?v=FpXbeLZWFSw
cljwcvfg5002w3n6lo9eg0k8w,12032,front,,Abnormal Gait,stroke,"{'top': 46.907407407407405, 'left': 280.6296296296296, 'height': 373.0740740740741, 'width': 166.0}","{'height': 480, 'width': 854, 'mime_type': 'video/mp4'}",FpXbeLZWFSw,https://www.youtube.com/watch?v=FpXbeLZWFSw
cljwcvfg5002w3n6lo9eg0k8w,12033,front,,Abnormal Gait,stroke,"{'top': 47.111111111111114, 'left': 280.44444444444446, 'height': 373.1111111111111, 'width': 166.0}","{'height': 480, 'width': 854, 'mime_type': 'video/mp4'}",FpXbeLZWFSw,https://www.youtube.com/watch?v=FpXbeLZWFSw
cljwcvfg5002w3n6lo9eg0k8w,12034,front,,Abnormal Gait,stroke,"{'top': 47.31481481481482, 'left': 280.25925925925924, 'height': 373.14814814814815, 'width': 166.0}","{'height': 480, 'width': 854, 'mime_type': 'video/mp4'}",FpXbeLZWFSw,https://www.youtube.com/watch?v=FpXbeLZWFSw
cljwcvfg5002w3n6lo9eg0k8w,12035,front,,Abnormal Gait,stroke,"{'top': 47.51851851851852, 'left': 280.0740740740741, 'height': 373.18518518518516, 'width': 166.0}","{'height': 480, 'width': 854, 'mime_type': 'video/mp4'}",FpXbeLZWFSw,https://www.youtube.com/watch?v=FpXbeLZWFSw
cljwcvfg5002w3n6lo9eg0k8w,12036,front,,Abnormal Gait,stroke,"{'top': 47.72222222222222, 'left': 279.8888888888889, 'height': 373.22222222222223, 'width': 166.0}","{'height': 480, 'width': 854, 'mime_type': 'video/mp4'}",FpXbeLZWFSw,https://www.youtube.com/watch?v=FpXbeLZWFSw
cljwcvfg5002w3n6lo9eg0k8w,12037,front,,Abnormal Gait,stroke,"{'top': 47.925925925925924, 'left': 279.7037037037037, 'height': 373.25925925925924, 'width': 166.0}","{'height': 480, 'width': 854, 'mime_type': 'video/mp4'}",FpXbeLZWFSw,https://www.youtube.com/watch?v=FpXbeLZWFSw
cljwcvfg5002w3n6lo9eg0k8w,12038,front,,Abnormal Gait,stroke,"{'top': 48.12962962962963, 'left': 279.51851851851853, 'height': 373.2962962962963, 'width': 166.0}","{'height': 480, 'width': 854, 'mime_type': 'video/mp4'}",FpXbeLZWFSw,https://www.youtube.com/watch?v=FpXbeLZWFSw
cljwcvfg5002w3n6lo9eg0k8w,12039,front,,Abnormal Gait,stroke,"{'top': 48.333333333333336, 'left': 279.3333333333333, 'height': 373.33333333333337, 'width': 166.0}","{'height': 480, 'width': 854, 'mime_type': 'video/mp4'}",FpXbeLZWFSw,https://www.youtube.com/watch?v=FpXbeLZWFSw
cljwcvfg5002w3n6lo9eg0k8w,12040,front,,Abnormal Gait,stroke,"{'top': 48.53703703703704, 'left': 279.14814814814815, 'height': 373.3703703703703, 'width': 166.0}","{'height': 480, 'width': 854, 'mime_type': 'video/mp4'}",FpXbeLZWFSw,https://www.youtube.com/watch?v=FpXbeLZWFSw
cljwcvfg5002w3n6lo9eg0k8w,12041,front,,Abnormal Gait,stroke,"{'top': 48.74074074074074, 'left': 278.962962962963, 'height': 373.4074074074074, 'width': 166.0}","{'height': 480, 'width': 854, 'mime_type': 'video/mp4'}",FpXbeLZWFSw,https://www.youtube.com/watch?v=FpXbeLZWFSw
cljwcvfg5002w3n6lo9eg0k8w,12042,front,,Abnormal Gait,stroke,"{'top': 48.94444444444444, 'left': 278.77777777777777, 'height': 373.44444444444446, 'width': 166.0}","{'height': 480, 'width': 854, 'mime_type': 'video/mp4'}",FpXbeLZWFSw,https://www.youtube.com/watch?v=FpXbeLZWFSw
cljwcvfg5002w3n6lo9eg0k8w,12043,front,,Abnormal Gait,stroke,"{'top': 49.148148148148145, 'left': 278.5925925925926, 'height': 373.48148148148147, 'width': 166.0}","{'height': 480, 'width': 854, 'mime_type': 'video/mp4'}",FpXbeLZWFSw,https://www.youtube.com/watch?v=FpXbeLZWFSw
cljwcvfg5002w3n6lo9eg0k8w,12044,front,,Abnormal Gait,stroke,"{'top': 49.351851851851855, 'left': 278.4074074074074, 'height': 373.51851851851853, 'width': 166.0}","{'height': 480, 'width': 854, 'mime_type': 'video/mp4'}",FpXbeLZWFSw,https://www.youtube.com/watch?v=FpXbeLZWFSw
cljwcvfg5002w3n6lo9eg0k8w,12045,front,,Abnormal Gait,stroke,"{'top': 49.55555555555556, 'left': 278.22222222222223, 'height': 373.55555555555554, 'width': 166.0}","{'height': 480, 'width': 854, 'mime_type': 'video/mp4'}",FpXbeLZWFSw,https://www.youtube.com/watch?v=FpXbeLZWFSw
cljwcvfg5002w3n6lo9eg0k8w,12046,front,,Abnormal Gait,stroke,"{'top': 49.75925925925926, 'left': 278.037037037037, 'height': 373.5925925925926, 'width': 166.0}","{'height': 480, 'width': 854, 'mime_type': 'video/mp4'}",FpXbeLZWFSw,https://www.youtube.com/watch?v=FpXbeLZWFSw
cljwcvfg5002w3n6lo9eg0k8w,12047,front,,Abnormal Gait,stroke,"{'top': 49.96296296296296, 'left': 277.85185185185185, 'height': 373.6296296296297, 'width': 166.0}","{'height': 480, 'width': 854, 'mime_type': 'video/mp4'}",FpXbeLZWFSw,https://www.youtube.com/watch?v=FpXbeLZWFSw
cljwcvfg5002w3n6lo9eg0k8w,12048,front,,Abnormal Gait,stroke,"{'top': 50.16666666666667, 'left': 277.6666666666667, 'height': 373.66666666666663, 'width': 166.0}","{'height': 480, 'width': 854, 'mime_type': 'video/mp4'}",FpXbeLZWFSw,https://www.youtube.com/watch?v=FpXbeLZWFSw
cljwcvfg5002w3n6lo9eg0k8w,12049,front,,Abnormal Gait,stroke,"{'top': 50.37037037037037, 'left': 277.48148148148147, 'height': 373.7037037037037, 'width': 166.0}","{'height': 480, 'width': 854, 'mime_type': 'video/mp4'}",FpXbeLZWFSw,https://www.youtube.com/watch?v=FpXbeLZWFSw
cljwcvfg5002w3n6lo9eg0k8w,12050,front,,Abnormal Gait,stroke,"{'top': 50.574074074074076, 'left': 277.2962962962963, 'height': 373.74074074074076, 'width': 166.0}","{'height': 480, 'width': 854, 'mime_type': 'video/mp4'}",FpXbeLZWFSw,https://www.youtube.com/watch?v=FpXbeLZWFSw
cljwcvfg5002w3n6lo9eg0k8w,12051,front,,Abnormal Gait,stroke,"{'top': 50.77777777777778, 'left': 277.1111111111111, 'height': 373.77777777777777, 'width': 166.0}","{'height': 480, 'width': 854, 'mime_type': 'video/mp4'}",FpXbeLZWFSw,https://www.youtube.com/watch?v=FpXbeLZWFSw
cljwcvfg5002w3n6lo9eg0k8w,12052,front,,Abnormal Gait,stroke,"{'top': 50.98148148148148, 'left': 276.9259259259259, 'height': 373.81481481481484, 'width': 166.0}","{'height': 480, 'width': 854, 'mime_type': 'video/mp4'}",FpXbeLZWFSw,https://www.youtube.com/watch?v=FpXbeLZWFSw
cljwcvfg5002w3n6lo9eg0k8w,12053,front,,Abnormal Gait,stroke,"{'top': 51.18518518518518, 'left': 276.74074074074076, 'height': 373.85185185185185, 'width': 166.0}","{'height': 480, 'width': 854, 'mime_type': 'video/mp4'}",FpXbeLZWFSw,https://www.youtube.com/watch?v=FpXbeLZWFSw
cljwcvfg5002w3n6lo9eg0k8w,12054,front,,Abnormal Gait,stroke,"{'top': 51.388888888888886, 'left': 276.55555555555554, 'height': 373.8888888888889, 'width': 166.0}","{'height': 480, 'width': 854, 'mime_type': 'video/mp4'}",FpXbeLZWFSw,https://www.youtube.com/watch?v=FpXbeLZWFSw
cljwcvfg5002w3n6lo9eg0k8w,12055,front,,Abnormal Gait,stroke,"{'top': 51.592592592592595, 'left': 276.3703703703704, 'height': 373.9259259259259, 'width': 166.0}","{'height': 480, 'width': 854, 'mime_type': 'video/mp4'}",FpXbeLZWFSw,https://www.youtube.com/watch?v=FpXbeLZWFSw
cljwcvfg5002w3n6lo9eg0k8w,12056,front,,Abnormal Gait,stroke,"{'top': 51.7962962962963, 'left': 276.18518518518516, 'height': 373.96296296296293, 'width': 166.0}","{'height': 480, 'width': 854, 'mime_type': 'video/mp4'}",FpXbeLZWFSw,https://www.youtube.com/watch?v=FpXbeLZWFSw
cljwcvfg5002w3n6lo9eg0k8w,12057,front,,Abnormal Gait,stroke,"{'top': 52.0, 'left': 276.0, 'height': 374.0, 'width': 166.0}","{'height': 480, 'width': 854, 'mime_type': 'video/mp4'}",FpXbeLZWFSw,https://www.youtube.com/watch?v=FpXbeLZWFSw
cljwcvfg5002w3n6lo9eg0k8w,12058,front,,Abnormal Gait,stroke,"{'top': 51.99290780141844, 'left': 275.822695035461, 'height': 373.97163120567376, 'width': 165.99290780141843}","{'height': 480, 'width': 854, 'mime_type': 'video/mp4'}",FpXbeLZWFSw,https://www.youtube.com/watch?v=FpXbeLZWFSw
cljwcvfg5002w3n6lo9eg0k8w,12059,front,,Abnormal Gait,stroke,"{'top': 51.98581560283688, 'left': 275.64539007092196, 'height': 373.9432624113475, 'width': 165.9858156028369}","{'height': 480, 'width': 854, 'mime_type': 'video/mp4'}",FpXbeLZWFSw,https://www.youtube.com/watch?v=FpXbeLZWFSw
cljwcvfg5002w3n6lo9eg0k8w,12060,front,,Abnormal Gait,stroke,"{'top': 51.97872340425532, 'left': 275.468085106383, 'height': 373.9148936170213, 'width': 165.97872340425528}","{'height': 480, 'width': 854, 'mime_type': 'video/mp4'}",FpXbeLZWFSw,https://www.youtube.com/watch?v=FpXbeLZWFSw
cljwcvfg5002w3n6lo9eg0k8w,12061,front,,Abnormal Gait,stroke,"{'top': 51.97163120567376, 'left': 275.290780141844, 'height': 373.88652482269504, 'width': 165.97163120567376}","{'height': 480, 'width': 854, 'mime_type': 'video/mp4'}",FpXbeLZWFSw,https://www.youtube.com/watch?v=FpXbeLZWFSw
cljwcvfg5002w3n6lo9eg0k8w,12062,front,,Abnormal Gait,stroke,"{'top': 51.9645390070922, 'left': 275.11347517730496, 'height': 373.8581560283688, 'width': 165.96453900709218}","{'height': 480, 'width': 854, 'mime_type': 'video/mp4'}",FpXbeLZWFSw,https://www.youtube.com/watch?v=FpXbeLZWFSw
cljwcvfg5002w3n6lo9eg0k8w,12063,front,,Abnormal Gait,stroke,"{'top': 51.95744680851064, 'left': 274.93617021276594, 'height': 373.82978723404256, 'width': 165.95744680851067}","{'height': 480, 'width': 854, 'mime_type': 'video/mp4'}",FpXbeLZWFSw,https://www.youtube.com/watch?v=FpXbeLZWFSw
cljwcvfg5002w3n6lo9eg0k8w,12064,front,,Abnormal Gait,stroke,"{'top': 51.95035460992908, 'left': 274.7588652482269, 'height': 373.8014184397163, 'width': 165.9503546099291}","{'height': 480, 'width': 854, 'mime_type': 'video/mp4'}",FpXbeLZWFSw,https://www.youtube.com/watch?v=FpXbeLZWFSw
cljwcvfg5002w3n6lo9eg0k8w,12065,front,,Abnormal Gait,stroke,"{'top': 51.94326241134752, 'left': 274.58156028368796, 'height': 373.7730496453901, 'width': 165.94326241134752}","{'height': 480, 'width': 854, 'mime_type': 'video/mp4'}",FpXbeLZWFSw,https://www.youtube.com/watch?v=FpXbeLZWFSw
cljwcvfg5002w3n6lo9eg0k8w,12066,front,,Abnormal Gait,stroke,"{'top': 51.93617021276596, 'left': 274.40425531914894, 'height': 373.74468085106383, 'width': 165.93617021276594}","{'height': 480, 'width': 854, 'mime_type': 'video/mp4'}",FpXbeLZWFSw,https://www.youtube.com/watch?v=FpXbeLZWFSw
cljwcvfg5002w3n6lo9eg0k8w,12067,front,,Abnormal Gait,stroke,"{'top': 51.9290780141844, 'left': 274.2269503546099, 'height': 373.7163120567376, 'width': 165.92907801418443}","{'height': 480, 'width': 854, 'mime_type': 'video/mp4'}",FpXbeLZWFSw,https://www.youtube.com/watch?v=FpXbeLZWFSw
cljwcvfg5002w3n6lo9eg0k8w,12068,front,,Abnormal Gait,stroke,"{'top': 51.92198581560284, 'left': 274.0496453900709, 'height': 373.68794326241135, 'width': 165.92198581560285}","{'height': 480, 'width': 854, 'mime_type': 'video/mp4'}",FpXbeLZWFSw,https://www.youtube.com/watch?v=FpXbeLZWFSw
cljwcvfg5002w3n6lo9eg0k8w,12069,front,,Abnormal Gait,stroke,"{'top': 51.91489361702128, 'left': 273.8723404255319, 'height': 373.6595744680851, 'width': 165.91489361702128}","{'height': 480, 'width': 854, 'mime_type': 'video/mp4'}",FpXbeLZWFSw,https://www.youtube.com/watch?v=FpXbeLZWFSw
cljwcvfg5002w3n6lo9eg0k8w,12070,front,,Abnormal Gait,stroke,"{'top': 51.90780141843972, 'left': 273.6950354609929, 'height': 373.63120567375887, 'width': 165.9078014184397}","{'height': 480, 'width': 854, 'mime_type': 'video/mp4'}",FpXbeLZWFSw,https://www.youtube.com/watch?v=FpXbeLZWFSw
cljwcvfg5002w3n6lo9eg0k8w,12071,front,,Abnormal Gait,stroke,"{'top': 51.90070921985816, 'left': 273.5177304964539, 'height': 373.60283687943263, 'width': 165.90070921985813}","{'height': 480, 'width': 854, 'mime_type': 'video/mp4'}",FpXbeLZWFSw,https://www.youtube.com/watch?v=FpXbeLZWFSw
cljwcvfg5002w3n6lo9eg0k8w,12072,front,,Abnormal Gait,stroke,"{'top': 51.8936170212766, 'left': 273.3404255319149, 'height': 373.5744680851064, 'width': 165.8936170212766}","{'height': 480, 'width': 854, 'mime_type': 'video/mp4'}",FpXbeLZWFSw,https://www.youtube.com/watch?v=FpXbeLZWFSw
cljwcvfg5002w3n6lo9eg0k8w,12073,front,,Abnormal Gait,stroke,"{'top': 51.88652482269504, 'left': 273.16312056737587, 'height': 373.54609929078015, 'width': 165.88652482269504}","{'height': 480, 'width': 854, 'mime_type': 'video/mp4'}",FpXbeLZWFSw,https://www.youtube.com/watch?v=FpXbeLZWFSw
cljwcvfg5002w3n6lo9eg0k8w,12074,front,,Abnormal Gait,stroke,"{'top': 51.87943262411348, 'left': 272.98581560283685, 'height': 373.5177304964539, 'width': 165.87943262411352}","{'height': 480, 'width': 854, 'mime_type': 'video/mp4'}",FpXbeLZWFSw,https://www.youtube.com/watch?v=FpXbeLZWFSw
cljwcvfg5002w3n6lo9eg0k8w,12075,front,,Abnormal Gait,stroke,"{'top': 51.87234042553192, 'left': 272.8085106382979, 'height': 373.48936170212767, 'width': 165.8723404255319}","{'height': 480, 'width': 854, 'mime_type': 'video/mp4'}",FpXbeLZWFSw,https://www.youtube.com/watch?v=FpXbeLZWFSw
cljwcvfg5002w3n6lo9eg0k8w,12076,front,,Abnormal Gait,stroke,"{'top': 51.86524822695036, 'left': 272.63120567375887, 'height': 373.4609929078014, 'width': 165.86524822695037}","{'height': 480, 'width': 854, 'mime_type': 'video/mp4'}",FpXbeLZWFSw,https://www.youtube.com/watch?v=FpXbeLZWFSw
cljwcvfg5002w3n6lo9eg0k8w,12077,front,,Abnormal Gait,stroke,"{'top': 51.858156028368796, 'left': 272.45390070921985, 'height': 373.4326241134752, 'width': 165.8581560283688}","{'height': 480, 'width': 854, 'mime_type': 'video/mp4'}",FpXbeLZWFSw,https://www.youtube.com/watch?v=FpXbeLZWFSw
cljwcvfg5002w3n6lo9eg0k8w,12078,front,,Abnormal Gait,stroke,"{'top': 51.851063829787236, 'left': 272.27659574468083, 'height': 373.40425531914894, 'width': 165.85106382978728}","{'height': 480, 'width': 854, 'mime_type': 'video/mp4'}",FpXbeLZWFSw,https://www.youtube.com/watch?v=FpXbeLZWFSw
cljwcvfg5002w3n6lo9eg0k8w,12079,front,,Abnormal Gait,stroke,"{'top': 51.843971631205676, 'left': 272.09929078014187, 'height': 373.3758865248227, 'width': 165.84397163120565}","{'height': 480, 'width': 854, 'mime_type': 'video/mp4'}",FpXbeLZWFSw,https://www.youtube.com/watch?v=FpXbeLZWFSw
cljwcvfg5002w3n6lo9eg0k8w,12080,front,,Abnormal Gait,stroke,"{'top': 51.836879432624116, 'left': 271.92198581560285, 'height': 373.34751773049646, 'width': 165.83687943262407}","{'height': 480, 'width': 854, 'mime_type': 'video/mp4'}",FpXbeLZWFSw,https://www.youtube.com/watch?v=FpXbeLZWFSw
cljwcvfg5002w3n6lo9eg0k8w,12081,front,,Abnormal Gait,stroke,"{'top': 51.829787234042556, 'left': 271.74468085106383, 'height': 373.3191489361702, 'width': 165.82978723404256}","{'height': 480, 'width': 854, 'mime_type': 'video/mp4'}",FpXbeLZWFSw,https://www.youtube.com/watch?v=FpXbeLZWFSw
cljwcvfg5002w3n6lo9eg0k8w,12082,front,,Abnormal Gait,stroke,"{'top': 51.822695035460995, 'left': 271.5673758865248, 'height': 373.290780141844, 'width': 165.82269503546098}","{'height': 480, 'width': 854, 'mime_type': 'video/mp4'}",FpXbeLZWFSw,https://www.youtube.com/watch?v=FpXbeLZWFSw
cljwcvfg5002w3n6lo9eg0k8w,12083,front,,Abnormal Gait,stroke,"{'top': 51.815602836879435, 'left': 271.3900709219858, 'height': 373.26241134751774, 'width': 165.81560283687946}","{'height': 480, 'width': 854, 'mime_type': 'video/mp4'}",FpXbeLZWFSw,https://www.youtube.com/watch?v=FpXbeLZWFSw
cljwcvfg5002w3n6lo9eg0k8w,12084,front,,Abnormal Gait,stroke,"{'top': 51.808510638297875, 'left': 271.21276595744683, 'height': 373.2340425531915, 'width': 165.80851063829783}","{'height': 480, 'width': 854, 'mime_type': 'video/mp4'}",FpXbeLZWFSw,https://www.youtube.com/watch?v=FpXbeLZWFSw
cljwcvfg5002w3n6lo9eg0k8w,12085,front,,Abnormal Gait,stroke,"{'top': 51.801418439716315, 'left': 271.0354609929078, 'height': 373.20567375886526, 'width': 165.80141843971631}","{'height': 480, 'width': 854, 'mime_type': 'video/mp4'}",FpXbeLZWFSw,https://www.youtube.com/watch?v=FpXbeLZWFSw
cljwcvfg5002w3n6lo9eg0k8w,12086,front,,Abnormal Gait,stroke,"{'top': 51.794326241134755, 'left': 270.8581560283688, 'height': 373.177304964539, 'width': 165.79432624113474}","{'height': 480, 'width': 854, 'mime_type': 'video/mp4'}",FpXbeLZWFSw,https://www.youtube.com/watch?v=FpXbeLZWFSw
cljwcvfg5002w3n6lo9eg0k8w,12087,front,,Abnormal Gait,stroke,"{'top': 51.787234042553195, 'left': 270.6808510638298, 'height': 373.1489361702128, 'width': 165.78723404255322}","{'height': 480, 'width': 854, 'mime_type': 'video/mp4'}",FpXbeLZWFSw,https://www.youtube.com/watch?v=FpXbeLZWFSw
cljwcvfg5002w3n6lo9eg0k8w,12088,front,,Abnormal Gait,stroke,"{'top': 51.780141843971634, 'left': 270.50354609929076, 'height': 373.1205673758865, 'width': 165.78014184397165}","{'height': 480, 'width': 854, 'mime_type': 'video/mp4'}",FpXbeLZWFSw,https://www.youtube.com/watch?v=FpXbeLZWFSw
cljwcvfg5002w3n6lo9eg0k8w,12089,front,,Abnormal Gait,stroke,"{'top': 51.773049645390074, 'left': 270.3262411347518, 'height': 373.0921985815603, 'width': 165.77304964539007}","{'height': 480, 'width': 854, 'mime_type': 'video/mp4'}",FpXbeLZWFSw,https://www.youtube.com/watch?v=FpXbeLZWFSw
cljwcvfg5002w3n6lo9eg0k8w,12090,front,,Abnormal Gait,stroke,"{'top': 51.765957446808514, 'left': 270.1489361702128, 'height': 373.06382978723406, 'width': 165.7659574468085}","{'height': 480, 'width': 854, 'mime_type': 'video/mp4'}",FpXbeLZWFSw,https://www.youtube.com/watch?v=FpXbeLZWFSw
cljwcvfg5002w3n6lo9eg0k8w,12091,front,,Abnormal Gait,stroke,"{'top': 51.758865248226954, 'left': 269.97163120567376, 'height': 373.0354609929078, 'width': 165.75886524822693}","{'height': 480, 'width': 854, 'mime_type': 'video/mp4'}",FpXbeLZWFSw,https://www.youtube.com/watch?v=FpXbeLZWFSw
cljwcvfg5002w3n6lo9eg0k8w,12092,front,,Abnormal Gait,stroke,"{'top': 51.751773049645394, 'left': 269.79432624113474, 'height': 373.0070921985815, 'width': 165.7517730496454}","{'height': 480, 'width': 854, 'mime_type': 'video/mp4'}",FpXbeLZWFSw,https://www.youtube.com/watch?v=FpXbeLZWFSw
cljwcvfg5002w3n6lo9eg0k8w,12093,front,,Abnormal Gait,stroke,"{'top': 51.744680851063826, 'left': 269.6170212765957, 'height': 372.97872340425533, 'width': 165.74468085106383}","{'height': 480, 'width': 854, 'mime_type': 'video/mp4'}",FpXbeLZWFSw,https://www.youtube.com/watch?v=FpXbeLZWFSw
cljwcvfg5002w3n6lo9eg0k8w,12094,front,,Abnormal Gait,stroke,"{'top': 51.737588652482266, 'left': 269.43971631205676, 'height': 372.9503546099291, 'width': 165.73758865248226}","{'height': 480, 'width': 854, 'mime_type': 'video/mp4'}",FpXbeLZWFSw,https://www.youtube.com/watch?v=FpXbeLZWFSw
cljwcvfg5002w3n6lo9eg0k8w,12095,front,,Abnormal Gait,stroke,"{'top': 51.730496453900706, 'left': 269.26241134751774, 'height': 372.92198581560285, 'width': 165.73049645390068}","{'height': 480, 'width': 854, 'mime_type': 'video/mp4'}",FpXbeLZWFSw,https://www.youtube.com/watch?v=FpXbeLZWFSw
cljwcvfg5002w3n6lo9eg0k8w,12096,front,,Abnormal Gait,stroke,"{'top': 51.723404255319146, 'left': 269.0851063829787, 'height': 372.89361702127655, 'width': 165.72340425531917}","{'height': 480, 'width': 854, 'mime_type': 'video/mp4'}",FpXbeLZWFSw,https://www.youtube.com/watch?v=FpXbeLZWFSw
cljwcvfg5002w3n6lo9eg0k8w,12097,front,,Abnormal Gait,stroke,"{'top': 51.716312056737586, 'left': 268.9078014184397, 'height': 372.86524822695037, 'width': 165.7163120567376}","{'height': 480, 'width': 854, 'mime_type': 'video/mp4'}",FpXbeLZWFSw,https://www.youtube.com/watch?v=FpXbeLZWFSw
cljwcvfg5002w3n6lo9eg0k8w,12098,front,,Abnormal Gait,stroke,"{'top': 51.709219858156025, 'left': 268.7304964539007, 'height': 372.83687943262413, 'width': 165.70921985815608}","{'height': 480, 'width': 854, 'mime_type': 'video/mp4'}",FpXbeLZWFSw,https://www.youtube.com/watch?v=FpXbeLZWFSw
cljwcvfg5002w3n6lo9eg0k8w,12099,front,,Abnormal Gait,stroke,"{'top': 51.702127659574465, 'left': 268.5531914893617, 'height': 372.8085106382979, 'width': 165.70212765957444}","{'height': 480, 'width': 854, 'mime_type': 'video/mp4'}",FpXbeLZWFSw,https://www.youtube.com/watch?v=FpXbeLZWFSw
cljwcvfg5002w3n6lo9eg0k8w,12100,front,,Abnormal Gait,stroke,"{'top': 51.695035460992905, 'left': 268.3758865248227, 'height': 372.7801418439716, 'width': 165.69503546099293}","{'height': 480, 'width': 854, 'mime_type': 'video/mp4'}",FpXbeLZWFSw,https://www.youtube.com/watch?v=FpXbeLZWFSw
cljwcvfg5002w3n6lo9eg0k8w,12101,front,,Abnormal Gait,stroke,"{'top': 51.687943262411345, 'left': 268.1985815602837, 'height': 372.7517730496454, 'width': 165.68794326241135}","{'height': 480, 'width': 854, 'mime_type': 'video/mp4'}",FpXbeLZWFSw,https://www.youtube.com/watch?v=FpXbeLZWFSw
cljwcvfg5002w3n6lo9eg0k8w,12102,front,,Abnormal Gait,stroke,"{'top': 51.680851063829785, 'left': 268.02127659574467, 'height': 372.72340425531917, 'width': 165.68085106382978}","{'height': 480, 'width': 854, 'mime_type': 'video/mp4'}",FpXbeLZWFSw,https://www.youtube.com/watch?v=FpXbeLZWFSw
cljwcvfg5002w3n6lo9eg0k8w,12103,front,,Abnormal Gait,stroke,"{'top': 51.673758865248224, 'left': 267.84397163120565, 'height': 372.6950354609929, 'width': 165.67375886524826}","{'height': 480, 'width': 854, 'mime_type': 'video/mp4'}",FpXbeLZWFSw,https://www.youtube.com/watch?v=FpXbeLZWFSw
cljwcvfg5002w3n6lo9eg0k8w,12104,front,,Abnormal Gait,stroke,"{'top': 51.666666666666664, 'left': 267.6666666666667, 'height': 372.66666666666663, 'width': 165.66666666666663}","{'height': 480, 'width': 854, 'mime_type': 'video/mp4'}",FpXbeLZWFSw,https://www.youtube.com/watch?v=FpXbeLZWFSw
cljwcvfg5002w3n6lo9eg0k8w,12105,front,,Abnormal Gait,stroke,"{'top': 51.659574468085104, 'left': 267.48936170212767, 'height': 372.63829787234044, 'width': 165.6595744680851}","{'height': 480, 'width': 854, 'mime_type': 'video/mp4'}",FpXbeLZWFSw,https://www.youtube.com/watch?v=FpXbeLZWFSw
cljwcvfg5002w3n6lo9eg0k8w,12106,front,,Abnormal Gait,stroke,"{'top': 51.652482269503544, 'left': 267.31205673758865, 'height': 372.6099290780142, 'width': 165.65248226950354}","{'height': 480, 'width': 854, 'mime_type': 'video/mp4'}",FpXbeLZWFSw,https://www.youtube.com/watch?v=FpXbeLZWFSw
cljwcvfg5002w3n6lo9eg0k8w,12107,front,,Abnormal Gait,stroke,"{'top': 51.645390070921984, 'left': 267.13475177304963, 'height': 372.58156028368796, 'width': 165.64539007092202}","{'height': 480, 'width': 854, 'mime_type': 'video/mp4'}",FpXbeLZWFSw,https://www.youtube.com/watch?v=FpXbeLZWFSw
cljwcvfg5002w3n6lo9eg0k8w,12108,front,,Abnormal Gait,stroke,"{'top': 51.638297872340424, 'left': 266.9574468085106, 'height': 372.55319148936167, 'width': 165.63829787234044}","{'height': 480, 'width': 854, 'mime_type': 'video/mp4'}",FpXbeLZWFSw,https://www.youtube.com/watch?v=FpXbeLZWFSw
cljwcvfg5002w3n6lo9eg0k8w,12109,front,,Abnormal Gait,stroke,"{'top': 51.63120567375886, 'left': 266.78014184397165, 'height': 372.5248226950355, 'width': 165.63120567375887}","{'height': 480, 'width': 854, 'mime_type': 'video/mp4'}",FpXbeLZWFSw,https://www.youtube.com/watch?v=FpXbeLZWFSw
cljwcvfg5002w3n6lo9eg0k8w,12110,front,,Abnormal Gait,stroke,"{'top': 51.6241134751773, 'left': 266.60283687943263, 'height': 372.49645390070924, 'width': 165.6241134751773}","{'height': 480, 'width': 854, 'mime_type': 'video/mp4'}",FpXbeLZWFSw,https://www.youtube.com/watch?v=FpXbeLZWFSw
cljwcvfg5002w3n6lo9eg0k8w,12111,front,,Abnormal Gait,stroke,"{'top': 51.61702127659574, 'left': 266.4255319148936, 'height': 372.468085106383, 'width': 165.61702127659572}","{'height': 480, 'width': 854, 'mime_type': 'video/mp4'}",FpXbeLZWFSw,https://www.youtube.com/watch?v=FpXbeLZWFSw
cljwcvfg5002w3n6lo9eg0k8w,12112,front,,Abnormal Gait,stroke,"{'top': 51.60992907801418, 'left': 266.2482269503546, 'height': 372.4397163120567, 'width': 165.6099290780142}","{'height': 480, 'width': 854, 'mime_type': 'video/mp4'}",FpXbeLZWFSw,https://www.youtube.com/watch?v=FpXbeLZWFSw
cljwcvfg5002w3n6lo9eg0k8w,12113,front,,Abnormal Gait,stroke,"{'top': 51.60283687943262, 'left': 266.07092198581563, 'height': 372.4113475177305, 'width': 165.60283687943257}","{'height': 480, 'width': 854, 'mime_type': 'video/mp4'}",FpXbeLZWFSw,https://www.youtube.com/watch?v=FpXbeLZWFSw
cljwcvfg5002w3n6lo9eg0k8w,12114,front,,Abnormal Gait,stroke,"{'top': 51.59574468085106, 'left': 265.8936170212766, 'height': 372.3829787234043, 'width': 165.59574468085106}","{'height': 480, 'width': 854, 'mime_type': 'video/mp4'}",FpXbeLZWFSw,https://www.youtube.com/watch?v=FpXbeLZWFSw
cljwcvfg5002w3n6lo9eg0k8w,12115,front,,Abnormal Gait,stroke,"{'top': 51.5886524822695, 'left': 265.7163120567376, 'height': 372.35460992907804, 'width': 165.58865248226948}","{'height': 480, 'width': 854, 'mime_type': 'video/mp4'}",FpXbeLZWFSw,https://www.youtube.com/watch?v=FpXbeLZWFSw
cljwcvfg5002w3n6lo9eg0k8w,12116,front,,Abnormal Gait,stroke,"{'top': 51.58156028368794, 'left': 265.5390070921986, 'height': 372.32624113475174, 'width': 165.58156028368796}","{'height': 480, 'width': 854, 'mime_type': 'video/mp4'}",FpXbeLZWFSw,https://www.youtube.com/watch?v=FpXbeLZWFSw
cljwcvfg5002w3n6lo9eg0k8w,12117,front,,Abnormal Gait,stroke,"{'top': 51.57446808510638, 'left': 265.36170212765956, 'height': 372.2978723404255, 'width': 165.5744680851064}","{'height': 480, 'width': 854, 'mime_type': 'video/mp4'}",FpXbeLZWFSw,https://www.youtube.com/watch?v=FpXbeLZWFSw
cljwcvfg5002w3n6lo9eg0k8w,12118,front,,Abnormal Gait,stroke,"{'top': 51.56737588652482, 'left': 265.1843971631206, 'height': 372.2695035460993, 'width': 165.56737588652481}","{'height': 480, 'width': 854, 'mime_type': 'video/mp4'}",FpXbeLZWFSw,https://www.youtube.com/watch?v=FpXbeLZWFSw
cljwcvfg5002w3n6lo9eg0k8w,12119,front,,Abnormal Gait,stroke,"{'top': 51.56028368794326, 'left': 265.0070921985816, 'height': 372.2411347517731, 'width': 165.56028368794324}","{'height': 480, 'width': 854, 'mime_type': 'video/mp4'}",FpXbeLZWFSw,https://www.youtube.com/watch?v=FpXbeLZWFSw
cljwcvfg5002w3n6lo9eg0k8w,12120,front,,Abnormal Gait,stroke,"{'top': 51.5531914893617, 'left': 264.82978723404256, 'height': 372.2127659574468, 'width': 165.55319148936172}","{'height': 480, 'width': 854, 'mime_type': 'video/mp4'}",FpXbeLZWFSw,https://www.youtube.com/watch?v=FpXbeLZWFSw
cljwcvfg5002w3n6lo9eg0k8w,12121,front,,Abnormal Gait,stroke,"{'top': 51.54609929078014, 'left': 264.65248226950354, 'height': 372.18439716312054, 'width': 165.54609929078015}","{'height': 480, 'width': 854, 'mime_type': 'video/mp4'}",FpXbeLZWFSw,https://www.youtube.com/watch?v=FpXbeLZWFSw
cljwcvfg5002w3n6lo9eg0k8w,12122,front,,Abnormal Gait,stroke,"{'top': 51.53900709219858, 'left': 264.4751773049645, 'height': 372.15602836879435, 'width': 165.53900709219863}","{'height': 480, 'width': 854, 'mime_type': 'video/mp4'}",FpXbeLZWFSw,https://www.youtube.com/watch?v=FpXbeLZWFSw
cljwcvfg5002w3n6lo9eg0k8w,12123,front,,Abnormal Gait,stroke,"{'top': 51.53191489361702, 'left': 264.29787234042556, 'height': 372.1276595744681, 'width': 165.531914893617}","{'height': 480, 'width': 854, 'mime_type': 'video/mp4'}",FpXbeLZWFSw,https://www.youtube.com/watch?v=FpXbeLZWFSw
cljwcvfg5002w3n6lo9eg0k8w,12124,front,,Abnormal Gait,stroke,"{'top': 51.52482269503546, 'left': 264.12056737588654, 'height': 372.0992907801418, 'width': 165.52482269503543}","{'height': 480, 'width': 854, 'mime_type': 'video/mp4'}",FpXbeLZWFSw,https://www.youtube.com/watch?v=FpXbeLZWFSw
cljwcvfg5002w3n6lo9eg0k8w,12125,front,,Abnormal Gait,stroke,"{'top': 51.5177304964539, 'left': 263.9432624113475, 'height': 372.0709219858156, 'width': 165.5177304964539}","{'height': 480, 'width': 854, 'mime_type': 'video/mp4'}",FpXbeLZWFSw,https://www.youtube.com/watch?v=FpXbeLZWFSw
cljwcvfg5002w3n6lo9eg0k8w,12126,front,,Abnormal Gait,stroke,"{'top': 51.51063829787234, 'left': 263.7659574468085, 'height': 372.0425531914894, 'width': 165.51063829787233}","{'height': 480, 'width': 854, 'mime_type': 'video/mp4'}",FpXbeLZWFSw,https://www.youtube.com/watch?v=FpXbeLZWFSw
cljwcvfg5002w3n6lo9eg0k8w,12127,front,,Abnormal Gait,stroke,"{'top': 51.50354609929078, 'left': 263.5886524822695, 'height': 372.01418439716315, 'width': 165.50354609929082}","{'height': 480, 'width': 854, 'mime_type': 'video/mp4'}",FpXbeLZWFSw,https://www.youtube.com/watch?v=FpXbeLZWFSw
cljwcvfg5002w3n6lo9eg0k8w,12128,front,,Abnormal Gait,stroke,"{'top': 51.49645390070922, 'left': 263.4113475177305, 'height': 371.98581560283685, 'width': 165.49645390070918}","{'height': 480, 'width': 854, 'mime_type': 'video/mp4'}",FpXbeLZWFSw,https://www.youtube.com/watch?v=FpXbeLZWFSw
cljwcvfg5002w3n6lo9eg0k8w,12129,front,,Abnormal Gait,stroke,"{'top': 51.48936170212766, 'left': 263.2340425531915, 'height': 371.9574468085106, 'width': 165.48936170212767}","{'height': 480, 'width': 854, 'mime_type': 'video/mp4'}",FpXbeLZWFSw,https://www.youtube.com/watch?v=FpXbeLZWFSw
cljwcvfg5002w3n6lo9eg0k8w,12130,front,,Abnormal Gait,stroke,"{'top': 51.4822695035461, 'left': 263.0567375886525, 'height': 371.9290780141844, 'width': 165.4822695035461}","{'height': 480, 'width': 854, 'mime_type': 'video/mp4'}",FpXbeLZWFSw,https://www.youtube.com/watch?v=FpXbeLZWFSw
cljwcvfg5002w3n6lo9eg0k8w,12131,front,,Abnormal Gait,stroke,"{'top': 51.47517730496454, 'left': 262.87943262411346, 'height': 371.9007092198582, 'width': 165.47517730496457}","{'height': 480, 'width': 854, 'mime_type': 'video/mp4'}",FpXbeLZWFSw,https://www.youtube.com/watch?v=FpXbeLZWFSw
cljwcvfg5002w3n6lo9eg0k8w,12132,front,,Abnormal Gait,stroke,"{'top': 51.46808510638298, 'left': 262.70212765957444, 'height': 371.8723404255319, 'width': 165.468085106383}","{'height': 480, 'width': 854, 'mime_type': 'video/mp4'}",FpXbeLZWFSw,https://www.youtube.com/watch?v=FpXbeLZWFSw
cljwcvfg5002w3n6lo9eg0k8w,12133,front,,Abnormal Gait,stroke,"{'top': 51.46099290780142, 'left': 262.5248226950355, 'height': 371.84397163120565, 'width': 165.46099290780137}","{'height': 480, 'width': 854, 'mime_type': 'video/mp4'}",FpXbeLZWFSw,https://www.youtube.com/watch?v=FpXbeLZWFSw
cljwcvfg5002w3n6lo9eg0k8w,12134,front,,Abnormal Gait,stroke,"{'top': 51.45390070921986, 'left': 262.34751773049646, 'height': 371.81560283687946, 'width': 165.45390070921985}","{'height': 480, 'width': 854, 'mime_type': 'video/mp4'}",FpXbeLZWFSw,https://www.youtube.com/watch?v=FpXbeLZWFSw
cljwcvfg5002w3n6lo9eg0k8w,12135,front,,Abnormal Gait,stroke,"{'top': 51.4468085106383, 'left': 262.17021276595744, 'height': 371.7872340425532, 'width': 165.44680851063828}","{'height': 480, 'width': 854, 'mime_type': 'video/mp4'}",FpXbeLZWFSw,https://www.youtube.com/watch?v=FpXbeLZWFSw
cljwcvfg5002w3n6lo9eg0k8w,12136,front,,Abnormal Gait,stroke,"{'top': 51.43971631205674, 'left': 261.9929078014184, 'height': 371.7588652482269, 'width': 165.43971631205676}","{'height': 480, 'width': 854, 'mime_type': 'video/mp4'}",FpXbeLZWFSw,https://www.youtube.com/watch?v=FpXbeLZWFSw
cljwcvfg5002w3n6lo9eg0k8w,12137,front,,Abnormal Gait,stroke,"{'top': 51.43262411347518, 'left': 261.8156028368794, 'height': 371.7304964539007, 'width': 165.43262411347519}","{'height': 480, 'width': 854, 'mime_type': 'video/mp4'}",FpXbeLZWFSw,https://www.youtube.com/watch?v=FpXbeLZWFSw
cljwcvfg5002w3n6lo9eg0k8w,12138,front,,Abnormal Gait,stroke,"{'top': 51.42553191489362, 'left': 261.63829787234044, 'height': 371.7021276595745, 'width': 165.4255319148936}","{'height': 480, 'width': 854, 'mime_type': 'video/mp4'}",FpXbeLZWFSw,https://www.youtube.com/watch?v=FpXbeLZWFSw
cljwcvfg5002w3n6lo9eg0k8w,12139,front,,Abnormal Gait,stroke,"{'top': 51.41843971631206, 'left': 261.4609929078014, 'height': 371.67375886524826, 'width': 165.41843971631204}","{'height': 480, 'width': 854, 'mime_type': 'video/mp4'}",FpXbeLZWFSw,https://www.youtube.com/watch?v=FpXbeLZWFSw
cljwcvfg5002w3n6lo9eg0k8w,12140,front,,Abnormal Gait,stroke,"{'top': 51.4113475177305, 'left': 261.2836879432624, 'height': 371.64539007092196, 'width': 165.41134751773052}","{'height': 480, 'width': 854, 'mime_type': 'video/mp4'}",FpXbeLZWFSw,https://www.youtube.com/watch?v=FpXbeLZWFSw
cljwcvfg5002w3n6lo9eg0k8w,12141,front,,Abnormal Gait,stroke,"{'top': 51.40425531914894, 'left': 261.1063829787234, 'height': 371.6170212765957, 'width': 165.40425531914894}","{'height': 480, 'width': 854, 'mime_type': 'video/mp4'}",FpXbeLZWFSw,https://www.youtube.com/watch?v=FpXbeLZWFSw
cljwcvfg5002w3n6lo9eg0k8w,12142,front,,Abnormal Gait,stroke,"{'top': 51.39716312056738, 'left': 260.92907801418437, 'height': 371.5886524822695, 'width': 165.39716312056743}","{'height': 480, 'width': 854, 'mime_type': 'video/mp4'}",FpXbeLZWFSw,https://www.youtube.com/watch?v=FpXbeLZWFSw
cljwcvfg5002w3n6lo9eg0k8w,12143,front,,Abnormal Gait,stroke,"{'top': 51.39007092198582, 'left': 260.7517730496454, 'height': 371.5602836879433, 'width': 165.3900709219858}","{'height': 480, 'width': 854, 'mime_type': 'video/mp4'}",FpXbeLZWFSw,https://www.youtube.com/watch?v=FpXbeLZWFSw
cljwcvfg5002w3n6lo9eg0k8w,12144,front,,Abnormal Gait,stroke,"{'top': 51.38297872340426, 'left': 260.5744680851064, 'height': 371.531914893617, 'width': 165.38297872340428}","{'height': 480, 'width': 854, 'mime_type': 'video/mp4'}",FpXbeLZWFSw,https://www.youtube.com/watch?v=FpXbeLZWFSw
cljwcvfg5002w3n6lo9eg0k8w,12145,front,,Abnormal Gait,stroke,"{'top': 51.3758865248227, 'left': 260.39716312056737, 'height': 371.50354609929076, 'width': 165.3758865248227}","{'height': 480, 'width': 854, 'mime_type': 'video/mp4'}",FpXbeLZWFSw,https://www.youtube.com/watch?v=FpXbeLZWFSw
cljwcvfg5002w3n6lo9eg0k8w,12146,front,,Abnormal Gait,stroke,"{'top': 51.36879432624114, 'left': 260.21985815602835, 'height': 371.4751773049645, 'width': 165.36879432624113}","{'height': 480, 'width': 854, 'mime_type': 'video/mp4'}",FpXbeLZWFSw,https://www.youtube.com/watch?v=FpXbeLZWFSw
cljwcvfg5002w3n6lo9eg0k8w,12147,front,,Abnormal Gait,stroke,"{'top': 51.361702127659576, 'left': 260.04255319148933, 'height': 371.44680851063833, 'width': 165.3617021276596}","{'height': 480, 'width': 854, 'mime_type': 'video/mp4'}",FpXbeLZWFSw,https://www.youtube.com/watch?v=FpXbeLZWFSw
cljwcvfg5002w3n6lo9eg0k8w,12148,front,,Abnormal Gait,stroke,"{'top': 51.354609929078016, 'left': 259.86524822695037, 'height': 371.41843971631204, 'width': 165.35460992907798}","{'height': 480, 'width': 854, 'mime_type': 'video/mp4'}",FpXbeLZWFSw,https://www.youtube.com/watch?v=FpXbeLZWFSw
cljwcvfg5002w3n6lo9eg0k8w,12149,front,,Abnormal Gait,stroke,"{'top': 51.347517730496456, 'left': 259.68794326241135, 'height': 371.3900709219858, 'width': 165.34751773049646}","{'height': 480, 'width': 854, 'mime_type': 'video/mp4'}",FpXbeLZWFSw,https://www.youtube.com/watch?v=FpXbeLZWFSw
cljwcvfg5002w3n6lo9eg0k8w,12150,front,,Abnormal Gait,stroke,"{'top': 51.340425531914896, 'left': 259.51063829787233, 'height': 371.36170212765956, 'width': 165.3404255319149}","{'height': 480, 'width': 854, 'mime_type': 'video/mp4'}",FpXbeLZWFSw,https://www.youtube.com/watch?v=FpXbeLZWFSw
cljwcvfg5002w3n6lo9eg0k8w,12151,front,,Abnormal Gait,stroke,"{'top': 51.333333333333336, 'left': 259.3333333333333, 'height': 371.33333333333337, 'width': 165.33333333333337}","{'height': 480, 'width': 854, 'mime_type': 'video/mp4'}",FpXbeLZWFSw,https://www.youtube.com/watch?v=FpXbeLZWFSw
cljwcvfg5002w3n6lo9eg0k8w,12152,front,,Abnormal Gait,stroke,"{'top': 51.326241134751776, 'left': 259.15602836879435, 'height': 371.3049645390071, 'width': 165.32624113475174}","{'height': 480, 'width': 854, 'mime_type': 'video/mp4'}",FpXbeLZWFSw,https://www.youtube.com/watch?v=FpXbeLZWFSw
cljwcvfg5002w3n6lo9eg0k8w,12153,front,,Abnormal Gait,stroke,"{'top': 51.319148936170215, 'left': 258.97872340425533, 'height': 371.27659574468083, 'width': 165.31914893617022}","{'height': 480, 'width': 854, 'mime_type': 'video/mp4'}",FpXbeLZWFSw,https://www.youtube.com/watch?v=FpXbeLZWFSw
cljwcvfg5002w3n6lo9eg0k8w,12154,front,,Abnormal Gait,stroke,"{'top': 51.312056737588655, 'left': 258.8014184397163, 'height': 371.2482269503546, 'width': 165.31205673758865}","{'height': 480, 'width': 854, 'mime_type': 'video/mp4'}",FpXbeLZWFSw,https://www.youtube.com/watch?v=FpXbeLZWFSw
cljwcvfg5002w3n6lo9eg0k8w,12155,front,,Abnormal Gait,stroke,"{'top': 51.304964539007095, 'left': 258.6241134751773, 'height': 371.2198581560284, 'width': 165.30496453900707}","{'height': 480, 'width': 854, 'mime_type': 'video/mp4'}",FpXbeLZWFSw,https://www.youtube.com/watch?v=FpXbeLZWFSw
cljwcvfg5002w3n6lo9eg0k8w,12156,front,,Abnormal Gait,stroke,"{'top': 51.297872340425535, 'left': 258.4468085106383, 'height': 371.1914893617021, 'width': 165.29787234042556}","{'height': 480, 'width': 854, 'mime_type': 'video/mp4'}",FpXbeLZWFSw,https://www.youtube.com/watch?v=FpXbeLZWFSw
cljwcvfg5002w3n6lo9eg0k8w,12157,front,,Abnormal Gait,stroke,"{'top': 51.290780141843975, 'left': 258.2695035460993, 'height': 371.16312056737587, 'width': 165.29078014184392}","{'height': 480, 'width': 854, 'mime_type': 'video/mp4'}",FpXbeLZWFSw,https://www.youtube.com/watch?v=FpXbeLZWFSw
cljwcvfg5002w3n6lo9eg0k8w,12158,front,,Abnormal Gait,stroke,"{'top': 51.283687943262414, 'left': 258.0921985815603, 'height': 371.13475177304963, 'width': 165.2836879432624}","{'height': 480, 'width': 854, 'mime_type': 'video/mp4'}",FpXbeLZWFSw,https://www.youtube.com/watch?v=FpXbeLZWFSw
cljwcvfg5002w3n6lo9eg0k8w,12159,front,,Abnormal Gait,stroke,"{'top': 51.276595744680854, 'left': 257.9148936170213, 'height': 371.10638297872345, 'width': 165.27659574468083}","{'height': 480, 'width': 854, 'mime_type': 'video/mp4'}",FpXbeLZWFSw,https://www.youtube.com/watch?v=FpXbeLZWFSw
cljwcvfg5002w3n6lo9eg0k8w,12160,front,,Abnormal Gait,stroke,"{'top': 51.269503546099294, 'left': 257.73758865248226, 'height': 371.07801418439715, 'width': 165.26950354609932}","{'height': 480, 'width': 854, 'mime_type': 'video/mp4'}",FpXbeLZWFSw,https://www.youtube.com/watch?v=FpXbeLZWFSw
cljwcvfg5002w3n6lo9eg0k8w,12161,front,,Abnormal Gait,stroke,"{'top': 51.262411347517734, 'left': 257.56028368794324, 'height': 371.0496453900709, 'width': 165.26241134751774}","{'height': 480, 'width': 854, 'mime_type': 'video/mp4'}",FpXbeLZWFSw,https://www.youtube.com/watch?v=FpXbeLZWFSw
cljwcvfg5002w3n6lo9eg0k8w,12162,front,,Abnormal Gait,stroke,"{'top': 51.255319148936174, 'left': 257.3829787234043, 'height': 371.02127659574467, 'width': 165.25531914893617}","{'height': 480, 'width': 854, 'mime_type': 'video/mp4'}",FpXbeLZWFSw,https://www.youtube.com/watch?v=FpXbeLZWFSw
cljwcvfg5002w3n6lo9eg0k8w,12163,front,,Abnormal Gait,stroke,"{'top': 51.248226950354606, 'left': 257.20567375886526, 'height': 370.9929078014185, 'width': 165.2482269503546}","{'height': 480, 'width': 854, 'mime_type': 'video/mp4'}",FpXbeLZWFSw,https://www.youtube.com/watch?v=FpXbeLZWFSw
cljwcvfg5002w3n6lo9eg0k8w,12164,front,,Abnormal Gait,stroke,"{'top': 51.241134751773046, 'left': 257.02836879432624, 'height': 370.9645390070922, 'width': 165.24113475177307}","{'height': 480, 'width': 854, 'mime_type': 'video/mp4'}",FpXbeLZWFSw,https://www.youtube.com/watch?v=FpXbeLZWFSw
cljwcvfg5002w3n6lo9eg0k8w,12165,front,,Abnormal Gait,stroke,"{'top': 51.234042553191486, 'left': 256.8510638297872, 'height': 370.93617021276594, 'width': 165.2340425531915}","{'height': 480, 'width': 854, 'mime_type': 'video/mp4'}",FpXbeLZWFSw,https://www.youtube.com/watch?v=FpXbeLZWFSw
cljwcvfg5002w3n6lo9eg0k8w,12166,front,,Abnormal Gait,stroke,"{'top': 51.226950354609926, 'left': 256.6737588652482, 'height': 370.9078014184397, 'width': 165.22695035460998}","{'height': 480, 'width': 854, 'mime_type': 'video/mp4'}",FpXbeLZWFSw,https://www.youtube.com/watch?v=FpXbeLZWFSw
cljwcvfg5002w3n6lo9eg0k8w,12167,front,,Abnormal Gait,stroke,"{'top': 51.219858156028366, 'left': 256.49645390070924, 'height': 370.8794326241135, 'width': 165.21985815602835}","{'height': 480, 'width': 854, 'mime_type': 'video/mp4'}",FpXbeLZWFSw,https://www.youtube.com/watch?v=FpXbeLZWFSw
cljwcvfg5002w3n6lo9eg0k8w,12168,front,,Abnormal Gait,stroke,"{'top': 51.212765957446805, 'left': 256.3191489361702, 'height': 370.8510638297872, 'width': 165.21276595744678}","{'height': 480, 'width': 854, 'mime_type': 'video/mp4'}",FpXbeLZWFSw,https://www.youtube.com/watch?v=FpXbeLZWFSw
cljwcvfg5002w3n6lo9eg0k8w,12169,front,,Abnormal Gait,stroke,"{'top': 51.205673758865245, 'left': 256.1418439716312, 'height': 370.822695035461, 'width': 165.20567375886526}","{'height': 480, 'width': 854, 'mime_type': 'video/mp4'}",FpXbeLZWFSw,https://www.youtube.com/watch?v=FpXbeLZWFSw
cljwcvfg5002w3n6lo9eg0k8w,12170,front,,Abnormal Gait,stroke,"{'top': 51.198581560283685, 'left': 255.96453900709218, 'height': 370.79432624113474, 'width': 165.19858156028369}","{'height': 480, 'width': 854, 'mime_type': 'video/mp4'}",FpXbeLZWFSw,https://www.youtube.com/watch?v=FpXbeLZWFSw
cljwcvfg5002w3n6lo9eg0k8w,12171,front,,Abnormal Gait,stroke,"{'top': 51.191489361702125, 'left': 255.7872340425532, 'height': 370.76595744680856, 'width': 165.19148936170214}","{'height': 480, 'width': 854, 'mime_type': 'video/mp4'}",FpXbeLZWFSw,https://www.youtube.com/watch?v=FpXbeLZWFSw
cljwcvfg5002w3n6lo9eg0k8w,12172,front,,Abnormal Gait,stroke,"{'top': 51.184397163120565, 'left': 255.60992907801418, 'height': 370.73758865248226, 'width': 165.18439716312056}","{'height': 480, 'width': 854, 'mime_type': 'video/mp4'}",FpXbeLZWFSw,https://www.youtube.com/watch?v=FpXbeLZWFSw
cljwcvfg5002w3n6lo9eg0k8w,12173,front,,Abnormal Gait,stroke,"{'top': 51.177304964539005, 'left': 255.43262411347519, 'height': 370.709219858156, 'width': 165.17730496453902}","{'height': 480, 'width': 854, 'mime_type': 'video/mp4'}",FpXbeLZWFSw,https://www.youtube.com/watch?v=FpXbeLZWFSw
cljwcvfg5002w3n6lo9eg0k8w,12174,front,,Abnormal Gait,stroke,"{'top': 51.170212765957444, 'left': 255.25531914893617, 'height': 370.6808510638298, 'width': 165.17021276595744}","{'height': 480, 'width': 854, 'mime_type': 'video/mp4'}",FpXbeLZWFSw,https://www.youtube.com/watch?v=FpXbeLZWFSw
cljwcvfg5002w3n6lo9eg0k8w,12175,front,,Abnormal Gait,stroke,"{'top': 51.163120567375884, 'left': 255.07801418439715, 'height': 370.65248226950354, 'width': 165.16312056737593}","{'height': 480, 'width': 854, 'mime_type': 'video/mp4'}",FpXbeLZWFSw,https://www.youtube.com/watch?v=FpXbeLZWFSw
cljwcvfg5002w3n6lo9eg0k8w,12176,front,,Abnormal Gait,stroke,"{'top': 51.156028368794324, 'left': 254.90070921985816, 'height': 370.6241134751773, 'width': 165.15602836879432}","{'height': 480, 'width': 854, 'mime_type': 'video/mp4'}",FpXbeLZWFSw,https://www.youtube.com/watch?v=FpXbeLZWFSw
cljwcvfg5002w3n6lo9eg0k8w,12177,front,,Abnormal Gait,stroke,"{'top': 51.148936170212764, 'left': 254.72340425531914, 'height': 370.59574468085106, 'width': 165.14893617021275}","{'height': 480, 'width': 854, 'mime_type': 'video/mp4'}",FpXbeLZWFSw,https://www.youtube.com/watch?v=FpXbeLZWFSw
cljwcvfg5002w3n6lo9eg0k8w,12178,front,,Abnormal Gait,stroke,"{'top': 51.141843971631204, 'left': 254.54609929078015, 'height': 370.5673758865248, 'width': 165.1418439716312}","{'height': 480, 'width': 854, 'mime_type': 'video/mp4'}",FpXbeLZWFSw,https://www.youtube.com/watch?v=FpXbeLZWFSw
cljwcvfg5002w3n6lo9eg0k8w,12179,front,,Abnormal Gait,stroke,"{'top': 51.13475177304964, 'left': 254.36879432624113, 'height': 370.5390070921986, 'width': 165.13475177304963}","{'height': 480, 'width': 854, 'mime_type': 'video/mp4'}",FpXbeLZWFSw,https://www.youtube.com/watch?v=FpXbeLZWFSw
cljwcvfg5002w3n6lo9eg0k8w,12180,front,,Abnormal Gait,stroke,"{'top': 51.12765957446808, 'left': 254.1914893617021, 'height': 370.51063829787233, 'width': 165.1276595744681}","{'height': 480, 'width': 854, 'mime_type': 'video/mp4'}",FpXbeLZWFSw,https://www.youtube.com/watch?v=FpXbeLZWFSw
cljwcvfg5002w3n6lo9eg0k8w,12181,front,,Abnormal Gait,stroke,"{'top': 51.12056737588652, 'left': 254.01418439716312, 'height': 370.4822695035461, 'width': 165.1205673758865}","{'height': 480, 'width': 854, 'mime_type': 'video/mp4'}",FpXbeLZWFSw,https://www.youtube.com/watch?v=FpXbeLZWFSw
cljwcvfg5002w3n6lo9eg0k8w,12182,front,,Abnormal Gait,stroke,"{'top': 51.11347517730496, 'left': 253.83687943262413, 'height': 370.45390070921985, 'width': 165.11347517730496}","{'height': 480, 'width': 854, 'mime_type': 'video/mp4'}",FpXbeLZWFSw,https://www.youtube.com/watch?v=FpXbeLZWFSw
cljwcvfg5002w3n6lo9eg0k8w,12183,front,,Abnormal Gait,stroke,"{'top': 51.1063829787234, 'left': 253.6595744680851, 'height': 370.4255319148936, 'width': 165.1063829787234}","{'height': 480, 'width': 854, 'mime_type': 'video/mp4'}",FpXbeLZWFSw,https://www.youtube.com/watch?v=FpXbeLZWFSw
cljwcvfg5002w3n6lo9eg0k8w,12184,front,,Abnormal Gait,stroke,"{'top': 51.09929078014184, 'left': 253.4822695035461, 'height': 370.39716312056737, 'width': 165.09929078014187}","{'height': 480, 'width': 854, 'mime_type': 'video/mp4'}",FpXbeLZWFSw,https://www.youtube.com/watch?v=FpXbeLZWFSw
cljwcvfg5002w3n6lo9eg0k8w,12185,front,,Abnormal Gait,stroke,"{'top': 51.09219858156028, 'left': 253.3049645390071, 'height': 370.36879432624113, 'width': 165.09219858156027}","{'height': 480, 'width': 854, 'mime_type': 'video/mp4'}",FpXbeLZWFSw,https://www.youtube.com/watch?v=FpXbeLZWFSw
cljwcvfg5002w3n6lo9eg0k8w,12186,front,,Abnormal Gait,stroke,"{'top': 51.08510638297872, 'left': 253.12765957446808, 'height': 370.3404255319149, 'width': 165.08510638297875}","{'height': 480, 'width': 854, 'mime_type': 'video/mp4'}",FpXbeLZWFSw,https://www.youtube.com/watch?v=FpXbeLZWFSw
cljwcvfg5002w3n6lo9eg0k8w,12187,front,,Abnormal Gait,stroke,"{'top': 51.07801418439716, 'left': 252.9503546099291, 'height': 370.31205673758865, 'width': 165.07801418439715}","{'height': 480, 'width': 854, 'mime_type': 'video/mp4'}",FpXbeLZWFSw,https://www.youtube.com/watch?v=FpXbeLZWFSw
cljwcvfg5002w3n6lo9eg0k8w,12188,front,,Abnormal Gait,stroke,"{'top': 51.0709219858156, 'left': 252.77304964539007, 'height': 370.2836879432624, 'width': 165.07092198581557}","{'height': 480, 'width': 854, 'mime_type': 'video/mp4'}",FpXbeLZWFSw,https://www.youtube.com/watch?v=FpXbeLZWFSw
cljwcvfg5002w3n6lo9eg0k8w,12189,front,,Abnormal Gait,stroke,"{'top': 51.06382978723404, 'left': 252.59574468085106, 'height': 370.25531914893617, 'width': 165.06382978723406}","{'height': 480, 'width': 854, 'mime_type': 'video/mp4'}",FpXbeLZWFSw,https://www.youtube.com/watch?v=FpXbeLZWFSw
cljwcvfg5002w3n6lo9eg0k8w,12190,front,,Abnormal Gait,stroke,"{'top': 51.05673758865248, 'left': 252.41843971631207, 'height': 370.2269503546099, 'width': 165.05673758865245}","{'height': 480, 'width': 854, 'mime_type': 'video/mp4'}",FpXbeLZWFSw,https://www.youtube.com/watch?v=FpXbeLZWFSw
cljwcvfg5002w3n6lo9eg0k8w,12191,front,,Abnormal Gait,stroke,"{'top': 51.04964539007092, 'left': 252.24113475177305, 'height': 370.1985815602837, 'width': 165.04964539007094}","{'height': 480, 'width': 854, 'mime_type': 'video/mp4'}",FpXbeLZWFSw,https://www.youtube.com/watch?v=FpXbeLZWFSw
cljwcvfg5002w3n6lo9eg0k8w,12192,front,,Abnormal Gait,stroke,"{'top': 51.04255319148936, 'left': 252.06382978723406, 'height': 370.17021276595744, 'width': 165.04255319148933}","{'height': 480, 'width': 854, 'mime_type': 'video/mp4'}",FpXbeLZWFSw,https://www.youtube.com/watch?v=FpXbeLZWFSw
cljwcvfg5002w3n6lo9eg0k8w,12193,front,,Abnormal Gait,stroke,"{'top': 51.0354609929078, 'left': 251.88652482269504, 'height': 370.1418439716312, 'width': 165.03546099290782}","{'height': 480, 'width': 854, 'mime_type': 'video/mp4'}",FpXbeLZWFSw,https://www.youtube.com/watch?v=FpXbeLZWFSw
cljwcvfg5002w3n6lo9eg0k8w,12194,front,,Abnormal Gait,stroke,"{'top': 51.02836879432624, 'left': 251.70921985815602, 'height': 370.11347517730496, 'width': 165.02836879432624}","{'height': 480, 'width': 854, 'mime_type': 'video/mp4'}",FpXbeLZWFSw,https://www.youtube.com/watch?v=FpXbeLZWFSw
cljwcvfg5002w3n6lo9eg0k8w,12195,front,,Abnormal Gait,stroke,"{'top': 51.02127659574468, 'left': 251.53191489361703, 'height': 370.0851063829787, 'width': 165.0212765957447}","{'height': 480, 'width': 854, 'mime_type': 'video/mp4'}",FpXbeLZWFSw,https://www.youtube.com/watch?v=FpXbeLZWFSw
cljwcvfg5002w3n6lo9eg0k8w,12196,front,,Abnormal Gait,stroke,"{'top': 51.01418439716312, 'left': 251.354609929078, 'height': 370.0567375886525, 'width': 165.01418439716312}","{'height': 480, 'width': 854, 'mime_type': 'video/mp4'}",FpXbeLZWFSw,https://www.youtube.com/watch?v=FpXbeLZWFSw
cljwcvfg5002w3n6lo9eg0k8w,12197,front,,Abnormal Gait,stroke,"{'top': 51.00709219858156, 'left': 251.17730496453902, 'height': 370.02836879432624, 'width': 165.00709219858157}","{'height': 480, 'width': 854, 'mime_type': 'video/mp4'}",FpXbeLZWFSw,https://www.youtube.com/watch?v=FpXbeLZWFSw
cljwcvfg5002w3n6lo9eg0k8w,12198,front,,Abnormal Gait,stroke,"{'top': 51.0, 'left': 251.0, 'height': 370.0, 'width': 165.0}","{'height': 480, 'width': 854, 'mime_type': 'video/mp4'}",FpXbeLZWFSw,https://www.youtube.com/watch?v=FpXbeLZWFSw
cljwcvfg5002w3n6lo9eg0k8w,12199,front,,Abnormal Gait,stroke,"{'top': 51.05263157894737, 'left': 251.3421052631579, 'height': 369.7894736842105, 'width': 164.92105263157893}","{'height': 480, 'width': 854, 'mime_type': 'video/mp4'}",FpXbeLZWFSw,https://www.youtube.com/watch?v=FpXbeLZWFSw
cljwcvfg5002w3n6lo9eg0k8w,12200,front,,Abnormal Gait,stroke,"{'top': 51.10526315789474, 'left': 251.68421052631578, 'height': 369.57894736842104, 'width': 164.84210526315792}","{'height': 480, 'width': 854, 'mime_type': 'video/mp4'}",FpXbeLZWFSw,https://www.youtube.com/watch?v=FpXbeLZWFSw
cljwcvfg5002w3n6lo9eg0k8w,12201,front,,Abnormal Gait,stroke,"{'top': 51.1578947368421, 'left': 252.02631578947367, 'height': 369.3684210526316, 'width': 164.76315789473685}","{'height': 480, 'width': 854, 'mime_type': 'video/mp4'}",FpXbeLZWFSw,https://www.youtube.com/watch?v=FpXbeLZWFSw
cljwcvfg5002w3n6lo9eg0k8w,12202,front,,Abnormal Gait,stroke,"{'top': 51.21052631578947, 'left': 252.3684210526316, 'height': 369.1578947368421, 'width': 164.68421052631575}","{'height': 480, 'width': 854, 'mime_type': 'video/mp4'}",FpXbeLZWFSw,https://www.youtube.com/watch?v=FpXbeLZWFSw
cljwcvfg5002w3n6lo9eg0k8w,12203,front,,Abnormal Gait,stroke,"{'top': 51.26315789473684, 'left': 252.71052631578948, 'height': 368.94736842105266, 'width': 164.60526315789474}","{'height': 480, 'width': 854, 'mime_type': 'video/mp4'}",FpXbeLZWFSw,https://www.youtube.com/watch?v=FpXbeLZWFSw
cljwcvfg5002w3n6lo9eg0k8w,12204,front,,Abnormal Gait,stroke,"{'top': 51.31578947368421, 'left': 253.05263157894737, 'height': 368.7368421052631, 'width': 164.52631578947367}","{'height': 480, 'width': 854, 'mime_type': 'video/mp4'}",FpXbeLZWFSw,https://www.youtube.com/watch?v=FpXbeLZWFSw
cljwcvfg5002w3n6lo9eg0k8w,12205,front,,Abnormal Gait,stroke,"{'top': 51.36842105263158, 'left': 253.39473684210526, 'height': 368.5263157894737, 'width': 164.44736842105266}","{'height': 480, 'width': 854, 'mime_type': 'video/mp4'}",FpXbeLZWFSw,https://www.youtube.com/watch?v=FpXbeLZWFSw
cljwcvfg5002w3n6lo9eg0k8w,12206,front,,Abnormal Gait,stroke,"{'top': 51.421052631578945, 'left': 253.73684210526315, 'height': 368.3157894736842, 'width': 164.3684210526316}","{'height': 480, 'width': 854, 'mime_type': 'video/mp4'}",FpXbeLZWFSw,https://www.youtube.com/watch?v=FpXbeLZWFSw
cljwcvfg5002w3n6lo9eg0k8w,12207,front,,Abnormal Gait,stroke,"{'top': 51.473684210526315, 'left': 254.07894736842104, 'height': 368.10526315789474, 'width': 164.28947368421052}","{'height': 480, 'width': 854, 'mime_type': 'video/mp4'}",FpXbeLZWFSw,https://www.youtube.com/watch?v=FpXbeLZWFSw
cljwcvfg5002w3n6lo9eg0k8w,12208,front,,Abnormal Gait,stroke,"{'top': 51.526315789473685, 'left': 254.42105263157896, 'height': 367.89473684210526, 'width': 164.21052631578948}","{'height': 480, 'width': 854, 'mime_type': 'video/mp4'}",FpXbeLZWFSw,https://www.youtube.com/watch?v=FpXbeLZWFSw
cljwcvfg5002w3n6lo9eg0k8w,12209,front,,Abnormal Gait,stroke,"{'top': 51.578947368421055, 'left': 254.76315789473685, 'height': 367.6842105263158, 'width': 164.1315789473684}","{'height': 480, 'width': 854, 'mime_type': 'video/mp4'}",FpXbeLZWFSw,https://www.youtube.com/watch?v=FpXbeLZWFSw
cljwcvfg5002w3n6lo9eg0k8w,12210,front,,Abnormal Gait,stroke,"{'top': 51.63157894736842, 'left': 255.10526315789474, 'height': 367.4736842105263, 'width': 164.05263157894734}","{'height': 480, 'width': 854, 'mime_type': 'video/mp4'}",FpXbeLZWFSw,https://www.youtube.com/watch?v=FpXbeLZWFSw
cljwcvfg5002w3n6lo9eg0k8w,12211,front,,Abnormal Gait,stroke,"{'top': 51.68421052631579, 'left': 255.44736842105263, 'height': 367.2631578947369, 'width': 163.97368421052633}","{'height': 480, 'width': 854, 'mime_type': 'video/mp4'}",FpXbeLZWFSw,https://www.youtube.com/watch?v=FpXbeLZWFSw
cljwcvfg5002w3n6lo9eg0k8w,12212,front,,Abnormal Gait,stroke,"{'top': 51.73684210526316, 'left': 255.78947368421052, 'height': 367.05263157894734, 'width': 163.89473684210526}","{'height': 480, 'width': 854, 'mime_type': 'video/mp4'}",FpXbeLZWFSw,https://www.youtube.com/watch?v=FpXbeLZWFSw
cljwcvfg5002w3n6lo9eg0k8w,12213,front,,Abnormal Gait,stroke,"{'top': 51.78947368421053, 'left': 256.13157894736844, 'height': 366.8421052631579, 'width': 163.81578947368422}","{'height': 480, 'width': 854, 'mime_type': 'video/mp4'}",FpXbeLZWFSw,https://www.youtube.com/watch?v=FpXbeLZWFSw
cljwcvfg5002w3n6lo9eg0k8w,12214,front,,Abnormal Gait,stroke,"{'top': 51.8421052631579, 'left': 256.4736842105263, 'height': 366.6315789473684, 'width': 163.73684210526318}","{'height': 480, 'width': 854, 'mime_type': 'video/mp4'}",FpXbeLZWFSw,https://www.youtube.com/watch?v=FpXbeLZWFSw
cljwcvfg5002w3n6lo9eg0k8w,12215,front,,Abnormal Gait,stroke,"{'top': 51.89473684210526, 'left': 256.8157894736842, 'height': 366.42105263157896, 'width': 163.65789473684208}","{'height': 480, 'width': 854, 'mime_type': 'video/mp4'}",FpXbeLZWFSw,https://www.youtube.com/watch?v=FpXbeLZWFSw
cljwcvfg5002w3n6lo9eg0k8w,12216,front,,Abnormal Gait,stroke,"{'top': 51.94736842105263, 'left': 257.1578947368421, 'height': 366.2105263157895, 'width': 163.5789473684211}","{'height': 480, 'width': 854, 'mime_type': 'video/mp4'}",FpXbeLZWFSw,https://www.youtube.com/watch?v=FpXbeLZWFSw
cljwcvfg5002w3n6lo9eg0k8w,12217,front,,Abnormal Gait,stroke,"{'top': 52.0, 'left': 257.5, 'height': 366.0, 'width': 163.5}","{'height': 480, 'width': 854, 'mime_type': 'video/mp4'}",FpXbeLZWFSw,https://www.youtube.com/watch?v=FpXbeLZWFSw
cljwcvfg5002w3n6lo9eg0k8w,12218,front,,Abnormal Gait,stroke,"{'top': 52.05263157894737, 'left': 257.8421052631579, 'height': 365.7894736842105, 'width': 163.4210526315789}","{'height': 480, 'width': 854, 'mime_type': 'video/mp4'}",FpXbeLZWFSw,https://www.youtube.com/watch?v=FpXbeLZWFSw
cljwcvfg5002w3n6lo9eg0k8w,12219,front,,Abnormal Gait,stroke,"{'top': 52.10526315789474, 'left': 258.1842105263158, 'height': 365.57894736842104, 'width': 163.34210526315792}","{'height': 480, 'width': 854, 'mime_type': 'video/mp4'}",FpXbeLZWFSw,https://www.youtube.com/watch?v=FpXbeLZWFSw
cljwcvfg5002w3n6lo9eg0k8w,12220,front,,Abnormal Gait,stroke,"{'top': 52.1578947368421, 'left': 258.5263157894737, 'height': 365.3684210526316, 'width': 163.26315789473682}","{'height': 480, 'width': 854, 'mime_type': 'video/mp4'}",FpXbeLZWFSw,https://www.youtube.com/watch?v=FpXbeLZWFSw
cljwcvfg5002w3n6lo9eg0k8w,12221,front,,Abnormal Gait,stroke,"{'top': 52.21052631578947, 'left': 258.86842105263156, 'height': 365.1578947368421, 'width': 163.18421052631578}","{'height': 480, 'width': 854, 'mime_type': 'video/mp4'}",FpXbeLZWFSw,https://www.youtube.com/watch?v=FpXbeLZWFSw
cljwcvfg5002w3n6lo9eg0k8w,12222,front,,Abnormal Gait,stroke,"{'top': 52.26315789473684, 'left': 259.2105263157895, 'height': 364.94736842105266, 'width': 163.10526315789474}","{'height': 480, 'width': 854, 'mime_type': 'video/mp4'}",FpXbeLZWFSw,https://www.youtube.com/watch?v=FpXbeLZWFSw
cljwcvfg5002w3n6lo9eg0k8w,12223,front,,Abnormal Gait,stroke,"{'top': 52.31578947368421, 'left': 259.5526315789474, 'height': 364.7368421052631, 'width': 163.02631578947364}","{'height': 480, 'width': 854, 'mime_type': 'video/mp4'}",FpXbeLZWFSw,https://www.youtube.com/watch?v=FpXbeLZWFSw
cljwcvfg5002w3n6lo9eg0k8w,12224,front,,Abnormal Gait,stroke,"{'top': 52.36842105263158, 'left': 259.89473684210526, 'height': 364.5263157894737, 'width': 162.94736842105266}","{'height': 480, 'width': 854, 'mime_type': 'video/mp4'}",FpXbeLZWFSw,https://www.youtube.com/watch?v=FpXbeLZWFSw
cljwcvfg5002w3n6lo9eg0k8w,12225,front,,Abnormal Gait,stroke,"{'top': 52.421052631578945, 'left': 260.2368421052632, 'height': 364.3157894736842, 'width': 162.86842105263156}","{'height': 480, 'width': 854, 'mime_type': 'video/mp4'}",FpXbeLZWFSw,https://www.youtube.com/watch?v=FpXbeLZWFSw
cljwcvfg5002w3n6lo9eg0k8w,12226,front,,Abnormal Gait,stroke,"{'top': 52.473684210526315, 'left': 260.57894736842104, 'height': 364.10526315789474, 'width': 162.78947368421052}","{'height': 480, 'width': 854, 'mime_type': 'video/mp4'}",FpXbeLZWFSw,https://www.youtube.com/watch?v=FpXbeLZWFSw
cljwcvfg5002w3n6lo9eg0k8w,12227,front,,Abnormal Gait,stroke,"{'top': 52.526315789473685, 'left': 260.92105263157896, 'height': 363.89473684210526, 'width': 162.71052631578948}","{'height': 480, 'width': 854, 'mime_type': 'video/mp4'}",FpXbeLZWFSw,https://www.youtube.com/watch?v=FpXbeLZWFSw
cljwcvfg5002w3n6lo9eg0k8w,12228,front,,Abnormal Gait,stroke,"{'top': 52.578947368421055, 'left': 261.2631578947368, 'height': 363.6842105263158, 'width': 162.63157894736844}","{'height': 480, 'width': 854, 'mime_type': 'video/mp4'}",FpXbeLZWFSw,https://www.youtube.com/watch?v=FpXbeLZWFSw
cljwcvfg5002w3n6lo9eg0k8w,12229,front,,Abnormal Gait,stroke,"{'top': 52.63157894736842, 'left': 261.60526315789474, 'height': 363.4736842105263, 'width': 162.55263157894734}","{'height': 480, 'width': 854, 'mime_type': 'video/mp4'}",FpXbeLZWFSw,https://www.youtube.com/watch?v=FpXbeLZWFSw
cljwcvfg5002w3n6lo9eg0k8w,12230,front,,Abnormal Gait,stroke,"{'top': 52.68421052631579, 'left': 261.9473684210526, 'height': 363.2631578947369, 'width': 162.47368421052636}","{'height': 480, 'width': 854, 'mime_type': 'video/mp4'}",FpXbeLZWFSw,https://www.youtube.com/watch?v=FpXbeLZWFSw
cljwcvfg5002w3n6lo9eg0k8w,12231,front,,Abnormal Gait,stroke,"{'top': 52.73684210526316, 'left': 262.2894736842105, 'height': 363.05263157894734, 'width': 162.39473684210526}","{'height': 480, 'width': 854, 'mime_type': 'video/mp4'}",FpXbeLZWFSw,https://www.youtube.com/watch?v=FpXbeLZWFSw
cljwcvfg5002w3n6lo9eg0k8w,12232,front,,Abnormal Gait,stroke,"{'top': 52.78947368421053, 'left': 262.63157894736844, 'height': 362.8421052631579, 'width': 162.31578947368422}","{'height': 480, 'width': 854, 'mime_type': 'video/mp4'}",FpXbeLZWFSw,https://www.youtube.com/watch?v=FpXbeLZWFSw
cljwcvfg5002w3n6lo9eg0k8w,12233,front,,Abnormal Gait,stroke,"{'top': 52.8421052631579, 'left': 262.9736842105263, 'height': 362.6315789473684, 'width': 162.23684210526318}","{'height': 480, 'width': 854, 'mime_type': 'video/mp4'}",FpXbeLZWFSw,https://www.youtube.com/watch?v=FpXbeLZWFSw
cljwcvfg5002w3n6lo9eg0k8w,12234,front,,Abnormal Gait,stroke,"{'top': 52.89473684210526, 'left': 263.3157894736842, 'height': 362.42105263157896, 'width': 162.15789473684208}","{'height': 480, 'width': 854, 'mime_type': 'video/mp4'}",FpXbeLZWFSw,https://www.youtube.com/watch?v=FpXbeLZWFSw
cljwcvfg5002w3n6lo9eg0k8w,12235,front,,Abnormal Gait,stroke,"{'top': 52.94736842105263, 'left': 263.6578947368421, 'height': 362.2105263157895, 'width': 162.0789473684211}","{'height': 480, 'width': 854, 'mime_type': 'video/mp4'}",FpXbeLZWFSw,https://www.youtube.com/watch?v=FpXbeLZWFSw
cljwcvfg5002w3n6lo9eg0k8w,12236,front,,Abnormal Gait,stroke,"{'top': 53.0, 'left': 264.0, 'height': 362.0, 'width': 162.0}","{'height': 480, 'width': 854, 'mime_type': 'video/mp4'}",FpXbeLZWFSw,https://www.youtube.com/watch?v=FpXbeLZWFSw
cljwcvfg5002w3n6lo9eg0k8w,12237,front,,Abnormal Gait,stroke,"{'top': 52.98571428571429, 'left': 263.7857142857143, 'height': 362.14285714285717, 'width': 162.0285714285714}","{'height': 480, 'width': 854, 'mime_type': 'video/mp4'}",FpXbeLZWFSw,https://www.youtube.com/watch?v=FpXbeLZWFSw
cljwcvfg5002w3n6lo9eg0k8w,12238,front,,Abnormal Gait,stroke,"{'top': 52.97142857142857, 'left': 263.57142857142856, 'height': 362.2857142857143, 'width': 162.05714285714288}","{'height': 480, 'width': 854, 'mime_type': 'video/mp4'}",FpXbeLZWFSw,https://www.youtube.com/watch?v=FpXbeLZWFSw
cljwcvfg5002w3n6lo9eg0k8w,12239,front,,Abnormal Gait,stroke,"{'top': 52.957142857142856, 'left': 263.35714285714283, 'height': 362.42857142857144, 'width': 162.0857142857143}","{'height': 480, 'width': 854, 'mime_type': 'video/mp4'}",FpXbeLZWFSw,https://www.youtube.com/watch?v=FpXbeLZWFSw
cljwcvfg5002w3n6lo9eg0k8w,12240,front,,Abnormal Gait,stroke,"{'top': 52.94285714285714, 'left': 263.14285714285717, 'height': 362.5714285714286, 'width': 162.1142857142857}","{'height': 480, 'width': 854, 'mime_type': 'video/mp4'}",FpXbeLZWFSw,https://www.youtube.com/watch?v=FpXbeLZWFSw
cljwcvfg5002w3n6lo9eg0k8w,12241,front,,Abnormal Gait,stroke,"{'top': 52.92857142857143, 'left': 262.92857142857144, 'height': 362.7142857142857, 'width': 162.1428571428571}","{'height': 480, 'width': 854, 'mime_type': 'video/mp4'}",FpXbeLZWFSw,https://www.youtube.com/watch?v=FpXbeLZWFSw
cljwcvfg5002w3n6lo9eg0k8w,12242,front,,Abnormal Gait,stroke,"{'top': 52.91428571428571, 'left': 262.7142857142857, 'height': 362.85714285714283, 'width': 162.17142857142858}","{'height': 480, 'width': 854, 'mime_type': 'video/mp4'}",FpXbeLZWFSw,https://www.youtube.com/watch?v=FpXbeLZWFSw
cljwcvfg5002w3n6lo9eg0k8w,12243,front,,Abnormal Gait,stroke,"{'top': 52.9, 'left': 262.5, 'height': 363.0, 'width': 162.2}","{'height': 480, 'width': 854, 'mime_type': 'video/mp4'}",FpXbeLZWFSw,https://www.youtube.com/watch?v=FpXbeLZWFSw
cljwcvfg5002w3n6lo9eg0k8w,12244,front,,Abnormal Gait,stroke,"{'top': 52.885714285714286, 'left': 262.2857142857143, 'height': 363.1428571428571, 'width': 162.22857142857146}","{'height': 480, 'width': 854, 'mime_type': 'video/mp4'}",FpXbeLZWFSw,https://www.youtube.com/watch?v=FpXbeLZWFSw
cljwcvfg5002w3n6lo9eg0k8w,12245,front,,Abnormal Gait,stroke,"{'top': 52.871428571428574, 'left': 262.07142857142856, 'height': 363.2857142857143, 'width': 162.25714285714287}","{'height': 480, 'width': 854, 'mime_type': 'video/mp4'}",FpXbeLZWFSw,https://www.youtube.com/watch?v=FpXbeLZWFSw
cljwcvfg5002w3n6lo9eg0k8w,12246,front,,Abnormal Gait,stroke,"{'top': 52.857142857142854, 'left': 261.85714285714283, 'height': 363.42857142857144, 'width': 162.28571428571433}","{'height': 480, 'width': 854, 'mime_type': 'video/mp4'}",FpXbeLZWFSw,https://www.youtube.com/watch?v=FpXbeLZWFSw
cljwcvfg5002w3n6lo9eg0k8w,12247,front,,Abnormal Gait,stroke,"{'top': 52.84285714285714, 'left': 261.64285714285717, 'height': 363.57142857142856, 'width': 162.3142857142857}","{'height': 480, 'width': 854, 'mime_type': 'video/mp4'}",FpXbeLZWFSw,https://www.youtube.com/watch?v=FpXbeLZWFSw
cljwcvfg5002w3n6lo9eg0k8w,12248,front,,Abnormal Gait,stroke,"{'top': 52.82857142857143, 'left': 261.42857142857144, 'height': 363.7142857142857, 'width': 162.3428571428571}","{'height': 480, 'width': 854, 'mime_type': 'video/mp4'}",FpXbeLZWFSw,https://www.youtube.com/watch?v=FpXbeLZWFSw
cljwcvfg5002w3n6lo9eg0k8w,12249,front,,Abnormal Gait,stroke,"{'top': 52.81428571428572, 'left': 261.2142857142857, 'height': 363.8571428571429, 'width': 162.37142857142857}","{'height': 480, 'width': 854, 'mime_type': 'video/mp4'}",FpXbeLZWFSw,https://www.youtube.com/watch?v=FpXbeLZWFSw
cljwcvfg5002w3n6lo9eg0k8w,12250,front,,Abnormal Gait,stroke,"{'top': 52.8, 'left': 261.0, 'height': 364.0, 'width': 162.39999999999998}","{'height': 480, 'width': 854, 'mime_type': 'video/mp4'}",FpXbeLZWFSw,https://www.youtube.com/watch?v=FpXbeLZWFSw
cljwcvfg5002w3n6lo9eg0k8w,12251,front,,Abnormal Gait,stroke,"{'top': 52.785714285714285, 'left': 260.7857142857143, 'height': 364.14285714285717, 'width': 162.42857142857144}","{'height': 480, 'width': 854, 'mime_type': 'video/mp4'}",FpXbeLZWFSw,https://www.youtube.com/watch?v=FpXbeLZWFSw
cljwcvfg5002w3n6lo9eg0k8w,12252,front,,Abnormal Gait,stroke,"{'top': 52.77142857142857, 'left': 260.57142857142856, 'height': 364.28571428571433, 'width': 162.45714285714286}","{'height': 480, 'width': 854, 'mime_type': 'video/mp4'}",FpXbeLZWFSw,https://www.youtube.com/watch?v=FpXbeLZWFSw
cljwcvfg5002w3n6lo9eg0k8w,12253,front,,Abnormal Gait,stroke,"{'top': 52.75714285714286, 'left': 260.35714285714283, 'height': 364.42857142857144, 'width': 162.48571428571432}","{'height': 480, 'width': 854, 'mime_type': 'video/mp4'}",FpXbeLZWFSw,https://www.youtube.com/watch?v=FpXbeLZWFSw
cljwcvfg5002w3n6lo9eg0k8w,12254,front,,Abnormal Gait,stroke,"{'top': 52.74285714285714, 'left': 260.14285714285717, 'height': 364.57142857142856, 'width': 162.51428571428568}","{'height': 480, 'width': 854, 'mime_type': 'video/mp4'}",FpXbeLZWFSw,https://www.youtube.com/watch?v=FpXbeLZWFSw
cljwcvfg5002w3n6lo9eg0k8w,12255,front,,Abnormal Gait,stroke,"{'top': 52.72857142857143, 'left': 259.92857142857144, 'height': 364.71428571428567, 'width': 162.54285714285714}","{'height': 480, 'width': 854, 'mime_type': 'video/mp4'}",FpXbeLZWFSw,https://www.youtube.com/watch?v=FpXbeLZWFSw
cljwcvfg5002w3n6lo9eg0k8w,12256,front,,Abnormal Gait,stroke,"{'top': 52.714285714285715, 'left': 259.7142857142857, 'height': 364.85714285714283, 'width': 162.57142857142856}","{'height': 480, 'width': 854, 'mime_type': 'video/mp4'}",FpXbeLZWFSw,https://www.youtube.com/watch?v=FpXbeLZWFSw
cljwcvfg5002w3n6lo9eg0k8w,12257,front,,Abnormal Gait,stroke,"{'top': 52.7, 'left': 259.5, 'height': 365.0, 'width': 162.60000000000002}","{'height': 480, 'width': 854, 'mime_type': 'video/mp4'}",FpXbeLZWFSw,https://www.youtube.com/watch?v=FpXbeLZWFSw
cljwcvfg5002w3n6lo9eg0k8w,12258,front,,Abnormal Gait,stroke,"{'top': 52.68571428571428, 'left': 259.2857142857143, 'height': 365.1428571428571, 'width': 162.62857142857143}","{'height': 480, 'width': 854, 'mime_type': 'video/mp4'}",FpXbeLZWFSw,https://www.youtube.com/watch?v=FpXbeLZWFSw
cljwcvfg5002w3n6lo9eg0k8w,12259,front,,Abnormal Gait,stroke,"{'top': 52.67142857142857, 'left': 259.07142857142856, 'height': 365.2857142857143, 'width': 162.6571428571429}","{'height': 480, 'width': 854, 'mime_type': 'video/mp4'}",FpXbeLZWFSw,https://www.youtube.com/watch?v=FpXbeLZWFSw
cljwcvfg5002w3n6lo9eg0k8w,12260,front,,Abnormal Gait,stroke,"{'top': 52.65714285714286, 'left': 258.85714285714283, 'height': 365.42857142857144, 'width': 162.6857142857143}","{'height': 480, 'width': 854, 'mime_type': 'video/mp4'}",FpXbeLZWFSw,https://www.youtube.com/watch?v=FpXbeLZWFSw
cljwcvfg5002w3n6lo9eg0k8w,12261,front,,Abnormal Gait,stroke,"{'top': 52.642857142857146, 'left': 258.64285714285717, 'height': 365.57142857142856, 'width': 162.71428571428567}","{'height': 480, 'width': 854, 'mime_type': 'video/mp4'}",FpXbeLZWFSw,https://www.youtube.com/watch?v=FpXbeLZWFSw
cljwcvfg5002w3n6lo9eg0k8w,12262,front,,Abnormal Gait,stroke,"{'top': 52.628571428571426, 'left': 258.42857142857144, 'height': 365.7142857142857, 'width': 162.74285714285713}","{'height': 480, 'width': 854, 'mime_type': 'video/mp4'}",FpXbeLZWFSw,https://www.youtube.com/watch?v=FpXbeLZWFSw
cljwcvfg5002w3n6lo9eg0k8w,12263,front,,Abnormal Gait,stroke,"{'top': 52.614285714285714, 'left': 258.2142857142857, 'height': 365.8571428571429, 'width': 162.77142857142854}","{'height': 480, 'width': 854, 'mime_type': 'video/mp4'}",FpXbeLZWFSw,https://www.youtube.com/watch?v=FpXbeLZWFSw
cljwcvfg5002w3n6lo9eg0k8w,12264,front,,Abnormal Gait,stroke,"{'top': 52.6, 'left': 258.0, 'height': 366.0, 'width': 162.8}","{'height': 480, 'width': 854, 'mime_type': 'video/mp4'}",FpXbeLZWFSw,https://www.youtube.com/watch?v=FpXbeLZWFSw
cljwcvfg5002w3n6lo9eg0k8w,12265,front,,Abnormal Gait,stroke,"{'top': 52.58571428571429, 'left': 257.7857142857143, 'height': 366.14285714285717, 'width': 162.82857142857142}","{'height': 480, 'width': 854, 'mime_type': 'video/mp4'}",FpXbeLZWFSw,https://www.youtube.com/watch?v=FpXbeLZWFSw
cljwcvfg5002w3n6lo9eg0k8w,12266,front,,Abnormal Gait,stroke,"{'top': 52.57142857142857, 'left': 257.57142857142856, 'height': 366.2857142857143, 'width': 162.8571428571429}","{'height': 480, 'width': 854, 'mime_type': 'video/mp4'}",FpXbeLZWFSw,https://www.youtube.com/watch?v=FpXbeLZWFSw
cljwcvfg5002w3n6lo9eg0k8w,12267,front,,Abnormal Gait,stroke,"{'top': 52.55714285714286, 'left': 257.35714285714283, 'height': 366.4285714285714, 'width': 162.8857142857143}","{'height': 480, 'width': 854, 'mime_type': 'video/mp4'}",FpXbeLZWFSw,https://www.youtube.com/watch?v=FpXbeLZWFSw
cljwcvfg5002w3n6lo9eg0k8w,12268,front,,Abnormal Gait,stroke,"{'top': 52.542857142857144, 'left': 257.14285714285717, 'height': 366.57142857142856, 'width': 162.9142857142857}","{'height': 480, 'width': 854, 'mime_type': 'video/mp4'}",FpXbeLZWFSw,https://www.youtube.com/watch?v=FpXbeLZWFSw
cljwcvfg5002w3n6lo9eg0k8w,12269,front,,Abnormal Gait,stroke,"{'top': 52.52857142857143, 'left': 256.92857142857144, 'height': 366.7142857142857, 'width': 162.94285714285712}","{'height': 480, 'width': 854, 'mime_type': 'video/mp4'}",FpXbeLZWFSw,https://www.youtube.com/watch?v=FpXbeLZWFSw
cljwcvfg5002w3n6lo9eg0k8w,12270,front,,Abnormal Gait,stroke,"{'top': 52.51428571428571, 'left': 256.7142857142857, 'height': 366.85714285714283, 'width': 162.9714285714286}","{'height': 480, 'width': 854, 'mime_type': 'video/mp4'}",FpXbeLZWFSw,https://www.youtube.com/watch?v=FpXbeLZWFSw
cljwcvfg5002w3n6lo9eg0k8w,12271,front,,Abnormal Gait,stroke,"{'top': 52.5, 'left': 256.5, 'height': 367.0, 'width': 163.0}","{'height': 480, 'width': 854, 'mime_type': 'video/mp4'}",FpXbeLZWFSw,https://www.youtube.com/watch?v=FpXbeLZWFSw
cljwcvfg5002w3n6lo9eg0k8w,12272,front,,Abnormal Gait,stroke,"{'top': 52.48571428571429, 'left': 256.2857142857143, 'height': 367.14285714285717, 'width': 163.0285714285714}","{'height': 480, 'width': 854, 'mime_type': 'video/mp4'}",FpXbeLZWFSw,https://www.youtube.com/watch?v=FpXbeLZWFSw
cljwcvfg5002w3n6lo9eg0k8w,12273,front,,Abnormal Gait,stroke,"{'top': 52.47142857142857, 'left': 256.07142857142856, 'height': 367.2857142857143, 'width': 163.05714285714288}","{'height': 480, 'width': 854, 'mime_type': 'video/mp4'}",FpXbeLZWFSw,https://www.youtube.com/watch?v=FpXbeLZWFSw
cljwcvfg5002w3n6lo9eg0k8w,12274,front,,Abnormal Gait,stroke,"{'top': 52.457142857142856, 'left': 255.85714285714286, 'height': 367.42857142857144, 'width': 163.08571428571426}","{'height': 480, 'width': 854, 'mime_type': 'video/mp4'}",FpXbeLZWFSw,https://www.youtube.com/watch?v=FpXbeLZWFSw
cljwcvfg5002w3n6lo9eg0k8w,12275,front,,Abnormal Gait,stroke,"{'top': 52.44285714285714, 'left': 255.64285714285714, 'height': 367.5714285714286, 'width': 163.11428571428573}","{'height': 480, 'width': 854, 'mime_type': 'video/mp4'}",FpXbeLZWFSw,https://www.youtube.com/watch?v=FpXbeLZWFSw
cljwcvfg5002w3n6lo9eg0k8w,12276,front,,Abnormal Gait,stroke,"{'top': 52.42857142857143, 'left': 255.42857142857142, 'height': 367.7142857142857, 'width': 163.14285714285714}","{'height': 480, 'width': 854, 'mime_type': 'video/mp4'}",FpXbeLZWFSw,https://www.youtube.com/watch?v=FpXbeLZWFSw
cljwcvfg5002w3n6lo9eg0k8w,12277,front,,Abnormal Gait,stroke,"{'top': 52.41428571428571, 'left': 255.21428571428572, 'height': 367.85714285714283, 'width': 163.17142857142858}","{'height': 480, 'width': 854, 'mime_type': 'video/mp4'}",FpXbeLZWFSw,https://www.youtube.com/watch?v=FpXbeLZWFSw
cljwcvfg5002w3n6lo9eg0k8w,12278,front,,Abnormal Gait,stroke,"{'top': 52.4, 'left': 255.0, 'height': 368.0, 'width': 163.2}","{'height': 480, 'width': 854, 'mime_type': 'video/mp4'}",FpXbeLZWFSw,https://www.youtube.com/watch?v=FpXbeLZWFSw
cljwcvfg5002w3n6lo9eg0k8w,12279,front,,Abnormal Gait,stroke,"{'top': 52.385714285714286, 'left': 254.78571428571428, 'height': 368.1428571428571, 'width': 163.22857142857146}","{'height': 480, 'width': 854, 'mime_type': 'video/mp4'}",FpXbeLZWFSw,https://www.youtube.com/watch?v=FpXbeLZWFSw
cljwcvfg5002w3n6lo9eg0k8w,12280,front,,Abnormal Gait,stroke,"{'top': 52.371428571428574, 'left': 254.57142857142858, 'height': 368.2857142857143, 'width': 163.25714285714284}","{'height': 480, 'width': 854, 'mime_type': 'video/mp4'}",FpXbeLZWFSw,https://www.youtube.com/watch?v=FpXbeLZWFSw
cljwcvfg5002w3n6lo9eg0k8w,12281,front,,Abnormal Gait,stroke,"{'top': 52.357142857142854, 'left': 254.35714285714286, 'height': 368.42857142857144, 'width': 163.2857142857143}","{'height': 480, 'width': 854, 'mime_type': 'video/mp4'}",FpXbeLZWFSw,https://www.youtube.com/watch?v=FpXbeLZWFSw
cljwcvfg5002w3n6lo9eg0k8w,12282,front,,Abnormal Gait,stroke,"{'top': 52.34285714285714, 'left': 254.14285714285714, 'height': 368.57142857142856, 'width': 163.31428571428572}","{'height': 480, 'width': 854, 'mime_type': 'video/mp4'}",FpXbeLZWFSw,https://www.youtube.com/watch?v=FpXbeLZWFSw
cljwcvfg5002w3n6lo9eg0k8w,12283,front,,Abnormal Gait,stroke,"{'top': 52.32857142857143, 'left': 253.92857142857142, 'height': 368.7142857142857, 'width': 163.34285714285718}","{'height': 480, 'width': 854, 'mime_type': 'video/mp4'}",FpXbeLZWFSw,https://www.youtube.com/watch?v=FpXbeLZWFSw
cljwcvfg5002w3n6lo9eg0k8w,12284,front,,Abnormal Gait,stroke,"{'top': 52.31428571428572, 'left': 253.71428571428572, 'height': 368.8571428571429, 'width': 163.37142857142857}","{'height': 480, 'width': 854, 'mime_type': 'video/mp4'}",FpXbeLZWFSw,https://www.youtube.com/watch?v=FpXbeLZWFSw
cljwcvfg5002w3n6lo9eg0k8w,12285,front,,Abnormal Gait,stroke,"{'top': 52.3, 'left': 253.5, 'height': 369.0, 'width': 163.39999999999998}","{'height': 480, 'width': 854, 'mime_type': 'video/mp4'}",FpXbeLZWFSw,https://www.youtube.com/watch?v=FpXbeLZWFSw
cljwcvfg5002w3n6lo9eg0k8w,12286,front,,Abnormal Gait,stroke,"{'top': 52.285714285714285, 'left': 253.28571428571428, 'height': 369.14285714285717, 'width': 163.42857142857144}","{'height': 480, 'width': 854, 'mime_type': 'video/mp4'}",FpXbeLZWFSw,https://www.youtube.com/watch?v=FpXbeLZWFSw
cljwcvfg5002w3n6lo9eg0k8w,12287,front,,Abnormal Gait,stroke,"{'top': 52.27142857142857, 'left': 253.07142857142858, 'height': 369.28571428571433, 'width': 163.45714285714283}","{'height': 480, 'width': 854, 'mime_type': 'video/mp4'}",FpXbeLZWFSw,https://www.youtube.com/watch?v=FpXbeLZWFSw
cljwcvfg5002w3n6lo9eg0k8w,12288,front,,Abnormal Gait,stroke,"{'top': 52.25714285714286, 'left': 252.85714285714286, 'height': 369.42857142857144, 'width': 163.4857142857143}","{'height': 480, 'width': 854, 'mime_type': 'video/mp4'}",FpXbeLZWFSw,https://www.youtube.com/watch?v=FpXbeLZWFSw
cljwcvfg5002w3n6lo9eg0k8w,12289,front,,Abnormal Gait,stroke,"{'top': 52.24285714285714, 'left': 252.64285714285714, 'height': 369.57142857142856, 'width': 163.5142857142857}","{'height': 480, 'width': 854, 'mime_type': 'video/mp4'}",FpXbeLZWFSw,https://www.youtube.com/watch?v=FpXbeLZWFSw
cljwcvfg5002w3n6lo9eg0k8w,12290,front,,Abnormal Gait,stroke,"{'top': 52.22857142857143, 'left': 252.42857142857142, 'height': 369.71428571428567, 'width': 163.54285714285717}","{'height': 480, 'width': 854, 'mime_type': 'video/mp4'}",FpXbeLZWFSw,https://www.youtube.com/watch?v=FpXbeLZWFSw
cljwcvfg5002w3n6lo9eg0k8w,12291,front,,Abnormal Gait,stroke,"{'top': 52.214285714285715, 'left': 252.21428571428572, 'height': 369.85714285714283, 'width': 163.57142857142856}","{'height': 480, 'width': 854, 'mime_type': 'video/mp4'}",FpXbeLZWFSw,https://www.youtube.com/watch?v=FpXbeLZWFSw
cljwcvfg5002w3n6lo9eg0k8w,12292,front,,Abnormal Gait,stroke,"{'top': 52.2, 'left': 252.0, 'height': 370.0, 'width': 163.60000000000002}","{'height': 480, 'width': 854, 'mime_type': 'video/mp4'}",FpXbeLZWFSw,https://www.youtube.com/watch?v=FpXbeLZWFSw
cljwcvfg5002w3n6lo9eg0k8w,12293,front,,Abnormal Gait,stroke,"{'top': 52.18571428571428, 'left': 251.78571428571428, 'height': 370.1428571428571, 'width': 163.62857142857143}","{'height': 480, 'width': 854, 'mime_type': 'video/mp4'}",FpXbeLZWFSw,https://www.youtube.com/watch?v=FpXbeLZWFSw
cljwcvfg5002w3n6lo9eg0k8w,12294,front,,Abnormal Gait,stroke,"{'top': 52.17142857142857, 'left': 251.57142857142858, 'height': 370.2857142857143, 'width': 163.65714285714282}","{'height': 480, 'width': 854, 'mime_type': 'video/mp4'}",FpXbeLZWFSw,https://www.youtube.com/watch?v=FpXbeLZWFSw
cljwcvfg5002w3n6lo9eg0k8w,12295,front,,Abnormal Gait,stroke,"{'top': 52.15714285714286, 'left': 251.35714285714286, 'height': 370.42857142857144, 'width': 163.68571428571428}","{'height': 480, 'width': 854, 'mime_type': 'video/mp4'}",FpXbeLZWFSw,https://www.youtube.com/watch?v=FpXbeLZWFSw
cljwcvfg5002w3n6lo9eg0k8w,12296,front,,Abnormal Gait,stroke,"{'top': 52.142857142857146, 'left': 251.14285714285714, 'height': 370.57142857142856, 'width': 163.7142857142857}","{'height': 480, 'width': 854, 'mime_type': 'video/mp4'}",FpXbeLZWFSw,https://www.youtube.com/watch?v=FpXbeLZWFSw
cljwcvfg5002w3n6lo9eg0k8w,12297,front,,Abnormal Gait,stroke,"{'top': 52.128571428571426, 'left': 250.92857142857142, 'height': 370.7142857142857, 'width': 163.74285714285716}","{'height': 480, 'width': 854, 'mime_type': 'video/mp4'}",FpXbeLZWFSw,https://www.youtube.com/watch?v=FpXbeLZWFSw
cljwcvfg5002w3n6lo9eg0k8w,12298,front,,Abnormal Gait,stroke,"{'top': 52.114285714285714, 'left': 250.71428571428572, 'height': 370.8571428571429, 'width': 163.77142857142854}","{'height': 480, 'width': 854, 'mime_type': 'video/mp4'}",FpXbeLZWFSw,https://www.youtube.com/watch?v=FpXbeLZWFSw
cljwcvfg5002w3n6lo9eg0k8w,12299,front,,Abnormal Gait,stroke,"{'top': 52.1, 'left': 250.5, 'height': 371.0, 'width': 163.8}","{'height': 480, 'width': 854, 'mime_type': 'video/mp4'}",FpXbeLZWFSw,https://www.youtube.com/watch?v=FpXbeLZWFSw
cljwcvfg5002w3n6lo9eg0k8w,12300,front,,Abnormal Gait,stroke,"{'top': 52.08571428571429, 'left': 250.28571428571428, 'height': 371.1428571428571, 'width': 163.82857142857142}","{'height': 480, 'width': 854, 'mime_type': 'video/mp4'}",FpXbeLZWFSw,https://www.youtube.com/watch?v=FpXbeLZWFSw
cljwcvfg5002w3n6lo9eg0k8w,12301,front,,Abnormal Gait,stroke,"{'top': 52.07142857142857, 'left': 250.07142857142858, 'height': 371.2857142857143, 'width': 163.85714285714286}","{'height': 480, 'width': 854, 'mime_type': 'video/mp4'}",FpXbeLZWFSw,https://www.youtube.com/watch?v=FpXbeLZWFSw
cljwcvfg5002w3n6lo9eg0k8w,12302,front,,Abnormal Gait,stroke,"{'top': 52.05714285714286, 'left': 249.85714285714286, 'height': 371.4285714285714, 'width': 163.88571428571427}","{'height': 480, 'width': 854, 'mime_type': 'video/mp4'}",FpXbeLZWFSw,https://www.youtube.com/watch?v=FpXbeLZWFSw
cljwcvfg5002w3n6lo9eg0k8w,12303,front,,Abnormal Gait,stroke,"{'top': 52.042857142857144, 'left': 249.64285714285714, 'height': 371.57142857142856, 'width': 163.91428571428574}","{'height': 480, 'width': 854, 'mime_type': 'video/mp4'}",FpXbeLZWFSw,https://www.youtube.com/watch?v=FpXbeLZWFSw
cljwcvfg5002w3n6lo9eg0k8w,12304,front,,Abnormal Gait,stroke,"{'top': 52.02857142857143, 'left': 249.42857142857142, 'height': 371.7142857142857, 'width': 163.94285714285715}","{'height': 480, 'width': 854, 'mime_type': 'video/mp4'}",FpXbeLZWFSw,https://www.youtube.com/watch?v=FpXbeLZWFSw
cljwcvfg5002w3n6lo9eg0k8w,12305,front,,Abnormal Gait,stroke,"{'top': 52.01428571428571, 'left': 249.21428571428572, 'height': 371.85714285714283, 'width': 163.9714285714286}","{'height': 480, 'width': 854, 'mime_type': 'video/mp4'}",FpXbeLZWFSw,https://www.youtube.com/watch?v=FpXbeLZWFSw
cljwcvfg5002w3n6lo9eg0k8w,12306,front,,Abnormal Gait,stroke,"{'top': 52.0, 'left': 249.0, 'height': 372.0, 'width': 164.0}","{'height': 480, 'width': 854, 'mime_type': 'video/mp4'}",FpXbeLZWFSw,https://www.youtube.com/watch?v=FpXbeLZWFSw
cljwcvfg5002w3n6lo9eg0k8w,12307,front,,Abnormal Gait,stroke,"{'top': 51.98571428571429, 'left': 248.78571428571428, 'height': 372.0571428571429, 'width': 164.0857142857143}","{'height': 480, 'width': 854, 'mime_type': 'video/mp4'}",FpXbeLZWFSw,https://www.youtube.com/watch?v=FpXbeLZWFSw
cljwcvfg5002w3n6lo9eg0k8w,12308,front,,Abnormal Gait,stroke,"{'top': 51.97142857142857, 'left': 248.57142857142858, 'height': 372.1142857142857, 'width': 164.17142857142855}","{'height': 480, 'width': 854, 'mime_type': 'video/mp4'}",FpXbeLZWFSw,https://www.youtube.com/watch?v=FpXbeLZWFSw
cljwcvfg5002w3n6lo9eg0k8w,12309,front,,Abnormal Gait,stroke,"{'top': 51.957142857142856, 'left': 248.35714285714286, 'height': 372.1714285714286, 'width': 164.25714285714284}","{'height': 480, 'width': 854, 'mime_type': 'video/mp4'}",FpXbeLZWFSw,https://www.youtube.com/watch?v=FpXbeLZWFSw
cljwcvfg5002w3n6lo9eg0k8w,12310,front,,Abnormal Gait,stroke,"{'top': 51.94285714285714, 'left': 248.14285714285714, 'height': 372.22857142857146, 'width': 164.34285714285713}","{'height': 480, 'width': 854, 'mime_type': 'video/mp4'}",FpXbeLZWFSw,https://www.youtube.com/watch?v=FpXbeLZWFSw
cljwcvfg5002w3n6lo9eg0k8w,12311,front,,Abnormal Gait,stroke,"{'top': 51.92857142857143, 'left': 247.92857142857142, 'height': 372.2857142857143, 'width': 164.42857142857142}","{'height': 480, 'width': 854, 'mime_type': 'video/mp4'}",FpXbeLZWFSw,https://www.youtube.com/watch?v=FpXbeLZWFSw
cljwcvfg5002w3n6lo9eg0k8w,12312,front,,Abnormal Gait,stroke,"{'top': 51.91428571428571, 'left': 247.71428571428572, 'height': 372.34285714285716, 'width': 164.51428571428573}","{'height': 480, 'width': 854, 'mime_type': 'video/mp4'}",FpXbeLZWFSw,https://www.youtube.com/watch?v=FpXbeLZWFSw
cljwcvfg5002w3n6lo9eg0k8w,12313,front,,Abnormal Gait,stroke,"{'top': 51.9, 'left': 247.5, 'height': 372.40000000000003, 'width': 164.60000000000002}","{'height': 480, 'width': 854, 'mime_type': 'video/mp4'}",FpXbeLZWFSw,https://www.youtube.com/watch?v=FpXbeLZWFSw
cljwcvfg5002w3n6lo9eg0k8w,12314,front,,Abnormal Gait,stroke,"{'top': 51.885714285714286, 'left': 247.28571428571428, 'height': 372.45714285714286, 'width': 164.6857142857143}","{'height': 480, 'width': 854, 'mime_type': 'video/mp4'}",FpXbeLZWFSw,https://www.youtube.com/watch?v=FpXbeLZWFSw
cljwcvfg5002w3n6lo9eg0k8w,12315,front,,Abnormal Gait,stroke,"{'top': 51.871428571428574, 'left': 247.07142857142858, 'height': 372.51428571428573, 'width': 164.77142857142857}","{'height': 480, 'width': 854, 'mime_type': 'video/mp4'}",FpXbeLZWFSw,https://www.youtube.com/watch?v=FpXbeLZWFSw
cljwcvfg5002w3n6lo9eg0k8w,12316,front,,Abnormal Gait,stroke,"{'top': 51.857142857142854, 'left': 246.85714285714286, 'height': 372.5714285714286, 'width': 164.85714285714286}","{'height': 480, 'width': 854, 'mime_type': 'video/mp4'}",FpXbeLZWFSw,https://www.youtube.com/watch?v=FpXbeLZWFSw
cljwcvfg5002w3n6lo9eg0k8w,12317,front,,Abnormal Gait,stroke,"{'top': 51.84285714285714, 'left': 246.64285714285714, 'height': 372.62857142857143, 'width': 164.94285714285715}","{'height': 480, 'width': 854, 'mime_type': 'video/mp4'}",FpXbeLZWFSw,https://www.youtube.com/watch?v=FpXbeLZWFSw
cljwcvfg5002w3n6lo9eg0k8w,12318,front,,Abnormal Gait,stroke,"{'top': 51.82857142857143, 'left': 246.42857142857142, 'height': 372.6857142857143, 'width': 165.02857142857144}","{'height': 480, 'width': 854, 'mime_type': 'video/mp4'}",FpXbeLZWFSw,https://www.youtube.com/watch?v=FpXbeLZWFSw
cljwcvfg5002w3n6lo9eg0k8w,12319,front,,Abnormal Gait,stroke,"{'top': 51.81428571428572, 'left': 246.21428571428572, 'height': 372.74285714285713, 'width': 165.1142857142857}","{'height': 480, 'width': 854, 'mime_type': 'video/mp4'}",FpXbeLZWFSw,https://www.youtube.com/watch?v=FpXbeLZWFSw
cljwcvfg5002w3n6lo9eg0k8w,12320,front,,Abnormal Gait,stroke,"{'top': 51.8, 'left': 246.0, 'height': 372.8, 'width': 165.2}","{'height': 480, 'width': 854, 'mime_type': 'video/mp4'}",FpXbeLZWFSw,https://www.youtube.com/watch?v=FpXbeLZWFSw
cljwcvfg5002w3n6lo9eg0k8w,12321,front,,Abnormal Gait,stroke,"{'top': 51.785714285714285, 'left': 245.78571428571428, 'height': 372.8571428571429, 'width': 165.28571428571428}","{'height': 480, 'width': 854, 'mime_type': 'video/mp4'}",FpXbeLZWFSw,https://www.youtube.com/watch?v=FpXbeLZWFSw
cljwcvfg5002w3n6lo9eg0k8w,12322,front,,Abnormal Gait,stroke,"{'top': 51.77142857142857, 'left': 245.57142857142858, 'height': 372.9142857142857, 'width': 165.37142857142854}","{'height': 480, 'width': 854, 'mime_type': 'video/mp4'}",FpXbeLZWFSw,https://www.youtube.com/watch?v=FpXbeLZWFSw
cljwcvfg5002w3n6lo9eg0k8w,12323,front,,Abnormal Gait,stroke,"{'top': 51.75714285714286, 'left': 245.35714285714286, 'height': 372.9714285714286, 'width': 165.45714285714283}","{'height': 480, 'width': 854, 'mime_type': 'video/mp4'}",FpXbeLZWFSw,https://www.youtube.com/watch?v=FpXbeLZWFSw
cljwcvfg5002w3n6lo9eg0k8w,12324,front,,Abnormal Gait,stroke,"{'top': 51.74285714285714, 'left': 245.14285714285714, 'height': 373.0285714285714, 'width': 165.54285714285717}","{'height': 480, 'width': 854, 'mime_type': 'video/mp4'}",FpXbeLZWFSw,https://www.youtube.com/watch?v=FpXbeLZWFSw
cljwcvfg5002w3n6lo9eg0k8w,12325,front,,Abnormal Gait,stroke,"{'top': 51.72857142857143, 'left': 244.92857142857142, 'height': 373.0857142857143, 'width': 165.62857142857146}","{'height': 480, 'width': 854, 'mime_type': 'video/mp4'}",FpXbeLZWFSw,https://www.youtube.com/watch?v=FpXbeLZWFSw
cljwcvfg5002w3n6lo9eg0k8w,12326,front,,Abnormal Gait,stroke,"{'top': 51.714285714285715, 'left': 244.71428571428572, 'height': 373.1428571428571, 'width': 165.71428571428572}","{'height': 480, 'width': 854, 'mime_type': 'video/mp4'}",FpXbeLZWFSw,https://www.youtube.com/watch?v=FpXbeLZWFSw
cljwcvfg5002w3n6lo9eg0k8w,12327,front,,Abnormal Gait,stroke,"{'top': 51.7, 'left': 244.5, 'height': 373.2, 'width': 165.8}","{'height': 480, 'width': 854, 'mime_type': 'video/mp4'}",FpXbeLZWFSw,https://www.youtube.com/watch?v=FpXbeLZWFSw
cljwcvfg5002w3n6lo9eg0k8w,12328,front,,Abnormal Gait,stroke,"{'top': 51.68571428571428, 'left': 244.28571428571428, 'height': 373.25714285714287, 'width': 165.8857142857143}","{'height': 480, 'width': 854, 'mime_type': 'video/mp4'}",FpXbeLZWFSw,https://www.youtube.com/watch?v=FpXbeLZWFSw
cljwcvfg5002w3n6lo9eg0k8w,12329,front,,Abnormal Gait,stroke,"{'top': 51.67142857142857, 'left': 244.07142857142858, 'height': 373.3142857142857, 'width': 165.97142857142856}","{'height': 480, 'width': 854, 'mime_type': 'video/mp4'}",FpXbeLZWFSw,https://www.youtube.com/watch?v=FpXbeLZWFSw
cljwcvfg5002w3n6lo9eg0k8w,12330,front,,Abnormal Gait,stroke,"{'top': 51.65714285714286, 'left': 243.85714285714286, 'height': 373.37142857142857, 'width': 166.05714285714285}","{'height': 480, 'width': 854, 'mime_type': 'video/mp4'}",FpXbeLZWFSw,https://www.youtube.com/watch?v=FpXbeLZWFSw
cljwcvfg5002w3n6lo9eg0k8w,12331,front,,Abnormal Gait,stroke,"{'top': 51.642857142857146, 'left': 243.64285714285714, 'height': 373.4285714285714, 'width': 166.14285714285714}","{'height': 480, 'width': 854, 'mime_type': 'video/mp4'}",FpXbeLZWFSw,https://www.youtube.com/watch?v=FpXbeLZWFSw
cljwcvfg5002w3n6lo9eg0k8w,12332,front,,Abnormal Gait,stroke,"{'top': 51.628571428571426, 'left': 243.42857142857142, 'height': 373.48571428571427, 'width': 166.22857142857143}","{'height': 480, 'width': 854, 'mime_type': 'video/mp4'}",FpXbeLZWFSw,https://www.youtube.com/watch?v=FpXbeLZWFSw
cljwcvfg5002w3n6lo9eg0k8w,12333,front,,Abnormal Gait,stroke,"{'top': 51.614285714285714, 'left': 243.21428571428572, 'height': 373.54285714285714, 'width': 166.3142857142857}","{'height': 480, 'width': 854, 'mime_type': 'video/mp4'}",FpXbeLZWFSw,https://www.youtube.com/watch?v=FpXbeLZWFSw
cljwcvfg5002w3n6lo9eg0k8w,12334,front,,Abnormal Gait,stroke,"{'top': 51.6, 'left': 243.0, 'height': 373.59999999999997, 'width': 166.39999999999998}","{'height': 480, 'width': 854, 'mime_type': 'video/mp4'}",FpXbeLZWFSw,https://www.youtube.com/watch?v=FpXbeLZWFSw
cljwcvfg5002w3n6lo9eg0k8w,12335,front,,Abnormal Gait,stroke,"{'top': 51.58571428571429, 'left': 242.78571428571428, 'height': 373.65714285714284, 'width': 166.48571428571427}","{'height': 480, 'width': 854, 'mime_type': 'video/mp4'}",FpXbeLZWFSw,https://www.youtube.com/watch?v=FpXbeLZWFSw
cljwcvfg5002w3n6lo9eg0k8w,12336,front,,Abnormal Gait,stroke,"{'top': 51.57142857142857, 'left': 242.57142857142858, 'height': 373.7142857142857, 'width': 166.57142857142858}","{'height': 480, 'width': 854, 'mime_type': 'video/mp4'}",FpXbeLZWFSw,https://www.youtube.com/watch?v=FpXbeLZWFSw
cljwcvfg5002w3n6lo9eg0k8w,12337,front,,Abnormal Gait,stroke,"{'top': 51.55714285714286, 'left': 242.35714285714286, 'height': 373.77142857142854, 'width': 166.65714285714287}","{'height': 480, 'width': 854, 'mime_type': 'video/mp4'}",FpXbeLZWFSw,https://www.youtube.com/watch?v=FpXbeLZWFSw
cljwcvfg5002w3n6lo9eg0k8w,12338,front,,Abnormal Gait,stroke,"{'top': 51.542857142857144, 'left': 242.14285714285714, 'height': 373.8285714285714, 'width': 166.74285714285716}","{'height': 480, 'width': 854, 'mime_type': 'video/mp4'}",FpXbeLZWFSw,https://www.youtube.com/watch?v=FpXbeLZWFSw
cljwcvfg5002w3n6lo9eg0k8w,12339,front,,Abnormal Gait,stroke,"{'top': 51.52857142857143, 'left': 241.92857142857142, 'height': 373.8857142857143, 'width': 166.82857142857145}","{'height': 480, 'width': 854, 'mime_type': 'video/mp4'}",FpXbeLZWFSw,https://www.youtube.com/watch?v=FpXbeLZWFSw
cljwcvfg5002w3n6lo9eg0k8w,12340,front,,Abnormal Gait,stroke,"{'top': 51.51428571428571, 'left': 241.71428571428572, 'height': 373.9428571428571, 'width': 166.9142857142857}","{'height': 480, 'width': 854, 'mime_type': 'video/mp4'}",FpXbeLZWFSw,https://www.youtube.com/watch?v=FpXbeLZWFSw
cljwcvfg5002w3n6lo9eg0k8w,12341,front,,Abnormal Gait,stroke,"{'top': 51.5, 'left': 241.5, 'height': 374.0, 'width': 167.0}","{'height': 480, 'width': 854, 'mime_type': 'video/mp4'}",FpXbeLZWFSw,https://www.youtube.com/watch?v=FpXbeLZWFSw
cljwcvfg5002w3n6lo9eg0k8w,12342,front,,Abnormal Gait,stroke,"{'top': 51.48571428571429, 'left': 241.28571428571428, 'height': 374.0571428571429, 'width': 167.0857142857143}","{'height': 480, 'width': 854, 'mime_type': 'video/mp4'}",FpXbeLZWFSw,https://www.youtube.com/watch?v=FpXbeLZWFSw
cljwcvfg5002w3n6lo9eg0k8w,12343,front,,Abnormal Gait,stroke,"{'top': 51.47142857142857, 'left': 241.07142857142858, 'height': 374.1142857142857, 'width': 167.17142857142855}","{'height': 480, 'width': 854, 'mime_type': 'video/mp4'}",FpXbeLZWFSw,https://www.youtube.com/watch?v=FpXbeLZWFSw
cljwcvfg5002w3n6lo9eg0k8w,12344,front,,Abnormal Gait,stroke,"{'top': 51.457142857142856, 'left': 240.85714285714286, 'height': 374.1714285714286, 'width': 167.25714285714284}","{'height': 480, 'width': 854, 'mime_type': 'video/mp4'}",FpXbeLZWFSw,https://www.youtube.com/watch?v=FpXbeLZWFSw
cljwcvfg5002w3n6lo9eg0k8w,12345,front,,Abnormal Gait,stroke,"{'top': 51.44285714285714, 'left': 240.64285714285714, 'height': 374.22857142857146, 'width': 167.34285714285713}","{'height': 480, 'width': 854, 'mime_type': 'video/mp4'}",FpXbeLZWFSw,https://www.youtube.com/watch?v=FpXbeLZWFSw
cljwcvfg5002w3n6lo9eg0k8w,12346,front,,Abnormal Gait,stroke,"{'top': 51.42857142857143, 'left': 240.42857142857142, 'height': 374.2857142857143, 'width': 167.42857142857142}","{'height': 480, 'width': 854, 'mime_type': 'video/mp4'}",FpXbeLZWFSw,https://www.youtube.com/watch?v=FpXbeLZWFSw
cljwcvfg5002w3n6lo9eg0k8w,12347,front,,Abnormal Gait,stroke,"{'top': 51.41428571428571, 'left': 240.21428571428572, 'height': 374.34285714285716, 'width': 167.51428571428573}","{'height': 480, 'width': 854, 'mime_type': 'video/mp4'}",FpXbeLZWFSw,https://www.youtube.com/watch?v=FpXbeLZWFSw
cljwcvfg5002w3n6lo9eg0k8w,12348,front,,Abnormal Gait,stroke,"{'top': 51.4, 'left': 240.0, 'height': 374.40000000000003, 'width': 167.60000000000002}","{'height': 480, 'width': 854, 'mime_type': 'video/mp4'}",FpXbeLZWFSw,https://www.youtube.com/watch?v=FpXbeLZWFSw
cljwcvfg5002w3n6lo9eg0k8w,12349,front,,Abnormal Gait,stroke,"{'top': 51.385714285714286, 'left': 239.78571428571428, 'height': 374.45714285714286, 'width': 167.6857142857143}","{'height': 480, 'width': 854, 'mime_type': 'video/mp4'}",FpXbeLZWFSw,https://www.youtube.com/watch?v=FpXbeLZWFSw
cljwcvfg5002w3n6lo9eg0k8w,12350,front,,Abnormal Gait,stroke,"{'top': 51.371428571428574, 'left': 239.57142857142858, 'height': 374.51428571428573, 'width': 167.77142857142857}","{'height': 480, 'width': 854, 'mime_type': 'video/mp4'}",FpXbeLZWFSw,https://www.youtube.com/watch?v=FpXbeLZWFSw
cljwcvfg5002w3n6lo9eg0k8w,12351,front,,Abnormal Gait,stroke,"{'top': 51.357142857142854, 'left': 239.35714285714286, 'height': 374.5714285714286, 'width': 167.85714285714286}","{'height': 480, 'width': 854, 'mime_type': 'video/mp4'}",FpXbeLZWFSw,https://www.youtube.com/watch?v=FpXbeLZWFSw
cljwcvfg5002w3n6lo9eg0k8w,12352,front,,Abnormal Gait,stroke,"{'top': 51.34285714285714, 'left': 239.14285714285714, 'height': 374.62857142857143, 'width': 167.94285714285715}","{'height': 480, 'width': 854, 'mime_type': 'video/mp4'}",FpXbeLZWFSw,https://www.youtube.com/watch?v=FpXbeLZWFSw
cljwcvfg5002w3n6lo9eg0k8w,12353,front,,Abnormal Gait,stroke,"{'top': 51.32857142857143, 'left': 238.92857142857142, 'height': 374.6857142857143, 'width': 168.02857142857144}","{'height': 480, 'width': 854, 'mime_type': 'video/mp4'}",FpXbeLZWFSw,https://www.youtube.com/watch?v=FpXbeLZWFSw
cljwcvfg5002w3n6lo9eg0k8w,12354,front,,Abnormal Gait,stroke,"{'top': 51.31428571428572, 'left': 238.71428571428572, 'height': 374.74285714285713, 'width': 168.1142857142857}","{'height': 480, 'width': 854, 'mime_type': 'video/mp4'}",FpXbeLZWFSw,https://www.youtube.com/watch?v=FpXbeLZWFSw
cljwcvfg5002w3n6lo9eg0k8w,12355,front,,Abnormal Gait,stroke,"{'top': 51.3, 'left': 238.5, 'height': 374.8, 'width': 168.2}","{'height': 480, 'width': 854, 'mime_type': 'video/mp4'}",FpXbeLZWFSw,https://www.youtube.com/watch?v=FpXbeLZWFSw
cljwcvfg5002w3n6lo9eg0k8w,12356,front,,Abnormal Gait,stroke,"{'top': 51.285714285714285, 'left': 238.28571428571428, 'height': 374.8571428571429, 'width': 168.28571428571428}","{'height': 480, 'width': 854, 'mime_type': 'video/mp4'}",FpXbeLZWFSw,https://www.youtube.com/watch?v=FpXbeLZWFSw
cljwcvfg5002w3n6lo9eg0k8w,12357,front,,Abnormal Gait,stroke,"{'top': 51.27142857142857, 'left': 238.07142857142858, 'height': 374.9142857142857, 'width': 168.37142857142854}","{'height': 480, 'width': 854, 'mime_type': 'video/mp4'}",FpXbeLZWFSw,https://www.youtube.com/watch?v=FpXbeLZWFSw
cljwcvfg5002w3n6lo9eg0k8w,12358,front,,Abnormal Gait,stroke,"{'top': 51.25714285714286, 'left': 237.85714285714286, 'height': 374.9714285714286, 'width': 168.45714285714283}","{'height': 480, 'width': 854, 'mime_type': 'video/mp4'}",FpXbeLZWFSw,https://www.youtube.com/watch?v=FpXbeLZWFSw
cljwcvfg5002w3n6lo9eg0k8w,12359,front,,Abnormal Gait,stroke,"{'top': 51.24285714285714, 'left': 237.64285714285714, 'height': 375.0285714285714, 'width': 168.54285714285717}","{'height': 480, 'width': 854, 'mime_type': 'video/mp4'}",FpXbeLZWFSw,https://www.youtube.com/watch?v=FpXbeLZWFSw
cljwcvfg5002w3n6lo9eg0k8w,12360,front,,Abnormal Gait,stroke,"{'top': 51.22857142857143, 'left': 237.42857142857142, 'height': 375.0857142857143, 'width': 168.62857142857146}","{'height': 480, 'width': 854, 'mime_type': 'video/mp4'}",FpXbeLZWFSw,https://www.youtube.com/watch?v=FpXbeLZWFSw
cljwcvfg5002w3n6lo9eg0k8w,12361,front,,Abnormal Gait,stroke,"{'top': 51.214285714285715, 'left': 237.21428571428572, 'height': 375.1428571428571, 'width': 168.71428571428572}","{'height': 480, 'width': 854, 'mime_type': 'video/mp4'}",FpXbeLZWFSw,https://www.youtube.com/watch?v=FpXbeLZWFSw
cljwcvfg5002w3n6lo9eg0k8w,12362,front,,Abnormal Gait,stroke,"{'top': 51.2, 'left': 237.0, 'height': 375.2, 'width': 168.8}","{'height': 480, 'width': 854, 'mime_type': 'video/mp4'}",FpXbeLZWFSw,https://www.youtube.com/watch?v=FpXbeLZWFSw
cljwcvfg5002w3n6lo9eg0k8w,12363,front,,Abnormal Gait,stroke,"{'top': 51.18571428571428, 'left': 236.78571428571428, 'height': 375.25714285714287, 'width': 168.8857142857143}","{'height': 480, 'width': 854, 'mime_type': 'video/mp4'}",FpXbeLZWFSw,https://www.youtube.com/watch?v=FpXbeLZWFSw
cljwcvfg5002w3n6lo9eg0k8w,12364,front,,Abnormal Gait,stroke,"{'top': 51.17142857142857, 'left': 236.57142857142858, 'height': 375.3142857142857, 'width': 168.97142857142856}","{'height': 480, 'width': 854, 'mime_type': 'video/mp4'}",FpXbeLZWFSw,https://www.youtube.com/watch?v=FpXbeLZWFSw
cljwcvfg5002w3n6lo9eg0k8w,12365,front,,Abnormal Gait,stroke,"{'top': 51.15714285714286, 'left': 236.35714285714286, 'height': 375.37142857142857, 'width': 169.05714285714285}","{'height': 480, 'width': 854, 'mime_type': 'video/mp4'}",FpXbeLZWFSw,https://www.youtube.com/watch?v=FpXbeLZWFSw
cljwcvfg5002w3n6lo9eg0k8w,12366,front,,Abnormal Gait,stroke,"{'top': 51.142857142857146, 'left': 236.14285714285714, 'height': 375.4285714285714, 'width': 169.14285714285714}","{'height': 480, 'width': 854, 'mime_type': 'video/mp4'}",FpXbeLZWFSw,https://www.youtube.com/watch?v=FpXbeLZWFSw
cljwcvfg5002w3n6lo9eg0k8w,12367,front,,Abnormal Gait,stroke,"{'top': 51.128571428571426, 'left': 235.92857142857142, 'height': 375.48571428571427, 'width': 169.22857142857143}","{'height': 480, 'width': 854, 'mime_type': 'video/mp4'}",FpXbeLZWFSw,https://www.youtube.com/watch?v=FpXbeLZWFSw
cljwcvfg5002w3n6lo9eg0k8w,12368,front,,Abnormal Gait,stroke,"{'top': 51.114285714285714, 'left': 235.71428571428572, 'height': 375.54285714285714, 'width': 169.3142857142857}","{'height': 480, 'width': 854, 'mime_type': 'video/mp4'}",FpXbeLZWFSw,https://www.youtube.com/watch?v=FpXbeLZWFSw
cljwcvfg5002w3n6lo9eg0k8w,12369,front,,Abnormal Gait,stroke,"{'top': 51.1, 'left': 235.5, 'height': 375.59999999999997, 'width': 169.39999999999998}","{'height': 480, 'width': 854, 'mime_type': 'video/mp4'}",FpXbeLZWFSw,https://www.youtube.com/watch?v=FpXbeLZWFSw
cljwcvfg5002w3n6lo9eg0k8w,12370,front,,Abnormal Gait,stroke,"{'top': 51.08571428571429, 'left': 235.28571428571428, 'height': 375.65714285714284, 'width': 169.48571428571432}","{'height': 480, 'width': 854, 'mime_type': 'video/mp4'}",FpXbeLZWFSw,https://www.youtube.com/watch?v=FpXbeLZWFSw
cljwcvfg5002w3n6lo9eg0k8w,12371,front,,Abnormal Gait,stroke,"{'top': 51.07142857142857, 'left': 235.07142857142858, 'height': 375.7142857142857, 'width': 169.57142857142858}","{'height': 480, 'width': 854, 'mime_type': 'video/mp4'}",FpXbeLZWFSw,https://www.youtube.com/watch?v=FpXbeLZWFSw
cljwcvfg5002w3n6lo9eg0k8w,12372,front,,Abnormal Gait,stroke,"{'top': 51.05714285714286, 'left': 234.85714285714286, 'height': 375.77142857142854, 'width': 169.65714285714287}","{'height': 480, 'width': 854, 'mime_type': 'video/mp4'}",FpXbeLZWFSw,https://www.youtube.com/watch?v=FpXbeLZWFSw
cljwcvfg5002w3n6lo9eg0k8w,12373,front,,Abnormal Gait,stroke,"{'top': 51.042857142857144, 'left': 234.64285714285714, 'height': 375.8285714285714, 'width': 169.74285714285716}","{'height': 480, 'width': 854, 'mime_type': 'video/mp4'}",FpXbeLZWFSw,https://www.youtube.com/watch?v=FpXbeLZWFSw
cljwcvfg5002w3n6lo9eg0k8w,12374,front,,Abnormal Gait,stroke,"{'top': 51.02857142857143, 'left': 234.42857142857142, 'height': 375.8857142857143, 'width': 169.82857142857145}","{'height': 480, 'width': 854, 'mime_type': 'video/mp4'}",FpXbeLZWFSw,https://www.youtube.com/watch?v=FpXbeLZWFSw
cljwcvfg5002w3n6lo9eg0k8w,12375,front,,Abnormal Gait,stroke,"{'top': 51.01428571428571, 'left': 234.21428571428572, 'height': 375.9428571428571, 'width': 169.9142857142857}","{'height': 480, 'width': 854, 'mime_type': 'video/mp4'}",FpXbeLZWFSw,https://www.youtube.com/watch?v=FpXbeLZWFSw
cljwcvfg5002w3n6lo9eg0k8w,12376,front,,Abnormal Gait,stroke,"{'top': 51.0, 'left': 234.0, 'height': 376.0, 'width': 170.0}","{'height': 480, 'width': 854, 'mime_type': 'video/mp4'}",FpXbeLZWFSw,https://www.youtube.com/watch?v=FpXbeLZWFSw
cljwcvfg5002w3n6lo9eg0k8w,12377,front,,Abnormal Gait,stroke,"{'top': 51.03529411764706, 'left': 234.03529411764706, 'height': 375.6705882352941, 'width': 169.8705882352941}","{'height': 480, 'width': 854, 'mime_type': 'video/mp4'}",FpXbeLZWFSw,https://www.youtube.com/watch?v=FpXbeLZWFSw
cljwcvfg5002w3n6lo9eg0k8w,12378,front,,Abnormal Gait,stroke,"{'top': 51.07058823529412, 'left': 234.0705882352941, 'height': 375.34117647058827, 'width': 169.74117647058824}","{'height': 480, 'width': 854, 'mime_type': 'video/mp4'}",FpXbeLZWFSw,https://www.youtube.com/watch?v=FpXbeLZWFSw
cljwcvfg5002w3n6lo9eg0k8w,12379,front,,Abnormal Gait,stroke,"{'top': 51.10588235294118, 'left': 234.10588235294117, 'height': 375.01176470588234, 'width': 169.61176470588234}","{'height': 480, 'width': 854, 'mime_type': 'video/mp4'}",FpXbeLZWFSw,https://www.youtube.com/watch?v=FpXbeLZWFSw
cljwcvfg5002w3n6lo9eg0k8w,12380,front,,Abnormal Gait,stroke,"{'top': 51.141176470588235, 'left': 234.14117647058825, 'height': 374.6823529411765, 'width': 169.48235294117646}","{'height': 480, 'width': 854, 'mime_type': 'video/mp4'}",FpXbeLZWFSw,https://www.youtube.com/watch?v=FpXbeLZWFSw
cljwcvfg5002w3n6lo9eg0k8w,12381,front,,Abnormal Gait,stroke,"{'top': 51.1764705882353, 'left': 234.1764705882353, 'height': 374.35294117647055, 'width': 169.35294117647055}","{'height': 480, 'width': 854, 'mime_type': 'video/mp4'}",FpXbeLZWFSw,https://www.youtube.com/watch?v=FpXbeLZWFSw
cljwcvfg5002w3n6lo9eg0k8w,12382,front,,Abnormal Gait,stroke,"{'top': 51.21176470588235, 'left': 234.21176470588236, 'height': 374.02352941176474, 'width': 169.2235294117647}","{'height': 480, 'width': 854, 'mime_type': 'video/mp4'}",FpXbeLZWFSw,https://www.youtube.com/watch?v=FpXbeLZWFSw
cljwcvfg5002w3n6lo9eg0k8w,12383,front,,Abnormal Gait,stroke,"{'top': 51.247058823529414, 'left': 234.24705882352941, 'height': 373.6941176470588, 'width': 169.0941176470588}","{'height': 480, 'width': 854, 'mime_type': 'video/mp4'}",FpXbeLZWFSw,https://www.youtube.com/watch?v=FpXbeLZWFSw
cljwcvfg5002w3n6lo9eg0k8w,12384,front,,Abnormal Gait,stroke,"{'top': 51.28235294117647, 'left': 234.28235294117647, 'height': 373.36470588235295, 'width': 168.96470588235294}","{'height': 480, 'width': 854, 'mime_type': 'video/mp4'}",FpXbeLZWFSw,https://www.youtube.com/watch?v=FpXbeLZWFSw
cljwcvfg5002w3n6lo9eg0k8w,12385,front,,Abnormal Gait,stroke,"{'top': 51.31764705882353, 'left': 234.31764705882352, 'height': 373.0352941176471, 'width': 168.83529411764704}","{'height': 480, 'width': 854, 'mime_type': 'video/mp4'}",FpXbeLZWFSw,https://www.youtube.com/watch?v=FpXbeLZWFSw
cljwcvfg5002w3n6lo9eg0k8w,12386,front,,Abnormal Gait,stroke,"{'top': 51.35294117647059, 'left': 234.35294117647058, 'height': 372.70588235294116, 'width': 168.7058823529412}","{'height': 480, 'width': 854, 'mime_type': 'video/mp4'}",FpXbeLZWFSw,https://www.youtube.com/watch?v=FpXbeLZWFSw
cljwcvfg5002w3n6lo9eg0k8w,12387,front,,Abnormal Gait,stroke,"{'top': 51.38823529411765, 'left': 234.38823529411764, 'height': 372.3764705882353, 'width': 168.57647058823528}","{'height': 480, 'width': 854, 'mime_type': 'video/mp4'}",FpXbeLZWFSw,https://www.youtube.com/watch?v=FpXbeLZWFSw
cljwcvfg5002w3n6lo9eg0k8w,12388,front,,Abnormal Gait,stroke,"{'top': 51.423529411764704, 'left': 234.42352941176472, 'height': 372.0470588235294, 'width': 168.4470588235294}","{'height': 480, 'width': 854, 'mime_type': 'video/mp4'}",FpXbeLZWFSw,https://www.youtube.com/watch?v=FpXbeLZWFSw
cljwcvfg5002w3n6lo9eg0k8w,12389,front,,Abnormal Gait,stroke,"{'top': 51.45882352941177, 'left': 234.45882352941177, 'height': 371.71764705882356, 'width': 168.3176470588235}","{'height': 480, 'width': 854, 'mime_type': 'video/mp4'}",FpXbeLZWFSw,https://www.youtube.com/watch?v=FpXbeLZWFSw
cljwcvfg5002w3n6lo9eg0k8w,12390,front,,Abnormal Gait,stroke,"{'top': 51.49411764705882, 'left': 234.49411764705883, 'height': 371.38823529411764, 'width': 168.18823529411765}","{'height': 480, 'width': 854, 'mime_type': 'video/mp4'}",FpXbeLZWFSw,https://www.youtube.com/watch?v=FpXbeLZWFSw
cljwcvfg5002w3n6lo9eg0k8w,12391,front,,Abnormal Gait,stroke,"{'top': 51.529411764705884, 'left': 234.52941176470588, 'height': 371.0588235294117, 'width': 168.05882352941174}","{'height': 480, 'width': 854, 'mime_type': 'video/mp4'}",FpXbeLZWFSw,https://www.youtube.com/watch?v=FpXbeLZWFSw
cljwcvfg5002w3n6lo9eg0k8w,12392,front,,Abnormal Gait,stroke,"{'top': 51.56470588235294, 'left': 234.56470588235294, 'height': 370.7294117647059, 'width': 167.9294117647059}","{'height': 480, 'width': 854, 'mime_type': 'video/mp4'}",FpXbeLZWFSw,https://www.youtube.com/watch?v=FpXbeLZWFSw
cljwcvfg5002w3n6lo9eg0k8w,12393,front,,Abnormal Gait,stroke,"{'top': 51.6, 'left': 234.6, 'height': 370.4, 'width': 167.79999999999998}","{'height': 480, 'width': 854, 'mime_type': 'video/mp4'}",FpXbeLZWFSw,https://www.youtube.com/watch?v=FpXbeLZWFSw
cljwcvfg5002w3n6lo9eg0k8w,12394,front,,Abnormal Gait,stroke,"{'top': 51.63529411764706, 'left': 234.63529411764705, 'height': 370.0705882352941, 'width': 167.67058823529413}","{'height': 480, 'width': 854, 'mime_type': 'video/mp4'}",FpXbeLZWFSw,https://www.youtube.com/watch?v=FpXbeLZWFSw
cljwcvfg5002w3n6lo9eg0k8w,12395,front,,Abnormal Gait,stroke,"{'top': 51.67058823529412, 'left': 234.6705882352941, 'height': 369.74117647058824, 'width': 167.54117647058823}","{'height': 480, 'width': 854, 'mime_type': 'video/mp4'}",FpXbeLZWFSw,https://www.youtube.com/watch?v=FpXbeLZWFSw
cljwcvfg5002w3n6lo9eg0k8w,12396,front,,Abnormal Gait,stroke,"{'top': 51.705882352941174, 'left': 234.7058823529412, 'height': 369.4117647058824, 'width': 167.41176470588235}","{'height': 480, 'width': 854, 'mime_type': 'video/mp4'}",FpXbeLZWFSw,https://www.youtube.com/watch?v=FpXbeLZWFSw
cljwcvfg5002w3n6lo9eg0k8w,12397,front,,Abnormal Gait,stroke,"{'top': 51.741176470588236, 'left': 234.74117647058824, 'height': 369.08235294117645, 'width': 167.28235294117644}","{'height': 480, 'width': 854, 'mime_type': 'video/mp4'}",FpXbeLZWFSw,https://www.youtube.com/watch?v=FpXbeLZWFSw
cljwcvfg5002w3n6lo9eg0k8w,12398,front,,Abnormal Gait,stroke,"{'top': 51.77647058823529, 'left': 234.7764705882353, 'height': 368.7529411764706, 'width': 167.1529411764706}","{'height': 480, 'width': 854, 'mime_type': 'video/mp4'}",FpXbeLZWFSw,https://www.youtube.com/watch?v=FpXbeLZWFSw
cljwcvfg5002w3n6lo9eg0k8w,12399,front,,Abnormal Gait,stroke,"{'top': 51.811764705882354, 'left': 234.81176470588235, 'height': 368.4235294117647, 'width': 167.02352941176468}","{'height': 480, 'width': 854, 'mime_type': 'video/mp4'}",FpXbeLZWFSw,https://www.youtube.com/watch?v=FpXbeLZWFSw
cljwcvfg5002w3n6lo9eg0k8w,12400,front,,Abnormal Gait,stroke,"{'top': 51.84705882352941, 'left': 234.8470588235294, 'height': 368.09411764705885, 'width': 166.89411764705883}","{'height': 480, 'width': 854, 'mime_type': 'video/mp4'}",FpXbeLZWFSw,https://www.youtube.com/watch?v=FpXbeLZWFSw
cljwcvfg5002w3n6lo9eg0k8w,12401,front,,Abnormal Gait,stroke,"{'top': 51.88235294117647, 'left': 234.88235294117646, 'height': 367.7647058823529, 'width': 166.76470588235293}","{'height': 480, 'width': 854, 'mime_type': 'video/mp4'}",FpXbeLZWFSw,https://www.youtube.com/watch?v=FpXbeLZWFSw
cljwcvfg5002w3n6lo9eg0k8w,12402,front,,Abnormal Gait,stroke,"{'top': 51.917647058823526, 'left': 234.91764705882352, 'height': 367.43529411764706, 'width': 166.63529411764708}","{'height': 480, 'width': 854, 'mime_type': 'video/mp4'}",FpXbeLZWFSw,https://www.youtube.com/watch?v=FpXbeLZWFSw
cljwcvfg5002w3n6lo9eg0k8w,12403,front,,Abnormal Gait,stroke,"{'top': 51.95294117647059, 'left': 234.95294117647057, 'height': 367.1058823529412, 'width': 166.50588235294117}","{'height': 480, 'width': 854, 'mime_type': 'video/mp4'}",FpXbeLZWFSw,https://www.youtube.com/watch?v=FpXbeLZWFSw
cljwcvfg5002w3n6lo9eg0k8w,12404,front,,Abnormal Gait,stroke,"{'top': 51.98823529411764, 'left': 234.98823529411766, 'height': 366.77647058823527, 'width': 166.3764705882353}","{'height': 480, 'width': 854, 'mime_type': 'video/mp4'}",FpXbeLZWFSw,https://www.youtube.com/watch?v=FpXbeLZWFSw
cljwcvfg5002w3n6lo9eg0k8w,12405,front,,Abnormal Gait,stroke,"{'top': 52.023529411764706, 'left': 235.0235294117647, 'height': 366.44705882352946, 'width': 166.2470588235294}","{'height': 480, 'width': 854, 'mime_type': 'video/mp4'}",FpXbeLZWFSw,https://www.youtube.com/watch?v=FpXbeLZWFSw
cljwcvfg5002w3n6lo9eg0k8w,12406,front,,Abnormal Gait,stroke,"{'top': 52.05882352941177, 'left': 235.05882352941177, 'height': 366.11764705882354, 'width': 166.11764705882354}","{'height': 480, 'width': 854, 'mime_type': 'video/mp4'}",FpXbeLZWFSw,https://www.youtube.com/watch?v=FpXbeLZWFSw
cljwcvfg5002w3n6lo9eg0k8w,12407,front,,Abnormal Gait,stroke,"{'top': 52.09411764705882, 'left': 235.09411764705882, 'height': 365.7882352941176, 'width': 165.98823529411763}","{'height': 480, 'width': 854, 'mime_type': 'video/mp4'}",FpXbeLZWFSw,https://www.youtube.com/watch?v=FpXbeLZWFSw
cljwcvfg5002w3n6lo9eg0k8w,12408,front,,Abnormal Gait,stroke,"{'top': 52.129411764705885, 'left': 235.12941176470588, 'height': 365.45882352941175, 'width': 165.85882352941178}","{'height': 480, 'width': 854, 'mime_type': 'video/mp4'}",FpXbeLZWFSw,https://www.youtube.com/watch?v=FpXbeLZWFSw
cljwcvfg5002w3n6lo9eg0k8w,12409,front,,Abnormal Gait,stroke,"{'top': 52.16470588235294, 'left': 235.16470588235293, 'height': 365.1294117647059, 'width': 165.72941176470587}","{'height': 480, 'width': 854, 'mime_type': 'video/mp4'}",FpXbeLZWFSw,https://www.youtube.com/watch?v=FpXbeLZWFSw
cljwcvfg5002w3n6lo9eg0k8w,12410,front,,Abnormal Gait,stroke,"{'top': 52.2, 'left': 235.2, 'height': 364.8, 'width': 165.60000000000002}","{'height': 480, 'width': 854, 'mime_type': 'video/mp4'}",FpXbeLZWFSw,https://www.youtube.com/watch?v=FpXbeLZWFSw
cljwcvfg5002w3n6lo9eg0k8w,12411,front,,Abnormal Gait,stroke,"{'top': 52.23529411764706, 'left': 235.23529411764707, 'height': 364.4705882352941, 'width': 165.4705882352941}","{'height': 480, 'width': 854, 'mime_type': 'video/mp4'}",FpXbeLZWFSw,https://www.youtube.com/watch?v=FpXbeLZWFSw
cljwcvfg5002w3n6lo9eg0k8w,12412,front,,Abnormal Gait,stroke,"{'top': 52.27058823529412, 'left': 235.27058823529413, 'height': 364.1411764705883, 'width': 165.34117647058824}","{'height': 480, 'width': 854, 'mime_type': 'video/mp4'}",FpXbeLZWFSw,https://www.youtube.com/watch?v=FpXbeLZWFSw
cljwcvfg5002w3n6lo9eg0k8w,12413,front,,Abnormal Gait,stroke,"{'top': 52.305882352941175, 'left': 235.30588235294118, 'height': 363.81176470588235, 'width': 165.21176470588233}","{'height': 480, 'width': 854, 'mime_type': 'video/mp4'}",FpXbeLZWFSw,https://www.youtube.com/watch?v=FpXbeLZWFSw
cljwcvfg5002w3n6lo9eg0k8w,12414,front,,Abnormal Gait,stroke,"{'top': 52.34117647058824, 'left': 235.34117647058824, 'height': 363.4823529411765, 'width': 165.08235294117648}","{'height': 480, 'width': 854, 'mime_type': 'video/mp4'}",FpXbeLZWFSw,https://www.youtube.com/watch?v=FpXbeLZWFSw
cljwcvfg5002w3n6lo9eg0k8w,12415,front,,Abnormal Gait,stroke,"{'top': 52.37647058823529, 'left': 235.3764705882353, 'height': 363.15294117647056, 'width': 164.95294117647057}","{'height': 480, 'width': 854, 'mime_type': 'video/mp4'}",FpXbeLZWFSw,https://www.youtube.com/watch?v=FpXbeLZWFSw
cljwcvfg5002w3n6lo9eg0k8w,12416,front,,Abnormal Gait,stroke,"{'top': 52.411764705882355, 'left': 235.41176470588235, 'height': 362.8235294117647, 'width': 164.82352941176472}","{'height': 480, 'width': 854, 'mime_type': 'video/mp4'}",FpXbeLZWFSw,https://www.youtube.com/watch?v=FpXbeLZWFSw
cljwcvfg5002w3n6lo9eg0k8w,12417,front,,Abnormal Gait,stroke,"{'top': 52.44705882352941, 'left': 235.4470588235294, 'height': 362.49411764705883, 'width': 164.69411764705882}","{'height': 480, 'width': 854, 'mime_type': 'video/mp4'}",FpXbeLZWFSw,https://www.youtube.com/watch?v=FpXbeLZWFSw
cljwcvfg5002w3n6lo9eg0k8w,12418,front,,Abnormal Gait,stroke,"{'top': 52.48235294117647, 'left': 235.48235294117646, 'height': 362.1647058823529, 'width': 164.56470588235297}","{'height': 480, 'width': 854, 'mime_type': 'video/mp4'}",FpXbeLZWFSw,https://www.youtube.com/watch?v=FpXbeLZWFSw
cljwcvfg5002w3n6lo9eg0k8w,12419,front,,Abnormal Gait,stroke,"{'top': 52.51764705882353, 'left': 235.51764705882354, 'height': 361.8352941176471, 'width': 164.43529411764703}","{'height': 480, 'width': 854, 'mime_type': 'video/mp4'}",FpXbeLZWFSw,https://www.youtube.com/watch?v=FpXbeLZWFSw
cljwcvfg5002w3n6lo9eg0k8w,12420,front,,Abnormal Gait,stroke,"{'top': 52.55294117647059, 'left': 235.5529411764706, 'height': 361.50588235294117, 'width': 164.30588235294118}","{'height': 480, 'width': 854, 'mime_type': 'video/mp4'}",FpXbeLZWFSw,https://www.youtube.com/watch?v=FpXbeLZWFSw
cljwcvfg5002w3n6lo9eg0k8w,12421,front,,Abnormal Gait,stroke,"{'top': 52.588235294117645, 'left': 235.58823529411765, 'height': 361.1764705882353, 'width': 164.17647058823528}","{'height': 480, 'width': 854, 'mime_type': 'video/mp4'}",FpXbeLZWFSw,https://www.youtube.com/watch?v=FpXbeLZWFSw
cljwcvfg5002w3n6lo9eg0k8w,12422,front,,Abnormal Gait,stroke,"{'top': 52.62352941176471, 'left': 235.6235294117647, 'height': 360.84705882352944, 'width': 164.04705882352943}","{'height': 480, 'width': 854, 'mime_type': 'video/mp4'}",FpXbeLZWFSw,https://www.youtube.com/watch?v=FpXbeLZWFSw
cljwcvfg5002w3n6lo9eg0k8w,12423,front,,Abnormal Gait,stroke,"{'top': 52.65882352941176, 'left': 235.65882352941176, 'height': 360.5176470588235, 'width': 163.91764705882352}","{'height': 480, 'width': 854, 'mime_type': 'video/mp4'}",FpXbeLZWFSw,https://www.youtube.com/watch?v=FpXbeLZWFSw
cljwcvfg5002w3n6lo9eg0k8w,12424,front,,Abnormal Gait,stroke,"{'top': 52.694117647058825, 'left': 235.69411764705882, 'height': 360.18823529411765, 'width': 163.78823529411767}","{'height': 480, 'width': 854, 'mime_type': 'video/mp4'}",FpXbeLZWFSw,https://www.youtube.com/watch?v=FpXbeLZWFSw
cljwcvfg5002w3n6lo9eg0k8w,12425,front,,Abnormal Gait,stroke,"{'top': 52.72941176470588, 'left': 235.72941176470587, 'height': 359.8588235294117, 'width': 163.65882352941176}","{'height': 480, 'width': 854, 'mime_type': 'video/mp4'}",FpXbeLZWFSw,https://www.youtube.com/watch?v=FpXbeLZWFSw
cljwcvfg5002w3n6lo9eg0k8w,12426,front,,Abnormal Gait,stroke,"{'top': 52.76470588235294, 'left': 235.76470588235293, 'height': 359.5294117647059, 'width': 163.5294117647059}","{'height': 480, 'width': 854, 'mime_type': 'video/mp4'}",FpXbeLZWFSw,https://www.youtube.com/watch?v=FpXbeLZWFSw
cljwcvfg5002w3n6lo9eg0k8w,12427,front,,Abnormal Gait,stroke,"{'top': 52.8, 'left': 235.8, 'height': 359.2, 'width': 163.39999999999998}","{'height': 480, 'width': 854, 'mime_type': 'video/mp4'}",FpXbeLZWFSw,https://www.youtube.com/watch?v=FpXbeLZWFSw
cljwcvfg5002w3n6lo9eg0k8w,12428,front,,Abnormal Gait,stroke,"{'top': 52.83529411764706, 'left': 235.83529411764707, 'height': 358.8705882352941, 'width': 163.27058823529413}","{'height': 480, 'width': 854, 'mime_type': 'video/mp4'}",FpXbeLZWFSw,https://www.youtube.com/watch?v=FpXbeLZWFSw
cljwcvfg5002w3n6lo9eg0k8w,12429,front,,Abnormal Gait,stroke,"{'top': 52.870588235294115, 'left': 235.87058823529412, 'height': 358.54117647058825, 'width': 163.14117647058822}","{'height': 480, 'width': 854, 'mime_type': 'video/mp4'}",FpXbeLZWFSw,https://www.youtube.com/watch?v=FpXbeLZWFSw
cljwcvfg5002w3n6lo9eg0k8w,12430,front,,Abnormal Gait,stroke,"{'top': 52.90588235294118, 'left': 235.90588235294118, 'height': 358.2117647058824, 'width': 163.01176470588237}","{'height': 480, 'width': 854, 'mime_type': 'video/mp4'}",FpXbeLZWFSw,https://www.youtube.com/watch?v=FpXbeLZWFSw
cljwcvfg5002w3n6lo9eg0k8w,12431,front,,Abnormal Gait,stroke,"{'top': 52.94117647058823, 'left': 235.94117647058823, 'height': 357.88235294117646, 'width': 162.88235294117646}","{'height': 480, 'width': 854, 'mime_type': 'video/mp4'}",FpXbeLZWFSw,https://www.youtube.com/watch?v=FpXbeLZWFSw
cljwcvfg5002w3n6lo9eg0k8w,12432,front,,Abnormal Gait,stroke,"{'top': 52.976470588235294, 'left': 235.9764705882353, 'height': 357.55294117647054, 'width': 162.7529411764706}","{'height': 480, 'width': 854, 'mime_type': 'video/mp4'}",FpXbeLZWFSw,https://www.youtube.com/watch?v=FpXbeLZWFSw
cljwcvfg5002w3n6lo9eg0k8w,12433,front,,Abnormal Gait,stroke,"{'top': 53.01176470588236, 'left': 236.01176470588234, 'height': 357.22352941176473, 'width': 162.6235294117647}","{'height': 480, 'width': 854, 'mime_type': 'video/mp4'}",FpXbeLZWFSw,https://www.youtube.com/watch?v=FpXbeLZWFSw
cljwcvfg5002w3n6lo9eg0k8w,12434,front,,Abnormal Gait,stroke,"{'top': 53.04705882352941, 'left': 236.04705882352943, 'height': 356.8941176470588, 'width': 162.49411764705883}","{'height': 480, 'width': 854, 'mime_type': 'video/mp4'}",FpXbeLZWFSw,https://www.youtube.com/watch?v=FpXbeLZWFSw
cljwcvfg5002w3n6lo9eg0k8w,12435,front,,Abnormal Gait,stroke,"{'top': 53.08235294117647, 'left': 236.08235294117648, 'height': 356.56470588235294, 'width': 162.36470588235292}","{'height': 480, 'width': 854, 'mime_type': 'video/mp4'}",FpXbeLZWFSw,https://www.youtube.com/watch?v=FpXbeLZWFSw
cljwcvfg5002w3n6lo9eg0k8w,12436,front,,Abnormal Gait,stroke,"{'top': 53.11764705882353, 'left': 236.11764705882354, 'height': 356.2352941176471, 'width': 162.23529411764707}","{'height': 480, 'width': 854, 'mime_type': 'video/mp4'}",FpXbeLZWFSw,https://www.youtube.com/watch?v=FpXbeLZWFSw
cljwcvfg5002w3n6lo9eg0k8w,12437,front,,Abnormal Gait,stroke,"{'top': 53.15294117647059, 'left': 236.1529411764706, 'height': 355.90588235294115, 'width': 162.10588235294117}","{'height': 480, 'width': 854, 'mime_type': 'video/mp4'}",FpXbeLZWFSw,https://www.youtube.com/watch?v=FpXbeLZWFSw
cljwcvfg5002w3n6lo9eg0k8w,12438,front,,Abnormal Gait,stroke,"{'top': 53.188235294117646, 'left': 236.18823529411765, 'height': 355.5764705882353, 'width': 161.97647058823532}","{'height': 480, 'width': 854, 'mime_type': 'video/mp4'}",FpXbeLZWFSw,https://www.youtube.com/watch?v=FpXbeLZWFSw
cljwcvfg5002w3n6lo9eg0k8w,12439,front,,Abnormal Gait,stroke,"{'top': 53.22352941176471, 'left': 236.2235294117647, 'height': 355.2470588235294, 'width': 161.8470588235294}","{'height': 480, 'width': 854, 'mime_type': 'video/mp4'}",FpXbeLZWFSw,https://www.youtube.com/watch?v=FpXbeLZWFSw
cljwcvfg5002w3n6lo9eg0k8w,12440,front,,Abnormal Gait,stroke,"{'top': 53.258823529411764, 'left': 236.25882352941176, 'height': 354.91764705882355, 'width': 161.71764705882356}","{'height': 480, 'width': 854, 'mime_type': 'video/mp4'}",FpXbeLZWFSw,https://www.youtube.com/watch?v=FpXbeLZWFSw
cljwcvfg5002w3n6lo9eg0k8w,12441,front,,Abnormal Gait,stroke,"{'top': 53.294117647058826, 'left': 236.2941176470588, 'height': 354.5882352941176, 'width': 161.58823529411765}","{'height': 480, 'width': 854, 'mime_type': 'video/mp4'}",FpXbeLZWFSw,https://www.youtube.com/watch?v=FpXbeLZWFSw
cljwcvfg5002w3n6lo9eg0k8w,12442,front,,Abnormal Gait,stroke,"{'top': 53.32941176470588, 'left': 236.3294117647059, 'height': 354.25882352941176, 'width': 161.45882352941177}","{'height': 480, 'width': 854, 'mime_type': 'video/mp4'}",FpXbeLZWFSw,https://www.youtube.com/watch?v=FpXbeLZWFSw
cljwcvfg5002w3n6lo9eg0k8w,12443,front,,Abnormal Gait,stroke,"{'top': 53.36470588235294, 'left': 236.36470588235295, 'height': 353.9294117647059, 'width': 161.32941176470587}","{'height': 480, 'width': 854, 'mime_type': 'video/mp4'}",FpXbeLZWFSw,https://www.youtube.com/watch?v=FpXbeLZWFSw
cljwcvfg5002w3n6lo9eg0k8w,12444,front,,Abnormal Gait,stroke,"{'top': 53.4, 'left': 236.4, 'height': 353.6, 'width': 161.20000000000002}","{'height': 480, 'width': 854, 'mime_type': 'video/mp4'}",FpXbeLZWFSw,https://www.youtube.com/watch?v=FpXbeLZWFSw
cljwcvfg5002w3n6lo9eg0k8w,12445,front,,Abnormal Gait,stroke,"{'top': 53.43529411764706, 'left': 236.43529411764706, 'height': 353.2705882352941, 'width': 161.0705882352941}","{'height': 480, 'width': 854, 'mime_type': 'video/mp4'}",FpXbeLZWFSw,https://www.youtube.com/watch?v=FpXbeLZWFSw
cljwcvfg5002w3n6lo9eg0k8w,12446,front,,Abnormal Gait,stroke,"{'top': 53.470588235294116, 'left': 236.47058823529412, 'height': 352.9411764705883, 'width': 160.94117647058826}","{'height': 480, 'width': 854, 'mime_type': 'video/mp4'}",FpXbeLZWFSw,https://www.youtube.com/watch?v=FpXbeLZWFSw
cljwcvfg5002w3n6lo9eg0k8w,12447,front,,Abnormal Gait,stroke,"{'top': 53.50588235294118, 'left': 236.50588235294117, 'height': 352.61176470588236, 'width': 160.81176470588235}","{'height': 480, 'width': 854, 'mime_type': 'video/mp4'}",FpXbeLZWFSw,https://www.youtube.com/watch?v=FpXbeLZWFSw
cljwcvfg5002w3n6lo9eg0k8w,12448,front,,Abnormal Gait,stroke,"{'top': 53.54117647058823, 'left': 236.54117647058823, 'height': 352.28235294117644, 'width': 160.6823529411765}","{'height': 480, 'width': 854, 'mime_type': 'video/mp4'}",FpXbeLZWFSw,https://www.youtube.com/watch?v=FpXbeLZWFSw
cljwcvfg5002w3n6lo9eg0k8w,12449,front,,Abnormal Gait,stroke,"{'top': 53.576470588235296, 'left': 236.57647058823528, 'height': 351.9529411764706, 'width': 160.5529411764706}","{'height': 480, 'width': 854, 'mime_type': 'video/mp4'}",FpXbeLZWFSw,https://www.youtube.com/watch?v=FpXbeLZWFSw
cljwcvfg5002w3n6lo9eg0k8w,12450,front,,Abnormal Gait,stroke,"{'top': 53.61176470588235, 'left': 236.61176470588236, 'height': 351.6235294117647, 'width': 160.42352941176472}","{'height': 480, 'width': 854, 'mime_type': 'video/mp4'}",FpXbeLZWFSw,https://www.youtube.com/watch?v=FpXbeLZWFSw
cljwcvfg5002w3n6lo9eg0k8w,12451,front,,Abnormal Gait,stroke,"{'top': 53.64705882352941, 'left': 236.64705882352942, 'height': 351.29411764705884, 'width': 160.2941176470588}","{'height': 480, 'width': 854, 'mime_type': 'video/mp4'}",FpXbeLZWFSw,https://www.youtube.com/watch?v=FpXbeLZWFSw
cljwcvfg5002w3n6lo9eg0k8w,12452,front,,Abnormal Gait,stroke,"{'top': 53.68235294117647, 'left': 236.68235294117648, 'height': 350.9647058823529, 'width': 160.16470588235296}","{'height': 480, 'width': 854, 'mime_type': 'video/mp4'}",FpXbeLZWFSw,https://www.youtube.com/watch?v=FpXbeLZWFSw
cljwcvfg5002w3n6lo9eg0k8w,12453,front,,Abnormal Gait,stroke,"{'top': 53.71764705882353, 'left': 236.71764705882353, 'height': 350.63529411764705, 'width': 160.03529411764706}","{'height': 480, 'width': 854, 'mime_type': 'video/mp4'}",FpXbeLZWFSw,https://www.youtube.com/watch?v=FpXbeLZWFSw
cljwcvfg5002w3n6lo9eg0k8w,12454,front,,Abnormal Gait,stroke,"{'top': 53.752941176470586, 'left': 236.75294117647059, 'height': 350.3058823529412, 'width': 159.9058823529412}","{'height': 480, 'width': 854, 'mime_type': 'video/mp4'}",FpXbeLZWFSw,https://www.youtube.com/watch?v=FpXbeLZWFSw
cljwcvfg5002w3n6lo9eg0k8w,12455,front,,Abnormal Gait,stroke,"{'top': 53.78823529411765, 'left': 236.78823529411764, 'height': 349.97647058823526, 'width': 159.7764705882353}","{'height': 480, 'width': 854, 'mime_type': 'video/mp4'}",FpXbeLZWFSw,https://www.youtube.com/watch?v=FpXbeLZWFSw
cljwcvfg5002w3n6lo9eg0k8w,12456,front,,Abnormal Gait,stroke,"{'top': 53.8235294117647, 'left': 236.8235294117647, 'height': 349.64705882352945, 'width': 159.64705882352945}","{'height': 480, 'width': 854, 'mime_type': 'video/mp4'}",FpXbeLZWFSw,https://www.youtube.com/watch?v=FpXbeLZWFSw
cljwcvfg5002w3n6lo9eg0k8w,12457,front,,Abnormal Gait,stroke,"{'top': 53.858823529411765, 'left': 236.85882352941175, 'height': 349.3176470588235, 'width': 159.51764705882354}","{'height': 480, 'width': 854, 'mime_type': 'video/mp4'}",FpXbeLZWFSw,https://www.youtube.com/watch?v=FpXbeLZWFSw
cljwcvfg5002w3n6lo9eg0k8w,12458,front,,Abnormal Gait,stroke,"{'top': 53.89411764705882, 'left': 236.89411764705883, 'height': 348.98823529411766, 'width': 159.38823529411766}","{'height': 480, 'width': 854, 'mime_type': 'video/mp4'}",FpXbeLZWFSw,https://www.youtube.com/watch?v=FpXbeLZWFSw
cljwcvfg5002w3n6lo9eg0k8w,12459,front,,Abnormal Gait,stroke,"{'top': 53.92941176470588, 'left': 236.9294117647059, 'height': 348.65882352941173, 'width': 159.25882352941176}","{'height': 480, 'width': 854, 'mime_type': 'video/mp4'}",FpXbeLZWFSw,https://www.youtube.com/watch?v=FpXbeLZWFSw
cljwcvfg5002w3n6lo9eg0k8w,12460,front,,Abnormal Gait,stroke,"{'top': 53.964705882352945, 'left': 236.96470588235294, 'height': 348.3294117647059, 'width': 159.1294117647059}","{'height': 480, 'width': 854, 'mime_type': 'video/mp4'}",FpXbeLZWFSw,https://www.youtube.com/watch?v=FpXbeLZWFSw
cljwcvfg5002w3n6lo9eg0k8w,12461,front,,Abnormal Gait,stroke,"{'top': 54.0, 'left': 237.0, 'height': 348.0, 'width': 159.0}","{'height': 480, 'width': 854, 'mime_type': 'video/mp4'}",FpXbeLZWFSw,https://www.youtube.com/watch?v=FpXbeLZWFSw
cljwcvfg5002w3n6lo9eg0k8w,12462,front,,Abnormal Gait,stroke,"{'top': 54.714285714285715, 'left': 240.28571428571428, 'height': 347.7142857142857, 'width': 158.8571428571429}","{'height': 480, 'width': 854, 'mime_type': 'video/mp4'}",FpXbeLZWFSw,https://www.youtube.com/watch?v=FpXbeLZWFSw
cljwcvfg5002w3n6lo9eg0k8w,12463,front,,Abnormal Gait,stroke,"{'top': 55.42857142857143, 'left': 243.57142857142858, 'height': 347.4285714285714, 'width': 158.7142857142857}","{'height': 480, 'width': 854, 'mime_type': 'video/mp4'}",FpXbeLZWFSw,https://www.youtube.com/watch?v=FpXbeLZWFSw
cljwcvfg5002w3n6lo9eg0k8w,12464,front,,Abnormal Gait,stroke,"{'top': 56.142857142857146, 'left': 246.85714285714286, 'height': 347.1428571428571, 'width': 158.57142857142858}","{'height': 480, 'width': 854, 'mime_type': 'video/mp4'}",FpXbeLZWFSw,https://www.youtube.com/watch?v=FpXbeLZWFSw
cljwcvfg5002w3n6lo9eg0k8w,12465,front,,Abnormal Gait,stroke,"{'top': 56.857142857142854, 'left': 250.14285714285714, 'height': 346.8571428571429, 'width': 158.42857142857142}","{'height': 480, 'width': 854, 'mime_type': 'video/mp4'}",FpXbeLZWFSw,https://www.youtube.com/watch?v=FpXbeLZWFSw
cljwcvfg5002w3n6lo9eg0k8w,12466,front,,Abnormal Gait,stroke,"{'top': 57.57142857142857, 'left': 253.42857142857144, 'height': 346.5714285714286, 'width': 158.28571428571428}","{'height': 480, 'width': 854, 'mime_type': 'video/mp4'}",FpXbeLZWFSw,https://www.youtube.com/watch?v=FpXbeLZWFSw
cljwcvfg5002w3n6lo9eg0k8w,12467,front,,Abnormal Gait,stroke,"{'top': 58.285714285714285, 'left': 256.7142857142857, 'height': 346.2857142857143, 'width': 158.1428571428571}","{'height': 480, 'width': 854, 'mime_type': 'video/mp4'}",FpXbeLZWFSw,https://www.youtube.com/watch?v=FpXbeLZWFSw
cljwcvfg5002w3n6lo9eg0k8w,12468,front,,Abnormal Gait,stroke,"{'top': 59.0, 'left': 260.0, 'height': 346.0, 'width': 158.0}","{'height': 480, 'width': 854, 'mime_type': 'video/mp4'}",FpXbeLZWFSw,https://www.youtube.com/watch?v=FpXbeLZWFSw
cljwcvfg5002w3n6lo9eg0k8w,12469,front,,Abnormal Gait,stroke,"{'top': 58.96551724137931, 'left': 259.6551724137931, 'height': 346.1034482758621, 'width': 158.27586206896552}","{'height': 480, 'width': 854, 'mime_type': 'video/mp4'}",FpXbeLZWFSw,https://www.youtube.com/watch?v=FpXbeLZWFSw
cljwcvfg5002w3n6lo9eg0k8w,12470,front,,Abnormal Gait,stroke,"{'top': 58.93103448275862, 'left': 259.3103448275862, 'height': 346.2068965517241, 'width': 158.55172413793105}","{'height': 480, 'width': 854, 'mime_type': 'video/mp4'}",FpXbeLZWFSw,https://www.youtube.com/watch?v=FpXbeLZWFSw
cljwcvfg5002w3n6lo9eg0k8w,12471,front,,Abnormal Gait,stroke,"{'top': 58.89655172413793, 'left': 258.9655172413793, 'height': 346.3103448275862, 'width': 158.82758620689657}","{'height': 480, 'width': 854, 'mime_type': 'video/mp4'}",FpXbeLZWFSw,https://www.youtube.com/watch?v=FpXbeLZWFSw
cljwcvfg5002w3n6lo9eg0k8w,12472,front,,Abnormal Gait,stroke,"{'top': 58.86206896551724, 'left': 258.62068965517244, 'height': 346.41379310344826, 'width': 159.10344827586204}","{'height': 480, 'width': 854, 'mime_type': 'video/mp4'}",FpXbeLZWFSw,https://www.youtube.com/watch?v=FpXbeLZWFSw
cljwcvfg5002w3n6lo9eg0k8w,12473,front,,Abnormal Gait,stroke,"{'top': 58.827586206896555, 'left': 258.2758620689655, 'height': 346.51724137931035, 'width': 159.37931034482756}","{'height': 480, 'width': 854, 'mime_type': 'video/mp4'}",FpXbeLZWFSw,https://www.youtube.com/watch?v=FpXbeLZWFSw
cljwcvfg5002w3n6lo9eg0k8w,12474,front,,Abnormal Gait,stroke,"{'top': 58.793103448275865, 'left': 257.9310344827586, 'height': 346.6206896551724, 'width': 159.65517241379314}","{'height': 480, 'width': 854, 'mime_type': 'video/mp4'}",FpXbeLZWFSw,https://www.youtube.com/watch?v=FpXbeLZWFSw
cljwcvfg5002w3n6lo9eg0k8w,12475,front,,Abnormal Gait,stroke,"{'top': 58.758620689655174, 'left': 257.58620689655174, 'height': 346.7241379310345, 'width': 159.9310344827586}","{'height': 480, 'width': 854, 'mime_type': 'video/mp4'}",FpXbeLZWFSw,https://www.youtube.com/watch?v=FpXbeLZWFSw
cljwcvfg5002w3n6lo9eg0k8w,12476,front,,Abnormal Gait,stroke,"{'top': 58.724137931034484, 'left': 257.2413793103448, 'height': 346.82758620689657, 'width': 160.20689655172413}","{'height': 480, 'width': 854, 'mime_type': 'video/mp4'}",FpXbeLZWFSw,https://www.youtube.com/watch?v=FpXbeLZWFSw
cljwcvfg5002w3n6lo9eg0k8w,12477,front,,Abnormal Gait,stroke,"{'top': 58.689655172413794, 'left': 256.8965517241379, 'height': 346.93103448275866, 'width': 160.48275862068965}","{'height': 480, 'width': 854, 'mime_type': 'video/mp4'}",FpXbeLZWFSw,https://www.youtube.com/watch?v=FpXbeLZWFSw
cljwcvfg5002w3n6lo9eg0k8w,12478,front,,Abnormal Gait,stroke,"{'top': 58.6551724137931, 'left': 256.55172413793105, 'height': 347.0344827586207, 'width': 160.75862068965517}","{'height': 480, 'width': 854, 'mime_type': 'video/mp4'}",FpXbeLZWFSw,https://www.youtube.com/watch?v=FpXbeLZWFSw
cljwcvfg5002w3n6lo9eg0k8w,12479,front,,Abnormal Gait,stroke,"{'top': 58.62068965517241, 'left': 256.2068965517241, 'height': 347.1379310344828, 'width': 161.0344827586207}","{'height': 480, 'width': 854, 'mime_type': 'video/mp4'}",FpXbeLZWFSw,https://www.youtube.com/watch?v=FpXbeLZWFSw
cljwcvfg5002w3n6lo9eg0k8w,12480,front,,Abnormal Gait,stroke,"{'top': 58.58620689655172, 'left': 255.86206896551724, 'height': 347.2413793103448, 'width': 161.3103448275862}","{'height': 480, 'width': 854, 'mime_type': 'video/mp4'}",FpXbeLZWFSw,https://www.youtube.com/watch?v=FpXbeLZWFSw
cljwcvfg5002w3n6lo9eg0k8w,12481,front,,Abnormal Gait,stroke,"{'top': 58.55172413793103, 'left': 255.51724137931035, 'height': 347.34482758620686, 'width': 161.58620689655174}","{'height': 480, 'width': 854, 'mime_type': 'video/mp4'}",FpXbeLZWFSw,https://www.youtube.com/watch?v=FpXbeLZWFSw
cljwcvfg5002w3n6lo9eg0k8w,12482,front,,Abnormal Gait,stroke,"{'top': 58.51724137931034, 'left': 255.17241379310346, 'height': 347.44827586206895, 'width': 161.86206896551724}","{'height': 480, 'width': 854, 'mime_type': 'video/mp4'}",FpXbeLZWFSw,https://www.youtube.com/watch?v=FpXbeLZWFSw
cljwcvfg5002w3n6lo9eg0k8w,12483,front,,Abnormal Gait,stroke,"{'top': 58.48275862068966, 'left': 254.82758620689654, 'height': 347.55172413793105, 'width': 162.13793103448276}","{'height': 480, 'width': 854, 'mime_type': 'video/mp4'}",FpXbeLZWFSw,https://www.youtube.com/watch?v=FpXbeLZWFSw
cljwcvfg5002w3n6lo9eg0k8w,12484,front,,Abnormal Gait,stroke,"{'top': 58.44827586206897, 'left': 254.48275862068965, 'height': 347.65517241379314, 'width': 162.41379310344826}","{'height': 480, 'width': 854, 'mime_type': 'video/mp4'}",FpXbeLZWFSw,https://www.youtube.com/watch?v=FpXbeLZWFSw
cljwcvfg5002w3n6lo9eg0k8w,12485,front,,Abnormal Gait,stroke,"{'top': 58.41379310344828, 'left': 254.13793103448276, 'height': 347.7586206896552, 'width': 162.6896551724138}","{'height': 480, 'width': 854, 'mime_type': 'video/mp4'}",FpXbeLZWFSw,https://www.youtube.com/watch?v=FpXbeLZWFSw
cljwcvfg5002w3n6lo9eg0k8w,12486,front,,Abnormal Gait,stroke,"{'top': 58.37931034482759, 'left': 253.79310344827587, 'height': 347.8620689655172, 'width': 162.9655172413793}","{'height': 480, 'width': 854, 'mime_type': 'video/mp4'}",FpXbeLZWFSw,https://www.youtube.com/watch?v=FpXbeLZWFSw
cljwcvfg5002w3n6lo9eg0k8w,12487,front,,Abnormal Gait,stroke,"{'top': 58.3448275862069, 'left': 253.44827586206895, 'height': 347.9655172413793, 'width': 163.24137931034483}","{'height': 480, 'width': 854, 'mime_type': 'video/mp4'}",FpXbeLZWFSw,https://www.youtube.com/watch?v=FpXbeLZWFSw
cljwcvfg5002w3n6lo9eg0k8w,12488,front,,Abnormal Gait,stroke,"{'top': 58.310344827586206, 'left': 253.10344827586206, 'height': 348.06896551724134, 'width': 163.51724137931038}","{'height': 480, 'width': 854, 'mime_type': 'video/mp4'}",FpXbeLZWFSw,https://www.youtube.com/watch?v=FpXbeLZWFSw
cljwcvfg5002w3n6lo9eg0k8w,12489,front,,Abnormal Gait,stroke,"{'top': 58.275862068965516, 'left': 252.75862068965517, 'height': 348.17241379310343, 'width': 163.79310344827587}","{'height': 480, 'width': 854, 'mime_type': 'video/mp4'}",FpXbeLZWFSw,https://www.youtube.com/watch?v=FpXbeLZWFSw
cljwcvfg5002w3n6lo9eg0k8w,12490,front,,Abnormal Gait,stroke,"{'top': 58.241379310344826, 'left': 252.41379310344828, 'height': 348.2758620689655, 'width': 164.06896551724137}","{'height': 480, 'width': 854, 'mime_type': 'video/mp4'}",FpXbeLZWFSw,https://www.youtube.com/watch?v=FpXbeLZWFSw
cljwcvfg5002w3n6lo9eg0k8w,12491,front,,Abnormal Gait,stroke,"{'top': 58.206896551724135, 'left': 252.06896551724137, 'height': 348.3793103448276, 'width': 164.3448275862069}","{'height': 480, 'width': 854, 'mime_type': 'video/mp4'}",FpXbeLZWFSw,https://www.youtube.com/watch?v=FpXbeLZWFSw
cljwcvfg5002w3n6lo9eg0k8w,12492,front,,Abnormal Gait,stroke,"{'top': 58.172413793103445, 'left': 251.72413793103448, 'height': 348.48275862068965, 'width': 164.62068965517244}","{'height': 480, 'width': 854, 'mime_type': 'video/mp4'}",FpXbeLZWFSw,https://www.youtube.com/watch?v=FpXbeLZWFSw
cljwcvfg5002w3n6lo9eg0k8w,12493,front,,Abnormal Gait,stroke,"{'top': 58.13793103448276, 'left': 251.3793103448276, 'height': 348.58620689655174, 'width': 164.89655172413794}","{'height': 480, 'width': 854, 'mime_type': 'video/mp4'}",FpXbeLZWFSw,https://www.youtube.com/watch?v=FpXbeLZWFSw
cljwcvfg5002w3n6lo9eg0k8w,12494,front,,Abnormal Gait,stroke,"{'top': 58.10344827586207, 'left': 251.0344827586207, 'height': 348.6896551724138, 'width': 165.17241379310343}","{'height': 480, 'width': 854, 'mime_type': 'video/mp4'}",FpXbeLZWFSw,https://www.youtube.com/watch?v=FpXbeLZWFSw
cljwcvfg5002w3n6lo9eg0k8w,12495,front,,Abnormal Gait,stroke,"{'top': 58.06896551724138, 'left': 250.68965517241378, 'height': 348.7931034482759, 'width': 165.44827586206895}","{'height': 480, 'width': 854, 'mime_type': 'video/mp4'}",FpXbeLZWFSw,https://www.youtube.com/watch?v=FpXbeLZWFSw
cljwcvfg5002w3n6lo9eg0k8w,12496,front,,Abnormal Gait,stroke,"{'top': 58.03448275862069, 'left': 250.3448275862069, 'height': 348.8965517241379, 'width': 165.7241379310345}","{'height': 480, 'width': 854, 'mime_type': 'video/mp4'}",FpXbeLZWFSw,https://www.youtube.com/watch?v=FpXbeLZWFSw
cljwcvfg5002w3n6lo9eg0k8w,12497,front,,Abnormal Gait,stroke,"{'top': 58.0, 'left': 250.0, 'height': 349.0, 'width': 166.0}","{'height': 480, 'width': 854, 'mime_type': 'video/mp4'}",FpXbeLZWFSw,https://www.youtube.com/watch?v=FpXbeLZWFSw
cljwcvfg5002w3n6lo9eg0k8w,12498,front,,Abnormal Gait,stroke,"{'top': 57.96551724137931, 'left': 249.6551724137931, 'height': 349.1034482758621, 'width': 166.2758620689655}","{'height': 480, 'width': 854, 'mime_type': 'video/mp4'}",FpXbeLZWFSw,https://www.youtube.com/watch?v=FpXbeLZWFSw
cljwcvfg5002w3n6lo9eg0k8w,12499,front,,Abnormal Gait,stroke,"{'top': 57.93103448275862, 'left': 249.31034482758622, 'height': 349.2068965517241, 'width': 166.55172413793105}","{'height': 480, 'width': 854, 'mime_type': 'video/mp4'}",FpXbeLZWFSw,https://www.youtube.com/watch?v=FpXbeLZWFSw
cljwcvfg5002w3n6lo9eg0k8w,12500,front,,Abnormal Gait,stroke,"{'top': 57.89655172413793, 'left': 248.9655172413793, 'height': 349.3103448275862, 'width': 166.82758620689657}","{'height': 480, 'width': 854, 'mime_type': 'video/mp4'}",FpXbeLZWFSw,https://www.youtube.com/watch?v=FpXbeLZWFSw
cljwcvfg5002w3n6lo9eg0k8w,12501,front,,Abnormal Gait,stroke,"{'top': 57.86206896551724, 'left': 248.6206896551724, 'height': 349.41379310344826, 'width': 167.10344827586206}","{'height': 480, 'width': 854, 'mime_type': 'video/mp4'}",FpXbeLZWFSw,https://www.youtube.com/watch?v=FpXbeLZWFSw
cljwcvfg5002w3n6lo9eg0k8w,12502,front,,Abnormal Gait,stroke,"{'top': 57.827586206896555, 'left': 248.27586206896552, 'height': 349.51724137931035, 'width': 167.37931034482756}","{'height': 480, 'width': 854, 'mime_type': 'video/mp4'}",FpXbeLZWFSw,https://www.youtube.com/watch?v=FpXbeLZWFSw
cljwcvfg5002w3n6lo9eg0k8w,12503,front,,Abnormal Gait,stroke,"{'top': 57.793103448275865, 'left': 247.93103448275863, 'height': 349.6206896551724, 'width': 167.6551724137931}","{'height': 480, 'width': 854, 'mime_type': 'video/mp4'}",FpXbeLZWFSw,https://www.youtube.com/watch?v=FpXbeLZWFSw
cljwcvfg5002w3n6lo9eg0k8w,12504,front,,Abnormal Gait,stroke,"{'top': 57.758620689655174, 'left': 247.58620689655172, 'height': 349.7241379310345, 'width': 167.93103448275863}","{'height': 480, 'width': 854, 'mime_type': 'video/mp4'}",FpXbeLZWFSw,https://www.youtube.com/watch?v=FpXbeLZWFSw
cljwcvfg5002w3n6lo9eg0k8w,12505,front,,Abnormal Gait,stroke,"{'top': 57.724137931034484, 'left': 247.24137931034483, 'height': 349.82758620689657, 'width': 168.20689655172413}","{'height': 480, 'width': 854, 'mime_type': 'video/mp4'}",FpXbeLZWFSw,https://www.youtube.com/watch?v=FpXbeLZWFSw
cljwcvfg5002w3n6lo9eg0k8w,12506,front,,Abnormal Gait,stroke,"{'top': 57.689655172413794, 'left': 246.89655172413794, 'height': 349.93103448275866, 'width': 168.48275862068962}","{'height': 480, 'width': 854, 'mime_type': 'video/mp4'}",FpXbeLZWFSw,https://www.youtube.com/watch?v=FpXbeLZWFSw
cljwcvfg5002w3n6lo9eg0k8w,12507,front,,Abnormal Gait,stroke,"{'top': 57.6551724137931, 'left': 246.55172413793105, 'height': 350.0344827586207, 'width': 168.75862068965517}","{'height': 480, 'width': 854, 'mime_type': 'video/mp4'}",FpXbeLZWFSw,https://www.youtube.com/watch?v=FpXbeLZWFSw
cljwcvfg5002w3n6lo9eg0k8w,12508,front,,Abnormal Gait,stroke,"{'top': 57.62068965517241, 'left': 246.20689655172413, 'height': 350.1379310344828, 'width': 169.0344827586207}","{'height': 480, 'width': 854, 'mime_type': 'video/mp4'}",FpXbeLZWFSw,https://www.youtube.com/watch?v=FpXbeLZWFSw
cljwcvfg5002w3n6lo9eg0k8w,12509,front,,Abnormal Gait,stroke,"{'top': 57.58620689655172, 'left': 245.86206896551724, 'height': 350.2413793103448, 'width': 169.3103448275862}","{'height': 480, 'width': 854, 'mime_type': 'video/mp4'}",FpXbeLZWFSw,https://www.youtube.com/watch?v=FpXbeLZWFSw
cljwcvfg5002w3n6lo9eg0k8w,12510,front,,Abnormal Gait,stroke,"{'top': 57.55172413793103, 'left': 245.51724137931035, 'height': 350.34482758620686, 'width': 169.58620689655174}","{'height': 480, 'width': 854, 'mime_type': 'video/mp4'}",FpXbeLZWFSw,https://www.youtube.com/watch?v=FpXbeLZWFSw
cljwcvfg5002w3n6lo9eg0k8w,12511,front,,Abnormal Gait,stroke,"{'top': 57.51724137931034, 'left': 245.17241379310346, 'height': 350.44827586206895, 'width': 169.86206896551724}","{'height': 480, 'width': 854, 'mime_type': 'video/mp4'}",FpXbeLZWFSw,https://www.youtube.com/watch?v=FpXbeLZWFSw
cljwcvfg5002w3n6lo9eg0k8w,12512,front,,Abnormal Gait,stroke,"{'top': 57.48275862068966, 'left': 244.82758620689654, 'height': 350.55172413793105, 'width': 170.13793103448276}","{'height': 480, 'width': 854, 'mime_type': 'video/mp4'}",FpXbeLZWFSw,https://www.youtube.com/watch?v=FpXbeLZWFSw
cljwcvfg5002w3n6lo9eg0k8w,12513,front,,Abnormal Gait,stroke,"{'top': 57.44827586206897, 'left': 244.48275862068965, 'height': 350.65517241379314, 'width': 170.41379310344826}","{'height': 480, 'width': 854, 'mime_type': 'video/mp4'}",FpXbeLZWFSw,https://www.youtube.com/watch?v=FpXbeLZWFSw
cljwcvfg5002w3n6lo9eg0k8w,12514,front,,Abnormal Gait,stroke,"{'top': 57.41379310344828, 'left': 244.13793103448276, 'height': 350.7586206896552, 'width': 170.6896551724138}","{'height': 480, 'width': 854, 'mime_type': 'video/mp4'}",FpXbeLZWFSw,https://www.youtube.com/watch?v=FpXbeLZWFSw
cljwcvfg5002w3n6lo9eg0k8w,12515,front,,Abnormal Gait,stroke,"{'top': 57.37931034482759, 'left': 243.79310344827587, 'height': 350.8620689655172, 'width': 170.9655172413793}","{'height': 480, 'width': 854, 'mime_type': 'video/mp4'}",FpXbeLZWFSw,https://www.youtube.com/watch?v=FpXbeLZWFSw
cljwcvfg5002w3n6lo9eg0k8w,12516,front,,Abnormal Gait,stroke,"{'top': 57.3448275862069, 'left': 243.44827586206895, 'height': 350.9655172413793, 'width': 171.24137931034483}","{'height': 480, 'width': 854, 'mime_type': 'video/mp4'}",FpXbeLZWFSw,https://www.youtube.com/watch?v=FpXbeLZWFSw
cljwcvfg5002w3n6lo9eg0k8w,12517,front,,Abnormal Gait,stroke,"{'top': 57.310344827586206, 'left': 243.10344827586206, 'height': 351.06896551724134, 'width': 171.51724137931038}","{'height': 480, 'width': 854, 'mime_type': 'video/mp4'}",FpXbeLZWFSw,https://www.youtube.com/watch?v=FpXbeLZWFSw
cljwcvfg5002w3n6lo9eg0k8w,12518,front,,Abnormal Gait,stroke,"{'top': 57.275862068965516, 'left': 242.75862068965517, 'height': 351.17241379310343, 'width': 171.79310344827587}","{'height': 480, 'width': 854, 'mime_type': 'video/mp4'}",FpXbeLZWFSw,https://www.youtube.com/watch?v=FpXbeLZWFSw
cljwcvfg5002w3n6lo9eg0k8w,12519,front,,Abnormal Gait,stroke,"{'top': 57.241379310344826, 'left': 242.41379310344828, 'height': 351.2758620689655, 'width': 172.06896551724137}","{'height': 480, 'width': 854, 'mime_type': 'video/mp4'}",FpXbeLZWFSw,https://www.youtube.com/watch?v=FpXbeLZWFSw
cljwcvfg5002w3n6lo9eg0k8w,12520,front,,Abnormal Gait,stroke,"{'top': 57.206896551724135, 'left': 242.0689655172414, 'height': 351.3793103448276, 'width': 172.34482758620686}","{'height': 480, 'width': 854, 'mime_type': 'video/mp4'}",FpXbeLZWFSw,https://www.youtube.com/watch?v=FpXbeLZWFSw
cljwcvfg5002w3n6lo9eg0k8w,12521,front,,Abnormal Gait,stroke,"{'top': 57.172413793103445, 'left': 241.72413793103448, 'height': 351.48275862068965, 'width': 172.62068965517244}","{'height': 480, 'width': 854, 'mime_type': 'video/mp4'}",FpXbeLZWFSw,https://www.youtube.com/watch?v=FpXbeLZWFSw
cljwcvfg5002w3n6lo9eg0k8w,12522,front,,Abnormal Gait,stroke,"{'top': 57.13793103448276, 'left': 241.3793103448276, 'height': 351.58620689655174, 'width': 172.89655172413794}","{'height': 480, 'width': 854, 'mime_type': 'video/mp4'}",FpXbeLZWFSw,https://www.youtube.com/watch?v=FpXbeLZWFSw
cljwcvfg5002w3n6lo9eg0k8w,12523,front,,Abnormal Gait,stroke,"{'top': 57.10344827586207, 'left': 241.0344827586207, 'height': 351.6896551724138, 'width': 173.17241379310343}","{'height': 480, 'width': 854, 'mime_type': 'video/mp4'}",FpXbeLZWFSw,https://www.youtube.com/watch?v=FpXbeLZWFSw
cljwcvfg5002w3n6lo9eg0k8w,12524,front,,Abnormal Gait,stroke,"{'top': 57.06896551724138, 'left': 240.68965517241378, 'height': 351.7931034482759, 'width': 173.44827586206895}","{'height': 480, 'width': 854, 'mime_type': 'video/mp4'}",FpXbeLZWFSw,https://www.youtube.com/watch?v=FpXbeLZWFSw
cljwcvfg5002w3n6lo9eg0k8w,12525,front,,Abnormal Gait,stroke,"{'top': 57.03448275862069, 'left': 240.3448275862069, 'height': 351.8965517241379, 'width': 173.7241379310345}","{'height': 480, 'width': 854, 'mime_type': 'video/mp4'}",FpXbeLZWFSw,https://www.youtube.com/watch?v=FpXbeLZWFSw
cljwcvfg5002w3n6lo9eg0k8w,12526,front,,Abnormal Gait,stroke,"{'top': 57.0, 'left': 240.0, 'height': 352.0, 'width': 174.0}","{'height': 480, 'width': 854, 'mime_type': 'video/mp4'}",FpXbeLZWFSw,https://www.youtube.com/watch?v=FpXbeLZWFSw
cljwcvfg5002w3n6lo9eg0k8w,12527,front,,Abnormal Gait,stroke,"{'top': 56.833333333333336, 'left': 239.3111111111111, 'height': 351.5777777777778, 'width': 173.7777777777778}","{'height': 480, 'width': 854, 'mime_type': 'video/mp4'}",FpXbeLZWFSw,https://www.youtube.com/watch?v=FpXbeLZWFSw
cljwcvfg5002w3n6lo9eg0k8w,12528,front,,Abnormal Gait,stroke,"{'top': 56.666666666666664, 'left': 238.62222222222223, 'height': 351.1555555555555, 'width': 173.55555555555557}","{'height': 480, 'width': 854, 'mime_type': 'video/mp4'}",FpXbeLZWFSw,https://www.youtube.com/watch?v=FpXbeLZWFSw
cljwcvfg5002w3n6lo9eg0k8w,12529,front,,Abnormal Gait,stroke,"{'top': 56.5, 'left': 237.93333333333334, 'height': 350.73333333333335, 'width': 173.33333333333331}","{'height': 480, 'width': 854, 'mime_type': 'video/mp4'}",FpXbeLZWFSw,https://www.youtube.com/watch?v=FpXbeLZWFSw
cljwcvfg5002w3n6lo9eg0k8w,12530,front,,Abnormal Gait,stroke,"{'top': 56.333333333333336, 'left': 237.24444444444444, 'height': 350.31111111111113, 'width': 173.11111111111111}","{'height': 480, 'width': 854, 'mime_type': 'video/mp4'}",FpXbeLZWFSw,https://www.youtube.com/watch?v=FpXbeLZWFSw
cljwcvfg5002w3n6lo9eg0k8w,12531,front,,Abnormal Gait,stroke,"{'top': 56.166666666666664, 'left': 236.55555555555554, 'height': 349.88888888888886, 'width': 172.8888888888889}","{'height': 480, 'width': 854, 'mime_type': 'video/mp4'}",FpXbeLZWFSw,https://www.youtube.com/watch?v=FpXbeLZWFSw
cljwcvfg5002w3n6lo9eg0k8w,12532,front,,Abnormal Gait,stroke,"{'top': 56.0, 'left': 235.86666666666667, 'height': 349.46666666666664, 'width': 172.66666666666669}","{'height': 480, 'width': 854, 'mime_type': 'video/mp4'}",FpXbeLZWFSw,https://www.youtube.com/watch?v=FpXbeLZWFSw
cljwcvfg5002w3n6lo9eg0k8w,12533,front,,Abnormal Gait,stroke,"{'top': 55.833333333333336, 'left': 235.17777777777778, 'height': 349.0444444444445, 'width': 172.44444444444443}","{'height': 480, 'width': 854, 'mime_type': 'video/mp4'}",FpXbeLZWFSw,https://www.youtube.com/watch?v=FpXbeLZWFSw
cljwcvfg5002w3n6lo9eg0k8w,12534,front,,Abnormal Gait,stroke,"{'top': 55.666666666666664, 'left': 234.48888888888888, 'height': 348.6222222222222, 'width': 172.22222222222223}","{'height': 480, 'width': 854, 'mime_type': 'video/mp4'}",FpXbeLZWFSw,https://www.youtube.com/watch?v=FpXbeLZWFSw
cljwcvfg5002w3n6lo9eg0k8w,12535,front,,Abnormal Gait,stroke,"{'top': 55.5, 'left': 233.8, 'height': 348.2, 'width': 172.0}","{'height': 480, 'width': 854, 'mime_type': 'video/mp4'}",FpXbeLZWFSw,https://www.youtube.com/watch?v=FpXbeLZWFSw
cljwcvfg5002w3n6lo9eg0k8w,12536,front,,Abnormal Gait,stroke,"{'top': 55.333333333333336, 'left': 233.11111111111111, 'height': 347.77777777777777, 'width': 171.7777777777778}","{'height': 480, 'width': 854, 'mime_type': 'video/mp4'}",FpXbeLZWFSw,https://www.youtube.com/watch?v=FpXbeLZWFSw
cljwcvfg5002w3n6lo9eg0k8w,12537,front,,Abnormal Gait,stroke,"{'top': 55.166666666666664, 'left': 232.42222222222222, 'height': 347.35555555555555, 'width': 171.55555555555554}","{'height': 480, 'width': 854, 'mime_type': 'video/mp4'}",FpXbeLZWFSw,https://www.youtube.com/watch?v=FpXbeLZWFSw
cljwcvfg5002w3n6lo9eg0k8w,12538,front,,Abnormal Gait,stroke,"{'top': 55.0, 'left': 231.73333333333335, 'height': 346.93333333333334, 'width': 171.33333333333331}","{'height': 480, 'width': 854, 'mime_type': 'video/mp4'}",FpXbeLZWFSw,https://www.youtube.com/watch?v=FpXbeLZWFSw
cljwcvfg5002w3n6lo9eg0k8w,12539,front,,Abnormal Gait,stroke,"{'top': 54.833333333333336, 'left': 231.04444444444445, 'height': 346.5111111111111, 'width': 171.11111111111111}","{'height': 480, 'width': 854, 'mime_type': 'video/mp4'}",FpXbeLZWFSw,https://www.youtube.com/watch?v=FpXbeLZWFSw
cljwcvfg5002w3n6lo9eg0k8w,12540,front,,Abnormal Gait,stroke,"{'top': 54.666666666666664, 'left': 230.35555555555555, 'height': 346.08888888888885, 'width': 170.8888888888889}","{'height': 480, 'width': 854, 'mime_type': 'video/mp4'}",FpXbeLZWFSw,https://www.youtube.com/watch?v=FpXbeLZWFSw
cljwcvfg5002w3n6lo9eg0k8w,12541,front,,Abnormal Gait,stroke,"{'top': 54.5, 'left': 229.66666666666666, 'height': 345.6666666666667, 'width': 170.66666666666666}","{'height': 480, 'width': 854, 'mime_type': 'video/mp4'}",FpXbeLZWFSw,https://www.youtube.com/watch?v=FpXbeLZWFSw
cljwcvfg5002w3n6lo9eg0k8w,12542,front,,Abnormal Gait,stroke,"{'top': 54.333333333333336, 'left': 228.9777777777778, 'height': 345.24444444444447, 'width': 170.44444444444443}","{'height': 480, 'width': 854, 'mime_type': 'video/mp4'}",FpXbeLZWFSw,https://www.youtube.com/watch?v=FpXbeLZWFSw
cljwcvfg5002w3n6lo9eg0k8w,12543,front,,Abnormal Gait,stroke,"{'top': 54.166666666666664, 'left': 228.2888888888889, 'height': 344.8222222222222, 'width': 170.22222222222223}","{'height': 480, 'width': 854, 'mime_type': 'video/mp4'}",FpXbeLZWFSw,https://www.youtube.com/watch?v=FpXbeLZWFSw
cljwcvfg5002w3n6lo9eg0k8w,12544,front,,Abnormal Gait,stroke,"{'top': 54.0, 'left': 227.6, 'height': 344.4, 'width': 170.00000000000003}","{'height': 480, 'width': 854, 'mime_type': 'video/mp4'}",FpXbeLZWFSw,https://www.youtube.com/watch?v=FpXbeLZWFSw
cljwcvfg5002w3n6lo9eg0k8w,12545,front,,Abnormal Gait,stroke,"{'top': 53.833333333333336, 'left': 226.9111111111111, 'height': 343.9777777777778, 'width': 169.77777777777777}","{'height': 480, 'width': 854, 'mime_type': 'video/mp4'}",FpXbeLZWFSw,https://www.youtube.com/watch?v=FpXbeLZWFSw
cljwcvfg5002w3n6lo9eg0k8w,12546,front,,Abnormal Gait,stroke,"{'top': 53.666666666666664, 'left': 226.22222222222223, 'height': 343.55555555555554, 'width': 169.55555555555554}","{'height': 480, 'width': 854, 'mime_type': 'video/mp4'}",FpXbeLZWFSw,https://www.youtube.com/watch?v=FpXbeLZWFSw
cljwcvfg5002w3n6lo9eg0k8w,12547,front,,Abnormal Gait,stroke,"{'top': 53.5, 'left': 225.53333333333333, 'height': 343.1333333333333, 'width': 169.33333333333334}","{'height': 480, 'width': 854, 'mime_type': 'video/mp4'}",FpXbeLZWFSw,https://www.youtube.com/watch?v=FpXbeLZWFSw
cljwcvfg5002w3n6lo9eg0k8w,12548,front,,Abnormal Gait,stroke,"{'top': 53.333333333333336, 'left': 224.84444444444443, 'height': 342.7111111111111, 'width': 169.11111111111114}","{'height': 480, 'width': 854, 'mime_type': 'video/mp4'}",FpXbeLZWFSw,https://www.youtube.com/watch?v=FpXbeLZWFSw
cljwcvfg5002w3n6lo9eg0k8w,12549,front,,Abnormal Gait,stroke,"{'top': 53.166666666666664, 'left': 224.15555555555557, 'height': 342.2888888888889, 'width': 168.88888888888886}","{'height': 480, 'width': 854, 'mime_type': 'video/mp4'}",FpXbeLZWFSw,https://www.youtube.com/watch?v=FpXbeLZWFSw
cljwcvfg5002w3n6lo9eg0k8w,12550,front,,Abnormal Gait,stroke,"{'top': 53.0, 'left': 223.46666666666667, 'height': 341.8666666666667, 'width': 168.66666666666666}","{'height': 480, 'width': 854, 'mime_type': 'video/mp4'}",FpXbeLZWFSw,https://www.youtube.com/watch?v=FpXbeLZWFSw
cljwcvfg5002w3n6lo9eg0k8w,12551,front,,Abnormal Gait,stroke,"{'top': 52.833333333333336, 'left': 222.77777777777777, 'height': 341.44444444444446, 'width': 168.44444444444446}","{'height': 480, 'width': 854, 'mime_type': 'video/mp4'}",FpXbeLZWFSw,https://www.youtube.com/watch?v=FpXbeLZWFSw
cljwcvfg5002w3n6lo9eg0k8w,12552,front,,Abnormal Gait,stroke,"{'top': 52.666666666666664, 'left': 222.0888888888889, 'height': 341.0222222222222, 'width': 168.22222222222223}","{'height': 480, 'width': 854, 'mime_type': 'video/mp4'}",FpXbeLZWFSw,https://www.youtube.com/watch?v=FpXbeLZWFSw
cljwcvfg5002w3n6lo9eg0k8w,12553,front,,Abnormal Gait,stroke,"{'top': 52.5, 'left': 221.4, 'height': 340.6, 'width': 167.99999999999997}","{'height': 480, 'width': 854, 'mime_type': 'video/mp4'}",FpXbeLZWFSw,https://www.youtube.com/watch?v=FpXbeLZWFSw
cljwcvfg5002w3n6lo9eg0k8w,12554,front,,Abnormal Gait,stroke,"{'top': 52.333333333333336, 'left': 220.7111111111111, 'height': 340.1777777777778, 'width': 167.77777777777777}","{'height': 480, 'width': 854, 'mime_type': 'video/mp4'}",FpXbeLZWFSw,https://www.youtube.com/watch?v=FpXbeLZWFSw
cljwcvfg5002w3n6lo9eg0k8w,12555,front,,Abnormal Gait,stroke,"{'top': 52.166666666666664, 'left': 220.0222222222222, 'height': 339.75555555555553, 'width': 167.55555555555557}","{'height': 480, 'width': 854, 'mime_type': 'video/mp4'}",FpXbeLZWFSw,https://www.youtube.com/watch?v=FpXbeLZWFSw
cljwcvfg5002w3n6lo9eg0k8w,12556,front,,Abnormal Gait,stroke,"{'top': 52.0, 'left': 219.33333333333334, 'height': 339.3333333333333, 'width': 167.33333333333334}","{'height': 480, 'width': 854, 'mime_type': 'video/mp4'}",FpXbeLZWFSw,https://www.youtube.com/watch?v=FpXbeLZWFSw
cljwcvfg5002w3n6lo9eg0k8w,12557,front,,Abnormal Gait,stroke,"{'top': 51.833333333333336, 'left': 218.64444444444445, 'height': 338.91111111111115, 'width': 167.1111111111111}","{'height': 480, 'width': 854, 'mime_type': 'video/mp4'}",FpXbeLZWFSw,https://www.youtube.com/watch?v=FpXbeLZWFSw
cljwcvfg5002w3n6lo9eg0k8w,12558,front,,Abnormal Gait,stroke,"{'top': 51.666666666666664, 'left': 217.95555555555555, 'height': 338.4888888888889, 'width': 166.88888888888889}","{'height': 480, 'width': 854, 'mime_type': 'video/mp4'}",FpXbeLZWFSw,https://www.youtube.com/watch?v=FpXbeLZWFSw
cljwcvfg5002w3n6lo9eg0k8w,12559,front,,Abnormal Gait,stroke,"{'top': 51.5, 'left': 217.26666666666668, 'height': 338.06666666666666, 'width': 166.66666666666666}","{'height': 480, 'width': 854, 'mime_type': 'video/mp4'}",FpXbeLZWFSw,https://www.youtube.com/watch?v=FpXbeLZWFSw
cljwcvfg5002w3n6lo9eg0k8w,12560,front,,Abnormal Gait,stroke,"{'top': 51.333333333333336, 'left': 216.57777777777778, 'height': 337.64444444444445, 'width': 166.44444444444446}","{'height': 480, 'width': 854, 'mime_type': 'video/mp4'}",FpXbeLZWFSw,https://www.youtube.com/watch?v=FpXbeLZWFSw
cljwcvfg5002w3n6lo9eg0k8w,12561,front,,Abnormal Gait,stroke,"{'top': 51.166666666666664, 'left': 215.88888888888889, 'height': 337.22222222222223, 'width': 166.2222222222222}","{'height': 480, 'width': 854, 'mime_type': 'video/mp4'}",FpXbeLZWFSw,https://www.youtube.com/watch?v=FpXbeLZWFSw
cljwcvfg5002w3n6lo9eg0k8w,12562,front,,Abnormal Gait,stroke,"{'top': 51.0, 'left': 215.2, 'height': 336.8, 'width': 166.0}","{'height': 480, 'width': 854, 'mime_type': 'video/mp4'}",FpXbeLZWFSw,https://www.youtube.com/watch?v=FpXbeLZWFSw
cljwcvfg5002w3n6lo9eg0k8w,12563,front,,Abnormal Gait,stroke,"{'top': 50.833333333333336, 'left': 214.51111111111112, 'height': 336.3777777777778, 'width': 165.77777777777777}","{'height': 480, 'width': 854, 'mime_type': 'video/mp4'}",FpXbeLZWFSw,https://www.youtube.com/watch?v=FpXbeLZWFSw
cljwcvfg5002w3n6lo9eg0k8w,12564,front,,Abnormal Gait,stroke,"{'top': 50.666666666666664, 'left': 213.82222222222222, 'height': 335.9555555555555, 'width': 165.55555555555557}","{'height': 480, 'width': 854, 'mime_type': 'video/mp4'}",FpXbeLZWFSw,https://www.youtube.com/watch?v=FpXbeLZWFSw
cljwcvfg5002w3n6lo9eg0k8w,12565,front,,Abnormal Gait,stroke,"{'top': 50.5, 'left': 213.13333333333333, 'height': 335.5333333333333, 'width': 165.33333333333337}","{'height': 480, 'width': 854, 'mime_type': 'video/mp4'}",FpXbeLZWFSw,https://www.youtube.com/watch?v=FpXbeLZWFSw
cljwcvfg5002w3n6lo9eg0k8w,12566,front,,Abnormal Gait,stroke,"{'top': 50.333333333333336, 'left': 212.44444444444446, 'height': 335.11111111111114, 'width': 165.1111111111111}","{'height': 480, 'width': 854, 'mime_type': 'video/mp4'}",FpXbeLZWFSw,https://www.youtube.com/watch?v=FpXbeLZWFSw
cljwcvfg5002w3n6lo9eg0k8w,12567,front,,Abnormal Gait,stroke,"{'top': 50.166666666666664, 'left': 211.75555555555556, 'height': 334.68888888888887, 'width': 164.88888888888889}","{'height': 480, 'width': 854, 'mime_type': 'video/mp4'}",FpXbeLZWFSw,https://www.youtube.com/watch?v=FpXbeLZWFSw
cljwcvfg5002w3n6lo9eg0k8w,12568,front,,Abnormal Gait,stroke,"{'top': 50.0, 'left': 211.06666666666666, 'height': 334.26666666666665, 'width': 164.66666666666669}","{'height': 480, 'width': 854, 'mime_type': 'video/mp4'}",FpXbeLZWFSw,https://www.youtube.com/watch?v=FpXbeLZWFSw
cljwcvfg5002w3n6lo9eg0k8w,12569,front,,Abnormal Gait,stroke,"{'top': 49.833333333333336, 'left': 210.37777777777777, 'height': 333.8444444444445, 'width': 164.44444444444443}","{'height': 480, 'width': 854, 'mime_type': 'video/mp4'}",FpXbeLZWFSw,https://www.youtube.com/watch?v=FpXbeLZWFSw
cljwcvfg5002w3n6lo9eg0k8w,12570,front,,Abnormal Gait,stroke,"{'top': 49.666666666666664, 'left': 209.6888888888889, 'height': 333.4222222222222, 'width': 164.2222222222222}","{'height': 480, 'width': 854, 'mime_type': 'video/mp4'}",FpXbeLZWFSw,https://www.youtube.com/watch?v=FpXbeLZWFSw
cljwcvfg5002w3n6lo9eg0k8w,12571,front,,Abnormal Gait,stroke,"{'top': 49.5, 'left': 209.0, 'height': 333.0, 'width': 164.0}","{'height': 480, 'width': 854, 'mime_type': 'video/mp4'}",FpXbeLZWFSw,https://www.youtube.com/watch?v=FpXbeLZWFSw
cljwcvfg5002w3n6lo9eg0k8w,12572,front,,Abnormal Gait,stroke,"{'top': 49.333333333333336, 'left': 208.3111111111111, 'height': 332.5777777777778, 'width': 163.7777777777778}","{'height': 480, 'width': 854, 'mime_type': 'video/mp4'}",FpXbeLZWFSw,https://www.youtube.com/watch?v=FpXbeLZWFSw
cljwcvfg5002w3n6lo9eg0k8w,12573,front,,Abnormal Gait,stroke,"{'top': 49.166666666666664, 'left': 207.6222222222222, 'height': 332.1555555555555, 'width': 163.5555555555556}","{'height': 480, 'width': 854, 'mime_type': 'video/mp4'}",FpXbeLZWFSw,https://www.youtube.com/watch?v=FpXbeLZWFSw
cljwcvfg5002w3n6lo9eg0k8w,12574,front,,Abnormal Gait,stroke,"{'top': 49.0, 'left': 206.93333333333334, 'height': 331.73333333333335, 'width': 163.33333333333331}","{'height': 480, 'width': 854, 'mime_type': 'video/mp4'}",FpXbeLZWFSw,https://www.youtube.com/watch?v=FpXbeLZWFSw
cljwcvfg5002w3n6lo9eg0k8w,12575,front,,Abnormal Gait,stroke,"{'top': 48.833333333333336, 'left': 206.24444444444444, 'height': 331.31111111111113, 'width': 163.11111111111111}","{'height': 480, 'width': 854, 'mime_type': 'video/mp4'}",FpXbeLZWFSw,https://www.youtube.com/watch?v=FpXbeLZWFSw
cljwcvfg5002w3n6lo9eg0k8w,12576,front,,Abnormal Gait,stroke,"{'top': 48.666666666666664, 'left': 205.55555555555554, 'height': 330.88888888888886, 'width': 162.8888888888889}","{'height': 480, 'width': 854, 'mime_type': 'video/mp4'}",FpXbeLZWFSw,https://www.youtube.com/watch?v=FpXbeLZWFSw
cljwcvfg5002w3n6lo9eg0k8w,12577,front,,Abnormal Gait,stroke,"{'top': 48.5, 'left': 204.86666666666667, 'height': 330.4666666666667, 'width': 162.66666666666663}","{'height': 480, 'width': 854, 'mime_type': 'video/mp4'}",FpXbeLZWFSw,https://www.youtube.com/watch?v=FpXbeLZWFSw
cljwcvfg5002w3n6lo9eg0k8w,12578,front,,Abnormal Gait,stroke,"{'top': 48.333333333333336, 'left': 204.17777777777778, 'height': 330.0444444444445, 'width': 162.44444444444443}","{'height': 480, 'width': 854, 'mime_type': 'video/mp4'}",FpXbeLZWFSw,https://www.youtube.com/watch?v=FpXbeLZWFSw
cljwcvfg5002w3n6lo9eg0k8w,12579,front,,Abnormal Gait,stroke,"{'top': 48.166666666666664, 'left': 203.48888888888888, 'height': 329.6222222222222, 'width': 162.22222222222223}","{'height': 480, 'width': 854, 'mime_type': 'video/mp4'}",FpXbeLZWFSw,https://www.youtube.com/watch?v=FpXbeLZWFSw
cljwcvfg5002w3n6lo9eg0k8w,12580,front,,Abnormal Gait,stroke,"{'top': 48.0, 'left': 202.8, 'height': 329.2, 'width': 162.0}","{'height': 480, 'width': 854, 'mime_type': 'video/mp4'}",FpXbeLZWFSw,https://www.youtube.com/watch?v=FpXbeLZWFSw
cljwcvfg5002w3n6lo9eg0k8w,12581,front,,Abnormal Gait,stroke,"{'top': 47.83333333333333, 'left': 202.11111111111111, 'height': 328.77777777777777, 'width': 161.7777777777778}","{'height': 480, 'width': 854, 'mime_type': 'video/mp4'}",FpXbeLZWFSw,https://www.youtube.com/watch?v=FpXbeLZWFSw
cljwcvfg5002w3n6lo9eg0k8w,12582,front,,Abnormal Gait,stroke,"{'top': 47.666666666666664, 'left': 201.42222222222222, 'height': 328.35555555555555, 'width': 161.55555555555554}","{'height': 480, 'width': 854, 'mime_type': 'video/mp4'}",FpXbeLZWFSw,https://www.youtube.com/watch?v=FpXbeLZWFSw
cljwcvfg5002w3n6lo9eg0k8w,12583,front,,Abnormal Gait,stroke,"{'top': 47.5, 'left': 200.73333333333335, 'height': 327.93333333333334, 'width': 161.33333333333331}","{'height': 480, 'width': 854, 'mime_type': 'video/mp4'}",FpXbeLZWFSw,https://www.youtube.com/watch?v=FpXbeLZWFSw
cljwcvfg5002w3n6lo9eg0k8w,12584,front,,Abnormal Gait,stroke,"{'top': 47.33333333333333, 'left': 200.04444444444445, 'height': 327.5111111111111, 'width': 161.11111111111111}","{'height': 480, 'width': 854, 'mime_type': 'video/mp4'}",FpXbeLZWFSw,https://www.youtube.com/watch?v=FpXbeLZWFSw
cljwcvfg5002w3n6lo9eg0k8w,12585,front,,Abnormal Gait,stroke,"{'top': 47.166666666666664, 'left': 199.35555555555555, 'height': 327.08888888888885, 'width': 160.8888888888889}","{'height': 480, 'width': 854, 'mime_type': 'video/mp4'}",FpXbeLZWFSw,https://www.youtube.com/watch?v=FpXbeLZWFSw
cljwcvfg5002w3n6lo9eg0k8w,12586,front,,Abnormal Gait,stroke,"{'top': 47.0, 'left': 198.66666666666669, 'height': 326.6666666666667, 'width': 160.66666666666663}","{'height': 480, 'width': 854, 'mime_type': 'video/mp4'}",FpXbeLZWFSw,https://www.youtube.com/watch?v=FpXbeLZWFSw
cljwcvfg5002w3n6lo9eg0k8w,12587,front,,Abnormal Gait,stroke,"{'top': 46.83333333333333, 'left': 197.97777777777776, 'height': 326.24444444444447, 'width': 160.44444444444446}","{'height': 480, 'width': 854, 'mime_type': 'video/mp4'}",FpXbeLZWFSw,https://www.youtube.com/watch?v=FpXbeLZWFSw
cljwcvfg5002w3n6lo9eg0k8w,12588,front,,Abnormal Gait,stroke,"{'top': 46.666666666666664, 'left': 197.2888888888889, 'height': 325.8222222222222, 'width': 160.22222222222223}","{'height': 480, 'width': 854, 'mime_type': 'video/mp4'}",FpXbeLZWFSw,https://www.youtube.com/watch?v=FpXbeLZWFSw
cljwcvfg5002w3n6lo9eg0k8w,12589,front,,Abnormal Gait,stroke,"{'top': 46.5, 'left': 196.6, 'height': 325.4, 'width': 160.00000000000003}","{'height': 480, 'width': 854, 'mime_type': 'video/mp4'}",FpXbeLZWFSw,https://www.youtube.com/watch?v=FpXbeLZWFSw
cljwcvfg5002w3n6lo9eg0k8w,12590,front,,Abnormal Gait,stroke,"{'top': 46.33333333333333, 'left': 195.9111111111111, 'height': 324.9777777777778, 'width': 159.77777777777777}","{'height': 480, 'width': 854, 'mime_type': 'video/mp4'}",FpXbeLZWFSw,https://www.youtube.com/watch?v=FpXbeLZWFSw
cljwcvfg5002w3n6lo9eg0k8w,12591,front,,Abnormal Gait,stroke,"{'top': 46.166666666666664, 'left': 195.22222222222223, 'height': 324.55555555555554, 'width': 159.55555555555554}","{'height': 480, 'width': 854, 'mime_type': 'video/mp4'}",FpXbeLZWFSw,https://www.youtube.com/watch?v=FpXbeLZWFSw
cljwcvfg5002w3n6lo9eg0k8w,12592,front,,Abnormal Gait,stroke,"{'top': 46.0, 'left': 194.53333333333333, 'height': 324.1333333333333, 'width': 159.33333333333334}","{'height': 480, 'width': 854, 'mime_type': 'video/mp4'}",FpXbeLZWFSw,https://www.youtube.com/watch?v=FpXbeLZWFSw
cljwcvfg5002w3n6lo9eg0k8w,12593,front,,Abnormal Gait,stroke,"{'top': 45.83333333333333, 'left': 193.84444444444443, 'height': 323.7111111111111, 'width': 159.11111111111114}","{'height': 480, 'width': 854, 'mime_type': 'video/mp4'}",FpXbeLZWFSw,https://www.youtube.com/watch?v=FpXbeLZWFSw
cljwcvfg5002w3n6lo9eg0k8w,12594,front,,Abnormal Gait,stroke,"{'top': 45.66666666666667, 'left': 193.15555555555557, 'height': 323.2888888888889, 'width': 158.88888888888886}","{'height': 480, 'width': 854, 'mime_type': 'video/mp4'}",FpXbeLZWFSw,https://www.youtube.com/watch?v=FpXbeLZWFSw
cljwcvfg5002w3n6lo9eg0k8w,12595,front,,Abnormal Gait,stroke,"{'top': 45.5, 'left': 192.46666666666667, 'height': 322.8666666666667, 'width': 158.66666666666666}","{'height': 480, 'width': 854, 'mime_type': 'video/mp4'}",FpXbeLZWFSw,https://www.youtube.com/watch?v=FpXbeLZWFSw
cljwcvfg5002w3n6lo9eg0k8w,12596,front,,Abnormal Gait,stroke,"{'top': 45.333333333333336, 'left': 191.77777777777777, 'height': 322.44444444444446, 'width': 158.44444444444446}","{'height': 480, 'width': 854, 'mime_type': 'video/mp4'}",FpXbeLZWFSw,https://www.youtube.com/watch?v=FpXbeLZWFSw
cljwcvfg5002w3n6lo9eg0k8w,12597,front,,Abnormal Gait,stroke,"{'top': 45.16666666666667, 'left': 191.0888888888889, 'height': 322.0222222222222, 'width': 158.22222222222223}","{'height': 480, 'width': 854, 'mime_type': 'video/mp4'}",FpXbeLZWFSw,https://www.youtube.com/watch?v=FpXbeLZWFSw
cljwcvfg5002w3n6lo9eg0k8w,12598,front,,Abnormal Gait,stroke,"{'top': 45.0, 'left': 190.4, 'height': 321.6, 'width': 157.99999999999997}","{'height': 480, 'width': 854, 'mime_type': 'video/mp4'}",FpXbeLZWFSw,https://www.youtube.com/watch?v=FpXbeLZWFSw
cljwcvfg5002w3n6lo9eg0k8w,12599,front,,Abnormal Gait,stroke,"{'top': 44.833333333333336, 'left': 189.7111111111111, 'height': 321.1777777777778, 'width': 157.77777777777777}","{'height': 480, 'width': 854, 'mime_type': 'video/mp4'}",FpXbeLZWFSw,https://www.youtube.com/watch?v=FpXbeLZWFSw
cljwcvfg5002w3n6lo9eg0k8w,12600,front,,Abnormal Gait,stroke,"{'top': 44.66666666666667, 'left': 189.02222222222224, 'height': 320.75555555555553, 'width': 157.55555555555554}","{'height': 480, 'width': 854, 'mime_type': 'video/mp4'}",FpXbeLZWFSw,https://www.youtube.com/watch?v=FpXbeLZWFSw
cljwcvfg5002w3n6lo9eg0k8w,12601,front,,Abnormal Gait,stroke,"{'top': 44.5, 'left': 188.33333333333331, 'height': 320.3333333333333, 'width': 157.33333333333331}","{'height': 480, 'width': 854, 'mime_type': 'video/mp4'}",FpXbeLZWFSw,https://www.youtube.com/watch?v=FpXbeLZWFSw
cljwcvfg5002w3n6lo9eg0k8w,12602,front,,Abnormal Gait,stroke,"{'top': 44.333333333333336, 'left': 187.64444444444445, 'height': 319.91111111111115, 'width': 157.11111111111114}","{'height': 480, 'width': 854, 'mime_type': 'video/mp4'}",FpXbeLZWFSw,https://www.youtube.com/watch?v=FpXbeLZWFSw
cljwcvfg5002w3n6lo9eg0k8w,12603,front,,Abnormal Gait,stroke,"{'top': 44.16666666666667, 'left': 186.95555555555555, 'height': 319.4888888888889, 'width': 156.88888888888889}","{'height': 480, 'width': 854, 'mime_type': 'video/mp4'}",FpXbeLZWFSw,https://www.youtube.com/watch?v=FpXbeLZWFSw
cljwcvfg5002w3n6lo9eg0k8w,12604,front,,Abnormal Gait,stroke,"{'top': 44.0, 'left': 186.26666666666665, 'height': 319.06666666666666, 'width': 156.66666666666669}","{'height': 480, 'width': 854, 'mime_type': 'video/mp4'}",FpXbeLZWFSw,https://www.youtube.com/watch?v=FpXbeLZWFSw
cljwcvfg5002w3n6lo9eg0k8w,12605,front,,Abnormal Gait,stroke,"{'top': 43.833333333333336, 'left': 185.57777777777778, 'height': 318.64444444444445, 'width': 156.44444444444446}","{'height': 480, 'width': 854, 'mime_type': 'video/mp4'}",FpXbeLZWFSw,https://www.youtube.com/watch?v=FpXbeLZWFSw
cljwcvfg5002w3n6lo9eg0k8w,12606,front,,Abnormal Gait,stroke,"{'top': 43.66666666666667, 'left': 184.88888888888889, 'height': 318.22222222222223, 'width': 156.2222222222222}","{'height': 480, 'width': 854, 'mime_type': 'video/mp4'}",FpXbeLZWFSw,https://www.youtube.com/watch?v=FpXbeLZWFSw
cljwcvfg5002w3n6lo9eg0k8w,12607,front,,Abnormal Gait,stroke,"{'top': 43.5, 'left': 184.2, 'height': 317.8, 'width': 156.0}","{'height': 480, 'width': 854, 'mime_type': 'video/mp4'}",FpXbeLZWFSw,https://www.youtube.com/watch?v=FpXbeLZWFSw
cljwcvfg5002w3n6lo9eg0k8w,12608,front,,Abnormal Gait,stroke,"{'top': 43.333333333333336, 'left': 183.51111111111112, 'height': 317.3777777777778, 'width': 155.77777777777777}","{'height': 480, 'width': 854, 'mime_type': 'video/mp4'}",FpXbeLZWFSw,https://www.youtube.com/watch?v=FpXbeLZWFSw
cljwcvfg5002w3n6lo9eg0k8w,12609,front,,Abnormal Gait,stroke,"{'top': 43.166666666666664, 'left': 182.82222222222222, 'height': 316.9555555555555, 'width': 155.55555555555557}","{'height': 480, 'width': 854, 'mime_type': 'video/mp4'}",FpXbeLZWFSw,https://www.youtube.com/watch?v=FpXbeLZWFSw
cljwcvfg5002w3n6lo9eg0k8w,12610,front,,Abnormal Gait,stroke,"{'top': 43.0, 'left': 182.13333333333333, 'height': 316.5333333333333, 'width': 155.33333333333337}","{'height': 480, 'width': 854, 'mime_type': 'video/mp4'}",FpXbeLZWFSw,https://www.youtube.com/watch?v=FpXbeLZWFSw
cljwcvfg5002w3n6lo9eg0k8w,12611,front,,Abnormal Gait,stroke,"{'top': 42.833333333333336, 'left': 181.44444444444446, 'height': 316.11111111111114, 'width': 155.1111111111111}","{'height': 480, 'width': 854, 'mime_type': 'video/mp4'}",FpXbeLZWFSw,https://www.youtube.com/watch?v=FpXbeLZWFSw
cljwcvfg5002w3n6lo9eg0k8w,12612,front,,Abnormal Gait,stroke,"{'top': 42.666666666666664, 'left': 180.75555555555556, 'height': 315.68888888888887, 'width': 154.88888888888889}","{'height': 480, 'width': 854, 'mime_type': 'video/mp4'}",FpXbeLZWFSw,https://www.youtube.com/watch?v=FpXbeLZWFSw
cljwcvfg5002w3n6lo9eg0k8w,12613,front,,Abnormal Gait,stroke,"{'top': 42.5, 'left': 180.06666666666666, 'height': 315.26666666666665, 'width': 154.66666666666669}","{'height': 480, 'width': 854, 'mime_type': 'video/mp4'}",FpXbeLZWFSw,https://www.youtube.com/watch?v=FpXbeLZWFSw
cljwcvfg5002w3n6lo9eg0k8w,12614,front,,Abnormal Gait,stroke,"{'top': 42.333333333333336, 'left': 179.3777777777778, 'height': 314.8444444444445, 'width': 154.4444444444444}","{'height': 480, 'width': 854, 'mime_type': 'video/mp4'}",FpXbeLZWFSw,https://www.youtube.com/watch?v=FpXbeLZWFSw
cljwcvfg5002w3n6lo9eg0k8w,12615,front,,Abnormal Gait,stroke,"{'top': 42.166666666666664, 'left': 178.68888888888887, 'height': 314.4222222222222, 'width': 154.22222222222223}","{'height': 480, 'width': 854, 'mime_type': 'video/mp4'}",FpXbeLZWFSw,https://www.youtube.com/watch?v=FpXbeLZWFSw
cljwcvfg5002w3n6lo9eg0k8w,12616,front,,Abnormal Gait,stroke,"{'top': 42.0, 'left': 178.0, 'height': 314.0, 'width': 154.0}","{'height': 480, 'width': 854, 'mime_type': 'video/mp4'}",FpXbeLZWFSw,https://www.youtube.com/watch?v=FpXbeLZWFSw
cljwcvfg5002w3n6lo9eg0k8w,12617,front,,Abnormal Gait,stroke,"{'top': 44.6, 'left': 177.2, 'height': 313.59999999999997, 'width': 153.8}","{'height': 480, 'width': 854, 'mime_type': 'video/mp4'}",FpXbeLZWFSw,https://www.youtube.com/watch?v=FpXbeLZWFSw
cljwcvfg5002w3n6lo9eg0k8w,12618,front,,Abnormal Gait,stroke,"{'top': 47.2, 'left': 176.4, 'height': 313.2, 'width': 153.6}","{'height': 480, 'width': 854, 'mime_type': 'video/mp4'}",FpXbeLZWFSw,https://www.youtube.com/watch?v=FpXbeLZWFSw
cljwcvfg5002w3n6lo9eg0k8w,12619,front,,Abnormal Gait,stroke,"{'top': 49.8, 'left': 175.6, 'height': 312.8, 'width': 153.4}","{'height': 480, 'width': 854, 'mime_type': 'video/mp4'}",FpXbeLZWFSw,https://www.youtube.com/watch?v=FpXbeLZWFSw
cljwcvfg5002w3n6lo9eg0k8w,12620,front,,Abnormal Gait,stroke,"{'top': 52.4, 'left': 174.8, 'height': 312.40000000000003, 'width': 153.2}","{'height': 480, 'width': 854, 'mime_type': 'video/mp4'}",FpXbeLZWFSw,https://www.youtube.com/watch?v=FpXbeLZWFSw
cljwcvfg5002w3n6lo9eg0k8w,12621,front,,Abnormal Gait,stroke,"{'top': 55.0, 'left': 174.0, 'height': 312.0, 'width': 153.0}","{'height': 480, 'width': 854, 'mime_type': 'video/mp4'}",FpXbeLZWFSw,https://www.youtube.com/watch?v=FpXbeLZWFSw
cljwcvfg5002w3n6lo9eg0k8w,12622,front,,Abnormal Gait,stroke,"{'top': 55.0, 'left': 169.8, 'height': 317.6, 'width': 156.8}","{'height': 480, 'width': 854, 'mime_type': 'video/mp4'}",FpXbeLZWFSw,https://www.youtube.com/watch?v=FpXbeLZWFSw
cljwcvfg5002w3n6lo9eg0k8w,12623,front,,Abnormal Gait,stroke,"{'top': 55.0, 'left': 165.6, 'height': 323.2, 'width': 160.6}","{'height': 480, 'width': 854, 'mime_type': 'video/mp4'}",FpXbeLZWFSw,https://www.youtube.com/watch?v=FpXbeLZWFSw
cljwcvfg5002w3n6lo9eg0k8w,12624,front,,Abnormal Gait,stroke,"{'top': 55.0, 'left': 161.4, 'height': 328.8, 'width': 164.4}","{'height': 480, 'width': 854, 'mime_type': 'video/mp4'}",FpXbeLZWFSw,https://www.youtube.com/watch?v=FpXbeLZWFSw
cljwcvfg5002w3n6lo9eg0k8w,12625,front,,Abnormal Gait,stroke,"{'top': 55.0, 'left': 157.2, 'height': 334.4, 'width': 168.2}","{'height': 480, 'width': 854, 'mime_type': 'video/mp4'}",FpXbeLZWFSw,https://www.youtube.com/watch?v=FpXbeLZWFSw
cljwcvfg5002w3n6lo9eg0k8w,12626,front,,Abnormal Gait,stroke,"{'top': 55.0, 'left': 153.0, 'height': 340.0, 'width': 172.0}","{'height': 480, 'width': 854, 'mime_type': 'video/mp4'}",FpXbeLZWFSw,https://www.youtube.com/watch?v=FpXbeLZWFSw
cljwcvfg5002w3n6lo9eg0k8w,12627,front,,Abnormal Gait,stroke,"{'top': 54.95744680851064, 'left': 152.93617021276594, 'height': 339.95744680851067, 'width': 172.0}","{'height': 480, 'width': 854, 'mime_type': 'video/mp4'}",FpXbeLZWFSw,https://www.youtube.com/watch?v=FpXbeLZWFSw
cljwcvfg5002w3n6lo9eg0k8w,12628,front,,Abnormal Gait,stroke,"{'top': 54.91489361702128, 'left': 152.87234042553192, 'height': 339.9148936170213, 'width': 171.99999999999997}","{'height': 480, 'width': 854, 'mime_type': 'video/mp4'}",FpXbeLZWFSw,https://www.youtube.com/watch?v=FpXbeLZWFSw
cljwcvfg5002w3n6lo9eg0k8w,12629,front,,Abnormal Gait,stroke,"{'top': 54.87234042553192, 'left': 152.80851063829786, 'height': 339.8723404255319, 'width': 172.00000000000003}","{'height': 480, 'width': 854, 'mime_type': 'video/mp4'}",FpXbeLZWFSw,https://www.youtube.com/watch?v=FpXbeLZWFSw
cljwcvfg5002w3n6lo9eg0k8w,12630,front,,Abnormal Gait,stroke,"{'top': 54.829787234042556, 'left': 152.74468085106383, 'height': 339.82978723404256, 'width': 172.0}","{'height': 480, 'width': 854, 'mime_type': 'video/mp4'}",FpXbeLZWFSw,https://www.youtube.com/watch?v=FpXbeLZWFSw
cljwcvfg5002w3n6lo9eg0k8w,12631,front,,Abnormal Gait,stroke,"{'top': 54.787234042553195, 'left': 152.68085106382978, 'height': 339.7872340425532, 'width': 172.0}","{'height': 480, 'width': 854, 'mime_type': 'video/mp4'}",FpXbeLZWFSw,https://www.youtube.com/watch?v=FpXbeLZWFSw
cljwcvfg5002w3n6lo9eg0k8w,12632,front,,Abnormal Gait,stroke,"{'top': 54.744680851063826, 'left': 152.61702127659575, 'height': 339.74468085106383, 'width': 171.99999999999997}","{'height': 480, 'width': 854, 'mime_type': 'video/mp4'}",FpXbeLZWFSw,https://www.youtube.com/watch?v=FpXbeLZWFSw
cljwcvfg5002w3n6lo9eg0k8w,12633,front,,Abnormal Gait,stroke,"{'top': 54.702127659574465, 'left': 152.5531914893617, 'height': 339.7021276595745, 'width': 172.00000000000003}","{'height': 480, 'width': 854, 'mime_type': 'video/mp4'}",FpXbeLZWFSw,https://www.youtube.com/watch?v=FpXbeLZWFSw
cljwcvfg5002w3n6lo9eg0k8w,12634,front,,Abnormal Gait,stroke,"{'top': 54.659574468085104, 'left': 152.48936170212767, 'height': 339.6595744680851, 'width': 172.0}","{'height': 480, 'width': 854, 'mime_type': 'video/mp4'}",FpXbeLZWFSw,https://www.youtube.com/watch?v=FpXbeLZWFSw
cljwcvfg5002w3n6lo9eg0k8w,12635,front,,Abnormal Gait,stroke,"{'top': 54.61702127659574, 'left': 152.4255319148936, 'height': 339.6170212765958, 'width': 172.0}","{'height': 480, 'width': 854, 'mime_type': 'video/mp4'}",FpXbeLZWFSw,https://www.youtube.com/watch?v=FpXbeLZWFSw
cljwcvfg5002w3n6lo9eg0k8w,12636,front,,Abnormal Gait,stroke,"{'top': 54.57446808510638, 'left': 152.36170212765958, 'height': 339.5744680851064, 'width': 171.99999999999997}","{'height': 480, 'width': 854, 'mime_type': 'video/mp4'}",FpXbeLZWFSw,https://www.youtube.com/watch?v=FpXbeLZWFSw
cljwcvfg5002w3n6lo9eg0k8w,12637,front,,Abnormal Gait,stroke,"{'top': 54.53191489361702, 'left': 152.29787234042553, 'height': 339.53191489361706, 'width': 172.00000000000003}","{'height': 480, 'width': 854, 'mime_type': 'video/mp4'}",FpXbeLZWFSw,https://www.youtube.com/watch?v=FpXbeLZWFSw
cljwcvfg5002w3n6lo9eg0k8w,12638,front,,Abnormal Gait,stroke,"{'top': 54.48936170212766, 'left': 152.2340425531915, 'height': 339.48936170212767, 'width': 172.0}","{'height': 480, 'width': 854, 'mime_type': 'video/mp4'}",FpXbeLZWFSw,https://www.youtube.com/watch?v=FpXbeLZWFSw
cljwcvfg5002w3n6lo9eg0k8w,12639,front,,Abnormal Gait,stroke,"{'top': 54.4468085106383, 'left': 152.17021276595744, 'height': 339.44680851063833, 'width': 172.0}","{'height': 480, 'width': 854, 'mime_type': 'video/mp4'}",FpXbeLZWFSw,https://www.youtube.com/watch?v=FpXbeLZWFSw
cljwcvfg5002w3n6lo9eg0k8w,12640,front,,Abnormal Gait,stroke,"{'top': 54.40425531914894, 'left': 152.10638297872342, 'height': 339.40425531914894, 'width': 171.99999999999997}","{'height': 480, 'width': 854, 'mime_type': 'video/mp4'}",FpXbeLZWFSw,https://www.youtube.com/watch?v=FpXbeLZWFSw
cljwcvfg5002w3n6lo9eg0k8w,12641,front,,Abnormal Gait,stroke,"{'top': 54.361702127659576, 'left': 152.04255319148936, 'height': 339.3617021276596, 'width': 172.00000000000003}","{'height': 480, 'width': 854, 'mime_type': 'video/mp4'}",FpXbeLZWFSw,https://www.youtube.com/watch?v=FpXbeLZWFSw
cljwcvfg5002w3n6lo9eg0k8w,12642,front,,Abnormal Gait,stroke,"{'top': 54.319148936170215, 'left': 151.9787234042553, 'height': 339.3191489361702, 'width': 172.00000000000003}","{'height': 480, 'width': 854, 'mime_type': 'video/mp4'}",FpXbeLZWFSw,https://www.youtube.com/watch?v=FpXbeLZWFSw
cljwcvfg5002w3n6lo9eg0k8w,12643,front,,Abnormal Gait,stroke,"{'top': 54.276595744680854, 'left': 151.91489361702128, 'height': 339.2765957446809, 'width': 172.0}","{'height': 480, 'width': 854, 'mime_type': 'video/mp4'}",FpXbeLZWFSw,https://www.youtube.com/watch?v=FpXbeLZWFSw
cljwcvfg5002w3n6lo9eg0k8w,12644,front,,Abnormal Gait,stroke,"{'top': 54.234042553191486, 'left': 151.85106382978722, 'height': 339.2340425531915, 'width': 172.0}","{'height': 480, 'width': 854, 'mime_type': 'video/mp4'}",FpXbeLZWFSw,https://www.youtube.com/watch?v=FpXbeLZWFSw
cljwcvfg5002w3n6lo9eg0k8w,12645,front,,Abnormal Gait,stroke,"{'top': 54.191489361702125, 'left': 151.7872340425532, 'height': 339.19148936170217, 'width': 171.99999999999997}","{'height': 480, 'width': 854, 'mime_type': 'video/mp4'}",FpXbeLZWFSw,https://www.youtube.com/watch?v=FpXbeLZWFSw
cljwcvfg5002w3n6lo9eg0k8w,12646,front,,Abnormal Gait,stroke,"{'top': 54.148936170212764, 'left': 151.72340425531914, 'height': 339.1489361702128, 'width': 172.00000000000003}","{'height': 480, 'width': 854, 'mime_type': 'video/mp4'}",FpXbeLZWFSw,https://www.youtube.com/watch?v=FpXbeLZWFSw
cljwcvfg5002w3n6lo9eg0k8w,12647,front,,Abnormal Gait,stroke,"{'top': 54.1063829787234, 'left': 151.6595744680851, 'height': 339.10638297872345, 'width': 172.0}","{'height': 480, 'width': 854, 'mime_type': 'video/mp4'}",FpXbeLZWFSw,https://www.youtube.com/watch?v=FpXbeLZWFSw
cljwcvfg5002w3n6lo9eg0k8w,12648,front,,Abnormal Gait,stroke,"{'top': 54.06382978723404, 'left': 151.59574468085106, 'height': 339.06382978723406, 'width': 172.0}","{'height': 480, 'width': 854, 'mime_type': 'video/mp4'}",FpXbeLZWFSw,https://www.youtube.com/watch?v=FpXbeLZWFSw
cljwcvfg5002w3n6lo9eg0k8w,12649,front,,Abnormal Gait,stroke,"{'top': 54.02127659574468, 'left': 151.53191489361703, 'height': 339.0212765957447, 'width': 171.99999999999997}","{'height': 480, 'width': 854, 'mime_type': 'video/mp4'}",FpXbeLZWFSw,https://www.youtube.com/watch?v=FpXbeLZWFSw
cljwcvfg5002w3n6lo9eg0k8w,12650,front,,Abnormal Gait,stroke,"{'top': 53.97872340425532, 'left': 151.46808510638297, 'height': 338.9787234042553, 'width': 172.00000000000003}","{'height': 480, 'width': 854, 'mime_type': 'video/mp4'}",FpXbeLZWFSw,https://www.youtube.com/watch?v=FpXbeLZWFSw
cljwcvfg5002w3n6lo9eg0k8w,12651,front,,Abnormal Gait,stroke,"{'top': 53.93617021276596, 'left': 151.40425531914894, 'height': 338.93617021276594, 'width': 172.0}","{'height': 480, 'width': 854, 'mime_type': 'video/mp4'}",FpXbeLZWFSw,https://www.youtube.com/watch?v=FpXbeLZWFSw
cljwcvfg5002w3n6lo9eg0k8w,12652,front,,Abnormal Gait,stroke,"{'top': 53.8936170212766, 'left': 151.3404255319149, 'height': 338.89361702127655, 'width': 172.0}","{'height': 480, 'width': 854, 'mime_type': 'video/mp4'}",FpXbeLZWFSw,https://www.youtube.com/watch?v=FpXbeLZWFSw
cljwcvfg5002w3n6lo9eg0k8w,12653,front,,Abnormal Gait,stroke,"{'top': 53.851063829787236, 'left': 151.27659574468086, 'height': 338.8510638297872, 'width': 171.99999999999997}","{'height': 480, 'width': 854, 'mime_type': 'video/mp4'}",FpXbeLZWFSw,https://www.youtube.com/watch?v=FpXbeLZWFSw
cljwcvfg5002w3n6lo9eg0k8w,12654,front,,Abnormal Gait,stroke,"{'top': 53.808510638297875, 'left': 151.2127659574468, 'height': 338.80851063829783, 'width': 172.00000000000003}","{'height': 480, 'width': 854, 'mime_type': 'video/mp4'}",FpXbeLZWFSw,https://www.youtube.com/watch?v=FpXbeLZWFSw
cljwcvfg5002w3n6lo9eg0k8w,12655,front,,Abnormal Gait,stroke,"{'top': 53.765957446808514, 'left': 151.14893617021278, 'height': 338.7659574468085, 'width': 172.0}","{'height': 480, 'width': 854, 'mime_type': 'video/mp4'}",FpXbeLZWFSw,https://www.youtube.com/watch?v=FpXbeLZWFSw
cljwcvfg5002w3n6lo9eg0k8w,12656,front,,Abnormal Gait,stroke,"{'top': 53.723404255319146, 'left': 151.08510638297872, 'height': 338.7234042553191, 'width': 172.0}","{'height': 480, 'width': 854, 'mime_type': 'video/mp4'}",FpXbeLZWFSw,https://www.youtube.com/watch?v=FpXbeLZWFSw
cljwcvfg5002w3n6lo9eg0k8w,12657,front,,Abnormal Gait,stroke,"{'top': 53.680851063829785, 'left': 151.0212765957447, 'height': 338.6808510638298, 'width': 171.99999999999997}","{'height': 480, 'width': 854, 'mime_type': 'video/mp4'}",FpXbeLZWFSw,https://www.youtube.com/watch?v=FpXbeLZWFSw
cljwcvfg5002w3n6lo9eg0k8w,12658,front,,Abnormal Gait,stroke,"{'top': 53.638297872340424, 'left': 150.95744680851064, 'height': 338.6382978723404, 'width': 171.99999999999997}","{'height': 480, 'width': 854, 'mime_type': 'video/mp4'}",FpXbeLZWFSw,https://www.youtube.com/watch?v=FpXbeLZWFSw
cljwcvfg5002w3n6lo9eg0k8w,12659,front,,Abnormal Gait,stroke,"{'top': 53.59574468085106, 'left': 150.89361702127658, 'height': 338.59574468085106, 'width': 172.00000000000003}","{'height': 480, 'width': 854, 'mime_type': 'video/mp4'}",FpXbeLZWFSw,https://www.youtube.com/watch?v=FpXbeLZWFSw
cljwcvfg5002w3n6lo9eg0k8w,12660,front,,Abnormal Gait,stroke,"{'top': 53.5531914893617, 'left': 150.82978723404256, 'height': 338.55319148936167, 'width': 172.0}","{'height': 480, 'width': 854, 'mime_type': 'video/mp4'}",FpXbeLZWFSw,https://www.youtube.com/watch?v=FpXbeLZWFSw
cljwcvfg5002w3n6lo9eg0k8w,12661,front,,Abnormal Gait,stroke,"{'top': 53.51063829787234, 'left': 150.7659574468085, 'height': 338.51063829787233, 'width': 172.0}","{'height': 480, 'width': 854, 'mime_type': 'video/mp4'}",FpXbeLZWFSw,https://www.youtube.com/watch?v=FpXbeLZWFSw
cljwcvfg5002w3n6lo9eg0k8w,12662,front,,Abnormal Gait,stroke,"{'top': 53.46808510638298, 'left': 150.70212765957447, 'height': 338.46808510638294, 'width': 171.99999999999997}","{'height': 480, 'width': 854, 'mime_type': 'video/mp4'}",FpXbeLZWFSw,https://www.youtube.com/watch?v=FpXbeLZWFSw
cljwcvfg5002w3n6lo9eg0k8w,12663,front,,Abnormal Gait,stroke,"{'top': 53.42553191489362, 'left': 150.63829787234042, 'height': 338.4255319148936, 'width': 172.00000000000003}","{'height': 480, 'width': 854, 'mime_type': 'video/mp4'}",FpXbeLZWFSw,https://www.youtube.com/watch?v=FpXbeLZWFSw
cljwcvfg5002w3n6lo9eg0k8w,12664,front,,Abnormal Gait,stroke,"{'top': 53.38297872340426, 'left': 150.5744680851064, 'height': 338.3829787234042, 'width': 172.0}","{'height': 480, 'width': 854, 'mime_type': 'video/mp4'}",FpXbeLZWFSw,https://www.youtube.com/watch?v=FpXbeLZWFSw
cljwcvfg5002w3n6lo9eg0k8w,12665,front,,Abnormal Gait,stroke,"{'top': 53.340425531914896, 'left': 150.51063829787233, 'height': 338.3404255319149, 'width': 172.0}","{'height': 480, 'width': 854, 'mime_type': 'video/mp4'}",FpXbeLZWFSw,https://www.youtube.com/watch?v=FpXbeLZWFSw
cljwcvfg5002w3n6lo9eg0k8w,12666,front,,Abnormal Gait,stroke,"{'top': 53.297872340425535, 'left': 150.4468085106383, 'height': 338.2978723404255, 'width': 171.99999999999997}","{'height': 480, 'width': 854, 'mime_type': 'video/mp4'}",FpXbeLZWFSw,https://www.youtube.com/watch?v=FpXbeLZWFSw
cljwcvfg5002w3n6lo9eg0k8w,12667,front,,Abnormal Gait,stroke,"{'top': 53.25531914893617, 'left': 150.38297872340425, 'height': 338.25531914893617, 'width': 172.00000000000003}","{'height': 480, 'width': 854, 'mime_type': 'video/mp4'}",FpXbeLZWFSw,https://www.youtube.com/watch?v=FpXbeLZWFSw
cljwcvfg5002w3n6lo9eg0k8w,12668,front,,Abnormal Gait,stroke,"{'top': 53.212765957446805, 'left': 150.31914893617022, 'height': 338.2127659574468, 'width': 172.0}","{'height': 480, 'width': 854, 'mime_type': 'video/mp4'}",FpXbeLZWFSw,https://www.youtube.com/watch?v=FpXbeLZWFSw
cljwcvfg5002w3n6lo9eg0k8w,12669,front,,Abnormal Gait,stroke,"{'top': 53.170212765957444, 'left': 150.25531914893617, 'height': 338.17021276595744, 'width': 172.0}","{'height': 480, 'width': 854, 'mime_type': 'video/mp4'}",FpXbeLZWFSw,https://www.youtube.com/watch?v=FpXbeLZWFSw
cljwcvfg5002w3n6lo9eg0k8w,12670,front,,Abnormal Gait,stroke,"{'top': 53.12765957446808, 'left': 150.19148936170214, 'height': 338.1276595744681, 'width': 171.99999999999997}","{'height': 480, 'width': 854, 'mime_type': 'video/mp4'}",FpXbeLZWFSw,https://www.youtube.com/watch?v=FpXbeLZWFSw
cljwcvfg5002w3n6lo9eg0k8w,12671,front,,Abnormal Gait,stroke,"{'top': 53.08510638297872, 'left': 150.12765957446808, 'height': 338.0851063829787, 'width': 172.00000000000003}","{'height': 480, 'width': 854, 'mime_type': 'video/mp4'}",FpXbeLZWFSw,https://www.youtube.com/watch?v=FpXbeLZWFSw
cljwcvfg5002w3n6lo9eg0k8w,12672,front,,Abnormal Gait,stroke,"{'top': 53.04255319148936, 'left': 150.06382978723406, 'height': 338.04255319148933, 'width': 172.0}","{'height': 480, 'width': 854, 'mime_type': 'video/mp4'}",FpXbeLZWFSw,https://www.youtube.com/watch?v=FpXbeLZWFSw
cljwcvfg5002w3n6lo9eg0k8w,12673,front,,Abnormal Gait,stroke,"{'top': 53.0, 'left': 150.0, 'height': 338.0, 'width': 172.0}","{'height': 480, 'width': 854, 'mime_type': 'video/mp4'}",FpXbeLZWFSw,https://www.youtube.com/watch?v=FpXbeLZWFSw
cljwcvfg5002w3n6lo9eg0k8w,12674,front,,Abnormal Gait,stroke,"{'top': 52.95, 'left': 149.95, 'height': 338.35, 'width': 171.55}","{'height': 480, 'width': 854, 'mime_type': 'video/mp4'}",FpXbeLZWFSw,https://www.youtube.com/watch?v=FpXbeLZWFSw
cljwcvfg5002w3n6lo9eg0k8w,12675,front,,Abnormal Gait,stroke,"{'top': 52.9, 'left': 149.9, 'height': 338.70000000000005, 'width': 171.1}","{'height': 480, 'width': 854, 'mime_type': 'video/mp4'}",FpXbeLZWFSw,https://www.youtube.com/watch?v=FpXbeLZWFSw
cljwcvfg5002w3n6lo9eg0k8w,12676,front,,Abnormal Gait,stroke,"{'top': 52.85, 'left': 149.85, 'height': 339.04999999999995, 'width': 170.65}","{'height': 480, 'width': 854, 'mime_type': 'video/mp4'}",FpXbeLZWFSw,https://www.youtube.com/watch?v=FpXbeLZWFSw
cljwcvfg5002w3n6lo9eg0k8w,12677,front,,Abnormal Gait,stroke,"{'top': 52.8, 'left': 149.8, 'height': 339.4, 'width': 170.2}","{'height': 480, 'width': 854, 'mime_type': 'video/mp4'}",FpXbeLZWFSw,https://www.youtube.com/watch?v=FpXbeLZWFSw
cljwcvfg5002w3n6lo9eg0k8w,12678,front,,Abnormal Gait,stroke,"{'top': 52.75, 'left': 149.75, 'height': 339.75, 'width': 169.75}","{'height': 480, 'width': 854, 'mime_type': 'video/mp4'}",FpXbeLZWFSw,https://www.youtube.com/watch?v=FpXbeLZWFSw
cljwcvfg5002w3n6lo9eg0k8w,12679,front,,Abnormal Gait,stroke,"{'top': 52.7, 'left': 149.7, 'height': 340.1, 'width': 169.3}","{'height': 480, 'width': 854, 'mime_type': 'video/mp4'}",FpXbeLZWFSw,https://www.youtube.com/watch?v=FpXbeLZWFSw
cljwcvfg5002w3n6lo9eg0k8w,12680,front,,Abnormal Gait,stroke,"{'top': 52.65, 'left': 149.65, 'height': 340.45000000000005, 'width': 168.85}","{'height': 480, 'width': 854, 'mime_type': 'video/mp4'}",FpXbeLZWFSw,https://www.youtube.com/watch?v=FpXbeLZWFSw
cljwcvfg5002w3n6lo9eg0k8w,12681,front,,Abnormal Gait,stroke,"{'top': 52.6, 'left': 149.6, 'height': 340.79999999999995, 'width': 168.4}","{'height': 480, 'width': 854, 'mime_type': 'video/mp4'}",FpXbeLZWFSw,https://www.youtube.com/watch?v=FpXbeLZWFSw
cljwcvfg5002w3n6lo9eg0k8w,12682,front,,Abnormal Gait,stroke,"{'top': 52.55, 'left': 149.55, 'height': 341.15, 'width': 167.95}","{'height': 480, 'width': 854, 'mime_type': 'video/mp4'}",FpXbeLZWFSw,https://www.youtube.com/watch?v=FpXbeLZWFSw
cljwcvfg5002w3n6lo9eg0k8w,12683,front,,Abnormal Gait,stroke,"{'top': 52.5, 'left': 149.5, 'height': 341.5, 'width': 167.5}","{'height': 480, 'width': 854, 'mime_type': 'video/mp4'}",FpXbeLZWFSw,https://www.youtube.com/watch?v=FpXbeLZWFSw
cljwcvfg5002w3n6lo9eg0k8w,12684,front,,Abnormal Gait,stroke,"{'top': 52.45, 'left': 149.45, 'height': 341.85, 'width': 167.05}","{'height': 480, 'width': 854, 'mime_type': 'video/mp4'}",FpXbeLZWFSw,https://www.youtube.com/watch?v=FpXbeLZWFSw
cljwcvfg5002w3n6lo9eg0k8w,12685,front,,Abnormal Gait,stroke,"{'top': 52.4, 'left': 149.4, 'height': 342.20000000000005, 'width': 166.6}","{'height': 480, 'width': 854, 'mime_type': 'video/mp4'}",FpXbeLZWFSw,https://www.youtube.com/watch?v=FpXbeLZWFSw
cljwcvfg5002w3n6lo9eg0k8w,12686,front,,Abnormal Gait,stroke,"{'top': 52.35, 'left': 149.35, 'height': 342.54999999999995, 'width': 166.15}","{'height': 480, 'width': 854, 'mime_type': 'video/mp4'}",FpXbeLZWFSw,https://www.youtube.com/watch?v=FpXbeLZWFSw
cljwcvfg5002w3n6lo9eg0k8w,12687,front,,Abnormal Gait,stroke,"{'top': 52.3, 'left': 149.3, 'height': 342.9, 'width': 165.7}","{'height': 480, 'width': 854, 'mime_type': 'video/mp4'}",FpXbeLZWFSw,https://www.youtube.com/watch?v=FpXbeLZWFSw
cljwcvfg5002w3n6lo9eg0k8w,12688,front,,Abnormal Gait,stroke,"{'top': 52.25, 'left': 149.25, 'height': 343.25, 'width': 165.25}","{'height': 480, 'width': 854, 'mime_type': 'video/mp4'}",FpXbeLZWFSw,https://www.youtube.com/watch?v=FpXbeLZWFSw
cljwcvfg5002w3n6lo9eg0k8w,12689,front,,Abnormal Gait,stroke,"{'top': 52.2, 'left': 149.2, 'height': 343.6, 'width': 164.8}","{'height': 480, 'width': 854, 'mime_type': 'video/mp4'}",FpXbeLZWFSw,https://www.youtube.com/watch?v=FpXbeLZWFSw
cljwcvfg5002w3n6lo9eg0k8w,12690,front,,Abnormal Gait,stroke,"{'top': 52.15, 'left': 149.15, 'height': 343.95000000000005, 'width': 164.35}","{'height': 480, 'width': 854, 'mime_type': 'video/mp4'}",FpXbeLZWFSw,https://www.youtube.com/watch?v=FpXbeLZWFSw
cljwcvfg5002w3n6lo9eg0k8w,12691,front,,Abnormal Gait,stroke,"{'top': 52.1, 'left': 149.1, 'height': 344.29999999999995, 'width': 163.9}","{'height': 480, 'width': 854, 'mime_type': 'video/mp4'}",FpXbeLZWFSw,https://www.youtube.com/watch?v=FpXbeLZWFSw
cljwcvfg5002w3n6lo9eg0k8w,12692,front,,Abnormal Gait,stroke,"{'top': 52.05, 'left': 149.05, 'height': 344.65, 'width': 163.45}","{'height': 480, 'width': 854, 'mime_type': 'video/mp4'}",FpXbeLZWFSw,https://www.youtube.com/watch?v=FpXbeLZWFSw
cljwcvfg5002w3n6lo9eg0k8w,12693,front,,Abnormal Gait,stroke,"{'top': 52.0, 'left': 149.0, 'height': 345.0, 'width': 163.0}","{'height': 480, 'width': 854, 'mime_type': 'video/mp4'}",FpXbeLZWFSw,https://www.youtube.com/watch?v=FpXbeLZWFSw
cljwcvfg5002w3n6lo9eg0k8w,12694,front,,Abnormal Gait,stroke,"{'top': 52.285714285714285, 'left': 147.14285714285714, 'height': 344.0, 'width': 162.50000000000003}","{'height': 480, 'width': 854, 'mime_type': 'video/mp4'}",FpXbeLZWFSw,https://www.youtube.com/watch?v=FpXbeLZWFSw
cljwcvfg5002w3n6lo9eg0k8w,12695,front,,Abnormal Gait,stroke,"{'top': 52.57142857142857, 'left': 145.28571428571428, 'height': 343.0, 'width': 162.0}","{'height': 480, 'width': 854, 'mime_type': 'video/mp4'}",FpXbeLZWFSw,https://www.youtube.com/watch?v=FpXbeLZWFSw
cljwcvfg5002w3n6lo9eg0k8w,12696,front,,Abnormal Gait,stroke,"{'top': 52.857142857142854, 'left': 143.42857142857142, 'height': 342.0, 'width': 161.50000000000003}","{'height': 480, 'width': 854, 'mime_type': 'video/mp4'}",FpXbeLZWFSw,https://www.youtube.com/watch?v=FpXbeLZWFSw
cljwcvfg5002w3n6lo9eg0k8w,12697,front,,Abnormal Gait,stroke,"{'top': 53.142857142857146, 'left': 141.57142857142858, 'height': 341.0, 'width': 160.99999999999997}","{'height': 480, 'width': 854, 'mime_type': 'video/mp4'}",FpXbeLZWFSw,https://www.youtube.com/watch?v=FpXbeLZWFSw
cljwcvfg5002w3n6lo9eg0k8w,12698,front,,Abnormal Gait,stroke,"{'top': 53.42857142857143, 'left': 139.71428571428572, 'height': 340.0, 'width': 160.5}","{'height': 480, 'width': 854, 'mime_type': 'video/mp4'}",FpXbeLZWFSw,https://www.youtube.com/watch?v=FpXbeLZWFSw
cljwcvfg5002w3n6lo9eg0k8w,12699,front,,Abnormal Gait,stroke,"{'top': 53.714285714285715, 'left': 137.85714285714286, 'height': 339.0, 'width': 159.99999999999997}","{'height': 480, 'width': 854, 'mime_type': 'video/mp4'}",FpXbeLZWFSw,https://www.youtube.com/watch?v=FpXbeLZWFSw
cljwcvfg5002w3n6lo9eg0k8w,12700,front,,Abnormal Gait,stroke,"{'top': 54.0, 'left': 136.0, 'height': 338.0, 'width': 159.5}","{'height': 480, 'width': 854, 'mime_type': 'video/mp4'}",FpXbeLZWFSw,https://www.youtube.com/watch?v=FpXbeLZWFSw
cljwcvfg5002w3n6lo9eg0k8w,12701,front,,Abnormal Gait,stroke,"{'top': 54.285714285714285, 'left': 134.14285714285714, 'height': 337.0, 'width': 159.00000000000003}","{'height': 480, 'width': 854, 'mime_type': 'video/mp4'}",FpXbeLZWFSw,https://www.youtube.com/watch?v=FpXbeLZWFSw
cljwcvfg5002w3n6lo9eg0k8w,12702,front,,Abnormal Gait,stroke,"{'top': 54.57142857142857, 'left': 132.28571428571428, 'height': 336.0, 'width': 158.5}","{'height': 480, 'width': 854, 'mime_type': 'video/mp4'}",FpXbeLZWFSw,https://www.youtube.com/watch?v=FpXbeLZWFSw
cljwcvfg5002w3n6lo9eg0k8w,12703,front,,Abnormal Gait,stroke,"{'top': 54.857142857142854, 'left': 130.42857142857142, 'height': 335.0, 'width': 158.00000000000003}","{'height': 480, 'width': 854, 'mime_type': 'video/mp4'}",FpXbeLZWFSw,https://www.youtube.com/watch?v=FpXbeLZWFSw
cljwcvfg5002w3n6lo9eg0k8w,12704,front,,Abnormal Gait,stroke,"{'top': 55.142857142857146, 'left': 128.57142857142858, 'height': 334.0, 'width': 157.49999999999997}","{'height': 480, 'width': 854, 'mime_type': 'video/mp4'}",FpXbeLZWFSw,https://www.youtube.com/watch?v=FpXbeLZWFSw
cljwcvfg5002w3n6lo9eg0k8w,12705,front,,Abnormal Gait,stroke,"{'top': 55.42857142857143, 'left': 126.71428571428572, 'height': 333.0, 'width': 157.0}","{'height': 480, 'width': 854, 'mime_type': 'video/mp4'}",FpXbeLZWFSw,https://www.youtube.com/watch?v=FpXbeLZWFSw
cljwcvfg5002w3n6lo9eg0k8w,12706,front,,Abnormal Gait,stroke,"{'top': 55.714285714285715, 'left': 124.85714285714286, 'height': 332.0, 'width': 156.49999999999997}","{'height': 480, 'width': 854, 'mime_type': 'video/mp4'}",FpXbeLZWFSw,https://www.youtube.com/watch?v=FpXbeLZWFSw
cljwcvfg5002w3n6lo9eg0k8w,12707,front,,Abnormal Gait,stroke,"{'top': 56.0, 'left': 123.0, 'height': 331.0, 'width': 156.0}","{'height': 480, 'width': 854, 'mime_type': 'video/mp4'}",FpXbeLZWFSw,https://www.youtube.com/watch?v=FpXbeLZWFSw
cljwcvfg5002w3n6lo9eg0k8w,12708,front,,Abnormal Gait,stroke,"{'top': 55.92, 'left': 123.2, 'height': 331.2, 'width': 155.56}","{'height': 480, 'width': 854, 'mime_type': 'video/mp4'}",FpXbeLZWFSw,https://www.youtube.com/watch?v=FpXbeLZWFSw
cljwcvfg5002w3n6lo9eg0k8w,12709,front,,Abnormal Gait,stroke,"{'top': 55.84, 'left': 123.4, 'height': 331.4, 'width': 155.11999999999998}","{'height': 480, 'width': 854, 'mime_type': 'video/mp4'}",FpXbeLZWFSw,https://www.youtube.com/watch?v=FpXbeLZWFSw
cljwcvfg5002w3n6lo9eg0k8w,12710,front,,Abnormal Gait,stroke,"{'top': 55.76, 'left': 123.6, 'height': 331.6, 'width': 154.67999999999998}","{'height': 480, 'width': 854, 'mime_type': 'video/mp4'}",FpXbeLZWFSw,https://www.youtube.com/watch?v=FpXbeLZWFSw
cljwcvfg5002w3n6lo9eg0k8w,12711,front,,Abnormal Gait,stroke,"{'top': 55.68, 'left': 123.8, 'height': 331.8, 'width': 154.24}","{'height': 480, 'width': 854, 'mime_type': 'video/mp4'}",FpXbeLZWFSw,https://www.youtube.com/watch?v=FpXbeLZWFSw
cljwcvfg5002w3n6lo9eg0k8w,12712,front,,Abnormal Gait,stroke,"{'top': 55.6, 'left': 124.0, 'height': 332.0, 'width': 153.8}","{'height': 480, 'width': 854, 'mime_type': 'video/mp4'}",FpXbeLZWFSw,https://www.youtube.com/watch?v=FpXbeLZWFSw
cljwcvfg5002w3n6lo9eg0k8w,12713,front,,Abnormal Gait,stroke,"{'top': 55.52, 'left': 124.2, 'height': 332.20000000000005, 'width': 153.36}","{'height': 480, 'width': 854, 'mime_type': 'video/mp4'}",FpXbeLZWFSw,https://www.youtube.com/watch?v=FpXbeLZWFSw
cljwcvfg5002w3n6lo9eg0k8w,12714,front,,Abnormal Gait,stroke,"{'top': 55.44, 'left': 124.4, 'height': 332.4, 'width': 152.92}","{'height': 480, 'width': 854, 'mime_type': 'video/mp4'}",FpXbeLZWFSw,https://www.youtube.com/watch?v=FpXbeLZWFSw
cljwcvfg5002w3n6lo9eg0k8w,12715,front,,Abnormal Gait,stroke,"{'top': 55.36, 'left': 124.6, 'height': 332.59999999999997, 'width': 152.48}","{'height': 480, 'width': 854, 'mime_type': 'video/mp4'}",FpXbeLZWFSw,https://www.youtube.com/watch?v=FpXbeLZWFSw
cljwcvfg5002w3n6lo9eg0k8w,12716,front,,Abnormal Gait,stroke,"{'top': 55.28, 'left': 124.8, 'height': 332.79999999999995, 'width': 152.03999999999996}","{'height': 480, 'width': 854, 'mime_type': 'video/mp4'}",FpXbeLZWFSw,https://www.youtube.com/watch?v=FpXbeLZWFSw
cljwcvfg5002w3n6lo9eg0k8w,12717,front,,Abnormal Gait,stroke,"{'top': 55.2, 'left': 125.0, 'height': 333.0, 'width': 151.60000000000002}","{'height': 480, 'width': 854, 'mime_type': 'video/mp4'}",FpXbeLZWFSw,https://www.youtube.com/watch?v=FpXbeLZWFSw
cljwcvfg5002w3n6lo9eg0k8w,12718,front,,Abnormal Gait,stroke,"{'top': 55.12, 'left': 125.2, 'height': 333.2, 'width': 151.16000000000003}","{'height': 480, 'width': 854, 'mime_type': 'video/mp4'}",FpXbeLZWFSw,https://www.youtube.com/watch?v=FpXbeLZWFSw
cljwcvfg5002w3n6lo9eg0k8w,12719,front,,Abnormal Gait,stroke,"{'top': 55.04, 'left': 125.4, 'height': 333.4, 'width': 150.72}","{'height': 480, 'width': 854, 'mime_type': 'video/mp4'}",FpXbeLZWFSw,https://www.youtube.com/watch?v=FpXbeLZWFSw
cljwcvfg5002w3n6lo9eg0k8w,12720,front,,Abnormal Gait,stroke,"{'top': 54.96, 'left': 125.6, 'height': 333.6, 'width': 150.28}","{'height': 480, 'width': 854, 'mime_type': 'video/mp4'}",FpXbeLZWFSw,https://www.youtube.com/watch?v=FpXbeLZWFSw
cljwcvfg5002w3n6lo9eg0k8w,12721,front,,Abnormal Gait,stroke,"{'top': 54.88, 'left': 125.8, 'height': 333.8, 'width': 149.83999999999997}","{'height': 480, 'width': 854, 'mime_type': 'video/mp4'}",FpXbeLZWFSw,https://www.youtube.com/watch?v=FpXbeLZWFSw
cljwcvfg5002w3n6lo9eg0k8w,12722,front,,Abnormal Gait,stroke,"{'top': 54.8, 'left': 126.0, 'height': 334.0, 'width': 149.39999999999998}","{'height': 480, 'width': 854, 'mime_type': 'video/mp4'}",FpXbeLZWFSw,https://www.youtube.com/watch?v=FpXbeLZWFSw
cljwcvfg5002w3n6lo9eg0k8w,12723,front,,Abnormal Gait,stroke,"{'top': 54.72, 'left': 126.2, 'height': 334.20000000000005, 'width': 148.96000000000004}","{'height': 480, 'width': 854, 'mime_type': 'video/mp4'}",FpXbeLZWFSw,https://www.youtube.com/watch?v=FpXbeLZWFSw
cljwcvfg5002w3n6lo9eg0k8w,12724,front,,Abnormal Gait,stroke,"{'top': 54.64, 'left': 126.4, 'height': 334.40000000000003, 'width': 148.52}","{'height': 480, 'width': 854, 'mime_type': 'video/mp4'}",FpXbeLZWFSw,https://www.youtube.com/watch?v=FpXbeLZWFSw
cljwcvfg5002w3n6lo9eg0k8w,12725,front,,Abnormal Gait,stroke,"{'top': 54.56, 'left': 126.6, 'height': 334.6, 'width': 148.08}","{'height': 480, 'width': 854, 'mime_type': 'video/mp4'}",FpXbeLZWFSw,https://www.youtube.com/watch?v=FpXbeLZWFSw
cljwcvfg5002w3n6lo9eg0k8w,12726,front,,Abnormal Gait,stroke,"{'top': 54.48, 'left': 126.8, 'height': 334.79999999999995, 'width': 147.64}","{'height': 480, 'width': 854, 'mime_type': 'video/mp4'}",FpXbeLZWFSw,https://www.youtube.com/watch?v=FpXbeLZWFSw
cljwcvfg5002w3n6lo9eg0k8w,12727,front,,Abnormal Gait,stroke,"{'top': 54.4, 'left': 127.0, 'height': 335.0, 'width': 147.2}","{'height': 480, 'width': 854, 'mime_type': 'video/mp4'}",FpXbeLZWFSw,https://www.youtube.com/watch?v=FpXbeLZWFSw
cljwcvfg5002w3n6lo9eg0k8w,12728,front,,Abnormal Gait,stroke,"{'top': 54.32, 'left': 127.2, 'height': 335.2, 'width': 146.76}","{'height': 480, 'width': 854, 'mime_type': 'video/mp4'}",FpXbeLZWFSw,https://www.youtube.com/watch?v=FpXbeLZWFSw
cljwcvfg5002w3n6lo9eg0k8w,12729,front,,Abnormal Gait,stroke,"{'top': 54.24, 'left': 127.4, 'height': 335.4, 'width': 146.32000000000002}","{'height': 480, 'width': 854, 'mime_type': 'video/mp4'}",FpXbeLZWFSw,https://www.youtube.com/watch?v=FpXbeLZWFSw
cljwcvfg5002w3n6lo9eg0k8w,12730,front,,Abnormal Gait,stroke,"{'top': 54.16, 'left': 127.6, 'height': 335.6, 'width': 145.88000000000002}","{'height': 480, 'width': 854, 'mime_type': 'video/mp4'}",FpXbeLZWFSw,https://www.youtube.com/watch?v=FpXbeLZWFSw
cljwcvfg5002w3n6lo9eg0k8w,12731,front,,Abnormal Gait,stroke,"{'top': 54.08, 'left': 127.8, 'height': 335.8, 'width': 145.44}","{'height': 480, 'width': 854, 'mime_type': 'video/mp4'}",FpXbeLZWFSw,https://www.youtube.com/watch?v=FpXbeLZWFSw
cljwcvfg5002w3n6lo9eg0k8w,12732,front,,Abnormal Gait,stroke,"{'top': 54.0, 'left': 128.0, 'height': 336.0, 'width': 145.0}","{'height': 480, 'width': 854, 'mime_type': 'video/mp4'}",FpXbeLZWFSw,https://www.youtube.com/watch?v=FpXbeLZWFSw
cljwcvfg5002w3n6lo9eg0k8w,12733,front,,Abnormal Gait,stroke,"{'top': 53.916666666666664, 'left': 128.16666666666666, 'height': 337.16666666666663, 'width': 144.58333333333334}","{'height': 480, 'width': 854, 'mime_type': 'video/mp4'}",FpXbeLZWFSw,https://www.youtube.com/watch?v=FpXbeLZWFSw
cljwcvfg5002w3n6lo9eg0k8w,12734,front,,Abnormal Gait,stroke,"{'top': 53.833333333333336, 'left': 128.33333333333334, 'height': 338.33333333333337, 'width': 144.16666666666666}","{'height': 480, 'width': 854, 'mime_type': 'video/mp4'}",FpXbeLZWFSw,https://www.youtube.com/watch?v=FpXbeLZWFSw
cljwcvfg5002w3n6lo9eg0k8w,12735,front,,Abnormal Gait,stroke,"{'top': 53.75, 'left': 128.5, 'height': 339.5, 'width': 143.75}","{'height': 480, 'width': 854, 'mime_type': 'video/mp4'}",FpXbeLZWFSw,https://www.youtube.com/watch?v=FpXbeLZWFSw
cljwcvfg5002w3n6lo9eg0k8w,12736,front,,Abnormal Gait,stroke,"{'top': 53.666666666666664, 'left': 128.66666666666666, 'height': 340.66666666666663, 'width': 143.33333333333334}","{'height': 480, 'width': 854, 'mime_type': 'video/mp4'}",FpXbeLZWFSw,https://www.youtube.com/watch?v=FpXbeLZWFSw
cljwcvfg5002w3n6lo9eg0k8w,12737,front,,Abnormal Gait,stroke,"{'top': 53.583333333333336, 'left': 128.83333333333334, 'height': 341.83333333333337, 'width': 142.91666666666666}","{'height': 480, 'width': 854, 'mime_type': 'video/mp4'}",FpXbeLZWFSw,https://www.youtube.com/watch?v=FpXbeLZWFSw
cljwcvfg5002w3n6lo9eg0k8w,12738,front,,Abnormal Gait,stroke,"{'top': 53.5, 'left': 129.0, 'height': 343.0, 'width': 142.5}","{'height': 480, 'width': 854, 'mime_type': 'video/mp4'}",FpXbeLZWFSw,https://www.youtube.com/watch?v=FpXbeLZWFSw
cljwcvfg5002w3n6lo9eg0k8w,12739,front,,Abnormal Gait,stroke,"{'top': 53.416666666666664, 'left': 129.16666666666666, 'height': 344.16666666666663, 'width': 142.08333333333334}","{'height': 480, 'width': 854, 'mime_type': 'video/mp4'}",FpXbeLZWFSw,https://www.youtube.com/watch?v=FpXbeLZWFSw
cljwcvfg5002w3n6lo9eg0k8w,12740,front,,Abnormal Gait,stroke,"{'top': 53.333333333333336, 'left': 129.33333333333334, 'height': 345.33333333333337, 'width': 141.66666666666666}","{'height': 480, 'width': 854, 'mime_type': 'video/mp4'}",FpXbeLZWFSw,https://www.youtube.com/watch?v=FpXbeLZWFSw
cljwcvfg5002w3n6lo9eg0k8w,12741,front,,Abnormal Gait,stroke,"{'top': 53.25, 'left': 129.5, 'height': 346.5, 'width': 141.25}","{'height': 480, 'width': 854, 'mime_type': 'video/mp4'}",FpXbeLZWFSw,https://www.youtube.com/watch?v=FpXbeLZWFSw
cljwcvfg5002w3n6lo9eg0k8w,12742,front,,Abnormal Gait,stroke,"{'top': 53.166666666666664, 'left': 129.66666666666666, 'height': 347.66666666666663, 'width': 140.83333333333334}","{'height': 480, 'width': 854, 'mime_type': 'video/mp4'}",FpXbeLZWFSw,https://www.youtube.com/watch?v=FpXbeLZWFSw
cljwcvfg5002w3n6lo9eg0k8w,12743,front,,Abnormal Gait,stroke,"{'top': 53.083333333333336, 'left': 129.83333333333334, 'height': 348.83333333333337, 'width': 140.41666666666666}","{'height': 480, 'width': 854, 'mime_type': 'video/mp4'}",FpXbeLZWFSw,https://www.youtube.com/watch?v=FpXbeLZWFSw
cljwcvfg5002w3n6lo9eg0k8w,12744,front,,Abnormal Gait,stroke,"{'top': 53.0, 'left': 130.0, 'height': 350.0, 'width': 140.0}","{'height': 480, 'width': 854, 'mime_type': 'video/mp4'}",FpXbeLZWFSw,https://www.youtube.com/watch?v=FpXbeLZWFSw
cljwcvfg5002w3n6lo9eg0k8w,12745,front,,Abnormal Gait,stroke,"{'top': 52.92307692307692, 'left': 130.19230769230768, 'height': 349.0769230769231, 'width': 140.26923076923077}","{'height': 480, 'width': 854, 'mime_type': 'video/mp4'}",FpXbeLZWFSw,https://www.youtube.com/watch?v=FpXbeLZWFSw
cljwcvfg5002w3n6lo9eg0k8w,12746,front,,Abnormal Gait,stroke,"{'top': 52.84615384615385, 'left': 130.3846153846154, 'height': 348.15384615384613, 'width': 140.53846153846152}","{'height': 480, 'width': 854, 'mime_type': 'video/mp4'}",FpXbeLZWFSw,https://www.youtube.com/watch?v=FpXbeLZWFSw
cljwcvfg5002w3n6lo9eg0k8w,12747,front,,Abnormal Gait,stroke,"{'top': 52.769230769230774, 'left': 130.57692307692307, 'height': 347.2307692307692, 'width': 140.8076923076923}","{'height': 480, 'width': 854, 'mime_type': 'video/mp4'}",FpXbeLZWFSw,https://www.youtube.com/watch?v=FpXbeLZWFSw
cljwcvfg5002w3n6lo9eg0k8w,12748,front,,Abnormal Gait,stroke,"{'top': 52.69230769230769, 'left': 130.76923076923077, 'height': 346.3076923076923, 'width': 141.0769230769231}","{'height': 480, 'width': 854, 'mime_type': 'video/mp4'}",FpXbeLZWFSw,https://www.youtube.com/watch?v=FpXbeLZWFSw
cljwcvfg5002w3n6lo9eg0k8w,12749,front,,Abnormal Gait,stroke,"{'top': 52.61538461538461, 'left': 130.96153846153845, 'height': 345.38461538461536, 'width': 141.34615384615387}","{'height': 480, 'width': 854, 'mime_type': 'video/mp4'}",FpXbeLZWFSw,https://www.youtube.com/watch?v=FpXbeLZWFSw
cljwcvfg5002w3n6lo9eg0k8w,12750,front,,Abnormal Gait,stroke,"{'top': 52.53846153846154, 'left': 131.15384615384616, 'height': 344.46153846153845, 'width': 141.6153846153846}","{'height': 480, 'width': 854, 'mime_type': 'video/mp4'}",FpXbeLZWFSw,https://www.youtube.com/watch?v=FpXbeLZWFSw
cljwcvfg5002w3n6lo9eg0k8w,12751,front,,Abnormal Gait,stroke,"{'top': 52.46153846153846, 'left': 131.34615384615384, 'height': 343.53846153846155, 'width': 141.8846153846154}","{'height': 480, 'width': 854, 'mime_type': 'video/mp4'}",FpXbeLZWFSw,https://www.youtube.com/watch?v=FpXbeLZWFSw
cljwcvfg5002w3n6lo9eg0k8w,12752,front,,Abnormal Gait,stroke,"{'top': 52.38461538461539, 'left': 131.53846153846155, 'height': 342.61538461538464, 'width': 142.15384615384613}","{'height': 480, 'width': 854, 'mime_type': 'video/mp4'}",FpXbeLZWFSw,https://www.youtube.com/watch?v=FpXbeLZWFSw
cljwcvfg5002w3n6lo9eg0k8w,12753,front,,Abnormal Gait,stroke,"{'top': 52.30769230769231, 'left': 131.73076923076923, 'height': 341.6923076923077, 'width': 142.4230769230769}","{'height': 480, 'width': 854, 'mime_type': 'video/mp4'}",FpXbeLZWFSw,https://www.youtube.com/watch?v=FpXbeLZWFSw
cljwcvfg5002w3n6lo9eg0k8w,12754,front,,Abnormal Gait,stroke,"{'top': 52.23076923076923, 'left': 131.92307692307693, 'height': 340.7692307692308, 'width': 142.6923076923077}","{'height': 480, 'width': 854, 'mime_type': 'video/mp4'}",FpXbeLZWFSw,https://www.youtube.com/watch?v=FpXbeLZWFSw
cljwcvfg5002w3n6lo9eg0k8w,12755,front,,Abnormal Gait,stroke,"{'top': 52.15384615384615, 'left': 132.1153846153846, 'height': 339.84615384615387, 'width': 142.96153846153848}","{'height': 480, 'width': 854, 'mime_type': 'video/mp4'}",FpXbeLZWFSw,https://www.youtube.com/watch?v=FpXbeLZWFSw
cljwcvfg5002w3n6lo9eg0k8w,12756,front,,Abnormal Gait,stroke,"{'top': 52.07692307692308, 'left': 132.30769230769232, 'height': 338.9230769230769, 'width': 143.23076923076923}","{'height': 480, 'width': 854, 'mime_type': 'video/mp4'}",FpXbeLZWFSw,https://www.youtube.com/watch?v=FpXbeLZWFSw
cljwcvfg5002w3n6lo9eg0k8w,12757,front,,Abnormal Gait,stroke,"{'top': 52.0, 'left': 132.5, 'height': 338.0, 'width': 143.5}","{'height': 480, 'width': 854, 'mime_type': 'video/mp4'}",FpXbeLZWFSw,https://www.youtube.com/watch?v=FpXbeLZWFSw
cljwcvfg5002w3n6lo9eg0k8w,12758,front,,Abnormal Gait,stroke,"{'top': 51.92307692307692, 'left': 132.69230769230768, 'height': 337.0769230769231, 'width': 143.76923076923077}","{'height': 480, 'width': 854, 'mime_type': 'video/mp4'}",FpXbeLZWFSw,https://www.youtube.com/watch?v=FpXbeLZWFSw
cljwcvfg5002w3n6lo9eg0k8w,12759,front,,Abnormal Gait,stroke,"{'top': 51.84615384615385, 'left': 132.8846153846154, 'height': 336.15384615384613, 'width': 144.03846153846152}","{'height': 480, 'width': 854, 'mime_type': 'video/mp4'}",FpXbeLZWFSw,https://www.youtube.com/watch?v=FpXbeLZWFSw
cljwcvfg5002w3n6lo9eg0k8w,12760,front,,Abnormal Gait,stroke,"{'top': 51.769230769230774, 'left': 133.07692307692307, 'height': 335.2307692307692, 'width': 144.3076923076923}","{'height': 480, 'width': 854, 'mime_type': 'video/mp4'}",FpXbeLZWFSw,https://www.youtube.com/watch?v=FpXbeLZWFSw
cljwcvfg5002w3n6lo9eg0k8w,12761,front,,Abnormal Gait,stroke,"{'top': 51.69230769230769, 'left': 133.26923076923077, 'height': 334.3076923076923, 'width': 144.5769230769231}","{'height': 480, 'width': 854, 'mime_type': 'video/mp4'}",FpXbeLZWFSw,https://www.youtube.com/watch?v=FpXbeLZWFSw
cljwcvfg5002w3n6lo9eg0k8w,12762,front,,Abnormal Gait,stroke,"{'top': 51.61538461538461, 'left': 133.46153846153845, 'height': 333.38461538461536, 'width': 144.84615384615387}","{'height': 480, 'width': 854, 'mime_type': 'video/mp4'}",FpXbeLZWFSw,https://www.youtube.com/watch?v=FpXbeLZWFSw
cljwcvfg5002w3n6lo9eg0k8w,12763,front,,Abnormal Gait,stroke,"{'top': 51.53846153846154, 'left': 133.65384615384616, 'height': 332.46153846153845, 'width': 145.1153846153846}","{'height': 480, 'width': 854, 'mime_type': 'video/mp4'}",FpXbeLZWFSw,https://www.youtube.com/watch?v=FpXbeLZWFSw
cljwcvfg5002w3n6lo9eg0k8w,12764,front,,Abnormal Gait,stroke,"{'top': 51.46153846153846, 'left': 133.84615384615384, 'height': 331.53846153846155, 'width': 145.3846153846154}","{'height': 480, 'width': 854, 'mime_type': 'video/mp4'}",FpXbeLZWFSw,https://www.youtube.com/watch?v=FpXbeLZWFSw
cljwcvfg5002w3n6lo9eg0k8w,12765,front,,Abnormal Gait,stroke,"{'top': 51.38461538461539, 'left': 134.03846153846155, 'height': 330.61538461538464, 'width': 145.65384615384613}","{'height': 480, 'width': 854, 'mime_type': 'video/mp4'}",FpXbeLZWFSw,https://www.youtube.com/watch?v=FpXbeLZWFSw
cljwcvfg5002w3n6lo9eg0k8w,12766,front,,Abnormal Gait,stroke,"{'top': 51.30769230769231, 'left': 134.23076923076923, 'height': 329.6923076923077, 'width': 145.9230769230769}","{'height': 480, 'width': 854, 'mime_type': 'video/mp4'}",FpXbeLZWFSw,https://www.youtube.com/watch?v=FpXbeLZWFSw
cljwcvfg5002w3n6lo9eg0k8w,12767,front,,Abnormal Gait,stroke,"{'top': 51.23076923076923, 'left': 134.42307692307693, 'height': 328.7692307692308, 'width': 146.1923076923077}","{'height': 480, 'width': 854, 'mime_type': 'video/mp4'}",FpXbeLZWFSw,https://www.youtube.com/watch?v=FpXbeLZWFSw
cljwcvfg5002w3n6lo9eg0k8w,12768,front,,Abnormal Gait,stroke,"{'top': 51.15384615384615, 'left': 134.6153846153846, 'height': 327.84615384615387, 'width': 146.46153846153848}","{'height': 480, 'width': 854, 'mime_type': 'video/mp4'}",FpXbeLZWFSw,https://www.youtube.com/watch?v=FpXbeLZWFSw
cljwcvfg5002w3n6lo9eg0k8w,12769,front,,Abnormal Gait,stroke,"{'top': 51.07692307692308, 'left': 134.80769230769232, 'height': 326.9230769230769, 'width': 146.73076923076923}","{'height': 480, 'width': 854, 'mime_type': 'video/mp4'}",FpXbeLZWFSw,https://www.youtube.com/watch?v=FpXbeLZWFSw
cljwcvfg5002w3n6lo9eg0k8w,12770,front,,Abnormal Gait,stroke,"{'top': 51.0, 'left': 135.0, 'height': 326.0, 'width': 147.0}","{'height': 480, 'width': 854, 'mime_type': 'video/mp4'}",FpXbeLZWFSw,https://www.youtube.com/watch?v=FpXbeLZWFSw
cljwcvfg5002w3n6lo9eg0k8w,12771,front,,Abnormal Gait,stroke,"{'top': 50.875, 'left': 135.25, 'height': 326.75, 'width': 148.375}","{'height': 480, 'width': 854, 'mime_type': 'video/mp4'}",FpXbeLZWFSw,https://www.youtube.com/watch?v=FpXbeLZWFSw
cljwcvfg5002w3n6lo9eg0k8w,12772,front,,Abnormal Gait,stroke,"{'top': 50.75, 'left': 135.5, 'height': 327.5, 'width': 149.75}","{'height': 480, 'width': 854, 'mime_type': 'video/mp4'}",FpXbeLZWFSw,https://www.youtube.com/watch?v=FpXbeLZWFSw
cljwcvfg5002w3n6lo9eg0k8w,12773,front,,Abnormal Gait,stroke,"{'top': 50.625, 'left': 135.75, 'height': 328.25, 'width': 151.125}","{'height': 480, 'width': 854, 'mime_type': 'video/mp4'}",FpXbeLZWFSw,https://www.youtube.com/watch?v=FpXbeLZWFSw
cljwcvfg5002w3n6lo9eg0k8w,12774,front,,Abnormal Gait,stroke,"{'top': 50.5, 'left': 136.0, 'height': 329.0, 'width': 152.5}","{'height': 480, 'width': 854, 'mime_type': 'video/mp4'}",FpXbeLZWFSw,https://www.youtube.com/watch?v=FpXbeLZWFSw
cljwcvfg5002w3n6lo9eg0k8w,12775,front,,Abnormal Gait,stroke,"{'top': 50.375, 'left': 136.25, 'height': 329.75, 'width': 153.875}","{'height': 480, 'width': 854, 'mime_type': 'video/mp4'}",FpXbeLZWFSw,https://www.youtube.com/watch?v=FpXbeLZWFSw
cljwcvfg5002w3n6lo9eg0k8w,12776,front,,Abnormal Gait,stroke,"{'top': 50.25, 'left': 136.5, 'height': 330.5, 'width': 155.25}","{'height': 480, 'width': 854, 'mime_type': 'video/mp4'}",FpXbeLZWFSw,https://www.youtube.com/watch?v=FpXbeLZWFSw
cljwcvfg5002w3n6lo9eg0k8w,12777,front,,Abnormal Gait,stroke,"{'top': 50.125, 'left': 136.75, 'height': 331.25, 'width': 156.625}","{'height': 480, 'width': 854, 'mime_type': 'video/mp4'}",FpXbeLZWFSw,https://www.youtube.com/watch?v=FpXbeLZWFSw
cljwcvfg5002w3n6lo9eg0k8w,12778,front,,Abnormal Gait,stroke,"{'top': 50.0, 'left': 137.0, 'height': 332.0, 'width': 158.0}","{'height': 480, 'width': 854, 'mime_type': 'video/mp4'}",FpXbeLZWFSw,https://www.youtube.com/watch?v=FpXbeLZWFSw
cljwcvfg5002w3n6lo9eg0k8w,12779,front,,Abnormal Gait,stroke,"{'top': 50.0, 'left': 137.33333333333334, 'height': 341.0, 'width': 158.33333333333334}","{'height': 480, 'width': 854, 'mime_type': 'video/mp4'}",FpXbeLZWFSw,https://www.youtube.com/watch?v=FpXbeLZWFSw
cljwcvfg5002w3n6lo9eg0k8w,12780,front,,Abnormal Gait,stroke,"{'top': 50.0, 'left': 137.66666666666666, 'height': 350.0, 'width': 158.66666666666666}","{'height': 480, 'width': 854, 'mime_type': 'video/mp4'}",FpXbeLZWFSw,https://www.youtube.com/watch?v=FpXbeLZWFSw
cljwcvfg5002w3n6lo9eg0k8w,12781,front,,Abnormal Gait,stroke,"{'top': 50.0, 'left': 138.0, 'height': 359.0, 'width': 159.0}","{'height': 480, 'width': 854, 'mime_type': 'video/mp4'}",FpXbeLZWFSw,https://www.youtube.com/watch?v=FpXbeLZWFSw
cljwcvfg5002w3n6lo9eg0k8w,12782,front,,Abnormal Gait,stroke,"{'top': 49.857142857142854, 'left': 138.14285714285714, 'height': 358.42857142857144, 'width': 159.2857142857143}","{'height': 480, 'width': 854, 'mime_type': 'video/mp4'}",FpXbeLZWFSw,https://www.youtube.com/watch?v=FpXbeLZWFSw
cljwcvfg5002w3n6lo9eg0k8w,12783,front,,Abnormal Gait,stroke,"{'top': 49.714285714285715, 'left': 138.28571428571428, 'height': 357.85714285714283, 'width': 159.57142857142856}","{'height': 480, 'width': 854, 'mime_type': 'video/mp4'}",FpXbeLZWFSw,https://www.youtube.com/watch?v=FpXbeLZWFSw
cljwcvfg5002w3n6lo9eg0k8w,12784,front,,Abnormal Gait,stroke,"{'top': 49.57142857142857, 'left': 138.42857142857142, 'height': 357.2857142857143, 'width': 159.85714285714286}","{'height': 480, 'width': 854, 'mime_type': 'video/mp4'}",FpXbeLZWFSw,https://www.youtube.com/watch?v=FpXbeLZWFSw
cljwcvfg5002w3n6lo9eg0k8w,12785,front,,Abnormal Gait,stroke,"{'top': 49.42857142857143, 'left': 138.57142857142858, 'height': 356.7142857142857, 'width': 160.14285714285714}","{'height': 480, 'width': 854, 'mime_type': 'video/mp4'}",FpXbeLZWFSw,https://www.youtube.com/watch?v=FpXbeLZWFSw
cljwcvfg5002w3n6lo9eg0k8w,12786,front,,Abnormal Gait,stroke,"{'top': 49.285714285714285, 'left': 138.71428571428572, 'height': 356.14285714285717, 'width': 160.42857142857144}","{'height': 480, 'width': 854, 'mime_type': 'video/mp4'}",FpXbeLZWFSw,https://www.youtube.com/watch?v=FpXbeLZWFSw
cljwcvfg5002w3n6lo9eg0k8w,12787,front,,Abnormal Gait,stroke,"{'top': 49.142857142857146, 'left': 138.85714285714286, 'height': 355.57142857142856, 'width': 160.7142857142857}","{'height': 480, 'width': 854, 'mime_type': 'video/mp4'}",FpXbeLZWFSw,https://www.youtube.com/watch?v=FpXbeLZWFSw
cljwcvfg5002w3n6lo9eg0k8w,12788,front,,Abnormal Gait,stroke,"{'top': 49.0, 'left': 139.0, 'height': 355.0, 'width': 161.0}","{'height': 480, 'width': 854, 'mime_type': 'video/mp4'}",FpXbeLZWFSw,https://www.youtube.com/watch?v=FpXbeLZWFSw
cljwcvfg5002w3n6lo9eg0k8w,12789,front,,Abnormal Gait,stroke,"{'top': 49.0, 'left': 139.2, 'height': 356.0, 'width': 161.60000000000002}","{'height': 480, 'width': 854, 'mime_type': 'video/mp4'}",FpXbeLZWFSw,https://www.youtube.com/watch?v=FpXbeLZWFSw
cljwcvfg5002w3n6lo9eg0k8w,12790,front,,Abnormal Gait,stroke,"{'top': 49.0, 'left': 139.4, 'height': 357.0, 'width': 162.20000000000002}","{'height': 480, 'width': 854, 'mime_type': 'video/mp4'}",FpXbeLZWFSw,https://www.youtube.com/watch?v=FpXbeLZWFSw
cljwcvfg5002w3n6lo9eg0k8w,12791,front,,Abnormal Gait,stroke,"{'top': 49.0, 'left': 139.6, 'height': 358.0, 'width': 162.79999999999998}","{'height': 480, 'width': 854, 'mime_type': 'video/mp4'}",FpXbeLZWFSw,https://www.youtube.com/watch?v=FpXbeLZWFSw
cljwcvfg5002w3n6lo9eg0k8w,12792,front,,Abnormal Gait,stroke,"{'top': 49.0, 'left': 139.8, 'height': 359.0, 'width': 163.39999999999998}","{'height': 480, 'width': 854, 'mime_type': 'video/mp4'}",FpXbeLZWFSw,https://www.youtube.com/watch?v=FpXbeLZWFSw
cljwcvfg5002w3n6lo9eg0k8w,12793,front,,Abnormal Gait,stroke,"{'top': 49.0, 'left': 140.0, 'height': 360.0, 'width': 164.0}","{'height': 480, 'width': 854, 'mime_type': 'video/mp4'}",FpXbeLZWFSw,https://www.youtube.com/watch?v=FpXbeLZWFSw
cljwcvfg5002w3n6lo9eg0k8w,12794,front,,Abnormal Gait,stroke,"{'top': 49.0, 'left': 140.25, 'height': 363.75, 'width': 160.25}","{'height': 480, 'width': 854, 'mime_type': 'video/mp4'}",FpXbeLZWFSw,https://www.youtube.com/watch?v=FpXbeLZWFSw
cljwcvfg5002w3n6lo9eg0k8w,12795,front,,Abnormal Gait,stroke,"{'top': 49.0, 'left': 140.5, 'height': 367.5, 'width': 156.5}","{'height': 480, 'width': 854, 'mime_type': 'video/mp4'}",FpXbeLZWFSw,https://www.youtube.com/watch?v=FpXbeLZWFSw
cljwcvfg5002w3n6lo9eg0k8w,12796,front,,Abnormal Gait,stroke,"{'top': 49.0, 'left': 140.75, 'height': 371.25, 'width': 152.75}","{'height': 480, 'width': 854, 'mime_type': 'video/mp4'}",FpXbeLZWFSw,https://www.youtube.com/watch?v=FpXbeLZWFSw
cljwcvfg5002w3n6lo9eg0k8w,12797,front,,Abnormal Gait,stroke,"{'top': 49.0, 'left': 141.0, 'height': 375.0, 'width': 149.0}","{'height': 480, 'width': 854, 'mime_type': 'video/mp4'}",FpXbeLZWFSw,https://www.youtube.com/watch?v=FpXbeLZWFSw
cljwcvfg5002w3n6lo9eg0k8w,12798,front,,Abnormal Gait,stroke,"{'top': 49.0, 'left': 141.33333333333334, 'height': 374.3333333333333, 'width': 145.33333333333334}","{'height': 480, 'width': 854, 'mime_type': 'video/mp4'}",FpXbeLZWFSw,https://www.youtube.com/watch?v=FpXbeLZWFSw
cljwcvfg5002w3n6lo9eg0k8w,12799,front,,Abnormal Gait,stroke,"{'top': 49.0, 'left': 141.66666666666666, 'height': 373.6666666666667, 'width': 141.66666666666666}","{'height': 480, 'width': 854, 'mime_type': 'video/mp4'}",FpXbeLZWFSw,https://www.youtube.com/watch?v=FpXbeLZWFSw
cljwcvfg5002w3n6lo9eg0k8w,12800,front,,Abnormal Gait,stroke,"{'top': 49.0, 'left': 142.0, 'height': 373.0, 'width': 138.0}","{'height': 480, 'width': 854, 'mime_type': 'video/mp4'}",FpXbeLZWFSw,https://www.youtube.com/watch?v=FpXbeLZWFSw
cljwcvfg5002w3n6lo9eg0k8w,12801,front,,Abnormal Gait,stroke,"{'top': 49.0, 'left': 135.0, 'height': 376.5, 'width': 141.5}","{'height': 480, 'width': 854, 'mime_type': 'video/mp4'}",FpXbeLZWFSw,https://www.youtube.com/watch?v=FpXbeLZWFSw
cljwcvfg5002w3n6lo9eg0k8w,12802,front,,Abnormal Gait,stroke,"{'top': 49.0, 'left': 128.0, 'height': 380.0, 'width': 145.0}","{'height': 480, 'width': 854, 'mime_type': 'video/mp4'}",FpXbeLZWFSw,https://www.youtube.com/watch?v=FpXbeLZWFSw
cljwcvfg5002w3n6lo9eg0k8w,12803,front,,Abnormal Gait,stroke,"{'top': 49.0, 'left': 130.5, 'height': 376.5, 'width': 149.0}","{'height': 480, 'width': 854, 'mime_type': 'video/mp4'}",FpXbeLZWFSw,https://www.youtube.com/watch?v=FpXbeLZWFSw
cljwcvfg5002w3n6lo9eg0k8w,12804,front,,Abnormal Gait,stroke,"{'top': 49.0, 'left': 133.0, 'height': 373.0, 'width': 153.0}","{'height': 480, 'width': 854, 'mime_type': 'video/mp4'}",FpXbeLZWFSw,https://www.youtube.com/watch?v=FpXbeLZWFSw
cljwcvfg5002w3n6lo9eg0k8w,12805,front,,Abnormal Gait,stroke,"{'top': 49.0, 'left': 135.0, 'height': 369.0, 'width': 161.0}","{'height': 480, 'width': 854, 'mime_type': 'video/mp4'}",FpXbeLZWFSw,https://www.youtube.com/watch?v=FpXbeLZWFSw
cljwcvfg5002w3n6lo9eg0k8w,12806,front,,Abnormal Gait,stroke,"{'top': 48.666666666666664, 'left': 137.66666666666666, 'height': 323.3333333333333, 'width': 144.00000000000003}","{'height': 480, 'width': 854, 'mime_type': 'video/mp4'}",FpXbeLZWFSw,https://www.youtube.com/watch?v=FpXbeLZWFSw
cljwcvfg5002w3n6lo9eg0k8w,12807,front,,Abnormal Gait,stroke,"{'top': 48.333333333333336, 'left': 140.33333333333334, 'height': 277.6666666666667, 'width': 126.99999999999997}","{'height': 480, 'width': 854, 'mime_type': 'video/mp4'}",FpXbeLZWFSw,https://www.youtube.com/watch?v=FpXbeLZWFSw
cljwcvfg5002w3n6lo9eg0k8w,12808,front,,Abnormal Gait,stroke,"{'top': 48.0, 'left': 143.0, 'height': 232.0, 'width': 110.0}","{'height': 480, 'width': 854, 'mime_type': 'video/mp4'}",FpXbeLZWFSw,https://www.youtube.com/watch?v=FpXbeLZWFSw
