seq,frame_num,cam_view,gait_event,dataset,gait_pat,bbox,vid_info,id,url
clk6lapp7003e3n6lnpqtai54,1,right side,,Abnormal Gait,stroke,"{'top': 32.0, 'left': 191.0, 'height': 313.0, 'width': 127.0}","{'height': 360, 'width': 640, 'mime_type': 'video/mp4'}",fbY4O04uunE,https://www.youtube.com/watch?v=fbY4O04uunE
clk6lapp7003e3n6lnpqtai54,2,right side,,Abnormal Gait,stroke,"{'top': 32.0, 'left': 191.1, 'height': 314.0, 'width': 129.79999999999998}","{'height': 360, 'width': 640, 'mime_type': 'video/mp4'}",fbY4O04uunE,https://www.youtube.com/watch?v=fbY4O04uunE
clk6lapp7003e3n6lnpqtai54,3,right side,,Abnormal Gait,stroke,"{'top': 32.0, 'left': 191.2, 'height': 315.0, 'width': 132.60000000000002}","{'height': 360, 'width': 640, 'mime_type': 'video/mp4'}",fbY4O04uunE,https://www.youtube.com/watch?v=fbY4O04uunE
clk6lapp7003e3n6lnpqtai54,4,right side,,Abnormal Gait,stroke,"{'top': 32.0, 'left': 191.3, 'height': 316.0, 'width': 135.39999999999998}","{'height': 360, 'width': 640, 'mime_type': 'video/mp4'}",fbY4O04uunE,https://www.youtube.com/watch?v=fbY4O04uunE
clk6lapp7003e3n6lnpqtai54,5,right side,,Abnormal Gait,stroke,"{'top': 32.0, 'left': 191.4, 'height': 317.0, 'width': 138.20000000000002}","{'height': 360, 'width': 640, 'mime_type': 'video/mp4'}",fbY4O04uunE,https://www.youtube.com/watch?v=fbY4O04uunE
clk6lapp7003e3n6lnpqtai54,6,right side,,Abnormal Gait,stroke,"{'top': 32.0, 'left': 191.5, 'height': 318.0, 'width': 141.0}","{'height': 360, 'width': 640, 'mime_type': 'video/mp4'}",fbY4O04uunE,https://www.youtube.com/watch?v=fbY4O04uunE
clk6lapp7003e3n6lnpqtai54,7,right side,,Abnormal Gait,stroke,"{'top': 32.0, 'left': 191.6, 'height': 319.0, 'width': 143.79999999999998}","{'height': 360, 'width': 640, 'mime_type': 'video/mp4'}",fbY4O04uunE,https://www.youtube.com/watch?v=fbY4O04uunE
clk6lapp7003e3n6lnpqtai54,8,right side,,Abnormal Gait,stroke,"{'top': 32.0, 'left': 191.7, 'height': 320.0, 'width': 146.60000000000002}","{'height': 360, 'width': 640, 'mime_type': 'video/mp4'}",fbY4O04uunE,https://www.youtube.com/watch?v=fbY4O04uunE
clk6lapp7003e3n6lnpqtai54,9,right side,,Abnormal Gait,stroke,"{'top': 32.0, 'left': 191.8, 'height': 321.0, 'width': 149.39999999999998}","{'height': 360, 'width': 640, 'mime_type': 'video/mp4'}",fbY4O04uunE,https://www.youtube.com/watch?v=fbY4O04uunE
clk6lapp7003e3n6lnpqtai54,10,right side,,Abnormal Gait,stroke,"{'top': 32.0, 'left': 191.9, 'height': 322.0, 'width': 152.20000000000002}","{'height': 360, 'width': 640, 'mime_type': 'video/mp4'}",fbY4O04uunE,https://www.youtube.com/watch?v=fbY4O04uunE
clk6lapp7003e3n6lnpqtai54,11,right side,,Abnormal Gait,stroke,"{'top': 32.0, 'left': 192.0, 'height': 323.0, 'width': 155.0}","{'height': 360, 'width': 640, 'mime_type': 'video/mp4'}",fbY4O04uunE,https://www.youtube.com/watch?v=fbY4O04uunE
clk6lapp7003e3n6lnpqtai54,12,right side,,Abnormal Gait,stroke,"{'top': 32.0, 'left': 192.13333333333333, 'height': 323.1111111111111, 'width': 155.3777777777778}","{'height': 360, 'width': 640, 'mime_type': 'video/mp4'}",fbY4O04uunE,https://www.youtube.com/watch?v=fbY4O04uunE
clk6lapp7003e3n6lnpqtai54,13,right side,,Abnormal Gait,stroke,"{'top': 32.0, 'left': 192.26666666666668, 'height': 323.22222222222223, 'width': 155.75555555555556}","{'height': 360, 'width': 640, 'mime_type': 'video/mp4'}",fbY4O04uunE,https://www.youtube.com/watch?v=fbY4O04uunE
clk6lapp7003e3n6lnpqtai54,14,right side,,Abnormal Gait,stroke,"{'top': 32.0, 'left': 192.4, 'height': 323.3333333333333, 'width': 156.13333333333335}","{'height': 360, 'width': 640, 'mime_type': 'video/mp4'}",fbY4O04uunE,https://www.youtube.com/watch?v=fbY4O04uunE
clk6lapp7003e3n6lnpqtai54,15,right side,,Abnormal Gait,stroke,"{'top': 32.0, 'left': 192.53333333333333, 'height': 323.44444444444446, 'width': 156.5111111111111}","{'height': 360, 'width': 640, 'mime_type': 'video/mp4'}",fbY4O04uunE,https://www.youtube.com/watch?v=fbY4O04uunE
clk6lapp7003e3n6lnpqtai54,16,right side,,Abnormal Gait,stroke,"{'top': 32.0, 'left': 192.66666666666666, 'height': 323.55555555555554, 'width': 156.88888888888889}","{'height': 360, 'width': 640, 'mime_type': 'video/mp4'}",fbY4O04uunE,https://www.youtube.com/watch?v=fbY4O04uunE
clk6lapp7003e3n6lnpqtai54,17,right side,,Abnormal Gait,stroke,"{'top': 32.0, 'left': 192.8, 'height': 323.6666666666667, 'width': 157.26666666666665}","{'height': 360, 'width': 640, 'mime_type': 'video/mp4'}",fbY4O04uunE,https://www.youtube.com/watch?v=fbY4O04uunE
clk6lapp7003e3n6lnpqtai54,18,right side,,Abnormal Gait,stroke,"{'top': 32.0, 'left': 192.93333333333334, 'height': 323.77777777777777, 'width': 157.64444444444445}","{'height': 360, 'width': 640, 'mime_type': 'video/mp4'}",fbY4O04uunE,https://www.youtube.com/watch?v=fbY4O04uunE
clk6lapp7003e3n6lnpqtai54,19,right side,,Abnormal Gait,stroke,"{'top': 32.0, 'left': 193.06666666666666, 'height': 323.8888888888889, 'width': 158.02222222222224}","{'height': 360, 'width': 640, 'mime_type': 'video/mp4'}",fbY4O04uunE,https://www.youtube.com/watch?v=fbY4O04uunE
clk6lapp7003e3n6lnpqtai54,20,right side,,Abnormal Gait,stroke,"{'top': 32.0, 'left': 193.2, 'height': 324.0, 'width': 158.40000000000003}","{'height': 360, 'width': 640, 'mime_type': 'video/mp4'}",fbY4O04uunE,https://www.youtube.com/watch?v=fbY4O04uunE
clk6lapp7003e3n6lnpqtai54,21,right side,,Abnormal Gait,stroke,"{'top': 32.0, 'left': 193.33333333333334, 'height': 324.1111111111111, 'width': 158.77777777777774}","{'height': 360, 'width': 640, 'mime_type': 'video/mp4'}",fbY4O04uunE,https://www.youtube.com/watch?v=fbY4O04uunE
clk6lapp7003e3n6lnpqtai54,22,right side,,Abnormal Gait,stroke,"{'top': 32.0, 'left': 193.46666666666667, 'height': 324.22222222222223, 'width': 159.15555555555554}","{'height': 360, 'width': 640, 'mime_type': 'video/mp4'}",fbY4O04uunE,https://www.youtube.com/watch?v=fbY4O04uunE
clk6lapp7003e3n6lnpqtai54,23,right side,,Abnormal Gait,stroke,"{'top': 32.0, 'left': 193.6, 'height': 324.3333333333333, 'width': 159.53333333333333}","{'height': 360, 'width': 640, 'mime_type': 'video/mp4'}",fbY4O04uunE,https://www.youtube.com/watch?v=fbY4O04uunE
clk6lapp7003e3n6lnpqtai54,24,right side,,Abnormal Gait,stroke,"{'top': 32.0, 'left': 193.73333333333332, 'height': 324.44444444444446, 'width': 159.91111111111113}","{'height': 360, 'width': 640, 'mime_type': 'video/mp4'}",fbY4O04uunE,https://www.youtube.com/watch?v=fbY4O04uunE
clk6lapp7003e3n6lnpqtai54,25,right side,,Abnormal Gait,stroke,"{'top': 32.0, 'left': 193.86666666666667, 'height': 324.55555555555554, 'width': 160.2888888888889}","{'height': 360, 'width': 640, 'mime_type': 'video/mp4'}",fbY4O04uunE,https://www.youtube.com/watch?v=fbY4O04uunE
clk6lapp7003e3n6lnpqtai54,26,right side,,Abnormal Gait,stroke,"{'top': 32.0, 'left': 194.0, 'height': 324.6666666666667, 'width': 160.66666666666669}","{'height': 360, 'width': 640, 'mime_type': 'video/mp4'}",fbY4O04uunE,https://www.youtube.com/watch?v=fbY4O04uunE
clk6lapp7003e3n6lnpqtai54,27,right side,,Abnormal Gait,stroke,"{'top': 32.0, 'left': 194.13333333333333, 'height': 324.77777777777777, 'width': 161.04444444444448}","{'height': 360, 'width': 640, 'mime_type': 'video/mp4'}",fbY4O04uunE,https://www.youtube.com/watch?v=fbY4O04uunE
clk6lapp7003e3n6lnpqtai54,28,right side,,Abnormal Gait,stroke,"{'top': 32.0, 'left': 194.26666666666668, 'height': 324.8888888888889, 'width': 161.4222222222222}","{'height': 360, 'width': 640, 'mime_type': 'video/mp4'}",fbY4O04uunE,https://www.youtube.com/watch?v=fbY4O04uunE
clk6lapp7003e3n6lnpqtai54,29,right side,,Abnormal Gait,stroke,"{'top': 32.0, 'left': 194.4, 'height': 325.0, 'width': 161.79999999999998}","{'height': 360, 'width': 640, 'mime_type': 'video/mp4'}",fbY4O04uunE,https://www.youtube.com/watch?v=fbY4O04uunE
clk6lapp7003e3n6lnpqtai54,30,right side,,Abnormal Gait,stroke,"{'top': 32.0, 'left': 194.53333333333333, 'height': 325.1111111111111, 'width': 162.17777777777778}","{'height': 360, 'width': 640, 'mime_type': 'video/mp4'}",fbY4O04uunE,https://www.youtube.com/watch?v=fbY4O04uunE
clk6lapp7003e3n6lnpqtai54,31,right side,,Abnormal Gait,stroke,"{'top': 32.0, 'left': 194.66666666666666, 'height': 325.22222222222223, 'width': 162.55555555555557}","{'height': 360, 'width': 640, 'mime_type': 'video/mp4'}",fbY4O04uunE,https://www.youtube.com/watch?v=fbY4O04uunE
clk6lapp7003e3n6lnpqtai54,32,right side,,Abnormal Gait,stroke,"{'top': 32.0, 'left': 194.8, 'height': 325.3333333333333, 'width': 162.93333333333334}","{'height': 360, 'width': 640, 'mime_type': 'video/mp4'}",fbY4O04uunE,https://www.youtube.com/watch?v=fbY4O04uunE
clk6lapp7003e3n6lnpqtai54,33,right side,,Abnormal Gait,stroke,"{'top': 32.0, 'left': 194.93333333333334, 'height': 325.44444444444446, 'width': 163.31111111111113}","{'height': 360, 'width': 640, 'mime_type': 'video/mp4'}",fbY4O04uunE,https://www.youtube.com/watch?v=fbY4O04uunE
clk6lapp7003e3n6lnpqtai54,34,right side,,Abnormal Gait,stroke,"{'top': 32.0, 'left': 195.06666666666666, 'height': 325.55555555555554, 'width': 163.68888888888887}","{'height': 360, 'width': 640, 'mime_type': 'video/mp4'}",fbY4O04uunE,https://www.youtube.com/watch?v=fbY4O04uunE
clk6lapp7003e3n6lnpqtai54,35,right side,,Abnormal Gait,stroke,"{'top': 32.0, 'left': 195.2, 'height': 325.6666666666667, 'width': 164.06666666666666}","{'height': 360, 'width': 640, 'mime_type': 'video/mp4'}",fbY4O04uunE,https://www.youtube.com/watch?v=fbY4O04uunE
clk6lapp7003e3n6lnpqtai54,36,right side,,Abnormal Gait,stroke,"{'top': 32.0, 'left': 195.33333333333334, 'height': 325.77777777777777, 'width': 164.44444444444443}","{'height': 360, 'width': 640, 'mime_type': 'video/mp4'}",fbY4O04uunE,https://www.youtube.com/watch?v=fbY4O04uunE
clk6lapp7003e3n6lnpqtai54,37,right side,,Abnormal Gait,stroke,"{'top': 32.0, 'left': 195.46666666666667, 'height': 325.8888888888889, 'width': 164.82222222222222}","{'height': 360, 'width': 640, 'mime_type': 'video/mp4'}",fbY4O04uunE,https://www.youtube.com/watch?v=fbY4O04uunE
clk6lapp7003e3n6lnpqtai54,38,right side,,Abnormal Gait,stroke,"{'top': 32.0, 'left': 195.6, 'height': 326.0, 'width': 165.20000000000002}","{'height': 360, 'width': 640, 'mime_type': 'video/mp4'}",fbY4O04uunE,https://www.youtube.com/watch?v=fbY4O04uunE
clk6lapp7003e3n6lnpqtai54,39,right side,,Abnormal Gait,stroke,"{'top': 32.0, 'left': 195.73333333333332, 'height': 326.1111111111111, 'width': 165.5777777777778}","{'height': 360, 'width': 640, 'mime_type': 'video/mp4'}",fbY4O04uunE,https://www.youtube.com/watch?v=fbY4O04uunE
clk6lapp7003e3n6lnpqtai54,40,right side,,Abnormal Gait,stroke,"{'top': 32.0, 'left': 195.86666666666667, 'height': 326.22222222222223, 'width': 165.95555555555552}","{'height': 360, 'width': 640, 'mime_type': 'video/mp4'}",fbY4O04uunE,https://www.youtube.com/watch?v=fbY4O04uunE
clk6lapp7003e3n6lnpqtai54,41,right side,,Abnormal Gait,stroke,"{'top': 32.0, 'left': 196.0, 'height': 326.3333333333333, 'width': 166.33333333333331}","{'height': 360, 'width': 640, 'mime_type': 'video/mp4'}",fbY4O04uunE,https://www.youtube.com/watch?v=fbY4O04uunE
clk6lapp7003e3n6lnpqtai54,42,right side,,Abnormal Gait,stroke,"{'top': 32.0, 'left': 196.13333333333333, 'height': 326.44444444444446, 'width': 166.7111111111111}","{'height': 360, 'width': 640, 'mime_type': 'video/mp4'}",fbY4O04uunE,https://www.youtube.com/watch?v=fbY4O04uunE
clk6lapp7003e3n6lnpqtai54,43,right side,,Abnormal Gait,stroke,"{'top': 32.0, 'left': 196.26666666666668, 'height': 326.55555555555554, 'width': 167.08888888888887}","{'height': 360, 'width': 640, 'mime_type': 'video/mp4'}",fbY4O04uunE,https://www.youtube.com/watch?v=fbY4O04uunE
clk6lapp7003e3n6lnpqtai54,44,right side,,Abnormal Gait,stroke,"{'top': 32.0, 'left': 196.4, 'height': 326.6666666666667, 'width': 167.46666666666667}","{'height': 360, 'width': 640, 'mime_type': 'video/mp4'}",fbY4O04uunE,https://www.youtube.com/watch?v=fbY4O04uunE
clk6lapp7003e3n6lnpqtai54,45,right side,,Abnormal Gait,stroke,"{'top': 32.0, 'left': 196.53333333333333, 'height': 326.77777777777777, 'width': 167.84444444444446}","{'height': 360, 'width': 640, 'mime_type': 'video/mp4'}",fbY4O04uunE,https://www.youtube.com/watch?v=fbY4O04uunE
clk6lapp7003e3n6lnpqtai54,46,right side,,Abnormal Gait,stroke,"{'top': 32.0, 'left': 196.66666666666666, 'height': 326.8888888888889, 'width': 168.22222222222226}","{'height': 360, 'width': 640, 'mime_type': 'video/mp4'}",fbY4O04uunE,https://www.youtube.com/watch?v=fbY4O04uunE
clk6lapp7003e3n6lnpqtai54,47,right side,,Abnormal Gait,stroke,"{'top': 32.0, 'left': 196.8, 'height': 327.0, 'width': 168.59999999999997}","{'height': 360, 'width': 640, 'mime_type': 'video/mp4'}",fbY4O04uunE,https://www.youtube.com/watch?v=fbY4O04uunE
clk6lapp7003e3n6lnpqtai54,48,right side,,Abnormal Gait,stroke,"{'top': 32.0, 'left': 196.93333333333334, 'height': 327.1111111111111, 'width': 168.97777777777776}","{'height': 360, 'width': 640, 'mime_type': 'video/mp4'}",fbY4O04uunE,https://www.youtube.com/watch?v=fbY4O04uunE
clk6lapp7003e3n6lnpqtai54,49,right side,,Abnormal Gait,stroke,"{'top': 32.0, 'left': 197.06666666666666, 'height': 327.22222222222223, 'width': 169.35555555555555}","{'height': 360, 'width': 640, 'mime_type': 'video/mp4'}",fbY4O04uunE,https://www.youtube.com/watch?v=fbY4O04uunE
clk6lapp7003e3n6lnpqtai54,50,right side,,Abnormal Gait,stroke,"{'top': 32.0, 'left': 197.2, 'height': 327.3333333333333, 'width': 169.73333333333335}","{'height': 360, 'width': 640, 'mime_type': 'video/mp4'}",fbY4O04uunE,https://www.youtube.com/watch?v=fbY4O04uunE
clk6lapp7003e3n6lnpqtai54,51,right side,,Abnormal Gait,stroke,"{'top': 32.0, 'left': 197.33333333333334, 'height': 327.44444444444446, 'width': 170.11111111111111}","{'height': 360, 'width': 640, 'mime_type': 'video/mp4'}",fbY4O04uunE,https://www.youtube.com/watch?v=fbY4O04uunE
clk6lapp7003e3n6lnpqtai54,52,right side,,Abnormal Gait,stroke,"{'top': 32.0, 'left': 197.46666666666667, 'height': 327.55555555555554, 'width': 170.4888888888889}","{'height': 360, 'width': 640, 'mime_type': 'video/mp4'}",fbY4O04uunE,https://www.youtube.com/watch?v=fbY4O04uunE
clk6lapp7003e3n6lnpqtai54,53,right side,,Abnormal Gait,stroke,"{'top': 32.0, 'left': 197.6, 'height': 327.6666666666667, 'width': 170.8666666666667}","{'height': 360, 'width': 640, 'mime_type': 'video/mp4'}",fbY4O04uunE,https://www.youtube.com/watch?v=fbY4O04uunE
clk6lapp7003e3n6lnpqtai54,54,right side,,Abnormal Gait,stroke,"{'top': 32.0, 'left': 197.73333333333332, 'height': 327.77777777777777, 'width': 171.24444444444444}","{'height': 360, 'width': 640, 'mime_type': 'video/mp4'}",fbY4O04uunE,https://www.youtube.com/watch?v=fbY4O04uunE
clk6lapp7003e3n6lnpqtai54,55,right side,,Abnormal Gait,stroke,"{'top': 32.0, 'left': 197.86666666666667, 'height': 327.8888888888889, 'width': 171.6222222222222}","{'height': 360, 'width': 640, 'mime_type': 'video/mp4'}",fbY4O04uunE,https://www.youtube.com/watch?v=fbY4O04uunE
clk6lapp7003e3n6lnpqtai54,56,right side,,Abnormal Gait,stroke,"{'top': 32.0, 'left': 198.0, 'height': 328.0, 'width': 172.0}","{'height': 360, 'width': 640, 'mime_type': 'video/mp4'}",fbY4O04uunE,https://www.youtube.com/watch?v=fbY4O04uunE
clk6lapp7003e3n6lnpqtai54,57,right side,,Abnormal Gait,stroke,"{'top': 31.98, 'left': 197.58, 'height': 328.02, 'width': 172.43999999999997}","{'height': 360, 'width': 640, 'mime_type': 'video/mp4'}",fbY4O04uunE,https://www.youtube.com/watch?v=fbY4O04uunE
clk6lapp7003e3n6lnpqtai54,58,right side,,Abnormal Gait,stroke,"{'top': 31.96, 'left': 197.16, 'height': 328.04, 'width': 172.88000000000002}","{'height': 360, 'width': 640, 'mime_type': 'video/mp4'}",fbY4O04uunE,https://www.youtube.com/watch?v=fbY4O04uunE
clk6lapp7003e3n6lnpqtai54,59,right side,,Abnormal Gait,stroke,"{'top': 31.94, 'left': 196.74, 'height': 328.06, 'width': 173.32}","{'height': 360, 'width': 640, 'mime_type': 'video/mp4'}",fbY4O04uunE,https://www.youtube.com/watch?v=fbY4O04uunE
clk6lapp7003e3n6lnpqtai54,60,right side,,Abnormal Gait,stroke,"{'top': 31.92, 'left': 196.32, 'height': 328.08, 'width': 173.76}","{'height': 360, 'width': 640, 'mime_type': 'video/mp4'}",fbY4O04uunE,https://www.youtube.com/watch?v=fbY4O04uunE
clk6lapp7003e3n6lnpqtai54,61,right side,,Abnormal Gait,stroke,"{'top': 31.9, 'left': 195.9, 'height': 328.1, 'width': 174.20000000000002}","{'height': 360, 'width': 640, 'mime_type': 'video/mp4'}",fbY4O04uunE,https://www.youtube.com/watch?v=fbY4O04uunE
clk6lapp7003e3n6lnpqtai54,62,right side,,Abnormal Gait,stroke,"{'top': 31.88, 'left': 195.48, 'height': 328.12, 'width': 174.64000000000001}","{'height': 360, 'width': 640, 'mime_type': 'video/mp4'}",fbY4O04uunE,https://www.youtube.com/watch?v=fbY4O04uunE
clk6lapp7003e3n6lnpqtai54,63,right side,,Abnormal Gait,stroke,"{'top': 31.86, 'left': 195.06, 'height': 328.14, 'width': 175.07999999999998}","{'height': 360, 'width': 640, 'mime_type': 'video/mp4'}",fbY4O04uunE,https://www.youtube.com/watch?v=fbY4O04uunE
clk6lapp7003e3n6lnpqtai54,64,right side,,Abnormal Gait,stroke,"{'top': 31.84, 'left': 194.64, 'height': 328.16, 'width': 175.52000000000004}","{'height': 360, 'width': 640, 'mime_type': 'video/mp4'}",fbY4O04uunE,https://www.youtube.com/watch?v=fbY4O04uunE
clk6lapp7003e3n6lnpqtai54,65,right side,,Abnormal Gait,stroke,"{'top': 31.82, 'left': 194.22, 'height': 328.18, 'width': 175.96}","{'height': 360, 'width': 640, 'mime_type': 'video/mp4'}",fbY4O04uunE,https://www.youtube.com/watch?v=fbY4O04uunE
clk6lapp7003e3n6lnpqtai54,66,right side,,Abnormal Gait,stroke,"{'top': 31.8, 'left': 193.8, 'height': 328.2, 'width': 176.39999999999998}","{'height': 360, 'width': 640, 'mime_type': 'video/mp4'}",fbY4O04uunE,https://www.youtube.com/watch?v=fbY4O04uunE
clk6lapp7003e3n6lnpqtai54,67,right side,,Abnormal Gait,stroke,"{'top': 31.78, 'left': 193.38, 'height': 328.22, 'width': 176.84000000000003}","{'height': 360, 'width': 640, 'mime_type': 'video/mp4'}",fbY4O04uunE,https://www.youtube.com/watch?v=fbY4O04uunE
clk6lapp7003e3n6lnpqtai54,68,right side,,Abnormal Gait,stroke,"{'top': 31.76, 'left': 192.96, 'height': 328.24, 'width': 177.28}","{'height': 360, 'width': 640, 'mime_type': 'video/mp4'}",fbY4O04uunE,https://www.youtube.com/watch?v=fbY4O04uunE
clk6lapp7003e3n6lnpqtai54,69,right side,,Abnormal Gait,stroke,"{'top': 31.74, 'left': 192.54, 'height': 328.26, 'width': 177.72}","{'height': 360, 'width': 640, 'mime_type': 'video/mp4'}",fbY4O04uunE,https://www.youtube.com/watch?v=fbY4O04uunE
clk6lapp7003e3n6lnpqtai54,70,right side,,Abnormal Gait,stroke,"{'top': 31.72, 'left': 192.12, 'height': 328.28, 'width': 178.15999999999997}","{'height': 360, 'width': 640, 'mime_type': 'video/mp4'}",fbY4O04uunE,https://www.youtube.com/watch?v=fbY4O04uunE
clk6lapp7003e3n6lnpqtai54,71,right side,,Abnormal Gait,stroke,"{'top': 31.7, 'left': 191.7, 'height': 328.3, 'width': 178.60000000000002}","{'height': 360, 'width': 640, 'mime_type': 'video/mp4'}",fbY4O04uunE,https://www.youtube.com/watch?v=fbY4O04uunE
clk6lapp7003e3n6lnpqtai54,72,right side,,Abnormal Gait,stroke,"{'top': 31.68, 'left': 191.28, 'height': 328.32, 'width': 179.04}","{'height': 360, 'width': 640, 'mime_type': 'video/mp4'}",fbY4O04uunE,https://www.youtube.com/watch?v=fbY4O04uunE
clk6lapp7003e3n6lnpqtai54,73,right side,,Abnormal Gait,stroke,"{'top': 31.66, 'left': 190.86, 'height': 328.34, 'width': 179.47999999999996}","{'height': 360, 'width': 640, 'mime_type': 'video/mp4'}",fbY4O04uunE,https://www.youtube.com/watch?v=fbY4O04uunE
clk6lapp7003e3n6lnpqtai54,74,right side,,Abnormal Gait,stroke,"{'top': 31.64, 'left': 190.44, 'height': 328.36, 'width': 179.92000000000002}","{'height': 360, 'width': 640, 'mime_type': 'video/mp4'}",fbY4O04uunE,https://www.youtube.com/watch?v=fbY4O04uunE
clk6lapp7003e3n6lnpqtai54,75,right side,,Abnormal Gait,stroke,"{'top': 31.62, 'left': 190.02, 'height': 328.38, 'width': 180.35999999999999}","{'height': 360, 'width': 640, 'mime_type': 'video/mp4'}",fbY4O04uunE,https://www.youtube.com/watch?v=fbY4O04uunE
clk6lapp7003e3n6lnpqtai54,76,right side,,Abnormal Gait,stroke,"{'top': 31.6, 'left': 189.6, 'height': 328.4, 'width': 180.79999999999998}","{'height': 360, 'width': 640, 'mime_type': 'video/mp4'}",fbY4O04uunE,https://www.youtube.com/watch?v=fbY4O04uunE
clk6lapp7003e3n6lnpqtai54,77,right side,,Abnormal Gait,stroke,"{'top': 31.58, 'left': 189.18, 'height': 328.42, 'width': 181.24}","{'height': 360, 'width': 640, 'mime_type': 'video/mp4'}",fbY4O04uunE,https://www.youtube.com/watch?v=fbY4O04uunE
clk6lapp7003e3n6lnpqtai54,78,right side,,Abnormal Gait,stroke,"{'top': 31.56, 'left': 188.76, 'height': 328.44, 'width': 181.68}","{'height': 360, 'width': 640, 'mime_type': 'video/mp4'}",fbY4O04uunE,https://www.youtube.com/watch?v=fbY4O04uunE
clk6lapp7003e3n6lnpqtai54,79,right side,,Abnormal Gait,stroke,"{'top': 31.54, 'left': 188.34, 'height': 328.46, 'width': 182.11999999999998}","{'height': 360, 'width': 640, 'mime_type': 'video/mp4'}",fbY4O04uunE,https://www.youtube.com/watch?v=fbY4O04uunE
clk6lapp7003e3n6lnpqtai54,80,right side,,Abnormal Gait,stroke,"{'top': 31.52, 'left': 187.92, 'height': 328.48, 'width': 182.56000000000003}","{'height': 360, 'width': 640, 'mime_type': 'video/mp4'}",fbY4O04uunE,https://www.youtube.com/watch?v=fbY4O04uunE
clk6lapp7003e3n6lnpqtai54,81,right side,,Abnormal Gait,stroke,"{'top': 31.5, 'left': 187.5, 'height': 328.5, 'width': 183.0}","{'height': 360, 'width': 640, 'mime_type': 'video/mp4'}",fbY4O04uunE,https://www.youtube.com/watch?v=fbY4O04uunE
clk6lapp7003e3n6lnpqtai54,82,right side,,Abnormal Gait,stroke,"{'top': 31.48, 'left': 187.08, 'height': 328.52, 'width': 183.43999999999997}","{'height': 360, 'width': 640, 'mime_type': 'video/mp4'}",fbY4O04uunE,https://www.youtube.com/watch?v=fbY4O04uunE
clk6lapp7003e3n6lnpqtai54,83,right side,,Abnormal Gait,stroke,"{'top': 31.46, 'left': 186.66, 'height': 328.54, 'width': 183.88000000000002}","{'height': 360, 'width': 640, 'mime_type': 'video/mp4'}",fbY4O04uunE,https://www.youtube.com/watch?v=fbY4O04uunE
clk6lapp7003e3n6lnpqtai54,84,right side,,Abnormal Gait,stroke,"{'top': 31.44, 'left': 186.24, 'height': 328.56, 'width': 184.32}","{'height': 360, 'width': 640, 'mime_type': 'video/mp4'}",fbY4O04uunE,https://www.youtube.com/watch?v=fbY4O04uunE
clk6lapp7003e3n6lnpqtai54,85,right side,,Abnormal Gait,stroke,"{'top': 31.42, 'left': 185.82, 'height': 328.58, 'width': 184.76}","{'height': 360, 'width': 640, 'mime_type': 'video/mp4'}",fbY4O04uunE,https://www.youtube.com/watch?v=fbY4O04uunE
clk6lapp7003e3n6lnpqtai54,86,right side,,Abnormal Gait,stroke,"{'top': 31.4, 'left': 185.4, 'height': 328.6, 'width': 185.20000000000002}","{'height': 360, 'width': 640, 'mime_type': 'video/mp4'}",fbY4O04uunE,https://www.youtube.com/watch?v=fbY4O04uunE
clk6lapp7003e3n6lnpqtai54,87,right side,,Abnormal Gait,stroke,"{'top': 31.38, 'left': 184.98, 'height': 328.62, 'width': 185.64000000000001}","{'height': 360, 'width': 640, 'mime_type': 'video/mp4'}",fbY4O04uunE,https://www.youtube.com/watch?v=fbY4O04uunE
clk6lapp7003e3n6lnpqtai54,88,right side,,Abnormal Gait,stroke,"{'top': 31.36, 'left': 184.56, 'height': 328.64, 'width': 186.07999999999998}","{'height': 360, 'width': 640, 'mime_type': 'video/mp4'}",fbY4O04uunE,https://www.youtube.com/watch?v=fbY4O04uunE
clk6lapp7003e3n6lnpqtai54,89,right side,,Abnormal Gait,stroke,"{'top': 31.34, 'left': 184.14, 'height': 328.66, 'width': 186.52000000000004}","{'height': 360, 'width': 640, 'mime_type': 'video/mp4'}",fbY4O04uunE,https://www.youtube.com/watch?v=fbY4O04uunE
clk6lapp7003e3n6lnpqtai54,90,right side,,Abnormal Gait,stroke,"{'top': 31.32, 'left': 183.72, 'height': 328.68, 'width': 186.96}","{'height': 360, 'width': 640, 'mime_type': 'video/mp4'}",fbY4O04uunE,https://www.youtube.com/watch?v=fbY4O04uunE
clk6lapp7003e3n6lnpqtai54,91,right side,,Abnormal Gait,stroke,"{'top': 31.3, 'left': 183.3, 'height': 328.7, 'width': 187.39999999999998}","{'height': 360, 'width': 640, 'mime_type': 'video/mp4'}",fbY4O04uunE,https://www.youtube.com/watch?v=fbY4O04uunE
clk6lapp7003e3n6lnpqtai54,92,right side,,Abnormal Gait,stroke,"{'top': 31.28, 'left': 182.88, 'height': 328.72, 'width': 187.84000000000003}","{'height': 360, 'width': 640, 'mime_type': 'video/mp4'}",fbY4O04uunE,https://www.youtube.com/watch?v=fbY4O04uunE
clk6lapp7003e3n6lnpqtai54,93,right side,,Abnormal Gait,stroke,"{'top': 31.26, 'left': 182.46, 'height': 328.74, 'width': 188.28}","{'height': 360, 'width': 640, 'mime_type': 'video/mp4'}",fbY4O04uunE,https://www.youtube.com/watch?v=fbY4O04uunE
clk6lapp7003e3n6lnpqtai54,94,right side,,Abnormal Gait,stroke,"{'top': 31.24, 'left': 182.04, 'height': 328.76, 'width': 188.72}","{'height': 360, 'width': 640, 'mime_type': 'video/mp4'}",fbY4O04uunE,https://www.youtube.com/watch?v=fbY4O04uunE
clk6lapp7003e3n6lnpqtai54,95,right side,,Abnormal Gait,stroke,"{'top': 31.22, 'left': 181.62, 'height': 328.78, 'width': 189.15999999999997}","{'height': 360, 'width': 640, 'mime_type': 'video/mp4'}",fbY4O04uunE,https://www.youtube.com/watch?v=fbY4O04uunE
clk6lapp7003e3n6lnpqtai54,96,right side,,Abnormal Gait,stroke,"{'top': 31.2, 'left': 181.2, 'height': 328.8, 'width': 189.60000000000002}","{'height': 360, 'width': 640, 'mime_type': 'video/mp4'}",fbY4O04uunE,https://www.youtube.com/watch?v=fbY4O04uunE
clk6lapp7003e3n6lnpqtai54,97,right side,,Abnormal Gait,stroke,"{'top': 31.18, 'left': 180.78, 'height': 328.82, 'width': 190.04}","{'height': 360, 'width': 640, 'mime_type': 'video/mp4'}",fbY4O04uunE,https://www.youtube.com/watch?v=fbY4O04uunE
clk6lapp7003e3n6lnpqtai54,98,right side,,Abnormal Gait,stroke,"{'top': 31.16, 'left': 180.36, 'height': 328.84, 'width': 190.47999999999996}","{'height': 360, 'width': 640, 'mime_type': 'video/mp4'}",fbY4O04uunE,https://www.youtube.com/watch?v=fbY4O04uunE
clk6lapp7003e3n6lnpqtai54,99,right side,,Abnormal Gait,stroke,"{'top': 31.14, 'left': 179.94, 'height': 328.86, 'width': 190.92000000000002}","{'height': 360, 'width': 640, 'mime_type': 'video/mp4'}",fbY4O04uunE,https://www.youtube.com/watch?v=fbY4O04uunE
clk6lapp7003e3n6lnpqtai54,100,right side,,Abnormal Gait,stroke,"{'top': 31.12, 'left': 179.52, 'height': 328.88, 'width': 191.35999999999999}","{'height': 360, 'width': 640, 'mime_type': 'video/mp4'}",fbY4O04uunE,https://www.youtube.com/watch?v=fbY4O04uunE
clk6lapp7003e3n6lnpqtai54,101,right side,,Abnormal Gait,stroke,"{'top': 31.1, 'left': 179.1, 'height': 328.9, 'width': 191.79999999999998}","{'height': 360, 'width': 640, 'mime_type': 'video/mp4'}",fbY4O04uunE,https://www.youtube.com/watch?v=fbY4O04uunE
clk6lapp7003e3n6lnpqtai54,102,right side,,Abnormal Gait,stroke,"{'top': 31.08, 'left': 178.68, 'height': 328.92, 'width': 192.24}","{'height': 360, 'width': 640, 'mime_type': 'video/mp4'}",fbY4O04uunE,https://www.youtube.com/watch?v=fbY4O04uunE
clk6lapp7003e3n6lnpqtai54,103,right side,,Abnormal Gait,stroke,"{'top': 31.06, 'left': 178.26, 'height': 328.94, 'width': 192.68}","{'height': 360, 'width': 640, 'mime_type': 'video/mp4'}",fbY4O04uunE,https://www.youtube.com/watch?v=fbY4O04uunE
clk6lapp7003e3n6lnpqtai54,104,right side,,Abnormal Gait,stroke,"{'top': 31.04, 'left': 177.84, 'height': 328.96, 'width': 193.11999999999998}","{'height': 360, 'width': 640, 'mime_type': 'video/mp4'}",fbY4O04uunE,https://www.youtube.com/watch?v=fbY4O04uunE
clk6lapp7003e3n6lnpqtai54,105,right side,,Abnormal Gait,stroke,"{'top': 31.02, 'left': 177.42000000000002, 'height': 328.98, 'width': 193.56}","{'height': 360, 'width': 640, 'mime_type': 'video/mp4'}",fbY4O04uunE,https://www.youtube.com/watch?v=fbY4O04uunE
clk6lapp7003e3n6lnpqtai54,106,right side,,Abnormal Gait,stroke,"{'top': 31.0, 'left': 177.0, 'height': 329.0, 'width': 194.0}","{'height': 360, 'width': 640, 'mime_type': 'video/mp4'}",fbY4O04uunE,https://www.youtube.com/watch?v=fbY4O04uunE
clk6lapp7003e3n6lnpqtai54,107,right side,,Abnormal Gait,stroke,"{'top': 31.0, 'left': 176.80851063829786, 'height': 329.0, 'width': 194.2127659574468}","{'height': 360, 'width': 640, 'mime_type': 'video/mp4'}",fbY4O04uunE,https://www.youtube.com/watch?v=fbY4O04uunE
clk6lapp7003e3n6lnpqtai54,108,right side,,Abnormal Gait,stroke,"{'top': 31.0, 'left': 176.61702127659575, 'height': 329.0, 'width': 194.42553191489364}","{'height': 360, 'width': 640, 'mime_type': 'video/mp4'}",fbY4O04uunE,https://www.youtube.com/watch?v=fbY4O04uunE
clk6lapp7003e3n6lnpqtai54,109,right side,,Abnormal Gait,stroke,"{'top': 31.0, 'left': 176.4255319148936, 'height': 329.0, 'width': 194.63829787234044}","{'height': 360, 'width': 640, 'mime_type': 'video/mp4'}",fbY4O04uunE,https://www.youtube.com/watch?v=fbY4O04uunE
clk6lapp7003e3n6lnpqtai54,110,right side,,Abnormal Gait,stroke,"{'top': 31.0, 'left': 176.2340425531915, 'height': 329.0, 'width': 194.85106382978722}","{'height': 360, 'width': 640, 'mime_type': 'video/mp4'}",fbY4O04uunE,https://www.youtube.com/watch?v=fbY4O04uunE
clk6lapp7003e3n6lnpqtai54,111,right side,,Abnormal Gait,stroke,"{'top': 31.0, 'left': 176.04255319148936, 'height': 329.0, 'width': 195.06382978723403}","{'height': 360, 'width': 640, 'mime_type': 'video/mp4'}",fbY4O04uunE,https://www.youtube.com/watch?v=fbY4O04uunE
clk6lapp7003e3n6lnpqtai54,112,right side,,Abnormal Gait,stroke,"{'top': 31.0, 'left': 175.85106382978722, 'height': 329.0, 'width': 195.2765957446809}","{'height': 360, 'width': 640, 'mime_type': 'video/mp4'}",fbY4O04uunE,https://www.youtube.com/watch?v=fbY4O04uunE
clk6lapp7003e3n6lnpqtai54,113,right side,,Abnormal Gait,stroke,"{'top': 31.0, 'left': 175.6595744680851, 'height': 329.0, 'width': 195.48936170212767}","{'height': 360, 'width': 640, 'mime_type': 'video/mp4'}",fbY4O04uunE,https://www.youtube.com/watch?v=fbY4O04uunE
clk6lapp7003e3n6lnpqtai54,114,right side,,Abnormal Gait,stroke,"{'top': 31.0, 'left': 175.46808510638297, 'height': 329.0, 'width': 195.70212765957447}","{'height': 360, 'width': 640, 'mime_type': 'video/mp4'}",fbY4O04uunE,https://www.youtube.com/watch?v=fbY4O04uunE
clk6lapp7003e3n6lnpqtai54,115,right side,,Abnormal Gait,stroke,"{'top': 31.0, 'left': 175.27659574468086, 'height': 329.0, 'width': 195.91489361702125}","{'height': 360, 'width': 640, 'mime_type': 'video/mp4'}",fbY4O04uunE,https://www.youtube.com/watch?v=fbY4O04uunE
clk6lapp7003e3n6lnpqtai54,116,right side,,Abnormal Gait,stroke,"{'top': 31.0, 'left': 175.08510638297872, 'height': 329.0, 'width': 196.1276595744681}","{'height': 360, 'width': 640, 'mime_type': 'video/mp4'}",fbY4O04uunE,https://www.youtube.com/watch?v=fbY4O04uunE
clk6lapp7003e3n6lnpqtai54,117,right side,,Abnormal Gait,stroke,"{'top': 31.0, 'left': 174.89361702127658, 'height': 329.0, 'width': 196.34042553191492}","{'height': 360, 'width': 640, 'mime_type': 'video/mp4'}",fbY4O04uunE,https://www.youtube.com/watch?v=fbY4O04uunE
clk6lapp7003e3n6lnpqtai54,118,right side,,Abnormal Gait,stroke,"{'top': 31.0, 'left': 174.70212765957447, 'height': 329.0, 'width': 196.5531914893617}","{'height': 360, 'width': 640, 'mime_type': 'video/mp4'}",fbY4O04uunE,https://www.youtube.com/watch?v=fbY4O04uunE
clk6lapp7003e3n6lnpqtai54,119,right side,,Abnormal Gait,stroke,"{'top': 31.0, 'left': 174.51063829787233, 'height': 329.0, 'width': 196.7659574468085}","{'height': 360, 'width': 640, 'mime_type': 'video/mp4'}",fbY4O04uunE,https://www.youtube.com/watch?v=fbY4O04uunE
clk6lapp7003e3n6lnpqtai54,120,right side,,Abnormal Gait,stroke,"{'top': 31.0, 'left': 174.31914893617022, 'height': 329.0, 'width': 196.97872340425533}","{'height': 360, 'width': 640, 'mime_type': 'video/mp4'}",fbY4O04uunE,https://www.youtube.com/watch?v=fbY4O04uunE
clk6lapp7003e3n6lnpqtai54,121,right side,,Abnormal Gait,stroke,"{'top': 31.0, 'left': 174.12765957446808, 'height': 329.0, 'width': 197.19148936170214}","{'height': 360, 'width': 640, 'mime_type': 'video/mp4'}",fbY4O04uunE,https://www.youtube.com/watch?v=fbY4O04uunE
clk6lapp7003e3n6lnpqtai54,122,right side,,Abnormal Gait,stroke,"{'top': 31.0, 'left': 173.93617021276594, 'height': 329.0, 'width': 197.40425531914894}","{'height': 360, 'width': 640, 'mime_type': 'video/mp4'}",fbY4O04uunE,https://www.youtube.com/watch?v=fbY4O04uunE
clk6lapp7003e3n6lnpqtai54,123,right side,,Abnormal Gait,stroke,"{'top': 31.0, 'left': 173.74468085106383, 'height': 329.0, 'width': 197.61702127659572}","{'height': 360, 'width': 640, 'mime_type': 'video/mp4'}",fbY4O04uunE,https://www.youtube.com/watch?v=fbY4O04uunE
clk6lapp7003e3n6lnpqtai54,124,right side,,Abnormal Gait,stroke,"{'top': 31.0, 'left': 173.5531914893617, 'height': 329.0, 'width': 197.82978723404258}","{'height': 360, 'width': 640, 'mime_type': 'video/mp4'}",fbY4O04uunE,https://www.youtube.com/watch?v=fbY4O04uunE
clk6lapp7003e3n6lnpqtai54,125,right side,,Abnormal Gait,stroke,"{'top': 31.0, 'left': 173.36170212765958, 'height': 329.0, 'width': 198.04255319148936}","{'height': 360, 'width': 640, 'mime_type': 'video/mp4'}",fbY4O04uunE,https://www.youtube.com/watch?v=fbY4O04uunE
clk6lapp7003e3n6lnpqtai54,126,right side,,Abnormal Gait,stroke,"{'top': 31.0, 'left': 173.17021276595744, 'height': 329.0, 'width': 198.25531914893617}","{'height': 360, 'width': 640, 'mime_type': 'video/mp4'}",fbY4O04uunE,https://www.youtube.com/watch?v=fbY4O04uunE
clk6lapp7003e3n6lnpqtai54,127,right side,,Abnormal Gait,stroke,"{'top': 31.0, 'left': 172.97872340425533, 'height': 329.0, 'width': 198.46808510638294}","{'height': 360, 'width': 640, 'mime_type': 'video/mp4'}",fbY4O04uunE,https://www.youtube.com/watch?v=fbY4O04uunE
clk6lapp7003e3n6lnpqtai54,128,right side,,Abnormal Gait,stroke,"{'top': 31.0, 'left': 172.7872340425532, 'height': 329.0, 'width': 198.6808510638298}","{'height': 360, 'width': 640, 'mime_type': 'video/mp4'}",fbY4O04uunE,https://www.youtube.com/watch?v=fbY4O04uunE
clk6lapp7003e3n6lnpqtai54,129,right side,,Abnormal Gait,stroke,"{'top': 31.0, 'left': 172.59574468085106, 'height': 329.0, 'width': 198.8936170212766}","{'height': 360, 'width': 640, 'mime_type': 'video/mp4'}",fbY4O04uunE,https://www.youtube.com/watch?v=fbY4O04uunE
clk6lapp7003e3n6lnpqtai54,130,right side,,Abnormal Gait,stroke,"{'top': 31.0, 'left': 172.40425531914894, 'height': 329.0, 'width': 199.1063829787234}","{'height': 360, 'width': 640, 'mime_type': 'video/mp4'}",fbY4O04uunE,https://www.youtube.com/watch?v=fbY4O04uunE
clk6lapp7003e3n6lnpqtai54,131,right side,,Abnormal Gait,stroke,"{'top': 31.0, 'left': 172.2127659574468, 'height': 329.0, 'width': 199.3191489361702}","{'height': 360, 'width': 640, 'mime_type': 'video/mp4'}",fbY4O04uunE,https://www.youtube.com/watch?v=fbY4O04uunE
clk6lapp7003e3n6lnpqtai54,132,right side,,Abnormal Gait,stroke,"{'top': 31.0, 'left': 172.02127659574467, 'height': 329.0, 'width': 199.53191489361706}","{'height': 360, 'width': 640, 'mime_type': 'video/mp4'}",fbY4O04uunE,https://www.youtube.com/watch?v=fbY4O04uunE
clk6lapp7003e3n6lnpqtai54,133,right side,,Abnormal Gait,stroke,"{'top': 31.0, 'left': 171.82978723404256, 'height': 329.0, 'width': 199.74468085106383}","{'height': 360, 'width': 640, 'mime_type': 'video/mp4'}",fbY4O04uunE,https://www.youtube.com/watch?v=fbY4O04uunE
clk6lapp7003e3n6lnpqtai54,134,right side,,Abnormal Gait,stroke,"{'top': 31.0, 'left': 171.63829787234042, 'height': 329.0, 'width': 199.95744680851064}","{'height': 360, 'width': 640, 'mime_type': 'video/mp4'}",fbY4O04uunE,https://www.youtube.com/watch?v=fbY4O04uunE
clk6lapp7003e3n6lnpqtai54,135,right side,,Abnormal Gait,stroke,"{'top': 31.0, 'left': 171.4468085106383, 'height': 329.0, 'width': 200.17021276595742}","{'height': 360, 'width': 640, 'mime_type': 'video/mp4'}",fbY4O04uunE,https://www.youtube.com/watch?v=fbY4O04uunE
clk6lapp7003e3n6lnpqtai54,136,right side,,Abnormal Gait,stroke,"{'top': 31.0, 'left': 171.25531914893617, 'height': 329.0, 'width': 200.38297872340428}","{'height': 360, 'width': 640, 'mime_type': 'video/mp4'}",fbY4O04uunE,https://www.youtube.com/watch?v=fbY4O04uunE
clk6lapp7003e3n6lnpqtai54,137,right side,,Abnormal Gait,stroke,"{'top': 31.0, 'left': 171.06382978723406, 'height': 329.0, 'width': 200.59574468085106}","{'height': 360, 'width': 640, 'mime_type': 'video/mp4'}",fbY4O04uunE,https://www.youtube.com/watch?v=fbY4O04uunE
clk6lapp7003e3n6lnpqtai54,138,right side,,Abnormal Gait,stroke,"{'top': 31.0, 'left': 170.87234042553192, 'height': 329.0, 'width': 200.80851063829786}","{'height': 360, 'width': 640, 'mime_type': 'video/mp4'}",fbY4O04uunE,https://www.youtube.com/watch?v=fbY4O04uunE
clk6lapp7003e3n6lnpqtai54,139,right side,,Abnormal Gait,stroke,"{'top': 31.0, 'left': 170.68085106382978, 'height': 329.0, 'width': 201.02127659574467}","{'height': 360, 'width': 640, 'mime_type': 'video/mp4'}",fbY4O04uunE,https://www.youtube.com/watch?v=fbY4O04uunE
clk6lapp7003e3n6lnpqtai54,140,right side,,Abnormal Gait,stroke,"{'top': 31.0, 'left': 170.48936170212767, 'height': 329.0, 'width': 201.2340425531915}","{'height': 360, 'width': 640, 'mime_type': 'video/mp4'}",fbY4O04uunE,https://www.youtube.com/watch?v=fbY4O04uunE
clk6lapp7003e3n6lnpqtai54,141,right side,,Abnormal Gait,stroke,"{'top': 31.0, 'left': 170.29787234042553, 'height': 329.0, 'width': 201.4468085106383}","{'height': 360, 'width': 640, 'mime_type': 'video/mp4'}",fbY4O04uunE,https://www.youtube.com/watch?v=fbY4O04uunE
clk6lapp7003e3n6lnpqtai54,142,right side,,Abnormal Gait,stroke,"{'top': 31.0, 'left': 170.10638297872342, 'height': 329.0, 'width': 201.65957446808508}","{'height': 360, 'width': 640, 'mime_type': 'video/mp4'}",fbY4O04uunE,https://www.youtube.com/watch?v=fbY4O04uunE
clk6lapp7003e3n6lnpqtai54,143,right side,,Abnormal Gait,stroke,"{'top': 31.0, 'left': 169.91489361702128, 'height': 329.0, 'width': 201.8723404255319}","{'height': 360, 'width': 640, 'mime_type': 'video/mp4'}",fbY4O04uunE,https://www.youtube.com/watch?v=fbY4O04uunE
clk6lapp7003e3n6lnpqtai54,144,right side,,Abnormal Gait,stroke,"{'top': 31.0, 'left': 169.72340425531914, 'height': 329.0, 'width': 202.08510638297875}","{'height': 360, 'width': 640, 'mime_type': 'video/mp4'}",fbY4O04uunE,https://www.youtube.com/watch?v=fbY4O04uunE
clk6lapp7003e3n6lnpqtai54,145,right side,,Abnormal Gait,stroke,"{'top': 31.0, 'left': 169.53191489361703, 'height': 329.0, 'width': 202.29787234042553}","{'height': 360, 'width': 640, 'mime_type': 'video/mp4'}",fbY4O04uunE,https://www.youtube.com/watch?v=fbY4O04uunE
clk6lapp7003e3n6lnpqtai54,146,right side,,Abnormal Gait,stroke,"{'top': 31.0, 'left': 169.3404255319149, 'height': 329.0, 'width': 202.51063829787233}","{'height': 360, 'width': 640, 'mime_type': 'video/mp4'}",fbY4O04uunE,https://www.youtube.com/watch?v=fbY4O04uunE
clk6lapp7003e3n6lnpqtai54,147,right side,,Abnormal Gait,stroke,"{'top': 31.0, 'left': 169.14893617021278, 'height': 329.0, 'width': 202.7234042553191}","{'height': 360, 'width': 640, 'mime_type': 'video/mp4'}",fbY4O04uunE,https://www.youtube.com/watch?v=fbY4O04uunE
clk6lapp7003e3n6lnpqtai54,148,right side,,Abnormal Gait,stroke,"{'top': 31.0, 'left': 168.95744680851064, 'height': 329.0, 'width': 202.93617021276597}","{'height': 360, 'width': 640, 'mime_type': 'video/mp4'}",fbY4O04uunE,https://www.youtube.com/watch?v=fbY4O04uunE
clk6lapp7003e3n6lnpqtai54,149,right side,,Abnormal Gait,stroke,"{'top': 31.0, 'left': 168.7659574468085, 'height': 329.0, 'width': 203.14893617021278}","{'height': 360, 'width': 640, 'mime_type': 'video/mp4'}",fbY4O04uunE,https://www.youtube.com/watch?v=fbY4O04uunE
clk6lapp7003e3n6lnpqtai54,150,right side,,Abnormal Gait,stroke,"{'top': 31.0, 'left': 168.5744680851064, 'height': 329.0, 'width': 203.36170212765956}","{'height': 360, 'width': 640, 'mime_type': 'video/mp4'}",fbY4O04uunE,https://www.youtube.com/watch?v=fbY4O04uunE
clk6lapp7003e3n6lnpqtai54,151,right side,,Abnormal Gait,stroke,"{'top': 31.0, 'left': 168.38297872340425, 'height': 329.0, 'width': 203.57446808510636}","{'height': 360, 'width': 640, 'mime_type': 'video/mp4'}",fbY4O04uunE,https://www.youtube.com/watch?v=fbY4O04uunE
clk6lapp7003e3n6lnpqtai54,152,right side,,Abnormal Gait,stroke,"{'top': 31.0, 'left': 168.19148936170214, 'height': 329.0, 'width': 203.7872340425532}","{'height': 360, 'width': 640, 'mime_type': 'video/mp4'}",fbY4O04uunE,https://www.youtube.com/watch?v=fbY4O04uunE
clk6lapp7003e3n6lnpqtai54,153,right side,,Abnormal Gait,stroke,"{'top': 31.0, 'left': 168.0, 'height': 329.0, 'width': 204.0}","{'height': 360, 'width': 640, 'mime_type': 'video/mp4'}",fbY4O04uunE,https://www.youtube.com/watch?v=fbY4O04uunE
clk6lapp7003e3n6lnpqtai54,154,right side,,Abnormal Gait,stroke,"{'top': 30.40625, 'left': 168.28125, 'height': 329.53125, 'width': 203.71875}","{'height': 360, 'width': 640, 'mime_type': 'video/mp4'}",fbY4O04uunE,https://www.youtube.com/watch?v=fbY4O04uunE
clk6lapp7003e3n6lnpqtai54,155,right side,,Abnormal Gait,stroke,"{'top': 29.8125, 'left': 168.5625, 'height': 330.0625, 'width': 203.4375}","{'height': 360, 'width': 640, 'mime_type': 'video/mp4'}",fbY4O04uunE,https://www.youtube.com/watch?v=fbY4O04uunE
clk6lapp7003e3n6lnpqtai54,156,right side,,Abnormal Gait,stroke,"{'top': 29.21875, 'left': 168.84375, 'height': 330.59375, 'width': 203.15625}","{'height': 360, 'width': 640, 'mime_type': 'video/mp4'}",fbY4O04uunE,https://www.youtube.com/watch?v=fbY4O04uunE
clk6lapp7003e3n6lnpqtai54,157,right side,,Abnormal Gait,stroke,"{'top': 28.625, 'left': 169.125, 'height': 331.125, 'width': 202.875}","{'height': 360, 'width': 640, 'mime_type': 'video/mp4'}",fbY4O04uunE,https://www.youtube.com/watch?v=fbY4O04uunE
clk6lapp7003e3n6lnpqtai54,158,right side,,Abnormal Gait,stroke,"{'top': 28.03125, 'left': 169.40625, 'height': 331.65625, 'width': 202.59375}","{'height': 360, 'width': 640, 'mime_type': 'video/mp4'}",fbY4O04uunE,https://www.youtube.com/watch?v=fbY4O04uunE
clk6lapp7003e3n6lnpqtai54,159,right side,,Abnormal Gait,stroke,"{'top': 27.4375, 'left': 169.6875, 'height': 332.1875, 'width': 202.3125}","{'height': 360, 'width': 640, 'mime_type': 'video/mp4'}",fbY4O04uunE,https://www.youtube.com/watch?v=fbY4O04uunE
clk6lapp7003e3n6lnpqtai54,160,right side,,Abnormal Gait,stroke,"{'top': 26.84375, 'left': 169.96875, 'height': 332.71875, 'width': 202.03125}","{'height': 360, 'width': 640, 'mime_type': 'video/mp4'}",fbY4O04uunE,https://www.youtube.com/watch?v=fbY4O04uunE
clk6lapp7003e3n6lnpqtai54,161,right side,,Abnormal Gait,stroke,"{'top': 26.25, 'left': 170.25, 'height': 333.25, 'width': 201.75}","{'height': 360, 'width': 640, 'mime_type': 'video/mp4'}",fbY4O04uunE,https://www.youtube.com/watch?v=fbY4O04uunE
clk6lapp7003e3n6lnpqtai54,162,right side,,Abnormal Gait,stroke,"{'top': 25.65625, 'left': 170.53125, 'height': 333.78125, 'width': 201.46875}","{'height': 360, 'width': 640, 'mime_type': 'video/mp4'}",fbY4O04uunE,https://www.youtube.com/watch?v=fbY4O04uunE
clk6lapp7003e3n6lnpqtai54,163,right side,,Abnormal Gait,stroke,"{'top': 25.0625, 'left': 170.8125, 'height': 334.3125, 'width': 201.1875}","{'height': 360, 'width': 640, 'mime_type': 'video/mp4'}",fbY4O04uunE,https://www.youtube.com/watch?v=fbY4O04uunE
clk6lapp7003e3n6lnpqtai54,164,right side,,Abnormal Gait,stroke,"{'top': 24.46875, 'left': 171.09375, 'height': 334.84375, 'width': 200.90625}","{'height': 360, 'width': 640, 'mime_type': 'video/mp4'}",fbY4O04uunE,https://www.youtube.com/watch?v=fbY4O04uunE
clk6lapp7003e3n6lnpqtai54,165,right side,,Abnormal Gait,stroke,"{'top': 23.875, 'left': 171.375, 'height': 335.375, 'width': 200.625}","{'height': 360, 'width': 640, 'mime_type': 'video/mp4'}",fbY4O04uunE,https://www.youtube.com/watch?v=fbY4O04uunE
clk6lapp7003e3n6lnpqtai54,166,right side,,Abnormal Gait,stroke,"{'top': 23.28125, 'left': 171.65625, 'height': 335.90625, 'width': 200.34375}","{'height': 360, 'width': 640, 'mime_type': 'video/mp4'}",fbY4O04uunE,https://www.youtube.com/watch?v=fbY4O04uunE
clk6lapp7003e3n6lnpqtai54,167,right side,,Abnormal Gait,stroke,"{'top': 22.6875, 'left': 171.9375, 'height': 336.4375, 'width': 200.0625}","{'height': 360, 'width': 640, 'mime_type': 'video/mp4'}",fbY4O04uunE,https://www.youtube.com/watch?v=fbY4O04uunE
clk6lapp7003e3n6lnpqtai54,168,right side,,Abnormal Gait,stroke,"{'top': 22.09375, 'left': 172.21875, 'height': 336.96875, 'width': 199.78125}","{'height': 360, 'width': 640, 'mime_type': 'video/mp4'}",fbY4O04uunE,https://www.youtube.com/watch?v=fbY4O04uunE
clk6lapp7003e3n6lnpqtai54,169,right side,,Abnormal Gait,stroke,"{'top': 21.5, 'left': 172.5, 'height': 337.5, 'width': 199.5}","{'height': 360, 'width': 640, 'mime_type': 'video/mp4'}",fbY4O04uunE,https://www.youtube.com/watch?v=fbY4O04uunE
clk6lapp7003e3n6lnpqtai54,170,right side,,Abnormal Gait,stroke,"{'top': 20.90625, 'left': 172.78125, 'height': 338.03125, 'width': 199.21875}","{'height': 360, 'width': 640, 'mime_type': 'video/mp4'}",fbY4O04uunE,https://www.youtube.com/watch?v=fbY4O04uunE
clk6lapp7003e3n6lnpqtai54,171,right side,,Abnormal Gait,stroke,"{'top': 20.3125, 'left': 173.0625, 'height': 338.5625, 'width': 198.9375}","{'height': 360, 'width': 640, 'mime_type': 'video/mp4'}",fbY4O04uunE,https://www.youtube.com/watch?v=fbY4O04uunE
clk6lapp7003e3n6lnpqtai54,172,right side,,Abnormal Gait,stroke,"{'top': 19.71875, 'left': 173.34375, 'height': 339.09375, 'width': 198.65625}","{'height': 360, 'width': 640, 'mime_type': 'video/mp4'}",fbY4O04uunE,https://www.youtube.com/watch?v=fbY4O04uunE
clk6lapp7003e3n6lnpqtai54,173,right side,,Abnormal Gait,stroke,"{'top': 19.125, 'left': 173.625, 'height': 339.625, 'width': 198.375}","{'height': 360, 'width': 640, 'mime_type': 'video/mp4'}",fbY4O04uunE,https://www.youtube.com/watch?v=fbY4O04uunE
clk6lapp7003e3n6lnpqtai54,174,right side,,Abnormal Gait,stroke,"{'top': 18.53125, 'left': 173.90625, 'height': 340.15625, 'width': 198.09375}","{'height': 360, 'width': 640, 'mime_type': 'video/mp4'}",fbY4O04uunE,https://www.youtube.com/watch?v=fbY4O04uunE
clk6lapp7003e3n6lnpqtai54,175,right side,,Abnormal Gait,stroke,"{'top': 17.9375, 'left': 174.1875, 'height': 340.6875, 'width': 197.8125}","{'height': 360, 'width': 640, 'mime_type': 'video/mp4'}",fbY4O04uunE,https://www.youtube.com/watch?v=fbY4O04uunE
clk6lapp7003e3n6lnpqtai54,176,right side,,Abnormal Gait,stroke,"{'top': 17.34375, 'left': 174.46875, 'height': 341.21875, 'width': 197.53125}","{'height': 360, 'width': 640, 'mime_type': 'video/mp4'}",fbY4O04uunE,https://www.youtube.com/watch?v=fbY4O04uunE
clk6lapp7003e3n6lnpqtai54,177,right side,,Abnormal Gait,stroke,"{'top': 16.75, 'left': 174.75, 'height': 341.75, 'width': 197.25}","{'height': 360, 'width': 640, 'mime_type': 'video/mp4'}",fbY4O04uunE,https://www.youtube.com/watch?v=fbY4O04uunE
clk6lapp7003e3n6lnpqtai54,178,right side,,Abnormal Gait,stroke,"{'top': 16.15625, 'left': 175.03125, 'height': 342.28125, 'width': 196.96875}","{'height': 360, 'width': 640, 'mime_type': 'video/mp4'}",fbY4O04uunE,https://www.youtube.com/watch?v=fbY4O04uunE
clk6lapp7003e3n6lnpqtai54,179,right side,,Abnormal Gait,stroke,"{'top': 15.5625, 'left': 175.3125, 'height': 342.8125, 'width': 196.6875}","{'height': 360, 'width': 640, 'mime_type': 'video/mp4'}",fbY4O04uunE,https://www.youtube.com/watch?v=fbY4O04uunE
clk6lapp7003e3n6lnpqtai54,180,right side,,Abnormal Gait,stroke,"{'top': 14.96875, 'left': 175.59375, 'height': 343.34375, 'width': 196.40625}","{'height': 360, 'width': 640, 'mime_type': 'video/mp4'}",fbY4O04uunE,https://www.youtube.com/watch?v=fbY4O04uunE
clk6lapp7003e3n6lnpqtai54,181,right side,,Abnormal Gait,stroke,"{'top': 14.375, 'left': 175.875, 'height': 343.875, 'width': 196.125}","{'height': 360, 'width': 640, 'mime_type': 'video/mp4'}",fbY4O04uunE,https://www.youtube.com/watch?v=fbY4O04uunE
clk6lapp7003e3n6lnpqtai54,182,right side,,Abnormal Gait,stroke,"{'top': 13.78125, 'left': 176.15625, 'height': 344.40625, 'width': 195.84375}","{'height': 360, 'width': 640, 'mime_type': 'video/mp4'}",fbY4O04uunE,https://www.youtube.com/watch?v=fbY4O04uunE
clk6lapp7003e3n6lnpqtai54,183,right side,,Abnormal Gait,stroke,"{'top': 13.1875, 'left': 176.4375, 'height': 344.9375, 'width': 195.5625}","{'height': 360, 'width': 640, 'mime_type': 'video/mp4'}",fbY4O04uunE,https://www.youtube.com/watch?v=fbY4O04uunE
clk6lapp7003e3n6lnpqtai54,184,right side,,Abnormal Gait,stroke,"{'top': 12.59375, 'left': 176.71875, 'height': 345.46875, 'width': 195.28125}","{'height': 360, 'width': 640, 'mime_type': 'video/mp4'}",fbY4O04uunE,https://www.youtube.com/watch?v=fbY4O04uunE
clk6lapp7003e3n6lnpqtai54,185,right side,,Abnormal Gait,stroke,"{'top': 12.0, 'left': 177.0, 'height': 346.0, 'width': 195.0}","{'height': 360, 'width': 640, 'mime_type': 'video/mp4'}",fbY4O04uunE,https://www.youtube.com/watch?v=fbY4O04uunE
clk6lapp7003e3n6lnpqtai54,186,right side,,Abnormal Gait,stroke,"{'top': 12.063829787234043, 'left': 177.29078014184398, 'height': 345.9503546099291, 'width': 194.78014184397165}","{'height': 360, 'width': 640, 'mime_type': 'video/mp4'}",fbY4O04uunE,https://www.youtube.com/watch?v=fbY4O04uunE
clk6lapp7003e3n6lnpqtai54,187,right side,,Abnormal Gait,stroke,"{'top': 12.127659574468085, 'left': 177.58156028368793, 'height': 345.90070921985813, 'width': 194.56028368794327}","{'height': 360, 'width': 640, 'mime_type': 'video/mp4'}",fbY4O04uunE,https://www.youtube.com/watch?v=fbY4O04uunE
clk6lapp7003e3n6lnpqtai54,188,right side,,Abnormal Gait,stroke,"{'top': 12.191489361702128, 'left': 177.87234042553192, 'height': 345.8510638297873, 'width': 194.34042553191492}","{'height': 360, 'width': 640, 'mime_type': 'video/mp4'}",fbY4O04uunE,https://www.youtube.com/watch?v=fbY4O04uunE
clk6lapp7003e3n6lnpqtai54,189,right side,,Abnormal Gait,stroke,"{'top': 12.25531914893617, 'left': 178.1631205673759, 'height': 345.8014184397163, 'width': 194.1205673758865}","{'height': 360, 'width': 640, 'mime_type': 'video/mp4'}",fbY4O04uunE,https://www.youtube.com/watch?v=fbY4O04uunE
clk6lapp7003e3n6lnpqtai54,190,right side,,Abnormal Gait,stroke,"{'top': 12.319148936170214, 'left': 178.45390070921985, 'height': 345.7517730496454, 'width': 193.9007092198582}","{'height': 360, 'width': 640, 'mime_type': 'video/mp4'}",fbY4O04uunE,https://www.youtube.com/watch?v=fbY4O04uunE
clk6lapp7003e3n6lnpqtai54,191,right side,,Abnormal Gait,stroke,"{'top': 12.382978723404255, 'left': 178.74468085106383, 'height': 345.70212765957444, 'width': 193.68085106382978}","{'height': 360, 'width': 640, 'mime_type': 'video/mp4'}",fbY4O04uunE,https://www.youtube.com/watch?v=fbY4O04uunE
clk6lapp7003e3n6lnpqtai54,192,right side,,Abnormal Gait,stroke,"{'top': 12.446808510638299, 'left': 179.03546099290782, 'height': 345.6524822695036, 'width': 193.46099290780143}","{'height': 360, 'width': 640, 'mime_type': 'video/mp4'}",fbY4O04uunE,https://www.youtube.com/watch?v=fbY4O04uunE
clk6lapp7003e3n6lnpqtai54,193,right side,,Abnormal Gait,stroke,"{'top': 12.51063829787234, 'left': 179.32624113475177, 'height': 345.60283687943263, 'width': 193.24113475177305}","{'height': 360, 'width': 640, 'mime_type': 'video/mp4'}",fbY4O04uunE,https://www.youtube.com/watch?v=fbY4O04uunE
clk6lapp7003e3n6lnpqtai54,194,right side,,Abnormal Gait,stroke,"{'top': 12.574468085106384, 'left': 179.61702127659575, 'height': 345.5531914893617, 'width': 193.0212765957447}","{'height': 360, 'width': 640, 'mime_type': 'video/mp4'}",fbY4O04uunE,https://www.youtube.com/watch?v=fbY4O04uunE
clk6lapp7003e3n6lnpqtai54,195,right side,,Abnormal Gait,stroke,"{'top': 12.638297872340425, 'left': 179.9078014184397, 'height': 345.50354609929076, 'width': 192.80141843971631}","{'height': 360, 'width': 640, 'mime_type': 'video/mp4'}",fbY4O04uunE,https://www.youtube.com/watch?v=fbY4O04uunE
clk6lapp7003e3n6lnpqtai54,196,right side,,Abnormal Gait,stroke,"{'top': 12.702127659574469, 'left': 180.19858156028369, 'height': 345.4539007092199, 'width': 192.58156028368796}","{'height': 360, 'width': 640, 'mime_type': 'video/mp4'}",fbY4O04uunE,https://www.youtube.com/watch?v=fbY4O04uunE
clk6lapp7003e3n6lnpqtai54,197,right side,,Abnormal Gait,stroke,"{'top': 12.76595744680851, 'left': 180.48936170212767, 'height': 345.40425531914894, 'width': 192.36170212765956}","{'height': 360, 'width': 640, 'mime_type': 'video/mp4'}",fbY4O04uunE,https://www.youtube.com/watch?v=fbY4O04uunE
clk6lapp7003e3n6lnpqtai54,198,right side,,Abnormal Gait,stroke,"{'top': 12.829787234042554, 'left': 180.78014184397162, 'height': 345.35460992907804, 'width': 192.14184397163123}","{'height': 360, 'width': 640, 'mime_type': 'video/mp4'}",fbY4O04uunE,https://www.youtube.com/watch?v=fbY4O04uunE
clk6lapp7003e3n6lnpqtai54,199,right side,,Abnormal Gait,stroke,"{'top': 12.893617021276595, 'left': 181.0709219858156, 'height': 345.3049645390071, 'width': 191.92198581560282}","{'height': 360, 'width': 640, 'mime_type': 'video/mp4'}",fbY4O04uunE,https://www.youtube.com/watch?v=fbY4O04uunE
clk6lapp7003e3n6lnpqtai54,200,right side,,Abnormal Gait,stroke,"{'top': 12.957446808510639, 'left': 181.36170212765958, 'height': 345.2553191489362, 'width': 191.70212765957447}","{'height': 360, 'width': 640, 'mime_type': 'video/mp4'}",fbY4O04uunE,https://www.youtube.com/watch?v=fbY4O04uunE
clk6lapp7003e3n6lnpqtai54,201,right side,,Abnormal Gait,stroke,"{'top': 13.02127659574468, 'left': 181.65248226950354, 'height': 345.20567375886526, 'width': 191.4822695035461}","{'height': 360, 'width': 640, 'mime_type': 'video/mp4'}",fbY4O04uunE,https://www.youtube.com/watch?v=fbY4O04uunE
clk6lapp7003e3n6lnpqtai54,202,right side,,Abnormal Gait,stroke,"{'top': 13.085106382978724, 'left': 181.94326241134752, 'height': 345.15602836879435, 'width': 191.26241134751774}","{'height': 360, 'width': 640, 'mime_type': 'video/mp4'}",fbY4O04uunE,https://www.youtube.com/watch?v=fbY4O04uunE
clk6lapp7003e3n6lnpqtai54,203,right side,,Abnormal Gait,stroke,"{'top': 13.148936170212766, 'left': 182.2340425531915, 'height': 345.1063829787234, 'width': 191.04255319148933}","{'height': 360, 'width': 640, 'mime_type': 'video/mp4'}",fbY4O04uunE,https://www.youtube.com/watch?v=fbY4O04uunE
clk6lapp7003e3n6lnpqtai54,204,right side,,Abnormal Gait,stroke,"{'top': 13.212765957446809, 'left': 182.52482269503545, 'height': 345.0567375886525, 'width': 190.822695035461}","{'height': 360, 'width': 640, 'mime_type': 'video/mp4'}",fbY4O04uunE,https://www.youtube.com/watch?v=fbY4O04uunE
clk6lapp7003e3n6lnpqtai54,205,right side,,Abnormal Gait,stroke,"{'top': 13.27659574468085, 'left': 182.81560283687944, 'height': 345.0070921985816, 'width': 190.6028368794326}","{'height': 360, 'width': 640, 'mime_type': 'video/mp4'}",fbY4O04uunE,https://www.youtube.com/watch?v=fbY4O04uunE
clk6lapp7003e3n6lnpqtai54,206,right side,,Abnormal Gait,stroke,"{'top': 13.340425531914894, 'left': 183.10638297872342, 'height': 344.95744680851067, 'width': 190.38297872340425}","{'height': 360, 'width': 640, 'mime_type': 'video/mp4'}",fbY4O04uunE,https://www.youtube.com/watch?v=fbY4O04uunE
clk6lapp7003e3n6lnpqtai54,207,right side,,Abnormal Gait,stroke,"{'top': 13.404255319148936, 'left': 183.39716312056737, 'height': 344.9078014184397, 'width': 190.16312056737587}","{'height': 360, 'width': 640, 'mime_type': 'video/mp4'}",fbY4O04uunE,https://www.youtube.com/watch?v=fbY4O04uunE
clk6lapp7003e3n6lnpqtai54,208,right side,,Abnormal Gait,stroke,"{'top': 13.46808510638298, 'left': 183.68794326241135, 'height': 344.8581560283688, 'width': 189.94326241134752}","{'height': 360, 'width': 640, 'mime_type': 'video/mp4'}",fbY4O04uunE,https://www.youtube.com/watch?v=fbY4O04uunE
clk6lapp7003e3n6lnpqtai54,209,right side,,Abnormal Gait,stroke,"{'top': 13.53191489361702, 'left': 183.9787234042553, 'height': 344.8085106382979, 'width': 189.72340425531914}","{'height': 360, 'width': 640, 'mime_type': 'video/mp4'}",fbY4O04uunE,https://www.youtube.com/watch?v=fbY4O04uunE
clk6lapp7003e3n6lnpqtai54,210,right side,,Abnormal Gait,stroke,"{'top': 13.595744680851064, 'left': 184.2695035460993, 'height': 344.758865248227, 'width': 189.5035460992908}","{'height': 360, 'width': 640, 'mime_type': 'video/mp4'}",fbY4O04uunE,https://www.youtube.com/watch?v=fbY4O04uunE
clk6lapp7003e3n6lnpqtai54,211,right side,,Abnormal Gait,stroke,"{'top': 13.659574468085106, 'left': 184.56028368794327, 'height': 344.709219858156, 'width': 189.28368794326238}","{'height': 360, 'width': 640, 'mime_type': 'video/mp4'}",fbY4O04uunE,https://www.youtube.com/watch?v=fbY4O04uunE
clk6lapp7003e3n6lnpqtai54,212,right side,,Abnormal Gait,stroke,"{'top': 13.72340425531915, 'left': 184.85106382978722, 'height': 344.6595744680851, 'width': 189.06382978723406}","{'height': 360, 'width': 640, 'mime_type': 'video/mp4'}",fbY4O04uunE,https://www.youtube.com/watch?v=fbY4O04uunE
clk6lapp7003e3n6lnpqtai54,213,right side,,Abnormal Gait,stroke,"{'top': 13.787234042553191, 'left': 185.1418439716312, 'height': 344.6099290780142, 'width': 188.84397163120565}","{'height': 360, 'width': 640, 'mime_type': 'video/mp4'}",fbY4O04uunE,https://www.youtube.com/watch?v=fbY4O04uunE
clk6lapp7003e3n6lnpqtai54,214,right side,,Abnormal Gait,stroke,"{'top': 13.851063829787234, 'left': 185.43262411347519, 'height': 344.5602836879433, 'width': 188.6241134751773}","{'height': 360, 'width': 640, 'mime_type': 'video/mp4'}",fbY4O04uunE,https://www.youtube.com/watch?v=fbY4O04uunE
clk6lapp7003e3n6lnpqtai54,215,right side,,Abnormal Gait,stroke,"{'top': 13.914893617021276, 'left': 185.72340425531914, 'height': 344.51063829787233, 'width': 188.40425531914897}","{'height': 360, 'width': 640, 'mime_type': 'video/mp4'}",fbY4O04uunE,https://www.youtube.com/watch?v=fbY4O04uunE
clk6lapp7003e3n6lnpqtai54,216,right side,,Abnormal Gait,stroke,"{'top': 13.97872340425532, 'left': 186.01418439716312, 'height': 344.4609929078014, 'width': 188.18439716312056}","{'height': 360, 'width': 640, 'mime_type': 'video/mp4'}",fbY4O04uunE,https://www.youtube.com/watch?v=fbY4O04uunE
clk6lapp7003e3n6lnpqtai54,217,right side,,Abnormal Gait,stroke,"{'top': 14.042553191489361, 'left': 186.3049645390071, 'height': 344.4113475177305, 'width': 187.9645390070922}","{'height': 360, 'width': 640, 'mime_type': 'video/mp4'}",fbY4O04uunE,https://www.youtube.com/watch?v=fbY4O04uunE
clk6lapp7003e3n6lnpqtai54,218,right side,,Abnormal Gait,stroke,"{'top': 14.106382978723405, 'left': 186.59574468085106, 'height': 344.3617021276596, 'width': 187.74468085106383}","{'height': 360, 'width': 640, 'mime_type': 'video/mp4'}",fbY4O04uunE,https://www.youtube.com/watch?v=fbY4O04uunE
clk6lapp7003e3n6lnpqtai54,219,right side,,Abnormal Gait,stroke,"{'top': 14.170212765957446, 'left': 186.88652482269504, 'height': 344.31205673758865, 'width': 187.52482269503548}","{'height': 360, 'width': 640, 'mime_type': 'video/mp4'}",fbY4O04uunE,https://www.youtube.com/watch?v=fbY4O04uunE
clk6lapp7003e3n6lnpqtai54,220,right side,,Abnormal Gait,stroke,"{'top': 14.23404255319149, 'left': 187.17730496453902, 'height': 344.26241134751774, 'width': 187.30496453900707}","{'height': 360, 'width': 640, 'mime_type': 'video/mp4'}",fbY4O04uunE,https://www.youtube.com/watch?v=fbY4O04uunE
clk6lapp7003e3n6lnpqtai54,221,right side,,Abnormal Gait,stroke,"{'top': 14.297872340425531, 'left': 187.46808510638297, 'height': 344.2127659574468, 'width': 187.08510638297875}","{'height': 360, 'width': 640, 'mime_type': 'video/mp4'}",fbY4O04uunE,https://www.youtube.com/watch?v=fbY4O04uunE
clk6lapp7003e3n6lnpqtai54,222,right side,,Abnormal Gait,stroke,"{'top': 14.361702127659575, 'left': 187.75886524822695, 'height': 344.1631205673759, 'width': 186.86524822695034}","{'height': 360, 'width': 640, 'mime_type': 'video/mp4'}",fbY4O04uunE,https://www.youtube.com/watch?v=fbY4O04uunE
clk6lapp7003e3n6lnpqtai54,223,right side,,Abnormal Gait,stroke,"{'top': 14.425531914893618, 'left': 188.0496453900709, 'height': 344.11347517730496, 'width': 186.64539007092202}","{'height': 360, 'width': 640, 'mime_type': 'video/mp4'}",fbY4O04uunE,https://www.youtube.com/watch?v=fbY4O04uunE
clk6lapp7003e3n6lnpqtai54,224,right side,,Abnormal Gait,stroke,"{'top': 14.48936170212766, 'left': 188.3404255319149, 'height': 344.06382978723406, 'width': 186.4255319148936}","{'height': 360, 'width': 640, 'mime_type': 'video/mp4'}",fbY4O04uunE,https://www.youtube.com/watch?v=fbY4O04uunE
clk6lapp7003e3n6lnpqtai54,225,right side,,Abnormal Gait,stroke,"{'top': 14.553191489361701, 'left': 188.63120567375887, 'height': 344.0141843971631, 'width': 186.20567375886526}","{'height': 360, 'width': 640, 'mime_type': 'video/mp4'}",fbY4O04uunE,https://www.youtube.com/watch?v=fbY4O04uunE
clk6lapp7003e3n6lnpqtai54,226,right side,,Abnormal Gait,stroke,"{'top': 14.617021276595745, 'left': 188.92198581560282, 'height': 343.96453900709224, 'width': 185.98581560283688}","{'height': 360, 'width': 640, 'mime_type': 'video/mp4'}",fbY4O04uunE,https://www.youtube.com/watch?v=fbY4O04uunE
clk6lapp7003e3n6lnpqtai54,227,right side,,Abnormal Gait,stroke,"{'top': 14.680851063829788, 'left': 189.2127659574468, 'height': 343.9148936170213, 'width': 185.76595744680853}","{'height': 360, 'width': 640, 'mime_type': 'video/mp4'}",fbY4O04uunE,https://www.youtube.com/watch?v=fbY4O04uunE
clk6lapp7003e3n6lnpqtai54,228,right side,,Abnormal Gait,stroke,"{'top': 14.74468085106383, 'left': 189.5035460992908, 'height': 343.86524822695037, 'width': 185.54609929078012}","{'height': 360, 'width': 640, 'mime_type': 'video/mp4'}",fbY4O04uunE,https://www.youtube.com/watch?v=fbY4O04uunE
clk6lapp7003e3n6lnpqtai54,229,right side,,Abnormal Gait,stroke,"{'top': 14.808510638297872, 'left': 189.79432624113474, 'height': 343.8156028368794, 'width': 185.3262411347518}","{'height': 360, 'width': 640, 'mime_type': 'video/mp4'}",fbY4O04uunE,https://www.youtube.com/watch?v=fbY4O04uunE
clk6lapp7003e3n6lnpqtai54,230,right side,,Abnormal Gait,stroke,"{'top': 14.872340425531915, 'left': 190.08510638297872, 'height': 343.76595744680856, 'width': 185.1063829787234}","{'height': 360, 'width': 640, 'mime_type': 'video/mp4'}",fbY4O04uunE,https://www.youtube.com/watch?v=fbY4O04uunE
clk6lapp7003e3n6lnpqtai54,231,right side,,Abnormal Gait,stroke,"{'top': 14.936170212765958, 'left': 190.3758865248227, 'height': 343.7163120567376, 'width': 184.88652482269504}","{'height': 360, 'width': 640, 'mime_type': 'video/mp4'}",fbY4O04uunE,https://www.youtube.com/watch?v=fbY4O04uunE
clk6lapp7003e3n6lnpqtai54,232,right side,,Abnormal Gait,stroke,"{'top': 15.0, 'left': 190.66666666666666, 'height': 343.6666666666667, 'width': 184.66666666666666}","{'height': 360, 'width': 640, 'mime_type': 'video/mp4'}",fbY4O04uunE,https://www.youtube.com/watch?v=fbY4O04uunE
clk6lapp7003e3n6lnpqtai54,233,right side,,Abnormal Gait,stroke,"{'top': 15.063829787234042, 'left': 190.95744680851064, 'height': 343.6170212765957, 'width': 184.4468085106383}","{'height': 360, 'width': 640, 'mime_type': 'video/mp4'}",fbY4O04uunE,https://www.youtube.com/watch?v=fbY4O04uunE
clk6lapp7003e3n6lnpqtai54,234,right side,,Abnormal Gait,stroke,"{'top': 15.127659574468085, 'left': 191.24822695035462, 'height': 343.5673758865248, 'width': 184.2269503546099}","{'height': 360, 'width': 640, 'mime_type': 'video/mp4'}",fbY4O04uunE,https://www.youtube.com/watch?v=fbY4O04uunE
clk6lapp7003e3n6lnpqtai54,235,right side,,Abnormal Gait,stroke,"{'top': 15.191489361702128, 'left': 191.53900709219857, 'height': 343.5177304964539, 'width': 184.00709219858157}","{'height': 360, 'width': 640, 'mime_type': 'video/mp4'}",fbY4O04uunE,https://www.youtube.com/watch?v=fbY4O04uunE
clk6lapp7003e3n6lnpqtai54,236,right side,,Abnormal Gait,stroke,"{'top': 15.25531914893617, 'left': 191.82978723404256, 'height': 343.468085106383, 'width': 183.78723404255317}","{'height': 360, 'width': 640, 'mime_type': 'video/mp4'}",fbY4O04uunE,https://www.youtube.com/watch?v=fbY4O04uunE
clk6lapp7003e3n6lnpqtai54,237,right side,,Abnormal Gait,stroke,"{'top': 15.319148936170212, 'left': 192.12056737588654, 'height': 343.41843971631204, 'width': 183.56737588652481}","{'height': 360, 'width': 640, 'mime_type': 'video/mp4'}",fbY4O04uunE,https://www.youtube.com/watch?v=fbY4O04uunE
clk6lapp7003e3n6lnpqtai54,238,right side,,Abnormal Gait,stroke,"{'top': 15.382978723404255, 'left': 192.4113475177305, 'height': 343.36879432624113, 'width': 183.34751773049643}","{'height': 360, 'width': 640, 'mime_type': 'video/mp4'}",fbY4O04uunE,https://www.youtube.com/watch?v=fbY4O04uunE
clk6lapp7003e3n6lnpqtai54,239,right side,,Abnormal Gait,stroke,"{'top': 15.446808510638299, 'left': 192.70212765957447, 'height': 343.3191489361702, 'width': 183.12765957446808}","{'height': 360, 'width': 640, 'mime_type': 'video/mp4'}",fbY4O04uunE,https://www.youtube.com/watch?v=fbY4O04uunE
clk6lapp7003e3n6lnpqtai54,240,right side,,Abnormal Gait,stroke,"{'top': 15.51063829787234, 'left': 192.99290780141843, 'height': 343.2695035460993, 'width': 182.9078014184397}","{'height': 360, 'width': 640, 'mime_type': 'video/mp4'}",fbY4O04uunE,https://www.youtube.com/watch?v=fbY4O04uunE
clk6lapp7003e3n6lnpqtai54,241,right side,,Abnormal Gait,stroke,"{'top': 15.574468085106384, 'left': 193.2836879432624, 'height': 343.21985815602835, 'width': 182.68794326241135}","{'height': 360, 'width': 640, 'mime_type': 'video/mp4'}",fbY4O04uunE,https://www.youtube.com/watch?v=fbY4O04uunE
clk6lapp7003e3n6lnpqtai54,242,right side,,Abnormal Gait,stroke,"{'top': 15.638297872340425, 'left': 193.5744680851064, 'height': 343.17021276595744, 'width': 182.46808510638294}","{'height': 360, 'width': 640, 'mime_type': 'video/mp4'}",fbY4O04uunE,https://www.youtube.com/watch?v=fbY4O04uunE
clk6lapp7003e3n6lnpqtai54,243,right side,,Abnormal Gait,stroke,"{'top': 15.702127659574469, 'left': 193.86524822695034, 'height': 343.12056737588654, 'width': 182.24822695035462}","{'height': 360, 'width': 640, 'mime_type': 'video/mp4'}",fbY4O04uunE,https://www.youtube.com/watch?v=fbY4O04uunE
clk6lapp7003e3n6lnpqtai54,244,right side,,Abnormal Gait,stroke,"{'top': 15.76595744680851, 'left': 194.15602836879432, 'height': 343.07092198581563, 'width': 182.02836879432627}","{'height': 360, 'width': 640, 'mime_type': 'video/mp4'}",fbY4O04uunE,https://www.youtube.com/watch?v=fbY4O04uunE
clk6lapp7003e3n6lnpqtai54,245,right side,,Abnormal Gait,stroke,"{'top': 15.829787234042554, 'left': 194.4468085106383, 'height': 343.02127659574467, 'width': 181.80851063829786}","{'height': 360, 'width': 640, 'mime_type': 'video/mp4'}",fbY4O04uunE,https://www.youtube.com/watch?v=fbY4O04uunE
clk6lapp7003e3n6lnpqtai54,246,right side,,Abnormal Gait,stroke,"{'top': 15.893617021276595, 'left': 194.73758865248226, 'height': 342.97163120567376, 'width': 181.58865248226954}","{'height': 360, 'width': 640, 'mime_type': 'video/mp4'}",fbY4O04uunE,https://www.youtube.com/watch?v=fbY4O04uunE
clk6lapp7003e3n6lnpqtai54,247,right side,,Abnormal Gait,stroke,"{'top': 15.957446808510639, 'left': 195.02836879432624, 'height': 342.92198581560285, 'width': 181.36879432624113}","{'height': 360, 'width': 640, 'mime_type': 'video/mp4'}",fbY4O04uunE,https://www.youtube.com/watch?v=fbY4O04uunE
clk6lapp7003e3n6lnpqtai54,248,right side,,Abnormal Gait,stroke,"{'top': 16.02127659574468, 'left': 195.31914893617022, 'height': 342.87234042553195, 'width': 181.14893617021278}","{'height': 360, 'width': 640, 'mime_type': 'video/mp4'}",fbY4O04uunE,https://www.youtube.com/watch?v=fbY4O04uunE
clk6lapp7003e3n6lnpqtai54,249,right side,,Abnormal Gait,stroke,"{'top': 16.085106382978722, 'left': 195.60992907801418, 'height': 342.822695035461, 'width': 180.9290780141844}","{'height': 360, 'width': 640, 'mime_type': 'video/mp4'}",fbY4O04uunE,https://www.youtube.com/watch?v=fbY4O04uunE
clk6lapp7003e3n6lnpqtai54,250,right side,,Abnormal Gait,stroke,"{'top': 16.148936170212764, 'left': 195.90070921985816, 'height': 342.7730496453901, 'width': 180.70921985815605}","{'height': 360, 'width': 640, 'mime_type': 'video/mp4'}",fbY4O04uunE,https://www.youtube.com/watch?v=fbY4O04uunE
clk6lapp7003e3n6lnpqtai54,251,right side,,Abnormal Gait,stroke,"{'top': 16.21276595744681, 'left': 196.19148936170214, 'height': 342.7234042553191, 'width': 180.48936170212764}","{'height': 360, 'width': 640, 'mime_type': 'video/mp4'}",fbY4O04uunE,https://www.youtube.com/watch?v=fbY4O04uunE
clk6lapp7003e3n6lnpqtai54,252,right side,,Abnormal Gait,stroke,"{'top': 16.27659574468085, 'left': 196.4822695035461, 'height': 342.67375886524826, 'width': 180.26950354609932}","{'height': 360, 'width': 640, 'mime_type': 'video/mp4'}",fbY4O04uunE,https://www.youtube.com/watch?v=fbY4O04uunE
clk6lapp7003e3n6lnpqtai54,253,right side,,Abnormal Gait,stroke,"{'top': 16.340425531914892, 'left': 196.77304964539007, 'height': 342.6241134751773, 'width': 180.0496453900709}","{'height': 360, 'width': 640, 'mime_type': 'video/mp4'}",fbY4O04uunE,https://www.youtube.com/watch?v=fbY4O04uunE
clk6lapp7003e3n6lnpqtai54,254,right side,,Abnormal Gait,stroke,"{'top': 16.404255319148938, 'left': 197.06382978723406, 'height': 342.5744680851064, 'width': 179.82978723404256}","{'height': 360, 'width': 640, 'mime_type': 'video/mp4'}",fbY4O04uunE,https://www.youtube.com/watch?v=fbY4O04uunE
clk6lapp7003e3n6lnpqtai54,255,right side,,Abnormal Gait,stroke,"{'top': 16.46808510638298, 'left': 197.354609929078, 'height': 342.5248226950354, 'width': 179.60992907801418}","{'height': 360, 'width': 640, 'mime_type': 'video/mp4'}",fbY4O04uunE,https://www.youtube.com/watch?v=fbY4O04uunE
clk6lapp7003e3n6lnpqtai54,256,right side,,Abnormal Gait,stroke,"{'top': 16.53191489361702, 'left': 197.645390070922, 'height': 342.4751773049646, 'width': 179.39007092198582}","{'height': 360, 'width': 640, 'mime_type': 'video/mp4'}",fbY4O04uunE,https://www.youtube.com/watch?v=fbY4O04uunE
clk6lapp7003e3n6lnpqtai54,257,right side,,Abnormal Gait,stroke,"{'top': 16.595744680851062, 'left': 197.93617021276594, 'height': 342.4255319148936, 'width': 179.17021276595744}","{'height': 360, 'width': 640, 'mime_type': 'video/mp4'}",fbY4O04uunE,https://www.youtube.com/watch?v=fbY4O04uunE
clk6lapp7003e3n6lnpqtai54,258,right side,,Abnormal Gait,stroke,"{'top': 16.659574468085104, 'left': 198.22695035460993, 'height': 342.3758865248227, 'width': 178.9503546099291}","{'height': 360, 'width': 640, 'mime_type': 'video/mp4'}",fbY4O04uunE,https://www.youtube.com/watch?v=fbY4O04uunE
clk6lapp7003e3n6lnpqtai54,259,right side,,Abnormal Gait,stroke,"{'top': 16.72340425531915, 'left': 198.5177304964539, 'height': 342.32624113475174, 'width': 178.73049645390068}","{'height': 360, 'width': 640, 'mime_type': 'video/mp4'}",fbY4O04uunE,https://www.youtube.com/watch?v=fbY4O04uunE
clk6lapp7003e3n6lnpqtai54,260,right side,,Abnormal Gait,stroke,"{'top': 16.78723404255319, 'left': 198.80851063829786, 'height': 342.2765957446809, 'width': 178.51063829787236}","{'height': 360, 'width': 640, 'mime_type': 'video/mp4'}",fbY4O04uunE,https://www.youtube.com/watch?v=fbY4O04uunE
clk6lapp7003e3n6lnpqtai54,261,right side,,Abnormal Gait,stroke,"{'top': 16.851063829787236, 'left': 199.09929078014184, 'height': 342.2269503546099, 'width': 178.29078014184395}","{'height': 360, 'width': 640, 'mime_type': 'video/mp4'}",fbY4O04uunE,https://www.youtube.com/watch?v=fbY4O04uunE
clk6lapp7003e3n6lnpqtai54,262,right side,,Abnormal Gait,stroke,"{'top': 16.914893617021278, 'left': 199.39007092198582, 'height': 342.177304964539, 'width': 178.0709219858156}","{'height': 360, 'width': 640, 'mime_type': 'video/mp4'}",fbY4O04uunE,https://www.youtube.com/watch?v=fbY4O04uunE
clk6lapp7003e3n6lnpqtai54,263,right side,,Abnormal Gait,stroke,"{'top': 16.97872340425532, 'left': 199.68085106382978, 'height': 342.12765957446805, 'width': 177.85106382978722}","{'height': 360, 'width': 640, 'mime_type': 'video/mp4'}",fbY4O04uunE,https://www.youtube.com/watch?v=fbY4O04uunE
clk6lapp7003e3n6lnpqtai54,264,right side,,Abnormal Gait,stroke,"{'top': 17.04255319148936, 'left': 199.97163120567376, 'height': 342.07801418439715, 'width': 177.63120567375887}","{'height': 360, 'width': 640, 'mime_type': 'video/mp4'}",fbY4O04uunE,https://www.youtube.com/watch?v=fbY4O04uunE
clk6lapp7003e3n6lnpqtai54,265,right side,,Abnormal Gait,stroke,"{'top': 17.106382978723403, 'left': 200.26241134751774, 'height': 342.02836879432624, 'width': 177.41134751773046}","{'height': 360, 'width': 640, 'mime_type': 'video/mp4'}",fbY4O04uunE,https://www.youtube.com/watch?v=fbY4O04uunE
clk6lapp7003e3n6lnpqtai54,266,right side,,Abnormal Gait,stroke,"{'top': 17.170212765957448, 'left': 200.5531914893617, 'height': 341.97872340425533, 'width': 177.19148936170214}","{'height': 360, 'width': 640, 'mime_type': 'video/mp4'}",fbY4O04uunE,https://www.youtube.com/watch?v=fbY4O04uunE
clk6lapp7003e3n6lnpqtai54,267,right side,,Abnormal Gait,stroke,"{'top': 17.23404255319149, 'left': 200.84397163120568, 'height': 341.92907801418437, 'width': 176.97163120567373}","{'height': 360, 'width': 640, 'mime_type': 'video/mp4'}",fbY4O04uunE,https://www.youtube.com/watch?v=fbY4O04uunE
clk6lapp7003e3n6lnpqtai54,268,right side,,Abnormal Gait,stroke,"{'top': 17.29787234042553, 'left': 201.13475177304963, 'height': 341.87943262411346, 'width': 176.7517730496454}","{'height': 360, 'width': 640, 'mime_type': 'video/mp4'}",fbY4O04uunE,https://www.youtube.com/watch?v=fbY4O04uunE
clk6lapp7003e3n6lnpqtai54,269,right side,,Abnormal Gait,stroke,"{'top': 17.361702127659576, 'left': 201.4255319148936, 'height': 341.82978723404256, 'width': 176.531914893617}","{'height': 360, 'width': 640, 'mime_type': 'video/mp4'}",fbY4O04uunE,https://www.youtube.com/watch?v=fbY4O04uunE
clk6lapp7003e3n6lnpqtai54,270,right side,,Abnormal Gait,stroke,"{'top': 17.425531914893618, 'left': 201.7163120567376, 'height': 341.78014184397165, 'width': 176.31205673758865}","{'height': 360, 'width': 640, 'mime_type': 'video/mp4'}",fbY4O04uunE,https://www.youtube.com/watch?v=fbY4O04uunE
clk6lapp7003e3n6lnpqtai54,271,right side,,Abnormal Gait,stroke,"{'top': 17.48936170212766, 'left': 202.00709219858157, 'height': 341.7304964539007, 'width': 176.0921985815603}","{'height': 360, 'width': 640, 'mime_type': 'video/mp4'}",fbY4O04uunE,https://www.youtube.com/watch?v=fbY4O04uunE
clk6lapp7003e3n6lnpqtai54,272,right side,,Abnormal Gait,stroke,"{'top': 17.5531914893617, 'left': 202.29787234042553, 'height': 341.6808510638298, 'width': 175.87234042553192}","{'height': 360, 'width': 640, 'mime_type': 'video/mp4'}",fbY4O04uunE,https://www.youtube.com/watch?v=fbY4O04uunE
clk6lapp7003e3n6lnpqtai54,273,right side,,Abnormal Gait,stroke,"{'top': 17.617021276595743, 'left': 202.5886524822695, 'height': 341.63120567375887, 'width': 175.65248226950357}","{'height': 360, 'width': 640, 'mime_type': 'video/mp4'}",fbY4O04uunE,https://www.youtube.com/watch?v=fbY4O04uunE
clk6lapp7003e3n6lnpqtai54,274,right side,,Abnormal Gait,stroke,"{'top': 17.680851063829788, 'left': 202.87943262411346, 'height': 341.58156028368796, 'width': 175.43262411347519}","{'height': 360, 'width': 640, 'mime_type': 'video/mp4'}",fbY4O04uunE,https://www.youtube.com/watch?v=fbY4O04uunE
clk6lapp7003e3n6lnpqtai54,275,right side,,Abnormal Gait,stroke,"{'top': 17.74468085106383, 'left': 203.17021276595744, 'height': 341.531914893617, 'width': 175.21276595744683}","{'height': 360, 'width': 640, 'mime_type': 'video/mp4'}",fbY4O04uunE,https://www.youtube.com/watch?v=fbY4O04uunE
clk6lapp7003e3n6lnpqtai54,276,right side,,Abnormal Gait,stroke,"{'top': 17.80851063829787, 'left': 203.46099290780143, 'height': 341.4822695035461, 'width': 174.99290780141843}","{'height': 360, 'width': 640, 'mime_type': 'video/mp4'}",fbY4O04uunE,https://www.youtube.com/watch?v=fbY4O04uunE
clk6lapp7003e3n6lnpqtai54,277,right side,,Abnormal Gait,stroke,"{'top': 17.872340425531917, 'left': 203.7517730496454, 'height': 341.4326241134752, 'width': 174.77304964539007}","{'height': 360, 'width': 640, 'mime_type': 'video/mp4'}",fbY4O04uunE,https://www.youtube.com/watch?v=fbY4O04uunE
clk6lapp7003e3n6lnpqtai54,278,right side,,Abnormal Gait,stroke,"{'top': 17.93617021276596, 'left': 204.04255319148936, 'height': 341.3829787234043, 'width': 174.5531914893617}","{'height': 360, 'width': 640, 'mime_type': 'video/mp4'}",fbY4O04uunE,https://www.youtube.com/watch?v=fbY4O04uunE
clk6lapp7003e3n6lnpqtai54,279,right side,,Abnormal Gait,stroke,"{'top': 18.0, 'left': 204.33333333333334, 'height': 341.3333333333333, 'width': 174.33333333333334}","{'height': 360, 'width': 640, 'mime_type': 'video/mp4'}",fbY4O04uunE,https://www.youtube.com/watch?v=fbY4O04uunE
clk6lapp7003e3n6lnpqtai54,280,right side,,Abnormal Gait,stroke,"{'top': 18.06382978723404, 'left': 204.6241134751773, 'height': 341.2836879432624, 'width': 174.11347517730496}","{'height': 360, 'width': 640, 'mime_type': 'video/mp4'}",fbY4O04uunE,https://www.youtube.com/watch?v=fbY4O04uunE
clk6lapp7003e3n6lnpqtai54,281,right side,,Abnormal Gait,stroke,"{'top': 18.127659574468083, 'left': 204.91489361702128, 'height': 341.23404255319144, 'width': 173.8936170212766}","{'height': 360, 'width': 640, 'mime_type': 'video/mp4'}",fbY4O04uunE,https://www.youtube.com/watch?v=fbY4O04uunE
clk6lapp7003e3n6lnpqtai54,282,right side,,Abnormal Gait,stroke,"{'top': 18.19148936170213, 'left': 205.20567375886526, 'height': 341.1843971631206, 'width': 173.6737588652482}","{'height': 360, 'width': 640, 'mime_type': 'video/mp4'}",fbY4O04uunE,https://www.youtube.com/watch?v=fbY4O04uunE
clk6lapp7003e3n6lnpqtai54,283,right side,,Abnormal Gait,stroke,"{'top': 18.25531914893617, 'left': 205.4964539007092, 'height': 341.13475177304963, 'width': 173.45390070921988}","{'height': 360, 'width': 640, 'mime_type': 'video/mp4'}",fbY4O04uunE,https://www.youtube.com/watch?v=fbY4O04uunE
clk6lapp7003e3n6lnpqtai54,284,right side,,Abnormal Gait,stroke,"{'top': 18.319148936170212, 'left': 205.7872340425532, 'height': 341.0851063829787, 'width': 173.23404255319147}","{'height': 360, 'width': 640, 'mime_type': 'video/mp4'}",fbY4O04uunE,https://www.youtube.com/watch?v=fbY4O04uunE
clk6lapp7003e3n6lnpqtai54,285,right side,,Abnormal Gait,stroke,"{'top': 18.382978723404257, 'left': 206.07801418439718, 'height': 341.03546099290776, 'width': 173.01418439716312}","{'height': 360, 'width': 640, 'mime_type': 'video/mp4'}",fbY4O04uunE,https://www.youtube.com/watch?v=fbY4O04uunE
clk6lapp7003e3n6lnpqtai54,286,right side,,Abnormal Gait,stroke,"{'top': 18.4468085106383, 'left': 206.36879432624113, 'height': 340.9858156028369, 'width': 172.79432624113474}","{'height': 360, 'width': 640, 'mime_type': 'video/mp4'}",fbY4O04uunE,https://www.youtube.com/watch?v=fbY4O04uunE
clk6lapp7003e3n6lnpqtai54,287,right side,,Abnormal Gait,stroke,"{'top': 18.51063829787234, 'left': 206.6595744680851, 'height': 340.93617021276594, 'width': 172.5744680851064}","{'height': 360, 'width': 640, 'mime_type': 'video/mp4'}",fbY4O04uunE,https://www.youtube.com/watch?v=fbY4O04uunE
clk6lapp7003e3n6lnpqtai54,288,right side,,Abnormal Gait,stroke,"{'top': 18.574468085106382, 'left': 206.9503546099291, 'height': 340.88652482269504, 'width': 172.35460992907798}","{'height': 360, 'width': 640, 'mime_type': 'video/mp4'}",fbY4O04uunE,https://www.youtube.com/watch?v=fbY4O04uunE
clk6lapp7003e3n6lnpqtai54,289,right side,,Abnormal Gait,stroke,"{'top': 18.638297872340424, 'left': 207.24113475177305, 'height': 340.8368794326241, 'width': 172.13475177304966}","{'height': 360, 'width': 640, 'mime_type': 'video/mp4'}",fbY4O04uunE,https://www.youtube.com/watch?v=fbY4O04uunE
clk6lapp7003e3n6lnpqtai54,290,right side,,Abnormal Gait,stroke,"{'top': 18.70212765957447, 'left': 207.53191489361703, 'height': 340.7872340425532, 'width': 171.91489361702125}","{'height': 360, 'width': 640, 'mime_type': 'video/mp4'}",fbY4O04uunE,https://www.youtube.com/watch?v=fbY4O04uunE
clk6lapp7003e3n6lnpqtai54,291,right side,,Abnormal Gait,stroke,"{'top': 18.76595744680851, 'left': 207.82269503546098, 'height': 340.73758865248226, 'width': 171.69503546099293}","{'height': 360, 'width': 640, 'mime_type': 'video/mp4'}",fbY4O04uunE,https://www.youtube.com/watch?v=fbY4O04uunE
clk6lapp7003e3n6lnpqtai54,292,right side,,Abnormal Gait,stroke,"{'top': 18.829787234042552, 'left': 208.11347517730496, 'height': 340.68794326241135, 'width': 171.47517730496452}","{'height': 360, 'width': 640, 'mime_type': 'video/mp4'}",fbY4O04uunE,https://www.youtube.com/watch?v=fbY4O04uunE
clk6lapp7003e3n6lnpqtai54,293,right side,,Abnormal Gait,stroke,"{'top': 18.893617021276597, 'left': 208.40425531914894, 'height': 340.6382978723404, 'width': 171.25531914893617}","{'height': 360, 'width': 640, 'mime_type': 'video/mp4'}",fbY4O04uunE,https://www.youtube.com/watch?v=fbY4O04uunE
clk6lapp7003e3n6lnpqtai54,294,right side,,Abnormal Gait,stroke,"{'top': 18.95744680851064, 'left': 208.6950354609929, 'height': 340.5886524822695, 'width': 171.0354609929078}","{'height': 360, 'width': 640, 'mime_type': 'video/mp4'}",fbY4O04uunE,https://www.youtube.com/watch?v=fbY4O04uunE
clk6lapp7003e3n6lnpqtai54,295,right side,,Abnormal Gait,stroke,"{'top': 19.02127659574468, 'left': 208.98581560283688, 'height': 340.5390070921986, 'width': 170.81560283687944}","{'height': 360, 'width': 640, 'mime_type': 'video/mp4'}",fbY4O04uunE,https://www.youtube.com/watch?v=fbY4O04uunE
clk6lapp7003e3n6lnpqtai54,296,right side,,Abnormal Gait,stroke,"{'top': 19.085106382978722, 'left': 209.27659574468086, 'height': 340.48936170212767, 'width': 170.59574468085103}","{'height': 360, 'width': 640, 'mime_type': 'video/mp4'}",fbY4O04uunE,https://www.youtube.com/watch?v=fbY4O04uunE
clk6lapp7003e3n6lnpqtai54,297,right side,,Abnormal Gait,stroke,"{'top': 19.148936170212767, 'left': 209.56737588652481, 'height': 340.4397163120567, 'width': 170.3758865248227}","{'height': 360, 'width': 640, 'mime_type': 'video/mp4'}",fbY4O04uunE,https://www.youtube.com/watch?v=fbY4O04uunE
clk6lapp7003e3n6lnpqtai54,298,right side,,Abnormal Gait,stroke,"{'top': 19.21276595744681, 'left': 209.8581560283688, 'height': 340.3900709219858, 'width': 170.15602836879435}","{'height': 360, 'width': 640, 'mime_type': 'video/mp4'}",fbY4O04uunE,https://www.youtube.com/watch?v=fbY4O04uunE
clk6lapp7003e3n6lnpqtai54,299,right side,,Abnormal Gait,stroke,"{'top': 19.27659574468085, 'left': 210.14893617021278, 'height': 340.3404255319149, 'width': 169.93617021276594}","{'height': 360, 'width': 640, 'mime_type': 'video/mp4'}",fbY4O04uunE,https://www.youtube.com/watch?v=fbY4O04uunE
clk6lapp7003e3n6lnpqtai54,300,right side,,Abnormal Gait,stroke,"{'top': 19.340425531914892, 'left': 210.43971631205673, 'height': 340.290780141844, 'width': 169.71631205673762}","{'height': 360, 'width': 640, 'mime_type': 'video/mp4'}",fbY4O04uunE,https://www.youtube.com/watch?v=fbY4O04uunE
clk6lapp7003e3n6lnpqtai54,301,right side,,Abnormal Gait,stroke,"{'top': 19.404255319148938, 'left': 210.7304964539007, 'height': 340.241134751773, 'width': 169.4964539007092}","{'height': 360, 'width': 640, 'mime_type': 'video/mp4'}",fbY4O04uunE,https://www.youtube.com/watch?v=fbY4O04uunE
clk6lapp7003e3n6lnpqtai54,302,right side,,Abnormal Gait,stroke,"{'top': 19.46808510638298, 'left': 211.02127659574467, 'height': 340.1914893617021, 'width': 169.2765957446809}","{'height': 360, 'width': 640, 'mime_type': 'video/mp4'}",fbY4O04uunE,https://www.youtube.com/watch?v=fbY4O04uunE
clk6lapp7003e3n6lnpqtai54,303,right side,,Abnormal Gait,stroke,"{'top': 19.53191489361702, 'left': 211.31205673758865, 'height': 340.1418439716312, 'width': 169.05673758865248}","{'height': 360, 'width': 640, 'mime_type': 'video/mp4'}",fbY4O04uunE,https://www.youtube.com/watch?v=fbY4O04uunE
clk6lapp7003e3n6lnpqtai54,304,right side,,Abnormal Gait,stroke,"{'top': 19.595744680851062, 'left': 211.60283687943263, 'height': 340.0921985815603, 'width': 168.83687943262413}","{'height': 360, 'width': 640, 'mime_type': 'video/mp4'}",fbY4O04uunE,https://www.youtube.com/watch?v=fbY4O04uunE
clk6lapp7003e3n6lnpqtai54,305,right side,,Abnormal Gait,stroke,"{'top': 19.659574468085108, 'left': 211.8936170212766, 'height': 340.04255319148933, 'width': 168.61702127659572}","{'height': 360, 'width': 640, 'mime_type': 'video/mp4'}",fbY4O04uunE,https://www.youtube.com/watch?v=fbY4O04uunE
clk6lapp7003e3n6lnpqtai54,306,right side,,Abnormal Gait,stroke,"{'top': 19.72340425531915, 'left': 212.18439716312056, 'height': 339.9929078014184, 'width': 168.3971631205674}","{'height': 360, 'width': 640, 'mime_type': 'video/mp4'}",fbY4O04uunE,https://www.youtube.com/watch?v=fbY4O04uunE
clk6lapp7003e3n6lnpqtai54,307,right side,,Abnormal Gait,stroke,"{'top': 19.78723404255319, 'left': 212.47517730496455, 'height': 339.9432624113475, 'width': 168.177304964539}","{'height': 360, 'width': 640, 'mime_type': 'video/mp4'}",fbY4O04uunE,https://www.youtube.com/watch?v=fbY4O04uunE
clk6lapp7003e3n6lnpqtai54,308,right side,,Abnormal Gait,stroke,"{'top': 19.851063829787236, 'left': 212.7659574468085, 'height': 339.8936170212766, 'width': 167.95744680851067}","{'height': 360, 'width': 640, 'mime_type': 'video/mp4'}",fbY4O04uunE,https://www.youtube.com/watch?v=fbY4O04uunE
clk6lapp7003e3n6lnpqtai54,309,right side,,Abnormal Gait,stroke,"{'top': 19.914893617021278, 'left': 213.05673758865248, 'height': 339.84397163120565, 'width': 167.73758865248226}","{'height': 360, 'width': 640, 'mime_type': 'video/mp4'}",fbY4O04uunE,https://www.youtube.com/watch?v=fbY4O04uunE
clk6lapp7003e3n6lnpqtai54,310,right side,,Abnormal Gait,stroke,"{'top': 19.97872340425532, 'left': 213.34751773049646, 'height': 339.79432624113474, 'width': 167.5177304964539}","{'height': 360, 'width': 640, 'mime_type': 'video/mp4'}",fbY4O04uunE,https://www.youtube.com/watch?v=fbY4O04uunE
clk6lapp7003e3n6lnpqtai54,311,right side,,Abnormal Gait,stroke,"{'top': 20.04255319148936, 'left': 213.63829787234042, 'height': 339.7446808510638, 'width': 167.29787234042553}","{'height': 360, 'width': 640, 'mime_type': 'video/mp4'}",fbY4O04uunE,https://www.youtube.com/watch?v=fbY4O04uunE
clk6lapp7003e3n6lnpqtai54,312,right side,,Abnormal Gait,stroke,"{'top': 20.106382978723403, 'left': 213.9290780141844, 'height': 339.6950354609929, 'width': 167.07801418439718}","{'height': 360, 'width': 640, 'mime_type': 'video/mp4'}",fbY4O04uunE,https://www.youtube.com/watch?v=fbY4O04uunE
clk6lapp7003e3n6lnpqtai54,313,right side,,Abnormal Gait,stroke,"{'top': 20.170212765957444, 'left': 214.21985815602835, 'height': 339.64539007092196, 'width': 166.8581560283688}","{'height': 360, 'width': 640, 'mime_type': 'video/mp4'}",fbY4O04uunE,https://www.youtube.com/watch?v=fbY4O04uunE
clk6lapp7003e3n6lnpqtai54,314,right side,,Abnormal Gait,stroke,"{'top': 20.23404255319149, 'left': 214.51063829787233, 'height': 339.59574468085106, 'width': 166.63829787234044}","{'height': 360, 'width': 640, 'mime_type': 'video/mp4'}",fbY4O04uunE,https://www.youtube.com/watch?v=fbY4O04uunE
clk6lapp7003e3n6lnpqtai54,315,right side,,Abnormal Gait,stroke,"{'top': 20.29787234042553, 'left': 214.80141843971631, 'height': 339.5460992907801, 'width': 166.41843971631204}","{'height': 360, 'width': 640, 'mime_type': 'video/mp4'}",fbY4O04uunE,https://www.youtube.com/watch?v=fbY4O04uunE
clk6lapp7003e3n6lnpqtai54,316,right side,,Abnormal Gait,stroke,"{'top': 20.361702127659576, 'left': 215.0921985815603, 'height': 339.49645390070924, 'width': 166.19858156028369}","{'height': 360, 'width': 640, 'mime_type': 'video/mp4'}",fbY4O04uunE,https://www.youtube.com/watch?v=fbY4O04uunE
clk6lapp7003e3n6lnpqtai54,317,right side,,Abnormal Gait,stroke,"{'top': 20.425531914893618, 'left': 215.38297872340425, 'height': 339.4468085106383, 'width': 165.9787234042553}","{'height': 360, 'width': 640, 'mime_type': 'video/mp4'}",fbY4O04uunE,https://www.youtube.com/watch?v=fbY4O04uunE
clk6lapp7003e3n6lnpqtai54,318,right side,,Abnormal Gait,stroke,"{'top': 20.48936170212766, 'left': 215.67375886524823, 'height': 339.39716312056737, 'width': 165.75886524822695}","{'height': 360, 'width': 640, 'mime_type': 'video/mp4'}",fbY4O04uunE,https://www.youtube.com/watch?v=fbY4O04uunE
clk6lapp7003e3n6lnpqtai54,319,right side,,Abnormal Gait,stroke,"{'top': 20.5531914893617, 'left': 215.96453900709218, 'height': 339.3475177304964, 'width': 165.53900709219857}","{'height': 360, 'width': 640, 'mime_type': 'video/mp4'}",fbY4O04uunE,https://www.youtube.com/watch?v=fbY4O04uunE
clk6lapp7003e3n6lnpqtai54,320,right side,,Abnormal Gait,stroke,"{'top': 20.617021276595743, 'left': 216.25531914893617, 'height': 339.29787234042556, 'width': 165.31914893617022}","{'height': 360, 'width': 640, 'mime_type': 'video/mp4'}",fbY4O04uunE,https://www.youtube.com/watch?v=fbY4O04uunE
clk6lapp7003e3n6lnpqtai54,321,right side,,Abnormal Gait,stroke,"{'top': 20.680851063829785, 'left': 216.54609929078015, 'height': 339.2482269503546, 'width': 165.0992907801418}","{'height': 360, 'width': 640, 'mime_type': 'video/mp4'}",fbY4O04uunE,https://www.youtube.com/watch?v=fbY4O04uunE
clk6lapp7003e3n6lnpqtai54,322,right side,,Abnormal Gait,stroke,"{'top': 20.74468085106383, 'left': 216.8368794326241, 'height': 339.1985815602837, 'width': 164.8794326241135}","{'height': 360, 'width': 640, 'mime_type': 'video/mp4'}",fbY4O04uunE,https://www.youtube.com/watch?v=fbY4O04uunE
clk6lapp7003e3n6lnpqtai54,323,right side,,Abnormal Gait,stroke,"{'top': 20.80851063829787, 'left': 217.12765957446808, 'height': 339.1489361702127, 'width': 164.65957446808508}","{'height': 360, 'width': 640, 'mime_type': 'video/mp4'}",fbY4O04uunE,https://www.youtube.com/watch?v=fbY4O04uunE
clk6lapp7003e3n6lnpqtai54,324,right side,,Abnormal Gait,stroke,"{'top': 20.872340425531917, 'left': 217.41843971631207, 'height': 339.0992907801418, 'width': 164.43971631205673}","{'height': 360, 'width': 640, 'mime_type': 'video/mp4'}",fbY4O04uunE,https://www.youtube.com/watch?v=fbY4O04uunE
clk6lapp7003e3n6lnpqtai54,325,right side,,Abnormal Gait,stroke,"{'top': 20.93617021276596, 'left': 217.70921985815602, 'height': 339.0496453900709, 'width': 164.21985815602835}","{'height': 360, 'width': 640, 'mime_type': 'video/mp4'}",fbY4O04uunE,https://www.youtube.com/watch?v=fbY4O04uunE
clk6lapp7003e3n6lnpqtai54,326,right side,,Abnormal Gait,stroke,"{'top': 21.0, 'left': 218.0, 'height': 339.0, 'width': 164.0}","{'height': 360, 'width': 640, 'mime_type': 'video/mp4'}",fbY4O04uunE,https://www.youtube.com/watch?v=fbY4O04uunE
clk6lapp7003e3n6lnpqtai54,327,right side,,Abnormal Gait,stroke,"{'top': 21.058823529411764, 'left': 217.98529411764707, 'height': 338.94117647058823, 'width': 163.95588235294116}","{'height': 360, 'width': 640, 'mime_type': 'video/mp4'}",fbY4O04uunE,https://www.youtube.com/watch?v=fbY4O04uunE
clk6lapp7003e3n6lnpqtai54,328,right side,,Abnormal Gait,stroke,"{'top': 21.11764705882353, 'left': 217.97058823529412, 'height': 338.88235294117646, 'width': 163.91176470588235}","{'height': 360, 'width': 640, 'mime_type': 'video/mp4'}",fbY4O04uunE,https://www.youtube.com/watch?v=fbY4O04uunE
clk6lapp7003e3n6lnpqtai54,329,right side,,Abnormal Gait,stroke,"{'top': 21.176470588235293, 'left': 217.9558823529412, 'height': 338.8235294117647, 'width': 163.8676470588235}","{'height': 360, 'width': 640, 'mime_type': 'video/mp4'}",fbY4O04uunE,https://www.youtube.com/watch?v=fbY4O04uunE
clk6lapp7003e3n6lnpqtai54,330,right side,,Abnormal Gait,stroke,"{'top': 21.235294117647058, 'left': 217.94117647058823, 'height': 338.7647058823529, 'width': 163.8235294117647}","{'height': 360, 'width': 640, 'mime_type': 'video/mp4'}",fbY4O04uunE,https://www.youtube.com/watch?v=fbY4O04uunE
clk6lapp7003e3n6lnpqtai54,331,right side,,Abnormal Gait,stroke,"{'top': 21.294117647058822, 'left': 217.9264705882353, 'height': 338.70588235294116, 'width': 163.77941176470586}","{'height': 360, 'width': 640, 'mime_type': 'video/mp4'}",fbY4O04uunE,https://www.youtube.com/watch?v=fbY4O04uunE
clk6lapp7003e3n6lnpqtai54,332,right side,,Abnormal Gait,stroke,"{'top': 21.352941176470587, 'left': 217.91176470588235, 'height': 338.6470588235294, 'width': 163.73529411764704}","{'height': 360, 'width': 640, 'mime_type': 'video/mp4'}",fbY4O04uunE,https://www.youtube.com/watch?v=fbY4O04uunE
clk6lapp7003e3n6lnpqtai54,333,right side,,Abnormal Gait,stroke,"{'top': 21.41176470588235, 'left': 217.89705882352942, 'height': 338.5882352941176, 'width': 163.6911764705882}","{'height': 360, 'width': 640, 'mime_type': 'video/mp4'}",fbY4O04uunE,https://www.youtube.com/watch?v=fbY4O04uunE
clk6lapp7003e3n6lnpqtai54,334,right side,,Abnormal Gait,stroke,"{'top': 21.470588235294116, 'left': 217.88235294117646, 'height': 338.52941176470586, 'width': 163.6470588235294}","{'height': 360, 'width': 640, 'mime_type': 'video/mp4'}",fbY4O04uunE,https://www.youtube.com/watch?v=fbY4O04uunE
clk6lapp7003e3n6lnpqtai54,335,right side,,Abnormal Gait,stroke,"{'top': 21.529411764705884, 'left': 217.86764705882354, 'height': 338.47058823529414, 'width': 163.6029411764706}","{'height': 360, 'width': 640, 'mime_type': 'video/mp4'}",fbY4O04uunE,https://www.youtube.com/watch?v=fbY4O04uunE
clk6lapp7003e3n6lnpqtai54,336,right side,,Abnormal Gait,stroke,"{'top': 21.58823529411765, 'left': 217.85294117647058, 'height': 338.4117647058824, 'width': 163.5588235294118}","{'height': 360, 'width': 640, 'mime_type': 'video/mp4'}",fbY4O04uunE,https://www.youtube.com/watch?v=fbY4O04uunE
clk6lapp7003e3n6lnpqtai54,337,right side,,Abnormal Gait,stroke,"{'top': 21.647058823529413, 'left': 217.83823529411765, 'height': 338.3529411764706, 'width': 163.51470588235296}","{'height': 360, 'width': 640, 'mime_type': 'video/mp4'}",fbY4O04uunE,https://www.youtube.com/watch?v=fbY4O04uunE
clk6lapp7003e3n6lnpqtai54,338,right side,,Abnormal Gait,stroke,"{'top': 21.705882352941178, 'left': 217.8235294117647, 'height': 338.29411764705884, 'width': 163.47058823529414}","{'height': 360, 'width': 640, 'mime_type': 'video/mp4'}",fbY4O04uunE,https://www.youtube.com/watch?v=fbY4O04uunE
clk6lapp7003e3n6lnpqtai54,339,right side,,Abnormal Gait,stroke,"{'top': 21.764705882352942, 'left': 217.80882352941177, 'height': 338.2352941176471, 'width': 163.4264705882353}","{'height': 360, 'width': 640, 'mime_type': 'video/mp4'}",fbY4O04uunE,https://www.youtube.com/watch?v=fbY4O04uunE
clk6lapp7003e3n6lnpqtai54,340,right side,,Abnormal Gait,stroke,"{'top': 21.823529411764707, 'left': 217.7941176470588, 'height': 338.1764705882353, 'width': 163.3823529411765}","{'height': 360, 'width': 640, 'mime_type': 'video/mp4'}",fbY4O04uunE,https://www.youtube.com/watch?v=fbY4O04uunE
clk6lapp7003e3n6lnpqtai54,341,right side,,Abnormal Gait,stroke,"{'top': 21.88235294117647, 'left': 217.77941176470588, 'height': 338.11764705882354, 'width': 163.33823529411765}","{'height': 360, 'width': 640, 'mime_type': 'video/mp4'}",fbY4O04uunE,https://www.youtube.com/watch?v=fbY4O04uunE
clk6lapp7003e3n6lnpqtai54,342,right side,,Abnormal Gait,stroke,"{'top': 21.941176470588236, 'left': 217.76470588235293, 'height': 338.05882352941177, 'width': 163.29411764705884}","{'height': 360, 'width': 640, 'mime_type': 'video/mp4'}",fbY4O04uunE,https://www.youtube.com/watch?v=fbY4O04uunE
clk6lapp7003e3n6lnpqtai54,343,right side,,Abnormal Gait,stroke,"{'top': 22.0, 'left': 217.75, 'height': 338.0, 'width': 163.25}","{'height': 360, 'width': 640, 'mime_type': 'video/mp4'}",fbY4O04uunE,https://www.youtube.com/watch?v=fbY4O04uunE
clk6lapp7003e3n6lnpqtai54,344,right side,,Abnormal Gait,stroke,"{'top': 22.058823529411764, 'left': 217.73529411764707, 'height': 337.94117647058823, 'width': 163.20588235294116}","{'height': 360, 'width': 640, 'mime_type': 'video/mp4'}",fbY4O04uunE,https://www.youtube.com/watch?v=fbY4O04uunE
clk6lapp7003e3n6lnpqtai54,345,right side,,Abnormal Gait,stroke,"{'top': 22.11764705882353, 'left': 217.72058823529412, 'height': 337.88235294117646, 'width': 163.16176470588235}","{'height': 360, 'width': 640, 'mime_type': 'video/mp4'}",fbY4O04uunE,https://www.youtube.com/watch?v=fbY4O04uunE
clk6lapp7003e3n6lnpqtai54,346,right side,,Abnormal Gait,stroke,"{'top': 22.176470588235293, 'left': 217.7058823529412, 'height': 337.8235294117647, 'width': 163.1176470588235}","{'height': 360, 'width': 640, 'mime_type': 'video/mp4'}",fbY4O04uunE,https://www.youtube.com/watch?v=fbY4O04uunE
clk6lapp7003e3n6lnpqtai54,347,right side,,Abnormal Gait,stroke,"{'top': 22.235294117647058, 'left': 217.69117647058823, 'height': 337.7647058823529, 'width': 163.0735294117647}","{'height': 360, 'width': 640, 'mime_type': 'video/mp4'}",fbY4O04uunE,https://www.youtube.com/watch?v=fbY4O04uunE
clk6lapp7003e3n6lnpqtai54,348,right side,,Abnormal Gait,stroke,"{'top': 22.294117647058822, 'left': 217.6764705882353, 'height': 337.70588235294116, 'width': 163.02941176470586}","{'height': 360, 'width': 640, 'mime_type': 'video/mp4'}",fbY4O04uunE,https://www.youtube.com/watch?v=fbY4O04uunE
clk6lapp7003e3n6lnpqtai54,349,right side,,Abnormal Gait,stroke,"{'top': 22.352941176470587, 'left': 217.66176470588235, 'height': 337.6470588235294, 'width': 162.98529411764704}","{'height': 360, 'width': 640, 'mime_type': 'video/mp4'}",fbY4O04uunE,https://www.youtube.com/watch?v=fbY4O04uunE
clk6lapp7003e3n6lnpqtai54,350,right side,,Abnormal Gait,stroke,"{'top': 22.41176470588235, 'left': 217.64705882352942, 'height': 337.5882352941176, 'width': 162.9411764705882}","{'height': 360, 'width': 640, 'mime_type': 'video/mp4'}",fbY4O04uunE,https://www.youtube.com/watch?v=fbY4O04uunE
clk6lapp7003e3n6lnpqtai54,351,right side,,Abnormal Gait,stroke,"{'top': 22.470588235294116, 'left': 217.63235294117646, 'height': 337.52941176470586, 'width': 162.8970588235294}","{'height': 360, 'width': 640, 'mime_type': 'video/mp4'}",fbY4O04uunE,https://www.youtube.com/watch?v=fbY4O04uunE
clk6lapp7003e3n6lnpqtai54,352,right side,,Abnormal Gait,stroke,"{'top': 22.529411764705884, 'left': 217.61764705882354, 'height': 337.47058823529414, 'width': 162.8529411764706}","{'height': 360, 'width': 640, 'mime_type': 'video/mp4'}",fbY4O04uunE,https://www.youtube.com/watch?v=fbY4O04uunE
clk6lapp7003e3n6lnpqtai54,353,right side,,Abnormal Gait,stroke,"{'top': 22.58823529411765, 'left': 217.60294117647058, 'height': 337.4117647058824, 'width': 162.8088235294118}","{'height': 360, 'width': 640, 'mime_type': 'video/mp4'}",fbY4O04uunE,https://www.youtube.com/watch?v=fbY4O04uunE
clk6lapp7003e3n6lnpqtai54,354,right side,,Abnormal Gait,stroke,"{'top': 22.647058823529413, 'left': 217.58823529411765, 'height': 337.3529411764706, 'width': 162.76470588235296}","{'height': 360, 'width': 640, 'mime_type': 'video/mp4'}",fbY4O04uunE,https://www.youtube.com/watch?v=fbY4O04uunE
clk6lapp7003e3n6lnpqtai54,355,right side,,Abnormal Gait,stroke,"{'top': 22.705882352941178, 'left': 217.5735294117647, 'height': 337.29411764705884, 'width': 162.72058823529414}","{'height': 360, 'width': 640, 'mime_type': 'video/mp4'}",fbY4O04uunE,https://www.youtube.com/watch?v=fbY4O04uunE
clk6lapp7003e3n6lnpqtai54,356,right side,,Abnormal Gait,stroke,"{'top': 22.764705882352942, 'left': 217.55882352941177, 'height': 337.2352941176471, 'width': 162.6764705882353}","{'height': 360, 'width': 640, 'mime_type': 'video/mp4'}",fbY4O04uunE,https://www.youtube.com/watch?v=fbY4O04uunE
clk6lapp7003e3n6lnpqtai54,357,right side,,Abnormal Gait,stroke,"{'top': 22.823529411764707, 'left': 217.5441176470588, 'height': 337.1764705882353, 'width': 162.6323529411765}","{'height': 360, 'width': 640, 'mime_type': 'video/mp4'}",fbY4O04uunE,https://www.youtube.com/watch?v=fbY4O04uunE
clk6lapp7003e3n6lnpqtai54,358,right side,,Abnormal Gait,stroke,"{'top': 22.88235294117647, 'left': 217.52941176470588, 'height': 337.11764705882354, 'width': 162.58823529411765}","{'height': 360, 'width': 640, 'mime_type': 'video/mp4'}",fbY4O04uunE,https://www.youtube.com/watch?v=fbY4O04uunE
clk6lapp7003e3n6lnpqtai54,359,right side,,Abnormal Gait,stroke,"{'top': 22.941176470588236, 'left': 217.51470588235293, 'height': 337.05882352941177, 'width': 162.54411764705884}","{'height': 360, 'width': 640, 'mime_type': 'video/mp4'}",fbY4O04uunE,https://www.youtube.com/watch?v=fbY4O04uunE
clk6lapp7003e3n6lnpqtai54,360,right side,,Abnormal Gait,stroke,"{'top': 23.0, 'left': 217.5, 'height': 337.0, 'width': 162.5}","{'height': 360, 'width': 640, 'mime_type': 'video/mp4'}",fbY4O04uunE,https://www.youtube.com/watch?v=fbY4O04uunE
clk6lapp7003e3n6lnpqtai54,361,right side,,Abnormal Gait,stroke,"{'top': 23.058823529411764, 'left': 217.48529411764707, 'height': 336.94117647058823, 'width': 162.45588235294116}","{'height': 360, 'width': 640, 'mime_type': 'video/mp4'}",fbY4O04uunE,https://www.youtube.com/watch?v=fbY4O04uunE
clk6lapp7003e3n6lnpqtai54,362,right side,,Abnormal Gait,stroke,"{'top': 23.11764705882353, 'left': 217.47058823529412, 'height': 336.88235294117646, 'width': 162.41176470588235}","{'height': 360, 'width': 640, 'mime_type': 'video/mp4'}",fbY4O04uunE,https://www.youtube.com/watch?v=fbY4O04uunE
clk6lapp7003e3n6lnpqtai54,363,right side,,Abnormal Gait,stroke,"{'top': 23.176470588235293, 'left': 217.4558823529412, 'height': 336.8235294117647, 'width': 162.3676470588235}","{'height': 360, 'width': 640, 'mime_type': 'video/mp4'}",fbY4O04uunE,https://www.youtube.com/watch?v=fbY4O04uunE
clk6lapp7003e3n6lnpqtai54,364,right side,,Abnormal Gait,stroke,"{'top': 23.235294117647058, 'left': 217.44117647058823, 'height': 336.7647058823529, 'width': 162.3235294117647}","{'height': 360, 'width': 640, 'mime_type': 'video/mp4'}",fbY4O04uunE,https://www.youtube.com/watch?v=fbY4O04uunE
clk6lapp7003e3n6lnpqtai54,365,right side,,Abnormal Gait,stroke,"{'top': 23.294117647058822, 'left': 217.4264705882353, 'height': 336.70588235294116, 'width': 162.27941176470586}","{'height': 360, 'width': 640, 'mime_type': 'video/mp4'}",fbY4O04uunE,https://www.youtube.com/watch?v=fbY4O04uunE
clk6lapp7003e3n6lnpqtai54,366,right side,,Abnormal Gait,stroke,"{'top': 23.352941176470587, 'left': 217.41176470588235, 'height': 336.6470588235294, 'width': 162.23529411764704}","{'height': 360, 'width': 640, 'mime_type': 'video/mp4'}",fbY4O04uunE,https://www.youtube.com/watch?v=fbY4O04uunE
clk6lapp7003e3n6lnpqtai54,367,right side,,Abnormal Gait,stroke,"{'top': 23.41176470588235, 'left': 217.39705882352942, 'height': 336.5882352941176, 'width': 162.1911764705882}","{'height': 360, 'width': 640, 'mime_type': 'video/mp4'}",fbY4O04uunE,https://www.youtube.com/watch?v=fbY4O04uunE
clk6lapp7003e3n6lnpqtai54,368,right side,,Abnormal Gait,stroke,"{'top': 23.470588235294116, 'left': 217.38235294117646, 'height': 336.52941176470586, 'width': 162.1470588235294}","{'height': 360, 'width': 640, 'mime_type': 'video/mp4'}",fbY4O04uunE,https://www.youtube.com/watch?v=fbY4O04uunE
clk6lapp7003e3n6lnpqtai54,369,right side,,Abnormal Gait,stroke,"{'top': 23.529411764705884, 'left': 217.36764705882354, 'height': 336.47058823529414, 'width': 162.1029411764706}","{'height': 360, 'width': 640, 'mime_type': 'video/mp4'}",fbY4O04uunE,https://www.youtube.com/watch?v=fbY4O04uunE
clk6lapp7003e3n6lnpqtai54,370,right side,,Abnormal Gait,stroke,"{'top': 23.58823529411765, 'left': 217.35294117647058, 'height': 336.4117647058824, 'width': 162.0588235294118}","{'height': 360, 'width': 640, 'mime_type': 'video/mp4'}",fbY4O04uunE,https://www.youtube.com/watch?v=fbY4O04uunE
clk6lapp7003e3n6lnpqtai54,371,right side,,Abnormal Gait,stroke,"{'top': 23.647058823529413, 'left': 217.33823529411765, 'height': 336.3529411764706, 'width': 162.01470588235296}","{'height': 360, 'width': 640, 'mime_type': 'video/mp4'}",fbY4O04uunE,https://www.youtube.com/watch?v=fbY4O04uunE
clk6lapp7003e3n6lnpqtai54,372,right side,,Abnormal Gait,stroke,"{'top': 23.705882352941178, 'left': 217.3235294117647, 'height': 336.29411764705884, 'width': 161.97058823529414}","{'height': 360, 'width': 640, 'mime_type': 'video/mp4'}",fbY4O04uunE,https://www.youtube.com/watch?v=fbY4O04uunE
clk6lapp7003e3n6lnpqtai54,373,right side,,Abnormal Gait,stroke,"{'top': 23.764705882352942, 'left': 217.30882352941177, 'height': 336.2352941176471, 'width': 161.9264705882353}","{'height': 360, 'width': 640, 'mime_type': 'video/mp4'}",fbY4O04uunE,https://www.youtube.com/watch?v=fbY4O04uunE
clk6lapp7003e3n6lnpqtai54,374,right side,,Abnormal Gait,stroke,"{'top': 23.823529411764707, 'left': 217.2941176470588, 'height': 336.1764705882353, 'width': 161.8823529411765}","{'height': 360, 'width': 640, 'mime_type': 'video/mp4'}",fbY4O04uunE,https://www.youtube.com/watch?v=fbY4O04uunE
clk6lapp7003e3n6lnpqtai54,375,right side,,Abnormal Gait,stroke,"{'top': 23.88235294117647, 'left': 217.27941176470588, 'height': 336.11764705882354, 'width': 161.83823529411765}","{'height': 360, 'width': 640, 'mime_type': 'video/mp4'}",fbY4O04uunE,https://www.youtube.com/watch?v=fbY4O04uunE
clk6lapp7003e3n6lnpqtai54,376,right side,,Abnormal Gait,stroke,"{'top': 23.941176470588236, 'left': 217.26470588235293, 'height': 336.05882352941177, 'width': 161.79411764705884}","{'height': 360, 'width': 640, 'mime_type': 'video/mp4'}",fbY4O04uunE,https://www.youtube.com/watch?v=fbY4O04uunE
clk6lapp7003e3n6lnpqtai54,377,right side,,Abnormal Gait,stroke,"{'top': 24.0, 'left': 217.25, 'height': 336.0, 'width': 161.75}","{'height': 360, 'width': 640, 'mime_type': 'video/mp4'}",fbY4O04uunE,https://www.youtube.com/watch?v=fbY4O04uunE
clk6lapp7003e3n6lnpqtai54,378,right side,,Abnormal Gait,stroke,"{'top': 24.058823529411764, 'left': 217.23529411764707, 'height': 335.94117647058823, 'width': 161.70588235294116}","{'height': 360, 'width': 640, 'mime_type': 'video/mp4'}",fbY4O04uunE,https://www.youtube.com/watch?v=fbY4O04uunE
clk6lapp7003e3n6lnpqtai54,379,right side,,Abnormal Gait,stroke,"{'top': 24.11764705882353, 'left': 217.22058823529412, 'height': 335.88235294117646, 'width': 161.66176470588235}","{'height': 360, 'width': 640, 'mime_type': 'video/mp4'}",fbY4O04uunE,https://www.youtube.com/watch?v=fbY4O04uunE
clk6lapp7003e3n6lnpqtai54,380,right side,,Abnormal Gait,stroke,"{'top': 24.176470588235293, 'left': 217.2058823529412, 'height': 335.8235294117647, 'width': 161.6176470588235}","{'height': 360, 'width': 640, 'mime_type': 'video/mp4'}",fbY4O04uunE,https://www.youtube.com/watch?v=fbY4O04uunE
clk6lapp7003e3n6lnpqtai54,381,right side,,Abnormal Gait,stroke,"{'top': 24.235294117647058, 'left': 217.19117647058823, 'height': 335.7647058823529, 'width': 161.5735294117647}","{'height': 360, 'width': 640, 'mime_type': 'video/mp4'}",fbY4O04uunE,https://www.youtube.com/watch?v=fbY4O04uunE
clk6lapp7003e3n6lnpqtai54,382,right side,,Abnormal Gait,stroke,"{'top': 24.294117647058822, 'left': 217.1764705882353, 'height': 335.70588235294116, 'width': 161.52941176470586}","{'height': 360, 'width': 640, 'mime_type': 'video/mp4'}",fbY4O04uunE,https://www.youtube.com/watch?v=fbY4O04uunE
clk6lapp7003e3n6lnpqtai54,383,right side,,Abnormal Gait,stroke,"{'top': 24.352941176470587, 'left': 217.16176470588235, 'height': 335.6470588235294, 'width': 161.48529411764704}","{'height': 360, 'width': 640, 'mime_type': 'video/mp4'}",fbY4O04uunE,https://www.youtube.com/watch?v=fbY4O04uunE
clk6lapp7003e3n6lnpqtai54,384,right side,,Abnormal Gait,stroke,"{'top': 24.41176470588235, 'left': 217.14705882352942, 'height': 335.5882352941176, 'width': 161.4411764705882}","{'height': 360, 'width': 640, 'mime_type': 'video/mp4'}",fbY4O04uunE,https://www.youtube.com/watch?v=fbY4O04uunE
clk6lapp7003e3n6lnpqtai54,385,right side,,Abnormal Gait,stroke,"{'top': 24.470588235294116, 'left': 217.13235294117646, 'height': 335.52941176470586, 'width': 161.3970588235294}","{'height': 360, 'width': 640, 'mime_type': 'video/mp4'}",fbY4O04uunE,https://www.youtube.com/watch?v=fbY4O04uunE
clk6lapp7003e3n6lnpqtai54,386,right side,,Abnormal Gait,stroke,"{'top': 24.529411764705884, 'left': 217.11764705882354, 'height': 335.47058823529414, 'width': 161.3529411764706}","{'height': 360, 'width': 640, 'mime_type': 'video/mp4'}",fbY4O04uunE,https://www.youtube.com/watch?v=fbY4O04uunE
clk6lapp7003e3n6lnpqtai54,387,right side,,Abnormal Gait,stroke,"{'top': 24.58823529411765, 'left': 217.10294117647058, 'height': 335.4117647058824, 'width': 161.3088235294118}","{'height': 360, 'width': 640, 'mime_type': 'video/mp4'}",fbY4O04uunE,https://www.youtube.com/watch?v=fbY4O04uunE
clk6lapp7003e3n6lnpqtai54,388,right side,,Abnormal Gait,stroke,"{'top': 24.647058823529413, 'left': 217.08823529411765, 'height': 335.3529411764706, 'width': 161.26470588235296}","{'height': 360, 'width': 640, 'mime_type': 'video/mp4'}",fbY4O04uunE,https://www.youtube.com/watch?v=fbY4O04uunE
clk6lapp7003e3n6lnpqtai54,389,right side,,Abnormal Gait,stroke,"{'top': 24.705882352941178, 'left': 217.0735294117647, 'height': 335.29411764705884, 'width': 161.22058823529414}","{'height': 360, 'width': 640, 'mime_type': 'video/mp4'}",fbY4O04uunE,https://www.youtube.com/watch?v=fbY4O04uunE
clk6lapp7003e3n6lnpqtai54,390,right side,,Abnormal Gait,stroke,"{'top': 24.764705882352942, 'left': 217.05882352941177, 'height': 335.2352941176471, 'width': 161.1764705882353}","{'height': 360, 'width': 640, 'mime_type': 'video/mp4'}",fbY4O04uunE,https://www.youtube.com/watch?v=fbY4O04uunE
clk6lapp7003e3n6lnpqtai54,391,right side,,Abnormal Gait,stroke,"{'top': 24.823529411764707, 'left': 217.0441176470588, 'height': 335.1764705882353, 'width': 161.1323529411765}","{'height': 360, 'width': 640, 'mime_type': 'video/mp4'}",fbY4O04uunE,https://www.youtube.com/watch?v=fbY4O04uunE
clk6lapp7003e3n6lnpqtai54,392,right side,,Abnormal Gait,stroke,"{'top': 24.88235294117647, 'left': 217.02941176470588, 'height': 335.11764705882354, 'width': 161.08823529411765}","{'height': 360, 'width': 640, 'mime_type': 'video/mp4'}",fbY4O04uunE,https://www.youtube.com/watch?v=fbY4O04uunE
clk6lapp7003e3n6lnpqtai54,393,right side,,Abnormal Gait,stroke,"{'top': 24.941176470588236, 'left': 217.01470588235293, 'height': 335.05882352941177, 'width': 161.04411764705884}","{'height': 360, 'width': 640, 'mime_type': 'video/mp4'}",fbY4O04uunE,https://www.youtube.com/watch?v=fbY4O04uunE
clk6lapp7003e3n6lnpqtai54,394,right side,,Abnormal Gait,stroke,"{'top': 25.0, 'left': 217.0, 'height': 335.0, 'width': 161.0}","{'height': 360, 'width': 640, 'mime_type': 'video/mp4'}",fbY4O04uunE,https://www.youtube.com/watch?v=fbY4O04uunE
clk6lapp7003e3n6lnpqtai54,395,right side,,Abnormal Gait,stroke,"{'top': 25.0, 'left': 214.25, 'height': 334.75, 'width': 163.75}","{'height': 360, 'width': 640, 'mime_type': 'video/mp4'}",fbY4O04uunE,https://www.youtube.com/watch?v=fbY4O04uunE
clk6lapp7003e3n6lnpqtai54,396,right side,,Abnormal Gait,stroke,"{'top': 25.0, 'left': 211.5, 'height': 334.5, 'width': 166.5}","{'height': 360, 'width': 640, 'mime_type': 'video/mp4'}",fbY4O04uunE,https://www.youtube.com/watch?v=fbY4O04uunE
clk6lapp7003e3n6lnpqtai54,397,right side,,Abnormal Gait,stroke,"{'top': 25.0, 'left': 208.75, 'height': 334.25, 'width': 169.25}","{'height': 360, 'width': 640, 'mime_type': 'video/mp4'}",fbY4O04uunE,https://www.youtube.com/watch?v=fbY4O04uunE
clk6lapp7003e3n6lnpqtai54,398,right side,,Abnormal Gait,stroke,"{'top': 25.0, 'left': 206.0, 'height': 334.0, 'width': 172.0}","{'height': 360, 'width': 640, 'mime_type': 'video/mp4'}",fbY4O04uunE,https://www.youtube.com/watch?v=fbY4O04uunE
clk6lapp7003e3n6lnpqtai54,399,right side,,Abnormal Gait,stroke,"{'top': 25.105263157894736, 'left': 207.21052631578948, 'height': 333.9473684210526, 'width': 171.78947368421052}","{'height': 360, 'width': 640, 'mime_type': 'video/mp4'}",fbY4O04uunE,https://www.youtube.com/watch?v=fbY4O04uunE
clk6lapp7003e3n6lnpqtai54,400,right side,,Abnormal Gait,stroke,"{'top': 25.210526315789473, 'left': 208.42105263157896, 'height': 333.89473684210526, 'width': 171.57894736842104}","{'height': 360, 'width': 640, 'mime_type': 'video/mp4'}",fbY4O04uunE,https://www.youtube.com/watch?v=fbY4O04uunE
clk6lapp7003e3n6lnpqtai54,401,right side,,Abnormal Gait,stroke,"{'top': 25.31578947368421, 'left': 209.6315789473684, 'height': 333.84210526315786, 'width': 171.3684210526316}","{'height': 360, 'width': 640, 'mime_type': 'video/mp4'}",fbY4O04uunE,https://www.youtube.com/watch?v=fbY4O04uunE
clk6lapp7003e3n6lnpqtai54,402,right side,,Abnormal Gait,stroke,"{'top': 25.42105263157895, 'left': 210.8421052631579, 'height': 333.7894736842105, 'width': 171.1578947368421}","{'height': 360, 'width': 640, 'mime_type': 'video/mp4'}",fbY4O04uunE,https://www.youtube.com/watch?v=fbY4O04uunE
clk6lapp7003e3n6lnpqtai54,403,right side,,Abnormal Gait,stroke,"{'top': 25.526315789473685, 'left': 212.05263157894737, 'height': 333.7368421052631, 'width': 170.94736842105263}","{'height': 360, 'width': 640, 'mime_type': 'video/mp4'}",fbY4O04uunE,https://www.youtube.com/watch?v=fbY4O04uunE
clk6lapp7003e3n6lnpqtai54,404,right side,,Abnormal Gait,stroke,"{'top': 25.63157894736842, 'left': 213.26315789473685, 'height': 333.6842105263158, 'width': 170.73684210526315}","{'height': 360, 'width': 640, 'mime_type': 'video/mp4'}",fbY4O04uunE,https://www.youtube.com/watch?v=fbY4O04uunE
clk6lapp7003e3n6lnpqtai54,405,right side,,Abnormal Gait,stroke,"{'top': 25.736842105263158, 'left': 214.4736842105263, 'height': 333.6315789473684, 'width': 170.5263157894737}","{'height': 360, 'width': 640, 'mime_type': 'video/mp4'}",fbY4O04uunE,https://www.youtube.com/watch?v=fbY4O04uunE
clk6lapp7003e3n6lnpqtai54,406,right side,,Abnormal Gait,stroke,"{'top': 25.842105263157894, 'left': 215.68421052631578, 'height': 333.57894736842104, 'width': 170.31578947368422}","{'height': 360, 'width': 640, 'mime_type': 'video/mp4'}",fbY4O04uunE,https://www.youtube.com/watch?v=fbY4O04uunE
clk6lapp7003e3n6lnpqtai54,407,right side,,Abnormal Gait,stroke,"{'top': 25.94736842105263, 'left': 216.89473684210526, 'height': 333.52631578947364, 'width': 170.10526315789474}","{'height': 360, 'width': 640, 'mime_type': 'video/mp4'}",fbY4O04uunE,https://www.youtube.com/watch?v=fbY4O04uunE
clk6lapp7003e3n6lnpqtai54,408,right side,,Abnormal Gait,stroke,"{'top': 26.05263157894737, 'left': 218.10526315789474, 'height': 333.47368421052636, 'width': 169.89473684210526}","{'height': 360, 'width': 640, 'mime_type': 'video/mp4'}",fbY4O04uunE,https://www.youtube.com/watch?v=fbY4O04uunE
clk6lapp7003e3n6lnpqtai54,409,right side,,Abnormal Gait,stroke,"{'top': 26.157894736842106, 'left': 219.31578947368422, 'height': 333.42105263157896, 'width': 169.68421052631578}","{'height': 360, 'width': 640, 'mime_type': 'video/mp4'}",fbY4O04uunE,https://www.youtube.com/watch?v=fbY4O04uunE
clk6lapp7003e3n6lnpqtai54,410,right side,,Abnormal Gait,stroke,"{'top': 26.263157894736842, 'left': 220.52631578947367, 'height': 333.3684210526316, 'width': 169.47368421052633}","{'height': 360, 'width': 640, 'mime_type': 'video/mp4'}",fbY4O04uunE,https://www.youtube.com/watch?v=fbY4O04uunE
clk6lapp7003e3n6lnpqtai54,411,right side,,Abnormal Gait,stroke,"{'top': 26.36842105263158, 'left': 221.73684210526315, 'height': 333.3157894736842, 'width': 169.26315789473685}","{'height': 360, 'width': 640, 'mime_type': 'video/mp4'}",fbY4O04uunE,https://www.youtube.com/watch?v=fbY4O04uunE
clk6lapp7003e3n6lnpqtai54,412,right side,,Abnormal Gait,stroke,"{'top': 26.473684210526315, 'left': 222.94736842105263, 'height': 333.2631578947369, 'width': 169.05263157894737}","{'height': 360, 'width': 640, 'mime_type': 'video/mp4'}",fbY4O04uunE,https://www.youtube.com/watch?v=fbY4O04uunE
clk6lapp7003e3n6lnpqtai54,413,right side,,Abnormal Gait,stroke,"{'top': 26.57894736842105, 'left': 224.1578947368421, 'height': 333.2105263157895, 'width': 168.8421052631579}","{'height': 360, 'width': 640, 'mime_type': 'video/mp4'}",fbY4O04uunE,https://www.youtube.com/watch?v=fbY4O04uunE
clk6lapp7003e3n6lnpqtai54,414,right side,,Abnormal Gait,stroke,"{'top': 26.684210526315788, 'left': 225.3684210526316, 'height': 333.15789473684214, 'width': 168.6315789473684}","{'height': 360, 'width': 640, 'mime_type': 'video/mp4'}",fbY4O04uunE,https://www.youtube.com/watch?v=fbY4O04uunE
clk6lapp7003e3n6lnpqtai54,415,right side,,Abnormal Gait,stroke,"{'top': 26.789473684210527, 'left': 226.57894736842104, 'height': 333.10526315789474, 'width': 168.42105263157896}","{'height': 360, 'width': 640, 'mime_type': 'video/mp4'}",fbY4O04uunE,https://www.youtube.com/watch?v=fbY4O04uunE
clk6lapp7003e3n6lnpqtai54,416,right side,,Abnormal Gait,stroke,"{'top': 26.894736842105264, 'left': 227.78947368421052, 'height': 333.0526315789474, 'width': 168.21052631578948}","{'height': 360, 'width': 640, 'mime_type': 'video/mp4'}",fbY4O04uunE,https://www.youtube.com/watch?v=fbY4O04uunE
clk6lapp7003e3n6lnpqtai54,417,right side,,Abnormal Gait,stroke,"{'top': 27.0, 'left': 229.0, 'height': 333.0, 'width': 168.0}","{'height': 360, 'width': 640, 'mime_type': 'video/mp4'}",fbY4O04uunE,https://www.youtube.com/watch?v=fbY4O04uunE
clk6lapp7003e3n6lnpqtai54,418,right side,,Abnormal Gait,stroke,"{'top': 27.083333333333332, 'left': 230.25, 'height': 332.9166666666667, 'width': 167.25}","{'height': 360, 'width': 640, 'mime_type': 'video/mp4'}",fbY4O04uunE,https://www.youtube.com/watch?v=fbY4O04uunE
clk6lapp7003e3n6lnpqtai54,419,right side,,Abnormal Gait,stroke,"{'top': 27.166666666666668, 'left': 231.5, 'height': 332.8333333333333, 'width': 166.5}","{'height': 360, 'width': 640, 'mime_type': 'video/mp4'}",fbY4O04uunE,https://www.youtube.com/watch?v=fbY4O04uunE
clk6lapp7003e3n6lnpqtai54,420,right side,,Abnormal Gait,stroke,"{'top': 27.25, 'left': 232.75, 'height': 332.75, 'width': 165.75}","{'height': 360, 'width': 640, 'mime_type': 'video/mp4'}",fbY4O04uunE,https://www.youtube.com/watch?v=fbY4O04uunE
clk6lapp7003e3n6lnpqtai54,421,right side,,Abnormal Gait,stroke,"{'top': 27.333333333333332, 'left': 234.0, 'height': 332.6666666666667, 'width': 165.0}","{'height': 360, 'width': 640, 'mime_type': 'video/mp4'}",fbY4O04uunE,https://www.youtube.com/watch?v=fbY4O04uunE
clk6lapp7003e3n6lnpqtai54,422,right side,,Abnormal Gait,stroke,"{'top': 27.416666666666668, 'left': 235.25, 'height': 332.5833333333333, 'width': 164.25}","{'height': 360, 'width': 640, 'mime_type': 'video/mp4'}",fbY4O04uunE,https://www.youtube.com/watch?v=fbY4O04uunE
clk6lapp7003e3n6lnpqtai54,423,right side,,Abnormal Gait,stroke,"{'top': 27.5, 'left': 236.5, 'height': 332.5, 'width': 163.5}","{'height': 360, 'width': 640, 'mime_type': 'video/mp4'}",fbY4O04uunE,https://www.youtube.com/watch?v=fbY4O04uunE
clk6lapp7003e3n6lnpqtai54,424,right side,,Abnormal Gait,stroke,"{'top': 27.583333333333332, 'left': 237.75, 'height': 332.4166666666667, 'width': 162.75}","{'height': 360, 'width': 640, 'mime_type': 'video/mp4'}",fbY4O04uunE,https://www.youtube.com/watch?v=fbY4O04uunE
clk6lapp7003e3n6lnpqtai54,425,right side,,Abnormal Gait,stroke,"{'top': 27.666666666666668, 'left': 239.0, 'height': 332.3333333333333, 'width': 162.0}","{'height': 360, 'width': 640, 'mime_type': 'video/mp4'}",fbY4O04uunE,https://www.youtube.com/watch?v=fbY4O04uunE
clk6lapp7003e3n6lnpqtai54,426,right side,,Abnormal Gait,stroke,"{'top': 27.75, 'left': 240.25, 'height': 332.25, 'width': 161.25}","{'height': 360, 'width': 640, 'mime_type': 'video/mp4'}",fbY4O04uunE,https://www.youtube.com/watch?v=fbY4O04uunE
clk6lapp7003e3n6lnpqtai54,427,right side,,Abnormal Gait,stroke,"{'top': 27.833333333333332, 'left': 241.5, 'height': 332.1666666666667, 'width': 160.5}","{'height': 360, 'width': 640, 'mime_type': 'video/mp4'}",fbY4O04uunE,https://www.youtube.com/watch?v=fbY4O04uunE
clk6lapp7003e3n6lnpqtai54,428,right side,,Abnormal Gait,stroke,"{'top': 27.916666666666668, 'left': 242.75, 'height': 332.0833333333333, 'width': 159.75}","{'height': 360, 'width': 640, 'mime_type': 'video/mp4'}",fbY4O04uunE,https://www.youtube.com/watch?v=fbY4O04uunE
clk6lapp7003e3n6lnpqtai54,429,right side,,Abnormal Gait,stroke,"{'top': 28.0, 'left': 244.0, 'height': 332.0, 'width': 159.0}","{'height': 360, 'width': 640, 'mime_type': 'video/mp4'}",fbY4O04uunE,https://www.youtube.com/watch?v=fbY4O04uunE
clk6lapp7003e3n6lnpqtai54,430,right side,,Abnormal Gait,stroke,"{'top': 28.0, 'left': 245.33333333333334, 'height': 332.0, 'width': 157.66666666666666}","{'height': 360, 'width': 640, 'mime_type': 'video/mp4'}",fbY4O04uunE,https://www.youtube.com/watch?v=fbY4O04uunE
clk6lapp7003e3n6lnpqtai54,431,right side,,Abnormal Gait,stroke,"{'top': 28.0, 'left': 246.66666666666666, 'height': 332.0, 'width': 156.33333333333334}","{'height': 360, 'width': 640, 'mime_type': 'video/mp4'}",fbY4O04uunE,https://www.youtube.com/watch?v=fbY4O04uunE
clk6lapp7003e3n6lnpqtai54,432,right side,,Abnormal Gait,stroke,"{'top': 28.0, 'left': 248.0, 'height': 332.0, 'width': 155.0}","{'height': 360, 'width': 640, 'mime_type': 'video/mp4'}",fbY4O04uunE,https://www.youtube.com/watch?v=fbY4O04uunE
clk6lapp7003e3n6lnpqtai54,433,right side,,Abnormal Gait,stroke,"{'top': 28.0, 'left': 249.0, 'height': 313.0, 'width': 127.0}","{'height': 360, 'width': 640, 'mime_type': 'video/mp4'}",fbY4O04uunE,https://www.youtube.com/watch?v=fbY4O04uunE
