seq,frame_num,cam_view,gait_event,dataset,gait_pat,bbox,vid_info,id,url
clk6ldflp00423n6l9q27b78p,4742,front,,Abnormal Gait,stroke,"{'top': 34.0, 'left': 186.0, 'height': 293.0, 'width': 125.0}","{'height': 360, 'width': 640, 'mime_type': 'video/mp4'}",fbY4O04uunE,https://www.youtube.com/watch?v=fbY4O04uunE
clk6ldflp00423n6l9q27b78p,4743,front,,Abnormal Gait,stroke,"{'top': 34.0, 'left': 185.65934065934067, 'height': 293.3076923076923, 'width': 125.34065934065933}","{'height': 360, 'width': 640, 'mime_type': 'video/mp4'}",fbY4O04uunE,https://www.youtube.com/watch?v=fbY4O04uunE
clk6ldflp00423n6l9q27b78p,4744,front,,Abnormal Gait,stroke,"{'top': 34.0, 'left': 185.3186813186813, 'height': 293.61538461538464, 'width': 125.68131868131869}","{'height': 360, 'width': 640, 'mime_type': 'video/mp4'}",fbY4O04uunE,https://www.youtube.com/watch?v=fbY4O04uunE
clk6ldflp00423n6l9q27b78p,4745,front,,Abnormal Gait,stroke,"{'top': 34.0, 'left': 184.97802197802199, 'height': 293.9230769230769, 'width': 126.02197802197801}","{'height': 360, 'width': 640, 'mime_type': 'video/mp4'}",fbY4O04uunE,https://www.youtube.com/watch?v=fbY4O04uunE
clk6ldflp00423n6l9q27b78p,4746,front,,Abnormal Gait,stroke,"{'top': 34.0, 'left': 184.63736263736263, 'height': 294.2307692307692, 'width': 126.36263736263737}","{'height': 360, 'width': 640, 'mime_type': 'video/mp4'}",fbY4O04uunE,https://www.youtube.com/watch?v=fbY4O04uunE
clk6ldflp00423n6l9q27b78p,4747,front,,Abnormal Gait,stroke,"{'top': 34.0, 'left': 184.2967032967033, 'height': 294.53846153846155, 'width': 126.7032967032967}","{'height': 360, 'width': 640, 'mime_type': 'video/mp4'}",fbY4O04uunE,https://www.youtube.com/watch?v=fbY4O04uunE
clk6ldflp00423n6l9q27b78p,4748,front,,Abnormal Gait,stroke,"{'top': 34.0, 'left': 183.95604395604397, 'height': 294.84615384615387, 'width': 127.04395604395603}","{'height': 360, 'width': 640, 'mime_type': 'video/mp4'}",fbY4O04uunE,https://www.youtube.com/watch?v=fbY4O04uunE
clk6ldflp00423n6l9q27b78p,4749,front,,Abnormal Gait,stroke,"{'top': 34.0, 'left': 183.6153846153846, 'height': 295.15384615384613, 'width': 127.38461538461539}","{'height': 360, 'width': 640, 'mime_type': 'video/mp4'}",fbY4O04uunE,https://www.youtube.com/watch?v=fbY4O04uunE
clk6ldflp00423n6l9q27b78p,4750,front,,Abnormal Gait,stroke,"{'top': 34.0, 'left': 183.27472527472528, 'height': 295.46153846153845, 'width': 127.72527472527472}","{'height': 360, 'width': 640, 'mime_type': 'video/mp4'}",fbY4O04uunE,https://www.youtube.com/watch?v=fbY4O04uunE
clk6ldflp00423n6l9q27b78p,4751,front,,Abnormal Gait,stroke,"{'top': 34.0, 'left': 182.93406593406593, 'height': 295.7692307692308, 'width': 128.06593406593407}","{'height': 360, 'width': 640, 'mime_type': 'video/mp4'}",fbY4O04uunE,https://www.youtube.com/watch?v=fbY4O04uunE
clk6ldflp00423n6l9q27b78p,4752,front,,Abnormal Gait,stroke,"{'top': 34.0, 'left': 182.5934065934066, 'height': 296.0769230769231, 'width': 128.4065934065934}","{'height': 360, 'width': 640, 'mime_type': 'video/mp4'}",fbY4O04uunE,https://www.youtube.com/watch?v=fbY4O04uunE
clk6ldflp00423n6l9q27b78p,4753,front,,Abnormal Gait,stroke,"{'top': 34.0, 'left': 182.25274725274724, 'height': 296.38461538461536, 'width': 128.74725274725276}","{'height': 360, 'width': 640, 'mime_type': 'video/mp4'}",fbY4O04uunE,https://www.youtube.com/watch?v=fbY4O04uunE
clk6ldflp00423n6l9q27b78p,4754,front,,Abnormal Gait,stroke,"{'top': 34.0, 'left': 181.9120879120879, 'height': 296.6923076923077, 'width': 129.0879120879121}","{'height': 360, 'width': 640, 'mime_type': 'video/mp4'}",fbY4O04uunE,https://www.youtube.com/watch?v=fbY4O04uunE
clk6ldflp00423n6l9q27b78p,4755,front,,Abnormal Gait,stroke,"{'top': 34.0, 'left': 181.57142857142858, 'height': 297.0, 'width': 129.42857142857142}","{'height': 360, 'width': 640, 'mime_type': 'video/mp4'}",fbY4O04uunE,https://www.youtube.com/watch?v=fbY4O04uunE
clk6ldflp00423n6l9q27b78p,4756,front,,Abnormal Gait,stroke,"{'top': 34.0, 'left': 181.23076923076923, 'height': 297.3076923076923, 'width': 129.76923076923077}","{'height': 360, 'width': 640, 'mime_type': 'video/mp4'}",fbY4O04uunE,https://www.youtube.com/watch?v=fbY4O04uunE
clk6ldflp00423n6l9q27b78p,4757,front,,Abnormal Gait,stroke,"{'top': 34.0, 'left': 180.8901098901099, 'height': 297.61538461538464, 'width': 130.1098901098901}","{'height': 360, 'width': 640, 'mime_type': 'video/mp4'}",fbY4O04uunE,https://www.youtube.com/watch?v=fbY4O04uunE
clk6ldflp00423n6l9q27b78p,4758,front,,Abnormal Gait,stroke,"{'top': 34.0, 'left': 180.54945054945054, 'height': 297.9230769230769, 'width': 130.45054945054946}","{'height': 360, 'width': 640, 'mime_type': 'video/mp4'}",fbY4O04uunE,https://www.youtube.com/watch?v=fbY4O04uunE
clk6ldflp00423n6l9q27b78p,4759,front,,Abnormal Gait,stroke,"{'top': 34.0, 'left': 180.2087912087912, 'height': 298.2307692307692, 'width': 130.7912087912088}","{'height': 360, 'width': 640, 'mime_type': 'video/mp4'}",fbY4O04uunE,https://www.youtube.com/watch?v=fbY4O04uunE
clk6ldflp00423n6l9q27b78p,4760,front,,Abnormal Gait,stroke,"{'top': 34.0, 'left': 179.86813186813185, 'height': 298.53846153846155, 'width': 131.13186813186815}","{'height': 360, 'width': 640, 'mime_type': 'video/mp4'}",fbY4O04uunE,https://www.youtube.com/watch?v=fbY4O04uunE
clk6ldflp00423n6l9q27b78p,4761,front,,Abnormal Gait,stroke,"{'top': 34.0, 'left': 179.52747252747253, 'height': 298.84615384615387, 'width': 131.47252747252747}","{'height': 360, 'width': 640, 'mime_type': 'video/mp4'}",fbY4O04uunE,https://www.youtube.com/watch?v=fbY4O04uunE
clk6ldflp00423n6l9q27b78p,4762,front,,Abnormal Gait,stroke,"{'top': 34.0, 'left': 179.1868131868132, 'height': 299.15384615384613, 'width': 131.8131868131868}","{'height': 360, 'width': 640, 'mime_type': 'video/mp4'}",fbY4O04uunE,https://www.youtube.com/watch?v=fbY4O04uunE
clk6ldflp00423n6l9q27b78p,4763,front,,Abnormal Gait,stroke,"{'top': 34.0, 'left': 178.84615384615384, 'height': 299.46153846153845, 'width': 132.15384615384616}","{'height': 360, 'width': 640, 'mime_type': 'video/mp4'}",fbY4O04uunE,https://www.youtube.com/watch?v=fbY4O04uunE
clk6ldflp00423n6l9q27b78p,4764,front,,Abnormal Gait,stroke,"{'top': 34.0, 'left': 178.5054945054945, 'height': 299.7692307692308, 'width': 132.4945054945055}","{'height': 360, 'width': 640, 'mime_type': 'video/mp4'}",fbY4O04uunE,https://www.youtube.com/watch?v=fbY4O04uunE
clk6ldflp00423n6l9q27b78p,4765,front,,Abnormal Gait,stroke,"{'top': 34.0, 'left': 178.16483516483515, 'height': 300.0769230769231, 'width': 132.83516483516485}","{'height': 360, 'width': 640, 'mime_type': 'video/mp4'}",fbY4O04uunE,https://www.youtube.com/watch?v=fbY4O04uunE
clk6ldflp00423n6l9q27b78p,4766,front,,Abnormal Gait,stroke,"{'top': 34.0, 'left': 177.82417582417582, 'height': 300.38461538461536, 'width': 133.17582417582418}","{'height': 360, 'width': 640, 'mime_type': 'video/mp4'}",fbY4O04uunE,https://www.youtube.com/watch?v=fbY4O04uunE
clk6ldflp00423n6l9q27b78p,4767,front,,Abnormal Gait,stroke,"{'top': 34.0, 'left': 177.4835164835165, 'height': 300.6923076923077, 'width': 133.5164835164835}","{'height': 360, 'width': 640, 'mime_type': 'video/mp4'}",fbY4O04uunE,https://www.youtube.com/watch?v=fbY4O04uunE
clk6ldflp00423n6l9q27b78p,4768,front,,Abnormal Gait,stroke,"{'top': 34.0, 'left': 177.14285714285714, 'height': 301.0, 'width': 133.85714285714286}","{'height': 360, 'width': 640, 'mime_type': 'video/mp4'}",fbY4O04uunE,https://www.youtube.com/watch?v=fbY4O04uunE
clk6ldflp00423n6l9q27b78p,4769,front,,Abnormal Gait,stroke,"{'top': 34.0, 'left': 176.8021978021978, 'height': 301.3076923076923, 'width': 134.1978021978022}","{'height': 360, 'width': 640, 'mime_type': 'video/mp4'}",fbY4O04uunE,https://www.youtube.com/watch?v=fbY4O04uunE
clk6ldflp00423n6l9q27b78p,4770,front,,Abnormal Gait,stroke,"{'top': 34.0, 'left': 176.46153846153845, 'height': 301.61538461538464, 'width': 134.53846153846155}","{'height': 360, 'width': 640, 'mime_type': 'video/mp4'}",fbY4O04uunE,https://www.youtube.com/watch?v=fbY4O04uunE
clk6ldflp00423n6l9q27b78p,4771,front,,Abnormal Gait,stroke,"{'top': 34.0, 'left': 176.12087912087912, 'height': 301.9230769230769, 'width': 134.87912087912088}","{'height': 360, 'width': 640, 'mime_type': 'video/mp4'}",fbY4O04uunE,https://www.youtube.com/watch?v=fbY4O04uunE
clk6ldflp00423n6l9q27b78p,4772,front,,Abnormal Gait,stroke,"{'top': 34.0, 'left': 175.7802197802198, 'height': 302.2307692307692, 'width': 135.2197802197802}","{'height': 360, 'width': 640, 'mime_type': 'video/mp4'}",fbY4O04uunE,https://www.youtube.com/watch?v=fbY4O04uunE
clk6ldflp00423n6l9q27b78p,4773,front,,Abnormal Gait,stroke,"{'top': 34.0, 'left': 175.43956043956044, 'height': 302.53846153846155, 'width': 135.56043956043956}","{'height': 360, 'width': 640, 'mime_type': 'video/mp4'}",fbY4O04uunE,https://www.youtube.com/watch?v=fbY4O04uunE
clk6ldflp00423n6l9q27b78p,4774,front,,Abnormal Gait,stroke,"{'top': 34.0, 'left': 175.0989010989011, 'height': 302.84615384615387, 'width': 135.9010989010989}","{'height': 360, 'width': 640, 'mime_type': 'video/mp4'}",fbY4O04uunE,https://www.youtube.com/watch?v=fbY4O04uunE
clk6ldflp00423n6l9q27b78p,4775,front,,Abnormal Gait,stroke,"{'top': 34.0, 'left': 174.75824175824175, 'height': 303.15384615384613, 'width': 136.24175824175825}","{'height': 360, 'width': 640, 'mime_type': 'video/mp4'}",fbY4O04uunE,https://www.youtube.com/watch?v=fbY4O04uunE
clk6ldflp00423n6l9q27b78p,4776,front,,Abnormal Gait,stroke,"{'top': 34.0, 'left': 174.41758241758242, 'height': 303.46153846153845, 'width': 136.58241758241758}","{'height': 360, 'width': 640, 'mime_type': 'video/mp4'}",fbY4O04uunE,https://www.youtube.com/watch?v=fbY4O04uunE
clk6ldflp00423n6l9q27b78p,4777,front,,Abnormal Gait,stroke,"{'top': 34.0, 'left': 174.07692307692307, 'height': 303.7692307692308, 'width': 136.92307692307693}","{'height': 360, 'width': 640, 'mime_type': 'video/mp4'}",fbY4O04uunE,https://www.youtube.com/watch?v=fbY4O04uunE
clk6ldflp00423n6l9q27b78p,4778,front,,Abnormal Gait,stroke,"{'top': 34.0, 'left': 173.73626373626374, 'height': 304.0769230769231, 'width': 137.26373626373626}","{'height': 360, 'width': 640, 'mime_type': 'video/mp4'}",fbY4O04uunE,https://www.youtube.com/watch?v=fbY4O04uunE
clk6ldflp00423n6l9q27b78p,4779,front,,Abnormal Gait,stroke,"{'top': 34.0, 'left': 173.3956043956044, 'height': 304.38461538461536, 'width': 137.6043956043956}","{'height': 360, 'width': 640, 'mime_type': 'video/mp4'}",fbY4O04uunE,https://www.youtube.com/watch?v=fbY4O04uunE
clk6ldflp00423n6l9q27b78p,4780,front,,Abnormal Gait,stroke,"{'top': 34.0, 'left': 173.05494505494505, 'height': 304.6923076923077, 'width': 137.94505494505495}","{'height': 360, 'width': 640, 'mime_type': 'video/mp4'}",fbY4O04uunE,https://www.youtube.com/watch?v=fbY4O04uunE
clk6ldflp00423n6l9q27b78p,4781,front,,Abnormal Gait,stroke,"{'top': 34.0, 'left': 172.71428571428572, 'height': 305.0, 'width': 138.28571428571428}","{'height': 360, 'width': 640, 'mime_type': 'video/mp4'}",fbY4O04uunE,https://www.youtube.com/watch?v=fbY4O04uunE
clk6ldflp00423n6l9q27b78p,4782,front,,Abnormal Gait,stroke,"{'top': 34.0, 'left': 172.37362637362637, 'height': 305.3076923076923, 'width': 138.62637362637363}","{'height': 360, 'width': 640, 'mime_type': 'video/mp4'}",fbY4O04uunE,https://www.youtube.com/watch?v=fbY4O04uunE
clk6ldflp00423n6l9q27b78p,4783,front,,Abnormal Gait,stroke,"{'top': 34.0, 'left': 172.03296703296704, 'height': 305.61538461538464, 'width': 138.96703296703296}","{'height': 360, 'width': 640, 'mime_type': 'video/mp4'}",fbY4O04uunE,https://www.youtube.com/watch?v=fbY4O04uunE
clk6ldflp00423n6l9q27b78p,4784,front,,Abnormal Gait,stroke,"{'top': 34.0, 'left': 171.69230769230768, 'height': 305.9230769230769, 'width': 139.30769230769232}","{'height': 360, 'width': 640, 'mime_type': 'video/mp4'}",fbY4O04uunE,https://www.youtube.com/watch?v=fbY4O04uunE
clk6ldflp00423n6l9q27b78p,4785,front,,Abnormal Gait,stroke,"{'top': 34.0, 'left': 171.35164835164835, 'height': 306.2307692307692, 'width': 139.64835164835165}","{'height': 360, 'width': 640, 'mime_type': 'video/mp4'}",fbY4O04uunE,https://www.youtube.com/watch?v=fbY4O04uunE
clk6ldflp00423n6l9q27b78p,4786,front,,Abnormal Gait,stroke,"{'top': 34.0, 'left': 171.01098901098902, 'height': 306.53846153846155, 'width': 139.98901098901098}","{'height': 360, 'width': 640, 'mime_type': 'video/mp4'}",fbY4O04uunE,https://www.youtube.com/watch?v=fbY4O04uunE
clk6ldflp00423n6l9q27b78p,4787,front,,Abnormal Gait,stroke,"{'top': 34.0, 'left': 170.67032967032966, 'height': 306.84615384615387, 'width': 140.32967032967034}","{'height': 360, 'width': 640, 'mime_type': 'video/mp4'}",fbY4O04uunE,https://www.youtube.com/watch?v=fbY4O04uunE
clk6ldflp00423n6l9q27b78p,4788,front,,Abnormal Gait,stroke,"{'top': 34.0, 'left': 170.32967032967034, 'height': 307.15384615384613, 'width': 140.67032967032966}","{'height': 360, 'width': 640, 'mime_type': 'video/mp4'}",fbY4O04uunE,https://www.youtube.com/watch?v=fbY4O04uunE
clk6ldflp00423n6l9q27b78p,4789,front,,Abnormal Gait,stroke,"{'top': 34.0, 'left': 169.98901098901098, 'height': 307.46153846153845, 'width': 141.01098901098902}","{'height': 360, 'width': 640, 'mime_type': 'video/mp4'}",fbY4O04uunE,https://www.youtube.com/watch?v=fbY4O04uunE
clk6ldflp00423n6l9q27b78p,4790,front,,Abnormal Gait,stroke,"{'top': 34.0, 'left': 169.64835164835165, 'height': 307.7692307692308, 'width': 141.35164835164835}","{'height': 360, 'width': 640, 'mime_type': 'video/mp4'}",fbY4O04uunE,https://www.youtube.com/watch?v=fbY4O04uunE
clk6ldflp00423n6l9q27b78p,4791,front,,Abnormal Gait,stroke,"{'top': 34.0, 'left': 169.30769230769232, 'height': 308.0769230769231, 'width': 141.69230769230768}","{'height': 360, 'width': 640, 'mime_type': 'video/mp4'}",fbY4O04uunE,https://www.youtube.com/watch?v=fbY4O04uunE
clk6ldflp00423n6l9q27b78p,4792,front,,Abnormal Gait,stroke,"{'top': 34.0, 'left': 168.96703296703296, 'height': 308.38461538461536, 'width': 142.03296703296704}","{'height': 360, 'width': 640, 'mime_type': 'video/mp4'}",fbY4O04uunE,https://www.youtube.com/watch?v=fbY4O04uunE
clk6ldflp00423n6l9q27b78p,4793,front,,Abnormal Gait,stroke,"{'top': 34.0, 'left': 168.62637362637363, 'height': 308.6923076923077, 'width': 142.37362637362637}","{'height': 360, 'width': 640, 'mime_type': 'video/mp4'}",fbY4O04uunE,https://www.youtube.com/watch?v=fbY4O04uunE
clk6ldflp00423n6l9q27b78p,4794,front,,Abnormal Gait,stroke,"{'top': 34.0, 'left': 168.28571428571428, 'height': 309.0, 'width': 142.71428571428572}","{'height': 360, 'width': 640, 'mime_type': 'video/mp4'}",fbY4O04uunE,https://www.youtube.com/watch?v=fbY4O04uunE
clk6ldflp00423n6l9q27b78p,4795,front,,Abnormal Gait,stroke,"{'top': 34.0, 'left': 167.94505494505495, 'height': 309.3076923076923, 'width': 143.05494505494505}","{'height': 360, 'width': 640, 'mime_type': 'video/mp4'}",fbY4O04uunE,https://www.youtube.com/watch?v=fbY4O04uunE
clk6ldflp00423n6l9q27b78p,4796,front,,Abnormal Gait,stroke,"{'top': 34.0, 'left': 167.60439560439562, 'height': 309.61538461538464, 'width': 143.39560439560438}","{'height': 360, 'width': 640, 'mime_type': 'video/mp4'}",fbY4O04uunE,https://www.youtube.com/watch?v=fbY4O04uunE
clk6ldflp00423n6l9q27b78p,4797,front,,Abnormal Gait,stroke,"{'top': 34.0, 'left': 167.26373626373626, 'height': 309.9230769230769, 'width': 143.73626373626374}","{'height': 360, 'width': 640, 'mime_type': 'video/mp4'}",fbY4O04uunE,https://www.youtube.com/watch?v=fbY4O04uunE
clk6ldflp00423n6l9q27b78p,4798,front,,Abnormal Gait,stroke,"{'top': 34.0, 'left': 166.92307692307693, 'height': 310.2307692307692, 'width': 144.07692307692307}","{'height': 360, 'width': 640, 'mime_type': 'video/mp4'}",fbY4O04uunE,https://www.youtube.com/watch?v=fbY4O04uunE
clk6ldflp00423n6l9q27b78p,4799,front,,Abnormal Gait,stroke,"{'top': 34.0, 'left': 166.58241758241758, 'height': 310.53846153846155, 'width': 144.41758241758242}","{'height': 360, 'width': 640, 'mime_type': 'video/mp4'}",fbY4O04uunE,https://www.youtube.com/watch?v=fbY4O04uunE
clk6ldflp00423n6l9q27b78p,4800,front,,Abnormal Gait,stroke,"{'top': 34.0, 'left': 166.24175824175825, 'height': 310.84615384615387, 'width': 144.75824175824175}","{'height': 360, 'width': 640, 'mime_type': 'video/mp4'}",fbY4O04uunE,https://www.youtube.com/watch?v=fbY4O04uunE
clk6ldflp00423n6l9q27b78p,4801,front,,Abnormal Gait,stroke,"{'top': 34.0, 'left': 165.9010989010989, 'height': 311.15384615384613, 'width': 145.0989010989011}","{'height': 360, 'width': 640, 'mime_type': 'video/mp4'}",fbY4O04uunE,https://www.youtube.com/watch?v=fbY4O04uunE
clk6ldflp00423n6l9q27b78p,4802,front,,Abnormal Gait,stroke,"{'top': 34.0, 'left': 165.56043956043956, 'height': 311.46153846153845, 'width': 145.43956043956044}","{'height': 360, 'width': 640, 'mime_type': 'video/mp4'}",fbY4O04uunE,https://www.youtube.com/watch?v=fbY4O04uunE
clk6ldflp00423n6l9q27b78p,4803,front,,Abnormal Gait,stroke,"{'top': 34.0, 'left': 165.21978021978023, 'height': 311.7692307692308, 'width': 145.78021978021977}","{'height': 360, 'width': 640, 'mime_type': 'video/mp4'}",fbY4O04uunE,https://www.youtube.com/watch?v=fbY4O04uunE
clk6ldflp00423n6l9q27b78p,4804,front,,Abnormal Gait,stroke,"{'top': 34.0, 'left': 164.87912087912088, 'height': 312.0769230769231, 'width': 146.12087912087912}","{'height': 360, 'width': 640, 'mime_type': 'video/mp4'}",fbY4O04uunE,https://www.youtube.com/watch?v=fbY4O04uunE
clk6ldflp00423n6l9q27b78p,4805,front,,Abnormal Gait,stroke,"{'top': 34.0, 'left': 164.53846153846155, 'height': 312.38461538461536, 'width': 146.46153846153845}","{'height': 360, 'width': 640, 'mime_type': 'video/mp4'}",fbY4O04uunE,https://www.youtube.com/watch?v=fbY4O04uunE
clk6ldflp00423n6l9q27b78p,4806,front,,Abnormal Gait,stroke,"{'top': 34.0, 'left': 164.1978021978022, 'height': 312.6923076923077, 'width': 146.8021978021978}","{'height': 360, 'width': 640, 'mime_type': 'video/mp4'}",fbY4O04uunE,https://www.youtube.com/watch?v=fbY4O04uunE
clk6ldflp00423n6l9q27b78p,4807,front,,Abnormal Gait,stroke,"{'top': 34.0, 'left': 163.85714285714286, 'height': 313.0, 'width': 147.14285714285714}","{'height': 360, 'width': 640, 'mime_type': 'video/mp4'}",fbY4O04uunE,https://www.youtube.com/watch?v=fbY4O04uunE
clk6ldflp00423n6l9q27b78p,4808,front,,Abnormal Gait,stroke,"{'top': 34.0, 'left': 163.5164835164835, 'height': 313.3076923076923, 'width': 147.4835164835165}","{'height': 360, 'width': 640, 'mime_type': 'video/mp4'}",fbY4O04uunE,https://www.youtube.com/watch?v=fbY4O04uunE
clk6ldflp00423n6l9q27b78p,4809,front,,Abnormal Gait,stroke,"{'top': 34.0, 'left': 163.17582417582418, 'height': 313.61538461538464, 'width': 147.82417582417582}","{'height': 360, 'width': 640, 'mime_type': 'video/mp4'}",fbY4O04uunE,https://www.youtube.com/watch?v=fbY4O04uunE
clk6ldflp00423n6l9q27b78p,4810,front,,Abnormal Gait,stroke,"{'top': 34.0, 'left': 162.83516483516485, 'height': 313.9230769230769, 'width': 148.16483516483515}","{'height': 360, 'width': 640, 'mime_type': 'video/mp4'}",fbY4O04uunE,https://www.youtube.com/watch?v=fbY4O04uunE
clk6ldflp00423n6l9q27b78p,4811,front,,Abnormal Gait,stroke,"{'top': 34.0, 'left': 162.4945054945055, 'height': 314.2307692307692, 'width': 148.5054945054945}","{'height': 360, 'width': 640, 'mime_type': 'video/mp4'}",fbY4O04uunE,https://www.youtube.com/watch?v=fbY4O04uunE
clk6ldflp00423n6l9q27b78p,4812,front,,Abnormal Gait,stroke,"{'top': 34.0, 'left': 162.15384615384616, 'height': 314.53846153846155, 'width': 148.84615384615384}","{'height': 360, 'width': 640, 'mime_type': 'video/mp4'}",fbY4O04uunE,https://www.youtube.com/watch?v=fbY4O04uunE
clk6ldflp00423n6l9q27b78p,4813,front,,Abnormal Gait,stroke,"{'top': 34.0, 'left': 161.8131868131868, 'height': 314.84615384615387, 'width': 149.1868131868132}","{'height': 360, 'width': 640, 'mime_type': 'video/mp4'}",fbY4O04uunE,https://www.youtube.com/watch?v=fbY4O04uunE
clk6ldflp00423n6l9q27b78p,4814,front,,Abnormal Gait,stroke,"{'top': 34.0, 'left': 161.47252747252747, 'height': 315.15384615384613, 'width': 149.52747252747253}","{'height': 360, 'width': 640, 'mime_type': 'video/mp4'}",fbY4O04uunE,https://www.youtube.com/watch?v=fbY4O04uunE
clk6ldflp00423n6l9q27b78p,4815,front,,Abnormal Gait,stroke,"{'top': 34.0, 'left': 161.13186813186815, 'height': 315.46153846153845, 'width': 149.86813186813185}","{'height': 360, 'width': 640, 'mime_type': 'video/mp4'}",fbY4O04uunE,https://www.youtube.com/watch?v=fbY4O04uunE
clk6ldflp00423n6l9q27b78p,4816,front,,Abnormal Gait,stroke,"{'top': 34.0, 'left': 160.7912087912088, 'height': 315.7692307692308, 'width': 150.2087912087912}","{'height': 360, 'width': 640, 'mime_type': 'video/mp4'}",fbY4O04uunE,https://www.youtube.com/watch?v=fbY4O04uunE
clk6ldflp00423n6l9q27b78p,4817,front,,Abnormal Gait,stroke,"{'top': 34.0, 'left': 160.45054945054946, 'height': 316.0769230769231, 'width': 150.54945054945054}","{'height': 360, 'width': 640, 'mime_type': 'video/mp4'}",fbY4O04uunE,https://www.youtube.com/watch?v=fbY4O04uunE
clk6ldflp00423n6l9q27b78p,4818,front,,Abnormal Gait,stroke,"{'top': 34.0, 'left': 160.1098901098901, 'height': 316.38461538461536, 'width': 150.8901098901099}","{'height': 360, 'width': 640, 'mime_type': 'video/mp4'}",fbY4O04uunE,https://www.youtube.com/watch?v=fbY4O04uunE
clk6ldflp00423n6l9q27b78p,4819,front,,Abnormal Gait,stroke,"{'top': 34.0, 'left': 159.76923076923077, 'height': 316.6923076923077, 'width': 151.23076923076923}","{'height': 360, 'width': 640, 'mime_type': 'video/mp4'}",fbY4O04uunE,https://www.youtube.com/watch?v=fbY4O04uunE
clk6ldflp00423n6l9q27b78p,4820,front,,Abnormal Gait,stroke,"{'top': 34.0, 'left': 159.42857142857144, 'height': 317.0, 'width': 151.57142857142856}","{'height': 360, 'width': 640, 'mime_type': 'video/mp4'}",fbY4O04uunE,https://www.youtube.com/watch?v=fbY4O04uunE
clk6ldflp00423n6l9q27b78p,4821,front,,Abnormal Gait,stroke,"{'top': 34.0, 'left': 159.0879120879121, 'height': 317.3076923076923, 'width': 151.9120879120879}","{'height': 360, 'width': 640, 'mime_type': 'video/mp4'}",fbY4O04uunE,https://www.youtube.com/watch?v=fbY4O04uunE
clk6ldflp00423n6l9q27b78p,4822,front,,Abnormal Gait,stroke,"{'top': 34.0, 'left': 158.74725274725276, 'height': 317.61538461538464, 'width': 152.25274725274724}","{'height': 360, 'width': 640, 'mime_type': 'video/mp4'}",fbY4O04uunE,https://www.youtube.com/watch?v=fbY4O04uunE
clk6ldflp00423n6l9q27b78p,4823,front,,Abnormal Gait,stroke,"{'top': 34.0, 'left': 158.4065934065934, 'height': 317.9230769230769, 'width': 152.5934065934066}","{'height': 360, 'width': 640, 'mime_type': 'video/mp4'}",fbY4O04uunE,https://www.youtube.com/watch?v=fbY4O04uunE
clk6ldflp00423n6l9q27b78p,4824,front,,Abnormal Gait,stroke,"{'top': 34.0, 'left': 158.06593406593407, 'height': 318.2307692307692, 'width': 152.93406593406593}","{'height': 360, 'width': 640, 'mime_type': 'video/mp4'}",fbY4O04uunE,https://www.youtube.com/watch?v=fbY4O04uunE
clk6ldflp00423n6l9q27b78p,4825,front,,Abnormal Gait,stroke,"{'top': 34.0, 'left': 157.72527472527472, 'height': 318.53846153846155, 'width': 153.27472527472528}","{'height': 360, 'width': 640, 'mime_type': 'video/mp4'}",fbY4O04uunE,https://www.youtube.com/watch?v=fbY4O04uunE
clk6ldflp00423n6l9q27b78p,4826,front,,Abnormal Gait,stroke,"{'top': 34.0, 'left': 157.3846153846154, 'height': 318.84615384615387, 'width': 153.6153846153846}","{'height': 360, 'width': 640, 'mime_type': 'video/mp4'}",fbY4O04uunE,https://www.youtube.com/watch?v=fbY4O04uunE
clk6ldflp00423n6l9q27b78p,4827,front,,Abnormal Gait,stroke,"{'top': 34.0, 'left': 157.04395604395603, 'height': 319.15384615384613, 'width': 153.95604395604397}","{'height': 360, 'width': 640, 'mime_type': 'video/mp4'}",fbY4O04uunE,https://www.youtube.com/watch?v=fbY4O04uunE
clk6ldflp00423n6l9q27b78p,4828,front,,Abnormal Gait,stroke,"{'top': 34.0, 'left': 156.7032967032967, 'height': 319.46153846153845, 'width': 154.2967032967033}","{'height': 360, 'width': 640, 'mime_type': 'video/mp4'}",fbY4O04uunE,https://www.youtube.com/watch?v=fbY4O04uunE
clk6ldflp00423n6l9q27b78p,4829,front,,Abnormal Gait,stroke,"{'top': 34.0, 'left': 156.36263736263737, 'height': 319.7692307692308, 'width': 154.63736263736263}","{'height': 360, 'width': 640, 'mime_type': 'video/mp4'}",fbY4O04uunE,https://www.youtube.com/watch?v=fbY4O04uunE
clk6ldflp00423n6l9q27b78p,4830,front,,Abnormal Gait,stroke,"{'top': 34.0, 'left': 156.02197802197801, 'height': 320.0769230769231, 'width': 154.97802197802199}","{'height': 360, 'width': 640, 'mime_type': 'video/mp4'}",fbY4O04uunE,https://www.youtube.com/watch?v=fbY4O04uunE
clk6ldflp00423n6l9q27b78p,4831,front,,Abnormal Gait,stroke,"{'top': 34.0, 'left': 155.6813186813187, 'height': 320.38461538461536, 'width': 155.3186813186813}","{'height': 360, 'width': 640, 'mime_type': 'video/mp4'}",fbY4O04uunE,https://www.youtube.com/watch?v=fbY4O04uunE
clk6ldflp00423n6l9q27b78p,4832,front,,Abnormal Gait,stroke,"{'top': 34.0, 'left': 155.34065934065933, 'height': 320.6923076923077, 'width': 155.65934065934067}","{'height': 360, 'width': 640, 'mime_type': 'video/mp4'}",fbY4O04uunE,https://www.youtube.com/watch?v=fbY4O04uunE
clk6ldflp00423n6l9q27b78p,4833,front,,Abnormal Gait,stroke,"{'top': 34.0, 'left': 155.0, 'height': 321.0, 'width': 156.0}","{'height': 360, 'width': 640, 'mime_type': 'video/mp4'}",fbY4O04uunE,https://www.youtube.com/watch?v=fbY4O04uunE
clk6ldflp00423n6l9q27b78p,4834,front,,Abnormal Gait,stroke,"{'top': 33.97107897664071, 'left': 155.01890989988877, 'height': 321.0322580645161, 'width': 155.98998887652945}","{'height': 360, 'width': 640, 'mime_type': 'video/mp4'}",fbY4O04uunE,https://www.youtube.com/watch?v=fbY4O04uunE
clk6ldflp00423n6l9q27b78p,4835,front,,Abnormal Gait,stroke,"{'top': 33.94215795328142, 'left': 155.03781979977754, 'height': 321.06451612903226, 'width': 155.97997775305896}","{'height': 360, 'width': 640, 'mime_type': 'video/mp4'}",fbY4O04uunE,https://www.youtube.com/watch?v=fbY4O04uunE
clk6ldflp00423n6l9q27b78p,4836,front,,Abnormal Gait,stroke,"{'top': 33.913236929922135, 'left': 155.0567296996663, 'height': 321.0967741935484, 'width': 155.9699666295884}","{'height': 360, 'width': 640, 'mime_type': 'video/mp4'}",fbY4O04uunE,https://www.youtube.com/watch?v=fbY4O04uunE
clk6ldflp00423n6l9q27b78p,4837,front,,Abnormal Gait,stroke,"{'top': 33.88431590656285, 'left': 155.07563959955507, 'height': 321.1290322580645, 'width': 155.95995550611792}","{'height': 360, 'width': 640, 'mime_type': 'video/mp4'}",fbY4O04uunE,https://www.youtube.com/watch?v=fbY4O04uunE
clk6ldflp00423n6l9q27b78p,4838,front,,Abnormal Gait,stroke,"{'top': 33.85539488320356, 'left': 155.09454949944381, 'height': 321.1612903225806, 'width': 155.9499443826474}","{'height': 360, 'width': 640, 'mime_type': 'video/mp4'}",fbY4O04uunE,https://www.youtube.com/watch?v=fbY4O04uunE
clk6ldflp00423n6l9q27b78p,4839,front,,Abnormal Gait,stroke,"{'top': 33.82647385984427, 'left': 155.11345939933258, 'height': 321.19354838709677, 'width': 155.93993325917685}","{'height': 360, 'width': 640, 'mime_type': 'video/mp4'}",fbY4O04uunE,https://www.youtube.com/watch?v=fbY4O04uunE
clk6ldflp00423n6l9q27b78p,4840,front,,Abnormal Gait,stroke,"{'top': 33.79755283648498, 'left': 155.13236929922135, 'height': 321.2258064516129, 'width': 155.92992213570636}","{'height': 360, 'width': 640, 'mime_type': 'video/mp4'}",fbY4O04uunE,https://www.youtube.com/watch?v=fbY4O04uunE
clk6ldflp00423n6l9q27b78p,4841,front,,Abnormal Gait,stroke,"{'top': 33.768631813125694, 'left': 155.15127919911012, 'height': 321.258064516129, 'width': 155.91991101223581}","{'height': 360, 'width': 640, 'mime_type': 'video/mp4'}",fbY4O04uunE,https://www.youtube.com/watch?v=fbY4O04uunE
clk6ldflp00423n6l9q27b78p,4842,front,,Abnormal Gait,stroke,"{'top': 33.739710789766406, 'left': 155.1701890989989, 'height': 321.2903225806451, 'width': 155.90989988876527}","{'height': 360, 'width': 640, 'mime_type': 'video/mp4'}",fbY4O04uunE,https://www.youtube.com/watch?v=fbY4O04uunE
clk6ldflp00423n6l9q27b78p,4843,front,,Abnormal Gait,stroke,"{'top': 33.71078976640712, 'left': 155.18909899888766, 'height': 321.3225806451613, 'width': 155.89988876529478}","{'height': 360, 'width': 640, 'mime_type': 'video/mp4'}",fbY4O04uunE,https://www.youtube.com/watch?v=fbY4O04uunE
clk6ldflp00423n6l9q27b78p,4844,front,,Abnormal Gait,stroke,"{'top': 33.68186874304783, 'left': 155.20800889877643, 'height': 321.35483870967744, 'width': 155.88987764182423}","{'height': 360, 'width': 640, 'mime_type': 'video/mp4'}",fbY4O04uunE,https://www.youtube.com/watch?v=fbY4O04uunE
clk6ldflp00423n6l9q27b78p,4845,front,,Abnormal Gait,stroke,"{'top': 33.65294771968854, 'left': 155.2269187986652, 'height': 321.38709677419354, 'width': 155.87986651835374}","{'height': 360, 'width': 640, 'mime_type': 'video/mp4'}",fbY4O04uunE,https://www.youtube.com/watch?v=fbY4O04uunE
clk6ldflp00423n6l9q27b78p,4846,front,,Abnormal Gait,stroke,"{'top': 33.62402669632925, 'left': 155.24582869855394, 'height': 321.41935483870964, 'width': 155.86985539488322}","{'height': 360, 'width': 640, 'mime_type': 'video/mp4'}",fbY4O04uunE,https://www.youtube.com/watch?v=fbY4O04uunE
clk6ldflp00423n6l9q27b78p,4847,front,,Abnormal Gait,stroke,"{'top': 33.595105672969964, 'left': 155.2647385984427, 'height': 321.4516129032258, 'width': 155.85984427141267}","{'height': 360, 'width': 640, 'mime_type': 'video/mp4'}",fbY4O04uunE,https://www.youtube.com/watch?v=fbY4O04uunE
clk6ldflp00423n6l9q27b78p,4848,front,,Abnormal Gait,stroke,"{'top': 33.566184649610676, 'left': 155.28364849833147, 'height': 321.48387096774195, 'width': 155.84983314794218}","{'height': 360, 'width': 640, 'mime_type': 'video/mp4'}",fbY4O04uunE,https://www.youtube.com/watch?v=fbY4O04uunE
clk6ldflp00423n6l9q27b78p,4849,front,,Abnormal Gait,stroke,"{'top': 33.53726362625139, 'left': 155.30255839822024, 'height': 321.51612903225805, 'width': 155.83982202447163}","{'height': 360, 'width': 640, 'mime_type': 'video/mp4'}",fbY4O04uunE,https://www.youtube.com/watch?v=fbY4O04uunE
clk6ldflp00423n6l9q27b78p,4850,front,,Abnormal Gait,stroke,"{'top': 33.5083426028921, 'left': 155.321468298109, 'height': 321.54838709677415, 'width': 155.82981090100114}","{'height': 360, 'width': 640, 'mime_type': 'video/mp4'}",fbY4O04uunE,https://www.youtube.com/watch?v=fbY4O04uunE
clk6ldflp00423n6l9q27b78p,4851,front,,Abnormal Gait,stroke,"{'top': 33.47942157953281, 'left': 155.34037819799778, 'height': 321.5806451612903, 'width': 155.8197997775306}","{'height': 360, 'width': 640, 'mime_type': 'video/mp4'}",fbY4O04uunE,https://www.youtube.com/watch?v=fbY4O04uunE
clk6ldflp00423n6l9q27b78p,4852,front,,Abnormal Gait,stroke,"{'top': 33.45050055617352, 'left': 155.35928809788655, 'height': 321.61290322580646, 'width': 155.80978865406004}","{'height': 360, 'width': 640, 'mime_type': 'video/mp4'}",fbY4O04uunE,https://www.youtube.com/watch?v=fbY4O04uunE
clk6ldflp00423n6l9q27b78p,4853,front,,Abnormal Gait,stroke,"{'top': 33.421579532814235, 'left': 155.37819799777532, 'height': 321.64516129032256, 'width': 155.79977753058955}","{'height': 360, 'width': 640, 'mime_type': 'video/mp4'}",fbY4O04uunE,https://www.youtube.com/watch?v=fbY4O04uunE
clk6ldflp00423n6l9q27b78p,4854,front,,Abnormal Gait,stroke,"{'top': 33.39265850945495, 'left': 155.39710789766409, 'height': 321.67741935483866, 'width': 155.789766407119}","{'height': 360, 'width': 640, 'mime_type': 'video/mp4'}",fbY4O04uunE,https://www.youtube.com/watch?v=fbY4O04uunE
clk6ldflp00423n6l9q27b78p,4855,front,,Abnormal Gait,stroke,"{'top': 33.36373748609566, 'left': 155.41601779755283, 'height': 321.7096774193548, 'width': 155.77975528364848}","{'height': 360, 'width': 640, 'mime_type': 'video/mp4'}",fbY4O04uunE,https://www.youtube.com/watch?v=fbY4O04uunE
clk6ldflp00423n6l9q27b78p,4856,front,,Abnormal Gait,stroke,"{'top': 33.33481646273637, 'left': 155.4349276974416, 'height': 321.741935483871, 'width': 155.769744160178}","{'height': 360, 'width': 640, 'mime_type': 'video/mp4'}",fbY4O04uunE,https://www.youtube.com/watch?v=fbY4O04uunE
clk6ldflp00423n6l9q27b78p,4857,front,,Abnormal Gait,stroke,"{'top': 33.30589543937709, 'left': 155.45383759733036, 'height': 321.7741935483871, 'width': 155.75973303670744}","{'height': 360, 'width': 640, 'mime_type': 'video/mp4'}",fbY4O04uunE,https://www.youtube.com/watch?v=fbY4O04uunE
clk6ldflp00423n6l9q27b78p,4858,front,,Abnormal Gait,stroke,"{'top': 33.2769744160178, 'left': 155.47274749721913, 'height': 321.8064516129032, 'width': 155.74972191323695}","{'height': 360, 'width': 640, 'mime_type': 'video/mp4'}",fbY4O04uunE,https://www.youtube.com/watch?v=fbY4O04uunE
clk6ldflp00423n6l9q27b78p,4859,front,,Abnormal Gait,stroke,"{'top': 33.24805339265851, 'left': 155.4916573971079, 'height': 321.83870967741933, 'width': 155.7397107897664}","{'height': 360, 'width': 640, 'mime_type': 'video/mp4'}",fbY4O04uunE,https://www.youtube.com/watch?v=fbY4O04uunE
clk6ldflp00423n6l9q27b78p,4860,front,,Abnormal Gait,stroke,"{'top': 33.219132369299224, 'left': 155.51056729699667, 'height': 321.8709677419355, 'width': 155.72969966629586}","{'height': 360, 'width': 640, 'mime_type': 'video/mp4'}",fbY4O04uunE,https://www.youtube.com/watch?v=fbY4O04uunE
clk6ldflp00423n6l9q27b78p,4861,front,,Abnormal Gait,stroke,"{'top': 33.190211345939936, 'left': 155.52947719688544, 'height': 321.90322580645164, 'width': 155.71968854282537}","{'height': 360, 'width': 640, 'mime_type': 'video/mp4'}",fbY4O04uunE,https://www.youtube.com/watch?v=fbY4O04uunE
clk6ldflp00423n6l9q27b78p,4862,front,,Abnormal Gait,stroke,"{'top': 33.16129032258065, 'left': 155.5483870967742, 'height': 321.93548387096774, 'width': 155.70967741935482}","{'height': 360, 'width': 640, 'mime_type': 'video/mp4'}",fbY4O04uunE,https://www.youtube.com/watch?v=fbY4O04uunE
clk6ldflp00423n6l9q27b78p,4863,front,,Abnormal Gait,stroke,"{'top': 33.13236929922136, 'left': 155.56729699666295, 'height': 321.9677419354839, 'width': 155.69966629588436}","{'height': 360, 'width': 640, 'mime_type': 'video/mp4'}",fbY4O04uunE,https://www.youtube.com/watch?v=fbY4O04uunE
clk6ldflp00423n6l9q27b78p,4864,front,,Abnormal Gait,stroke,"{'top': 33.10344827586207, 'left': 155.58620689655172, 'height': 322.0, 'width': 155.6896551724138}","{'height': 360, 'width': 640, 'mime_type': 'video/mp4'}",fbY4O04uunE,https://www.youtube.com/watch?v=fbY4O04uunE
clk6ldflp00423n6l9q27b78p,4865,front,,Abnormal Gait,stroke,"{'top': 33.07452725250278, 'left': 155.60511679644048, 'height': 322.03225806451616, 'width': 155.67964404894326}","{'height': 360, 'width': 640, 'mime_type': 'video/mp4'}",fbY4O04uunE,https://www.youtube.com/watch?v=fbY4O04uunE
clk6ldflp00423n6l9q27b78p,4866,front,,Abnormal Gait,stroke,"{'top': 33.045606229143495, 'left': 155.62402669632925, 'height': 322.06451612903226, 'width': 155.66963292547277}","{'height': 360, 'width': 640, 'mime_type': 'video/mp4'}",fbY4O04uunE,https://www.youtube.com/watch?v=fbY4O04uunE
clk6ldflp00423n6l9q27b78p,4867,front,,Abnormal Gait,stroke,"{'top': 33.016685205784206, 'left': 155.64293659621802, 'height': 322.0967741935484, 'width': 155.65962180200222}","{'height': 360, 'width': 640, 'mime_type': 'video/mp4'}",fbY4O04uunE,https://www.youtube.com/watch?v=fbY4O04uunE
clk6ldflp00423n6l9q27b78p,4868,front,,Abnormal Gait,stroke,"{'top': 32.98776418242492, 'left': 155.6618464961068, 'height': 322.1290322580645, 'width': 155.64961067853167}","{'height': 360, 'width': 640, 'mime_type': 'video/mp4'}",fbY4O04uunE,https://www.youtube.com/watch?v=fbY4O04uunE
clk6ldflp00423n6l9q27b78p,4869,front,,Abnormal Gait,stroke,"{'top': 32.95884315906563, 'left': 155.68075639599556, 'height': 322.16129032258067, 'width': 155.63959955506118}","{'height': 360, 'width': 640, 'mime_type': 'video/mp4'}",fbY4O04uunE,https://www.youtube.com/watch?v=fbY4O04uunE
clk6ldflp00423n6l9q27b78p,4870,front,,Abnormal Gait,stroke,"{'top': 32.92992213570634, 'left': 155.69966629588433, 'height': 322.19354838709677, 'width': 155.62958843159063}","{'height': 360, 'width': 640, 'mime_type': 'video/mp4'}",fbY4O04uunE,https://www.youtube.com/watch?v=fbY4O04uunE
clk6ldflp00423n6l9q27b78p,4871,front,,Abnormal Gait,stroke,"{'top': 32.90100111234705, 'left': 155.71857619577307, 'height': 322.2258064516129, 'width': 155.61957730812017}","{'height': 360, 'width': 640, 'mime_type': 'video/mp4'}",fbY4O04uunE,https://www.youtube.com/watch?v=fbY4O04uunE
clk6ldflp00423n6l9q27b78p,4872,front,,Abnormal Gait,stroke,"{'top': 32.872080088987765, 'left': 155.73748609566184, 'height': 322.258064516129, 'width': 155.60956618464962}","{'height': 360, 'width': 640, 'mime_type': 'video/mp4'}",fbY4O04uunE,https://www.youtube.com/watch?v=fbY4O04uunE
clk6ldflp00423n6l9q27b78p,4873,front,,Abnormal Gait,stroke,"{'top': 32.84315906562848, 'left': 155.7563959955506, 'height': 322.2903225806452, 'width': 155.59955506117907}","{'height': 360, 'width': 640, 'mime_type': 'video/mp4'}",fbY4O04uunE,https://www.youtube.com/watch?v=fbY4O04uunE
clk6ldflp00423n6l9q27b78p,4874,front,,Abnormal Gait,stroke,"{'top': 32.81423804226919, 'left': 155.77530589543937, 'height': 322.3225806451613, 'width': 155.58954393770858}","{'height': 360, 'width': 640, 'mime_type': 'video/mp4'}",fbY4O04uunE,https://www.youtube.com/watch?v=fbY4O04uunE
clk6ldflp00423n6l9q27b78p,4875,front,,Abnormal Gait,stroke,"{'top': 32.7853170189099, 'left': 155.79421579532814, 'height': 322.35483870967744, 'width': 155.57953281423804}","{'height': 360, 'width': 640, 'mime_type': 'video/mp4'}",fbY4O04uunE,https://www.youtube.com/watch?v=fbY4O04uunE
clk6ldflp00423n6l9q27b78p,4876,front,,Abnormal Gait,stroke,"{'top': 32.75639599555061, 'left': 155.8131256952169, 'height': 322.38709677419354, 'width': 155.56952169076754}","{'height': 360, 'width': 640, 'mime_type': 'video/mp4'}",fbY4O04uunE,https://www.youtube.com/watch?v=fbY4O04uunE
clk6ldflp00423n6l9q27b78p,4877,front,,Abnormal Gait,stroke,"{'top': 32.727474972191324, 'left': 155.83203559510568, 'height': 322.4193548387097, 'width': 155.559510567297}","{'height': 360, 'width': 640, 'mime_type': 'video/mp4'}",fbY4O04uunE,https://www.youtube.com/watch?v=fbY4O04uunE
clk6ldflp00423n6l9q27b78p,4878,front,,Abnormal Gait,stroke,"{'top': 32.698553948832036, 'left': 155.85094549499445, 'height': 322.4516129032258, 'width': 155.54949944382645}","{'height': 360, 'width': 640, 'mime_type': 'video/mp4'}",fbY4O04uunE,https://www.youtube.com/watch?v=fbY4O04uunE
clk6ldflp00423n6l9q27b78p,4879,front,,Abnormal Gait,stroke,"{'top': 32.66963292547275, 'left': 155.86985539488322, 'height': 322.48387096774195, 'width': 155.53948832035596}","{'height': 360, 'width': 640, 'mime_type': 'video/mp4'}",fbY4O04uunE,https://www.youtube.com/watch?v=fbY4O04uunE
clk6ldflp00423n6l9q27b78p,4880,front,,Abnormal Gait,stroke,"{'top': 32.64071190211346, 'left': 155.88876529477196, 'height': 322.51612903225805, 'width': 155.52947719688544}","{'height': 360, 'width': 640, 'mime_type': 'video/mp4'}",fbY4O04uunE,https://www.youtube.com/watch?v=fbY4O04uunE
clk6ldflp00423n6l9q27b78p,4881,front,,Abnormal Gait,stroke,"{'top': 32.61179087875417, 'left': 155.90767519466073, 'height': 322.5483870967742, 'width': 155.5194660734149}","{'height': 360, 'width': 640, 'mime_type': 'video/mp4'}",fbY4O04uunE,https://www.youtube.com/watch?v=fbY4O04uunE
clk6ldflp00423n6l9q27b78p,4882,front,,Abnormal Gait,stroke,"{'top': 32.58286985539488, 'left': 155.9265850945495, 'height': 322.5806451612903, 'width': 155.5094549499444}","{'height': 360, 'width': 640, 'mime_type': 'video/mp4'}",fbY4O04uunE,https://www.youtube.com/watch?v=fbY4O04uunE
clk6ldflp00423n6l9q27b78p,4883,front,,Abnormal Gait,stroke,"{'top': 32.553948832035594, 'left': 155.94549499443826, 'height': 322.61290322580646, 'width': 155.49944382647385}","{'height': 360, 'width': 640, 'mime_type': 'video/mp4'}",fbY4O04uunE,https://www.youtube.com/watch?v=fbY4O04uunE
clk6ldflp00423n6l9q27b78p,4884,front,,Abnormal Gait,stroke,"{'top': 32.525027808676306, 'left': 155.96440489432703, 'height': 322.64516129032256, 'width': 155.48943270300336}","{'height': 360, 'width': 640, 'mime_type': 'video/mp4'}",fbY4O04uunE,https://www.youtube.com/watch?v=fbY4O04uunE
clk6ldflp00423n6l9q27b78p,4885,front,,Abnormal Gait,stroke,"{'top': 32.49610678531702, 'left': 155.9833147942158, 'height': 322.6774193548387, 'width': 155.4794215795328}","{'height': 360, 'width': 640, 'mime_type': 'video/mp4'}",fbY4O04uunE,https://www.youtube.com/watch?v=fbY4O04uunE
clk6ldflp00423n6l9q27b78p,4886,front,,Abnormal Gait,stroke,"{'top': 32.46718576195773, 'left': 156.00222469410457, 'height': 322.7096774193548, 'width': 155.46941045606226}","{'height': 360, 'width': 640, 'mime_type': 'video/mp4'}",fbY4O04uunE,https://www.youtube.com/watch?v=fbY4O04uunE
clk6ldflp00423n6l9q27b78p,4887,front,,Abnormal Gait,stroke,"{'top': 32.43826473859844, 'left': 156.02113459399334, 'height': 322.741935483871, 'width': 155.45939933259177}","{'height': 360, 'width': 640, 'mime_type': 'video/mp4'}",fbY4O04uunE,https://www.youtube.com/watch?v=fbY4O04uunE
clk6ldflp00423n6l9q27b78p,4888,front,,Abnormal Gait,stroke,"{'top': 32.40934371523915, 'left': 156.04004449388208, 'height': 322.7741935483871, 'width': 155.44938820912125}","{'height': 360, 'width': 640, 'mime_type': 'video/mp4'}",fbY4O04uunE,https://www.youtube.com/watch?v=fbY4O04uunE
clk6ldflp00423n6l9q27b78p,4889,front,,Abnormal Gait,stroke,"{'top': 32.380422691879865, 'left': 156.05895439377085, 'height': 322.80645161290323, 'width': 155.4393770856507}","{'height': 360, 'width': 640, 'mime_type': 'video/mp4'}",fbY4O04uunE,https://www.youtube.com/watch?v=fbY4O04uunE
clk6ldflp00423n6l9q27b78p,4890,front,,Abnormal Gait,stroke,"{'top': 32.35150166852058, 'left': 156.07786429365962, 'height': 322.83870967741933, 'width': 155.4293659621802}","{'height': 360, 'width': 640, 'mime_type': 'video/mp4'}",fbY4O04uunE,https://www.youtube.com/watch?v=fbY4O04uunE
clk6ldflp00423n6l9q27b78p,4891,front,,Abnormal Gait,stroke,"{'top': 32.32258064516129, 'left': 156.09677419354838, 'height': 322.8709677419355, 'width': 155.41935483870967}","{'height': 360, 'width': 640, 'mime_type': 'video/mp4'}",fbY4O04uunE,https://www.youtube.com/watch?v=fbY4O04uunE
clk6ldflp00423n6l9q27b78p,4892,front,,Abnormal Gait,stroke,"{'top': 32.293659621802, 'left': 156.11568409343715, 'height': 322.9032258064516, 'width': 155.40934371523917}","{'height': 360, 'width': 640, 'mime_type': 'video/mp4'}",fbY4O04uunE,https://www.youtube.com/watch?v=fbY4O04uunE
clk6ldflp00423n6l9q27b78p,4893,front,,Abnormal Gait,stroke,"{'top': 32.26473859844271, 'left': 156.13459399332592, 'height': 322.93548387096774, 'width': 155.39933259176863}","{'height': 360, 'width': 640, 'mime_type': 'video/mp4'}",fbY4O04uunE,https://www.youtube.com/watch?v=fbY4O04uunE
clk6ldflp00423n6l9q27b78p,4894,front,,Abnormal Gait,stroke,"{'top': 32.23581757508342, 'left': 156.1535038932147, 'height': 322.96774193548384, 'width': 155.38932146829808}","{'height': 360, 'width': 640, 'mime_type': 'video/mp4'}",fbY4O04uunE,https://www.youtube.com/watch?v=fbY4O04uunE
clk6ldflp00423n6l9q27b78p,4895,front,,Abnormal Gait,stroke,"{'top': 32.206896551724135, 'left': 156.17241379310346, 'height': 323.0, 'width': 155.3793103448276}","{'height': 360, 'width': 640, 'mime_type': 'video/mp4'}",fbY4O04uunE,https://www.youtube.com/watch?v=fbY4O04uunE
clk6ldflp00423n6l9q27b78p,4896,front,,Abnormal Gait,stroke,"{'top': 32.17797552836485, 'left': 156.19132369299223, 'height': 323.0322580645161, 'width': 155.36929922135704}","{'height': 360, 'width': 640, 'mime_type': 'video/mp4'}",fbY4O04uunE,https://www.youtube.com/watch?v=fbY4O04uunE
clk6ldflp00423n6l9q27b78p,4897,front,,Abnormal Gait,stroke,"{'top': 32.14905450500556, 'left': 156.21023359288097, 'height': 323.06451612903226, 'width': 155.35928809788658}","{'height': 360, 'width': 640, 'mime_type': 'video/mp4'}",fbY4O04uunE,https://www.youtube.com/watch?v=fbY4O04uunE
clk6ldflp00423n6l9q27b78p,4898,front,,Abnormal Gait,stroke,"{'top': 32.12013348164627, 'left': 156.22914349276974, 'height': 323.09677419354836, 'width': 155.34927697441603}","{'height': 360, 'width': 640, 'mime_type': 'video/mp4'}",fbY4O04uunE,https://www.youtube.com/watch?v=fbY4O04uunE
clk6ldflp00423n6l9q27b78p,4899,front,,Abnormal Gait,stroke,"{'top': 32.09121245828698, 'left': 156.2480533926585, 'height': 323.1290322580645, 'width': 155.33926585094548}","{'height': 360, 'width': 640, 'mime_type': 'video/mp4'}",fbY4O04uunE,https://www.youtube.com/watch?v=fbY4O04uunE
clk6ldflp00423n6l9q27b78p,4900,front,,Abnormal Gait,stroke,"{'top': 32.0622914349277, 'left': 156.26696329254727, 'height': 323.1612903225806, 'width': 155.329254727475}","{'height': 360, 'width': 640, 'mime_type': 'video/mp4'}",fbY4O04uunE,https://www.youtube.com/watch?v=fbY4O04uunE
clk6ldflp00423n6l9q27b78p,4901,front,,Abnormal Gait,stroke,"{'top': 32.03337041156841, 'left': 156.28587319243604, 'height': 323.19354838709677, 'width': 155.31924360400444}","{'height': 360, 'width': 640, 'mime_type': 'video/mp4'}",fbY4O04uunE,https://www.youtube.com/watch?v=fbY4O04uunE
clk6ldflp00423n6l9q27b78p,4902,front,,Abnormal Gait,stroke,"{'top': 32.004449388209125, 'left': 156.3047830923248, 'height': 323.22580645161287, 'width': 155.3092324805339}","{'height': 360, 'width': 640, 'mime_type': 'video/mp4'}",fbY4O04uunE,https://www.youtube.com/watch?v=fbY4O04uunE
clk6ldflp00423n6l9q27b78p,4903,front,,Abnormal Gait,stroke,"{'top': 31.975528364849833, 'left': 156.32369299221358, 'height': 323.258064516129, 'width': 155.2992213570634}","{'height': 360, 'width': 640, 'mime_type': 'video/mp4'}",fbY4O04uunE,https://www.youtube.com/watch?v=fbY4O04uunE
clk6ldflp00423n6l9q27b78p,4904,front,,Abnormal Gait,stroke,"{'top': 31.946607341490544, 'left': 156.34260289210235, 'height': 323.2903225806451, 'width': 155.28921023359285}","{'height': 360, 'width': 640, 'mime_type': 'video/mp4'}",fbY4O04uunE,https://www.youtube.com/watch?v=fbY4O04uunE
clk6ldflp00423n6l9q27b78p,4905,front,,Abnormal Gait,stroke,"{'top': 31.917686318131256, 'left': 156.3615127919911, 'height': 323.3225806451613, 'width': 155.2791991101224}","{'height': 360, 'width': 640, 'mime_type': 'video/mp4'}",fbY4O04uunE,https://www.youtube.com/watch?v=fbY4O04uunE
clk6ldflp00423n6l9q27b78p,4906,front,,Abnormal Gait,stroke,"{'top': 31.888765294771968, 'left': 156.38042269187986, 'height': 323.3548387096774, 'width': 155.26918798665184}","{'height': 360, 'width': 640, 'mime_type': 'video/mp4'}",fbY4O04uunE,https://www.youtube.com/watch?v=fbY4O04uunE
clk6ldflp00423n6l9q27b78p,4907,front,,Abnormal Gait,stroke,"{'top': 31.85984427141268, 'left': 156.39933259176863, 'height': 323.38709677419354, 'width': 155.2591768631813}","{'height': 360, 'width': 640, 'mime_type': 'video/mp4'}",fbY4O04uunE,https://www.youtube.com/watch?v=fbY4O04uunE
clk6ldflp00423n6l9q27b78p,4908,front,,Abnormal Gait,stroke,"{'top': 31.83092324805339, 'left': 156.4182424916574, 'height': 323.41935483870964, 'width': 155.2491657397108}","{'height': 360, 'width': 640, 'mime_type': 'video/mp4'}",fbY4O04uunE,https://www.youtube.com/watch?v=fbY4O04uunE
clk6ldflp00423n6l9q27b78p,4909,front,,Abnormal Gait,stroke,"{'top': 31.802002224694103, 'left': 156.43715239154616, 'height': 323.4516129032258, 'width': 155.23915461624026}","{'height': 360, 'width': 640, 'mime_type': 'video/mp4'}",fbY4O04uunE,https://www.youtube.com/watch?v=fbY4O04uunE
clk6ldflp00423n6l9q27b78p,4910,front,,Abnormal Gait,stroke,"{'top': 31.77308120133482, 'left': 156.45606229143493, 'height': 323.4838709677419, 'width': 155.22914349276977}","{'height': 360, 'width': 640, 'mime_type': 'video/mp4'}",fbY4O04uunE,https://www.youtube.com/watch?v=fbY4O04uunE
clk6ldflp00423n6l9q27b78p,4911,front,,Abnormal Gait,stroke,"{'top': 31.74416017797553, 'left': 156.4749721913237, 'height': 323.51612903225805, 'width': 155.21913236929922}","{'height': 360, 'width': 640, 'mime_type': 'video/mp4'}",fbY4O04uunE,https://www.youtube.com/watch?v=fbY4O04uunE
clk6ldflp00423n6l9q27b78p,4912,front,,Abnormal Gait,stroke,"{'top': 31.715239154616242, 'left': 156.49388209121247, 'height': 323.54838709677415, 'width': 155.20912124582867}","{'height': 360, 'width': 640, 'mime_type': 'video/mp4'}",fbY4O04uunE,https://www.youtube.com/watch?v=fbY4O04uunE
clk6ldflp00423n6l9q27b78p,4913,front,,Abnormal Gait,stroke,"{'top': 31.686318131256954, 'left': 156.5127919911012, 'height': 323.58064516129036, 'width': 155.1991101223582}","{'height': 360, 'width': 640, 'mime_type': 'video/mp4'}",fbY4O04uunE,https://www.youtube.com/watch?v=fbY4O04uunE
clk6ldflp00423n6l9q27b78p,4914,front,,Abnormal Gait,stroke,"{'top': 31.657397107897665, 'left': 156.53170189098998, 'height': 323.61290322580646, 'width': 155.18909899888766}","{'height': 360, 'width': 640, 'mime_type': 'video/mp4'}",fbY4O04uunE,https://www.youtube.com/watch?v=fbY4O04uunE
clk6ldflp00423n6l9q27b78p,4915,front,,Abnormal Gait,stroke,"{'top': 31.628476084538377, 'left': 156.55061179087875, 'height': 323.6451612903226, 'width': 155.1790878754171}","{'height': 360, 'width': 640, 'mime_type': 'video/mp4'}",fbY4O04uunE,https://www.youtube.com/watch?v=fbY4O04uunE
clk6ldflp00423n6l9q27b78p,4916,front,,Abnormal Gait,stroke,"{'top': 31.59955506117909, 'left': 156.56952169076752, 'height': 323.6774193548387, 'width': 155.16907675194662}","{'height': 360, 'width': 640, 'mime_type': 'video/mp4'}",fbY4O04uunE,https://www.youtube.com/watch?v=fbY4O04uunE
clk6ldflp00423n6l9q27b78p,4917,front,,Abnormal Gait,stroke,"{'top': 31.5706340378198, 'left': 156.58843159065628, 'height': 323.7096774193549, 'width': 155.15906562847607}","{'height': 360, 'width': 640, 'mime_type': 'video/mp4'}",fbY4O04uunE,https://www.youtube.com/watch?v=fbY4O04uunE
clk6ldflp00423n6l9q27b78p,4918,front,,Abnormal Gait,stroke,"{'top': 31.541713014460512, 'left': 156.60734149054505, 'height': 323.741935483871, 'width': 155.14905450500558}","{'height': 360, 'width': 640, 'mime_type': 'video/mp4'}",fbY4O04uunE,https://www.youtube.com/watch?v=fbY4O04uunE
clk6ldflp00423n6l9q27b78p,4919,front,,Abnormal Gait,stroke,"{'top': 31.512791991101224, 'left': 156.62625139043382, 'height': 323.77419354838713, 'width': 155.13904338153503}","{'height': 360, 'width': 640, 'mime_type': 'video/mp4'}",fbY4O04uunE,https://www.youtube.com/watch?v=fbY4O04uunE
clk6ldflp00423n6l9q27b78p,4920,front,,Abnormal Gait,stroke,"{'top': 31.483870967741936, 'left': 156.6451612903226, 'height': 323.80645161290323, 'width': 155.12903225806448}","{'height': 360, 'width': 640, 'mime_type': 'video/mp4'}",fbY4O04uunE,https://www.youtube.com/watch?v=fbY4O04uunE
clk6ldflp00423n6l9q27b78p,4921,front,,Abnormal Gait,stroke,"{'top': 31.454949944382648, 'left': 156.66407119021136, 'height': 323.8387096774194, 'width': 155.119021134594}","{'height': 360, 'width': 640, 'mime_type': 'video/mp4'}",fbY4O04uunE,https://www.youtube.com/watch?v=fbY4O04uunE
clk6ldflp00423n6l9q27b78p,4922,front,,Abnormal Gait,stroke,"{'top': 31.42602892102336, 'left': 156.6829810901001, 'height': 323.8709677419355, 'width': 155.10901001112347}","{'height': 360, 'width': 640, 'mime_type': 'video/mp4'}",fbY4O04uunE,https://www.youtube.com/watch?v=fbY4O04uunE
clk6ldflp00423n6l9q27b78p,4923,front,,Abnormal Gait,stroke,"{'top': 31.39710789766407, 'left': 156.70189098998887, 'height': 323.90322580645164, 'width': 155.09899888765298}","{'height': 360, 'width': 640, 'mime_type': 'video/mp4'}",fbY4O04uunE,https://www.youtube.com/watch?v=fbY4O04uunE
clk6ldflp00423n6l9q27b78p,4924,front,,Abnormal Gait,stroke,"{'top': 31.368186874304783, 'left': 156.72080088987764, 'height': 323.93548387096774, 'width': 155.08898776418243}","{'height': 360, 'width': 640, 'mime_type': 'video/mp4'}",fbY4O04uunE,https://www.youtube.com/watch?v=fbY4O04uunE
clk6ldflp00423n6l9q27b78p,4925,front,,Abnormal Gait,stroke,"{'top': 31.339265850945495, 'left': 156.7397107897664, 'height': 323.9677419354839, 'width': 155.0789766407119}","{'height': 360, 'width': 640, 'mime_type': 'video/mp4'}",fbY4O04uunE,https://www.youtube.com/watch?v=fbY4O04uunE
clk6ldflp00423n6l9q27b78p,4926,front,,Abnormal Gait,stroke,"{'top': 31.310344827586206, 'left': 156.75862068965517, 'height': 324.0, 'width': 155.0689655172414}","{'height': 360, 'width': 640, 'mime_type': 'video/mp4'}",fbY4O04uunE,https://www.youtube.com/watch?v=fbY4O04uunE
clk6ldflp00423n6l9q27b78p,4927,front,,Abnormal Gait,stroke,"{'top': 31.281423804226918, 'left': 156.77753058954394, 'height': 324.03225806451616, 'width': 155.05895439377085}","{'height': 360, 'width': 640, 'mime_type': 'video/mp4'}",fbY4O04uunE,https://www.youtube.com/watch?v=fbY4O04uunE
clk6ldflp00423n6l9q27b78p,4928,front,,Abnormal Gait,stroke,"{'top': 31.25250278086763, 'left': 156.7964404894327, 'height': 324.06451612903226, 'width': 155.0489432703003}","{'height': 360, 'width': 640, 'mime_type': 'video/mp4'}",fbY4O04uunE,https://www.youtube.com/watch?v=fbY4O04uunE
clk6ldflp00423n6l9q27b78p,4929,front,,Abnormal Gait,stroke,"{'top': 31.22358175750834, 'left': 156.81535038932148, 'height': 324.0967741935484, 'width': 155.0389321468298}","{'height': 360, 'width': 640, 'mime_type': 'video/mp4'}",fbY4O04uunE,https://www.youtube.com/watch?v=fbY4O04uunE
clk6ldflp00423n6l9q27b78p,4930,front,,Abnormal Gait,stroke,"{'top': 31.194660734149053, 'left': 156.83426028921022, 'height': 324.1290322580645, 'width': 155.0289210233593}","{'height': 360, 'width': 640, 'mime_type': 'video/mp4'}",fbY4O04uunE,https://www.youtube.com/watch?v=fbY4O04uunE
clk6ldflp00423n6l9q27b78p,4931,front,,Abnormal Gait,stroke,"{'top': 31.165739710789765, 'left': 156.853170189099, 'height': 324.16129032258067, 'width': 155.0189098998888}","{'height': 360, 'width': 640, 'mime_type': 'video/mp4'}",fbY4O04uunE,https://www.youtube.com/watch?v=fbY4O04uunE
clk6ldflp00423n6l9q27b78p,4932,front,,Abnormal Gait,stroke,"{'top': 31.136818687430477, 'left': 156.87208008898776, 'height': 324.19354838709677, 'width': 155.00889877641825}","{'height': 360, 'width': 640, 'mime_type': 'video/mp4'}",fbY4O04uunE,https://www.youtube.com/watch?v=fbY4O04uunE
clk6ldflp00423n6l9q27b78p,4933,front,,Abnormal Gait,stroke,"{'top': 31.10789766407119, 'left': 156.89098998887653, 'height': 324.2258064516129, 'width': 154.9988876529477}","{'height': 360, 'width': 640, 'mime_type': 'video/mp4'}",fbY4O04uunE,https://www.youtube.com/watch?v=fbY4O04uunE
clk6ldflp00423n6l9q27b78p,4934,front,,Abnormal Gait,stroke,"{'top': 31.0789766407119, 'left': 156.9098998887653, 'height': 324.258064516129, 'width': 154.9888765294772}","{'height': 360, 'width': 640, 'mime_type': 'video/mp4'}",fbY4O04uunE,https://www.youtube.com/watch?v=fbY4O04uunE
clk6ldflp00423n6l9q27b78p,4935,front,,Abnormal Gait,stroke,"{'top': 31.050055617352616, 'left': 156.92880978865406, 'height': 324.2903225806452, 'width': 154.97886540600666}","{'height': 360, 'width': 640, 'mime_type': 'video/mp4'}",fbY4O04uunE,https://www.youtube.com/watch?v=fbY4O04uunE
clk6ldflp00423n6l9q27b78p,4936,front,,Abnormal Gait,stroke,"{'top': 31.021134593993327, 'left': 156.94771968854283, 'height': 324.3225806451613, 'width': 154.96885428253617}","{'height': 360, 'width': 640, 'mime_type': 'video/mp4'}",fbY4O04uunE,https://www.youtube.com/watch?v=fbY4O04uunE
clk6ldflp00423n6l9q27b78p,4937,front,,Abnormal Gait,stroke,"{'top': 30.99221357063404, 'left': 156.9666295884316, 'height': 324.35483870967744, 'width': 154.95884315906562}","{'height': 360, 'width': 640, 'mime_type': 'video/mp4'}",fbY4O04uunE,https://www.youtube.com/watch?v=fbY4O04uunE
clk6ldflp00423n6l9q27b78p,4938,front,,Abnormal Gait,stroke,"{'top': 30.96329254727475, 'left': 156.98553948832034, 'height': 324.38709677419354, 'width': 154.9488320355951}","{'height': 360, 'width': 640, 'mime_type': 'video/mp4'}",fbY4O04uunE,https://www.youtube.com/watch?v=fbY4O04uunE
clk6ldflp00423n6l9q27b78p,4939,front,,Abnormal Gait,stroke,"{'top': 30.934371523915463, 'left': 157.0044493882091, 'height': 324.4193548387097, 'width': 154.9388209121246}","{'height': 360, 'width': 640, 'mime_type': 'video/mp4'}",fbY4O04uunE,https://www.youtube.com/watch?v=fbY4O04uunE
clk6ldflp00423n6l9q27b78p,4940,front,,Abnormal Gait,stroke,"{'top': 30.905450500556174, 'left': 157.02335928809788, 'height': 324.4516129032258, 'width': 154.92880978865406}","{'height': 360, 'width': 640, 'mime_type': 'video/mp4'}",fbY4O04uunE,https://www.youtube.com/watch?v=fbY4O04uunE
clk6ldflp00423n6l9q27b78p,4941,front,,Abnormal Gait,stroke,"{'top': 30.876529477196886, 'left': 157.04226918798665, 'height': 324.48387096774195, 'width': 154.91879866518352}","{'height': 360, 'width': 640, 'mime_type': 'video/mp4'}",fbY4O04uunE,https://www.youtube.com/watch?v=fbY4O04uunE
clk6ldflp00423n6l9q27b78p,4942,front,,Abnormal Gait,stroke,"{'top': 30.847608453837598, 'left': 157.06117908787542, 'height': 324.51612903225805, 'width': 154.90878754171302}","{'height': 360, 'width': 640, 'mime_type': 'video/mp4'}",fbY4O04uunE,https://www.youtube.com/watch?v=fbY4O04uunE
clk6ldflp00423n6l9q27b78p,4943,front,,Abnormal Gait,stroke,"{'top': 30.81868743047831, 'left': 157.08008898776419, 'height': 324.5483870967742, 'width': 154.89877641824248}","{'height': 360, 'width': 640, 'mime_type': 'video/mp4'}",fbY4O04uunE,https://www.youtube.com/watch?v=fbY4O04uunE
clk6ldflp00423n6l9q27b78p,4944,front,,Abnormal Gait,stroke,"{'top': 30.78976640711902, 'left': 157.09899888765295, 'height': 324.5806451612903, 'width': 154.88876529477199}","{'height': 360, 'width': 640, 'mime_type': 'video/mp4'}",fbY4O04uunE,https://www.youtube.com/watch?v=fbY4O04uunE
clk6ldflp00423n6l9q27b78p,4945,front,,Abnormal Gait,stroke,"{'top': 30.760845383759733, 'left': 157.11790878754172, 'height': 324.61290322580646, 'width': 154.87875417130144}","{'height': 360, 'width': 640, 'mime_type': 'video/mp4'}",fbY4O04uunE,https://www.youtube.com/watch?v=fbY4O04uunE
clk6ldflp00423n6l9q27b78p,4946,front,,Abnormal Gait,stroke,"{'top': 30.731924360400445, 'left': 157.1368186874305, 'height': 324.64516129032256, 'width': 154.8687430478309}","{'height': 360, 'width': 640, 'mime_type': 'video/mp4'}",fbY4O04uunE,https://www.youtube.com/watch?v=fbY4O04uunE
clk6ldflp00423n6l9q27b78p,4947,front,,Abnormal Gait,stroke,"{'top': 30.703003337041157, 'left': 157.15572858731923, 'height': 324.6774193548387, 'width': 154.85873192436043}","{'height': 360, 'width': 640, 'mime_type': 'video/mp4'}",fbY4O04uunE,https://www.youtube.com/watch?v=fbY4O04uunE
clk6ldflp00423n6l9q27b78p,4948,front,,Abnormal Gait,stroke,"{'top': 30.67408231368187, 'left': 157.174638487208, 'height': 324.7096774193548, 'width': 154.84872080088988}","{'height': 360, 'width': 640, 'mime_type': 'video/mp4'}",fbY4O04uunE,https://www.youtube.com/watch?v=fbY4O04uunE
clk6ldflp00423n6l9q27b78p,4949,front,,Abnormal Gait,stroke,"{'top': 30.64516129032258, 'left': 157.19354838709677, 'height': 324.741935483871, 'width': 154.8387096774194}","{'height': 360, 'width': 640, 'mime_type': 'video/mp4'}",fbY4O04uunE,https://www.youtube.com/watch?v=fbY4O04uunE
clk6ldflp00423n6l9q27b78p,4950,front,,Abnormal Gait,stroke,"{'top': 30.616240266963292, 'left': 157.21245828698554, 'height': 324.7741935483871, 'width': 154.82869855394884}","{'height': 360, 'width': 640, 'mime_type': 'video/mp4'}",fbY4O04uunE,https://www.youtube.com/watch?v=fbY4O04uunE
clk6ldflp00423n6l9q27b78p,4951,front,,Abnormal Gait,stroke,"{'top': 30.587319243604004, 'left': 157.2313681868743, 'height': 324.80645161290323, 'width': 154.8186874304783}","{'height': 360, 'width': 640, 'mime_type': 'video/mp4'}",fbY4O04uunE,https://www.youtube.com/watch?v=fbY4O04uunE
clk6ldflp00423n6l9q27b78p,4952,front,,Abnormal Gait,stroke,"{'top': 30.558398220244715, 'left': 157.25027808676307, 'height': 324.83870967741933, 'width': 154.8086763070078}","{'height': 360, 'width': 640, 'mime_type': 'video/mp4'}",fbY4O04uunE,https://www.youtube.com/watch?v=fbY4O04uunE
clk6ldflp00423n6l9q27b78p,4953,front,,Abnormal Gait,stroke,"{'top': 30.529477196885427, 'left': 157.26918798665184, 'height': 324.8709677419355, 'width': 154.79866518353725}","{'height': 360, 'width': 640, 'mime_type': 'video/mp4'}",fbY4O04uunE,https://www.youtube.com/watch?v=fbY4O04uunE
clk6ldflp00423n6l9q27b78p,4954,front,,Abnormal Gait,stroke,"{'top': 30.500556173526142, 'left': 157.2880978865406, 'height': 324.9032258064516, 'width': 154.7886540600667}","{'height': 360, 'width': 640, 'mime_type': 'video/mp4'}",fbY4O04uunE,https://www.youtube.com/watch?v=fbY4O04uunE
clk6ldflp00423n6l9q27b78p,4955,front,,Abnormal Gait,stroke,"{'top': 30.47163515016685, 'left': 157.30700778642935, 'height': 324.93548387096774, 'width': 154.77864293659624}","{'height': 360, 'width': 640, 'mime_type': 'video/mp4'}",fbY4O04uunE,https://www.youtube.com/watch?v=fbY4O04uunE
clk6ldflp00423n6l9q27b78p,4956,front,,Abnormal Gait,stroke,"{'top': 30.442714126807566, 'left': 157.32591768631812, 'height': 324.96774193548384, 'width': 154.7686318131257}","{'height': 360, 'width': 640, 'mime_type': 'video/mp4'}",fbY4O04uunE,https://www.youtube.com/watch?v=fbY4O04uunE
clk6ldflp00423n6l9q27b78p,4957,front,,Abnormal Gait,stroke,"{'top': 30.413793103448278, 'left': 157.3448275862069, 'height': 325.0, 'width': 154.7586206896552}","{'height': 360, 'width': 640, 'mime_type': 'video/mp4'}",fbY4O04uunE,https://www.youtube.com/watch?v=fbY4O04uunE
clk6ldflp00423n6l9q27b78p,4958,front,,Abnormal Gait,stroke,"{'top': 30.38487208008899, 'left': 157.36373748609566, 'height': 325.0322580645161, 'width': 154.74860956618465}","{'height': 360, 'width': 640, 'mime_type': 'video/mp4'}",fbY4O04uunE,https://www.youtube.com/watch?v=fbY4O04uunE
clk6ldflp00423n6l9q27b78p,4959,front,,Abnormal Gait,stroke,"{'top': 30.3559510567297, 'left': 157.38264738598443, 'height': 325.06451612903226, 'width': 154.7385984427141}","{'height': 360, 'width': 640, 'mime_type': 'video/mp4'}",fbY4O04uunE,https://www.youtube.com/watch?v=fbY4O04uunE
clk6ldflp00423n6l9q27b78p,4960,front,,Abnormal Gait,stroke,"{'top': 30.327030033370413, 'left': 157.4015572858732, 'height': 325.09677419354836, 'width': 154.72858731924362}","{'height': 360, 'width': 640, 'mime_type': 'video/mp4'}",fbY4O04uunE,https://www.youtube.com/watch?v=fbY4O04uunE
clk6ldflp00423n6l9q27b78p,4961,front,,Abnormal Gait,stroke,"{'top': 30.298109010011125, 'left': 157.42046718576196, 'height': 325.1290322580645, 'width': 154.71857619577307}","{'height': 360, 'width': 640, 'mime_type': 'video/mp4'}",fbY4O04uunE,https://www.youtube.com/watch?v=fbY4O04uunE
clk6ldflp00423n6l9q27b78p,4962,front,,Abnormal Gait,stroke,"{'top': 30.269187986651836, 'left': 157.43937708565073, 'height': 325.1612903225806, 'width': 154.70856507230258}","{'height': 360, 'width': 640, 'mime_type': 'video/mp4'}",fbY4O04uunE,https://www.youtube.com/watch?v=fbY4O04uunE
clk6ldflp00423n6l9q27b78p,4963,front,,Abnormal Gait,stroke,"{'top': 30.240266963292548, 'left': 157.4582869855395, 'height': 325.19354838709677, 'width': 154.69855394883203}","{'height': 360, 'width': 640, 'mime_type': 'video/mp4'}",fbY4O04uunE,https://www.youtube.com/watch?v=fbY4O04uunE
clk6ldflp00423n6l9q27b78p,4964,front,,Abnormal Gait,stroke,"{'top': 30.21134593993326, 'left': 157.47719688542824, 'height': 325.22580645161287, 'width': 154.6885428253615}","{'height': 360, 'width': 640, 'mime_type': 'video/mp4'}",fbY4O04uunE,https://www.youtube.com/watch?v=fbY4O04uunE
clk6ldflp00423n6l9q27b78p,4965,front,,Abnormal Gait,stroke,"{'top': 30.18242491657397, 'left': 157.496106785317, 'height': 325.258064516129, 'width': 154.67853170189102}","{'height': 360, 'width': 640, 'mime_type': 'video/mp4'}",fbY4O04uunE,https://www.youtube.com/watch?v=fbY4O04uunE
clk6ldflp00423n6l9q27b78p,4966,front,,Abnormal Gait,stroke,"{'top': 30.153503893214683, 'left': 157.51501668520578, 'height': 325.2903225806452, 'width': 154.66852057842047}","{'height': 360, 'width': 640, 'mime_type': 'video/mp4'}",fbY4O04uunE,https://www.youtube.com/watch?v=fbY4O04uunE
clk6ldflp00423n6l9q27b78p,4967,front,,Abnormal Gait,stroke,"{'top': 30.124582869855395, 'left': 157.53392658509455, 'height': 325.32258064516134, 'width': 154.65850945494992}","{'height': 360, 'width': 640, 'mime_type': 'video/mp4'}",fbY4O04uunE,https://www.youtube.com/watch?v=fbY4O04uunE
clk6ldflp00423n6l9q27b78p,4968,front,,Abnormal Gait,stroke,"{'top': 30.095661846496107, 'left': 157.55283648498332, 'height': 325.35483870967744, 'width': 154.64849833147943}","{'height': 360, 'width': 640, 'mime_type': 'video/mp4'}",fbY4O04uunE,https://www.youtube.com/watch?v=fbY4O04uunE
clk6ldflp00423n6l9q27b78p,4969,front,,Abnormal Gait,stroke,"{'top': 30.06674082313682, 'left': 157.57174638487209, 'height': 325.3870967741936, 'width': 154.63848720800888}","{'height': 360, 'width': 640, 'mime_type': 'video/mp4'}",fbY4O04uunE,https://www.youtube.com/watch?v=fbY4O04uunE
clk6ldflp00423n6l9q27b78p,4970,front,,Abnormal Gait,stroke,"{'top': 30.03781979977753, 'left': 157.59065628476085, 'height': 325.4193548387097, 'width': 154.6284760845384}","{'height': 360, 'width': 640, 'mime_type': 'video/mp4'}",fbY4O04uunE,https://www.youtube.com/watch?v=fbY4O04uunE
clk6ldflp00423n6l9q27b78p,4971,front,,Abnormal Gait,stroke,"{'top': 30.008898776418242, 'left': 157.60956618464962, 'height': 325.45161290322585, 'width': 154.61846496106784}","{'height': 360, 'width': 640, 'mime_type': 'video/mp4'}",fbY4O04uunE,https://www.youtube.com/watch?v=fbY4O04uunE
clk6ldflp00423n6l9q27b78p,4972,front,,Abnormal Gait,stroke,"{'top': 29.979977753058954, 'left': 157.62847608453836, 'height': 325.48387096774195, 'width': 154.60845383759732}","{'height': 360, 'width': 640, 'mime_type': 'video/mp4'}",fbY4O04uunE,https://www.youtube.com/watch?v=fbY4O04uunE
clk6ldflp00423n6l9q27b78p,4973,front,,Abnormal Gait,stroke,"{'top': 29.951056729699665, 'left': 157.64738598442713, 'height': 325.5161290322581, 'width': 154.59844271412683}","{'height': 360, 'width': 640, 'mime_type': 'video/mp4'}",fbY4O04uunE,https://www.youtube.com/watch?v=fbY4O04uunE
clk6ldflp00423n6l9q27b78p,4974,front,,Abnormal Gait,stroke,"{'top': 29.922135706340377, 'left': 157.6662958843159, 'height': 325.5483870967742, 'width': 154.58843159065628}","{'height': 360, 'width': 640, 'mime_type': 'video/mp4'}",fbY4O04uunE,https://www.youtube.com/watch?v=fbY4O04uunE
clk6ldflp00423n6l9q27b78p,4975,front,,Abnormal Gait,stroke,"{'top': 29.89321468298109, 'left': 157.68520578420467, 'height': 325.58064516129036, 'width': 154.57842046718574}","{'height': 360, 'width': 640, 'mime_type': 'video/mp4'}",fbY4O04uunE,https://www.youtube.com/watch?v=fbY4O04uunE
clk6ldflp00423n6l9q27b78p,4976,front,,Abnormal Gait,stroke,"{'top': 29.8642936596218, 'left': 157.70411568409344, 'height': 325.61290322580646, 'width': 154.56840934371525}","{'height': 360, 'width': 640, 'mime_type': 'video/mp4'}",fbY4O04uunE,https://www.youtube.com/watch?v=fbY4O04uunE
clk6ldflp00423n6l9q27b78p,4977,front,,Abnormal Gait,stroke,"{'top': 29.835372636262512, 'left': 157.7230255839822, 'height': 325.6451612903226, 'width': 154.5583982202447}","{'height': 360, 'width': 640, 'mime_type': 'video/mp4'}",fbY4O04uunE,https://www.youtube.com/watch?v=fbY4O04uunE
clk6ldflp00423n6l9q27b78p,4978,front,,Abnormal Gait,stroke,"{'top': 29.806451612903224, 'left': 157.74193548387098, 'height': 325.6774193548387, 'width': 154.5483870967742}","{'height': 360, 'width': 640, 'mime_type': 'video/mp4'}",fbY4O04uunE,https://www.youtube.com/watch?v=fbY4O04uunE
clk6ldflp00423n6l9q27b78p,4979,front,,Abnormal Gait,stroke,"{'top': 29.777530589543936, 'left': 157.76084538375974, 'height': 325.7096774193549, 'width': 154.53837597330366}","{'height': 360, 'width': 640, 'mime_type': 'video/mp4'}",fbY4O04uunE,https://www.youtube.com/watch?v=fbY4O04uunE
clk6ldflp00423n6l9q27b78p,4980,front,,Abnormal Gait,stroke,"{'top': 29.748609566184648, 'left': 157.7797552836485, 'height': 325.741935483871, 'width': 154.5283648498331}","{'height': 360, 'width': 640, 'mime_type': 'video/mp4'}",fbY4O04uunE,https://www.youtube.com/watch?v=fbY4O04uunE
clk6ldflp00423n6l9q27b78p,4981,front,,Abnormal Gait,stroke,"{'top': 29.71968854282536, 'left': 157.79866518353725, 'height': 325.77419354838713, 'width': 154.51835372636265}","{'height': 360, 'width': 640, 'mime_type': 'video/mp4'}",fbY4O04uunE,https://www.youtube.com/watch?v=fbY4O04uunE
clk6ldflp00423n6l9q27b78p,4982,front,,Abnormal Gait,stroke,"{'top': 29.690767519466075, 'left': 157.81757508342602, 'height': 325.80645161290323, 'width': 154.5083426028921}","{'height': 360, 'width': 640, 'mime_type': 'video/mp4'}",fbY4O04uunE,https://www.youtube.com/watch?v=fbY4O04uunE
clk6ldflp00423n6l9q27b78p,4983,front,,Abnormal Gait,stroke,"{'top': 29.661846496106786, 'left': 157.8364849833148, 'height': 325.8387096774194, 'width': 154.4983314794216}","{'height': 360, 'width': 640, 'mime_type': 'video/mp4'}",fbY4O04uunE,https://www.youtube.com/watch?v=fbY4O04uunE
clk6ldflp00423n6l9q27b78p,4984,front,,Abnormal Gait,stroke,"{'top': 29.632925472747498, 'left': 157.85539488320356, 'height': 325.8709677419355, 'width': 154.48832035595106}","{'height': 360, 'width': 640, 'mime_type': 'video/mp4'}",fbY4O04uunE,https://www.youtube.com/watch?v=fbY4O04uunE
clk6ldflp00423n6l9q27b78p,4985,front,,Abnormal Gait,stroke,"{'top': 29.60400444938821, 'left': 157.87430478309233, 'height': 325.90322580645164, 'width': 154.4783092324805}","{'height': 360, 'width': 640, 'mime_type': 'video/mp4'}",fbY4O04uunE,https://www.youtube.com/watch?v=fbY4O04uunE
clk6ldflp00423n6l9q27b78p,4986,front,,Abnormal Gait,stroke,"{'top': 29.57508342602892, 'left': 157.8932146829811, 'height': 325.93548387096774, 'width': 154.46829810901002}","{'height': 360, 'width': 640, 'mime_type': 'video/mp4'}",fbY4O04uunE,https://www.youtube.com/watch?v=fbY4O04uunE
clk6ldflp00423n6l9q27b78p,4987,front,,Abnormal Gait,stroke,"{'top': 29.546162402669633, 'left': 157.91212458286986, 'height': 325.9677419354839, 'width': 154.45828698553947}","{'height': 360, 'width': 640, 'mime_type': 'video/mp4'}",fbY4O04uunE,https://www.youtube.com/watch?v=fbY4O04uunE
clk6ldflp00423n6l9q27b78p,4988,front,,Abnormal Gait,stroke,"{'top': 29.517241379310345, 'left': 157.93103448275863, 'height': 326.0, 'width': 154.44827586206893}","{'height': 360, 'width': 640, 'mime_type': 'video/mp4'}",fbY4O04uunE,https://www.youtube.com/watch?v=fbY4O04uunE
clk6ldflp00423n6l9q27b78p,4989,front,,Abnormal Gait,stroke,"{'top': 29.488320355951057, 'left': 157.94994438264737, 'height': 326.03225806451616, 'width': 154.43826473859846}","{'height': 360, 'width': 640, 'mime_type': 'video/mp4'}",fbY4O04uunE,https://www.youtube.com/watch?v=fbY4O04uunE
clk6ldflp00423n6l9q27b78p,4990,front,,Abnormal Gait,stroke,"{'top': 29.45939933259177, 'left': 157.96885428253614, 'height': 326.06451612903226, 'width': 154.42825361512791}","{'height': 360, 'width': 640, 'mime_type': 'video/mp4'}",fbY4O04uunE,https://www.youtube.com/watch?v=fbY4O04uunE
clk6ldflp00423n6l9q27b78p,4991,front,,Abnormal Gait,stroke,"{'top': 29.43047830923248, 'left': 157.9877641824249, 'height': 326.0967741935484, 'width': 154.41824249165742}","{'height': 360, 'width': 640, 'mime_type': 'video/mp4'}",fbY4O04uunE,https://www.youtube.com/watch?v=fbY4O04uunE
clk6ldflp00423n6l9q27b78p,4992,front,,Abnormal Gait,stroke,"{'top': 29.401557285873192, 'left': 158.00667408231368, 'height': 326.1290322580645, 'width': 154.40823136818688}","{'height': 360, 'width': 640, 'mime_type': 'video/mp4'}",fbY4O04uunE,https://www.youtube.com/watch?v=fbY4O04uunE
clk6ldflp00423n6l9q27b78p,4993,front,,Abnormal Gait,stroke,"{'top': 29.372636262513904, 'left': 158.02558398220245, 'height': 326.16129032258067, 'width': 154.39822024471633}","{'height': 360, 'width': 640, 'mime_type': 'video/mp4'}",fbY4O04uunE,https://www.youtube.com/watch?v=fbY4O04uunE
clk6ldflp00423n6l9q27b78p,4994,front,,Abnormal Gait,stroke,"{'top': 29.343715239154616, 'left': 158.04449388209122, 'height': 326.19354838709677, 'width': 154.38820912124584}","{'height': 360, 'width': 640, 'mime_type': 'video/mp4'}",fbY4O04uunE,https://www.youtube.com/watch?v=fbY4O04uunE
clk6ldflp00423n6l9q27b78p,4995,front,,Abnormal Gait,stroke,"{'top': 29.314794215795327, 'left': 158.06340378197999, 'height': 326.2258064516129, 'width': 154.3781979977753}","{'height': 360, 'width': 640, 'mime_type': 'video/mp4'}",fbY4O04uunE,https://www.youtube.com/watch?v=fbY4O04uunE
clk6ldflp00423n6l9q27b78p,4996,front,,Abnormal Gait,stroke,"{'top': 29.28587319243604, 'left': 158.08231368186875, 'height': 326.258064516129, 'width': 154.3681868743048}","{'height': 360, 'width': 640, 'mime_type': 'video/mp4'}",fbY4O04uunE,https://www.youtube.com/watch?v=fbY4O04uunE
clk6ldflp00423n6l9q27b78p,4997,front,,Abnormal Gait,stroke,"{'top': 29.25695216907675, 'left': 158.1012235817575, 'height': 326.2903225806452, 'width': 154.35817575083428}","{'height': 360, 'width': 640, 'mime_type': 'video/mp4'}",fbY4O04uunE,https://www.youtube.com/watch?v=fbY4O04uunE
clk6ldflp00423n6l9q27b78p,4998,front,,Abnormal Gait,stroke,"{'top': 29.228031145717463, 'left': 158.12013348164626, 'height': 326.3225806451613, 'width': 154.34816462736373}","{'height': 360, 'width': 640, 'mime_type': 'video/mp4'}",fbY4O04uunE,https://www.youtube.com/watch?v=fbY4O04uunE
clk6ldflp00423n6l9q27b78p,4999,front,,Abnormal Gait,stroke,"{'top': 29.199110122358178, 'left': 158.13904338153503, 'height': 326.35483870967744, 'width': 154.33815350389324}","{'height': 360, 'width': 640, 'mime_type': 'video/mp4'}",fbY4O04uunE,https://www.youtube.com/watch?v=fbY4O04uunE
clk6ldflp00423n6l9q27b78p,5000,front,,Abnormal Gait,stroke,"{'top': 29.17018909899889, 'left': 158.1579532814238, 'height': 326.38709677419354, 'width': 154.3281423804227}","{'height': 360, 'width': 640, 'mime_type': 'video/mp4'}",fbY4O04uunE,https://www.youtube.com/watch?v=fbY4O04uunE
clk6ldflp00423n6l9q27b78p,5001,front,,Abnormal Gait,stroke,"{'top': 29.1412680756396, 'left': 158.17686318131257, 'height': 326.41935483870964, 'width': 154.31813125695214}","{'height': 360, 'width': 640, 'mime_type': 'video/mp4'}",fbY4O04uunE,https://www.youtube.com/watch?v=fbY4O04uunE
clk6ldflp00423n6l9q27b78p,5002,front,,Abnormal Gait,stroke,"{'top': 29.112347052280313, 'left': 158.19577308120134, 'height': 326.4516129032258, 'width': 154.30812013348165}","{'height': 360, 'width': 640, 'mime_type': 'video/mp4'}",fbY4O04uunE,https://www.youtube.com/watch?v=fbY4O04uunE
clk6ldflp00423n6l9q27b78p,5003,front,,Abnormal Gait,stroke,"{'top': 29.083426028921025, 'left': 158.2146829810901, 'height': 326.48387096774195, 'width': 154.2981090100111}","{'height': 360, 'width': 640, 'mime_type': 'video/mp4'}",fbY4O04uunE,https://www.youtube.com/watch?v=fbY4O04uunE
clk6ldflp00423n6l9q27b78p,5004,front,,Abnormal Gait,stroke,"{'top': 29.054505005561737, 'left': 158.23359288097888, 'height': 326.51612903225805, 'width': 154.2880978865406}","{'height': 360, 'width': 640, 'mime_type': 'video/mp4'}",fbY4O04uunE,https://www.youtube.com/watch?v=fbY4O04uunE
clk6ldflp00423n6l9q27b78p,5005,front,,Abnormal Gait,stroke,"{'top': 29.02558398220245, 'left': 158.25250278086764, 'height': 326.54838709677415, 'width': 154.27808676307006}","{'height': 360, 'width': 640, 'mime_type': 'video/mp4'}",fbY4O04uunE,https://www.youtube.com/watch?v=fbY4O04uunE
clk6ldflp00423n6l9q27b78p,5006,front,,Abnormal Gait,stroke,"{'top': 28.99666295884316, 'left': 158.27141268075638, 'height': 326.5806451612903, 'width': 154.26807563959954}","{'height': 360, 'width': 640, 'mime_type': 'video/mp4'}",fbY4O04uunE,https://www.youtube.com/watch?v=fbY4O04uunE
clk6ldflp00423n6l9q27b78p,5007,front,,Abnormal Gait,stroke,"{'top': 28.967741935483872, 'left': 158.29032258064515, 'height': 326.61290322580646, 'width': 154.25806451612905}","{'height': 360, 'width': 640, 'mime_type': 'video/mp4'}",fbY4O04uunE,https://www.youtube.com/watch?v=fbY4O04uunE
clk6ldflp00423n6l9q27b78p,5008,front,,Abnormal Gait,stroke,"{'top': 28.938820912124584, 'left': 158.30923248053392, 'height': 326.64516129032256, 'width': 154.2480533926585}","{'height': 360, 'width': 640, 'mime_type': 'video/mp4'}",fbY4O04uunE,https://www.youtube.com/watch?v=fbY4O04uunE
clk6ldflp00423n6l9q27b78p,5009,front,,Abnormal Gait,stroke,"{'top': 28.909899888765295, 'left': 158.3281423804227, 'height': 326.67741935483866, 'width': 154.238042269188}","{'height': 360, 'width': 640, 'mime_type': 'video/mp4'}",fbY4O04uunE,https://www.youtube.com/watch?v=fbY4O04uunE
clk6ldflp00423n6l9q27b78p,5010,front,,Abnormal Gait,stroke,"{'top': 28.880978865406007, 'left': 158.34705228031146, 'height': 326.7096774193548, 'width': 154.22803114571747}","{'height': 360, 'width': 640, 'mime_type': 'video/mp4'}",fbY4O04uunE,https://www.youtube.com/watch?v=fbY4O04uunE
clk6ldflp00423n6l9q27b78p,5011,front,,Abnormal Gait,stroke,"{'top': 28.85205784204672, 'left': 158.36596218020023, 'height': 326.741935483871, 'width': 154.21802002224692}","{'height': 360, 'width': 640, 'mime_type': 'video/mp4'}",fbY4O04uunE,https://www.youtube.com/watch?v=fbY4O04uunE
clk6ldflp00423n6l9q27b78p,5012,front,,Abnormal Gait,stroke,"{'top': 28.82313681868743, 'left': 158.384872080089, 'height': 326.7741935483871, 'width': 154.20800889877643}","{'height': 360, 'width': 640, 'mime_type': 'video/mp4'}",fbY4O04uunE,https://www.youtube.com/watch?v=fbY4O04uunE
clk6ldflp00423n6l9q27b78p,5013,front,,Abnormal Gait,stroke,"{'top': 28.794215795328142, 'left': 158.40378197997777, 'height': 326.8064516129032, 'width': 154.19799777530588}","{'height': 360, 'width': 640, 'mime_type': 'video/mp4'}",fbY4O04uunE,https://www.youtube.com/watch?v=fbY4O04uunE
clk6ldflp00423n6l9q27b78p,5014,front,,Abnormal Gait,stroke,"{'top': 28.765294771968854, 'left': 158.4226918798665, 'height': 326.83870967741933, 'width': 154.18798665183536}","{'height': 360, 'width': 640, 'mime_type': 'video/mp4'}",fbY4O04uunE,https://www.youtube.com/watch?v=fbY4O04uunE
clk6ldflp00423n6l9q27b78p,5015,front,,Abnormal Gait,stroke,"{'top': 28.736373748609566, 'left': 158.44160177975527, 'height': 326.8709677419355, 'width': 154.17797552836487}","{'height': 360, 'width': 640, 'mime_type': 'video/mp4'}",fbY4O04uunE,https://www.youtube.com/watch?v=fbY4O04uunE
clk6ldflp00423n6l9q27b78p,5016,front,,Abnormal Gait,stroke,"{'top': 28.707452725250278, 'left': 158.46051167964404, 'height': 326.9032258064516, 'width': 154.16796440489432}","{'height': 360, 'width': 640, 'mime_type': 'video/mp4'}",fbY4O04uunE,https://www.youtube.com/watch?v=fbY4O04uunE
clk6ldflp00423n6l9q27b78p,5017,front,,Abnormal Gait,stroke,"{'top': 28.67853170189099, 'left': 158.4794215795328, 'height': 326.9354838709677, 'width': 154.15795328142383}","{'height': 360, 'width': 640, 'mime_type': 'video/mp4'}",fbY4O04uunE,https://www.youtube.com/watch?v=fbY4O04uunE
clk6ldflp00423n6l9q27b78p,5018,front,,Abnormal Gait,stroke,"{'top': 28.6496106785317, 'left': 158.49833147942158, 'height': 326.96774193548384, 'width': 154.14794215795328}","{'height': 360, 'width': 640, 'mime_type': 'video/mp4'}",fbY4O04uunE,https://www.youtube.com/watch?v=fbY4O04uunE
clk6ldflp00423n6l9q27b78p,5019,front,,Abnormal Gait,stroke,"{'top': 28.620689655172413, 'left': 158.51724137931035, 'height': 327.0, 'width': 154.13793103448273}","{'height': 360, 'width': 640, 'mime_type': 'video/mp4'}",fbY4O04uunE,https://www.youtube.com/watch?v=fbY4O04uunE
clk6ldflp00423n6l9q27b78p,5020,front,,Abnormal Gait,stroke,"{'top': 28.591768631813125, 'left': 158.53615127919912, 'height': 327.03225806451616, 'width': 154.12791991101224}","{'height': 360, 'width': 640, 'mime_type': 'video/mp4'}",fbY4O04uunE,https://www.youtube.com/watch?v=fbY4O04uunE
clk6ldflp00423n6l9q27b78p,5021,front,,Abnormal Gait,stroke,"{'top': 28.562847608453836, 'left': 158.5550611790879, 'height': 327.0645161290323, 'width': 154.1179087875417}","{'height': 360, 'width': 640, 'mime_type': 'video/mp4'}",fbY4O04uunE,https://www.youtube.com/watch?v=fbY4O04uunE
clk6ldflp00423n6l9q27b78p,5022,front,,Abnormal Gait,stroke,"{'top': 28.533926585094548, 'left': 158.57397107897663, 'height': 327.0967741935484, 'width': 154.10789766407123}","{'height': 360, 'width': 640, 'mime_type': 'video/mp4'}",fbY4O04uunE,https://www.youtube.com/watch?v=fbY4O04uunE
clk6ldflp00423n6l9q27b78p,5023,front,,Abnormal Gait,stroke,"{'top': 28.50500556173526, 'left': 158.5928809788654, 'height': 327.1290322580645, 'width': 154.09788654060068}","{'height': 360, 'width': 640, 'mime_type': 'video/mp4'}",fbY4O04uunE,https://www.youtube.com/watch?v=fbY4O04uunE
clk6ldflp00423n6l9q27b78p,5024,front,,Abnormal Gait,stroke,"{'top': 28.47608453837597, 'left': 158.61179087875416, 'height': 327.16129032258067, 'width': 154.08787541713014}","{'height': 360, 'width': 640, 'mime_type': 'video/mp4'}",fbY4O04uunE,https://www.youtube.com/watch?v=fbY4O04uunE
clk6ldflp00423n6l9q27b78p,5025,front,,Abnormal Gait,stroke,"{'top': 28.447163515016683, 'left': 158.63070077864293, 'height': 327.1935483870968, 'width': 154.07786429365964}","{'height': 360, 'width': 640, 'mime_type': 'video/mp4'}",fbY4O04uunE,https://www.youtube.com/watch?v=fbY4O04uunE
clk6ldflp00423n6l9q27b78p,5026,front,,Abnormal Gait,stroke,"{'top': 28.418242491657395, 'left': 158.6496106785317, 'height': 327.2258064516129, 'width': 154.0678531701891}","{'height': 360, 'width': 640, 'mime_type': 'video/mp4'}",fbY4O04uunE,https://www.youtube.com/watch?v=fbY4O04uunE
clk6ldflp00423n6l9q27b78p,5027,front,,Abnormal Gait,stroke,"{'top': 28.38932146829811, 'left': 158.66852057842047, 'height': 327.258064516129, 'width': 154.05784204671855}","{'height': 360, 'width': 640, 'mime_type': 'video/mp4'}",fbY4O04uunE,https://www.youtube.com/watch?v=fbY4O04uunE
clk6ldflp00423n6l9q27b78p,5028,front,,Abnormal Gait,stroke,"{'top': 28.360400444938822, 'left': 158.68743047830924, 'height': 327.2903225806452, 'width': 154.04783092324806}","{'height': 360, 'width': 640, 'mime_type': 'video/mp4'}",fbY4O04uunE,https://www.youtube.com/watch?v=fbY4O04uunE
clk6ldflp00423n6l9q27b78p,5029,front,,Abnormal Gait,stroke,"{'top': 28.33147942157953, 'left': 158.706340378198, 'height': 327.32258064516134, 'width': 154.0378197997775}","{'height': 360, 'width': 640, 'mime_type': 'video/mp4'}",fbY4O04uunE,https://www.youtube.com/watch?v=fbY4O04uunE
clk6ldflp00423n6l9q27b78p,5030,front,,Abnormal Gait,stroke,"{'top': 28.302558398220246, 'left': 158.72525027808678, 'height': 327.35483870967744, 'width': 154.02780867630702}","{'height': 360, 'width': 640, 'mime_type': 'video/mp4'}",fbY4O04uunE,https://www.youtube.com/watch?v=fbY4O04uunE
clk6ldflp00423n6l9q27b78p,5031,front,,Abnormal Gait,stroke,"{'top': 28.273637374860957, 'left': 158.74416017797552, 'height': 327.38709677419354, 'width': 154.0177975528365}","{'height': 360, 'width': 640, 'mime_type': 'video/mp4'}",fbY4O04uunE,https://www.youtube.com/watch?v=fbY4O04uunE
clk6ldflp00423n6l9q27b78p,5032,front,,Abnormal Gait,stroke,"{'top': 28.24471635150167, 'left': 158.76307007786428, 'height': 327.4193548387097, 'width': 154.00778642936595}","{'height': 360, 'width': 640, 'mime_type': 'video/mp4'}",fbY4O04uunE,https://www.youtube.com/watch?v=fbY4O04uunE
clk6ldflp00423n6l9q27b78p,5033,front,,Abnormal Gait,stroke,"{'top': 28.21579532814238, 'left': 158.78197997775305, 'height': 327.4516129032258, 'width': 153.99777530589546}","{'height': 360, 'width': 640, 'mime_type': 'video/mp4'}",fbY4O04uunE,https://www.youtube.com/watch?v=fbY4O04uunE
clk6ldflp00423n6l9q27b78p,5034,front,,Abnormal Gait,stroke,"{'top': 28.186874304783093, 'left': 158.80088987764182, 'height': 327.48387096774195, 'width': 153.9877641824249}","{'height': 360, 'width': 640, 'mime_type': 'video/mp4'}",fbY4O04uunE,https://www.youtube.com/watch?v=fbY4O04uunE
clk6ldflp00423n6l9q27b78p,5035,front,,Abnormal Gait,stroke,"{'top': 28.157953281423804, 'left': 158.8197997775306, 'height': 327.51612903225805, 'width': 153.97775305895442}","{'height': 360, 'width': 640, 'mime_type': 'video/mp4'}",fbY4O04uunE,https://www.youtube.com/watch?v=fbY4O04uunE
clk6ldflp00423n6l9q27b78p,5036,front,,Abnormal Gait,stroke,"{'top': 28.129032258064516, 'left': 158.83870967741936, 'height': 327.5483870967742, 'width': 153.96774193548387}","{'height': 360, 'width': 640, 'mime_type': 'video/mp4'}",fbY4O04uunE,https://www.youtube.com/watch?v=fbY4O04uunE
clk6ldflp00423n6l9q27b78p,5037,front,,Abnormal Gait,stroke,"{'top': 28.100111234705228, 'left': 158.85761957730813, 'height': 327.5806451612903, 'width': 153.95773081201332}","{'height': 360, 'width': 640, 'mime_type': 'video/mp4'}",fbY4O04uunE,https://www.youtube.com/watch?v=fbY4O04uunE
clk6ldflp00423n6l9q27b78p,5038,front,,Abnormal Gait,stroke,"{'top': 28.07119021134594, 'left': 158.8765294771969, 'height': 327.61290322580646, 'width': 153.94771968854283}","{'height': 360, 'width': 640, 'mime_type': 'video/mp4'}",fbY4O04uunE,https://www.youtube.com/watch?v=fbY4O04uunE
clk6ldflp00423n6l9q27b78p,5039,front,,Abnormal Gait,stroke,"{'top': 28.04226918798665, 'left': 158.89543937708564, 'height': 327.64516129032256, 'width': 153.9377085650723}","{'height': 360, 'width': 640, 'mime_type': 'video/mp4'}",fbY4O04uunE,https://www.youtube.com/watch?v=fbY4O04uunE
clk6ldflp00423n6l9q27b78p,5040,front,,Abnormal Gait,stroke,"{'top': 28.013348164627363, 'left': 158.9143492769744, 'height': 327.6774193548387, 'width': 153.92769744160177}","{'height': 360, 'width': 640, 'mime_type': 'video/mp4'}",fbY4O04uunE,https://www.youtube.com/watch?v=fbY4O04uunE
clk6ldflp00423n6l9q27b78p,5041,front,,Abnormal Gait,stroke,"{'top': 27.984427141268075, 'left': 158.93325917686317, 'height': 327.7096774193548, 'width': 153.91768631813127}","{'height': 360, 'width': 640, 'mime_type': 'video/mp4'}",fbY4O04uunE,https://www.youtube.com/watch?v=fbY4O04uunE
clk6ldflp00423n6l9q27b78p,5042,front,,Abnormal Gait,stroke,"{'top': 27.955506117908786, 'left': 158.95216907675194, 'height': 327.741935483871, 'width': 153.90767519466073}","{'height': 360, 'width': 640, 'mime_type': 'video/mp4'}",fbY4O04uunE,https://www.youtube.com/watch?v=fbY4O04uunE
clk6ldflp00423n6l9q27b78p,5043,front,,Abnormal Gait,stroke,"{'top': 27.926585094549498, 'left': 158.9710789766407, 'height': 327.7741935483871, 'width': 153.89766407119023}","{'height': 360, 'width': 640, 'mime_type': 'video/mp4'}",fbY4O04uunE,https://www.youtube.com/watch?v=fbY4O04uunE
clk6ldflp00423n6l9q27b78p,5044,front,,Abnormal Gait,stroke,"{'top': 27.897664071190214, 'left': 158.98998887652948, 'height': 327.80645161290323, 'width': 153.8876529477197}","{'height': 360, 'width': 640, 'mime_type': 'video/mp4'}",fbY4O04uunE,https://www.youtube.com/watch?v=fbY4O04uunE
clk6ldflp00423n6l9q27b78p,5045,front,,Abnormal Gait,stroke,"{'top': 27.868743047830925, 'left': 159.00889877641825, 'height': 327.83870967741933, 'width': 153.87764182424914}","{'height': 360, 'width': 640, 'mime_type': 'video/mp4'}",fbY4O04uunE,https://www.youtube.com/watch?v=fbY4O04uunE
clk6ldflp00423n6l9q27b78p,5046,front,,Abnormal Gait,stroke,"{'top': 27.839822024471637, 'left': 159.02780867630702, 'height': 327.8709677419355, 'width': 153.86763070077865}","{'height': 360, 'width': 640, 'mime_type': 'video/mp4'}",fbY4O04uunE,https://www.youtube.com/watch?v=fbY4O04uunE
clk6ldflp00423n6l9q27b78p,5047,front,,Abnormal Gait,stroke,"{'top': 27.81090100111235, 'left': 159.0467185761958, 'height': 327.9032258064516, 'width': 153.8576195773081}","{'height': 360, 'width': 640, 'mime_type': 'video/mp4'}",fbY4O04uunE,https://www.youtube.com/watch?v=fbY4O04uunE
clk6ldflp00423n6l9q27b78p,5048,front,,Abnormal Gait,stroke,"{'top': 27.78197997775306, 'left': 159.06562847608453, 'height': 327.93548387096774, 'width': 153.84760845383764}","{'height': 360, 'width': 640, 'mime_type': 'video/mp4'}",fbY4O04uunE,https://www.youtube.com/watch?v=fbY4O04uunE
clk6ldflp00423n6l9q27b78p,5049,front,,Abnormal Gait,stroke,"{'top': 27.753058954393772, 'left': 159.0845383759733, 'height': 327.96774193548384, 'width': 153.8375973303671}","{'height': 360, 'width': 640, 'mime_type': 'video/mp4'}",fbY4O04uunE,https://www.youtube.com/watch?v=fbY4O04uunE
clk6ldflp00423n6l9q27b78p,5050,front,,Abnormal Gait,stroke,"{'top': 27.724137931034484, 'left': 159.10344827586206, 'height': 328.0, 'width': 153.82758620689654}","{'height': 360, 'width': 640, 'mime_type': 'video/mp4'}",fbY4O04uunE,https://www.youtube.com/watch?v=fbY4O04uunE
clk6ldflp00423n6l9q27b78p,5051,front,,Abnormal Gait,stroke,"{'top': 27.695216907675196, 'left': 159.12235817575083, 'height': 328.0322580645161, 'width': 153.81757508342605}","{'height': 360, 'width': 640, 'mime_type': 'video/mp4'}",fbY4O04uunE,https://www.youtube.com/watch?v=fbY4O04uunE
clk6ldflp00423n6l9q27b78p,5052,front,,Abnormal Gait,stroke,"{'top': 27.666295884315907, 'left': 159.1412680756396, 'height': 328.06451612903226, 'width': 153.8075639599555}","{'height': 360, 'width': 640, 'mime_type': 'video/mp4'}",fbY4O04uunE,https://www.youtube.com/watch?v=fbY4O04uunE
clk6ldflp00423n6l9q27b78p,5053,front,,Abnormal Gait,stroke,"{'top': 27.63737486095662, 'left': 159.16017797552837, 'height': 328.09677419354836, 'width': 153.79755283648495}","{'height': 360, 'width': 640, 'mime_type': 'video/mp4'}",fbY4O04uunE,https://www.youtube.com/watch?v=fbY4O04uunE
clk6ldflp00423n6l9q27b78p,5054,front,,Abnormal Gait,stroke,"{'top': 27.60845383759733, 'left': 159.17908787541714, 'height': 328.1290322580645, 'width': 153.78754171301446}","{'height': 360, 'width': 640, 'mime_type': 'video/mp4'}",fbY4O04uunE,https://www.youtube.com/watch?v=fbY4O04uunE
clk6ldflp00423n6l9q27b78p,5055,front,,Abnormal Gait,stroke,"{'top': 27.579532814238043, 'left': 159.1979977753059, 'height': 328.1612903225806, 'width': 153.77753058954391}","{'height': 360, 'width': 640, 'mime_type': 'video/mp4'}",fbY4O04uunE,https://www.youtube.com/watch?v=fbY4O04uunE
clk6ldflp00423n6l9q27b78p,5056,front,,Abnormal Gait,stroke,"{'top': 27.550611790878754, 'left': 159.21690767519465, 'height': 328.19354838709677, 'width': 153.76751946607345}","{'height': 360, 'width': 640, 'mime_type': 'video/mp4'}",fbY4O04uunE,https://www.youtube.com/watch?v=fbY4O04uunE
clk6ldflp00423n6l9q27b78p,5057,front,,Abnormal Gait,stroke,"{'top': 27.521690767519466, 'left': 159.23581757508342, 'height': 328.22580645161287, 'width': 153.7575083426029}","{'height': 360, 'width': 640, 'mime_type': 'video/mp4'}",fbY4O04uunE,https://www.youtube.com/watch?v=fbY4O04uunE
clk6ldflp00423n6l9q27b78p,5058,front,,Abnormal Gait,stroke,"{'top': 27.492769744160178, 'left': 159.25472747497219, 'height': 328.258064516129, 'width': 153.74749721913236}","{'height': 360, 'width': 640, 'mime_type': 'video/mp4'}",fbY4O04uunE,https://www.youtube.com/watch?v=fbY4O04uunE
clk6ldflp00423n6l9q27b78p,5059,front,,Abnormal Gait,stroke,"{'top': 27.46384872080089, 'left': 159.27363737486095, 'height': 328.2903225806451, 'width': 153.73748609566186}","{'height': 360, 'width': 640, 'mime_type': 'video/mp4'}",fbY4O04uunE,https://www.youtube.com/watch?v=fbY4O04uunE
clk6ldflp00423n6l9q27b78p,5060,front,,Abnormal Gait,stroke,"{'top': 27.4349276974416, 'left': 159.29254727474972, 'height': 328.3225806451613, 'width': 153.72747497219132}","{'height': 360, 'width': 640, 'mime_type': 'video/mp4'}",fbY4O04uunE,https://www.youtube.com/watch?v=fbY4O04uunE
clk6ldflp00423n6l9q27b78p,5061,front,,Abnormal Gait,stroke,"{'top': 27.406006674082313, 'left': 159.3114571746385, 'height': 328.3548387096774, 'width': 153.71746384872083}","{'height': 360, 'width': 640, 'mime_type': 'video/mp4'}",fbY4O04uunE,https://www.youtube.com/watch?v=fbY4O04uunE
clk6ldflp00423n6l9q27b78p,5062,front,,Abnormal Gait,stroke,"{'top': 27.377085650723025, 'left': 159.33036707452726, 'height': 328.38709677419354, 'width': 153.70745272525028}","{'height': 360, 'width': 640, 'mime_type': 'video/mp4'}",fbY4O04uunE,https://www.youtube.com/watch?v=fbY4O04uunE
clk6ldflp00423n6l9q27b78p,5063,front,,Abnormal Gait,stroke,"{'top': 27.348164627363737, 'left': 159.34927697441603, 'height': 328.41935483870964, 'width': 153.69744160177973}","{'height': 360, 'width': 640, 'mime_type': 'video/mp4'}",fbY4O04uunE,https://www.youtube.com/watch?v=fbY4O04uunE
clk6ldflp00423n6l9q27b78p,5064,front,,Abnormal Gait,stroke,"{'top': 27.31924360400445, 'left': 159.3681868743048, 'height': 328.4516129032258, 'width': 153.68743047830924}","{'height': 360, 'width': 640, 'mime_type': 'video/mp4'}",fbY4O04uunE,https://www.youtube.com/watch?v=fbY4O04uunE
clk6ldflp00423n6l9q27b78p,5065,front,,Abnormal Gait,stroke,"{'top': 27.29032258064516, 'left': 159.38709677419354, 'height': 328.4838709677419, 'width': 153.67741935483872}","{'height': 360, 'width': 640, 'mime_type': 'video/mp4'}",fbY4O04uunE,https://www.youtube.com/watch?v=fbY4O04uunE
clk6ldflp00423n6l9q27b78p,5066,front,,Abnormal Gait,stroke,"{'top': 27.261401557285872, 'left': 159.4060066740823, 'height': 328.51612903225805, 'width': 153.66740823136817}","{'height': 360, 'width': 640, 'mime_type': 'video/mp4'}",fbY4O04uunE,https://www.youtube.com/watch?v=fbY4O04uunE
clk6ldflp00423n6l9q27b78p,5067,front,,Abnormal Gait,stroke,"{'top': 27.232480533926584, 'left': 159.42491657397107, 'height': 328.54838709677415, 'width': 153.65739710789768}","{'height': 360, 'width': 640, 'mime_type': 'video/mp4'}",fbY4O04uunE,https://www.youtube.com/watch?v=fbY4O04uunE
clk6ldflp00423n6l9q27b78p,5068,front,,Abnormal Gait,stroke,"{'top': 27.2035595105673, 'left': 159.44382647385984, 'height': 328.5806451612903, 'width': 153.64738598442713}","{'height': 360, 'width': 640, 'mime_type': 'video/mp4'}",fbY4O04uunE,https://www.youtube.com/watch?v=fbY4O04uunE
clk6ldflp00423n6l9q27b78p,5069,front,,Abnormal Gait,stroke,"{'top': 27.174638487208007, 'left': 159.4627363737486, 'height': 328.6129032258064, 'width': 153.63737486095664}","{'height': 360, 'width': 640, 'mime_type': 'video/mp4'}",fbY4O04uunE,https://www.youtube.com/watch?v=fbY4O04uunE
clk6ldflp00423n6l9q27b78p,5070,front,,Abnormal Gait,stroke,"{'top': 27.14571746384872, 'left': 159.48164627363738, 'height': 328.64516129032256, 'width': 153.6273637374861}","{'height': 360, 'width': 640, 'mime_type': 'video/mp4'}",fbY4O04uunE,https://www.youtube.com/watch?v=fbY4O04uunE
clk6ldflp00423n6l9q27b78p,5071,front,,Abnormal Gait,stroke,"{'top': 27.11679644048943, 'left': 159.50055617352615, 'height': 328.67741935483866, 'width': 153.61735261401554}","{'height': 360, 'width': 640, 'mime_type': 'video/mp4'}",fbY4O04uunE,https://www.youtube.com/watch?v=fbY4O04uunE
clk6ldflp00423n6l9q27b78p,5072,front,,Abnormal Gait,stroke,"{'top': 27.087875417130142, 'left': 159.51946607341492, 'height': 328.7096774193549, 'width': 153.60734149054505}","{'height': 360, 'width': 640, 'mime_type': 'video/mp4'}",fbY4O04uunE,https://www.youtube.com/watch?v=fbY4O04uunE
clk6ldflp00423n6l9q27b78p,5073,front,,Abnormal Gait,stroke,"{'top': 27.058954393770858, 'left': 159.53837597330366, 'height': 328.741935483871, 'width': 153.59733036707453}","{'height': 360, 'width': 640, 'mime_type': 'video/mp4'}",fbY4O04uunE,https://www.youtube.com/watch?v=fbY4O04uunE
clk6ldflp00423n6l9q27b78p,5074,front,,Abnormal Gait,stroke,"{'top': 27.03003337041157, 'left': 159.55728587319243, 'height': 328.77419354838713, 'width': 153.587319243604}","{'height': 360, 'width': 640, 'mime_type': 'video/mp4'}",fbY4O04uunE,https://www.youtube.com/watch?v=fbY4O04uunE
clk6ldflp00423n6l9q27b78p,5075,front,,Abnormal Gait,stroke,"{'top': 27.00111234705228, 'left': 159.5761957730812, 'height': 328.80645161290323, 'width': 153.5773081201335}","{'height': 360, 'width': 640, 'mime_type': 'video/mp4'}",fbY4O04uunE,https://www.youtube.com/watch?v=fbY4O04uunE
clk6ldflp00423n6l9q27b78p,5076,front,,Abnormal Gait,stroke,"{'top': 26.972191323692993, 'left': 159.59510567296996, 'height': 328.8387096774194, 'width': 153.56729699666295}","{'height': 360, 'width': 640, 'mime_type': 'video/mp4'}",fbY4O04uunE,https://www.youtube.com/watch?v=fbY4O04uunE
clk6ldflp00423n6l9q27b78p,5077,front,,Abnormal Gait,stroke,"{'top': 26.943270300333705, 'left': 159.61401557285873, 'height': 328.8709677419355, 'width': 153.55728587319246}","{'height': 360, 'width': 640, 'mime_type': 'video/mp4'}",fbY4O04uunE,https://www.youtube.com/watch?v=fbY4O04uunE
clk6ldflp00423n6l9q27b78p,5078,front,,Abnormal Gait,stroke,"{'top': 26.914349276974416, 'left': 159.6329254727475, 'height': 328.90322580645164, 'width': 153.5472747497219}","{'height': 360, 'width': 640, 'mime_type': 'video/mp4'}",fbY4O04uunE,https://www.youtube.com/watch?v=fbY4O04uunE
clk6ldflp00423n6l9q27b78p,5079,front,,Abnormal Gait,stroke,"{'top': 26.885428253615128, 'left': 159.65183537263627, 'height': 328.93548387096774, 'width': 153.53726362625136}","{'height': 360, 'width': 640, 'mime_type': 'video/mp4'}",fbY4O04uunE,https://www.youtube.com/watch?v=fbY4O04uunE
clk6ldflp00423n6l9q27b78p,5080,front,,Abnormal Gait,stroke,"{'top': 26.85650723025584, 'left': 159.67074527252504, 'height': 328.9677419354839, 'width': 153.52725250278087}","{'height': 360, 'width': 640, 'mime_type': 'video/mp4'}",fbY4O04uunE,https://www.youtube.com/watch?v=fbY4O04uunE
clk6ldflp00423n6l9q27b78p,5081,front,,Abnormal Gait,stroke,"{'top': 26.82758620689655, 'left': 159.68965517241378, 'height': 329.0, 'width': 153.51724137931035}","{'height': 360, 'width': 640, 'mime_type': 'video/mp4'}",fbY4O04uunE,https://www.youtube.com/watch?v=fbY4O04uunE
clk6ldflp00423n6l9q27b78p,5082,front,,Abnormal Gait,stroke,"{'top': 26.798665183537263, 'left': 159.70856507230255, 'height': 329.03225806451616, 'width': 153.50723025583986}","{'height': 360, 'width': 640, 'mime_type': 'video/mp4'}",fbY4O04uunE,https://www.youtube.com/watch?v=fbY4O04uunE
clk6ldflp00423n6l9q27b78p,5083,front,,Abnormal Gait,stroke,"{'top': 26.769744160177975, 'left': 159.72747497219132, 'height': 329.06451612903226, 'width': 153.4972191323693}","{'height': 360, 'width': 640, 'mime_type': 'video/mp4'}",fbY4O04uunE,https://www.youtube.com/watch?v=fbY4O04uunE
clk6ldflp00423n6l9q27b78p,5084,front,,Abnormal Gait,stroke,"{'top': 26.740823136818687, 'left': 159.74638487208009, 'height': 329.0967741935484, 'width': 153.48720800889876}","{'height': 360, 'width': 640, 'mime_type': 'video/mp4'}",fbY4O04uunE,https://www.youtube.com/watch?v=fbY4O04uunE
clk6ldflp00423n6l9q27b78p,5085,front,,Abnormal Gait,stroke,"{'top': 26.7119021134594, 'left': 159.76529477196885, 'height': 329.1290322580645, 'width': 153.47719688542827}","{'height': 360, 'width': 640, 'mime_type': 'video/mp4'}",fbY4O04uunE,https://www.youtube.com/watch?v=fbY4O04uunE
clk6ldflp00423n6l9q27b78p,5086,front,,Abnormal Gait,stroke,"{'top': 26.68298109010011, 'left': 159.78420467185762, 'height': 329.16129032258067, 'width': 153.46718576195772}","{'height': 360, 'width': 640, 'mime_type': 'video/mp4'}",fbY4O04uunE,https://www.youtube.com/watch?v=fbY4O04uunE
clk6ldflp00423n6l9q27b78p,5087,front,,Abnormal Gait,stroke,"{'top': 26.654060066740822, 'left': 159.8031145717464, 'height': 329.19354838709677, 'width': 153.45717463848717}","{'height': 360, 'width': 640, 'mime_type': 'video/mp4'}",fbY4O04uunE,https://www.youtube.com/watch?v=fbY4O04uunE
clk6ldflp00423n6l9q27b78p,5088,front,,Abnormal Gait,stroke,"{'top': 26.625139043381534, 'left': 159.82202447163516, 'height': 329.2258064516129, 'width': 153.44716351501668}","{'height': 360, 'width': 640, 'mime_type': 'video/mp4'}",fbY4O04uunE,https://www.youtube.com/watch?v=fbY4O04uunE
clk6ldflp00423n6l9q27b78p,5089,front,,Abnormal Gait,stroke,"{'top': 26.59621802002225, 'left': 159.84093437152393, 'height': 329.258064516129, 'width': 153.43715239154614}","{'height': 360, 'width': 640, 'mime_type': 'video/mp4'}",fbY4O04uunE,https://www.youtube.com/watch?v=fbY4O04uunE
clk6ldflp00423n6l9q27b78p,5090,front,,Abnormal Gait,stroke,"{'top': 26.56729699666296, 'left': 159.85984427141267, 'height': 329.2903225806452, 'width': 153.42714126807567}","{'height': 360, 'width': 640, 'mime_type': 'video/mp4'}",fbY4O04uunE,https://www.youtube.com/watch?v=fbY4O04uunE
clk6ldflp00423n6l9q27b78p,5091,front,,Abnormal Gait,stroke,"{'top': 26.538375973303673, 'left': 159.87875417130144, 'height': 329.3225806451613, 'width': 153.41713014460512}","{'height': 360, 'width': 640, 'mime_type': 'video/mp4'}",fbY4O04uunE,https://www.youtube.com/watch?v=fbY4O04uunE
clk6ldflp00423n6l9q27b78p,5092,front,,Abnormal Gait,stroke,"{'top': 26.509454949944384, 'left': 159.8976640711902, 'height': 329.35483870967744, 'width': 153.40711902113458}","{'height': 360, 'width': 640, 'mime_type': 'video/mp4'}",fbY4O04uunE,https://www.youtube.com/watch?v=fbY4O04uunE
clk6ldflp00423n6l9q27b78p,5093,front,,Abnormal Gait,stroke,"{'top': 26.480533926585096, 'left': 159.91657397107898, 'height': 329.38709677419354, 'width': 153.39710789766409}","{'height': 360, 'width': 640, 'mime_type': 'video/mp4'}",fbY4O04uunE,https://www.youtube.com/watch?v=fbY4O04uunE
clk6ldflp00423n6l9q27b78p,5094,front,,Abnormal Gait,stroke,"{'top': 26.451612903225808, 'left': 159.93548387096774, 'height': 329.4193548387097, 'width': 153.38709677419354}","{'height': 360, 'width': 640, 'mime_type': 'video/mp4'}",fbY4O04uunE,https://www.youtube.com/watch?v=fbY4O04uunE
clk6ldflp00423n6l9q27b78p,5095,front,,Abnormal Gait,stroke,"{'top': 26.42269187986652, 'left': 159.9543937708565, 'height': 329.4516129032258, 'width': 153.37708565072305}","{'height': 360, 'width': 640, 'mime_type': 'video/mp4'}",fbY4O04uunE,https://www.youtube.com/watch?v=fbY4O04uunE
clk6ldflp00423n6l9q27b78p,5096,front,,Abnormal Gait,stroke,"{'top': 26.39377085650723, 'left': 159.97330367074528, 'height': 329.48387096774195, 'width': 153.3670745272525}","{'height': 360, 'width': 640, 'mime_type': 'video/mp4'}",fbY4O04uunE,https://www.youtube.com/watch?v=fbY4O04uunE
clk6ldflp00423n6l9q27b78p,5097,front,,Abnormal Gait,stroke,"{'top': 26.364849833147943, 'left': 159.99221357063405, 'height': 329.51612903225805, 'width': 153.35706340378195}","{'height': 360, 'width': 640, 'mime_type': 'video/mp4'}",fbY4O04uunE,https://www.youtube.com/watch?v=fbY4O04uunE
clk6ldflp00423n6l9q27b78p,5098,front,,Abnormal Gait,stroke,"{'top': 26.335928809788655, 'left': 160.0111234705228, 'height': 329.5483870967742, 'width': 153.3470522803115}","{'height': 360, 'width': 640, 'mime_type': 'video/mp4'}",fbY4O04uunE,https://www.youtube.com/watch?v=fbY4O04uunE
clk6ldflp00423n6l9q27b78p,5099,front,,Abnormal Gait,stroke,"{'top': 26.307007786429367, 'left': 160.03003337041156, 'height': 329.5806451612903, 'width': 153.33704115684094}","{'height': 360, 'width': 640, 'mime_type': 'video/mp4'}",fbY4O04uunE,https://www.youtube.com/watch?v=fbY4O04uunE
clk6ldflp00423n6l9q27b78p,5100,front,,Abnormal Gait,stroke,"{'top': 26.27808676307008, 'left': 160.04894327030033, 'height': 329.61290322580646, 'width': 153.3270300333704}","{'height': 360, 'width': 640, 'mime_type': 'video/mp4'}",fbY4O04uunE,https://www.youtube.com/watch?v=fbY4O04uunE
clk6ldflp00423n6l9q27b78p,5101,front,,Abnormal Gait,stroke,"{'top': 26.24916573971079, 'left': 160.0678531701891, 'height': 329.64516129032256, 'width': 153.3170189098999}","{'height': 360, 'width': 640, 'mime_type': 'video/mp4'}",fbY4O04uunE,https://www.youtube.com/watch?v=fbY4O04uunE
clk6ldflp00423n6l9q27b78p,5102,front,,Abnormal Gait,stroke,"{'top': 26.220244716351502, 'left': 160.08676307007786, 'height': 329.6774193548387, 'width': 153.30700778642935}","{'height': 360, 'width': 640, 'mime_type': 'video/mp4'}",fbY4O04uunE,https://www.youtube.com/watch?v=fbY4O04uunE
clk6ldflp00423n6l9q27b78p,5103,front,,Abnormal Gait,stroke,"{'top': 26.191323692992214, 'left': 160.10567296996663, 'height': 329.7096774193548, 'width': 153.29699666295886}","{'height': 360, 'width': 640, 'mime_type': 'video/mp4'}",fbY4O04uunE,https://www.youtube.com/watch?v=fbY4O04uunE
clk6ldflp00423n6l9q27b78p,5104,front,,Abnormal Gait,stroke,"{'top': 26.162402669632925, 'left': 160.1245828698554, 'height': 329.741935483871, 'width': 153.2869855394883}","{'height': 360, 'width': 640, 'mime_type': 'video/mp4'}",fbY4O04uunE,https://www.youtube.com/watch?v=fbY4O04uunE
clk6ldflp00423n6l9q27b78p,5105,front,,Abnormal Gait,stroke,"{'top': 26.133481646273637, 'left': 160.14349276974417, 'height': 329.7741935483871, 'width': 153.27697441601777}","{'height': 360, 'width': 640, 'mime_type': 'video/mp4'}",fbY4O04uunE,https://www.youtube.com/watch?v=fbY4O04uunE
clk6ldflp00423n6l9q27b78p,5106,front,,Abnormal Gait,stroke,"{'top': 26.10456062291435, 'left': 160.1624026696329, 'height': 329.80645161290323, 'width': 153.2669632925473}","{'height': 360, 'width': 640, 'mime_type': 'video/mp4'}",fbY4O04uunE,https://www.youtube.com/watch?v=fbY4O04uunE
clk6ldflp00423n6l9q27b78p,5107,front,,Abnormal Gait,stroke,"{'top': 26.07563959955506, 'left': 160.18131256952168, 'height': 329.83870967741933, 'width': 153.25695216907675}","{'height': 360, 'width': 640, 'mime_type': 'video/mp4'}",fbY4O04uunE,https://www.youtube.com/watch?v=fbY4O04uunE
clk6ldflp00423n6l9q27b78p,5108,front,,Abnormal Gait,stroke,"{'top': 26.046718576195772, 'left': 160.20022246941045, 'height': 329.8709677419355, 'width': 153.24694104560626}","{'height': 360, 'width': 640, 'mime_type': 'video/mp4'}",fbY4O04uunE,https://www.youtube.com/watch?v=fbY4O04uunE
clk6ldflp00423n6l9q27b78p,5109,front,,Abnormal Gait,stroke,"{'top': 26.017797552836484, 'left': 160.21913236929922, 'height': 329.9032258064516, 'width': 153.23692992213572}","{'height': 360, 'width': 640, 'mime_type': 'video/mp4'}",fbY4O04uunE,https://www.youtube.com/watch?v=fbY4O04uunE
clk6ldflp00423n6l9q27b78p,5110,front,,Abnormal Gait,stroke,"{'top': 25.988876529477196, 'left': 160.23804226918799, 'height': 329.93548387096774, 'width': 153.22691879866517}","{'height': 360, 'width': 640, 'mime_type': 'video/mp4'}",fbY4O04uunE,https://www.youtube.com/watch?v=fbY4O04uunE
clk6ldflp00423n6l9q27b78p,5111,front,,Abnormal Gait,stroke,"{'top': 25.959955506117907, 'left': 160.25695216907675, 'height': 329.96774193548384, 'width': 153.21690767519468}","{'height': 360, 'width': 640, 'mime_type': 'video/mp4'}",fbY4O04uunE,https://www.youtube.com/watch?v=fbY4O04uunE
clk6ldflp00423n6l9q27b78p,5112,front,,Abnormal Gait,stroke,"{'top': 25.93103448275862, 'left': 160.27586206896552, 'height': 330.0, 'width': 153.20689655172413}","{'height': 360, 'width': 640, 'mime_type': 'video/mp4'}",fbY4O04uunE,https://www.youtube.com/watch?v=fbY4O04uunE
clk6ldflp00423n6l9q27b78p,5113,front,,Abnormal Gait,stroke,"{'top': 25.90211345939933, 'left': 160.2947719688543, 'height': 330.0322580645161, 'width': 153.19688542825358}","{'height': 360, 'width': 640, 'mime_type': 'video/mp4'}",fbY4O04uunE,https://www.youtube.com/watch?v=fbY4O04uunE
clk6ldflp00423n6l9q27b78p,5114,front,,Abnormal Gait,stroke,"{'top': 25.873192436040043, 'left': 160.31368186874306, 'height': 330.06451612903226, 'width': 153.1868743047831}","{'height': 360, 'width': 640, 'mime_type': 'video/mp4'}",fbY4O04uunE,https://www.youtube.com/watch?v=fbY4O04uunE
clk6ldflp00423n6l9q27b78p,5115,front,,Abnormal Gait,stroke,"{'top': 25.844271412680754, 'left': 160.3325917686318, 'height': 330.09677419354836, 'width': 153.17686318131257}","{'height': 360, 'width': 640, 'mime_type': 'video/mp4'}",fbY4O04uunE,https://www.youtube.com/watch?v=fbY4O04uunE
clk6ldflp00423n6l9q27b78p,5116,front,,Abnormal Gait,stroke,"{'top': 25.815350389321466, 'left': 160.35150166852057, 'height': 330.1290322580645, 'width': 153.16685205784208}","{'height': 360, 'width': 640, 'mime_type': 'video/mp4'}",fbY4O04uunE,https://www.youtube.com/watch?v=fbY4O04uunE
clk6ldflp00423n6l9q27b78p,5117,front,,Abnormal Gait,stroke,"{'top': 25.78642936596218, 'left': 160.37041156840934, 'height': 330.1612903225806, 'width': 153.15684093437153}","{'height': 360, 'width': 640, 'mime_type': 'video/mp4'}",fbY4O04uunE,https://www.youtube.com/watch?v=fbY4O04uunE
clk6ldflp00423n6l9q27b78p,5118,front,,Abnormal Gait,stroke,"{'top': 25.75750834260289, 'left': 160.3893214682981, 'height': 330.19354838709677, 'width': 153.14682981090098}","{'height': 360, 'width': 640, 'mime_type': 'video/mp4'}",fbY4O04uunE,https://www.youtube.com/watch?v=fbY4O04uunE
clk6ldflp00423n6l9q27b78p,5119,front,,Abnormal Gait,stroke,"{'top': 25.7285873192436, 'left': 160.40823136818688, 'height': 330.22580645161287, 'width': 153.1368186874305}","{'height': 360, 'width': 640, 'mime_type': 'video/mp4'}",fbY4O04uunE,https://www.youtube.com/watch?v=fbY4O04uunE
clk6ldflp00423n6l9q27b78p,5120,front,,Abnormal Gait,stroke,"{'top': 25.699666295884313, 'left': 160.42714126807564, 'height': 330.258064516129, 'width': 153.12680756395994}","{'height': 360, 'width': 640, 'mime_type': 'video/mp4'}",fbY4O04uunE,https://www.youtube.com/watch?v=fbY4O04uunE
clk6ldflp00423n6l9q27b78p,5121,front,,Abnormal Gait,stroke,"{'top': 25.67074527252503, 'left': 160.4460511679644, 'height': 330.2903225806451, 'width': 153.11679644048945}","{'height': 360, 'width': 640, 'mime_type': 'video/mp4'}",fbY4O04uunE,https://www.youtube.com/watch?v=fbY4O04uunE
clk6ldflp00423n6l9q27b78p,5122,front,,Abnormal Gait,stroke,"{'top': 25.64182424916574, 'left': 160.46496106785318, 'height': 330.3225806451613, 'width': 153.1067853170189}","{'height': 360, 'width': 640, 'mime_type': 'video/mp4'}",fbY4O04uunE,https://www.youtube.com/watch?v=fbY4O04uunE
clk6ldflp00423n6l9q27b78p,5123,front,,Abnormal Gait,stroke,"{'top': 25.612903225806452, 'left': 160.48387096774192, 'height': 330.3548387096774, 'width': 153.09677419354838}","{'height': 360, 'width': 640, 'mime_type': 'video/mp4'}",fbY4O04uunE,https://www.youtube.com/watch?v=fbY4O04uunE
clk6ldflp00423n6l9q27b78p,5124,front,,Abnormal Gait,stroke,"{'top': 25.583982202447164, 'left': 160.5027808676307, 'height': 330.3870967741936, 'width': 153.0867630700779}","{'height': 360, 'width': 640, 'mime_type': 'video/mp4'}",fbY4O04uunE,https://www.youtube.com/watch?v=fbY4O04uunE
clk6ldflp00423n6l9q27b78p,5125,front,,Abnormal Gait,stroke,"{'top': 25.555061179087875, 'left': 160.52169076751946, 'height': 330.4193548387097, 'width': 153.07675194660735}","{'height': 360, 'width': 640, 'mime_type': 'video/mp4'}",fbY4O04uunE,https://www.youtube.com/watch?v=fbY4O04uunE
clk6ldflp00423n6l9q27b78p,5126,front,,Abnormal Gait,stroke,"{'top': 25.526140155728587, 'left': 160.54060066740823, 'height': 330.45161290322585, 'width': 153.0667408231368}","{'height': 360, 'width': 640, 'mime_type': 'video/mp4'}",fbY4O04uunE,https://www.youtube.com/watch?v=fbY4O04uunE
clk6ldflp00423n6l9q27b78p,5127,front,,Abnormal Gait,stroke,"{'top': 25.4972191323693, 'left': 160.559510567297, 'height': 330.48387096774195, 'width': 153.0567296996663}","{'height': 360, 'width': 640, 'mime_type': 'video/mp4'}",fbY4O04uunE,https://www.youtube.com/watch?v=fbY4O04uunE
clk6ldflp00423n6l9q27b78p,5128,front,,Abnormal Gait,stroke,"{'top': 25.46829810901001, 'left': 160.57842046718577, 'height': 330.5161290322581, 'width': 153.04671857619576}","{'height': 360, 'width': 640, 'mime_type': 'video/mp4'}",fbY4O04uunE,https://www.youtube.com/watch?v=fbY4O04uunE
clk6ldflp00423n6l9q27b78p,5129,front,,Abnormal Gait,stroke,"{'top': 25.439377085650722, 'left': 160.59733036707453, 'height': 330.5483870967742, 'width': 153.03670745272527}","{'height': 360, 'width': 640, 'mime_type': 'video/mp4'}",fbY4O04uunE,https://www.youtube.com/watch?v=fbY4O04uunE
clk6ldflp00423n6l9q27b78p,5130,front,,Abnormal Gait,stroke,"{'top': 25.410456062291434, 'left': 160.6162402669633, 'height': 330.58064516129036, 'width': 153.02669632925472}","{'height': 360, 'width': 640, 'mime_type': 'video/mp4'}",fbY4O04uunE,https://www.youtube.com/watch?v=fbY4O04uunE
clk6ldflp00423n6l9q27b78p,5131,front,,Abnormal Gait,stroke,"{'top': 25.38153503893215, 'left': 160.63515016685207, 'height': 330.61290322580646, 'width': 153.01668520578417}","{'height': 360, 'width': 640, 'mime_type': 'video/mp4'}",fbY4O04uunE,https://www.youtube.com/watch?v=fbY4O04uunE
clk6ldflp00423n6l9q27b78p,5132,front,,Abnormal Gait,stroke,"{'top': 25.35261401557286, 'left': 160.6540600667408, 'height': 330.6451612903226, 'width': 153.0066740823137}","{'height': 360, 'width': 640, 'mime_type': 'video/mp4'}",fbY4O04uunE,https://www.youtube.com/watch?v=fbY4O04uunE
clk6ldflp00423n6l9q27b78p,5133,front,,Abnormal Gait,stroke,"{'top': 25.323692992213573, 'left': 160.67296996662958, 'height': 330.6774193548387, 'width': 152.99666295884316}","{'height': 360, 'width': 640, 'mime_type': 'video/mp4'}",fbY4O04uunE,https://www.youtube.com/watch?v=fbY4O04uunE
clk6ldflp00423n6l9q27b78p,5134,front,,Abnormal Gait,stroke,"{'top': 25.294771968854285, 'left': 160.69187986651835, 'height': 330.7096774193549, 'width': 152.98665183537267}","{'height': 360, 'width': 640, 'mime_type': 'video/mp4'}",fbY4O04uunE,https://www.youtube.com/watch?v=fbY4O04uunE
clk6ldflp00423n6l9q27b78p,5135,front,,Abnormal Gait,stroke,"{'top': 25.265850945494996, 'left': 160.71078976640712, 'height': 330.741935483871, 'width': 152.97664071190212}","{'height': 360, 'width': 640, 'mime_type': 'video/mp4'}",fbY4O04uunE,https://www.youtube.com/watch?v=fbY4O04uunE
clk6ldflp00423n6l9q27b78p,5136,front,,Abnormal Gait,stroke,"{'top': 25.236929922135708, 'left': 160.7296996662959, 'height': 330.77419354838713, 'width': 152.96662958843157}","{'height': 360, 'width': 640, 'mime_type': 'video/mp4'}",fbY4O04uunE,https://www.youtube.com/watch?v=fbY4O04uunE
clk6ldflp00423n6l9q27b78p,5137,front,,Abnormal Gait,stroke,"{'top': 25.20800889877642, 'left': 160.74860956618465, 'height': 330.80645161290323, 'width': 152.95661846496108}","{'height': 360, 'width': 640, 'mime_type': 'video/mp4'}",fbY4O04uunE,https://www.youtube.com/watch?v=fbY4O04uunE
clk6ldflp00423n6l9q27b78p,5138,front,,Abnormal Gait,stroke,"{'top': 25.17908787541713, 'left': 160.76751946607342, 'height': 330.8387096774194, 'width': 152.94660734149053}","{'height': 360, 'width': 640, 'mime_type': 'video/mp4'}",fbY4O04uunE,https://www.youtube.com/watch?v=fbY4O04uunE
clk6ldflp00423n6l9q27b78p,5139,front,,Abnormal Gait,stroke,"{'top': 25.150166852057843, 'left': 160.7864293659622, 'height': 330.8709677419355, 'width': 152.93659621802}","{'height': 360, 'width': 640, 'mime_type': 'video/mp4'}",fbY4O04uunE,https://www.youtube.com/watch?v=fbY4O04uunE
clk6ldflp00423n6l9q27b78p,5140,front,,Abnormal Gait,stroke,"{'top': 25.121245828698555, 'left': 160.80533926585093, 'height': 330.90322580645164, 'width': 152.92658509454952}","{'height': 360, 'width': 640, 'mime_type': 'video/mp4'}",fbY4O04uunE,https://www.youtube.com/watch?v=fbY4O04uunE
clk6ldflp00423n6l9q27b78p,5141,front,,Abnormal Gait,stroke,"{'top': 25.092324805339267, 'left': 160.8242491657397, 'height': 330.93548387096774, 'width': 152.91657397107898}","{'height': 360, 'width': 640, 'mime_type': 'video/mp4'}",fbY4O04uunE,https://www.youtube.com/watch?v=fbY4O04uunE
clk6ldflp00423n6l9q27b78p,5142,front,,Abnormal Gait,stroke,"{'top': 25.06340378197998, 'left': 160.84315906562847, 'height': 330.9677419354839, 'width': 152.90656284760848}","{'height': 360, 'width': 640, 'mime_type': 'video/mp4'}",fbY4O04uunE,https://www.youtube.com/watch?v=fbY4O04uunE
clk6ldflp00423n6l9q27b78p,5143,front,,Abnormal Gait,stroke,"{'top': 25.03448275862069, 'left': 160.86206896551724, 'height': 331.0, 'width': 152.89655172413794}","{'height': 360, 'width': 640, 'mime_type': 'video/mp4'}",fbY4O04uunE,https://www.youtube.com/watch?v=fbY4O04uunE
clk6ldflp00423n6l9q27b78p,5144,front,,Abnormal Gait,stroke,"{'top': 25.005561735261402, 'left': 160.880978865406, 'height': 331.03225806451616, 'width': 152.8865406006674}","{'height': 360, 'width': 640, 'mime_type': 'video/mp4'}",fbY4O04uunE,https://www.youtube.com/watch?v=fbY4O04uunE
clk6ldflp00423n6l9q27b78p,5145,front,,Abnormal Gait,stroke,"{'top': 24.976640711902114, 'left': 160.89988876529478, 'height': 331.06451612903226, 'width': 152.8765294771969}","{'height': 360, 'width': 640, 'mime_type': 'video/mp4'}",fbY4O04uunE,https://www.youtube.com/watch?v=fbY4O04uunE
clk6ldflp00423n6l9q27b78p,5146,front,,Abnormal Gait,stroke,"{'top': 24.947719688542826, 'left': 160.91879866518354, 'height': 331.0967741935484, 'width': 152.86651835372635}","{'height': 360, 'width': 640, 'mime_type': 'video/mp4'}",fbY4O04uunE,https://www.youtube.com/watch?v=fbY4O04uunE
clk6ldflp00423n6l9q27b78p,5147,front,,Abnormal Gait,stroke,"{'top': 24.918798665183537, 'left': 160.9377085650723, 'height': 331.1290322580645, 'width': 152.8565072302558}","{'height': 360, 'width': 640, 'mime_type': 'video/mp4'}",fbY4O04uunE,https://www.youtube.com/watch?v=fbY4O04uunE
clk6ldflp00423n6l9q27b78p,5148,front,,Abnormal Gait,stroke,"{'top': 24.88987764182425, 'left': 160.95661846496108, 'height': 331.16129032258067, 'width': 152.8464961067853}","{'height': 360, 'width': 640, 'mime_type': 'video/mp4'}",fbY4O04uunE,https://www.youtube.com/watch?v=fbY4O04uunE
clk6ldflp00423n6l9q27b78p,5149,front,,Abnormal Gait,stroke,"{'top': 24.86095661846496, 'left': 160.97552836484982, 'height': 331.19354838709677, 'width': 152.8364849833148}","{'height': 360, 'width': 640, 'mime_type': 'video/mp4'}",fbY4O04uunE,https://www.youtube.com/watch?v=fbY4O04uunE
clk6ldflp00423n6l9q27b78p,5150,front,,Abnormal Gait,stroke,"{'top': 24.832035595105673, 'left': 160.9944382647386, 'height': 331.2258064516129, 'width': 152.8264738598443}","{'height': 360, 'width': 640, 'mime_type': 'video/mp4'}",fbY4O04uunE,https://www.youtube.com/watch?v=fbY4O04uunE
clk6ldflp00423n6l9q27b78p,5151,front,,Abnormal Gait,stroke,"{'top': 24.803114571746384, 'left': 161.01334816462736, 'height': 331.258064516129, 'width': 152.81646273637375}","{'height': 360, 'width': 640, 'mime_type': 'video/mp4'}",fbY4O04uunE,https://www.youtube.com/watch?v=fbY4O04uunE
clk6ldflp00423n6l9q27b78p,5152,front,,Abnormal Gait,stroke,"{'top': 24.774193548387096, 'left': 161.03225806451613, 'height': 331.2903225806452, 'width': 152.8064516129032}","{'height': 360, 'width': 640, 'mime_type': 'video/mp4'}",fbY4O04uunE,https://www.youtube.com/watch?v=fbY4O04uunE
clk6ldflp00423n6l9q27b78p,5153,front,,Abnormal Gait,stroke,"{'top': 24.745272525027808, 'left': 161.0511679644049, 'height': 331.3225806451613, 'width': 152.7964404894327}","{'height': 360, 'width': 640, 'mime_type': 'video/mp4'}",fbY4O04uunE,https://www.youtube.com/watch?v=fbY4O04uunE
clk6ldflp00423n6l9q27b78p,5154,front,,Abnormal Gait,stroke,"{'top': 24.71635150166852, 'left': 161.07007786429367, 'height': 331.35483870967744, 'width': 152.78642936596216}","{'height': 360, 'width': 640, 'mime_type': 'video/mp4'}",fbY4O04uunE,https://www.youtube.com/watch?v=fbY4O04uunE
clk6ldflp00423n6l9q27b78p,5155,front,,Abnormal Gait,stroke,"{'top': 24.68743047830923, 'left': 161.08898776418243, 'height': 331.38709677419354, 'width': 152.77641824249167}","{'height': 360, 'width': 640, 'mime_type': 'video/mp4'}",fbY4O04uunE,https://www.youtube.com/watch?v=fbY4O04uunE
clk6ldflp00423n6l9q27b78p,5156,front,,Abnormal Gait,stroke,"{'top': 24.658509454949943, 'left': 161.1078976640712, 'height': 331.4193548387097, 'width': 152.76640711902112}","{'height': 360, 'width': 640, 'mime_type': 'video/mp4'}",fbY4O04uunE,https://www.youtube.com/watch?v=fbY4O04uunE
clk6ldflp00423n6l9q27b78p,5157,front,,Abnormal Gait,stroke,"{'top': 24.629588431590655, 'left': 161.12680756395994, 'height': 331.4516129032258, 'width': 152.7563959955506}","{'height': 360, 'width': 640, 'mime_type': 'video/mp4'}",fbY4O04uunE,https://www.youtube.com/watch?v=fbY4O04uunE
clk6ldflp00423n6l9q27b78p,5158,front,,Abnormal Gait,stroke,"{'top': 24.600667408231367, 'left': 161.1457174638487, 'height': 331.48387096774195, 'width': 152.7463848720801}","{'height': 360, 'width': 640, 'mime_type': 'video/mp4'}",fbY4O04uunE,https://www.youtube.com/watch?v=fbY4O04uunE
clk6ldflp00423n6l9q27b78p,5159,front,,Abnormal Gait,stroke,"{'top': 24.57174638487208, 'left': 161.16462736373748, 'height': 331.51612903225805, 'width': 152.73637374860957}","{'height': 360, 'width': 640, 'mime_type': 'video/mp4'}",fbY4O04uunE,https://www.youtube.com/watch?v=fbY4O04uunE
clk6ldflp00423n6l9q27b78p,5160,front,,Abnormal Gait,stroke,"{'top': 24.54282536151279, 'left': 161.18353726362625, 'height': 331.5483870967742, 'width': 152.72636262513902}","{'height': 360, 'width': 640, 'mime_type': 'video/mp4'}",fbY4O04uunE,https://www.youtube.com/watch?v=fbY4O04uunE
clk6ldflp00423n6l9q27b78p,5161,front,,Abnormal Gait,stroke,"{'top': 24.513904338153502, 'left': 161.20244716351502, 'height': 331.5806451612903, 'width': 152.71635150166853}","{'height': 360, 'width': 640, 'mime_type': 'video/mp4'}",fbY4O04uunE,https://www.youtube.com/watch?v=fbY4O04uunE
clk6ldflp00423n6l9q27b78p,5162,front,,Abnormal Gait,stroke,"{'top': 24.484983314794214, 'left': 161.2213570634038, 'height': 331.61290322580646, 'width': 152.70634037819798}","{'height': 360, 'width': 640, 'mime_type': 'video/mp4'}",fbY4O04uunE,https://www.youtube.com/watch?v=fbY4O04uunE
clk6ldflp00423n6l9q27b78p,5163,front,,Abnormal Gait,stroke,"{'top': 24.456062291434925, 'left': 161.24026696329256, 'height': 331.64516129032256, 'width': 152.6963292547275}","{'height': 360, 'width': 640, 'mime_type': 'video/mp4'}",fbY4O04uunE,https://www.youtube.com/watch?v=fbY4O04uunE
clk6ldflp00423n6l9q27b78p,5164,front,,Abnormal Gait,stroke,"{'top': 24.42714126807564, 'left': 161.25917686318132, 'height': 331.6774193548387, 'width': 152.68631813125694}","{'height': 360, 'width': 640, 'mime_type': 'video/mp4'}",fbY4O04uunE,https://www.youtube.com/watch?v=fbY4O04uunE
clk6ldflp00423n6l9q27b78p,5165,front,,Abnormal Gait,stroke,"{'top': 24.398220244716352, 'left': 161.27808676307006, 'height': 331.7096774193548, 'width': 152.67630700778642}","{'height': 360, 'width': 640, 'mime_type': 'video/mp4'}",fbY4O04uunE,https://www.youtube.com/watch?v=fbY4O04uunE
clk6ldflp00423n6l9q27b78p,5166,front,,Abnormal Gait,stroke,"{'top': 24.369299221357064, 'left': 161.29699666295883, 'height': 331.741935483871, 'width': 152.66629588431593}","{'height': 360, 'width': 640, 'mime_type': 'video/mp4'}",fbY4O04uunE,https://www.youtube.com/watch?v=fbY4O04uunE
clk6ldflp00423n6l9q27b78p,5167,front,,Abnormal Gait,stroke,"{'top': 24.340378197997776, 'left': 161.3159065628476, 'height': 331.7741935483871, 'width': 152.65628476084538}","{'height': 360, 'width': 640, 'mime_type': 'video/mp4'}",fbY4O04uunE,https://www.youtube.com/watch?v=fbY4O04uunE
clk6ldflp00423n6l9q27b78p,5168,front,,Abnormal Gait,stroke,"{'top': 24.311457174638488, 'left': 161.33481646273637, 'height': 331.80645161290323, 'width': 152.6462736373749}","{'height': 360, 'width': 640, 'mime_type': 'video/mp4'}",fbY4O04uunE,https://www.youtube.com/watch?v=fbY4O04uunE
clk6ldflp00423n6l9q27b78p,5169,front,,Abnormal Gait,stroke,"{'top': 24.2825361512792, 'left': 161.35372636262514, 'height': 331.83870967741933, 'width': 152.63626251390434}","{'height': 360, 'width': 640, 'mime_type': 'video/mp4'}",fbY4O04uunE,https://www.youtube.com/watch?v=fbY4O04uunE
clk6ldflp00423n6l9q27b78p,5170,front,,Abnormal Gait,stroke,"{'top': 24.25361512791991, 'left': 161.3726362625139, 'height': 331.8709677419355, 'width': 152.6262513904338}","{'height': 360, 'width': 640, 'mime_type': 'video/mp4'}",fbY4O04uunE,https://www.youtube.com/watch?v=fbY4O04uunE
clk6ldflp00423n6l9q27b78p,5171,front,,Abnormal Gait,stroke,"{'top': 24.224694104560623, 'left': 161.39154616240268, 'height': 331.9032258064516, 'width': 152.6162402669633}","{'height': 360, 'width': 640, 'mime_type': 'video/mp4'}",fbY4O04uunE,https://www.youtube.com/watch?v=fbY4O04uunE
clk6ldflp00423n6l9q27b78p,5172,front,,Abnormal Gait,stroke,"{'top': 24.195773081201335, 'left': 161.41045606229144, 'height': 331.93548387096774, 'width': 152.60622914349275}","{'height': 360, 'width': 640, 'mime_type': 'video/mp4'}",fbY4O04uunE,https://www.youtube.com/watch?v=fbY4O04uunE
clk6ldflp00423n6l9q27b78p,5173,front,,Abnormal Gait,stroke,"{'top': 24.166852057842046, 'left': 161.4293659621802, 'height': 331.96774193548384, 'width': 152.5962180200222}","{'height': 360, 'width': 640, 'mime_type': 'video/mp4'}",fbY4O04uunE,https://www.youtube.com/watch?v=fbY4O04uunE
clk6ldflp00423n6l9q27b78p,5174,front,,Abnormal Gait,stroke,"{'top': 24.13793103448276, 'left': 161.44827586206895, 'height': 332.0, 'width': 152.58620689655174}","{'height': 360, 'width': 640, 'mime_type': 'video/mp4'}",fbY4O04uunE,https://www.youtube.com/watch?v=fbY4O04uunE
clk6ldflp00423n6l9q27b78p,5175,front,,Abnormal Gait,stroke,"{'top': 24.109010011123473, 'left': 161.46718576195772, 'height': 332.0322580645161, 'width': 152.5761957730812}","{'height': 360, 'width': 640, 'mime_type': 'video/mp4'}",fbY4O04uunE,https://www.youtube.com/watch?v=fbY4O04uunE
clk6ldflp00423n6l9q27b78p,5176,front,,Abnormal Gait,stroke,"{'top': 24.08008898776418, 'left': 161.4860956618465, 'height': 332.06451612903226, 'width': 152.5661846496107}","{'height': 360, 'width': 640, 'mime_type': 'video/mp4'}",fbY4O04uunE,https://www.youtube.com/watch?v=fbY4O04uunE
clk6ldflp00423n6l9q27b78p,5177,front,,Abnormal Gait,stroke,"{'top': 24.051167964404893, 'left': 161.50500556173526, 'height': 332.0967741935484, 'width': 152.55617352614016}","{'height': 360, 'width': 640, 'mime_type': 'video/mp4'}",fbY4O04uunE,https://www.youtube.com/watch?v=fbY4O04uunE
clk6ldflp00423n6l9q27b78p,5178,front,,Abnormal Gait,stroke,"{'top': 24.02224694104561, 'left': 161.52391546162403, 'height': 332.1290322580645, 'width': 152.5461624026696}","{'height': 360, 'width': 640, 'mime_type': 'video/mp4'}",fbY4O04uunE,https://www.youtube.com/watch?v=fbY4O04uunE
clk6ldflp00423n6l9q27b78p,5179,front,,Abnormal Gait,stroke,"{'top': 23.99332591768632, 'left': 161.5428253615128, 'height': 332.16129032258067, 'width': 152.53615127919912}","{'height': 360, 'width': 640, 'mime_type': 'video/mp4'}",fbY4O04uunE,https://www.youtube.com/watch?v=fbY4O04uunE
clk6ldflp00423n6l9q27b78p,5180,front,,Abnormal Gait,stroke,"{'top': 23.964404894327032, 'left': 161.56173526140157, 'height': 332.1935483870968, 'width': 152.52614015572857}","{'height': 360, 'width': 640, 'mime_type': 'video/mp4'}",fbY4O04uunE,https://www.youtube.com/watch?v=fbY4O04uunE
clk6ldflp00423n6l9q27b78p,5181,front,,Abnormal Gait,stroke,"{'top': 23.935483870967744, 'left': 161.58064516129033, 'height': 332.2258064516129, 'width': 152.51612903225808}","{'height': 360, 'width': 640, 'mime_type': 'video/mp4'}",fbY4O04uunE,https://www.youtube.com/watch?v=fbY4O04uunE
clk6ldflp00423n6l9q27b78p,5182,front,,Abnormal Gait,stroke,"{'top': 23.906562847608456, 'left': 161.59955506117907, 'height': 332.258064516129, 'width': 152.50611790878756}","{'height': 360, 'width': 640, 'mime_type': 'video/mp4'}",fbY4O04uunE,https://www.youtube.com/watch?v=fbY4O04uunE
clk6ldflp00423n6l9q27b78p,5183,front,,Abnormal Gait,stroke,"{'top': 23.877641824249167, 'left': 161.61846496106784, 'height': 332.2903225806452, 'width': 152.496106785317}","{'height': 360, 'width': 640, 'mime_type': 'video/mp4'}",fbY4O04uunE,https://www.youtube.com/watch?v=fbY4O04uunE
clk6ldflp00423n6l9q27b78p,5184,front,,Abnormal Gait,stroke,"{'top': 23.84872080088988, 'left': 161.6373748609566, 'height': 332.32258064516134, 'width': 152.48609566184652}","{'height': 360, 'width': 640, 'mime_type': 'video/mp4'}",fbY4O04uunE,https://www.youtube.com/watch?v=fbY4O04uunE
clk6ldflp00423n6l9q27b78p,5185,front,,Abnormal Gait,stroke,"{'top': 23.81979977753059, 'left': 161.65628476084538, 'height': 332.35483870967744, 'width': 152.47608453837597}","{'height': 360, 'width': 640, 'mime_type': 'video/mp4'}",fbY4O04uunE,https://www.youtube.com/watch?v=fbY4O04uunE
clk6ldflp00423n6l9q27b78p,5186,front,,Abnormal Gait,stroke,"{'top': 23.790878754171302, 'left': 161.67519466073415, 'height': 332.38709677419354, 'width': 152.46607341490542}","{'height': 360, 'width': 640, 'mime_type': 'video/mp4'}",fbY4O04uunE,https://www.youtube.com/watch?v=fbY4O04uunE
clk6ldflp00423n6l9q27b78p,5187,front,,Abnormal Gait,stroke,"{'top': 23.761957730812014, 'left': 161.69410456062292, 'height': 332.4193548387097, 'width': 152.45606229143493}","{'height': 360, 'width': 640, 'mime_type': 'video/mp4'}",fbY4O04uunE,https://www.youtube.com/watch?v=fbY4O04uunE
clk6ldflp00423n6l9q27b78p,5188,front,,Abnormal Gait,stroke,"{'top': 23.733036707452726, 'left': 161.7130144605117, 'height': 332.45161290322585, 'width': 152.44605116796438}","{'height': 360, 'width': 640, 'mime_type': 'video/mp4'}",fbY4O04uunE,https://www.youtube.com/watch?v=fbY4O04uunE
clk6ldflp00423n6l9q27b78p,5189,front,,Abnormal Gait,stroke,"{'top': 23.704115684093438, 'left': 161.73192436040046, 'height': 332.48387096774195, 'width': 152.4360400444939}","{'height': 360, 'width': 640, 'mime_type': 'video/mp4'}",fbY4O04uunE,https://www.youtube.com/watch?v=fbY4O04uunE
clk6ldflp00423n6l9q27b78p,5190,front,,Abnormal Gait,stroke,"{'top': 23.67519466073415, 'left': 161.7508342602892, 'height': 332.51612903225805, 'width': 152.42602892102337}","{'height': 360, 'width': 640, 'mime_type': 'video/mp4'}",fbY4O04uunE,https://www.youtube.com/watch?v=fbY4O04uunE
clk6ldflp00423n6l9q27b78p,5191,front,,Abnormal Gait,stroke,"{'top': 23.64627363737486, 'left': 161.76974416017796, 'height': 332.5483870967742, 'width': 152.41601779755283}","{'height': 360, 'width': 640, 'mime_type': 'video/mp4'}",fbY4O04uunE,https://www.youtube.com/watch?v=fbY4O04uunE
clk6ldflp00423n6l9q27b78p,5192,front,,Abnormal Gait,stroke,"{'top': 23.617352614015573, 'left': 161.78865406006673, 'height': 332.58064516129036, 'width': 152.40600667408233}","{'height': 360, 'width': 640, 'mime_type': 'video/mp4'}",fbY4O04uunE,https://www.youtube.com/watch?v=fbY4O04uunE
clk6ldflp00423n6l9q27b78p,5193,front,,Abnormal Gait,stroke,"{'top': 23.588431590656285, 'left': 161.8075639599555, 'height': 332.61290322580646, 'width': 152.3959955506118}","{'height': 360, 'width': 640, 'mime_type': 'video/mp4'}",fbY4O04uunE,https://www.youtube.com/watch?v=fbY4O04uunE
clk6ldflp00423n6l9q27b78p,5194,front,,Abnormal Gait,stroke,"{'top': 23.559510567296996, 'left': 161.82647385984427, 'height': 332.64516129032256, 'width': 152.3859844271413}","{'height': 360, 'width': 640, 'mime_type': 'video/mp4'}",fbY4O04uunE,https://www.youtube.com/watch?v=fbY4O04uunE
clk6ldflp00423n6l9q27b78p,5195,front,,Abnormal Gait,stroke,"{'top': 23.530589543937708, 'left': 161.84538375973304, 'height': 332.6774193548387, 'width': 152.37597330367075}","{'height': 360, 'width': 640, 'mime_type': 'video/mp4'}",fbY4O04uunE,https://www.youtube.com/watch?v=fbY4O04uunE
clk6ldflp00423n6l9q27b78p,5196,front,,Abnormal Gait,stroke,"{'top': 23.50166852057842, 'left': 161.8642936596218, 'height': 332.7096774193549, 'width': 152.3659621802002}","{'height': 360, 'width': 640, 'mime_type': 'video/mp4'}",fbY4O04uunE,https://www.youtube.com/watch?v=fbY4O04uunE
clk6ldflp00423n6l9q27b78p,5197,front,,Abnormal Gait,stroke,"{'top': 23.47274749721913, 'left': 161.88320355951058, 'height': 332.741935483871, 'width': 152.3559510567297}","{'height': 360, 'width': 640, 'mime_type': 'video/mp4'}",fbY4O04uunE,https://www.youtube.com/watch?v=fbY4O04uunE
clk6ldflp00423n6l9q27b78p,5198,front,,Abnormal Gait,stroke,"{'top': 23.443826473859843, 'left': 161.90211345939935, 'height': 332.7741935483871, 'width': 152.34593993325916}","{'height': 360, 'width': 640, 'mime_type': 'video/mp4'}",fbY4O04uunE,https://www.youtube.com/watch?v=fbY4O04uunE
clk6ldflp00423n6l9q27b78p,5199,front,,Abnormal Gait,stroke,"{'top': 23.414905450500555, 'left': 161.92102335928809, 'height': 332.80645161290323, 'width': 152.33592880978864}","{'height': 360, 'width': 640, 'mime_type': 'video/mp4'}",fbY4O04uunE,https://www.youtube.com/watch?v=fbY4O04uunE
clk6ldflp00423n6l9q27b78p,5200,front,,Abnormal Gait,stroke,"{'top': 23.385984427141267, 'left': 161.93993325917685, 'height': 332.8387096774194, 'width': 152.32591768631815}","{'height': 360, 'width': 640, 'mime_type': 'video/mp4'}",fbY4O04uunE,https://www.youtube.com/watch?v=fbY4O04uunE
clk6ldflp00423n6l9q27b78p,5201,front,,Abnormal Gait,stroke,"{'top': 23.35706340378198, 'left': 161.95884315906562, 'height': 332.8709677419355, 'width': 152.3159065628476}","{'height': 360, 'width': 640, 'mime_type': 'video/mp4'}",fbY4O04uunE,https://www.youtube.com/watch?v=fbY4O04uunE
clk6ldflp00423n6l9q27b78p,5202,front,,Abnormal Gait,stroke,"{'top': 23.32814238042269, 'left': 161.9777530589544, 'height': 332.9032258064516, 'width': 152.3058954393771}","{'height': 360, 'width': 640, 'mime_type': 'video/mp4'}",fbY4O04uunE,https://www.youtube.com/watch?v=fbY4O04uunE
clk6ldflp00423n6l9q27b78p,5203,front,,Abnormal Gait,stroke,"{'top': 23.299221357063402, 'left': 161.99666295884316, 'height': 332.93548387096774, 'width': 152.29588431590656}","{'height': 360, 'width': 640, 'mime_type': 'video/mp4'}",fbY4O04uunE,https://www.youtube.com/watch?v=fbY4O04uunE
clk6ldflp00423n6l9q27b78p,5204,front,,Abnormal Gait,stroke,"{'top': 23.270300333704114, 'left': 162.01557285873193, 'height': 332.9677419354839, 'width': 152.28587319243601}","{'height': 360, 'width': 640, 'mime_type': 'video/mp4'}",fbY4O04uunE,https://www.youtube.com/watch?v=fbY4O04uunE
clk6ldflp00423n6l9q27b78p,5205,front,,Abnormal Gait,stroke,"{'top': 23.241379310344826, 'left': 162.0344827586207, 'height': 333.0, 'width': 152.27586206896552}","{'height': 360, 'width': 640, 'mime_type': 'video/mp4'}",fbY4O04uunE,https://www.youtube.com/watch?v=fbY4O04uunE
clk6ldflp00423n6l9q27b78p,5206,front,,Abnormal Gait,stroke,"{'top': 23.212458286985537, 'left': 162.05339265850947, 'height': 333.0322580645161, 'width': 152.26585094549498}","{'height': 360, 'width': 640, 'mime_type': 'video/mp4'}",fbY4O04uunE,https://www.youtube.com/watch?v=fbY4O04uunE
clk6ldflp00423n6l9q27b78p,5207,front,,Abnormal Gait,stroke,"{'top': 23.183537263626253, 'left': 162.0723025583982, 'height': 333.06451612903226, 'width': 152.2558398220245}","{'height': 360, 'width': 640, 'mime_type': 'video/mp4'}",fbY4O04uunE,https://www.youtube.com/watch?v=fbY4O04uunE
clk6ldflp00423n6l9q27b78p,5208,front,,Abnormal Gait,stroke,"{'top': 23.154616240266964, 'left': 162.09121245828698, 'height': 333.09677419354836, 'width': 152.24582869855396}","{'height': 360, 'width': 640, 'mime_type': 'video/mp4'}",fbY4O04uunE,https://www.youtube.com/watch?v=fbY4O04uunE
clk6ldflp00423n6l9q27b78p,5209,front,,Abnormal Gait,stroke,"{'top': 23.125695216907673, 'left': 162.11012235817574, 'height': 333.1290322580645, 'width': 152.23581757508342}","{'height': 360, 'width': 640, 'mime_type': 'video/mp4'}",fbY4O04uunE,https://www.youtube.com/watch?v=fbY4O04uunE
clk6ldflp00423n6l9q27b78p,5210,front,,Abnormal Gait,stroke,"{'top': 23.096774193548384, 'left': 162.1290322580645, 'height': 333.1612903225806, 'width': 152.22580645161293}","{'height': 360, 'width': 640, 'mime_type': 'video/mp4'}",fbY4O04uunE,https://www.youtube.com/watch?v=fbY4O04uunE
clk6ldflp00423n6l9q27b78p,5211,front,,Abnormal Gait,stroke,"{'top': 23.0678531701891, 'left': 162.14794215795328, 'height': 333.19354838709677, 'width': 152.21579532814238}","{'height': 360, 'width': 640, 'mime_type': 'video/mp4'}",fbY4O04uunE,https://www.youtube.com/watch?v=fbY4O04uunE
clk6ldflp00423n6l9q27b78p,5212,front,,Abnormal Gait,stroke,"{'top': 23.03893214682981, 'left': 162.16685205784205, 'height': 333.22580645161287, 'width': 152.20578420467183}","{'height': 360, 'width': 640, 'mime_type': 'video/mp4'}",fbY4O04uunE,https://www.youtube.com/watch?v=fbY4O04uunE
clk6ldflp00423n6l9q27b78p,5213,front,,Abnormal Gait,stroke,"{'top': 23.010011123470523, 'left': 162.18576195773082, 'height': 333.258064516129, 'width': 152.19577308120134}","{'height': 360, 'width': 640, 'mime_type': 'video/mp4'}",fbY4O04uunE,https://www.youtube.com/watch?v=fbY4O04uunE
clk6ldflp00423n6l9q27b78p,5214,front,,Abnormal Gait,stroke,"{'top': 22.981090100111235, 'left': 162.2046718576196, 'height': 333.2903225806451, 'width': 152.1857619577308}","{'height': 360, 'width': 640, 'mime_type': 'video/mp4'}",fbY4O04uunE,https://www.youtube.com/watch?v=fbY4O04uunE
clk6ldflp00423n6l9q27b78p,5215,front,,Abnormal Gait,stroke,"{'top': 22.952169076751947, 'left': 162.22358175750836, 'height': 333.3225806451613, 'width': 152.1757508342603}","{'height': 360, 'width': 640, 'mime_type': 'video/mp4'}",fbY4O04uunE,https://www.youtube.com/watch?v=fbY4O04uunE
clk6ldflp00423n6l9q27b78p,5216,front,,Abnormal Gait,stroke,"{'top': 22.92324805339266, 'left': 162.2424916573971, 'height': 333.3548387096774, 'width': 152.16573971078978}","{'height': 360, 'width': 640, 'mime_type': 'video/mp4'}",fbY4O04uunE,https://www.youtube.com/watch?v=fbY4O04uunE
clk6ldflp00423n6l9q27b78p,5217,front,,Abnormal Gait,stroke,"{'top': 22.89432703003337, 'left': 162.26140155728586, 'height': 333.38709677419354, 'width': 152.15572858731923}","{'height': 360, 'width': 640, 'mime_type': 'video/mp4'}",fbY4O04uunE,https://www.youtube.com/watch?v=fbY4O04uunE
clk6ldflp00423n6l9q27b78p,5218,front,,Abnormal Gait,stroke,"{'top': 22.865406006674082, 'left': 162.28031145717463, 'height': 333.41935483870964, 'width': 152.14571746384874}","{'height': 360, 'width': 640, 'mime_type': 'video/mp4'}",fbY4O04uunE,https://www.youtube.com/watch?v=fbY4O04uunE
clk6ldflp00423n6l9q27b78p,5219,front,,Abnormal Gait,stroke,"{'top': 22.836484983314794, 'left': 162.2992213570634, 'height': 333.4516129032258, 'width': 152.1357063403782}","{'height': 360, 'width': 640, 'mime_type': 'video/mp4'}",fbY4O04uunE,https://www.youtube.com/watch?v=fbY4O04uunE
clk6ldflp00423n6l9q27b78p,5220,front,,Abnormal Gait,stroke,"{'top': 22.807563959955505, 'left': 162.31813125695217, 'height': 333.4838709677419, 'width': 152.1256952169077}","{'height': 360, 'width': 640, 'mime_type': 'video/mp4'}",fbY4O04uunE,https://www.youtube.com/watch?v=fbY4O04uunE
clk6ldflp00423n6l9q27b78p,5221,front,,Abnormal Gait,stroke,"{'top': 22.77864293659622, 'left': 162.33704115684094, 'height': 333.51612903225805, 'width': 152.11568409343715}","{'height': 360, 'width': 640, 'mime_type': 'video/mp4'}",fbY4O04uunE,https://www.youtube.com/watch?v=fbY4O04uunE
clk6ldflp00423n6l9q27b78p,5222,front,,Abnormal Gait,stroke,"{'top': 22.749721913236932, 'left': 162.3559510567297, 'height': 333.54838709677415, 'width': 152.1056729699666}","{'height': 360, 'width': 640, 'mime_type': 'video/mp4'}",fbY4O04uunE,https://www.youtube.com/watch?v=fbY4O04uunE
clk6ldflp00423n6l9q27b78p,5223,front,,Abnormal Gait,stroke,"{'top': 22.720800889877644, 'left': 162.37486095661848, 'height': 333.5806451612903, 'width': 152.0956618464961}","{'height': 360, 'width': 640, 'mime_type': 'video/mp4'}",fbY4O04uunE,https://www.youtube.com/watch?v=fbY4O04uunE
clk6ldflp00423n6l9q27b78p,5224,front,,Abnormal Gait,stroke,"{'top': 22.691879866518356, 'left': 162.39377085650722, 'height': 333.6129032258064, 'width': 152.0856507230256}","{'height': 360, 'width': 640, 'mime_type': 'video/mp4'}",fbY4O04uunE,https://www.youtube.com/watch?v=fbY4O04uunE
clk6ldflp00423n6l9q27b78p,5225,front,,Abnormal Gait,stroke,"{'top': 22.662958843159064, 'left': 162.41268075639599, 'height': 333.64516129032256, 'width': 152.07563959955505}","{'height': 360, 'width': 640, 'mime_type': 'video/mp4'}",fbY4O04uunE,https://www.youtube.com/watch?v=fbY4O04uunE
clk6ldflp00423n6l9q27b78p,5226,front,,Abnormal Gait,stroke,"{'top': 22.63403781979978, 'left': 162.43159065628475, 'height': 333.67741935483866, 'width': 152.06562847608456}","{'height': 360, 'width': 640, 'mime_type': 'video/mp4'}",fbY4O04uunE,https://www.youtube.com/watch?v=fbY4O04uunE
clk6ldflp00423n6l9q27b78p,5227,front,,Abnormal Gait,stroke,"{'top': 22.60511679644049, 'left': 162.45050055617352, 'height': 333.7096774193548, 'width': 152.055617352614}","{'height': 360, 'width': 640, 'mime_type': 'video/mp4'}",fbY4O04uunE,https://www.youtube.com/watch?v=fbY4O04uunE
clk6ldflp00423n6l9q27b78p,5228,front,,Abnormal Gait,stroke,"{'top': 22.576195773081203, 'left': 162.4694104560623, 'height': 333.7419354838709, 'width': 152.04560622914352}","{'height': 360, 'width': 640, 'mime_type': 'video/mp4'}",fbY4O04uunE,https://www.youtube.com/watch?v=fbY4O04uunE
clk6ldflp00423n6l9q27b78p,5229,front,,Abnormal Gait,stroke,"{'top': 22.547274749721915, 'left': 162.48832035595106, 'height': 333.7741935483871, 'width': 152.03559510567297}","{'height': 360, 'width': 640, 'mime_type': 'video/mp4'}",fbY4O04uunE,https://www.youtube.com/watch?v=fbY4O04uunE
clk6ldflp00423n6l9q27b78p,5230,front,,Abnormal Gait,stroke,"{'top': 22.518353726362626, 'left': 162.50723025583983, 'height': 333.80645161290323, 'width': 152.02558398220242}","{'height': 360, 'width': 640, 'mime_type': 'video/mp4'}",fbY4O04uunE,https://www.youtube.com/watch?v=fbY4O04uunE
clk6ldflp00423n6l9q27b78p,5231,front,,Abnormal Gait,stroke,"{'top': 22.489432703003338, 'left': 162.5261401557286, 'height': 333.8387096774194, 'width': 152.01557285873193}","{'height': 360, 'width': 640, 'mime_type': 'video/mp4'}",fbY4O04uunE,https://www.youtube.com/watch?v=fbY4O04uunE
clk6ldflp00423n6l9q27b78p,5232,front,,Abnormal Gait,stroke,"{'top': 22.46051167964405, 'left': 162.54505005561737, 'height': 333.8709677419355, 'width': 152.00556173526138}","{'height': 360, 'width': 640, 'mime_type': 'video/mp4'}",fbY4O04uunE,https://www.youtube.com/watch?v=fbY4O04uunE
clk6ldflp00423n6l9q27b78p,5233,front,,Abnormal Gait,stroke,"{'top': 22.43159065628476, 'left': 162.5639599555061, 'height': 333.90322580645164, 'width': 151.99555061179092}","{'height': 360, 'width': 640, 'mime_type': 'video/mp4'}",fbY4O04uunE,https://www.youtube.com/watch?v=fbY4O04uunE
clk6ldflp00423n6l9q27b78p,5234,front,,Abnormal Gait,stroke,"{'top': 22.402669632925473, 'left': 162.58286985539488, 'height': 333.93548387096774, 'width': 151.98553948832037}","{'height': 360, 'width': 640, 'mime_type': 'video/mp4'}",fbY4O04uunE,https://www.youtube.com/watch?v=fbY4O04uunE
clk6ldflp00423n6l9q27b78p,5235,front,,Abnormal Gait,stroke,"{'top': 22.373748609566185, 'left': 162.60177975528364, 'height': 333.9677419354839, 'width': 151.97552836484982}","{'height': 360, 'width': 640, 'mime_type': 'video/mp4'}",fbY4O04uunE,https://www.youtube.com/watch?v=fbY4O04uunE
clk6ldflp00423n6l9q27b78p,5236,front,,Abnormal Gait,stroke,"{'top': 22.344827586206897, 'left': 162.6206896551724, 'height': 334.0, 'width': 151.96551724137933}","{'height': 360, 'width': 640, 'mime_type': 'video/mp4'}",fbY4O04uunE,https://www.youtube.com/watch?v=fbY4O04uunE
clk6ldflp00423n6l9q27b78p,5237,front,,Abnormal Gait,stroke,"{'top': 22.31590656284761, 'left': 162.63959955506118, 'height': 334.03225806451616, 'width': 151.95550611790878}","{'height': 360, 'width': 640, 'mime_type': 'video/mp4'}",fbY4O04uunE,https://www.youtube.com/watch?v=fbY4O04uunE
clk6ldflp00423n6l9q27b78p,5238,front,,Abnormal Gait,stroke,"{'top': 22.28698553948832, 'left': 162.65850945494995, 'height': 334.06451612903226, 'width': 151.94549499443823}","{'height': 360, 'width': 640, 'mime_type': 'video/mp4'}",fbY4O04uunE,https://www.youtube.com/watch?v=fbY4O04uunE
clk6ldflp00423n6l9q27b78p,5239,front,,Abnormal Gait,stroke,"{'top': 22.258064516129032, 'left': 162.67741935483872, 'height': 334.0967741935484, 'width': 151.93548387096774}","{'height': 360, 'width': 640, 'mime_type': 'video/mp4'}",fbY4O04uunE,https://www.youtube.com/watch?v=fbY4O04uunE
clk6ldflp00423n6l9q27b78p,5240,front,,Abnormal Gait,stroke,"{'top': 22.229143492769744, 'left': 162.6963292547275, 'height': 334.1290322580645, 'width': 151.9254727474972}","{'height': 360, 'width': 640, 'mime_type': 'video/mp4'}",fbY4O04uunE,https://www.youtube.com/watch?v=fbY4O04uunE
clk6ldflp00423n6l9q27b78p,5241,front,,Abnormal Gait,stroke,"{'top': 22.200222469410456, 'left': 162.71523915461623, 'height': 334.16129032258067, 'width': 151.91546162402673}","{'height': 360, 'width': 640, 'mime_type': 'video/mp4'}",fbY4O04uunE,https://www.youtube.com/watch?v=fbY4O04uunE
clk6ldflp00423n6l9q27b78p,5242,front,,Abnormal Gait,stroke,"{'top': 22.171301446051167, 'left': 162.734149054505, 'height': 334.19354838709677, 'width': 151.90545050055619}","{'height': 360, 'width': 640, 'mime_type': 'video/mp4'}",fbY4O04uunE,https://www.youtube.com/watch?v=fbY4O04uunE
clk6ldflp00423n6l9q27b78p,5243,front,,Abnormal Gait,stroke,"{'top': 22.14238042269188, 'left': 162.75305895439377, 'height': 334.2258064516129, 'width': 151.89543937708564}","{'height': 360, 'width': 640, 'mime_type': 'video/mp4'}",fbY4O04uunE,https://www.youtube.com/watch?v=fbY4O04uunE
clk6ldflp00423n6l9q27b78p,5244,front,,Abnormal Gait,stroke,"{'top': 22.11345939933259, 'left': 162.77196885428253, 'height': 334.258064516129, 'width': 151.88542825361515}","{'height': 360, 'width': 640, 'mime_type': 'video/mp4'}",fbY4O04uunE,https://www.youtube.com/watch?v=fbY4O04uunE
clk6ldflp00423n6l9q27b78p,5245,front,,Abnormal Gait,stroke,"{'top': 22.084538375973302, 'left': 162.7908787541713, 'height': 334.2903225806452, 'width': 151.8754171301446}","{'height': 360, 'width': 640, 'mime_type': 'video/mp4'}",fbY4O04uunE,https://www.youtube.com/watch?v=fbY4O04uunE
clk6ldflp00423n6l9q27b78p,5246,front,,Abnormal Gait,stroke,"{'top': 22.055617352614014, 'left': 162.80978865406007, 'height': 334.3225806451613, 'width': 151.86540600667405}","{'height': 360, 'width': 640, 'mime_type': 'video/mp4'}",fbY4O04uunE,https://www.youtube.com/watch?v=fbY4O04uunE
clk6ldflp00423n6l9q27b78p,5247,front,,Abnormal Gait,stroke,"{'top': 22.026696329254726, 'left': 162.82869855394884, 'height': 334.35483870967744, 'width': 151.85539488320356}","{'height': 360, 'width': 640, 'mime_type': 'video/mp4'}",fbY4O04uunE,https://www.youtube.com/watch?v=fbY4O04uunE
clk6ldflp00423n6l9q27b78p,5248,front,,Abnormal Gait,stroke,"{'top': 21.997775305895438, 'left': 162.8476084538376, 'height': 334.38709677419354, 'width': 151.845383759733}","{'height': 360, 'width': 640, 'mime_type': 'video/mp4'}",fbY4O04uunE,https://www.youtube.com/watch?v=fbY4O04uunE
clk6ldflp00423n6l9q27b78p,5249,front,,Abnormal Gait,stroke,"{'top': 21.96885428253615, 'left': 162.86651835372635, 'height': 334.4193548387097, 'width': 151.83537263626255}","{'height': 360, 'width': 640, 'mime_type': 'video/mp4'}",fbY4O04uunE,https://www.youtube.com/watch?v=fbY4O04uunE
clk6ldflp00423n6l9q27b78p,5250,front,,Abnormal Gait,stroke,"{'top': 21.93993325917686, 'left': 162.88542825361512, 'height': 334.4516129032258, 'width': 151.825361512792}","{'height': 360, 'width': 640, 'mime_type': 'video/mp4'}",fbY4O04uunE,https://www.youtube.com/watch?v=fbY4O04uunE
clk6ldflp00423n6l9q27b78p,5251,front,,Abnormal Gait,stroke,"{'top': 21.911012235817573, 'left': 162.9043381535039, 'height': 334.48387096774195, 'width': 151.81535038932145}","{'height': 360, 'width': 640, 'mime_type': 'video/mp4'}",fbY4O04uunE,https://www.youtube.com/watch?v=fbY4O04uunE
clk6ldflp00423n6l9q27b78p,5252,front,,Abnormal Gait,stroke,"{'top': 21.882091212458285, 'left': 162.92324805339265, 'height': 334.51612903225805, 'width': 151.80533926585096}","{'height': 360, 'width': 640, 'mime_type': 'video/mp4'}",fbY4O04uunE,https://www.youtube.com/watch?v=fbY4O04uunE
clk6ldflp00423n6l9q27b78p,5253,front,,Abnormal Gait,stroke,"{'top': 21.853170189098996, 'left': 162.94215795328142, 'height': 334.5483870967742, 'width': 151.7953281423804}","{'height': 360, 'width': 640, 'mime_type': 'video/mp4'}",fbY4O04uunE,https://www.youtube.com/watch?v=fbY4O04uunE
clk6ldflp00423n6l9q27b78p,5254,front,,Abnormal Gait,stroke,"{'top': 21.824249165739708, 'left': 162.9610678531702, 'height': 334.5806451612903, 'width': 151.78531701890992}","{'height': 360, 'width': 640, 'mime_type': 'video/mp4'}",fbY4O04uunE,https://www.youtube.com/watch?v=fbY4O04uunE
clk6ldflp00423n6l9q27b78p,5255,front,,Abnormal Gait,stroke,"{'top': 21.795328142380423, 'left': 162.97997775305896, 'height': 334.61290322580646, 'width': 151.77530589543937}","{'height': 360, 'width': 640, 'mime_type': 'video/mp4'}",fbY4O04uunE,https://www.youtube.com/watch?v=fbY4O04uunE
clk6ldflp00423n6l9q27b78p,5256,front,,Abnormal Gait,stroke,"{'top': 21.766407119021135, 'left': 162.99888765294773, 'height': 334.64516129032256, 'width': 151.76529477196883}","{'height': 360, 'width': 640, 'mime_type': 'video/mp4'}",fbY4O04uunE,https://www.youtube.com/watch?v=fbY4O04uunE
clk6ldflp00423n6l9q27b78p,5257,front,,Abnormal Gait,stroke,"{'top': 21.737486095661847, 'left': 163.0177975528365, 'height': 334.6774193548387, 'width': 151.75528364849833}","{'height': 360, 'width': 640, 'mime_type': 'video/mp4'}",fbY4O04uunE,https://www.youtube.com/watch?v=fbY4O04uunE
clk6ldflp00423n6l9q27b78p,5258,front,,Abnormal Gait,stroke,"{'top': 21.708565072302555, 'left': 163.03670745272524, 'height': 334.7096774193548, 'width': 151.74527252502781}","{'height': 360, 'width': 640, 'mime_type': 'video/mp4'}",fbY4O04uunE,https://www.youtube.com/watch?v=fbY4O04uunE
clk6ldflp00423n6l9q27b78p,5259,front,,Abnormal Gait,stroke,"{'top': 21.67964404894327, 'left': 163.055617352614, 'height': 334.741935483871, 'width': 151.73526140155727}","{'height': 360, 'width': 640, 'mime_type': 'video/mp4'}",fbY4O04uunE,https://www.youtube.com/watch?v=fbY4O04uunE
clk6ldflp00423n6l9q27b78p,5260,front,,Abnormal Gait,stroke,"{'top': 21.650723025583982, 'left': 163.07452725250278, 'height': 334.7741935483871, 'width': 151.72525027808678}","{'height': 360, 'width': 640, 'mime_type': 'video/mp4'}",fbY4O04uunE,https://www.youtube.com/watch?v=fbY4O04uunE
clk6ldflp00423n6l9q27b78p,5261,front,,Abnormal Gait,stroke,"{'top': 21.621802002224694, 'left': 163.09343715239154, 'height': 334.80645161290323, 'width': 151.71523915461623}","{'height': 360, 'width': 640, 'mime_type': 'video/mp4'}",fbY4O04uunE,https://www.youtube.com/watch?v=fbY4O04uunE
clk6ldflp00423n6l9q27b78p,5262,front,,Abnormal Gait,stroke,"{'top': 21.592880978865406, 'left': 163.1123470522803, 'height': 334.83870967741933, 'width': 151.70522803114574}","{'height': 360, 'width': 640, 'mime_type': 'video/mp4'}",fbY4O04uunE,https://www.youtube.com/watch?v=fbY4O04uunE
clk6ldflp00423n6l9q27b78p,5263,front,,Abnormal Gait,stroke,"{'top': 21.563959955506117, 'left': 163.13125695216908, 'height': 334.8709677419355, 'width': 151.6952169076752}","{'height': 360, 'width': 640, 'mime_type': 'video/mp4'}",fbY4O04uunE,https://www.youtube.com/watch?v=fbY4O04uunE
clk6ldflp00423n6l9q27b78p,5264,front,,Abnormal Gait,stroke,"{'top': 21.535038932146833, 'left': 163.15016685205785, 'height': 334.9032258064516, 'width': 151.68520578420464}","{'height': 360, 'width': 640, 'mime_type': 'video/mp4'}",fbY4O04uunE,https://www.youtube.com/watch?v=fbY4O04uunE
clk6ldflp00423n6l9q27b78p,5265,front,,Abnormal Gait,stroke,"{'top': 21.506117908787544, 'left': 163.16907675194662, 'height': 334.93548387096774, 'width': 151.67519466073415}","{'height': 360, 'width': 640, 'mime_type': 'video/mp4'}",fbY4O04uunE,https://www.youtube.com/watch?v=fbY4O04uunE
clk6ldflp00423n6l9q27b78p,5266,front,,Abnormal Gait,stroke,"{'top': 21.477196885428256, 'left': 163.18798665183536, 'height': 334.96774193548384, 'width': 151.66518353726363}","{'height': 360, 'width': 640, 'mime_type': 'video/mp4'}",fbY4O04uunE,https://www.youtube.com/watch?v=fbY4O04uunE
clk6ldflp00423n6l9q27b78p,5267,front,,Abnormal Gait,stroke,"{'top': 21.448275862068964, 'left': 163.20689655172413, 'height': 335.0, 'width': 151.65517241379314}","{'height': 360, 'width': 640, 'mime_type': 'video/mp4'}",fbY4O04uunE,https://www.youtube.com/watch?v=fbY4O04uunE
clk6ldflp00423n6l9q27b78p,5268,front,,Abnormal Gait,stroke,"{'top': 21.419354838709676, 'left': 163.2258064516129, 'height': 335.0322580645161, 'width': 151.6451612903226}","{'height': 360, 'width': 640, 'mime_type': 'video/mp4'}",fbY4O04uunE,https://www.youtube.com/watch?v=fbY4O04uunE
clk6ldflp00423n6l9q27b78p,5269,front,,Abnormal Gait,stroke,"{'top': 21.39043381535039, 'left': 163.24471635150167, 'height': 335.06451612903226, 'width': 151.63515016685204}","{'height': 360, 'width': 640, 'mime_type': 'video/mp4'}",fbY4O04uunE,https://www.youtube.com/watch?v=fbY4O04uunE
clk6ldflp00423n6l9q27b78p,5270,front,,Abnormal Gait,stroke,"{'top': 21.361512791991103, 'left': 163.26362625139043, 'height': 335.09677419354836, 'width': 151.62513904338155}","{'height': 360, 'width': 640, 'mime_type': 'video/mp4'}",fbY4O04uunE,https://www.youtube.com/watch?v=fbY4O04uunE
clk6ldflp00423n6l9q27b78p,5271,front,,Abnormal Gait,stroke,"{'top': 21.332591768631815, 'left': 163.2825361512792, 'height': 335.1290322580645, 'width': 151.615127919911}","{'height': 360, 'width': 640, 'mime_type': 'video/mp4'}",fbY4O04uunE,https://www.youtube.com/watch?v=fbY4O04uunE
clk6ldflp00423n6l9q27b78p,5272,front,,Abnormal Gait,stroke,"{'top': 21.303670745272527, 'left': 163.30144605116797, 'height': 335.1612903225806, 'width': 151.60511679644046}","{'height': 360, 'width': 640, 'mime_type': 'video/mp4'}",fbY4O04uunE,https://www.youtube.com/watch?v=fbY4O04uunE
clk6ldflp00423n6l9q27b78p,5273,front,,Abnormal Gait,stroke,"{'top': 21.27474972191324, 'left': 163.32035595105674, 'height': 335.19354838709677, 'width': 151.59510567296996}","{'height': 360, 'width': 640, 'mime_type': 'video/mp4'}",fbY4O04uunE,https://www.youtube.com/watch?v=fbY4O04uunE
clk6ldflp00423n6l9q27b78p,5274,front,,Abnormal Gait,stroke,"{'top': 21.24582869855395, 'left': 163.33926585094548, 'height': 335.22580645161287, 'width': 151.58509454949944}","{'height': 360, 'width': 640, 'mime_type': 'video/mp4'}",fbY4O04uunE,https://www.youtube.com/watch?v=fbY4O04uunE
clk6ldflp00423n6l9q27b78p,5275,front,,Abnormal Gait,stroke,"{'top': 21.216907675194662, 'left': 163.35817575083425, 'height': 335.258064516129, 'width': 151.57508342602895}","{'height': 360, 'width': 640, 'mime_type': 'video/mp4'}",fbY4O04uunE,https://www.youtube.com/watch?v=fbY4O04uunE
clk6ldflp00423n6l9q27b78p,5276,front,,Abnormal Gait,stroke,"{'top': 21.187986651835374, 'left': 163.37708565072302, 'height': 335.2903225806451, 'width': 151.5650723025584}","{'height': 360, 'width': 640, 'mime_type': 'video/mp4'}",fbY4O04uunE,https://www.youtube.com/watch?v=fbY4O04uunE
clk6ldflp00423n6l9q27b78p,5277,front,,Abnormal Gait,stroke,"{'top': 21.159065628476085, 'left': 163.3959955506118, 'height': 335.3225806451613, 'width': 151.55506117908786}","{'height': 360, 'width': 640, 'mime_type': 'video/mp4'}",fbY4O04uunE,https://www.youtube.com/watch?v=fbY4O04uunE
clk6ldflp00423n6l9q27b78p,5278,front,,Abnormal Gait,stroke,"{'top': 21.130144605116797, 'left': 163.41490545050056, 'height': 335.3548387096774, 'width': 151.54505005561737}","{'height': 360, 'width': 640, 'mime_type': 'video/mp4'}",fbY4O04uunE,https://www.youtube.com/watch?v=fbY4O04uunE
clk6ldflp00423n6l9q27b78p,5279,front,,Abnormal Gait,stroke,"{'top': 21.10122358175751, 'left': 163.43381535038932, 'height': 335.38709677419354, 'width': 151.53503893214682}","{'height': 360, 'width': 640, 'mime_type': 'video/mp4'}",fbY4O04uunE,https://www.youtube.com/watch?v=fbY4O04uunE
clk6ldflp00423n6l9q27b78p,5280,front,,Abnormal Gait,stroke,"{'top': 21.07230255839822, 'left': 163.4527252502781, 'height': 335.41935483870964, 'width': 151.52502780867633}","{'height': 360, 'width': 640, 'mime_type': 'video/mp4'}",fbY4O04uunE,https://www.youtube.com/watch?v=fbY4O04uunE
clk6ldflp00423n6l9q27b78p,5281,front,,Abnormal Gait,stroke,"{'top': 21.043381535038932, 'left': 163.47163515016686, 'height': 335.4516129032258, 'width': 151.51501668520578}","{'height': 360, 'width': 640, 'mime_type': 'video/mp4'}",fbY4O04uunE,https://www.youtube.com/watch?v=fbY4O04uunE
clk6ldflp00423n6l9q27b78p,5282,front,,Abnormal Gait,stroke,"{'top': 21.014460511679644, 'left': 163.49054505005563, 'height': 335.4838709677419, 'width': 151.50500556173523}","{'height': 360, 'width': 640, 'mime_type': 'video/mp4'}",fbY4O04uunE,https://www.youtube.com/watch?v=fbY4O04uunE
clk6ldflp00423n6l9q27b78p,5283,front,,Abnormal Gait,stroke,"{'top': 20.985539488320356, 'left': 163.50945494994437, 'height': 335.5161290322581, 'width': 151.49499443826477}","{'height': 360, 'width': 640, 'mime_type': 'video/mp4'}",fbY4O04uunE,https://www.youtube.com/watch?v=fbY4O04uunE
clk6ldflp00423n6l9q27b78p,5284,front,,Abnormal Gait,stroke,"{'top': 20.956618464961068, 'left': 163.52836484983314, 'height': 335.5483870967742, 'width': 151.48498331479422}","{'height': 360, 'width': 640, 'mime_type': 'video/mp4'}",fbY4O04uunE,https://www.youtube.com/watch?v=fbY4O04uunE
clk6ldflp00423n6l9q27b78p,5285,front,,Abnormal Gait,stroke,"{'top': 20.92769744160178, 'left': 163.5472747497219, 'height': 335.58064516129036, 'width': 151.47497219132367}","{'height': 360, 'width': 640, 'mime_type': 'video/mp4'}",fbY4O04uunE,https://www.youtube.com/watch?v=fbY4O04uunE
clk6ldflp00423n6l9q27b78p,5286,front,,Abnormal Gait,stroke,"{'top': 20.89877641824249, 'left': 163.56618464961068, 'height': 335.61290322580646, 'width': 151.46496106785318}","{'height': 360, 'width': 640, 'mime_type': 'video/mp4'}",fbY4O04uunE,https://www.youtube.com/watch?v=fbY4O04uunE
clk6ldflp00423n6l9q27b78p,5287,front,,Abnormal Gait,stroke,"{'top': 20.869855394883203, 'left': 163.58509454949944, 'height': 335.6451612903226, 'width': 151.45494994438263}","{'height': 360, 'width': 640, 'mime_type': 'video/mp4'}",fbY4O04uunE,https://www.youtube.com/watch?v=fbY4O04uunE
clk6ldflp00423n6l9q27b78p,5288,front,,Abnormal Gait,stroke,"{'top': 20.840934371523915, 'left': 163.6040044493882, 'height': 335.6774193548387, 'width': 151.44493882091214}","{'height': 360, 'width': 640, 'mime_type': 'video/mp4'}",fbY4O04uunE,https://www.youtube.com/watch?v=fbY4O04uunE
clk6ldflp00423n6l9q27b78p,5289,front,,Abnormal Gait,stroke,"{'top': 20.812013348164626, 'left': 163.62291434927698, 'height': 335.7096774193549, 'width': 151.4349276974416}","{'height': 360, 'width': 640, 'mime_type': 'video/mp4'}",fbY4O04uunE,https://www.youtube.com/watch?v=fbY4O04uunE
clk6ldflp00423n6l9q27b78p,5290,front,,Abnormal Gait,stroke,"{'top': 20.783092324805338, 'left': 163.64182424916575, 'height': 335.741935483871, 'width': 151.42491657397105}","{'height': 360, 'width': 640, 'mime_type': 'video/mp4'}",fbY4O04uunE,https://www.youtube.com/watch?v=fbY4O04uunE
clk6ldflp00423n6l9q27b78p,5291,front,,Abnormal Gait,stroke,"{'top': 20.75417130144605, 'left': 163.66073414905452, 'height': 335.77419354838713, 'width': 151.41490545050056}","{'height': 360, 'width': 640, 'mime_type': 'video/mp4'}",fbY4O04uunE,https://www.youtube.com/watch?v=fbY4O04uunE
clk6ldflp00423n6l9q27b78p,5292,front,,Abnormal Gait,stroke,"{'top': 20.72525027808676, 'left': 163.67964404894326, 'height': 335.80645161290323, 'width': 151.40489432703004}","{'height': 360, 'width': 640, 'mime_type': 'video/mp4'}",fbY4O04uunE,https://www.youtube.com/watch?v=fbY4O04uunE
clk6ldflp00423n6l9q27b78p,5293,front,,Abnormal Gait,stroke,"{'top': 20.696329254727473, 'left': 163.69855394883203, 'height': 335.8387096774194, 'width': 151.39488320355954}","{'height': 360, 'width': 640, 'mime_type': 'video/mp4'}",fbY4O04uunE,https://www.youtube.com/watch?v=fbY4O04uunE
clk6ldflp00423n6l9q27b78p,5294,front,,Abnormal Gait,stroke,"{'top': 20.66740823136819, 'left': 163.7174638487208, 'height': 335.8709677419355, 'width': 151.384872080089}","{'height': 360, 'width': 640, 'mime_type': 'video/mp4'}",fbY4O04uunE,https://www.youtube.com/watch?v=fbY4O04uunE
clk6ldflp00423n6l9q27b78p,5295,front,,Abnormal Gait,stroke,"{'top': 20.638487208008897, 'left': 163.73637374860957, 'height': 335.90322580645164, 'width': 151.37486095661845}","{'height': 360, 'width': 640, 'mime_type': 'video/mp4'}",fbY4O04uunE,https://www.youtube.com/watch?v=fbY4O04uunE
clk6ldflp00423n6l9q27b78p,5296,front,,Abnormal Gait,stroke,"{'top': 20.60956618464961, 'left': 163.75528364849833, 'height': 335.93548387096774, 'width': 151.36484983314796}","{'height': 360, 'width': 640, 'mime_type': 'video/mp4'}",fbY4O04uunE,https://www.youtube.com/watch?v=fbY4O04uunE
clk6ldflp00423n6l9q27b78p,5297,front,,Abnormal Gait,stroke,"{'top': 20.580645161290324, 'left': 163.7741935483871, 'height': 335.9677419354839, 'width': 151.3548387096774}","{'height': 360, 'width': 640, 'mime_type': 'video/mp4'}",fbY4O04uunE,https://www.youtube.com/watch?v=fbY4O04uunE
clk6ldflp00423n6l9q27b78p,5298,front,,Abnormal Gait,stroke,"{'top': 20.551724137931032, 'left': 163.79310344827587, 'height': 336.0, 'width': 151.34482758620686}","{'height': 360, 'width': 640, 'mime_type': 'video/mp4'}",fbY4O04uunE,https://www.youtube.com/watch?v=fbY4O04uunE
clk6ldflp00423n6l9q27b78p,5299,front,,Abnormal Gait,stroke,"{'top': 20.522803114571747, 'left': 163.8120133481646, 'height': 336.03225806451616, 'width': 151.3348164627364}","{'height': 360, 'width': 640, 'mime_type': 'video/mp4'}",fbY4O04uunE,https://www.youtube.com/watch?v=fbY4O04uunE
clk6ldflp00423n6l9q27b78p,5300,front,,Abnormal Gait,stroke,"{'top': 20.493882091212456, 'left': 163.83092324805338, 'height': 336.06451612903226, 'width': 151.32480533926585}","{'height': 360, 'width': 640, 'mime_type': 'video/mp4'}",fbY4O04uunE,https://www.youtube.com/watch?v=fbY4O04uunE
clk6ldflp00423n6l9q27b78p,5301,front,,Abnormal Gait,stroke,"{'top': 20.46496106785317, 'left': 163.84983314794215, 'height': 336.0967741935484, 'width': 151.31479421579536}","{'height': 360, 'width': 640, 'mime_type': 'video/mp4'}",fbY4O04uunE,https://www.youtube.com/watch?v=fbY4O04uunE
clk6ldflp00423n6l9q27b78p,5302,front,,Abnormal Gait,stroke,"{'top': 20.436040044493883, 'left': 163.86874304783092, 'height': 336.1290322580645, 'width': 151.3047830923248}","{'height': 360, 'width': 640, 'mime_type': 'video/mp4'}",fbY4O04uunE,https://www.youtube.com/watch?v=fbY4O04uunE
clk6ldflp00423n6l9q27b78p,5303,front,,Abnormal Gait,stroke,"{'top': 20.407119021134598, 'left': 163.8876529477197, 'height': 336.16129032258067, 'width': 151.29477196885426}","{'height': 360, 'width': 640, 'mime_type': 'video/mp4'}",fbY4O04uunE,https://www.youtube.com/watch?v=fbY4O04uunE
clk6ldflp00423n6l9q27b78p,5304,front,,Abnormal Gait,stroke,"{'top': 20.378197997775306, 'left': 163.90656284760846, 'height': 336.19354838709677, 'width': 151.28476084538377}","{'height': 360, 'width': 640, 'mime_type': 'video/mp4'}",fbY4O04uunE,https://www.youtube.com/watch?v=fbY4O04uunE
clk6ldflp00423n6l9q27b78p,5305,front,,Abnormal Gait,stroke,"{'top': 20.349276974416014, 'left': 163.92547274749722, 'height': 336.2258064516129, 'width': 151.27474972191322}","{'height': 360, 'width': 640, 'mime_type': 'video/mp4'}",fbY4O04uunE,https://www.youtube.com/watch?v=fbY4O04uunE
clk6ldflp00423n6l9q27b78p,5306,front,,Abnormal Gait,stroke,"{'top': 20.32035595105673, 'left': 163.944382647386, 'height': 336.258064516129, 'width': 151.26473859844273}","{'height': 360, 'width': 640, 'mime_type': 'video/mp4'}",fbY4O04uunE,https://www.youtube.com/watch?v=fbY4O04uunE
clk6ldflp00423n6l9q27b78p,5307,front,,Abnormal Gait,stroke,"{'top': 20.29143492769744, 'left': 163.96329254727476, 'height': 336.2903225806452, 'width': 151.25472747497219}","{'height': 360, 'width': 640, 'mime_type': 'video/mp4'}",fbY4O04uunE,https://www.youtube.com/watch?v=fbY4O04uunE
clk6ldflp00423n6l9q27b78p,5308,front,,Abnormal Gait,stroke,"{'top': 20.262513904338157, 'left': 163.9822024471635, 'height': 336.3225806451613, 'width': 151.24471635150167}","{'height': 360, 'width': 640, 'mime_type': 'video/mp4'}",fbY4O04uunE,https://www.youtube.com/watch?v=fbY4O04uunE
clk6ldflp00423n6l9q27b78p,5309,front,,Abnormal Gait,stroke,"{'top': 20.233592880978865, 'left': 164.00111234705227, 'height': 336.35483870967744, 'width': 151.23470522803117}","{'height': 360, 'width': 640, 'mime_type': 'video/mp4'}",fbY4O04uunE,https://www.youtube.com/watch?v=fbY4O04uunE
clk6ldflp00423n6l9q27b78p,5310,front,,Abnormal Gait,stroke,"{'top': 20.20467185761958, 'left': 164.02002224694104, 'height': 336.38709677419354, 'width': 151.22469410456063}","{'height': 360, 'width': 640, 'mime_type': 'video/mp4'}",fbY4O04uunE,https://www.youtube.com/watch?v=fbY4O04uunE
clk6ldflp00423n6l9q27b78p,5311,front,,Abnormal Gait,stroke,"{'top': 20.17575083426029, 'left': 164.0389321468298, 'height': 336.4193548387097, 'width': 151.21468298109008}","{'height': 360, 'width': 640, 'mime_type': 'video/mp4'}",fbY4O04uunE,https://www.youtube.com/watch?v=fbY4O04uunE
clk6ldflp00423n6l9q27b78p,5312,front,,Abnormal Gait,stroke,"{'top': 20.146829810901, 'left': 164.05784204671858, 'height': 336.4516129032258, 'width': 151.2046718576196}","{'height': 360, 'width': 640, 'mime_type': 'video/mp4'}",fbY4O04uunE,https://www.youtube.com/watch?v=fbY4O04uunE
clk6ldflp00423n6l9q27b78p,5313,front,,Abnormal Gait,stroke,"{'top': 20.117908787541715, 'left': 164.07675194660735, 'height': 336.48387096774195, 'width': 151.19466073414904}","{'height': 360, 'width': 640, 'mime_type': 'video/mp4'}",fbY4O04uunE,https://www.youtube.com/watch?v=fbY4O04uunE
clk6ldflp00423n6l9q27b78p,5314,front,,Abnormal Gait,stroke,"{'top': 20.088987764182423, 'left': 164.0956618464961, 'height': 336.51612903225805, 'width': 151.18464961067855}","{'height': 360, 'width': 640, 'mime_type': 'video/mp4'}",fbY4O04uunE,https://www.youtube.com/watch?v=fbY4O04uunE
clk6ldflp00423n6l9q27b78p,5315,front,,Abnormal Gait,stroke,"{'top': 20.06006674082314, 'left': 164.11457174638488, 'height': 336.5483870967742, 'width': 151.174638487208}","{'height': 360, 'width': 640, 'mime_type': 'video/mp4'}",fbY4O04uunE,https://www.youtube.com/watch?v=fbY4O04uunE
clk6ldflp00423n6l9q27b78p,5316,front,,Abnormal Gait,stroke,"{'top': 20.03114571746385, 'left': 164.13348164627365, 'height': 336.5806451612903, 'width': 151.16462736373745}","{'height': 360, 'width': 640, 'mime_type': 'video/mp4'}",fbY4O04uunE,https://www.youtube.com/watch?v=fbY4O04uunE
clk6ldflp00423n6l9q27b78p,5317,front,,Abnormal Gait,stroke,"{'top': 20.002224694104562, 'left': 164.1523915461624, 'height': 336.61290322580646, 'width': 151.154616240267}","{'height': 360, 'width': 640, 'mime_type': 'video/mp4'}",fbY4O04uunE,https://www.youtube.com/watch?v=fbY4O04uunE
clk6ldflp00423n6l9q27b78p,5318,front,,Abnormal Gait,stroke,"{'top': 19.973303670745274, 'left': 164.17130144605116, 'height': 336.64516129032256, 'width': 151.14460511679644}","{'height': 360, 'width': 640, 'mime_type': 'video/mp4'}",fbY4O04uunE,https://www.youtube.com/watch?v=fbY4O04uunE
clk6ldflp00423n6l9q27b78p,5319,front,,Abnormal Gait,stroke,"{'top': 19.944382647385986, 'left': 164.19021134593993, 'height': 336.6774193548387, 'width': 151.1345939933259}","{'height': 360, 'width': 640, 'mime_type': 'video/mp4'}",fbY4O04uunE,https://www.youtube.com/watch?v=fbY4O04uunE
clk6ldflp00423n6l9q27b78p,5320,front,,Abnormal Gait,stroke,"{'top': 19.915461624026698, 'left': 164.2091212458287, 'height': 336.7096774193548, 'width': 151.1245828698554}","{'height': 360, 'width': 640, 'mime_type': 'video/mp4'}",fbY4O04uunE,https://www.youtube.com/watch?v=fbY4O04uunE
clk6ldflp00423n6l9q27b78p,5321,front,,Abnormal Gait,stroke,"{'top': 19.88654060066741, 'left': 164.22803114571747, 'height': 336.741935483871, 'width': 151.11457174638485}","{'height': 360, 'width': 640, 'mime_type': 'video/mp4'}",fbY4O04uunE,https://www.youtube.com/watch?v=fbY4O04uunE
clk6ldflp00423n6l9q27b78p,5322,front,,Abnormal Gait,stroke,"{'top': 19.85761957730812, 'left': 164.24694104560623, 'height': 336.7741935483871, 'width': 151.10456062291436}","{'height': 360, 'width': 640, 'mime_type': 'video/mp4'}",fbY4O04uunE,https://www.youtube.com/watch?v=fbY4O04uunE
clk6ldflp00423n6l9q27b78p,5323,front,,Abnormal Gait,stroke,"{'top': 19.828698553948833, 'left': 164.265850945495, 'height': 336.80645161290323, 'width': 151.09454949944381}","{'height': 360, 'width': 640, 'mime_type': 'video/mp4'}",fbY4O04uunE,https://www.youtube.com/watch?v=fbY4O04uunE
clk6ldflp00423n6l9q27b78p,5324,front,,Abnormal Gait,stroke,"{'top': 19.799777530589544, 'left': 164.28476084538377, 'height': 336.83870967741933, 'width': 151.08453837597327}","{'height': 360, 'width': 640, 'mime_type': 'video/mp4'}",fbY4O04uunE,https://www.youtube.com/watch?v=fbY4O04uunE
clk6ldflp00423n6l9q27b78p,5325,front,,Abnormal Gait,stroke,"{'top': 19.770856507230256, 'left': 164.3036707452725, 'height': 336.8709677419355, 'width': 151.0745272525028}","{'height': 360, 'width': 640, 'mime_type': 'video/mp4'}",fbY4O04uunE,https://www.youtube.com/watch?v=fbY4O04uunE
clk6ldflp00423n6l9q27b78p,5326,front,,Abnormal Gait,stroke,"{'top': 19.741935483870968, 'left': 164.32258064516128, 'height': 336.9032258064516, 'width': 151.06451612903226}","{'height': 360, 'width': 640, 'mime_type': 'video/mp4'}",fbY4O04uunE,https://www.youtube.com/watch?v=fbY4O04uunE
clk6ldflp00423n6l9q27b78p,5327,front,,Abnormal Gait,stroke,"{'top': 19.71301446051168, 'left': 164.34149054505005, 'height': 336.93548387096774, 'width': 151.05450500556177}","{'height': 360, 'width': 640, 'mime_type': 'video/mp4'}",fbY4O04uunE,https://www.youtube.com/watch?v=fbY4O04uunE
clk6ldflp00423n6l9q27b78p,5328,front,,Abnormal Gait,stroke,"{'top': 19.68409343715239, 'left': 164.36040044493882, 'height': 336.96774193548384, 'width': 151.04449388209122}","{'height': 360, 'width': 640, 'mime_type': 'video/mp4'}",fbY4O04uunE,https://www.youtube.com/watch?v=fbY4O04uunE
clk6ldflp00423n6l9q27b78p,5329,front,,Abnormal Gait,stroke,"{'top': 19.655172413793103, 'left': 164.3793103448276, 'height': 337.0, 'width': 151.03448275862067}","{'height': 360, 'width': 640, 'mime_type': 'video/mp4'}",fbY4O04uunE,https://www.youtube.com/watch?v=fbY4O04uunE
clk6ldflp00423n6l9q27b78p,5330,front,,Abnormal Gait,stroke,"{'top': 19.626251390433815, 'left': 164.39822024471636, 'height': 337.0322580645161, 'width': 151.02447163515018}","{'height': 360, 'width': 640, 'mime_type': 'video/mp4'}",fbY4O04uunE,https://www.youtube.com/watch?v=fbY4O04uunE
clk6ldflp00423n6l9q27b78p,5331,front,,Abnormal Gait,stroke,"{'top': 19.597330367074527, 'left': 164.41713014460512, 'height': 337.06451612903226, 'width': 151.01446051167963}","{'height': 360, 'width': 640, 'mime_type': 'video/mp4'}",fbY4O04uunE,https://www.youtube.com/watch?v=fbY4O04uunE
clk6ldflp00423n6l9q27b78p,5332,front,,Abnormal Gait,stroke,"{'top': 19.56840934371524, 'left': 164.4360400444939, 'height': 337.09677419354836, 'width': 151.00444938820908}","{'height': 360, 'width': 640, 'mime_type': 'video/mp4'}",fbY4O04uunE,https://www.youtube.com/watch?v=fbY4O04uunE
clk6ldflp00423n6l9q27b78p,5333,front,,Abnormal Gait,stroke,"{'top': 19.53948832035595, 'left': 164.45494994438263, 'height': 337.1290322580645, 'width': 150.99443826473862}","{'height': 360, 'width': 640, 'mime_type': 'video/mp4'}",fbY4O04uunE,https://www.youtube.com/watch?v=fbY4O04uunE
clk6ldflp00423n6l9q27b78p,5334,front,,Abnormal Gait,stroke,"{'top': 19.510567296996662, 'left': 164.4738598442714, 'height': 337.1612903225806, 'width': 150.98442714126807}","{'height': 360, 'width': 640, 'mime_type': 'video/mp4'}",fbY4O04uunE,https://www.youtube.com/watch?v=fbY4O04uunE
clk6ldflp00423n6l9q27b78p,5335,front,,Abnormal Gait,stroke,"{'top': 19.481646273637374, 'left': 164.49276974416017, 'height': 337.19354838709677, 'width': 150.97441601779758}","{'height': 360, 'width': 640, 'mime_type': 'video/mp4'}",fbY4O04uunE,https://www.youtube.com/watch?v=fbY4O04uunE
clk6ldflp00423n6l9q27b78p,5336,front,,Abnormal Gait,stroke,"{'top': 19.452725250278085, 'left': 164.51167964404894, 'height': 337.2258064516129, 'width': 150.96440489432703}","{'height': 360, 'width': 640, 'mime_type': 'video/mp4'}",fbY4O04uunE,https://www.youtube.com/watch?v=fbY4O04uunE
clk6ldflp00423n6l9q27b78p,5337,front,,Abnormal Gait,stroke,"{'top': 19.423804226918797, 'left': 164.5305895439377, 'height': 337.2580645161291, 'width': 150.95439377085648}","{'height': 360, 'width': 640, 'mime_type': 'video/mp4'}",fbY4O04uunE,https://www.youtube.com/watch?v=fbY4O04uunE
clk6ldflp00423n6l9q27b78p,5338,front,,Abnormal Gait,stroke,"{'top': 19.39488320355951, 'left': 164.54949944382648, 'height': 337.2903225806452, 'width': 150.944382647386}","{'height': 360, 'width': 640, 'mime_type': 'video/mp4'}",fbY4O04uunE,https://www.youtube.com/watch?v=fbY4O04uunE
clk6ldflp00423n6l9q27b78p,5339,front,,Abnormal Gait,stroke,"{'top': 19.36596218020022, 'left': 164.56840934371525, 'height': 337.32258064516134, 'width': 150.93437152391544}","{'height': 360, 'width': 640, 'mime_type': 'video/mp4'}",fbY4O04uunE,https://www.youtube.com/watch?v=fbY4O04uunE
clk6ldflp00423n6l9q27b78p,5340,front,,Abnormal Gait,stroke,"{'top': 19.337041156840936, 'left': 164.58731924360401, 'height': 337.35483870967744, 'width': 150.92436040044495}","{'height': 360, 'width': 640, 'mime_type': 'video/mp4'}",fbY4O04uunE,https://www.youtube.com/watch?v=fbY4O04uunE
clk6ldflp00423n6l9q27b78p,5341,front,,Abnormal Gait,stroke,"{'top': 19.308120133481644, 'left': 164.60622914349278, 'height': 337.3870967741936, 'width': 150.9143492769744}","{'height': 360, 'width': 640, 'mime_type': 'video/mp4'}",fbY4O04uunE,https://www.youtube.com/watch?v=fbY4O04uunE
clk6ldflp00423n6l9q27b78p,5342,front,,Abnormal Gait,stroke,"{'top': 19.27919911012236, 'left': 164.62513904338152, 'height': 337.4193548387097, 'width': 150.9043381535039}","{'height': 360, 'width': 640, 'mime_type': 'video/mp4'}",fbY4O04uunE,https://www.youtube.com/watch?v=fbY4O04uunE
clk6ldflp00423n6l9q27b78p,5343,front,,Abnormal Gait,stroke,"{'top': 19.250278086763068, 'left': 164.6440489432703, 'height': 337.45161290322585, 'width': 150.8943270300334}","{'height': 360, 'width': 640, 'mime_type': 'video/mp4'}",fbY4O04uunE,https://www.youtube.com/watch?v=fbY4O04uunE
clk6ldflp00423n6l9q27b78p,5344,front,,Abnormal Gait,stroke,"{'top': 19.221357063403783, 'left': 164.66295884315906, 'height': 337.48387096774195, 'width': 150.88431590656285}","{'height': 360, 'width': 640, 'mime_type': 'video/mp4'}",fbY4O04uunE,https://www.youtube.com/watch?v=fbY4O04uunE
clk6ldflp00423n6l9q27b78p,5345,front,,Abnormal Gait,stroke,"{'top': 19.192436040044495, 'left': 164.68186874304783, 'height': 337.5161290322581, 'width': 150.8743047830923}","{'height': 360, 'width': 640, 'mime_type': 'video/mp4'}",fbY4O04uunE,https://www.youtube.com/watch?v=fbY4O04uunE
clk6ldflp00423n6l9q27b78p,5346,front,,Abnormal Gait,stroke,"{'top': 19.163515016685203, 'left': 164.7007786429366, 'height': 337.5483870967742, 'width': 150.8642936596218}","{'height': 360, 'width': 640, 'mime_type': 'video/mp4'}",fbY4O04uunE,https://www.youtube.com/watch?v=fbY4O04uunE
clk6ldflp00423n6l9q27b78p,5347,front,,Abnormal Gait,stroke,"{'top': 19.134593993325918, 'left': 164.71968854282537, 'height': 337.58064516129036, 'width': 150.85428253615126}","{'height': 360, 'width': 640, 'mime_type': 'video/mp4'}",fbY4O04uunE,https://www.youtube.com/watch?v=fbY4O04uunE
clk6ldflp00423n6l9q27b78p,5348,front,,Abnormal Gait,stroke,"{'top': 19.105672969966626, 'left': 164.73859844271414, 'height': 337.61290322580646, 'width': 150.84427141268077}","{'height': 360, 'width': 640, 'mime_type': 'video/mp4'}",fbY4O04uunE,https://www.youtube.com/watch?v=fbY4O04uunE
clk6ldflp00423n6l9q27b78p,5349,front,,Abnormal Gait,stroke,"{'top': 19.07675194660734, 'left': 164.7575083426029, 'height': 337.6451612903226, 'width': 150.83426028921022}","{'height': 360, 'width': 640, 'mime_type': 'video/mp4'}",fbY4O04uunE,https://www.youtube.com/watch?v=fbY4O04uunE
clk6ldflp00423n6l9q27b78p,5350,front,,Abnormal Gait,stroke,"{'top': 19.047830923248053, 'left': 164.77641824249167, 'height': 337.6774193548387, 'width': 150.82424916573967}","{'height': 360, 'width': 640, 'mime_type': 'video/mp4'}",fbY4O04uunE,https://www.youtube.com/watch?v=fbY4O04uunE
clk6ldflp00423n6l9q27b78p,5351,front,,Abnormal Gait,stroke,"{'top': 19.01890989988877, 'left': 164.7953281423804, 'height': 337.7096774193549, 'width': 150.8142380422692}","{'height': 360, 'width': 640, 'mime_type': 'video/mp4'}",fbY4O04uunE,https://www.youtube.com/watch?v=fbY4O04uunE
clk6ldflp00423n6l9q27b78p,5352,front,,Abnormal Gait,stroke,"{'top': 18.989988876529477, 'left': 164.81423804226918, 'height': 337.741935483871, 'width': 150.80422691879866}","{'height': 360, 'width': 640, 'mime_type': 'video/mp4'}",fbY4O04uunE,https://www.youtube.com/watch?v=fbY4O04uunE
clk6ldflp00423n6l9q27b78p,5353,front,,Abnormal Gait,stroke,"{'top': 18.96106785317019, 'left': 164.83314794215795, 'height': 337.77419354838713, 'width': 150.79421579532817}","{'height': 360, 'width': 640, 'mime_type': 'video/mp4'}",fbY4O04uunE,https://www.youtube.com/watch?v=fbY4O04uunE
clk6ldflp00423n6l9q27b78p,5354,front,,Abnormal Gait,stroke,"{'top': 18.9321468298109, 'left': 164.85205784204672, 'height': 337.80645161290323, 'width': 150.78420467185762}","{'height': 360, 'width': 640, 'mime_type': 'video/mp4'}",fbY4O04uunE,https://www.youtube.com/watch?v=fbY4O04uunE
clk6ldflp00423n6l9q27b78p,5355,front,,Abnormal Gait,stroke,"{'top': 18.903225806451612, 'left': 164.8709677419355, 'height': 337.8387096774194, 'width': 150.77419354838707}","{'height': 360, 'width': 640, 'mime_type': 'video/mp4'}",fbY4O04uunE,https://www.youtube.com/watch?v=fbY4O04uunE
clk6ldflp00423n6l9q27b78p,5356,front,,Abnormal Gait,stroke,"{'top': 18.874304783092327, 'left': 164.88987764182426, 'height': 337.8709677419355, 'width': 150.76418242491658}","{'height': 360, 'width': 640, 'mime_type': 'video/mp4'}",fbY4O04uunE,https://www.youtube.com/watch?v=fbY4O04uunE
clk6ldflp00423n6l9q27b78p,5357,front,,Abnormal Gait,stroke,"{'top': 18.845383759733036, 'left': 164.90878754171302, 'height': 337.90322580645164, 'width': 150.75417130144604}","{'height': 360, 'width': 640, 'mime_type': 'video/mp4'}",fbY4O04uunE,https://www.youtube.com/watch?v=fbY4O04uunE
clk6ldflp00423n6l9q27b78p,5358,front,,Abnormal Gait,stroke,"{'top': 18.81646273637375, 'left': 164.92769744160177, 'height': 337.93548387096774, 'width': 150.74416017797552}","{'height': 360, 'width': 640, 'mime_type': 'video/mp4'}",fbY4O04uunE,https://www.youtube.com/watch?v=fbY4O04uunE
clk6ldflp00423n6l9q27b78p,5359,front,,Abnormal Gait,stroke,"{'top': 18.787541713014463, 'left': 164.94660734149053, 'height': 337.9677419354839, 'width': 150.73414905450502}","{'height': 360, 'width': 640, 'mime_type': 'video/mp4'}",fbY4O04uunE,https://www.youtube.com/watch?v=fbY4O04uunE
clk6ldflp00423n6l9q27b78p,5360,front,,Abnormal Gait,stroke,"{'top': 18.758620689655174, 'left': 164.9655172413793, 'height': 338.0, 'width': 150.72413793103448}","{'height': 360, 'width': 640, 'mime_type': 'video/mp4'}",fbY4O04uunE,https://www.youtube.com/watch?v=fbY4O04uunE
clk6ldflp00423n6l9q27b78p,5361,front,,Abnormal Gait,stroke,"{'top': 18.729699666295886, 'left': 164.98442714126807, 'height': 338.0322580645161, 'width': 150.71412680756399}","{'height': 360, 'width': 640, 'mime_type': 'video/mp4'}",fbY4O04uunE,https://www.youtube.com/watch?v=fbY4O04uunE
clk6ldflp00423n6l9q27b78p,5362,front,,Abnormal Gait,stroke,"{'top': 18.700778642936594, 'left': 165.00333704115684, 'height': 338.06451612903226, 'width': 150.70411568409344}","{'height': 360, 'width': 640, 'mime_type': 'video/mp4'}",fbY4O04uunE,https://www.youtube.com/watch?v=fbY4O04uunE
clk6ldflp00423n6l9q27b78p,5363,front,,Abnormal Gait,stroke,"{'top': 18.67185761957731, 'left': 165.0222469410456, 'height': 338.0967741935484, 'width': 150.6941045606229}","{'height': 360, 'width': 640, 'mime_type': 'video/mp4'}",fbY4O04uunE,https://www.youtube.com/watch?v=fbY4O04uunE
clk6ldflp00423n6l9q27b78p,5364,front,,Abnormal Gait,stroke,"{'top': 18.64293659621802, 'left': 165.04115684093438, 'height': 338.1290322580645, 'width': 150.6840934371524}","{'height': 360, 'width': 640, 'mime_type': 'video/mp4'}",fbY4O04uunE,https://www.youtube.com/watch?v=fbY4O04uunE
clk6ldflp00423n6l9q27b78p,5365,front,,Abnormal Gait,stroke,"{'top': 18.614015572858733, 'left': 165.06006674082315, 'height': 338.1612903225806, 'width': 150.67408231368185}","{'height': 360, 'width': 640, 'mime_type': 'video/mp4'}",fbY4O04uunE,https://www.youtube.com/watch?v=fbY4O04uunE
clk6ldflp00423n6l9q27b78p,5366,front,,Abnormal Gait,stroke,"{'top': 18.585094549499445, 'left': 165.07897664071191, 'height': 338.19354838709677, 'width': 150.66407119021136}","{'height': 360, 'width': 640, 'mime_type': 'video/mp4'}",fbY4O04uunE,https://www.youtube.com/watch?v=fbY4O04uunE
clk6ldflp00423n6l9q27b78p,5367,front,,Abnormal Gait,stroke,"{'top': 18.556173526140157, 'left': 165.09788654060065, 'height': 338.2258064516129, 'width': 150.65406006674084}","{'height': 360, 'width': 640, 'mime_type': 'video/mp4'}",fbY4O04uunE,https://www.youtube.com/watch?v=fbY4O04uunE
clk6ldflp00423n6l9q27b78p,5368,front,,Abnormal Gait,stroke,"{'top': 18.52725250278087, 'left': 165.11679644048942, 'height': 338.258064516129, 'width': 150.6440489432703}","{'height': 360, 'width': 640, 'mime_type': 'video/mp4'}",fbY4O04uunE,https://www.youtube.com/watch?v=fbY4O04uunE
clk6ldflp00423n6l9q27b78p,5369,front,,Abnormal Gait,stroke,"{'top': 18.49833147942158, 'left': 165.1357063403782, 'height': 338.2903225806451, 'width': 150.6340378197998}","{'height': 360, 'width': 640, 'mime_type': 'video/mp4'}",fbY4O04uunE,https://www.youtube.com/watch?v=fbY4O04uunE
clk6ldflp00423n6l9q27b78p,5370,front,,Abnormal Gait,stroke,"{'top': 18.469410456062292, 'left': 165.15461624026696, 'height': 338.3225806451613, 'width': 150.62402669632925}","{'height': 360, 'width': 640, 'mime_type': 'video/mp4'}",fbY4O04uunE,https://www.youtube.com/watch?v=fbY4O04uunE
clk6ldflp00423n6l9q27b78p,5371,front,,Abnormal Gait,stroke,"{'top': 18.440489432703004, 'left': 165.17352614015573, 'height': 338.35483870967744, 'width': 150.6140155728587}","{'height': 360, 'width': 640, 'mime_type': 'video/mp4'}",fbY4O04uunE,https://www.youtube.com/watch?v=fbY4O04uunE
clk6ldflp00423n6l9q27b78p,5372,front,,Abnormal Gait,stroke,"{'top': 18.411568409343715, 'left': 165.1924360400445, 'height': 338.38709677419354, 'width': 150.6040044493882}","{'height': 360, 'width': 640, 'mime_type': 'video/mp4'}",fbY4O04uunE,https://www.youtube.com/watch?v=fbY4O04uunE
clk6ldflp00423n6l9q27b78p,5373,front,,Abnormal Gait,stroke,"{'top': 18.382647385984427, 'left': 165.21134593993327, 'height': 338.41935483870964, 'width': 150.59399332591767}","{'height': 360, 'width': 640, 'mime_type': 'video/mp4'}",fbY4O04uunE,https://www.youtube.com/watch?v=fbY4O04uunE
clk6ldflp00423n6l9q27b78p,5374,front,,Abnormal Gait,stroke,"{'top': 18.35372636262514, 'left': 165.23025583982204, 'height': 338.4516129032258, 'width': 150.58398220244717}","{'height': 360, 'width': 640, 'mime_type': 'video/mp4'}",fbY4O04uunE,https://www.youtube.com/watch?v=fbY4O04uunE
clk6ldflp00423n6l9q27b78p,5375,front,,Abnormal Gait,stroke,"{'top': 18.32480533926585, 'left': 165.2491657397108, 'height': 338.48387096774195, 'width': 150.57397107897663}","{'height': 360, 'width': 640, 'mime_type': 'video/mp4'}",fbY4O04uunE,https://www.youtube.com/watch?v=fbY4O04uunE
clk6ldflp00423n6l9q27b78p,5376,front,,Abnormal Gait,stroke,"{'top': 18.295884315906562, 'left': 165.26807563959954, 'height': 338.51612903225805, 'width': 150.5639599555061}","{'height': 360, 'width': 640, 'mime_type': 'video/mp4'}",fbY4O04uunE,https://www.youtube.com/watch?v=fbY4O04uunE
clk6ldflp00423n6l9q27b78p,5377,front,,Abnormal Gait,stroke,"{'top': 18.266963292547274, 'left': 165.2869855394883, 'height': 338.54838709677415, 'width': 150.55394883203562}","{'height': 360, 'width': 640, 'mime_type': 'video/mp4'}",fbY4O04uunE,https://www.youtube.com/watch?v=fbY4O04uunE
clk6ldflp00423n6l9q27b78p,5378,front,,Abnormal Gait,stroke,"{'top': 18.238042269187986, 'left': 165.30589543937708, 'height': 338.5806451612903, 'width': 150.54393770856507}","{'height': 360, 'width': 640, 'mime_type': 'video/mp4'}",fbY4O04uunE,https://www.youtube.com/watch?v=fbY4O04uunE
clk6ldflp00423n6l9q27b78p,5379,front,,Abnormal Gait,stroke,"{'top': 18.209121245828698, 'left': 165.32480533926585, 'height': 338.61290322580646, 'width': 150.53392658509458}","{'height': 360, 'width': 640, 'mime_type': 'video/mp4'}",fbY4O04uunE,https://www.youtube.com/watch?v=fbY4O04uunE
clk6ldflp00423n6l9q27b78p,5380,front,,Abnormal Gait,stroke,"{'top': 18.18020022246941, 'left': 165.34371523915462, 'height': 338.64516129032256, 'width': 150.52391546162403}","{'height': 360, 'width': 640, 'mime_type': 'video/mp4'}",fbY4O04uunE,https://www.youtube.com/watch?v=fbY4O04uunE
clk6ldflp00423n6l9q27b78p,5381,front,,Abnormal Gait,stroke,"{'top': 18.15127919911012, 'left': 165.3626251390434, 'height': 338.67741935483866, 'width': 150.51390433815348}","{'height': 360, 'width': 640, 'mime_type': 'video/mp4'}",fbY4O04uunE,https://www.youtube.com/watch?v=fbY4O04uunE
clk6ldflp00423n6l9q27b78p,5382,front,,Abnormal Gait,stroke,"{'top': 18.122358175750833, 'left': 165.38153503893216, 'height': 338.7096774193548, 'width': 150.503893214683}","{'height': 360, 'width': 640, 'mime_type': 'video/mp4'}",fbY4O04uunE,https://www.youtube.com/watch?v=fbY4O04uunE
clk6ldflp00423n6l9q27b78p,5383,front,,Abnormal Gait,stroke,"{'top': 18.093437152391548, 'left': 165.4004449388209, 'height': 338.7419354838709, 'width': 150.49388209121247}","{'height': 360, 'width': 640, 'mime_type': 'video/mp4'}",fbY4O04uunE,https://www.youtube.com/watch?v=fbY4O04uunE
clk6ldflp00423n6l9q27b78p,5384,front,,Abnormal Gait,stroke,"{'top': 18.064516129032256, 'left': 165.41935483870967, 'height': 338.7741935483871, 'width': 150.48387096774192}","{'height': 360, 'width': 640, 'mime_type': 'video/mp4'}",fbY4O04uunE,https://www.youtube.com/watch?v=fbY4O04uunE
clk6ldflp00423n6l9q27b78p,5385,front,,Abnormal Gait,stroke,"{'top': 18.03559510567297, 'left': 165.43826473859843, 'height': 338.8064516129032, 'width': 150.47385984427143}","{'height': 360, 'width': 640, 'mime_type': 'video/mp4'}",fbY4O04uunE,https://www.youtube.com/watch?v=fbY4O04uunE
clk6ldflp00423n6l9q27b78p,5386,front,,Abnormal Gait,stroke,"{'top': 18.00667408231368, 'left': 165.4571746384872, 'height': 338.83870967741933, 'width': 150.46384872080088}","{'height': 360, 'width': 640, 'mime_type': 'video/mp4'}",fbY4O04uunE,https://www.youtube.com/watch?v=fbY4O04uunE
clk6ldflp00423n6l9q27b78p,5387,front,,Abnormal Gait,stroke,"{'top': 17.97775305895439, 'left': 165.47608453837597, 'height': 338.8709677419355, 'width': 150.4538375973304}","{'height': 360, 'width': 640, 'mime_type': 'video/mp4'}",fbY4O04uunE,https://www.youtube.com/watch?v=fbY4O04uunE
clk6ldflp00423n6l9q27b78p,5388,front,,Abnormal Gait,stroke,"{'top': 17.948832035595107, 'left': 165.49499443826474, 'height': 338.9032258064516, 'width': 150.44382647385984}","{'height': 360, 'width': 640, 'mime_type': 'video/mp4'}",fbY4O04uunE,https://www.youtube.com/watch?v=fbY4O04uunE
clk6ldflp00423n6l9q27b78p,5389,front,,Abnormal Gait,stroke,"{'top': 17.919911012235815, 'left': 165.5139043381535, 'height': 338.9354838709678, 'width': 150.4338153503893}","{'height': 360, 'width': 640, 'mime_type': 'video/mp4'}",fbY4O04uunE,https://www.youtube.com/watch?v=fbY4O04uunE
clk6ldflp00423n6l9q27b78p,5390,front,,Abnormal Gait,stroke,"{'top': 17.89098998887653, 'left': 165.53281423804228, 'height': 338.9677419354839, 'width': 150.4238042269188}","{'height': 360, 'width': 640, 'mime_type': 'video/mp4'}",fbY4O04uunE,https://www.youtube.com/watch?v=fbY4O04uunE
clk6ldflp00423n6l9q27b78p,5391,front,,Abnormal Gait,stroke,"{'top': 17.862068965517242, 'left': 165.55172413793105, 'height': 339.0, 'width': 150.41379310344826}","{'height': 360, 'width': 640, 'mime_type': 'video/mp4'}",fbY4O04uunE,https://www.youtube.com/watch?v=fbY4O04uunE
clk6ldflp00423n6l9q27b78p,5392,front,,Abnormal Gait,stroke,"{'top': 17.833147942157954, 'left': 165.5706340378198, 'height': 339.03225806451616, 'width': 150.4037819799778}","{'height': 360, 'width': 640, 'mime_type': 'video/mp4'}",fbY4O04uunE,https://www.youtube.com/watch?v=fbY4O04uunE
clk6ldflp00423n6l9q27b78p,5393,front,,Abnormal Gait,stroke,"{'top': 17.804226918798665, 'left': 165.58954393770856, 'height': 339.06451612903226, 'width': 150.39377085650725}","{'height': 360, 'width': 640, 'mime_type': 'video/mp4'}",fbY4O04uunE,https://www.youtube.com/watch?v=fbY4O04uunE
clk6ldflp00423n6l9q27b78p,5394,front,,Abnormal Gait,stroke,"{'top': 17.775305895439377, 'left': 165.60845383759732, 'height': 339.0967741935484, 'width': 150.3837597330367}","{'height': 360, 'width': 640, 'mime_type': 'video/mp4'}",fbY4O04uunE,https://www.youtube.com/watch?v=fbY4O04uunE
clk6ldflp00423n6l9q27b78p,5395,front,,Abnormal Gait,stroke,"{'top': 17.74638487208009, 'left': 165.6273637374861, 'height': 339.1290322580645, 'width': 150.3737486095662}","{'height': 360, 'width': 640, 'mime_type': 'video/mp4'}",fbY4O04uunE,https://www.youtube.com/watch?v=fbY4O04uunE
clk6ldflp00423n6l9q27b78p,5396,front,,Abnormal Gait,stroke,"{'top': 17.7174638487208, 'left': 165.64627363737486, 'height': 339.16129032258067, 'width': 150.36373748609566}","{'height': 360, 'width': 640, 'mime_type': 'video/mp4'}",fbY4O04uunE,https://www.youtube.com/watch?v=fbY4O04uunE
clk6ldflp00423n6l9q27b78p,5397,front,,Abnormal Gait,stroke,"{'top': 17.688542825361512, 'left': 165.66518353726363, 'height': 339.19354838709677, 'width': 150.3537263626251}","{'height': 360, 'width': 640, 'mime_type': 'video/mp4'}",fbY4O04uunE,https://www.youtube.com/watch?v=fbY4O04uunE
clk6ldflp00423n6l9q27b78p,5398,front,,Abnormal Gait,stroke,"{'top': 17.659621802002224, 'left': 165.6840934371524, 'height': 339.2258064516129, 'width': 150.34371523915462}","{'height': 360, 'width': 640, 'mime_type': 'video/mp4'}",fbY4O04uunE,https://www.youtube.com/watch?v=fbY4O04uunE
clk6ldflp00423n6l9q27b78p,5399,front,,Abnormal Gait,stroke,"{'top': 17.630700778642936, 'left': 165.70300333704117, 'height': 339.258064516129, 'width': 150.33370411568407}","{'height': 360, 'width': 640, 'mime_type': 'video/mp4'}",fbY4O04uunE,https://www.youtube.com/watch?v=fbY4O04uunE
clk6ldflp00423n6l9q27b78p,5400,front,,Abnormal Gait,stroke,"{'top': 17.601779755283648, 'left': 165.72191323692994, 'height': 339.2903225806452, 'width': 150.32369299221358}","{'height': 360, 'width': 640, 'mime_type': 'video/mp4'}",fbY4O04uunE,https://www.youtube.com/watch?v=fbY4O04uunE
clk6ldflp00423n6l9q27b78p,5401,front,,Abnormal Gait,stroke,"{'top': 17.572858731924363, 'left': 165.74082313681868, 'height': 339.3225806451613, 'width': 150.31368186874306}","{'height': 360, 'width': 640, 'mime_type': 'video/mp4'}",fbY4O04uunE,https://www.youtube.com/watch?v=fbY4O04uunE
clk6ldflp00423n6l9q27b78p,5402,front,,Abnormal Gait,stroke,"{'top': 17.54393770856507, 'left': 165.75973303670744, 'height': 339.35483870967744, 'width': 150.3036707452725}","{'height': 360, 'width': 640, 'mime_type': 'video/mp4'}",fbY4O04uunE,https://www.youtube.com/watch?v=fbY4O04uunE
clk6ldflp00423n6l9q27b78p,5403,front,,Abnormal Gait,stroke,"{'top': 17.515016685205783, 'left': 165.7786429365962, 'height': 339.38709677419354, 'width': 150.29365962180202}","{'height': 360, 'width': 640, 'mime_type': 'video/mp4'}",fbY4O04uunE,https://www.youtube.com/watch?v=fbY4O04uunE
clk6ldflp00423n6l9q27b78p,5404,front,,Abnormal Gait,stroke,"{'top': 17.486095661846498, 'left': 165.79755283648498, 'height': 339.4193548387097, 'width': 150.28364849833147}","{'height': 360, 'width': 640, 'mime_type': 'video/mp4'}",fbY4O04uunE,https://www.youtube.com/watch?v=fbY4O04uunE
clk6ldflp00423n6l9q27b78p,5405,front,,Abnormal Gait,stroke,"{'top': 17.457174638487206, 'left': 165.81646273637375, 'height': 339.4516129032258, 'width': 150.27363737486098}","{'height': 360, 'width': 640, 'mime_type': 'video/mp4'}",fbY4O04uunE,https://www.youtube.com/watch?v=fbY4O04uunE
clk6ldflp00423n6l9q27b78p,5406,front,,Abnormal Gait,stroke,"{'top': 17.42825361512792, 'left': 165.83537263626252, 'height': 339.48387096774195, 'width': 150.26362625139043}","{'height': 360, 'width': 640, 'mime_type': 'video/mp4'}",fbY4O04uunE,https://www.youtube.com/watch?v=fbY4O04uunE
clk6ldflp00423n6l9q27b78p,5407,front,,Abnormal Gait,stroke,"{'top': 17.39933259176863, 'left': 165.8542825361513, 'height': 339.51612903225805, 'width': 150.2536151279199}","{'height': 360, 'width': 640, 'mime_type': 'video/mp4'}",fbY4O04uunE,https://www.youtube.com/watch?v=fbY4O04uunE
clk6ldflp00423n6l9q27b78p,5408,front,,Abnormal Gait,stroke,"{'top': 17.370411568409345, 'left': 165.87319243604006, 'height': 339.5483870967742, 'width': 150.2436040044494}","{'height': 360, 'width': 640, 'mime_type': 'video/mp4'}",fbY4O04uunE,https://www.youtube.com/watch?v=fbY4O04uunE
clk6ldflp00423n6l9q27b78p,5409,front,,Abnormal Gait,stroke,"{'top': 17.341490545050057, 'left': 165.8921023359288, 'height': 339.5806451612903, 'width': 150.23359288097888}","{'height': 360, 'width': 640, 'mime_type': 'video/mp4'}",fbY4O04uunE,https://www.youtube.com/watch?v=fbY4O04uunE
clk6ldflp00423n6l9q27b78p,5410,front,,Abnormal Gait,stroke,"{'top': 17.31256952169077, 'left': 165.91101223581757, 'height': 339.61290322580646, 'width': 150.22358175750833}","{'height': 360, 'width': 640, 'mime_type': 'video/mp4'}",fbY4O04uunE,https://www.youtube.com/watch?v=fbY4O04uunE
clk6ldflp00423n6l9q27b78p,5411,front,,Abnormal Gait,stroke,"{'top': 17.28364849833148, 'left': 165.92992213570633, 'height': 339.64516129032256, 'width': 150.21357063403784}","{'height': 360, 'width': 640, 'mime_type': 'video/mp4'}",fbY4O04uunE,https://www.youtube.com/watch?v=fbY4O04uunE
clk6ldflp00423n6l9q27b78p,5412,front,,Abnormal Gait,stroke,"{'top': 17.25472747497219, 'left': 165.9488320355951, 'height': 339.6774193548387, 'width': 150.2035595105673}","{'height': 360, 'width': 640, 'mime_type': 'video/mp4'}",fbY4O04uunE,https://www.youtube.com/watch?v=fbY4O04uunE
clk6ldflp00423n6l9q27b78p,5413,front,,Abnormal Gait,stroke,"{'top': 17.225806451612904, 'left': 165.96774193548387, 'height': 339.7096774193548, 'width': 150.1935483870968}","{'height': 360, 'width': 640, 'mime_type': 'video/mp4'}",fbY4O04uunE,https://www.youtube.com/watch?v=fbY4O04uunE
clk6ldflp00423n6l9q27b78p,5414,front,,Abnormal Gait,stroke,"{'top': 17.196885428253616, 'left': 165.98665183537264, 'height': 339.741935483871, 'width': 150.18353726362625}","{'height': 360, 'width': 640, 'mime_type': 'video/mp4'}",fbY4O04uunE,https://www.youtube.com/watch?v=fbY4O04uunE
clk6ldflp00423n6l9q27b78p,5415,front,,Abnormal Gait,stroke,"{'top': 17.167964404894327, 'left': 166.0055617352614, 'height': 339.7741935483871, 'width': 150.1735261401557}","{'height': 360, 'width': 640, 'mime_type': 'video/mp4'}",fbY4O04uunE,https://www.youtube.com/watch?v=fbY4O04uunE
clk6ldflp00423n6l9q27b78p,5416,front,,Abnormal Gait,stroke,"{'top': 17.13904338153504, 'left': 166.02447163515018, 'height': 339.80645161290323, 'width': 150.1635150166852}","{'height': 360, 'width': 640, 'mime_type': 'video/mp4'}",fbY4O04uunE,https://www.youtube.com/watch?v=fbY4O04uunE
clk6ldflp00423n6l9q27b78p,5417,front,,Abnormal Gait,stroke,"{'top': 17.11012235817575, 'left': 166.04338153503892, 'height': 339.83870967741933, 'width': 150.1535038932147}","{'height': 360, 'width': 640, 'mime_type': 'video/mp4'}",fbY4O04uunE,https://www.youtube.com/watch?v=fbY4O04uunE
clk6ldflp00423n6l9q27b78p,5418,front,,Abnormal Gait,stroke,"{'top': 17.081201334816463, 'left': 166.0622914349277, 'height': 339.8709677419355, 'width': 150.1434927697442}","{'height': 360, 'width': 640, 'mime_type': 'video/mp4'}",fbY4O04uunE,https://www.youtube.com/watch?v=fbY4O04uunE
clk6ldflp00423n6l9q27b78p,5419,front,,Abnormal Gait,stroke,"{'top': 17.052280311457174, 'left': 166.08120133481646, 'height': 339.9032258064516, 'width': 150.13348164627365}","{'height': 360, 'width': 640, 'mime_type': 'video/mp4'}",fbY4O04uunE,https://www.youtube.com/watch?v=fbY4O04uunE
clk6ldflp00423n6l9q27b78p,5420,front,,Abnormal Gait,stroke,"{'top': 17.023359288097886, 'left': 166.10011123470522, 'height': 339.93548387096774, 'width': 150.1234705228031}","{'height': 360, 'width': 640, 'mime_type': 'video/mp4'}",fbY4O04uunE,https://www.youtube.com/watch?v=fbY4O04uunE
clk6ldflp00423n6l9q27b78p,5421,front,,Abnormal Gait,stroke,"{'top': 16.994438264738598, 'left': 166.119021134594, 'height': 339.96774193548384, 'width': 150.1134593993326}","{'height': 360, 'width': 640, 'mime_type': 'video/mp4'}",fbY4O04uunE,https://www.youtube.com/watch?v=fbY4O04uunE
clk6ldflp00423n6l9q27b78p,5422,front,,Abnormal Gait,stroke,"{'top': 16.96551724137931, 'left': 166.13793103448276, 'height': 340.0, 'width': 150.10344827586206}","{'height': 360, 'width': 640, 'mime_type': 'video/mp4'}",fbY4O04uunE,https://www.youtube.com/watch?v=fbY4O04uunE
clk6ldflp00423n6l9q27b78p,5423,front,,Abnormal Gait,stroke,"{'top': 16.93659621802002, 'left': 166.15684093437153, 'height': 340.0322580645161, 'width': 150.09343715239152}","{'height': 360, 'width': 640, 'mime_type': 'video/mp4'}",fbY4O04uunE,https://www.youtube.com/watch?v=fbY4O04uunE
clk6ldflp00423n6l9q27b78p,5424,front,,Abnormal Gait,stroke,"{'top': 16.907675194660737, 'left': 166.1757508342603, 'height': 340.06451612903226, 'width': 150.08342602892102}","{'height': 360, 'width': 640, 'mime_type': 'video/mp4'}",fbY4O04uunE,https://www.youtube.com/watch?v=fbY4O04uunE
clk6ldflp00423n6l9q27b78p,5425,front,,Abnormal Gait,stroke,"{'top': 16.878754171301445, 'left': 166.19466073414907, 'height': 340.09677419354836, 'width': 150.07341490545048}","{'height': 360, 'width': 640, 'mime_type': 'video/mp4'}",fbY4O04uunE,https://www.youtube.com/watch?v=fbY4O04uunE
clk6ldflp00423n6l9q27b78p,5426,front,,Abnormal Gait,stroke,"{'top': 16.84983314794216, 'left': 166.2135706340378, 'height': 340.1290322580645, 'width': 150.06340378198}","{'height': 360, 'width': 640, 'mime_type': 'video/mp4'}",fbY4O04uunE,https://www.youtube.com/watch?v=fbY4O04uunE
clk6ldflp00423n6l9q27b78p,5427,front,,Abnormal Gait,stroke,"{'top': 16.82091212458287, 'left': 166.23248053392658, 'height': 340.1612903225806, 'width': 150.05339265850947}","{'height': 360, 'width': 640, 'mime_type': 'video/mp4'}",fbY4O04uunE,https://www.youtube.com/watch?v=fbY4O04uunE
clk6ldflp00423n6l9q27b78p,5428,front,,Abnormal Gait,stroke,"{'top': 16.79199110122358, 'left': 166.25139043381535, 'height': 340.19354838709677, 'width': 150.04338153503892}","{'height': 360, 'width': 640, 'mime_type': 'video/mp4'}",fbY4O04uunE,https://www.youtube.com/watch?v=fbY4O04uunE
clk6ldflp00423n6l9q27b78p,5429,front,,Abnormal Gait,stroke,"{'top': 16.763070077864295, 'left': 166.2703003337041, 'height': 340.22580645161287, 'width': 150.03337041156843}","{'height': 360, 'width': 640, 'mime_type': 'video/mp4'}",fbY4O04uunE,https://www.youtube.com/watch?v=fbY4O04uunE
clk6ldflp00423n6l9q27b78p,5430,front,,Abnormal Gait,stroke,"{'top': 16.734149054505004, 'left': 166.28921023359288, 'height': 340.258064516129, 'width': 150.02335928809788}","{'height': 360, 'width': 640, 'mime_type': 'video/mp4'}",fbY4O04uunE,https://www.youtube.com/watch?v=fbY4O04uunE
clk6ldflp00423n6l9q27b78p,5431,front,,Abnormal Gait,stroke,"{'top': 16.70522803114572, 'left': 166.30812013348165, 'height': 340.2903225806451, 'width': 150.01334816462733}","{'height': 360, 'width': 640, 'mime_type': 'video/mp4'}",fbY4O04uunE,https://www.youtube.com/watch?v=fbY4O04uunE
clk6ldflp00423n6l9q27b78p,5432,front,,Abnormal Gait,stroke,"{'top': 16.676307007786427, 'left': 166.32703003337042, 'height': 340.3225806451613, 'width': 150.00333704115684}","{'height': 360, 'width': 640, 'mime_type': 'video/mp4'}",fbY4O04uunE,https://www.youtube.com/watch?v=fbY4O04uunE
clk6ldflp00423n6l9q27b78p,5433,front,,Abnormal Gait,stroke,"{'top': 16.647385984427142, 'left': 166.3459399332592, 'height': 340.3548387096774, 'width': 149.9933259176863}","{'height': 360, 'width': 640, 'mime_type': 'video/mp4'}",fbY4O04uunE,https://www.youtube.com/watch?v=fbY4O04uunE
clk6ldflp00423n6l9q27b78p,5434,front,,Abnormal Gait,stroke,"{'top': 16.618464961067854, 'left': 166.36484983314796, 'height': 340.38709677419354, 'width': 149.9833147942158}","{'height': 360, 'width': 640, 'mime_type': 'video/mp4'}",fbY4O04uunE,https://www.youtube.com/watch?v=fbY4O04uunE
clk6ldflp00423n6l9q27b78p,5435,front,,Abnormal Gait,stroke,"{'top': 16.589543937708566, 'left': 166.3837597330367, 'height': 340.41935483870964, 'width': 149.97330367074528}","{'height': 360, 'width': 640, 'mime_type': 'video/mp4'}",fbY4O04uunE,https://www.youtube.com/watch?v=fbY4O04uunE
clk6ldflp00423n6l9q27b78p,5436,front,,Abnormal Gait,stroke,"{'top': 16.560622914349278, 'left': 166.40266963292547, 'height': 340.4516129032258, 'width': 149.96329254727473}","{'height': 360, 'width': 640, 'mime_type': 'video/mp4'}",fbY4O04uunE,https://www.youtube.com/watch?v=fbY4O04uunE
clk6ldflp00423n6l9q27b78p,5437,front,,Abnormal Gait,stroke,"{'top': 16.53170189098999, 'left': 166.42157953281423, 'height': 340.4838709677419, 'width': 149.95328142380424}","{'height': 360, 'width': 640, 'mime_type': 'video/mp4'}",fbY4O04uunE,https://www.youtube.com/watch?v=fbY4O04uunE
clk6ldflp00423n6l9q27b78p,5438,front,,Abnormal Gait,stroke,"{'top': 16.5027808676307, 'left': 166.440489432703, 'height': 340.51612903225805, 'width': 149.9432703003337}","{'height': 360, 'width': 640, 'mime_type': 'video/mp4'}",fbY4O04uunE,https://www.youtube.com/watch?v=fbY4O04uunE
clk6ldflp00423n6l9q27b78p,5439,front,,Abnormal Gait,stroke,"{'top': 16.473859844271413, 'left': 166.45939933259177, 'height': 340.54838709677415, 'width': 149.9332591768632}","{'height': 360, 'width': 640, 'mime_type': 'video/mp4'}",fbY4O04uunE,https://www.youtube.com/watch?v=fbY4O04uunE
clk6ldflp00423n6l9q27b78p,5440,front,,Abnormal Gait,stroke,"{'top': 16.444938820912125, 'left': 166.47830923248054, 'height': 340.5806451612903, 'width': 149.92324805339265}","{'height': 360, 'width': 640, 'mime_type': 'video/mp4'}",fbY4O04uunE,https://www.youtube.com/watch?v=fbY4O04uunE
clk6ldflp00423n6l9q27b78p,5441,front,,Abnormal Gait,stroke,"{'top': 16.416017797552836, 'left': 166.4972191323693, 'height': 340.61290322580646, 'width': 149.9132369299221}","{'height': 360, 'width': 640, 'mime_type': 'video/mp4'}",fbY4O04uunE,https://www.youtube.com/watch?v=fbY4O04uunE
clk6ldflp00423n6l9q27b78p,5442,front,,Abnormal Gait,stroke,"{'top': 16.387096774193548, 'left': 166.51612903225805, 'height': 340.6451612903226, 'width': 149.90322580645164}","{'height': 360, 'width': 640, 'mime_type': 'video/mp4'}",fbY4O04uunE,https://www.youtube.com/watch?v=fbY4O04uunE
clk6ldflp00423n6l9q27b78p,5443,front,,Abnormal Gait,stroke,"{'top': 16.35817575083426, 'left': 166.53503893214682, 'height': 340.6774193548387, 'width': 149.8932146829811}","{'height': 360, 'width': 640, 'mime_type': 'video/mp4'}",fbY4O04uunE,https://www.youtube.com/watch?v=fbY4O04uunE
clk6ldflp00423n6l9q27b78p,5444,front,,Abnormal Gait,stroke,"{'top': 16.32925472747497, 'left': 166.5539488320356, 'height': 340.7096774193549, 'width': 149.88320355951055}","{'height': 360, 'width': 640, 'mime_type': 'video/mp4'}",fbY4O04uunE,https://www.youtube.com/watch?v=fbY4O04uunE
clk6ldflp00423n6l9q27b78p,5445,front,,Abnormal Gait,stroke,"{'top': 16.300333704115683, 'left': 166.57285873192436, 'height': 340.741935483871, 'width': 149.87319243604006}","{'height': 360, 'width': 640, 'mime_type': 'video/mp4'}",fbY4O04uunE,https://www.youtube.com/watch?v=fbY4O04uunE
clk6ldflp00423n6l9q27b78p,5446,front,,Abnormal Gait,stroke,"{'top': 16.271412680756395, 'left': 166.59176863181312, 'height': 340.77419354838713, 'width': 149.8631813125695}","{'height': 360, 'width': 640, 'mime_type': 'video/mp4'}",fbY4O04uunE,https://www.youtube.com/watch?v=fbY4O04uunE
clk6ldflp00423n6l9q27b78p,5447,front,,Abnormal Gait,stroke,"{'top': 16.24249165739711, 'left': 166.6106785317019, 'height': 340.80645161290323, 'width': 149.85317018909902}","{'height': 360, 'width': 640, 'mime_type': 'video/mp4'}",fbY4O04uunE,https://www.youtube.com/watch?v=fbY4O04uunE
clk6ldflp00423n6l9q27b78p,5448,front,,Abnormal Gait,stroke,"{'top': 16.21357063403782, 'left': 166.62958843159066, 'height': 340.8387096774194, 'width': 149.84315906562847}","{'height': 360, 'width': 640, 'mime_type': 'video/mp4'}",fbY4O04uunE,https://www.youtube.com/watch?v=fbY4O04uunE
clk6ldflp00423n6l9q27b78p,5449,front,,Abnormal Gait,stroke,"{'top': 16.184649610678534, 'left': 166.64849833147943, 'height': 340.8709677419355, 'width': 149.83314794215792}","{'height': 360, 'width': 640, 'mime_type': 'video/mp4'}",fbY4O04uunE,https://www.youtube.com/watch?v=fbY4O04uunE
clk6ldflp00423n6l9q27b78p,5450,front,,Abnormal Gait,stroke,"{'top': 16.155728587319242, 'left': 166.6674082313682, 'height': 340.90322580645164, 'width': 149.82313681868743}","{'height': 360, 'width': 640, 'mime_type': 'video/mp4'}",fbY4O04uunE,https://www.youtube.com/watch?v=fbY4O04uunE
clk6ldflp00423n6l9q27b78p,5451,front,,Abnormal Gait,stroke,"{'top': 16.126807563959957, 'left': 166.68631813125694, 'height': 340.93548387096774, 'width': 149.8131256952169}","{'height': 360, 'width': 640, 'mime_type': 'video/mp4'}",fbY4O04uunE,https://www.youtube.com/watch?v=fbY4O04uunE
clk6ldflp00423n6l9q27b78p,5452,front,,Abnormal Gait,stroke,"{'top': 16.09788654060067, 'left': 166.7052280311457, 'height': 340.9677419354839, 'width': 149.80311457174642}","{'height': 360, 'width': 640, 'mime_type': 'video/mp4'}",fbY4O04uunE,https://www.youtube.com/watch?v=fbY4O04uunE
clk6ldflp00423n6l9q27b78p,5453,front,,Abnormal Gait,stroke,"{'top': 16.068965517241377, 'left': 166.72413793103448, 'height': 341.0, 'width': 149.79310344827587}","{'height': 360, 'width': 640, 'mime_type': 'video/mp4'}",fbY4O04uunE,https://www.youtube.com/watch?v=fbY4O04uunE
clk6ldflp00423n6l9q27b78p,5454,front,,Abnormal Gait,stroke,"{'top': 16.040044493882093, 'left': 166.74304783092325, 'height': 341.03225806451616, 'width': 149.78309232480532}","{'height': 360, 'width': 640, 'mime_type': 'video/mp4'}",fbY4O04uunE,https://www.youtube.com/watch?v=fbY4O04uunE
clk6ldflp00423n6l9q27b78p,5455,front,,Abnormal Gait,stroke,"{'top': 16.0111234705228, 'left': 166.76195773081201, 'height': 341.06451612903226, 'width': 149.77308120133483}","{'height': 360, 'width': 640, 'mime_type': 'video/mp4'}",fbY4O04uunE,https://www.youtube.com/watch?v=fbY4O04uunE
clk6ldflp00423n6l9q27b78p,5456,front,,Abnormal Gait,stroke,"{'top': 15.982202447163516, 'left': 166.78086763070078, 'height': 341.0967741935484, 'width': 149.76307007786428}","{'height': 360, 'width': 640, 'mime_type': 'video/mp4'}",fbY4O04uunE,https://www.youtube.com/watch?v=fbY4O04uunE
clk6ldflp00423n6l9q27b78p,5457,front,,Abnormal Gait,stroke,"{'top': 15.953281423804228, 'left': 166.79977753058955, 'height': 341.1290322580645, 'width': 149.75305895439374}","{'height': 360, 'width': 640, 'mime_type': 'video/mp4'}",fbY4O04uunE,https://www.youtube.com/watch?v=fbY4O04uunE
clk6ldflp00423n6l9q27b78p,5458,front,,Abnormal Gait,stroke,"{'top': 15.92436040044494, 'left': 166.81868743047832, 'height': 341.16129032258067, 'width': 149.74304783092325}","{'height': 360, 'width': 640, 'mime_type': 'video/mp4'}",fbY4O04uunE,https://www.youtube.com/watch?v=fbY4O04uunE
clk6ldflp00423n6l9q27b78p,5459,front,,Abnormal Gait,stroke,"{'top': 15.895439377085651, 'left': 166.8375973303671, 'height': 341.19354838709677, 'width': 149.7330367074527}","{'height': 360, 'width': 640, 'mime_type': 'video/mp4'}",fbY4O04uunE,https://www.youtube.com/watch?v=fbY4O04uunE
clk6ldflp00423n6l9q27b78p,5460,front,,Abnormal Gait,stroke,"{'top': 15.866518353726363, 'left': 166.85650723025583, 'height': 341.2258064516129, 'width': 149.72302558398223}","{'height': 360, 'width': 640, 'mime_type': 'video/mp4'}",fbY4O04uunE,https://www.youtube.com/watch?v=fbY4O04uunE
clk6ldflp00423n6l9q27b78p,5461,front,,Abnormal Gait,stroke,"{'top': 15.837597330367075, 'left': 166.8754171301446, 'height': 341.258064516129, 'width': 149.7130144605117}","{'height': 360, 'width': 640, 'mime_type': 'video/mp4'}",fbY4O04uunE,https://www.youtube.com/watch?v=fbY4O04uunE
clk6ldflp00423n6l9q27b78p,5462,front,,Abnormal Gait,stroke,"{'top': 15.808676307007786, 'left': 166.89432703003337, 'height': 341.2903225806452, 'width': 149.70300333704114}","{'height': 360, 'width': 640, 'mime_type': 'video/mp4'}",fbY4O04uunE,https://www.youtube.com/watch?v=fbY4O04uunE
clk6ldflp00423n6l9q27b78p,5463,front,,Abnormal Gait,stroke,"{'top': 15.779755283648498, 'left': 166.91323692992214, 'height': 341.3225806451613, 'width': 149.69299221357065}","{'height': 360, 'width': 640, 'mime_type': 'video/mp4'}",fbY4O04uunE,https://www.youtube.com/watch?v=fbY4O04uunE
clk6ldflp00423n6l9q27b78p,5464,front,,Abnormal Gait,stroke,"{'top': 15.75083426028921, 'left': 166.9321468298109, 'height': 341.35483870967744, 'width': 149.6829810901001}","{'height': 360, 'width': 640, 'mime_type': 'video/mp4'}",fbY4O04uunE,https://www.youtube.com/watch?v=fbY4O04uunE
clk6ldflp00423n6l9q27b78p,5465,front,,Abnormal Gait,stroke,"{'top': 15.721913236929922, 'left': 166.95105672969967, 'height': 341.38709677419354, 'width': 149.6729699666296}","{'height': 360, 'width': 640, 'mime_type': 'video/mp4'}",fbY4O04uunE,https://www.youtube.com/watch?v=fbY4O04uunE
clk6ldflp00423n6l9q27b78p,5466,front,,Abnormal Gait,stroke,"{'top': 15.692992213570633, 'left': 166.96996662958844, 'height': 341.4193548387097, 'width': 149.66295884315906}","{'height': 360, 'width': 640, 'mime_type': 'video/mp4'}",fbY4O04uunE,https://www.youtube.com/watch?v=fbY4O04uunE
clk6ldflp00423n6l9q27b78p,5467,front,,Abnormal Gait,stroke,"{'top': 15.664071190211349, 'left': 166.98887652947718, 'height': 341.4516129032258, 'width': 149.65294771968854}","{'height': 360, 'width': 640, 'mime_type': 'video/mp4'}",fbY4O04uunE,https://www.youtube.com/watch?v=fbY4O04uunE
clk6ldflp00423n6l9q27b78p,5468,front,,Abnormal Gait,stroke,"{'top': 15.635150166852057, 'left': 167.00778642936595, 'height': 341.48387096774195, 'width': 149.64293659621805}","{'height': 360, 'width': 640, 'mime_type': 'video/mp4'}",fbY4O04uunE,https://www.youtube.com/watch?v=fbY4O04uunE
clk6ldflp00423n6l9q27b78p,5469,front,,Abnormal Gait,stroke,"{'top': 15.606229143492769, 'left': 167.02669632925472, 'height': 341.51612903225805, 'width': 149.6329254727475}","{'height': 360, 'width': 640, 'mime_type': 'video/mp4'}",fbY4O04uunE,https://www.youtube.com/watch?v=fbY4O04uunE
clk6ldflp00423n6l9q27b78p,5470,front,,Abnormal Gait,stroke,"{'top': 15.57730812013348, 'left': 167.0456062291435, 'height': 341.5483870967742, 'width': 149.62291434927695}","{'height': 360, 'width': 640, 'mime_type': 'video/mp4'}",fbY4O04uunE,https://www.youtube.com/watch?v=fbY4O04uunE
clk6ldflp00423n6l9q27b78p,5471,front,,Abnormal Gait,stroke,"{'top': 15.548387096774192, 'left': 167.06451612903226, 'height': 341.5806451612903, 'width': 149.61290322580646}","{'height': 360, 'width': 640, 'mime_type': 'video/mp4'}",fbY4O04uunE,https://www.youtube.com/watch?v=fbY4O04uunE
clk6ldflp00423n6l9q27b78p,5472,front,,Abnormal Gait,stroke,"{'top': 15.519466073414907, 'left': 167.08342602892102, 'height': 341.61290322580646, 'width': 149.60289210233591}","{'height': 360, 'width': 640, 'mime_type': 'video/mp4'}",fbY4O04uunE,https://www.youtube.com/watch?v=fbY4O04uunE
clk6ldflp00423n6l9q27b78p,5473,front,,Abnormal Gait,stroke,"{'top': 15.490545050055616, 'left': 167.1023359288098, 'height': 341.64516129032256, 'width': 149.59288097886542}","{'height': 360, 'width': 640, 'mime_type': 'video/mp4'}",fbY4O04uunE,https://www.youtube.com/watch?v=fbY4O04uunE
clk6ldflp00423n6l9q27b78p,5474,front,,Abnormal Gait,stroke,"{'top': 15.461624026696331, 'left': 167.12124582869856, 'height': 341.6774193548387, 'width': 149.58286985539488}","{'height': 360, 'width': 640, 'mime_type': 'video/mp4'}",fbY4O04uunE,https://www.youtube.com/watch?v=fbY4O04uunE
clk6ldflp00423n6l9q27b78p,5475,front,,Abnormal Gait,stroke,"{'top': 15.43270300333704, 'left': 167.14015572858733, 'height': 341.7096774193548, 'width': 149.57285873192433}","{'height': 360, 'width': 640, 'mime_type': 'video/mp4'}",fbY4O04uunE,https://www.youtube.com/watch?v=fbY4O04uunE
clk6ldflp00423n6l9q27b78p,5476,front,,Abnormal Gait,stroke,"{'top': 15.403781979977754, 'left': 167.15906562847607, 'height': 341.741935483871, 'width': 149.56284760845386}","{'height': 360, 'width': 640, 'mime_type': 'video/mp4'}",fbY4O04uunE,https://www.youtube.com/watch?v=fbY4O04uunE
clk6ldflp00423n6l9q27b78p,5477,front,,Abnormal Gait,stroke,"{'top': 15.374860956618466, 'left': 167.17797552836484, 'height': 341.7741935483871, 'width': 149.55283648498332}","{'height': 360, 'width': 640, 'mime_type': 'video/mp4'}",fbY4O04uunE,https://www.youtube.com/watch?v=fbY4O04uunE
clk6ldflp00423n6l9q27b78p,5478,front,,Abnormal Gait,stroke,"{'top': 15.345939933259174, 'left': 167.1968854282536, 'height': 341.80645161290323, 'width': 149.54282536151283}","{'height': 360, 'width': 640, 'mime_type': 'video/mp4'}",fbY4O04uunE,https://www.youtube.com/watch?v=fbY4O04uunE
clk6ldflp00423n6l9q27b78p,5479,front,,Abnormal Gait,stroke,"{'top': 15.31701890989989, 'left': 167.21579532814238, 'height': 341.83870967741933, 'width': 149.53281423804228}","{'height': 360, 'width': 640, 'mime_type': 'video/mp4'}",fbY4O04uunE,https://www.youtube.com/watch?v=fbY4O04uunE
clk6ldflp00423n6l9q27b78p,5480,front,,Abnormal Gait,stroke,"{'top': 15.288097886540601, 'left': 167.23470522803115, 'height': 341.8709677419355, 'width': 149.52280311457173}","{'height': 360, 'width': 640, 'mime_type': 'video/mp4'}",fbY4O04uunE,https://www.youtube.com/watch?v=fbY4O04uunE
clk6ldflp00423n6l9q27b78p,5481,front,,Abnormal Gait,stroke,"{'top': 15.259176863181313, 'left': 167.25361512791991, 'height': 341.9032258064516, 'width': 149.51279199110124}","{'height': 360, 'width': 640, 'mime_type': 'video/mp4'}",fbY4O04uunE,https://www.youtube.com/watch?v=fbY4O04uunE
clk6ldflp00423n6l9q27b78p,5482,front,,Abnormal Gait,stroke,"{'top': 15.230255839822025, 'left': 167.27252502780868, 'height': 341.93548387096774, 'width': 149.5027808676307}","{'height': 360, 'width': 640, 'mime_type': 'video/mp4'}",fbY4O04uunE,https://www.youtube.com/watch?v=fbY4O04uunE
clk6ldflp00423n6l9q27b78p,5483,front,,Abnormal Gait,stroke,"{'top': 15.201334816462737, 'left': 167.29143492769745, 'height': 341.96774193548384, 'width': 149.49276974416014}","{'height': 360, 'width': 640, 'mime_type': 'video/mp4'}",fbY4O04uunE,https://www.youtube.com/watch?v=fbY4O04uunE
clk6ldflp00423n6l9q27b78p,5484,front,,Abnormal Gait,stroke,"{'top': 15.172413793103448, 'left': 167.31034482758622, 'height': 342.0, 'width': 149.48275862068965}","{'height': 360, 'width': 640, 'mime_type': 'video/mp4'}",fbY4O04uunE,https://www.youtube.com/watch?v=fbY4O04uunE
clk6ldflp00423n6l9q27b78p,5485,front,,Abnormal Gait,stroke,"{'top': 15.14349276974416, 'left': 167.32925472747496, 'height': 342.0322580645161, 'width': 149.47274749721913}","{'height': 360, 'width': 640, 'mime_type': 'video/mp4'}",fbY4O04uunE,https://www.youtube.com/watch?v=fbY4O04uunE
clk6ldflp00423n6l9q27b78p,5486,front,,Abnormal Gait,stroke,"{'top': 15.114571746384872, 'left': 167.34816462736373, 'height': 342.06451612903226, 'width': 149.46273637374864}","{'height': 360, 'width': 640, 'mime_type': 'video/mp4'}",fbY4O04uunE,https://www.youtube.com/watch?v=fbY4O04uunE
clk6ldflp00423n6l9q27b78p,5487,front,,Abnormal Gait,stroke,"{'top': 15.085650723025584, 'left': 167.3670745272525, 'height': 342.09677419354836, 'width': 149.4527252502781}","{'height': 360, 'width': 640, 'mime_type': 'video/mp4'}",fbY4O04uunE,https://www.youtube.com/watch?v=fbY4O04uunE
clk6ldflp00423n6l9q27b78p,5488,front,,Abnormal Gait,stroke,"{'top': 15.056729699666295, 'left': 167.38598442714127, 'height': 342.1290322580645, 'width': 149.44271412680754}","{'height': 360, 'width': 640, 'mime_type': 'video/mp4'}",fbY4O04uunE,https://www.youtube.com/watch?v=fbY4O04uunE
clk6ldflp00423n6l9q27b78p,5489,front,,Abnormal Gait,stroke,"{'top': 15.027808676307007, 'left': 167.40489432703004, 'height': 342.1612903225806, 'width': 149.43270300333705}","{'height': 360, 'width': 640, 'mime_type': 'video/mp4'}",fbY4O04uunE,https://www.youtube.com/watch?v=fbY4O04uunE
clk6ldflp00423n6l9q27b78p,5490,front,,Abnormal Gait,stroke,"{'top': 14.998887652947722, 'left': 167.4238042269188, 'height': 342.19354838709677, 'width': 149.4226918798665}","{'height': 360, 'width': 640, 'mime_type': 'video/mp4'}",fbY4O04uunE,https://www.youtube.com/watch?v=fbY4O04uunE
clk6ldflp00423n6l9q27b78p,5491,front,,Abnormal Gait,stroke,"{'top': 14.96996662958843, 'left': 167.44271412680757, 'height': 342.22580645161287, 'width': 149.412680756396}","{'height': 360, 'width': 640, 'mime_type': 'video/mp4'}",fbY4O04uunE,https://www.youtube.com/watch?v=fbY4O04uunE
clk6ldflp00423n6l9q27b78p,5492,front,,Abnormal Gait,stroke,"{'top': 14.941045606229146, 'left': 167.46162402669634, 'height': 342.258064516129, 'width': 149.40266963292547}","{'height': 360, 'width': 640, 'mime_type': 'video/mp4'}",fbY4O04uunE,https://www.youtube.com/watch?v=fbY4O04uunE
clk6ldflp00423n6l9q27b78p,5493,front,,Abnormal Gait,stroke,"{'top': 14.912124582869854, 'left': 167.48053392658508, 'height': 342.2903225806451, 'width': 149.39265850945495}","{'height': 360, 'width': 640, 'mime_type': 'video/mp4'}",fbY4O04uunE,https://www.youtube.com/watch?v=fbY4O04uunE
clk6ldflp00423n6l9q27b78p,5494,front,,Abnormal Gait,stroke,"{'top': 14.883203559510566, 'left': 167.49944382647385, 'height': 342.32258064516134, 'width': 149.38264738598446}","{'height': 360, 'width': 640, 'mime_type': 'video/mp4'}",fbY4O04uunE,https://www.youtube.com/watch?v=fbY4O04uunE
clk6ldflp00423n6l9q27b78p,5495,front,,Abnormal Gait,stroke,"{'top': 14.854282536151281, 'left': 167.51835372636262, 'height': 342.35483870967744, 'width': 149.3726362625139}","{'height': 360, 'width': 640, 'mime_type': 'video/mp4'}",fbY4O04uunE,https://www.youtube.com/watch?v=fbY4O04uunE
clk6ldflp00423n6l9q27b78p,5496,front,,Abnormal Gait,stroke,"{'top': 14.82536151279199, 'left': 167.5372636262514, 'height': 342.3870967741936, 'width': 149.36262513904336}","{'height': 360, 'width': 640, 'mime_type': 'video/mp4'}",fbY4O04uunE,https://www.youtube.com/watch?v=fbY4O04uunE
clk6ldflp00423n6l9q27b78p,5497,front,,Abnormal Gait,stroke,"{'top': 14.796440489432705, 'left': 167.55617352614016, 'height': 342.4193548387097, 'width': 149.35261401557287}","{'height': 360, 'width': 640, 'mime_type': 'video/mp4'}",fbY4O04uunE,https://www.youtube.com/watch?v=fbY4O04uunE
clk6ldflp00423n6l9q27b78p,5498,front,,Abnormal Gait,stroke,"{'top': 14.767519466073413, 'left': 167.57508342602893, 'height': 342.45161290322585, 'width': 149.34260289210232}","{'height': 360, 'width': 640, 'mime_type': 'video/mp4'}",fbY4O04uunE,https://www.youtube.com/watch?v=fbY4O04uunE
clk6ldflp00423n6l9q27b78p,5499,front,,Abnormal Gait,stroke,"{'top': 14.738598442714128, 'left': 167.5939933259177, 'height': 342.48387096774195, 'width': 149.33259176863183}","{'height': 360, 'width': 640, 'mime_type': 'video/mp4'}",fbY4O04uunE,https://www.youtube.com/watch?v=fbY4O04uunE
clk6ldflp00423n6l9q27b78p,5500,front,,Abnormal Gait,stroke,"{'top': 14.70967741935484, 'left': 167.61290322580646, 'height': 342.5161290322581, 'width': 149.32258064516128}","{'height': 360, 'width': 640, 'mime_type': 'video/mp4'}",fbY4O04uunE,https://www.youtube.com/watch?v=fbY4O04uunE
clk6ldflp00423n6l9q27b78p,5501,front,,Abnormal Gait,stroke,"{'top': 14.680756395995552, 'left': 167.6318131256952, 'height': 342.5483870967742, 'width': 149.31256952169076}","{'height': 360, 'width': 640, 'mime_type': 'video/mp4'}",fbY4O04uunE,https://www.youtube.com/watch?v=fbY4O04uunE
clk6ldflp00423n6l9q27b78p,5502,front,,Abnormal Gait,stroke,"{'top': 14.651835372636263, 'left': 167.65072302558397, 'height': 342.58064516129036, 'width': 149.30255839822027}","{'height': 360, 'width': 640, 'mime_type': 'video/mp4'}",fbY4O04uunE,https://www.youtube.com/watch?v=fbY4O04uunE
clk6ldflp00423n6l9q27b78p,5503,front,,Abnormal Gait,stroke,"{'top': 14.622914349276975, 'left': 167.66963292547274, 'height': 342.61290322580646, 'width': 149.29254727474972}","{'height': 360, 'width': 640, 'mime_type': 'video/mp4'}",fbY4O04uunE,https://www.youtube.com/watch?v=fbY4O04uunE
clk6ldflp00423n6l9q27b78p,5504,front,,Abnormal Gait,stroke,"{'top': 14.593993325917687, 'left': 167.6885428253615, 'height': 342.6451612903226, 'width': 149.28253615127917}","{'height': 360, 'width': 640, 'mime_type': 'video/mp4'}",fbY4O04uunE,https://www.youtube.com/watch?v=fbY4O04uunE
clk6ldflp00423n6l9q27b78p,5505,front,,Abnormal Gait,stroke,"{'top': 14.565072302558399, 'left': 167.70745272525028, 'height': 342.6774193548387, 'width': 149.27252502780868}","{'height': 360, 'width': 640, 'mime_type': 'video/mp4'}",fbY4O04uunE,https://www.youtube.com/watch?v=fbY4O04uunE
clk6ldflp00423n6l9q27b78p,5506,front,,Abnormal Gait,stroke,"{'top': 14.53615127919911, 'left': 167.72636262513905, 'height': 342.7096774193549, 'width': 149.26251390433814}","{'height': 360, 'width': 640, 'mime_type': 'video/mp4'}",fbY4O04uunE,https://www.youtube.com/watch?v=fbY4O04uunE
clk6ldflp00423n6l9q27b78p,5507,front,,Abnormal Gait,stroke,"{'top': 14.507230255839822, 'left': 167.74527252502781, 'height': 342.741935483871, 'width': 149.25250278086764}","{'height': 360, 'width': 640, 'mime_type': 'video/mp4'}",fbY4O04uunE,https://www.youtube.com/watch?v=fbY4O04uunE
clk6ldflp00423n6l9q27b78p,5508,front,,Abnormal Gait,stroke,"{'top': 14.478309232480534, 'left': 167.76418242491658, 'height': 342.77419354838713, 'width': 149.2424916573971}","{'height': 360, 'width': 640, 'mime_type': 'video/mp4'}",fbY4O04uunE,https://www.youtube.com/watch?v=fbY4O04uunE
clk6ldflp00423n6l9q27b78p,5509,front,,Abnormal Gait,stroke,"{'top': 14.449388209121246, 'left': 167.78309232480535, 'height': 342.80645161290323, 'width': 149.23248053392655}","{'height': 360, 'width': 640, 'mime_type': 'video/mp4'}",fbY4O04uunE,https://www.youtube.com/watch?v=fbY4O04uunE
clk6ldflp00423n6l9q27b78p,5510,front,,Abnormal Gait,stroke,"{'top': 14.420467185761957, 'left': 167.8020022246941, 'height': 342.8387096774194, 'width': 149.22246941045609}","{'height': 360, 'width': 640, 'mime_type': 'video/mp4'}",fbY4O04uunE,https://www.youtube.com/watch?v=fbY4O04uunE
clk6ldflp00423n6l9q27b78p,5511,front,,Abnormal Gait,stroke,"{'top': 14.391546162402669, 'left': 167.82091212458286, 'height': 342.8709677419355, 'width': 149.21245828698554}","{'height': 360, 'width': 640, 'mime_type': 'video/mp4'}",fbY4O04uunE,https://www.youtube.com/watch?v=fbY4O04uunE
clk6ldflp00423n6l9q27b78p,5512,front,,Abnormal Gait,stroke,"{'top': 14.36262513904338, 'left': 167.83982202447163, 'height': 342.90322580645164, 'width': 149.20244716351505}","{'height': 360, 'width': 640, 'mime_type': 'video/mp4'}",fbY4O04uunE,https://www.youtube.com/watch?v=fbY4O04uunE
clk6ldflp00423n6l9q27b78p,5513,front,,Abnormal Gait,stroke,"{'top': 14.333704115684093, 'left': 167.8587319243604, 'height': 342.93548387096774, 'width': 149.1924360400445}","{'height': 360, 'width': 640, 'mime_type': 'video/mp4'}",fbY4O04uunE,https://www.youtube.com/watch?v=fbY4O04uunE
clk6ldflp00423n6l9q27b78p,5514,front,,Abnormal Gait,stroke,"{'top': 14.304783092324804, 'left': 167.87764182424917, 'height': 342.9677419354839, 'width': 149.18242491657395}","{'height': 360, 'width': 640, 'mime_type': 'video/mp4'}",fbY4O04uunE,https://www.youtube.com/watch?v=fbY4O04uunE
clk6ldflp00423n6l9q27b78p,5515,front,,Abnormal Gait,stroke,"{'top': 14.27586206896552, 'left': 167.89655172413794, 'height': 343.0, 'width': 149.17241379310346}","{'height': 360, 'width': 640, 'mime_type': 'video/mp4'}",fbY4O04uunE,https://www.youtube.com/watch?v=fbY4O04uunE
clk6ldflp00423n6l9q27b78p,5516,front,,Abnormal Gait,stroke,"{'top': 14.246941045606228, 'left': 167.9154616240267, 'height': 343.03225806451616, 'width': 149.1624026696329}","{'height': 360, 'width': 640, 'mime_type': 'video/mp4'}",fbY4O04uunE,https://www.youtube.com/watch?v=fbY4O04uunE
clk6ldflp00423n6l9q27b78p,5517,front,,Abnormal Gait,stroke,"{'top': 14.218020022246943, 'left': 167.93437152391547, 'height': 343.06451612903226, 'width': 149.15239154616236}","{'height': 360, 'width': 640, 'mime_type': 'video/mp4'}",fbY4O04uunE,https://www.youtube.com/watch?v=fbY4O04uunE
clk6ldflp00423n6l9q27b78p,5518,front,,Abnormal Gait,stroke,"{'top': 14.189098998887651, 'left': 167.95328142380424, 'height': 343.0967741935484, 'width': 149.14238042269187}","{'height': 360, 'width': 640, 'mime_type': 'video/mp4'}",fbY4O04uunE,https://www.youtube.com/watch?v=fbY4O04uunE
clk6ldflp00423n6l9q27b78p,5519,front,,Abnormal Gait,stroke,"{'top': 14.160177975528363, 'left': 167.97219132369298, 'height': 343.1290322580645, 'width': 149.13236929922135}","{'height': 360, 'width': 640, 'mime_type': 'video/mp4'}",fbY4O04uunE,https://www.youtube.com/watch?v=fbY4O04uunE
clk6ldflp00423n6l9q27b78p,5520,front,,Abnormal Gait,stroke,"{'top': 14.131256952169078, 'left': 167.99110122358175, 'height': 343.16129032258067, 'width': 149.12235817575086}","{'height': 360, 'width': 640, 'mime_type': 'video/mp4'}",fbY4O04uunE,https://www.youtube.com/watch?v=fbY4O04uunE
clk6ldflp00423n6l9q27b78p,5521,front,,Abnormal Gait,stroke,"{'top': 14.102335928809786, 'left': 168.01001112347052, 'height': 343.19354838709677, 'width': 149.1123470522803}","{'height': 360, 'width': 640, 'mime_type': 'video/mp4'}",fbY4O04uunE,https://www.youtube.com/watch?v=fbY4O04uunE
clk6ldflp00423n6l9q27b78p,5522,front,,Abnormal Gait,stroke,"{'top': 14.073414905450502, 'left': 168.0289210233593, 'height': 343.2258064516129, 'width': 149.10233592880977}","{'height': 360, 'width': 640, 'mime_type': 'video/mp4'}",fbY4O04uunE,https://www.youtube.com/watch?v=fbY4O04uunE
clk6ldflp00423n6l9q27b78p,5523,front,,Abnormal Gait,stroke,"{'top': 14.044493882091214, 'left': 168.04783092324806, 'height': 343.258064516129, 'width': 149.09232480533927}","{'height': 360, 'width': 640, 'mime_type': 'video/mp4'}",fbY4O04uunE,https://www.youtube.com/watch?v=fbY4O04uunE
clk6ldflp00423n6l9q27b78p,5524,front,,Abnormal Gait,stroke,"{'top': 14.015572858731925, 'left': 168.06674082313683, 'height': 343.2903225806452, 'width': 149.08231368186873}","{'height': 360, 'width': 640, 'mime_type': 'video/mp4'}",fbY4O04uunE,https://www.youtube.com/watch?v=fbY4O04uunE
clk6ldflp00423n6l9q27b78p,5525,front,,Abnormal Gait,stroke,"{'top': 13.986651835372637, 'left': 168.0856507230256, 'height': 343.3225806451613, 'width': 149.07230255839823}","{'height': 360, 'width': 640, 'mime_type': 'video/mp4'}",fbY4O04uunE,https://www.youtube.com/watch?v=fbY4O04uunE
clk6ldflp00423n6l9q27b78p,5526,front,,Abnormal Gait,stroke,"{'top': 13.957730812013345, 'left': 168.10456062291436, 'height': 343.35483870967744, 'width': 149.0622914349277}","{'height': 360, 'width': 640, 'mime_type': 'video/mp4'}",fbY4O04uunE,https://www.youtube.com/watch?v=fbY4O04uunE
clk6ldflp00423n6l9q27b78p,5527,front,,Abnormal Gait,stroke,"{'top': 13.92880978865406, 'left': 168.1234705228031, 'height': 343.38709677419354, 'width': 149.05228031145717}","{'height': 360, 'width': 640, 'mime_type': 'video/mp4'}",fbY4O04uunE,https://www.youtube.com/watch?v=fbY4O04uunE
clk6ldflp00423n6l9q27b78p,5528,front,,Abnormal Gait,stroke,"{'top': 13.899888765294772, 'left': 168.14238042269187, 'height': 343.4193548387097, 'width': 149.04226918798668}","{'height': 360, 'width': 640, 'mime_type': 'video/mp4'}",fbY4O04uunE,https://www.youtube.com/watch?v=fbY4O04uunE
clk6ldflp00423n6l9q27b78p,5529,front,,Abnormal Gait,stroke,"{'top': 13.870967741935484, 'left': 168.16129032258064, 'height': 343.4516129032258, 'width': 149.03225806451613}","{'height': 360, 'width': 640, 'mime_type': 'video/mp4'}",fbY4O04uunE,https://www.youtube.com/watch?v=fbY4O04uunE
clk6ldflp00423n6l9q27b78p,5530,front,,Abnormal Gait,stroke,"{'top': 13.842046718576196, 'left': 168.1802002224694, 'height': 343.48387096774195, 'width': 149.02224694104558}","{'height': 360, 'width': 640, 'mime_type': 'video/mp4'}",fbY4O04uunE,https://www.youtube.com/watch?v=fbY4O04uunE
clk6ldflp00423n6l9q27b78p,5531,front,,Abnormal Gait,stroke,"{'top': 13.813125695216907, 'left': 168.19911012235818, 'height': 343.51612903225805, 'width': 149.0122358175751}","{'height': 360, 'width': 640, 'mime_type': 'video/mp4'}",fbY4O04uunE,https://www.youtube.com/watch?v=fbY4O04uunE
clk6ldflp00423n6l9q27b78p,5532,front,,Abnormal Gait,stroke,"{'top': 13.78420467185762, 'left': 168.21802002224695, 'height': 343.5483870967742, 'width': 149.00222469410454}","{'height': 360, 'width': 640, 'mime_type': 'video/mp4'}",fbY4O04uunE,https://www.youtube.com/watch?v=fbY4O04uunE
clk6ldflp00423n6l9q27b78p,5533,front,,Abnormal Gait,stroke,"{'top': 13.755283648498335, 'left': 168.23692992213572, 'height': 343.5806451612903, 'width': 148.99221357063405}","{'height': 360, 'width': 640, 'mime_type': 'video/mp4'}",fbY4O04uunE,https://www.youtube.com/watch?v=fbY4O04uunE
clk6ldflp00423n6l9q27b78p,5534,front,,Abnormal Gait,stroke,"{'top': 13.726362625139043, 'left': 168.25583982202448, 'height': 343.61290322580646, 'width': 148.9822024471635}","{'height': 360, 'width': 640, 'mime_type': 'video/mp4'}",fbY4O04uunE,https://www.youtube.com/watch?v=fbY4O04uunE
clk6ldflp00423n6l9q27b78p,5535,front,,Abnormal Gait,stroke,"{'top': 13.697441601779754, 'left': 168.27474972191322, 'height': 343.64516129032256, 'width': 148.97219132369298}","{'height': 360, 'width': 640, 'mime_type': 'video/mp4'}",fbY4O04uunE,https://www.youtube.com/watch?v=fbY4O04uunE
clk6ldflp00423n6l9q27b78p,5536,front,,Abnormal Gait,stroke,"{'top': 13.668520578420466, 'left': 168.293659621802, 'height': 343.6774193548387, 'width': 148.9621802002225}","{'height': 360, 'width': 640, 'mime_type': 'video/mp4'}",fbY4O04uunE,https://www.youtube.com/watch?v=fbY4O04uunE
clk6ldflp00423n6l9q27b78p,5537,front,,Abnormal Gait,stroke,"{'top': 13.639599555061178, 'left': 168.31256952169076, 'height': 343.7096774193548, 'width': 148.95216907675194}","{'height': 360, 'width': 640, 'mime_type': 'video/mp4'}",fbY4O04uunE,https://www.youtube.com/watch?v=fbY4O04uunE
clk6ldflp00423n6l9q27b78p,5538,front,,Abnormal Gait,stroke,"{'top': 13.610678531701893, 'left': 168.33147942157953, 'height': 343.741935483871, 'width': 148.94215795328145}","{'height': 360, 'width': 640, 'mime_type': 'video/mp4'}",fbY4O04uunE,https://www.youtube.com/watch?v=fbY4O04uunE
clk6ldflp00423n6l9q27b78p,5539,front,,Abnormal Gait,stroke,"{'top': 13.581757508342601, 'left': 168.3503893214683, 'height': 343.7741935483871, 'width': 148.9321468298109}","{'height': 360, 'width': 640, 'mime_type': 'video/mp4'}",fbY4O04uunE,https://www.youtube.com/watch?v=fbY4O04uunE
clk6ldflp00423n6l9q27b78p,5540,front,,Abnormal Gait,stroke,"{'top': 13.552836484983317, 'left': 168.36929922135707, 'height': 343.8064516129032, 'width': 148.92213570634036}","{'height': 360, 'width': 640, 'mime_type': 'video/mp4'}",fbY4O04uunE,https://www.youtube.com/watch?v=fbY4O04uunE
clk6ldflp00423n6l9q27b78p,5541,front,,Abnormal Gait,stroke,"{'top': 13.523915461624025, 'left': 168.38820912124584, 'height': 343.83870967741933, 'width': 148.91212458286986}","{'height': 360, 'width': 640, 'mime_type': 'video/mp4'}",fbY4O04uunE,https://www.youtube.com/watch?v=fbY4O04uunE
clk6ldflp00423n6l9q27b78p,5542,front,,Abnormal Gait,stroke,"{'top': 13.49499443826474, 'left': 168.4071190211346, 'height': 343.8709677419355, 'width': 148.90211345939932}","{'height': 360, 'width': 640, 'mime_type': 'video/mp4'}",fbY4O04uunE,https://www.youtube.com/watch?v=fbY4O04uunE
clk6ldflp00423n6l9q27b78p,5543,front,,Abnormal Gait,stroke,"{'top': 13.466073414905452, 'left': 168.42602892102337, 'height': 343.9032258064516, 'width': 148.89210233592877}","{'height': 360, 'width': 640, 'mime_type': 'video/mp4'}",fbY4O04uunE,https://www.youtube.com/watch?v=fbY4O04uunE
clk6ldflp00423n6l9q27b78p,5544,front,,Abnormal Gait,stroke,"{'top': 13.43715239154616, 'left': 168.4449388209121, 'height': 343.93548387096774, 'width': 148.8820912124583}","{'height': 360, 'width': 640, 'mime_type': 'video/mp4'}",fbY4O04uunE,https://www.youtube.com/watch?v=fbY4O04uunE
clk6ldflp00423n6l9q27b78p,5545,front,,Abnormal Gait,stroke,"{'top': 13.408231368186875, 'left': 168.46384872080088, 'height': 343.96774193548384, 'width': 148.87208008898776}","{'height': 360, 'width': 640, 'mime_type': 'video/mp4'}",fbY4O04uunE,https://www.youtube.com/watch?v=fbY4O04uunE
clk6ldflp00423n6l9q27b78p,5546,front,,Abnormal Gait,stroke,"{'top': 13.379310344827587, 'left': 168.48275862068965, 'height': 344.0, 'width': 148.86206896551727}","{'height': 360, 'width': 640, 'mime_type': 'video/mp4'}",fbY4O04uunE,https://www.youtube.com/watch?v=fbY4O04uunE
clk6ldflp00423n6l9q27b78p,5547,front,,Abnormal Gait,stroke,"{'top': 13.350389321468299, 'left': 168.50166852057842, 'height': 344.03225806451616, 'width': 148.85205784204672}","{'height': 360, 'width': 640, 'mime_type': 'video/mp4'}",fbY4O04uunE,https://www.youtube.com/watch?v=fbY4O04uunE
clk6ldflp00423n6l9q27b78p,5548,front,,Abnormal Gait,stroke,"{'top': 13.32146829810901, 'left': 168.5205784204672, 'height': 344.0645161290323, 'width': 148.84204671857617}","{'height': 360, 'width': 640, 'mime_type': 'video/mp4'}",fbY4O04uunE,https://www.youtube.com/watch?v=fbY4O04uunE
clk6ldflp00423n6l9q27b78p,5549,front,,Abnormal Gait,stroke,"{'top': 13.292547274749722, 'left': 168.53948832035596, 'height': 344.0967741935484, 'width': 148.83203559510568}","{'height': 360, 'width': 640, 'mime_type': 'video/mp4'}",fbY4O04uunE,https://www.youtube.com/watch?v=fbY4O04uunE
clk6ldflp00423n6l9q27b78p,5550,front,,Abnormal Gait,stroke,"{'top': 13.263626251390434, 'left': 168.55839822024473, 'height': 344.1290322580645, 'width': 148.82202447163513}","{'height': 360, 'width': 640, 'mime_type': 'video/mp4'}",fbY4O04uunE,https://www.youtube.com/watch?v=fbY4O04uunE
clk6ldflp00423n6l9q27b78p,5551,front,,Abnormal Gait,stroke,"{'top': 13.234705228031146, 'left': 168.5773081201335, 'height': 344.16129032258067, 'width': 148.81201334816464}","{'height': 360, 'width': 640, 'mime_type': 'video/mp4'}",fbY4O04uunE,https://www.youtube.com/watch?v=fbY4O04uunE
clk6ldflp00423n6l9q27b78p,5552,front,,Abnormal Gait,stroke,"{'top': 13.205784204671858, 'left': 168.59621802002223, 'height': 344.1935483870968, 'width': 148.80200222469412}","{'height': 360, 'width': 640, 'mime_type': 'video/mp4'}",fbY4O04uunE,https://www.youtube.com/watch?v=fbY4O04uunE
clk6ldflp00423n6l9q27b78p,5553,front,,Abnormal Gait,stroke,"{'top': 13.17686318131257, 'left': 168.615127919911, 'height': 344.2258064516129, 'width': 148.79199110122357}","{'height': 360, 'width': 640, 'mime_type': 'video/mp4'}",fbY4O04uunE,https://www.youtube.com/watch?v=fbY4O04uunE
clk6ldflp00423n6l9q27b78p,5554,front,,Abnormal Gait,stroke,"{'top': 13.147942157953281, 'left': 168.63403781979977, 'height': 344.258064516129, 'width': 148.78197997775308}","{'height': 360, 'width': 640, 'mime_type': 'video/mp4'}",fbY4O04uunE,https://www.youtube.com/watch?v=fbY4O04uunE
clk6ldflp00423n6l9q27b78p,5555,front,,Abnormal Gait,stroke,"{'top': 13.119021134593993, 'left': 168.65294771968854, 'height': 344.2903225806452, 'width': 148.77196885428253}","{'height': 360, 'width': 640, 'mime_type': 'video/mp4'}",fbY4O04uunE,https://www.youtube.com/watch?v=fbY4O04uunE
clk6ldflp00423n6l9q27b78p,5556,front,,Abnormal Gait,stroke,"{'top': 13.090100111234705, 'left': 168.6718576195773, 'height': 344.32258064516134, 'width': 148.76195773081201}","{'height': 360, 'width': 640, 'mime_type': 'video/mp4'}",fbY4O04uunE,https://www.youtube.com/watch?v=fbY4O04uunE
clk6ldflp00423n6l9q27b78p,5557,front,,Abnormal Gait,stroke,"{'top': 13.061179087875416, 'left': 168.69076751946608, 'height': 344.35483870967744, 'width': 148.7519466073415}","{'height': 360, 'width': 640, 'mime_type': 'video/mp4'}",fbY4O04uunE,https://www.youtube.com/watch?v=fbY4O04uunE
clk6ldflp00423n6l9q27b78p,5558,front,,Abnormal Gait,stroke,"{'top': 13.032258064516132, 'left': 168.70967741935485, 'height': 344.38709677419354, 'width': 148.74193548387095}","{'height': 360, 'width': 640, 'mime_type': 'video/mp4'}",fbY4O04uunE,https://www.youtube.com/watch?v=fbY4O04uunE
clk6ldflp00423n6l9q27b78p,5559,front,,Abnormal Gait,stroke,"{'top': 13.00333704115684, 'left': 168.72858731924362, 'height': 344.4193548387097, 'width': 148.73192436040046}","{'height': 360, 'width': 640, 'mime_type': 'video/mp4'}",fbY4O04uunE,https://www.youtube.com/watch?v=fbY4O04uunE
clk6ldflp00423n6l9q27b78p,5560,front,,Abnormal Gait,stroke,"{'top': 12.974416017797552, 'left': 168.74749721913236, 'height': 344.45161290322585, 'width': 148.72191323692994}","{'height': 360, 'width': 640, 'mime_type': 'video/mp4'}",fbY4O04uunE,https://www.youtube.com/watch?v=fbY4O04uunE
clk6ldflp00423n6l9q27b78p,5561,front,,Abnormal Gait,stroke,"{'top': 12.945494994438263, 'left': 168.76640711902112, 'height': 344.48387096774195, 'width': 148.7119021134594}","{'height': 360, 'width': 640, 'mime_type': 'video/mp4'}",fbY4O04uunE,https://www.youtube.com/watch?v=fbY4O04uunE
clk6ldflp00423n6l9q27b78p,5562,front,,Abnormal Gait,stroke,"{'top': 12.916573971078975, 'left': 168.7853170189099, 'height': 344.51612903225805, 'width': 148.7018909899889}","{'height': 360, 'width': 640, 'mime_type': 'video/mp4'}",fbY4O04uunE,https://www.youtube.com/watch?v=fbY4O04uunE
clk6ldflp00423n6l9q27b78p,5563,front,,Abnormal Gait,stroke,"{'top': 12.88765294771969, 'left': 168.80422691879866, 'height': 344.5483870967742, 'width': 148.69187986651835}","{'height': 360, 'width': 640, 'mime_type': 'video/mp4'}",fbY4O04uunE,https://www.youtube.com/watch?v=fbY4O04uunE
clk6ldflp00423n6l9q27b78p,5564,front,,Abnormal Gait,stroke,"{'top': 12.858731924360399, 'left': 168.82313681868743, 'height': 344.58064516129036, 'width': 148.68186874304786}","{'height': 360, 'width': 640, 'mime_type': 'video/mp4'}",fbY4O04uunE,https://www.youtube.com/watch?v=fbY4O04uunE
clk6ldflp00423n6l9q27b78p,5565,front,,Abnormal Gait,stroke,"{'top': 12.829810901001114, 'left': 168.8420467185762, 'height': 344.61290322580646, 'width': 148.6718576195773}","{'height': 360, 'width': 640, 'mime_type': 'video/mp4'}",fbY4O04uunE,https://www.youtube.com/watch?v=fbY4O04uunE
clk6ldflp00423n6l9q27b78p,5566,front,,Abnormal Gait,stroke,"{'top': 12.800889877641826, 'left': 168.86095661846497, 'height': 344.64516129032256, 'width': 148.66184649610676}","{'height': 360, 'width': 640, 'mime_type': 'video/mp4'}",fbY4O04uunE,https://www.youtube.com/watch?v=fbY4O04uunE
clk6ldflp00423n6l9q27b78p,5567,front,,Abnormal Gait,stroke,"{'top': 12.771968854282537, 'left': 168.87986651835374, 'height': 344.6774193548387, 'width': 148.65183537263627}","{'height': 360, 'width': 640, 'mime_type': 'video/mp4'}",fbY4O04uunE,https://www.youtube.com/watch?v=fbY4O04uunE
clk6ldflp00423n6l9q27b78p,5568,front,,Abnormal Gait,stroke,"{'top': 12.743047830923249, 'left': 168.8987764182425, 'height': 344.7096774193548, 'width': 148.64182424916572}","{'height': 360, 'width': 640, 'mime_type': 'video/mp4'}",fbY4O04uunE,https://www.youtube.com/watch?v=fbY4O04uunE
clk6ldflp00423n6l9q27b78p,5569,front,,Abnormal Gait,stroke,"{'top': 12.714126807563957, 'left': 168.91768631813125, 'height': 344.741935483871, 'width': 148.6318131256952}","{'height': 360, 'width': 640, 'mime_type': 'video/mp4'}",fbY4O04uunE,https://www.youtube.com/watch?v=fbY4O04uunE
clk6ldflp00423n6l9q27b78p,5570,front,,Abnormal Gait,stroke,"{'top': 12.685205784204673, 'left': 168.93659621802001, 'height': 344.7741935483871, 'width': 148.6218020022247}","{'height': 360, 'width': 640, 'mime_type': 'video/mp4'}",fbY4O04uunE,https://www.youtube.com/watch?v=fbY4O04uunE
clk6ldflp00423n6l9q27b78p,5571,front,,Abnormal Gait,stroke,"{'top': 12.656284760845384, 'left': 168.95550611790878, 'height': 344.80645161290323, 'width': 148.61179087875416}","{'height': 360, 'width': 640, 'mime_type': 'video/mp4'}",fbY4O04uunE,https://www.youtube.com/watch?v=fbY4O04uunE
clk6ldflp00423n6l9q27b78p,5572,front,,Abnormal Gait,stroke,"{'top': 12.627363737486096, 'left': 168.97441601779755, 'height': 344.83870967741933, 'width': 148.60177975528367}","{'height': 360, 'width': 640, 'mime_type': 'video/mp4'}",fbY4O04uunE,https://www.youtube.com/watch?v=fbY4O04uunE
clk6ldflp00423n6l9q27b78p,5573,front,,Abnormal Gait,stroke,"{'top': 12.598442714126808, 'left': 168.99332591768632, 'height': 344.8709677419355, 'width': 148.59176863181312}","{'height': 360, 'width': 640, 'mime_type': 'video/mp4'}",fbY4O04uunE,https://www.youtube.com/watch?v=fbY4O04uunE
clk6ldflp00423n6l9q27b78p,5574,front,,Abnormal Gait,stroke,"{'top': 12.56952169076752, 'left': 169.0122358175751, 'height': 344.9032258064516, 'width': 148.58175750834258}","{'height': 360, 'width': 640, 'mime_type': 'video/mp4'}",fbY4O04uunE,https://www.youtube.com/watch?v=fbY4O04uunE
clk6ldflp00423n6l9q27b78p,5575,front,,Abnormal Gait,stroke,"{'top': 12.540600667408231, 'left': 169.03114571746386, 'height': 344.93548387096774, 'width': 148.57174638487209}","{'height': 360, 'width': 640, 'mime_type': 'video/mp4'}",fbY4O04uunE,https://www.youtube.com/watch?v=fbY4O04uunE
clk6ldflp00423n6l9q27b78p,5576,front,,Abnormal Gait,stroke,"{'top': 12.511679644048943, 'left': 169.05005561735263, 'height': 344.96774193548384, 'width': 148.56173526140154}","{'height': 360, 'width': 640, 'mime_type': 'video/mp4'}",fbY4O04uunE,https://www.youtube.com/watch?v=fbY4O04uunE
clk6ldflp00423n6l9q27b78p,5577,front,,Abnormal Gait,stroke,"{'top': 12.482758620689655, 'left': 169.06896551724137, 'height': 345.0, 'width': 148.55172413793107}","{'height': 360, 'width': 640, 'mime_type': 'video/mp4'}",fbY4O04uunE,https://www.youtube.com/watch?v=fbY4O04uunE
clk6ldflp00423n6l9q27b78p,5578,front,,Abnormal Gait,stroke,"{'top': 12.453837597330367, 'left': 169.08787541713014, 'height': 345.0322580645161, 'width': 148.54171301446053}","{'height': 360, 'width': 640, 'mime_type': 'video/mp4'}",fbY4O04uunE,https://www.youtube.com/watch?v=fbY4O04uunE
clk6ldflp00423n6l9q27b78p,5579,front,,Abnormal Gait,stroke,"{'top': 12.424916573971078, 'left': 169.1067853170189, 'height': 345.06451612903226, 'width': 148.53170189098998}","{'height': 360, 'width': 640, 'mime_type': 'video/mp4'}",fbY4O04uunE,https://www.youtube.com/watch?v=fbY4O04uunE
clk6ldflp00423n6l9q27b78p,5580,front,,Abnormal Gait,stroke,"{'top': 12.39599555061179, 'left': 169.12569521690767, 'height': 345.09677419354836, 'width': 148.5216907675195}","{'height': 360, 'width': 640, 'mime_type': 'video/mp4'}",fbY4O04uunE,https://www.youtube.com/watch?v=fbY4O04uunE
clk6ldflp00423n6l9q27b78p,5581,front,,Abnormal Gait,stroke,"{'top': 12.367074527252505, 'left': 169.14460511679644, 'height': 345.1290322580645, 'width': 148.51167964404894}","{'height': 360, 'width': 640, 'mime_type': 'video/mp4'}",fbY4O04uunE,https://www.youtube.com/watch?v=fbY4O04uunE
clk6ldflp00423n6l9q27b78p,5582,front,,Abnormal Gait,stroke,"{'top': 12.338153503893214, 'left': 169.1635150166852, 'height': 345.1612903225806, 'width': 148.5016685205784}","{'height': 360, 'width': 640, 'mime_type': 'video/mp4'}",fbY4O04uunE,https://www.youtube.com/watch?v=fbY4O04uunE
clk6ldflp00423n6l9q27b78p,5583,front,,Abnormal Gait,stroke,"{'top': 12.309232480533929, 'left': 169.18242491657398, 'height': 345.19354838709677, 'width': 148.4916573971079}","{'height': 360, 'width': 640, 'mime_type': 'video/mp4'}",fbY4O04uunE,https://www.youtube.com/watch?v=fbY4O04uunE
clk6ldflp00423n6l9q27b78p,5584,front,,Abnormal Gait,stroke,"{'top': 12.280311457174637, 'left': 169.20133481646275, 'height': 345.22580645161287, 'width': 148.48164627363735}","{'height': 360, 'width': 640, 'mime_type': 'video/mp4'}",fbY4O04uunE,https://www.youtube.com/watch?v=fbY4O04uunE
clk6ldflp00423n6l9q27b78p,5585,front,,Abnormal Gait,stroke,"{'top': 12.251390433815349, 'left': 169.2202447163515, 'height': 345.258064516129, 'width': 148.4716351501669}","{'height': 360, 'width': 640, 'mime_type': 'video/mp4'}",fbY4O04uunE,https://www.youtube.com/watch?v=fbY4O04uunE
clk6ldflp00423n6l9q27b78p,5586,front,,Abnormal Gait,stroke,"{'top': 12.222469410456064, 'left': 169.23915461624026, 'height': 345.2903225806451, 'width': 148.46162402669634}","{'height': 360, 'width': 640, 'mime_type': 'video/mp4'}",fbY4O04uunE,https://www.youtube.com/watch?v=fbY4O04uunE
clk6ldflp00423n6l9q27b78p,5587,front,,Abnormal Gait,stroke,"{'top': 12.193548387096772, 'left': 169.25806451612902, 'height': 345.3225806451613, 'width': 148.4516129032258}","{'height': 360, 'width': 640, 'mime_type': 'video/mp4'}",fbY4O04uunE,https://www.youtube.com/watch?v=fbY4O04uunE
clk6ldflp00423n6l9q27b78p,5588,front,,Abnormal Gait,stroke,"{'top': 12.164627363737488, 'left': 169.2769744160178, 'height': 345.3548387096774, 'width': 148.4416017797553}","{'height': 360, 'width': 640, 'mime_type': 'video/mp4'}",fbY4O04uunE,https://www.youtube.com/watch?v=fbY4O04uunE
clk6ldflp00423n6l9q27b78p,5589,front,,Abnormal Gait,stroke,"{'top': 12.1357063403782, 'left': 169.29588431590656, 'height': 345.38709677419354, 'width': 148.43159065628475}","{'height': 360, 'width': 640, 'mime_type': 'video/mp4'}",fbY4O04uunE,https://www.youtube.com/watch?v=fbY4O04uunE
clk6ldflp00423n6l9q27b78p,5590,front,,Abnormal Gait,stroke,"{'top': 12.106785317018911, 'left': 169.31479421579533, 'height': 345.41935483870964, 'width': 148.42157953281426}","{'height': 360, 'width': 640, 'mime_type': 'video/mp4'}",fbY4O04uunE,https://www.youtube.com/watch?v=fbY4O04uunE
clk6ldflp00423n6l9q27b78p,5591,front,,Abnormal Gait,stroke,"{'top': 12.077864293659623, 'left': 169.3337041156841, 'height': 345.4516129032258, 'width': 148.41156840934372}","{'height': 360, 'width': 640, 'mime_type': 'video/mp4'}",fbY4O04uunE,https://www.youtube.com/watch?v=fbY4O04uunE
clk6ldflp00423n6l9q27b78p,5592,front,,Abnormal Gait,stroke,"{'top': 12.048943270300331, 'left': 169.35261401557287, 'height': 345.4838709677419, 'width': 148.40155728587317}","{'height': 360, 'width': 640, 'mime_type': 'video/mp4'}",fbY4O04uunE,https://www.youtube.com/watch?v=fbY4O04uunE
clk6ldflp00423n6l9q27b78p,5593,front,,Abnormal Gait,stroke,"{'top': 12.020022246941046, 'left': 169.37152391546164, 'height': 345.51612903225805, 'width': 148.39154616240268}","{'height': 360, 'width': 640, 'mime_type': 'video/mp4'}",fbY4O04uunE,https://www.youtube.com/watch?v=fbY4O04uunE
clk6ldflp00423n6l9q27b78p,5594,front,,Abnormal Gait,stroke,"{'top': 11.991101223581758, 'left': 169.39043381535038, 'height': 345.54838709677415, 'width': 148.38153503893216}","{'height': 360, 'width': 640, 'mime_type': 'video/mp4'}",fbY4O04uunE,https://www.youtube.com/watch?v=fbY4O04uunE
clk6ldflp00423n6l9q27b78p,5595,front,,Abnormal Gait,stroke,"{'top': 11.96218020022247, 'left': 169.40934371523915, 'height': 345.5806451612903, 'width': 148.3715239154616}","{'height': 360, 'width': 640, 'mime_type': 'video/mp4'}",fbY4O04uunE,https://www.youtube.com/watch?v=fbY4O04uunE
clk6ldflp00423n6l9q27b78p,5596,front,,Abnormal Gait,stroke,"{'top': 11.933259176863181, 'left': 169.42825361512791, 'height': 345.6129032258064, 'width': 148.36151279199112}","{'height': 360, 'width': 640, 'mime_type': 'video/mp4'}",fbY4O04uunE,https://www.youtube.com/watch?v=fbY4O04uunE
clk6ldflp00423n6l9q27b78p,5597,front,,Abnormal Gait,stroke,"{'top': 11.904338153503893, 'left': 169.44716351501668, 'height': 345.64516129032256, 'width': 148.35150166852057}","{'height': 360, 'width': 640, 'mime_type': 'video/mp4'}",fbY4O04uunE,https://www.youtube.com/watch?v=fbY4O04uunE
clk6ldflp00423n6l9q27b78p,5598,front,,Abnormal Gait,stroke,"{'top': 11.875417130144605, 'left': 169.46607341490545, 'height': 345.67741935483866, 'width': 148.34149054505008}","{'height': 360, 'width': 640, 'mime_type': 'video/mp4'}",fbY4O04uunE,https://www.youtube.com/watch?v=fbY4O04uunE
clk6ldflp00423n6l9q27b78p,5599,front,,Abnormal Gait,stroke,"{'top': 11.846496106785317, 'left': 169.48498331479422, 'height': 345.7096774193548, 'width': 148.33147942157953}","{'height': 360, 'width': 640, 'mime_type': 'video/mp4'}",fbY4O04uunE,https://www.youtube.com/watch?v=fbY4O04uunE
clk6ldflp00423n6l9q27b78p,5600,front,,Abnormal Gait,stroke,"{'top': 11.817575083426028, 'left': 169.503893214683, 'height': 345.741935483871, 'width': 148.32146829810898}","{'height': 360, 'width': 640, 'mime_type': 'video/mp4'}",fbY4O04uunE,https://www.youtube.com/watch?v=fbY4O04uunE
clk6ldflp00423n6l9q27b78p,5601,front,,Abnormal Gait,stroke,"{'top': 11.78865406006674, 'left': 169.52280311457176, 'height': 345.77419354838713, 'width': 148.3114571746385}","{'height': 360, 'width': 640, 'mime_type': 'video/mp4'}",fbY4O04uunE,https://www.youtube.com/watch?v=fbY4O04uunE
clk6ldflp00423n6l9q27b78p,5602,front,,Abnormal Gait,stroke,"{'top': 11.759733036707452, 'left': 169.5417130144605, 'height': 345.80645161290323, 'width': 148.30144605116797}","{'height': 360, 'width': 640, 'mime_type': 'video/mp4'}",fbY4O04uunE,https://www.youtube.com/watch?v=fbY4O04uunE
clk6ldflp00423n6l9q27b78p,5603,front,,Abnormal Gait,stroke,"{'top': 11.730812013348164, 'left': 169.56062291434927, 'height': 345.8387096774194, 'width': 148.29143492769748}","{'height': 360, 'width': 640, 'mime_type': 'video/mp4'}",fbY4O04uunE,https://www.youtube.com/watch?v=fbY4O04uunE
clk6ldflp00423n6l9q27b78p,5604,front,,Abnormal Gait,stroke,"{'top': 11.701890989988875, 'left': 169.57953281423804, 'height': 345.8709677419355, 'width': 148.28142380422693}","{'height': 360, 'width': 640, 'mime_type': 'video/mp4'}",fbY4O04uunE,https://www.youtube.com/watch?v=fbY4O04uunE
clk6ldflp00423n6l9q27b78p,5605,front,,Abnormal Gait,stroke,"{'top': 11.672969966629587, 'left': 169.5984427141268, 'height': 345.90322580645164, 'width': 148.27141268075638}","{'height': 360, 'width': 640, 'mime_type': 'video/mp4'}",fbY4O04uunE,https://www.youtube.com/watch?v=fbY4O04uunE
clk6ldflp00423n6l9q27b78p,5606,front,,Abnormal Gait,stroke,"{'top': 11.644048943270302, 'left': 169.61735261401557, 'height': 345.93548387096774, 'width': 148.2614015572859}","{'height': 360, 'width': 640, 'mime_type': 'video/mp4'}",fbY4O04uunE,https://www.youtube.com/watch?v=fbY4O04uunE
clk6ldflp00423n6l9q27b78p,5607,front,,Abnormal Gait,stroke,"{'top': 11.61512791991101, 'left': 169.63626251390434, 'height': 345.9677419354839, 'width': 148.25139043381535}","{'height': 360, 'width': 640, 'mime_type': 'video/mp4'}",fbY4O04uunE,https://www.youtube.com/watch?v=fbY4O04uunE
clk6ldflp00423n6l9q27b78p,5608,front,,Abnormal Gait,stroke,"{'top': 11.586206896551726, 'left': 169.6551724137931, 'height': 346.0, 'width': 148.2413793103448}","{'height': 360, 'width': 640, 'mime_type': 'video/mp4'}",fbY4O04uunE,https://www.youtube.com/watch?v=fbY4O04uunE
clk6ldflp00423n6l9q27b78p,5609,front,,Abnormal Gait,stroke,"{'top': 11.557285873192438, 'left': 169.67408231368188, 'height': 346.03225806451616, 'width': 148.2313681868743}","{'height': 360, 'width': 640, 'mime_type': 'video/mp4'}",fbY4O04uunE,https://www.youtube.com/watch?v=fbY4O04uunE
clk6ldflp00423n6l9q27b78p,5610,front,,Abnormal Gait,stroke,"{'top': 11.528364849833146, 'left': 169.69299221357065, 'height': 346.06451612903226, 'width': 148.22135706340376}","{'height': 360, 'width': 640, 'mime_type': 'video/mp4'}",fbY4O04uunE,https://www.youtube.com/watch?v=fbY4O04uunE
clk6ldflp00423n6l9q27b78p,5611,front,,Abnormal Gait,stroke,"{'top': 11.499443826473861, 'left': 169.7119021134594, 'height': 346.0967741935484, 'width': 148.2113459399333}","{'height': 360, 'width': 640, 'mime_type': 'video/mp4'}",fbY4O04uunE,https://www.youtube.com/watch?v=fbY4O04uunE
clk6ldflp00423n6l9q27b78p,5612,front,,Abnormal Gait,stroke,"{'top': 11.47052280311457, 'left': 169.73081201334816, 'height': 346.1290322580645, 'width': 148.20133481646275}","{'height': 360, 'width': 640, 'mime_type': 'video/mp4'}",fbY4O04uunE,https://www.youtube.com/watch?v=fbY4O04uunE
clk6ldflp00423n6l9q27b78p,5613,front,,Abnormal Gait,stroke,"{'top': 11.441601779755285, 'left': 169.74972191323693, 'height': 346.16129032258067, 'width': 148.1913236929922}","{'height': 360, 'width': 640, 'mime_type': 'video/mp4'}",fbY4O04uunE,https://www.youtube.com/watch?v=fbY4O04uunE
clk6ldflp00423n6l9q27b78p,5614,front,,Abnormal Gait,stroke,"{'top': 11.412680756395996, 'left': 169.7686318131257, 'height': 346.19354838709677, 'width': 148.1813125695217}","{'height': 360, 'width': 640, 'mime_type': 'video/mp4'}",fbY4O04uunE,https://www.youtube.com/watch?v=fbY4O04uunE
clk6ldflp00423n6l9q27b78p,5615,front,,Abnormal Gait,stroke,"{'top': 11.383759733036708, 'left': 169.78754171301446, 'height': 346.2258064516129, 'width': 148.17130144605116}","{'height': 360, 'width': 640, 'mime_type': 'video/mp4'}",fbY4O04uunE,https://www.youtube.com/watch?v=fbY4O04uunE
clk6ldflp00423n6l9q27b78p,5616,front,,Abnormal Gait,stroke,"{'top': 11.35483870967742, 'left': 169.80645161290323, 'height': 346.258064516129, 'width': 148.1612903225806}","{'height': 360, 'width': 640, 'mime_type': 'video/mp4'}",fbY4O04uunE,https://www.youtube.com/watch?v=fbY4O04uunE
clk6ldflp00423n6l9q27b78p,5617,front,,Abnormal Gait,stroke,"{'top': 11.325917686318128, 'left': 169.825361512792, 'height': 346.2903225806452, 'width': 148.15127919911012}","{'height': 360, 'width': 640, 'mime_type': 'video/mp4'}",fbY4O04uunE,https://www.youtube.com/watch?v=fbY4O04uunE
clk6ldflp00423n6l9q27b78p,5618,front,,Abnormal Gait,stroke,"{'top': 11.296996662958843, 'left': 169.84427141268077, 'height': 346.3225806451613, 'width': 148.14126807563957}","{'height': 360, 'width': 640, 'mime_type': 'video/mp4'}",fbY4O04uunE,https://www.youtube.com/watch?v=fbY4O04uunE
clk6ldflp00423n6l9q27b78p,5619,front,,Abnormal Gait,stroke,"{'top': 11.268075639599555, 'left': 169.8631813125695, 'height': 346.35483870967744, 'width': 148.1312569521691}","{'height': 360, 'width': 640, 'mime_type': 'video/mp4'}",fbY4O04uunE,https://www.youtube.com/watch?v=fbY4O04uunE
clk6ldflp00423n6l9q27b78p,5620,front,,Abnormal Gait,stroke,"{'top': 11.239154616240267, 'left': 169.88209121245828, 'height': 346.38709677419354, 'width': 148.12124582869856}","{'height': 360, 'width': 640, 'mime_type': 'video/mp4'}",fbY4O04uunE,https://www.youtube.com/watch?v=fbY4O04uunE
clk6ldflp00423n6l9q27b78p,5621,front,,Abnormal Gait,stroke,"{'top': 11.210233592880979, 'left': 169.90100111234705, 'height': 346.4193548387097, 'width': 148.11123470522801}","{'height': 360, 'width': 640, 'mime_type': 'video/mp4'}",fbY4O04uunE,https://www.youtube.com/watch?v=fbY4O04uunE
clk6ldflp00423n6l9q27b78p,5622,front,,Abnormal Gait,stroke,"{'top': 11.18131256952169, 'left': 169.91991101223581, 'height': 346.4516129032258, 'width': 148.10122358175752}","{'height': 360, 'width': 640, 'mime_type': 'video/mp4'}",fbY4O04uunE,https://www.youtube.com/watch?v=fbY4O04uunE
clk6ldflp00423n6l9q27b78p,5623,front,,Abnormal Gait,stroke,"{'top': 11.152391546162402, 'left': 169.93882091212458, 'height': 346.48387096774195, 'width': 148.09121245828698}","{'height': 360, 'width': 640, 'mime_type': 'video/mp4'}",fbY4O04uunE,https://www.youtube.com/watch?v=fbY4O04uunE
clk6ldflp00423n6l9q27b78p,5624,front,,Abnormal Gait,stroke,"{'top': 11.123470522803117, 'left': 169.95773081201335, 'height': 346.51612903225805, 'width': 148.08120133481648}","{'height': 360, 'width': 640, 'mime_type': 'video/mp4'}",fbY4O04uunE,https://www.youtube.com/watch?v=fbY4O04uunE
clk6ldflp00423n6l9q27b78p,5625,front,,Abnormal Gait,stroke,"{'top': 11.094549499443826, 'left': 169.97664071190212, 'height': 346.5483870967742, 'width': 148.07119021134594}","{'height': 360, 'width': 640, 'mime_type': 'video/mp4'}",fbY4O04uunE,https://www.youtube.com/watch?v=fbY4O04uunE
clk6ldflp00423n6l9q27b78p,5626,front,,Abnormal Gait,stroke,"{'top': 11.065628476084537, 'left': 169.9955506117909, 'height': 346.5806451612903, 'width': 148.0611790878754}","{'height': 360, 'width': 640, 'mime_type': 'video/mp4'}",fbY4O04uunE,https://www.youtube.com/watch?v=fbY4O04uunE
clk6ldflp00423n6l9q27b78p,5627,front,,Abnormal Gait,stroke,"{'top': 11.03670745272525, 'left': 170.01446051167966, 'height': 346.61290322580646, 'width': 148.0511679644049}","{'height': 360, 'width': 640, 'mime_type': 'video/mp4'}",fbY4O04uunE,https://www.youtube.com/watch?v=fbY4O04uunE
clk6ldflp00423n6l9q27b78p,5628,front,,Abnormal Gait,stroke,"{'top': 11.00778642936596, 'left': 170.0333704115684, 'height': 346.64516129032256, 'width': 148.04115684093438}","{'height': 360, 'width': 640, 'mime_type': 'video/mp4'}",fbY4O04uunE,https://www.youtube.com/watch?v=fbY4O04uunE
clk6ldflp00423n6l9q27b78p,5629,front,,Abnormal Gait,stroke,"{'top': 10.978865406006676, 'left': 170.05228031145717, 'height': 346.6774193548387, 'width': 148.03114571746383}","{'height': 360, 'width': 640, 'mime_type': 'video/mp4'}",fbY4O04uunE,https://www.youtube.com/watch?v=fbY4O04uunE
clk6ldflp00423n6l9q27b78p,5630,front,,Abnormal Gait,stroke,"{'top': 10.949944382647384, 'left': 170.07119021134594, 'height': 346.7096774193548, 'width': 148.02113459399334}","{'height': 360, 'width': 640, 'mime_type': 'video/mp4'}",fbY4O04uunE,https://www.youtube.com/watch?v=fbY4O04uunE
clk6ldflp00423n6l9q27b78p,5631,front,,Abnormal Gait,stroke,"{'top': 10.9210233592881, 'left': 170.0901001112347, 'height': 346.741935483871, 'width': 148.0111234705228}","{'height': 360, 'width': 640, 'mime_type': 'video/mp4'}",fbY4O04uunE,https://www.youtube.com/watch?v=fbY4O04uunE
clk6ldflp00423n6l9q27b78p,5632,front,,Abnormal Gait,stroke,"{'top': 10.892102335928811, 'left': 170.10901001112347, 'height': 346.7741935483871, 'width': 148.0011123470523}","{'height': 360, 'width': 640, 'mime_type': 'video/mp4'}",fbY4O04uunE,https://www.youtube.com/watch?v=fbY4O04uunE
clk6ldflp00423n6l9q27b78p,5633,front,,Abnormal Gait,stroke,"{'top': 10.863181312569523, 'left': 170.12791991101224, 'height': 346.80645161290323, 'width': 147.99110122358175}","{'height': 360, 'width': 640, 'mime_type': 'video/mp4'}",fbY4O04uunE,https://www.youtube.com/watch?v=fbY4O04uunE
clk6ldflp00423n6l9q27b78p,5634,front,,Abnormal Gait,stroke,"{'top': 10.834260289210235, 'left': 170.146829810901, 'height': 346.83870967741933, 'width': 147.9810901001112}","{'height': 360, 'width': 640, 'mime_type': 'video/mp4'}",fbY4O04uunE,https://www.youtube.com/watch?v=fbY4O04uunE
clk6ldflp00423n6l9q27b78p,5635,front,,Abnormal Gait,stroke,"{'top': 10.805339265850943, 'left': 170.16573971078978, 'height': 346.8709677419355, 'width': 147.9710789766407}","{'height': 360, 'width': 640, 'mime_type': 'video/mp4'}",fbY4O04uunE,https://www.youtube.com/watch?v=fbY4O04uunE
clk6ldflp00423n6l9q27b78p,5636,front,,Abnormal Gait,stroke,"{'top': 10.776418242491658, 'left': 170.18464961067852, 'height': 346.9032258064516, 'width': 147.9610678531702}","{'height': 360, 'width': 640, 'mime_type': 'video/mp4'}",fbY4O04uunE,https://www.youtube.com/watch?v=fbY4O04uunE
clk6ldflp00423n6l9q27b78p,5637,front,,Abnormal Gait,stroke,"{'top': 10.74749721913237, 'left': 170.2035595105673, 'height': 346.93548387096774, 'width': 147.9510567296997}","{'height': 360, 'width': 640, 'mime_type': 'video/mp4'}",fbY4O04uunE,https://www.youtube.com/watch?v=fbY4O04uunE
clk6ldflp00423n6l9q27b78p,5638,front,,Abnormal Gait,stroke,"{'top': 10.718576195773082, 'left': 170.22246941045606, 'height': 346.96774193548384, 'width': 147.94104560622915}","{'height': 360, 'width': 640, 'mime_type': 'video/mp4'}",fbY4O04uunE,https://www.youtube.com/watch?v=fbY4O04uunE
clk6ldflp00423n6l9q27b78p,5639,front,,Abnormal Gait,stroke,"{'top': 10.689655172413794, 'left': 170.24137931034483, 'height': 347.0, 'width': 147.9310344827586}","{'height': 360, 'width': 640, 'mime_type': 'video/mp4'}",fbY4O04uunE,https://www.youtube.com/watch?v=fbY4O04uunE
clk6ldflp00423n6l9q27b78p,5640,front,,Abnormal Gait,stroke,"{'top': 10.660734149054505, 'left': 170.2602892102336, 'height': 347.0322580645161, 'width': 147.9210233592881}","{'height': 360, 'width': 640, 'mime_type': 'video/mp4'}",fbY4O04uunE,https://www.youtube.com/watch?v=fbY4O04uunE
clk6ldflp00423n6l9q27b78p,5641,front,,Abnormal Gait,stroke,"{'top': 10.631813125695217, 'left': 170.27919911012236, 'height': 347.06451612903226, 'width': 147.91101223581757}","{'height': 360, 'width': 640, 'mime_type': 'video/mp4'}",fbY4O04uunE,https://www.youtube.com/watch?v=fbY4O04uunE
clk6ldflp00423n6l9q27b78p,5642,front,,Abnormal Gait,stroke,"{'top': 10.602892102335929, 'left': 170.29810901001113, 'height': 347.09677419354836, 'width': 147.90100111234702}","{'height': 360, 'width': 640, 'mime_type': 'video/mp4'}",fbY4O04uunE,https://www.youtube.com/watch?v=fbY4O04uunE
clk6ldflp00423n6l9q27b78p,5643,front,,Abnormal Gait,stroke,"{'top': 10.57397107897664, 'left': 170.3170189098999, 'height': 347.1290322580645, 'width': 147.89098998887653}","{'height': 360, 'width': 640, 'mime_type': 'video/mp4'}",fbY4O04uunE,https://www.youtube.com/watch?v=fbY4O04uunE
clk6ldflp00423n6l9q27b78p,5644,front,,Abnormal Gait,stroke,"{'top': 10.545050055617352, 'left': 170.33592880978864, 'height': 347.1612903225806, 'width': 147.880978865406}","{'height': 360, 'width': 640, 'mime_type': 'video/mp4'}",fbY4O04uunE,https://www.youtube.com/watch?v=fbY4O04uunE
clk6ldflp00423n6l9q27b78p,5645,front,,Abnormal Gait,stroke,"{'top': 10.516129032258064, 'left': 170.3548387096774, 'height': 347.19354838709677, 'width': 147.87096774193552}","{'height': 360, 'width': 640, 'mime_type': 'video/mp4'}",fbY4O04uunE,https://www.youtube.com/watch?v=fbY4O04uunE
clk6ldflp00423n6l9q27b78p,5646,front,,Abnormal Gait,stroke,"{'top': 10.487208008898776, 'left': 170.37374860956618, 'height': 347.22580645161287, 'width': 147.86095661846497}","{'height': 360, 'width': 640, 'mime_type': 'video/mp4'}",fbY4O04uunE,https://www.youtube.com/watch?v=fbY4O04uunE
clk6ldflp00423n6l9q27b78p,5647,front,,Abnormal Gait,stroke,"{'top': 10.458286985539488, 'left': 170.39265850945495, 'height': 347.258064516129, 'width': 147.85094549499442}","{'height': 360, 'width': 640, 'mime_type': 'video/mp4'}",fbY4O04uunE,https://www.youtube.com/watch?v=fbY4O04uunE
clk6ldflp00423n6l9q27b78p,5648,front,,Abnormal Gait,stroke,"{'top': 10.4293659621802, 'left': 170.41156840934372, 'height': 347.2903225806451, 'width': 147.84093437152393}","{'height': 360, 'width': 640, 'mime_type': 'video/mp4'}",fbY4O04uunE,https://www.youtube.com/watch?v=fbY4O04uunE
clk6ldflp00423n6l9q27b78p,5649,front,,Abnormal Gait,stroke,"{'top': 10.400444938820915, 'left': 170.43047830923248, 'height': 347.3225806451613, 'width': 147.83092324805338}","{'height': 360, 'width': 640, 'mime_type': 'video/mp4'}",fbY4O04uunE,https://www.youtube.com/watch?v=fbY4O04uunE
clk6ldflp00423n6l9q27b78p,5650,front,,Abnormal Gait,stroke,"{'top': 10.371523915461623, 'left': 170.44938820912125, 'height': 347.3548387096774, 'width': 147.8209121245829}","{'height': 360, 'width': 640, 'mime_type': 'video/mp4'}",fbY4O04uunE,https://www.youtube.com/watch?v=fbY4O04uunE
clk6ldflp00423n6l9q27b78p,5651,front,,Abnormal Gait,stroke,"{'top': 10.342602892102335, 'left': 170.46829810901002, 'height': 347.38709677419354, 'width': 147.81090100111234}","{'height': 360, 'width': 640, 'mime_type': 'video/mp4'}",fbY4O04uunE,https://www.youtube.com/watch?v=fbY4O04uunE
clk6ldflp00423n6l9q27b78p,5652,front,,Abnormal Gait,stroke,"{'top': 10.31368186874305, 'left': 170.4872080088988, 'height': 347.41935483870964, 'width': 147.8008898776418}","{'height': 360, 'width': 640, 'mime_type': 'video/mp4'}",fbY4O04uunE,https://www.youtube.com/watch?v=fbY4O04uunE
clk6ldflp00423n6l9q27b78p,5653,front,,Abnormal Gait,stroke,"{'top': 10.284760845383758, 'left': 170.50611790878753, 'height': 347.45161290322585, 'width': 147.79087875417133}","{'height': 360, 'width': 640, 'mime_type': 'video/mp4'}",fbY4O04uunE,https://www.youtube.com/watch?v=fbY4O04uunE
clk6ldflp00423n6l9q27b78p,5654,front,,Abnormal Gait,stroke,"{'top': 10.255839822024473, 'left': 170.5250278086763, 'height': 347.48387096774195, 'width': 147.78086763070078}","{'height': 360, 'width': 640, 'mime_type': 'video/mp4'}",fbY4O04uunE,https://www.youtube.com/watch?v=fbY4O04uunE
clk6ldflp00423n6l9q27b78p,5655,front,,Abnormal Gait,stroke,"{'top': 10.226918798665181, 'left': 170.54393770856507, 'height': 347.5161290322581, 'width': 147.77085650723023}","{'height': 360, 'width': 640, 'mime_type': 'video/mp4'}",fbY4O04uunE,https://www.youtube.com/watch?v=fbY4O04uunE
clk6ldflp00423n6l9q27b78p,5656,front,,Abnormal Gait,stroke,"{'top': 10.197997775305897, 'left': 170.56284760845384, 'height': 347.5483870967742, 'width': 147.76084538375974}","{'height': 360, 'width': 640, 'mime_type': 'video/mp4'}",fbY4O04uunE,https://www.youtube.com/watch?v=fbY4O04uunE
clk6ldflp00423n6l9q27b78p,5657,front,,Abnormal Gait,stroke,"{'top': 10.169076751946609, 'left': 170.5817575083426, 'height': 347.58064516129036, 'width': 147.7508342602892}","{'height': 360, 'width': 640, 'mime_type': 'video/mp4'}",fbY4O04uunE,https://www.youtube.com/watch?v=fbY4O04uunE
clk6ldflp00423n6l9q27b78p,5658,front,,Abnormal Gait,stroke,"{'top': 10.140155728587317, 'left': 170.60066740823137, 'height': 347.61290322580646, 'width': 147.7408231368187}","{'height': 360, 'width': 640, 'mime_type': 'video/mp4'}",fbY4O04uunE,https://www.youtube.com/watch?v=fbY4O04uunE
clk6ldflp00423n6l9q27b78p,5659,front,,Abnormal Gait,stroke,"{'top': 10.111234705228032, 'left': 170.61957730812014, 'height': 347.6451612903226, 'width': 147.73081201334816}","{'height': 360, 'width': 640, 'mime_type': 'video/mp4'}",fbY4O04uunE,https://www.youtube.com/watch?v=fbY4O04uunE
clk6ldflp00423n6l9q27b78p,5660,front,,Abnormal Gait,stroke,"{'top': 10.08231368186874, 'left': 170.6384872080089, 'height': 347.6774193548387, 'width': 147.7208008898776}","{'height': 360, 'width': 640, 'mime_type': 'video/mp4'}",fbY4O04uunE,https://www.youtube.com/watch?v=fbY4O04uunE
clk6ldflp00423n6l9q27b78p,5661,front,,Abnormal Gait,stroke,"{'top': 10.053392658509456, 'left': 170.65739710789765, 'height': 347.7096774193549, 'width': 147.71078976640715}","{'height': 360, 'width': 640, 'mime_type': 'video/mp4'}",fbY4O04uunE,https://www.youtube.com/watch?v=fbY4O04uunE
clk6ldflp00423n6l9q27b78p,5662,front,,Abnormal Gait,stroke,"{'top': 10.024471635150167, 'left': 170.67630700778642, 'height': 347.741935483871, 'width': 147.7007786429366}","{'height': 360, 'width': 640, 'mime_type': 'video/mp4'}",fbY4O04uunE,https://www.youtube.com/watch?v=fbY4O04uunE
clk6ldflp00423n6l9q27b78p,5663,front,,Abnormal Gait,stroke,"{'top': 9.995550611790879, 'left': 170.6952169076752, 'height': 347.77419354838713, 'width': 147.6907675194661}","{'height': 360, 'width': 640, 'mime_type': 'video/mp4'}",fbY4O04uunE,https://www.youtube.com/watch?v=fbY4O04uunE
clk6ldflp00423n6l9q27b78p,5664,front,,Abnormal Gait,stroke,"{'top': 9.96662958843159, 'left': 170.71412680756396, 'height': 347.80645161290323, 'width': 147.68075639599556}","{'height': 360, 'width': 640, 'mime_type': 'video/mp4'}",fbY4O04uunE,https://www.youtube.com/watch?v=fbY4O04uunE
clk6ldflp00423n6l9q27b78p,5665,front,,Abnormal Gait,stroke,"{'top': 9.937708565072302, 'left': 170.73303670745273, 'height': 347.8387096774194, 'width': 147.670745272525}","{'height': 360, 'width': 640, 'mime_type': 'video/mp4'}",fbY4O04uunE,https://www.youtube.com/watch?v=fbY4O04uunE
clk6ldflp00423n6l9q27b78p,5666,front,,Abnormal Gait,stroke,"{'top': 9.908787541713014, 'left': 170.7519466073415, 'height': 347.8709677419355, 'width': 147.66073414905452}","{'height': 360, 'width': 640, 'mime_type': 'video/mp4'}",fbY4O04uunE,https://www.youtube.com/watch?v=fbY4O04uunE
clk6ldflp00423n6l9q27b78p,5667,front,,Abnormal Gait,stroke,"{'top': 9.879866518353726, 'left': 170.77085650723026, 'height': 347.90322580645164, 'width': 147.65072302558397}","{'height': 360, 'width': 640, 'mime_type': 'video/mp4'}",fbY4O04uunE,https://www.youtube.com/watch?v=fbY4O04uunE
clk6ldflp00423n6l9q27b78p,5668,front,,Abnormal Gait,stroke,"{'top': 9.850945494994438, 'left': 170.78976640711903, 'height': 347.93548387096774, 'width': 147.64071190211342}","{'height': 360, 'width': 640, 'mime_type': 'video/mp4'}",fbY4O04uunE,https://www.youtube.com/watch?v=fbY4O04uunE
clk6ldflp00423n6l9q27b78p,5669,front,,Abnormal Gait,stroke,"{'top': 9.82202447163515, 'left': 170.80867630700777, 'height': 347.9677419354839, 'width': 147.63070077864296}","{'height': 360, 'width': 640, 'mime_type': 'video/mp4'}",fbY4O04uunE,https://www.youtube.com/watch?v=fbY4O04uunE
clk6ldflp00423n6l9q27b78p,5670,front,,Abnormal Gait,stroke,"{'top': 9.793103448275861, 'left': 170.82758620689654, 'height': 348.0, 'width': 147.6206896551724}","{'height': 360, 'width': 640, 'mime_type': 'video/mp4'}",fbY4O04uunE,https://www.youtube.com/watch?v=fbY4O04uunE
clk6ldflp00423n6l9q27b78p,5671,front,,Abnormal Gait,stroke,"{'top': 9.764182424916573, 'left': 170.8464961067853, 'height': 348.03225806451616, 'width': 147.61067853170192}","{'height': 360, 'width': 640, 'mime_type': 'video/mp4'}",fbY4O04uunE,https://www.youtube.com/watch?v=fbY4O04uunE
clk6ldflp00423n6l9q27b78p,5672,front,,Abnormal Gait,stroke,"{'top': 9.735261401557288, 'left': 170.86540600667408, 'height': 348.06451612903226, 'width': 147.60066740823137}","{'height': 360, 'width': 640, 'mime_type': 'video/mp4'}",fbY4O04uunE,https://www.youtube.com/watch?v=fbY4O04uunE
clk6ldflp00423n6l9q27b78p,5673,front,,Abnormal Gait,stroke,"{'top': 9.706340378197996, 'left': 170.88431590656285, 'height': 348.0967741935484, 'width': 147.59065628476083}","{'height': 360, 'width': 640, 'mime_type': 'video/mp4'}",fbY4O04uunE,https://www.youtube.com/watch?v=fbY4O04uunE
clk6ldflp00423n6l9q27b78p,5674,front,,Abnormal Gait,stroke,"{'top': 9.677419354838712, 'left': 170.90322580645162, 'height': 348.1290322580645, 'width': 147.58064516129033}","{'height': 360, 'width': 640, 'mime_type': 'video/mp4'}",fbY4O04uunE,https://www.youtube.com/watch?v=fbY4O04uunE
clk6ldflp00423n6l9q27b78p,5675,front,,Abnormal Gait,stroke,"{'top': 9.648498331479423, 'left': 170.92213570634038, 'height': 348.16129032258067, 'width': 147.5706340378198}","{'height': 360, 'width': 640, 'mime_type': 'video/mp4'}",fbY4O04uunE,https://www.youtube.com/watch?v=fbY4O04uunE
clk6ldflp00423n6l9q27b78p,5676,front,,Abnormal Gait,stroke,"{'top': 9.619577308120132, 'left': 170.94104560622915, 'height': 348.19354838709677, 'width': 147.5606229143493}","{'height': 360, 'width': 640, 'mime_type': 'video/mp4'}",fbY4O04uunE,https://www.youtube.com/watch?v=fbY4O04uunE
clk6ldflp00423n6l9q27b78p,5677,front,,Abnormal Gait,stroke,"{'top': 9.590656284760847, 'left': 170.95995550611792, 'height': 348.2258064516129, 'width': 147.55061179087875}","{'height': 360, 'width': 640, 'mime_type': 'video/mp4'}",fbY4O04uunE,https://www.youtube.com/watch?v=fbY4O04uunE
clk6ldflp00423n6l9q27b78p,5678,front,,Abnormal Gait,stroke,"{'top': 9.561735261401555, 'left': 170.97886540600666, 'height': 348.258064516129, 'width': 147.54060066740823}","{'height': 360, 'width': 640, 'mime_type': 'video/mp4'}",fbY4O04uunE,https://www.youtube.com/watch?v=fbY4O04uunE
clk6ldflp00423n6l9q27b78p,5679,front,,Abnormal Gait,stroke,"{'top': 9.53281423804227, 'left': 170.99777530589543, 'height': 348.2903225806452, 'width': 147.53058954393774}","{'height': 360, 'width': 640, 'mime_type': 'video/mp4'}",fbY4O04uunE,https://www.youtube.com/watch?v=fbY4O04uunE
clk6ldflp00423n6l9q27b78p,5680,front,,Abnormal Gait,stroke,"{'top': 9.503893214682982, 'left': 171.0166852057842, 'height': 348.3225806451613, 'width': 147.5205784204672}","{'height': 360, 'width': 640, 'mime_type': 'video/mp4'}",fbY4O04uunE,https://www.youtube.com/watch?v=fbY4O04uunE
clk6ldflp00423n6l9q27b78p,5681,front,,Abnormal Gait,stroke,"{'top': 9.474972191323694, 'left': 171.03559510567297, 'height': 348.35483870967744, 'width': 147.51056729699664}","{'height': 360, 'width': 640, 'mime_type': 'video/mp4'}",fbY4O04uunE,https://www.youtube.com/watch?v=fbY4O04uunE
clk6ldflp00423n6l9q27b78p,5682,front,,Abnormal Gait,stroke,"{'top': 9.446051167964406, 'left': 171.05450500556174, 'height': 348.38709677419354, 'width': 147.50055617352615}","{'height': 360, 'width': 640, 'mime_type': 'video/mp4'}",fbY4O04uunE,https://www.youtube.com/watch?v=fbY4O04uunE
clk6ldflp00423n6l9q27b78p,5683,front,,Abnormal Gait,stroke,"{'top': 9.417130144605114, 'left': 171.0734149054505, 'height': 348.4193548387097, 'width': 147.4905450500556}","{'height': 360, 'width': 640, 'mime_type': 'video/mp4'}",fbY4O04uunE,https://www.youtube.com/watch?v=fbY4O04uunE
clk6ldflp00423n6l9q27b78p,5684,front,,Abnormal Gait,stroke,"{'top': 9.38820912124583, 'left': 171.09232480533927, 'height': 348.4516129032258, 'width': 147.4805339265851}","{'height': 360, 'width': 640, 'mime_type': 'video/mp4'}",fbY4O04uunE,https://www.youtube.com/watch?v=fbY4O04uunE
clk6ldflp00423n6l9q27b78p,5685,front,,Abnormal Gait,stroke,"{'top': 9.359288097886541, 'left': 171.11123470522804, 'height': 348.48387096774195, 'width': 147.47052280311456}","{'height': 360, 'width': 640, 'mime_type': 'video/mp4'}",fbY4O04uunE,https://www.youtube.com/watch?v=fbY4O04uunE
clk6ldflp00423n6l9q27b78p,5686,front,,Abnormal Gait,stroke,"{'top': 9.330367074527253, 'left': 171.1301446051168, 'height': 348.51612903225805, 'width': 147.46051167964401}","{'height': 360, 'width': 640, 'mime_type': 'video/mp4'}",fbY4O04uunE,https://www.youtube.com/watch?v=fbY4O04uunE
clk6ldflp00423n6l9q27b78p,5687,front,,Abnormal Gait,stroke,"{'top': 9.301446051167964, 'left': 171.14905450500555, 'height': 348.5483870967742, 'width': 147.45050055617355}","{'height': 360, 'width': 640, 'mime_type': 'video/mp4'}",fbY4O04uunE,https://www.youtube.com/watch?v=fbY4O04uunE
clk6ldflp00423n6l9q27b78p,5688,front,,Abnormal Gait,stroke,"{'top': 9.272525027808676, 'left': 171.16796440489432, 'height': 348.5806451612903, 'width': 147.440489432703}","{'height': 360, 'width': 640, 'mime_type': 'video/mp4'}",fbY4O04uunE,https://www.youtube.com/watch?v=fbY4O04uunE
clk6ldflp00423n6l9q27b78p,5689,front,,Abnormal Gait,stroke,"{'top': 9.243604004449388, 'left': 171.1868743047831, 'height': 348.61290322580646, 'width': 147.43047830923246}","{'height': 360, 'width': 640, 'mime_type': 'video/mp4'}",fbY4O04uunE,https://www.youtube.com/watch?v=fbY4O04uunE
clk6ldflp00423n6l9q27b78p,5690,front,,Abnormal Gait,stroke,"{'top': 9.2146829810901, 'left': 171.20578420467186, 'height': 348.64516129032256, 'width': 147.42046718576196}","{'height': 360, 'width': 640, 'mime_type': 'video/mp4'}",fbY4O04uunE,https://www.youtube.com/watch?v=fbY4O04uunE
clk6ldflp00423n6l9q27b78p,5691,front,,Abnormal Gait,stroke,"{'top': 9.185761957730811, 'left': 171.22469410456063, 'height': 348.6774193548387, 'width': 147.41045606229142}","{'height': 360, 'width': 640, 'mime_type': 'video/mp4'}",fbY4O04uunE,https://www.youtube.com/watch?v=fbY4O04uunE
clk6ldflp00423n6l9q27b78p,5692,front,,Abnormal Gait,stroke,"{'top': 9.156840934371523, 'left': 171.2436040044494, 'height': 348.7096774193548, 'width': 147.40044493882093}","{'height': 360, 'width': 640, 'mime_type': 'video/mp4'}",fbY4O04uunE,https://www.youtube.com/watch?v=fbY4O04uunE
clk6ldflp00423n6l9q27b78p,5693,front,,Abnormal Gait,stroke,"{'top': 9.127919911012235, 'left': 171.26251390433816, 'height': 348.741935483871, 'width': 147.39043381535038}","{'height': 360, 'width': 640, 'mime_type': 'video/mp4'}",fbY4O04uunE,https://www.youtube.com/watch?v=fbY4O04uunE
clk6ldflp00423n6l9q27b78p,5694,front,,Abnormal Gait,stroke,"{'top': 9.098998887652947, 'left': 171.2814238042269, 'height': 348.7741935483871, 'width': 147.38042269187986}","{'height': 360, 'width': 640, 'mime_type': 'video/mp4'}",fbY4O04uunE,https://www.youtube.com/watch?v=fbY4O04uunE
clk6ldflp00423n6l9q27b78p,5695,front,,Abnormal Gait,stroke,"{'top': 9.070077864293662, 'left': 171.30033370411567, 'height': 348.80645161290323, 'width': 147.37041156840937}","{'height': 360, 'width': 640, 'mime_type': 'video/mp4'}",fbY4O04uunE,https://www.youtube.com/watch?v=fbY4O04uunE
clk6ldflp00423n6l9q27b78p,5696,front,,Abnormal Gait,stroke,"{'top': 9.04115684093437, 'left': 171.31924360400444, 'height': 348.83870967741933, 'width': 147.36040044493882}","{'height': 360, 'width': 640, 'mime_type': 'video/mp4'}",fbY4O04uunE,https://www.youtube.com/watch?v=fbY4O04uunE
clk6ldflp00423n6l9q27b78p,5697,front,,Abnormal Gait,stroke,"{'top': 9.012235817575085, 'left': 171.3381535038932, 'height': 348.8709677419355, 'width': 147.35038932146833}","{'height': 360, 'width': 640, 'mime_type': 'video/mp4'}",fbY4O04uunE,https://www.youtube.com/watch?v=fbY4O04uunE
clk6ldflp00423n6l9q27b78p,5698,front,,Abnormal Gait,stroke,"{'top': 8.983314794215794, 'left': 171.35706340378198, 'height': 348.9032258064516, 'width': 147.34037819799778}","{'height': 360, 'width': 640, 'mime_type': 'video/mp4'}",fbY4O04uunE,https://www.youtube.com/watch?v=fbY4O04uunE
clk6ldflp00423n6l9q27b78p,5699,front,,Abnormal Gait,stroke,"{'top': 8.954393770856509, 'left': 171.37597330367075, 'height': 348.93548387096774, 'width': 147.33036707452723}","{'height': 360, 'width': 640, 'mime_type': 'video/mp4'}",fbY4O04uunE,https://www.youtube.com/watch?v=fbY4O04uunE
clk6ldflp00423n6l9q27b78p,5700,front,,Abnormal Gait,stroke,"{'top': 8.92547274749722, 'left': 171.39488320355952, 'height': 348.96774193548384, 'width': 147.32035595105674}","{'height': 360, 'width': 640, 'mime_type': 'video/mp4'}",fbY4O04uunE,https://www.youtube.com/watch?v=fbY4O04uunE
clk6ldflp00423n6l9q27b78p,5701,front,,Abnormal Gait,stroke,"{'top': 8.896551724137929, 'left': 171.41379310344828, 'height': 349.0, 'width': 147.3103448275862}","{'height': 360, 'width': 640, 'mime_type': 'video/mp4'}",fbY4O04uunE,https://www.youtube.com/watch?v=fbY4O04uunE
clk6ldflp00423n6l9q27b78p,5702,front,,Abnormal Gait,stroke,"{'top': 8.867630700778644, 'left': 171.43270300333705, 'height': 349.0322580645161, 'width': 147.30033370411564}","{'height': 360, 'width': 640, 'mime_type': 'video/mp4'}",fbY4O04uunE,https://www.youtube.com/watch?v=fbY4O04uunE
clk6ldflp00423n6l9q27b78p,5703,front,,Abnormal Gait,stroke,"{'top': 8.838709677419352, 'left': 171.4516129032258, 'height': 349.06451612903226, 'width': 147.29032258064518}","{'height': 360, 'width': 640, 'mime_type': 'video/mp4'}",fbY4O04uunE,https://www.youtube.com/watch?v=fbY4O04uunE
clk6ldflp00423n6l9q27b78p,5704,front,,Abnormal Gait,stroke,"{'top': 8.809788654060068, 'left': 171.47052280311456, 'height': 349.09677419354836, 'width': 147.28031145717463}","{'height': 360, 'width': 640, 'mime_type': 'video/mp4'}",fbY4O04uunE,https://www.youtube.com/watch?v=fbY4O04uunE
clk6ldflp00423n6l9q27b78p,5705,front,,Abnormal Gait,stroke,"{'top': 8.78086763070078, 'left': 171.48943270300333, 'height': 349.1290322580645, 'width': 147.27030033370414}","{'height': 360, 'width': 640, 'mime_type': 'video/mp4'}",fbY4O04uunE,https://www.youtube.com/watch?v=fbY4O04uunE
clk6ldflp00423n6l9q27b78p,5706,front,,Abnormal Gait,stroke,"{'top': 8.751946607341491, 'left': 171.5083426028921, 'height': 349.16129032258067, 'width': 147.2602892102336}","{'height': 360, 'width': 640, 'mime_type': 'video/mp4'}",fbY4O04uunE,https://www.youtube.com/watch?v=fbY4O04uunE
clk6ldflp00423n6l9q27b78p,5707,front,,Abnormal Gait,stroke,"{'top': 8.723025583982203, 'left': 171.52725250278087, 'height': 349.1935483870968, 'width': 147.25027808676305}","{'height': 360, 'width': 640, 'mime_type': 'video/mp4'}",fbY4O04uunE,https://www.youtube.com/watch?v=fbY4O04uunE
clk6ldflp00423n6l9q27b78p,5708,front,,Abnormal Gait,stroke,"{'top': 8.694104560622915, 'left': 171.54616240266964, 'height': 349.2258064516129, 'width': 147.24026696329256}","{'height': 360, 'width': 640, 'mime_type': 'video/mp4'}",fbY4O04uunE,https://www.youtube.com/watch?v=fbY4O04uunE
clk6ldflp00423n6l9q27b78p,5709,front,,Abnormal Gait,stroke,"{'top': 8.665183537263626, 'left': 171.5650723025584, 'height': 349.2580645161291, 'width': 147.230255839822}","{'height': 360, 'width': 640, 'mime_type': 'video/mp4'}",fbY4O04uunE,https://www.youtube.com/watch?v=fbY4O04uunE
clk6ldflp00423n6l9q27b78p,5710,front,,Abnormal Gait,stroke,"{'top': 8.636262513904338, 'left': 171.58398220244717, 'height': 349.2903225806452, 'width': 147.22024471635152}","{'height': 360, 'width': 640, 'mime_type': 'video/mp4'}",fbY4O04uunE,https://www.youtube.com/watch?v=fbY4O04uunE
clk6ldflp00423n6l9q27b78p,5711,front,,Abnormal Gait,stroke,"{'top': 8.60734149054505, 'left': 171.60289210233594, 'height': 349.32258064516134, 'width': 147.21023359288097}","{'height': 360, 'width': 640, 'mime_type': 'video/mp4'}",fbY4O04uunE,https://www.youtube.com/watch?v=fbY4O04uunE
clk6ldflp00423n6l9q27b78p,5712,front,,Abnormal Gait,stroke,"{'top': 8.578420467185762, 'left': 171.62180200222468, 'height': 349.35483870967744, 'width': 147.20022246941045}","{'height': 360, 'width': 640, 'mime_type': 'video/mp4'}",fbY4O04uunE,https://www.youtube.com/watch?v=fbY4O04uunE
clk6ldflp00423n6l9q27b78p,5713,front,,Abnormal Gait,stroke,"{'top': 8.549499443826473, 'left': 171.64071190211345, 'height': 349.3870967741936, 'width': 147.19021134593996}","{'height': 360, 'width': 640, 'mime_type': 'video/mp4'}",fbY4O04uunE,https://www.youtube.com/watch?v=fbY4O04uunE
clk6ldflp00423n6l9q27b78p,5714,front,,Abnormal Gait,stroke,"{'top': 8.520578420467185, 'left': 171.65962180200222, 'height': 349.4193548387097, 'width': 147.1802002224694}","{'height': 360, 'width': 640, 'mime_type': 'video/mp4'}",fbY4O04uunE,https://www.youtube.com/watch?v=fbY4O04uunE
clk6ldflp00423n6l9q27b78p,5715,front,,Abnormal Gait,stroke,"{'top': 8.4916573971079, 'left': 171.678531701891, 'height': 349.45161290322585, 'width': 147.17018909899886}","{'height': 360, 'width': 640, 'mime_type': 'video/mp4'}",fbY4O04uunE,https://www.youtube.com/watch?v=fbY4O04uunE
clk6ldflp00423n6l9q27b78p,5716,front,,Abnormal Gait,stroke,"{'top': 8.462736373748609, 'left': 171.69744160177976, 'height': 349.48387096774195, 'width': 147.16017797552837}","{'height': 360, 'width': 640, 'mime_type': 'video/mp4'}",fbY4O04uunE,https://www.youtube.com/watch?v=fbY4O04uunE
clk6ldflp00423n6l9q27b78p,5717,front,,Abnormal Gait,stroke,"{'top': 8.43381535038932, 'left': 171.71635150166853, 'height': 349.5161290322581, 'width': 147.15016685205782}","{'height': 360, 'width': 640, 'mime_type': 'video/mp4'}",fbY4O04uunE,https://www.youtube.com/watch?v=fbY4O04uunE
clk6ldflp00423n6l9q27b78p,5718,front,,Abnormal Gait,stroke,"{'top': 8.404894327030036, 'left': 171.7352614015573, 'height': 349.5483870967742, 'width': 147.14015572858733}","{'height': 360, 'width': 640, 'mime_type': 'video/mp4'}",fbY4O04uunE,https://www.youtube.com/watch?v=fbY4O04uunE
clk6ldflp00423n6l9q27b78p,5719,front,,Abnormal Gait,stroke,"{'top': 8.375973303670744, 'left': 171.75417130144606, 'height': 349.58064516129036, 'width': 147.13014460511678}","{'height': 360, 'width': 640, 'mime_type': 'video/mp4'}",fbY4O04uunE,https://www.youtube.com/watch?v=fbY4O04uunE
clk6ldflp00423n6l9q27b78p,5720,front,,Abnormal Gait,stroke,"{'top': 8.347052280311459, 'left': 171.7730812013348, 'height': 349.61290322580646, 'width': 147.12013348164626}","{'height': 360, 'width': 640, 'mime_type': 'video/mp4'}",fbY4O04uunE,https://www.youtube.com/watch?v=fbY4O04uunE
clk6ldflp00423n6l9q27b78p,5721,front,,Abnormal Gait,stroke,"{'top': 8.318131256952167, 'left': 171.79199110122357, 'height': 349.6451612903226, 'width': 147.11012235817577}","{'height': 360, 'width': 640, 'mime_type': 'video/mp4'}",fbY4O04uunE,https://www.youtube.com/watch?v=fbY4O04uunE
clk6ldflp00423n6l9q27b78p,5722,front,,Abnormal Gait,stroke,"{'top': 8.289210233592883, 'left': 171.81090100111234, 'height': 349.6774193548387, 'width': 147.10011123470522}","{'height': 360, 'width': 640, 'mime_type': 'video/mp4'}",fbY4O04uunE,https://www.youtube.com/watch?v=fbY4O04uunE
clk6ldflp00423n6l9q27b78p,5723,front,,Abnormal Gait,stroke,"{'top': 8.260289210233594, 'left': 171.8298109010011, 'height': 349.7096774193549, 'width': 147.09010011123473}","{'height': 360, 'width': 640, 'mime_type': 'video/mp4'}",fbY4O04uunE,https://www.youtube.com/watch?v=fbY4O04uunE
clk6ldflp00423n6l9q27b78p,5724,front,,Abnormal Gait,stroke,"{'top': 8.231368186874302, 'left': 171.84872080088988, 'height': 349.741935483871, 'width': 147.08008898776419}","{'height': 360, 'width': 640, 'mime_type': 'video/mp4'}",fbY4O04uunE,https://www.youtube.com/watch?v=fbY4O04uunE
clk6ldflp00423n6l9q27b78p,5725,front,,Abnormal Gait,stroke,"{'top': 8.202447163515018, 'left': 171.86763070077865, 'height': 349.7741935483871, 'width': 147.07007786429364}","{'height': 360, 'width': 640, 'mime_type': 'video/mp4'}",fbY4O04uunE,https://www.youtube.com/watch?v=fbY4O04uunE
clk6ldflp00423n6l9q27b78p,5726,front,,Abnormal Gait,stroke,"{'top': 8.173526140155726, 'left': 171.88654060066742, 'height': 349.80645161290323, 'width': 147.06006674082315}","{'height': 360, 'width': 640, 'mime_type': 'video/mp4'}",fbY4O04uunE,https://www.youtube.com/watch?v=fbY4O04uunE
clk6ldflp00423n6l9q27b78p,5727,front,,Abnormal Gait,stroke,"{'top': 8.144605116796441, 'left': 171.90545050055619, 'height': 349.8387096774194, 'width': 147.0500556173526}","{'height': 360, 'width': 640, 'mime_type': 'video/mp4'}",fbY4O04uunE,https://www.youtube.com/watch?v=fbY4O04uunE
clk6ldflp00423n6l9q27b78p,5728,front,,Abnormal Gait,stroke,"{'top': 8.115684093437153, 'left': 171.92436040044493, 'height': 349.8709677419355, 'width': 147.04004449388208}","{'height': 360, 'width': 640, 'mime_type': 'video/mp4'}",fbY4O04uunE,https://www.youtube.com/watch?v=fbY4O04uunE
clk6ldflp00423n6l9q27b78p,5729,front,,Abnormal Gait,stroke,"{'top': 8.086763070077865, 'left': 171.9432703003337, 'height': 349.9032258064516, 'width': 147.0300333704116}","{'height': 360, 'width': 640, 'mime_type': 'video/mp4'}",fbY4O04uunE,https://www.youtube.com/watch?v=fbY4O04uunE
clk6ldflp00423n6l9q27b78p,5730,front,,Abnormal Gait,stroke,"{'top': 8.057842046718577, 'left': 171.96218020022246, 'height': 349.93548387096774, 'width': 147.02002224694104}","{'height': 360, 'width': 640, 'mime_type': 'video/mp4'}",fbY4O04uunE,https://www.youtube.com/watch?v=fbY4O04uunE
clk6ldflp00423n6l9q27b78p,5731,front,,Abnormal Gait,stroke,"{'top': 8.028921023359288, 'left': 171.98109010011123, 'height': 349.9677419354839, 'width': 147.01001112347055}","{'height': 360, 'width': 640, 'mime_type': 'video/mp4'}",fbY4O04uunE,https://www.youtube.com/watch?v=fbY4O04uunE
clk6ldflp00423n6l9q27b78p,5732,front,,Abnormal Gait,stroke,"{'top': 8.0, 'left': 172.0, 'height': 350.0, 'width': 147.0}","{'height': 360, 'width': 640, 'mime_type': 'video/mp4'}",fbY4O04uunE,https://www.youtube.com/watch?v=fbY4O04uunE
clk6ldflp00423n6l9q27b78p,5733,front,,Abnormal Gait,stroke,"{'top': 7.996415770609319, 'left': 171.9426523297491, 'height': 349.97132616487454, 'width': 147.0215053763441}","{'height': 360, 'width': 640, 'mime_type': 'video/mp4'}",fbY4O04uunE,https://www.youtube.com/watch?v=fbY4O04uunE
clk6ldflp00423n6l9q27b78p,5734,front,,Abnormal Gait,stroke,"{'top': 7.992831541218638, 'left': 171.88530465949822, 'height': 349.9426523297491, 'width': 147.0430107526882}","{'height': 360, 'width': 640, 'mime_type': 'video/mp4'}",fbY4O04uunE,https://www.youtube.com/watch?v=fbY4O04uunE
clk6ldflp00423n6l9q27b78p,5735,front,,Abnormal Gait,stroke,"{'top': 7.989247311827957, 'left': 171.8279569892473, 'height': 349.9139784946236, 'width': 147.06451612903226}","{'height': 360, 'width': 640, 'mime_type': 'video/mp4'}",fbY4O04uunE,https://www.youtube.com/watch?v=fbY4O04uunE
clk6ldflp00423n6l9q27b78p,5736,front,,Abnormal Gait,stroke,"{'top': 7.985663082437276, 'left': 171.7706093189964, 'height': 349.8853046594982, 'width': 147.08602150537635}","{'height': 360, 'width': 640, 'mime_type': 'video/mp4'}",fbY4O04uunE,https://www.youtube.com/watch?v=fbY4O04uunE
clk6ldflp00423n6l9q27b78p,5737,front,,Abnormal Gait,stroke,"{'top': 7.982078853046595, 'left': 171.71326164874552, 'height': 349.85663082437276, 'width': 147.10752688172045}","{'height': 360, 'width': 640, 'mime_type': 'video/mp4'}",fbY4O04uunE,https://www.youtube.com/watch?v=fbY4O04uunE
clk6ldflp00423n6l9q27b78p,5738,front,,Abnormal Gait,stroke,"{'top': 7.978494623655914, 'left': 171.65591397849462, 'height': 349.8279569892473, 'width': 147.12903225806454}","{'height': 360, 'width': 640, 'mime_type': 'video/mp4'}",fbY4O04uunE,https://www.youtube.com/watch?v=fbY4O04uunE
clk6ldflp00423n6l9q27b78p,5739,front,,Abnormal Gait,stroke,"{'top': 7.974910394265233, 'left': 171.59856630824373, 'height': 349.79928315412184, 'width': 147.15053763440858}","{'height': 360, 'width': 640, 'mime_type': 'video/mp4'}",fbY4O04uunE,https://www.youtube.com/watch?v=fbY4O04uunE
clk6ldflp00423n6l9q27b78p,5740,front,,Abnormal Gait,stroke,"{'top': 7.971326164874552, 'left': 171.54121863799284, 'height': 349.77060931899643, 'width': 147.17204301075267}","{'height': 360, 'width': 640, 'mime_type': 'video/mp4'}",fbY4O04uunE,https://www.youtube.com/watch?v=fbY4O04uunE
clk6ldflp00423n6l9q27b78p,5741,front,,Abnormal Gait,stroke,"{'top': 7.967741935483871, 'left': 171.48387096774192, 'height': 349.741935483871, 'width': 147.1935483870968}","{'height': 360, 'width': 640, 'mime_type': 'video/mp4'}",fbY4O04uunE,https://www.youtube.com/watch?v=fbY4O04uunE
clk6ldflp00423n6l9q27b78p,5742,front,,Abnormal Gait,stroke,"{'top': 7.96415770609319, 'left': 171.42652329749103, 'height': 349.7132616487455, 'width': 147.2150537634409}","{'height': 360, 'width': 640, 'mime_type': 'video/mp4'}",fbY4O04uunE,https://www.youtube.com/watch?v=fbY4O04uunE
clk6ldflp00423n6l9q27b78p,5743,front,,Abnormal Gait,stroke,"{'top': 7.960573476702509, 'left': 171.36917562724014, 'height': 349.68458781362006, 'width': 147.23655913978493}","{'height': 360, 'width': 640, 'mime_type': 'video/mp4'}",fbY4O04uunE,https://www.youtube.com/watch?v=fbY4O04uunE
clk6ldflp00423n6l9q27b78p,5744,front,,Abnormal Gait,stroke,"{'top': 7.956989247311828, 'left': 171.31182795698925, 'height': 349.65591397849465, 'width': 147.25806451612902}","{'height': 360, 'width': 640, 'mime_type': 'video/mp4'}",fbY4O04uunE,https://www.youtube.com/watch?v=fbY4O04uunE
clk6ldflp00423n6l9q27b78p,5745,front,,Abnormal Gait,stroke,"{'top': 7.953405017921147, 'left': 171.25448028673836, 'height': 349.62724014336914, 'width': 147.27956989247312}","{'height': 360, 'width': 640, 'mime_type': 'video/mp4'}",fbY4O04uunE,https://www.youtube.com/watch?v=fbY4O04uunE
clk6ldflp00423n6l9q27b78p,5746,front,,Abnormal Gait,stroke,"{'top': 7.949820788530466, 'left': 171.19713261648747, 'height': 349.59856630824373, 'width': 147.30107526881721}","{'height': 360, 'width': 640, 'mime_type': 'video/mp4'}",fbY4O04uunE,https://www.youtube.com/watch?v=fbY4O04uunE
clk6ldflp00423n6l9q27b78p,5747,front,,Abnormal Gait,stroke,"{'top': 7.946236559139785, 'left': 171.13978494623655, 'height': 349.5698924731183, 'width': 147.32258064516128}","{'height': 360, 'width': 640, 'mime_type': 'video/mp4'}",fbY4O04uunE,https://www.youtube.com/watch?v=fbY4O04uunE
clk6ldflp00423n6l9q27b78p,5748,front,,Abnormal Gait,stroke,"{'top': 7.942652329749104, 'left': 171.08243727598565, 'height': 349.54121863799287, 'width': 147.34408602150538}","{'height': 360, 'width': 640, 'mime_type': 'video/mp4'}",fbY4O04uunE,https://www.youtube.com/watch?v=fbY4O04uunE
clk6ldflp00423n6l9q27b78p,5749,front,,Abnormal Gait,stroke,"{'top': 7.939068100358423, 'left': 171.02508960573476, 'height': 349.51254480286735, 'width': 147.36559139784947}","{'height': 360, 'width': 640, 'mime_type': 'video/mp4'}",fbY4O04uunE,https://www.youtube.com/watch?v=fbY4O04uunE
clk6ldflp00423n6l9q27b78p,5750,front,,Abnormal Gait,stroke,"{'top': 7.935483870967742, 'left': 170.96774193548387, 'height': 349.48387096774195, 'width': 147.38709677419357}","{'height': 360, 'width': 640, 'mime_type': 'video/mp4'}",fbY4O04uunE,https://www.youtube.com/watch?v=fbY4O04uunE
clk6ldflp00423n6l9q27b78p,5751,front,,Abnormal Gait,stroke,"{'top': 7.931899641577061, 'left': 170.91039426523298, 'height': 349.4551971326165, 'width': 147.4086021505376}","{'height': 360, 'width': 640, 'mime_type': 'video/mp4'}",fbY4O04uunE,https://www.youtube.com/watch?v=fbY4O04uunE
clk6ldflp00423n6l9q27b78p,5752,front,,Abnormal Gait,stroke,"{'top': 7.92831541218638, 'left': 170.8530465949821, 'height': 349.42652329749103, 'width': 147.4301075268817}","{'height': 360, 'width': 640, 'mime_type': 'video/mp4'}",fbY4O04uunE,https://www.youtube.com/watch?v=fbY4O04uunE
clk6ldflp00423n6l9q27b78p,5753,front,,Abnormal Gait,stroke,"{'top': 7.924731182795699, 'left': 170.79569892473117, 'height': 349.39784946236557, 'width': 147.45161290322582}","{'height': 360, 'width': 640, 'mime_type': 'video/mp4'}",fbY4O04uunE,https://www.youtube.com/watch?v=fbY4O04uunE
clk6ldflp00423n6l9q27b78p,5754,front,,Abnormal Gait,stroke,"{'top': 7.921146953405018, 'left': 170.73835125448028, 'height': 349.36917562724017, 'width': 147.47311827956992}","{'height': 360, 'width': 640, 'mime_type': 'video/mp4'}",fbY4O04uunE,https://www.youtube.com/watch?v=fbY4O04uunE
clk6ldflp00423n6l9q27b78p,5755,front,,Abnormal Gait,stroke,"{'top': 7.917562724014337, 'left': 170.6810035842294, 'height': 349.3405017921147, 'width': 147.49462365591395}","{'height': 360, 'width': 640, 'mime_type': 'video/mp4'}",fbY4O04uunE,https://www.youtube.com/watch?v=fbY4O04uunE
clk6ldflp00423n6l9q27b78p,5756,front,,Abnormal Gait,stroke,"{'top': 7.913978494623656, 'left': 170.6236559139785, 'height': 349.31182795698925, 'width': 147.51612903225805}","{'height': 360, 'width': 640, 'mime_type': 'video/mp4'}",fbY4O04uunE,https://www.youtube.com/watch?v=fbY4O04uunE
clk6ldflp00423n6l9q27b78p,5757,front,,Abnormal Gait,stroke,"{'top': 7.910394265232975, 'left': 170.5663082437276, 'height': 349.2831541218638, 'width': 147.53763440860214}","{'height': 360, 'width': 640, 'mime_type': 'video/mp4'}",fbY4O04uunE,https://www.youtube.com/watch?v=fbY4O04uunE
clk6ldflp00423n6l9q27b78p,5758,front,,Abnormal Gait,stroke,"{'top': 7.906810035842294, 'left': 170.5089605734767, 'height': 349.2544802867384, 'width': 147.55913978494624}","{'height': 360, 'width': 640, 'mime_type': 'video/mp4'}",fbY4O04uunE,https://www.youtube.com/watch?v=fbY4O04uunE
clk6ldflp00423n6l9q27b78p,5759,front,,Abnormal Gait,stroke,"{'top': 7.903225806451613, 'left': 170.4516129032258, 'height': 349.2258064516129, 'width': 147.58064516129036}","{'height': 360, 'width': 640, 'mime_type': 'video/mp4'}",fbY4O04uunE,https://www.youtube.com/watch?v=fbY4O04uunE
clk6ldflp00423n6l9q27b78p,5760,front,,Abnormal Gait,stroke,"{'top': 7.899641577060932, 'left': 170.3942652329749, 'height': 349.19713261648747, 'width': 147.6021505376344}","{'height': 360, 'width': 640, 'mime_type': 'video/mp4'}",fbY4O04uunE,https://www.youtube.com/watch?v=fbY4O04uunE
clk6ldflp00423n6l9q27b78p,5761,front,,Abnormal Gait,stroke,"{'top': 7.896057347670251, 'left': 170.336917562724, 'height': 349.168458781362, 'width': 147.6236559139785}","{'height': 360, 'width': 640, 'mime_type': 'video/mp4'}",fbY4O04uunE,https://www.youtube.com/watch?v=fbY4O04uunE
clk6ldflp00423n6l9q27b78p,5762,front,,Abnormal Gait,stroke,"{'top': 7.89247311827957, 'left': 170.27956989247312, 'height': 349.1397849462366, 'width': 147.6451612903226}","{'height': 360, 'width': 640, 'mime_type': 'video/mp4'}",fbY4O04uunE,https://www.youtube.com/watch?v=fbY4O04uunE
clk6ldflp00423n6l9q27b78p,5763,front,,Abnormal Gait,stroke,"{'top': 7.888888888888889, 'left': 170.22222222222223, 'height': 349.1111111111111, 'width': 147.66666666666669}","{'height': 360, 'width': 640, 'mime_type': 'video/mp4'}",fbY4O04uunE,https://www.youtube.com/watch?v=fbY4O04uunE
clk6ldflp00423n6l9q27b78p,5764,front,,Abnormal Gait,stroke,"{'top': 7.885304659498208, 'left': 170.16487455197134, 'height': 349.0824372759856, 'width': 147.68817204301072}","{'height': 360, 'width': 640, 'mime_type': 'video/mp4'}",fbY4O04uunE,https://www.youtube.com/watch?v=fbY4O04uunE
clk6ldflp00423n6l9q27b78p,5765,front,,Abnormal Gait,stroke,"{'top': 7.881720430107527, 'left': 170.10752688172042, 'height': 349.0537634408602, 'width': 147.70967741935485}","{'height': 360, 'width': 640, 'mime_type': 'video/mp4'}",fbY4O04uunE,https://www.youtube.com/watch?v=fbY4O04uunE
clk6ldflp00423n6l9q27b78p,5766,front,,Abnormal Gait,stroke,"{'top': 7.878136200716846, 'left': 170.05017921146953, 'height': 349.02508960573476, 'width': 147.73118279569894}","{'height': 360, 'width': 640, 'mime_type': 'video/mp4'}",fbY4O04uunE,https://www.youtube.com/watch?v=fbY4O04uunE
clk6ldflp00423n6l9q27b78p,5767,front,,Abnormal Gait,stroke,"{'top': 7.874551971326165, 'left': 169.99283154121864, 'height': 348.9964157706093, 'width': 147.75268817204304}","{'height': 360, 'width': 640, 'mime_type': 'video/mp4'}",fbY4O04uunE,https://www.youtube.com/watch?v=fbY4O04uunE
clk6ldflp00423n6l9q27b78p,5768,front,,Abnormal Gait,stroke,"{'top': 7.870967741935484, 'left': 169.93548387096774, 'height': 348.96774193548384, 'width': 147.77419354838707}","{'height': 360, 'width': 640, 'mime_type': 'video/mp4'}",fbY4O04uunE,https://www.youtube.com/watch?v=fbY4O04uunE
clk6ldflp00423n6l9q27b78p,5769,front,,Abnormal Gait,stroke,"{'top': 7.867383512544803, 'left': 169.87813620071685, 'height': 348.93906810035844, 'width': 147.79569892473117}","{'height': 360, 'width': 640, 'mime_type': 'video/mp4'}",fbY4O04uunE,https://www.youtube.com/watch?v=fbY4O04uunE
clk6ldflp00423n6l9q27b78p,5770,front,,Abnormal Gait,stroke,"{'top': 7.863799283154122, 'left': 169.82078853046596, 'height': 348.910394265233, 'width': 147.81720430107526}","{'height': 360, 'width': 640, 'mime_type': 'video/mp4'}",fbY4O04uunE,https://www.youtube.com/watch?v=fbY4O04uunE
clk6ldflp00423n6l9q27b78p,5771,front,,Abnormal Gait,stroke,"{'top': 7.860215053763441, 'left': 169.76344086021504, 'height': 348.8817204301075, 'width': 147.8387096774194}","{'height': 360, 'width': 640, 'mime_type': 'video/mp4'}",fbY4O04uunE,https://www.youtube.com/watch?v=fbY4O04uunE
clk6ldflp00423n6l9q27b78p,5772,front,,Abnormal Gait,stroke,"{'top': 7.85663082437276, 'left': 169.70609318996415, 'height': 348.85304659498206, 'width': 147.86021505376343}","{'height': 360, 'width': 640, 'mime_type': 'video/mp4'}",fbY4O04uunE,https://www.youtube.com/watch?v=fbY4O04uunE
clk6ldflp00423n6l9q27b78p,5773,front,,Abnormal Gait,stroke,"{'top': 7.853046594982079, 'left': 169.64874551971326, 'height': 348.82437275985666, 'width': 147.88172043010752}","{'height': 360, 'width': 640, 'mime_type': 'video/mp4'}",fbY4O04uunE,https://www.youtube.com/watch?v=fbY4O04uunE
clk6ldflp00423n6l9q27b78p,5774,front,,Abnormal Gait,stroke,"{'top': 7.849462365591398, 'left': 169.59139784946237, 'height': 348.79569892473114, 'width': 147.90322580645162}","{'height': 360, 'width': 640, 'mime_type': 'video/mp4'}",fbY4O04uunE,https://www.youtube.com/watch?v=fbY4O04uunE
clk6ldflp00423n6l9q27b78p,5775,front,,Abnormal Gait,stroke,"{'top': 7.845878136200717, 'left': 169.53405017921148, 'height': 348.76702508960574, 'width': 147.9247311827957}","{'height': 360, 'width': 640, 'mime_type': 'video/mp4'}",fbY4O04uunE,https://www.youtube.com/watch?v=fbY4O04uunE
clk6ldflp00423n6l9q27b78p,5776,front,,Abnormal Gait,stroke,"{'top': 7.842293906810036, 'left': 169.47670250896059, 'height': 348.7383512544803, 'width': 147.94623655913975}","{'height': 360, 'width': 640, 'mime_type': 'video/mp4'}",fbY4O04uunE,https://www.youtube.com/watch?v=fbY4O04uunE
clk6ldflp00423n6l9q27b78p,5777,front,,Abnormal Gait,stroke,"{'top': 7.838709677419355, 'left': 169.41935483870967, 'height': 348.7096774193549, 'width': 147.96774193548387}","{'height': 360, 'width': 640, 'mime_type': 'video/mp4'}",fbY4O04uunE,https://www.youtube.com/watch?v=fbY4O04uunE
clk6ldflp00423n6l9q27b78p,5778,front,,Abnormal Gait,stroke,"{'top': 7.835125448028673, 'left': 169.36200716845877, 'height': 348.68100358422936, 'width': 147.98924731182797}","{'height': 360, 'width': 640, 'mime_type': 'video/mp4'}",fbY4O04uunE,https://www.youtube.com/watch?v=fbY4O04uunE
clk6ldflp00423n6l9q27b78p,5779,front,,Abnormal Gait,stroke,"{'top': 7.831541218637993, 'left': 169.30465949820788, 'height': 348.65232974910396, 'width': 148.01075268817206}","{'height': 360, 'width': 640, 'mime_type': 'video/mp4'}",fbY4O04uunE,https://www.youtube.com/watch?v=fbY4O04uunE
clk6ldflp00423n6l9q27b78p,5780,front,,Abnormal Gait,stroke,"{'top': 7.827956989247312, 'left': 169.247311827957, 'height': 348.6236559139785, 'width': 148.0322580645161}","{'height': 360, 'width': 640, 'mime_type': 'video/mp4'}",fbY4O04uunE,https://www.youtube.com/watch?v=fbY4O04uunE
clk6ldflp00423n6l9q27b78p,5781,front,,Abnormal Gait,stroke,"{'top': 7.824372759856631, 'left': 169.1899641577061, 'height': 348.59498207885304, 'width': 148.0537634408602}","{'height': 360, 'width': 640, 'mime_type': 'video/mp4'}",fbY4O04uunE,https://www.youtube.com/watch?v=fbY4O04uunE
clk6ldflp00423n6l9q27b78p,5782,front,,Abnormal Gait,stroke,"{'top': 7.82078853046595, 'left': 169.1326164874552, 'height': 348.5663082437276, 'width': 148.0752688172043}","{'height': 360, 'width': 640, 'mime_type': 'video/mp4'}",fbY4O04uunE,https://www.youtube.com/watch?v=fbY4O04uunE
clk6ldflp00423n6l9q27b78p,5783,front,,Abnormal Gait,stroke,"{'top': 7.817204301075269, 'left': 169.0752688172043, 'height': 348.5376344086022, 'width': 148.0967741935484}","{'height': 360, 'width': 640, 'mime_type': 'video/mp4'}",fbY4O04uunE,https://www.youtube.com/watch?v=fbY4O04uunE
clk6ldflp00423n6l9q27b78p,5784,front,,Abnormal Gait,stroke,"{'top': 7.813620071684587, 'left': 169.0179211469534, 'height': 348.5089605734767, 'width': 148.1182795698925}","{'height': 360, 'width': 640, 'mime_type': 'video/mp4'}",fbY4O04uunE,https://www.youtube.com/watch?v=fbY4O04uunE
clk6ldflp00423n6l9q27b78p,5785,front,,Abnormal Gait,stroke,"{'top': 7.810035842293907, 'left': 168.9605734767025, 'height': 348.48028673835125, 'width': 148.13978494623655}","{'height': 360, 'width': 640, 'mime_type': 'video/mp4'}",fbY4O04uunE,https://www.youtube.com/watch?v=fbY4O04uunE
clk6ldflp00423n6l9q27b78p,5786,front,,Abnormal Gait,stroke,"{'top': 7.806451612903226, 'left': 168.90322580645162, 'height': 348.4516129032258, 'width': 148.16129032258064}","{'height': 360, 'width': 640, 'mime_type': 'video/mp4'}",fbY4O04uunE,https://www.youtube.com/watch?v=fbY4O04uunE
clk6ldflp00423n6l9q27b78p,5787,front,,Abnormal Gait,stroke,"{'top': 7.802867383512544, 'left': 168.84587813620072, 'height': 348.4229390681004, 'width': 148.18279569892474}","{'height': 360, 'width': 640, 'mime_type': 'video/mp4'}",fbY4O04uunE,https://www.youtube.com/watch?v=fbY4O04uunE
clk6ldflp00423n6l9q27b78p,5788,front,,Abnormal Gait,stroke,"{'top': 7.799283154121864, 'left': 168.78853046594983, 'height': 348.39426523297493, 'width': 148.20430107526883}","{'height': 360, 'width': 640, 'mime_type': 'video/mp4'}",fbY4O04uunE,https://www.youtube.com/watch?v=fbY4O04uunE
clk6ldflp00423n6l9q27b78p,5789,front,,Abnormal Gait,stroke,"{'top': 7.795698924731183, 'left': 168.7311827956989, 'height': 348.36559139784947, 'width': 148.2258064516129}","{'height': 360, 'width': 640, 'mime_type': 'video/mp4'}",fbY4O04uunE,https://www.youtube.com/watch?v=fbY4O04uunE
clk6ldflp00423n6l9q27b78p,5790,front,,Abnormal Gait,stroke,"{'top': 7.792114695340501, 'left': 168.67383512544802, 'height': 348.336917562724, 'width': 148.247311827957}","{'height': 360, 'width': 640, 'mime_type': 'video/mp4'}",fbY4O04uunE,https://www.youtube.com/watch?v=fbY4O04uunE
clk6ldflp00423n6l9q27b78p,5791,front,,Abnormal Gait,stroke,"{'top': 7.788530465949821, 'left': 168.61648745519713, 'height': 348.3082437275986, 'width': 148.2688172043011}","{'height': 360, 'width': 640, 'mime_type': 'video/mp4'}",fbY4O04uunE,https://www.youtube.com/watch?v=fbY4O04uunE
clk6ldflp00423n6l9q27b78p,5792,front,,Abnormal Gait,stroke,"{'top': 7.78494623655914, 'left': 168.55913978494624, 'height': 348.2795698924731, 'width': 148.29032258064518}","{'height': 360, 'width': 640, 'mime_type': 'video/mp4'}",fbY4O04uunE,https://www.youtube.com/watch?v=fbY4O04uunE
clk6ldflp00423n6l9q27b78p,5793,front,,Abnormal Gait,stroke,"{'top': 7.781362007168458, 'left': 168.50179211469535, 'height': 348.2508960573477, 'width': 148.31182795698922}","{'height': 360, 'width': 640, 'mime_type': 'video/mp4'}",fbY4O04uunE,https://www.youtube.com/watch?v=fbY4O04uunE
clk6ldflp00423n6l9q27b78p,5794,front,,Abnormal Gait,stroke,"{'top': 7.777777777777778, 'left': 168.44444444444446, 'height': 348.22222222222223, 'width': 148.33333333333331}","{'height': 360, 'width': 640, 'mime_type': 'video/mp4'}",fbY4O04uunE,https://www.youtube.com/watch?v=fbY4O04uunE
clk6ldflp00423n6l9q27b78p,5795,front,,Abnormal Gait,stroke,"{'top': 7.774193548387097, 'left': 168.38709677419354, 'height': 348.19354838709677, 'width': 148.35483870967744}","{'height': 360, 'width': 640, 'mime_type': 'video/mp4'}",fbY4O04uunE,https://www.youtube.com/watch?v=fbY4O04uunE
clk6ldflp00423n6l9q27b78p,5796,front,,Abnormal Gait,stroke,"{'top': 7.770609318996415, 'left': 168.32974910394265, 'height': 348.1648745519713, 'width': 148.37634408602153}","{'height': 360, 'width': 640, 'mime_type': 'video/mp4'}",fbY4O04uunE,https://www.youtube.com/watch?v=fbY4O04uunE
clk6ldflp00423n6l9q27b78p,5797,front,,Abnormal Gait,stroke,"{'top': 7.767025089605735, 'left': 168.27240143369175, 'height': 348.13620071684585, 'width': 148.39784946236557}","{'height': 360, 'width': 640, 'mime_type': 'video/mp4'}",fbY4O04uunE,https://www.youtube.com/watch?v=fbY4O04uunE
clk6ldflp00423n6l9q27b78p,5798,front,,Abnormal Gait,stroke,"{'top': 7.763440860215054, 'left': 168.21505376344086, 'height': 348.10752688172045, 'width': 148.41935483870967}","{'height': 360, 'width': 640, 'mime_type': 'video/mp4'}",fbY4O04uunE,https://www.youtube.com/watch?v=fbY4O04uunE
clk6ldflp00423n6l9q27b78p,5799,front,,Abnormal Gait,stroke,"{'top': 7.759856630824372, 'left': 168.15770609318997, 'height': 348.078853046595, 'width': 148.44086021505376}","{'height': 360, 'width': 640, 'mime_type': 'video/mp4'}",fbY4O04uunE,https://www.youtube.com/watch?v=fbY4O04uunE
clk6ldflp00423n6l9q27b78p,5800,front,,Abnormal Gait,stroke,"{'top': 7.756272401433692, 'left': 168.10035842293908, 'height': 348.0501792114695, 'width': 148.46236559139786}","{'height': 360, 'width': 640, 'mime_type': 'video/mp4'}",fbY4O04uunE,https://www.youtube.com/watch?v=fbY4O04uunE
clk6ldflp00423n6l9q27b78p,5801,front,,Abnormal Gait,stroke,"{'top': 7.752688172043011, 'left': 168.04301075268816, 'height': 348.02150537634407, 'width': 148.48387096774192}","{'height': 360, 'width': 640, 'mime_type': 'video/mp4'}",fbY4O04uunE,https://www.youtube.com/watch?v=fbY4O04uunE
clk6ldflp00423n6l9q27b78p,5802,front,,Abnormal Gait,stroke,"{'top': 7.749103942652329, 'left': 167.98566308243727, 'height': 347.99283154121866, 'width': 148.50537634408602}","{'height': 360, 'width': 640, 'mime_type': 'video/mp4'}",fbY4O04uunE,https://www.youtube.com/watch?v=fbY4O04uunE
clk6ldflp00423n6l9q27b78p,5803,front,,Abnormal Gait,stroke,"{'top': 7.745519713261649, 'left': 167.92831541218638, 'height': 347.96415770609315, 'width': 148.5268817204301}","{'height': 360, 'width': 640, 'mime_type': 'video/mp4'}",fbY4O04uunE,https://www.youtube.com/watch?v=fbY4O04uunE
clk6ldflp00423n6l9q27b78p,5804,front,,Abnormal Gait,stroke,"{'top': 7.741935483870968, 'left': 167.8709677419355, 'height': 347.93548387096774, 'width': 148.5483870967742}","{'height': 360, 'width': 640, 'mime_type': 'video/mp4'}",fbY4O04uunE,https://www.youtube.com/watch?v=fbY4O04uunE
clk6ldflp00423n6l9q27b78p,5805,front,,Abnormal Gait,stroke,"{'top': 7.738351254480286, 'left': 167.8136200716846, 'height': 347.9068100358423, 'width': 148.56989247311824}","{'height': 360, 'width': 640, 'mime_type': 'video/mp4'}",fbY4O04uunE,https://www.youtube.com/watch?v=fbY4O04uunE
clk6ldflp00423n6l9q27b78p,5806,front,,Abnormal Gait,stroke,"{'top': 7.734767025089606, 'left': 167.7562724014337, 'height': 347.8781362007169, 'width': 148.59139784946234}","{'height': 360, 'width': 640, 'mime_type': 'video/mp4'}",fbY4O04uunE,https://www.youtube.com/watch?v=fbY4O04uunE
clk6ldflp00423n6l9q27b78p,5807,front,,Abnormal Gait,stroke,"{'top': 7.731182795698925, 'left': 167.69892473118279, 'height': 347.84946236559136, 'width': 148.61290322580646}","{'height': 360, 'width': 640, 'mime_type': 'video/mp4'}",fbY4O04uunE,https://www.youtube.com/watch?v=fbY4O04uunE
clk6ldflp00423n6l9q27b78p,5808,front,,Abnormal Gait,stroke,"{'top': 7.727598566308243, 'left': 167.6415770609319, 'height': 347.82078853046596, 'width': 148.63440860215056}","{'height': 360, 'width': 640, 'mime_type': 'video/mp4'}",fbY4O04uunE,https://www.youtube.com/watch?v=fbY4O04uunE
clk6ldflp00423n6l9q27b78p,5809,front,,Abnormal Gait,stroke,"{'top': 7.724014336917563, 'left': 167.584229390681, 'height': 347.7921146953405, 'width': 148.65591397849465}","{'height': 360, 'width': 640, 'mime_type': 'video/mp4'}",fbY4O04uunE,https://www.youtube.com/watch?v=fbY4O04uunE
clk6ldflp00423n6l9q27b78p,5810,front,,Abnormal Gait,stroke,"{'top': 7.720430107526882, 'left': 167.5268817204301, 'height': 347.76344086021504, 'width': 148.6774193548387}","{'height': 360, 'width': 640, 'mime_type': 'video/mp4'}",fbY4O04uunE,https://www.youtube.com/watch?v=fbY4O04uunE
clk6ldflp00423n6l9q27b78p,5811,front,,Abnormal Gait,stroke,"{'top': 7.7168458781362, 'left': 167.46953405017922, 'height': 347.7347670250896, 'width': 148.69892473118279}","{'height': 360, 'width': 640, 'mime_type': 'video/mp4'}",fbY4O04uunE,https://www.youtube.com/watch?v=fbY4O04uunE
clk6ldflp00423n6l9q27b78p,5812,front,,Abnormal Gait,stroke,"{'top': 7.71326164874552, 'left': 167.41218637992833, 'height': 347.7060931899642, 'width': 148.72043010752688}","{'height': 360, 'width': 640, 'mime_type': 'video/mp4'}",fbY4O04uunE,https://www.youtube.com/watch?v=fbY4O04uunE
clk6ldflp00423n6l9q27b78p,5813,front,,Abnormal Gait,stroke,"{'top': 7.709677419354839, 'left': 167.3548387096774, 'height': 347.6774193548387, 'width': 148.741935483871}","{'height': 360, 'width': 640, 'mime_type': 'video/mp4'}",fbY4O04uunE,https://www.youtube.com/watch?v=fbY4O04uunE
clk6ldflp00423n6l9q27b78p,5814,front,,Abnormal Gait,stroke,"{'top': 7.706093189964157, 'left': 167.29749103942652, 'height': 347.64874551971326, 'width': 148.76344086021504}","{'height': 360, 'width': 640, 'mime_type': 'video/mp4'}",fbY4O04uunE,https://www.youtube.com/watch?v=fbY4O04uunE
clk6ldflp00423n6l9q27b78p,5815,front,,Abnormal Gait,stroke,"{'top': 7.702508960573477, 'left': 167.24014336917563, 'height': 347.6200716845878, 'width': 148.78494623655914}","{'height': 360, 'width': 640, 'mime_type': 'video/mp4'}",fbY4O04uunE,https://www.youtube.com/watch?v=fbY4O04uunE
clk6ldflp00423n6l9q27b78p,5816,front,,Abnormal Gait,stroke,"{'top': 7.698924731182796, 'left': 167.18279569892474, 'height': 347.5913978494624, 'width': 148.80645161290323}","{'height': 360, 'width': 640, 'mime_type': 'video/mp4'}",fbY4O04uunE,https://www.youtube.com/watch?v=fbY4O04uunE
clk6ldflp00423n6l9q27b78p,5817,front,,Abnormal Gait,stroke,"{'top': 7.695340501792114, 'left': 167.12544802867384, 'height': 347.56272401433694, 'width': 148.82795698924733}","{'height': 360, 'width': 640, 'mime_type': 'video/mp4'}",fbY4O04uunE,https://www.youtube.com/watch?v=fbY4O04uunE
clk6ldflp00423n6l9q27b78p,5818,front,,Abnormal Gait,stroke,"{'top': 7.691756272401434, 'left': 167.06810035842295, 'height': 347.5340501792115, 'width': 148.84946236559136}","{'height': 360, 'width': 640, 'mime_type': 'video/mp4'}",fbY4O04uunE,https://www.youtube.com/watch?v=fbY4O04uunE
clk6ldflp00423n6l9q27b78p,5819,front,,Abnormal Gait,stroke,"{'top': 7.688172043010753, 'left': 167.01075268817203, 'height': 347.505376344086, 'width': 148.8709677419355}","{'height': 360, 'width': 640, 'mime_type': 'video/mp4'}",fbY4O04uunE,https://www.youtube.com/watch?v=fbY4O04uunE
clk6ldflp00423n6l9q27b78p,5820,front,,Abnormal Gait,stroke,"{'top': 7.684587813620071, 'left': 166.95340501792114, 'height': 347.4767025089606, 'width': 148.89247311827958}","{'height': 360, 'width': 640, 'mime_type': 'video/mp4'}",fbY4O04uunE,https://www.youtube.com/watch?v=fbY4O04uunE
clk6ldflp00423n6l9q27b78p,5821,front,,Abnormal Gait,stroke,"{'top': 7.681003584229391, 'left': 166.89605734767025, 'height': 347.4480286738351, 'width': 148.91397849462368}","{'height': 360, 'width': 640, 'mime_type': 'video/mp4'}",fbY4O04uunE,https://www.youtube.com/watch?v=fbY4O04uunE
clk6ldflp00423n6l9q27b78p,5822,front,,Abnormal Gait,stroke,"{'top': 7.67741935483871, 'left': 166.83870967741936, 'height': 347.4193548387097, 'width': 148.93548387096772}","{'height': 360, 'width': 640, 'mime_type': 'video/mp4'}",fbY4O04uunE,https://www.youtube.com/watch?v=fbY4O04uunE
clk6ldflp00423n6l9q27b78p,5823,front,,Abnormal Gait,stroke,"{'top': 7.673835125448028, 'left': 166.78136200716847, 'height': 347.39068100358423, 'width': 148.9569892473118}","{'height': 360, 'width': 640, 'mime_type': 'video/mp4'}",fbY4O04uunE,https://www.youtube.com/watch?v=fbY4O04uunE
clk6ldflp00423n6l9q27b78p,5824,front,,Abnormal Gait,stroke,"{'top': 7.670250896057348, 'left': 166.72401433691755, 'height': 347.36200716845883, 'width': 148.97849462365593}","{'height': 360, 'width': 640, 'mime_type': 'video/mp4'}",fbY4O04uunE,https://www.youtube.com/watch?v=fbY4O04uunE
clk6ldflp00423n6l9q27b78p,5825,front,,Abnormal Gait,stroke,"{'top': 7.666666666666667, 'left': 166.66666666666666, 'height': 347.3333333333333, 'width': 149.00000000000003}","{'height': 360, 'width': 640, 'mime_type': 'video/mp4'}",fbY4O04uunE,https://www.youtube.com/watch?v=fbY4O04uunE
clk6ldflp00423n6l9q27b78p,5826,front,,Abnormal Gait,stroke,"{'top': 7.663082437275985, 'left': 166.60931899641577, 'height': 347.30465949820785, 'width': 149.02150537634407}","{'height': 360, 'width': 640, 'mime_type': 'video/mp4'}",fbY4O04uunE,https://www.youtube.com/watch?v=fbY4O04uunE
clk6ldflp00423n6l9q27b78p,5827,front,,Abnormal Gait,stroke,"{'top': 7.659498207885305, 'left': 166.55197132616487, 'height': 347.27598566308245, 'width': 149.04301075268816}","{'height': 360, 'width': 640, 'mime_type': 'video/mp4'}",fbY4O04uunE,https://www.youtube.com/watch?v=fbY4O04uunE
clk6ldflp00423n6l9q27b78p,5828,front,,Abnormal Gait,stroke,"{'top': 7.655913978494624, 'left': 166.49462365591398, 'height': 347.247311827957, 'width': 149.06451612903226}","{'height': 360, 'width': 640, 'mime_type': 'video/mp4'}",fbY4O04uunE,https://www.youtube.com/watch?v=fbY4O04uunE
clk6ldflp00423n6l9q27b78p,5829,front,,Abnormal Gait,stroke,"{'top': 7.652329749103942, 'left': 166.4372759856631, 'height': 347.21863799283153, 'width': 149.08602150537635}","{'height': 360, 'width': 640, 'mime_type': 'video/mp4'}",fbY4O04uunE,https://www.youtube.com/watch?v=fbY4O04uunE
clk6ldflp00423n6l9q27b78p,5830,front,,Abnormal Gait,stroke,"{'top': 7.648745519713262, 'left': 166.3799283154122, 'height': 347.1899641577061, 'width': 149.1075268817204}","{'height': 360, 'width': 640, 'mime_type': 'video/mp4'}",fbY4O04uunE,https://www.youtube.com/watch?v=fbY4O04uunE
clk6ldflp00423n6l9q27b78p,5831,front,,Abnormal Gait,stroke,"{'top': 7.645161290322581, 'left': 166.32258064516128, 'height': 347.16129032258067, 'width': 149.1290322580645}","{'height': 360, 'width': 640, 'mime_type': 'video/mp4'}",fbY4O04uunE,https://www.youtube.com/watch?v=fbY4O04uunE
clk6ldflp00423n6l9q27b78p,5832,front,,Abnormal Gait,stroke,"{'top': 7.641577060931899, 'left': 166.2652329749104, 'height': 347.13261648745515, 'width': 149.1505376344086}","{'height': 360, 'width': 640, 'mime_type': 'video/mp4'}",fbY4O04uunE,https://www.youtube.com/watch?v=fbY4O04uunE
clk6ldflp00423n6l9q27b78p,5833,front,,Abnormal Gait,stroke,"{'top': 7.637992831541219, 'left': 166.2078853046595, 'height': 347.10394265232975, 'width': 149.1720430107527}","{'height': 360, 'width': 640, 'mime_type': 'video/mp4'}",fbY4O04uunE,https://www.youtube.com/watch?v=fbY4O04uunE
clk6ldflp00423n6l9q27b78p,5834,front,,Abnormal Gait,stroke,"{'top': 7.634408602150538, 'left': 166.1505376344086, 'height': 347.0752688172043, 'width': 149.1935483870968}","{'height': 360, 'width': 640, 'mime_type': 'video/mp4'}",fbY4O04uunE,https://www.youtube.com/watch?v=fbY4O04uunE
clk6ldflp00423n6l9q27b78p,5835,front,,Abnormal Gait,stroke,"{'top': 7.630824372759856, 'left': 166.09318996415772, 'height': 347.0465949820789, 'width': 149.21505376344084}","{'height': 360, 'width': 640, 'mime_type': 'video/mp4'}",fbY4O04uunE,https://www.youtube.com/watch?v=fbY4O04uunE
clk6ldflp00423n6l9q27b78p,5836,front,,Abnormal Gait,stroke,"{'top': 7.627240143369176, 'left': 166.0358422939068, 'height': 347.01792114695337, 'width': 149.23655913978496}","{'height': 360, 'width': 640, 'mime_type': 'video/mp4'}",fbY4O04uunE,https://www.youtube.com/watch?v=fbY4O04uunE
clk6ldflp00423n6l9q27b78p,5837,front,,Abnormal Gait,stroke,"{'top': 7.623655913978495, 'left': 165.9784946236559, 'height': 346.98924731182797, 'width': 149.25806451612905}","{'height': 360, 'width': 640, 'mime_type': 'video/mp4'}",fbY4O04uunE,https://www.youtube.com/watch?v=fbY4O04uunE
clk6ldflp00423n6l9q27b78p,5838,front,,Abnormal Gait,stroke,"{'top': 7.620071684587813, 'left': 165.921146953405, 'height': 346.9605734767025, 'width': 149.27956989247315}","{'height': 360, 'width': 640, 'mime_type': 'video/mp4'}",fbY4O04uunE,https://www.youtube.com/watch?v=fbY4O04uunE
clk6ldflp00423n6l9q27b78p,5839,front,,Abnormal Gait,stroke,"{'top': 7.616487455197133, 'left': 165.86379928315412, 'height': 346.93189964157705, 'width': 149.3010752688172}","{'height': 360, 'width': 640, 'mime_type': 'video/mp4'}",fbY4O04uunE,https://www.youtube.com/watch?v=fbY4O04uunE
clk6ldflp00423n6l9q27b78p,5840,front,,Abnormal Gait,stroke,"{'top': 7.612903225806452, 'left': 165.80645161290323, 'height': 346.9032258064516, 'width': 149.32258064516128}","{'height': 360, 'width': 640, 'mime_type': 'video/mp4'}",fbY4O04uunE,https://www.youtube.com/watch?v=fbY4O04uunE
clk6ldflp00423n6l9q27b78p,5841,front,,Abnormal Gait,stroke,"{'top': 7.60931899641577, 'left': 165.74910394265234, 'height': 346.8745519713262, 'width': 149.34408602150538}","{'height': 360, 'width': 640, 'mime_type': 'video/mp4'}",fbY4O04uunE,https://www.youtube.com/watch?v=fbY4O04uunE
clk6ldflp00423n6l9q27b78p,5842,front,,Abnormal Gait,stroke,"{'top': 7.60573476702509, 'left': 165.69175627240142, 'height': 346.8458781362007, 'width': 149.3655913978495}","{'height': 360, 'width': 640, 'mime_type': 'video/mp4'}",fbY4O04uunE,https://www.youtube.com/watch?v=fbY4O04uunE
clk6ldflp00423n6l9q27b78p,5843,front,,Abnormal Gait,stroke,"{'top': 7.602150537634409, 'left': 165.63440860215053, 'height': 346.81720430107526, 'width': 149.38709677419354}","{'height': 360, 'width': 640, 'mime_type': 'video/mp4'}",fbY4O04uunE,https://www.youtube.com/watch?v=fbY4O04uunE
clk6ldflp00423n6l9q27b78p,5844,front,,Abnormal Gait,stroke,"{'top': 7.598566308243727, 'left': 165.57706093189964, 'height': 346.7885304659498, 'width': 149.40860215053763}","{'height': 360, 'width': 640, 'mime_type': 'video/mp4'}",fbY4O04uunE,https://www.youtube.com/watch?v=fbY4O04uunE
clk6ldflp00423n6l9q27b78p,5845,front,,Abnormal Gait,stroke,"{'top': 7.594982078853047, 'left': 165.51971326164875, 'height': 346.7598566308244, 'width': 149.43010752688173}","{'height': 360, 'width': 640, 'mime_type': 'video/mp4'}",fbY4O04uunE,https://www.youtube.com/watch?v=fbY4O04uunE
clk6ldflp00423n6l9q27b78p,5846,front,,Abnormal Gait,stroke,"{'top': 7.591397849462366, 'left': 165.46236559139786, 'height': 346.73118279569894, 'width': 149.45161290322582}","{'height': 360, 'width': 640, 'mime_type': 'video/mp4'}",fbY4O04uunE,https://www.youtube.com/watch?v=fbY4O04uunE
clk6ldflp00423n6l9q27b78p,5847,front,,Abnormal Gait,stroke,"{'top': 7.587813620071684, 'left': 165.40501792114696, 'height': 346.7025089605735, 'width': 149.47311827956986}","{'height': 360, 'width': 640, 'mime_type': 'video/mp4'}",fbY4O04uunE,https://www.youtube.com/watch?v=fbY4O04uunE
clk6ldflp00423n6l9q27b78p,5848,front,,Abnormal Gait,stroke,"{'top': 7.584229390681004, 'left': 165.34767025089604, 'height': 346.673835125448, 'width': 149.49462365591398}","{'height': 360, 'width': 640, 'mime_type': 'video/mp4'}",fbY4O04uunE,https://www.youtube.com/watch?v=fbY4O04uunE
clk6ldflp00423n6l9q27b78p,5849,front,,Abnormal Gait,stroke,"{'top': 7.580645161290323, 'left': 165.29032258064515, 'height': 346.6451612903226, 'width': 149.51612903225808}","{'height': 360, 'width': 640, 'mime_type': 'video/mp4'}",fbY4O04uunE,https://www.youtube.com/watch?v=fbY4O04uunE
clk6ldflp00423n6l9q27b78p,5850,front,,Abnormal Gait,stroke,"{'top': 7.577060931899641, 'left': 165.23297491039426, 'height': 346.6164874551971, 'width': 149.53763440860217}","{'height': 360, 'width': 640, 'mime_type': 'video/mp4'}",fbY4O04uunE,https://www.youtube.com/watch?v=fbY4O04uunE
clk6ldflp00423n6l9q27b78p,5851,front,,Abnormal Gait,stroke,"{'top': 7.573476702508961, 'left': 165.17562724014337, 'height': 346.5878136200717, 'width': 149.5591397849462}","{'height': 360, 'width': 640, 'mime_type': 'video/mp4'}",fbY4O04uunE,https://www.youtube.com/watch?v=fbY4O04uunE
clk6ldflp00423n6l9q27b78p,5852,front,,Abnormal Gait,stroke,"{'top': 7.56989247311828, 'left': 165.11827956989248, 'height': 346.55913978494624, 'width': 149.5806451612903}","{'height': 360, 'width': 640, 'mime_type': 'video/mp4'}",fbY4O04uunE,https://www.youtube.com/watch?v=fbY4O04uunE
clk6ldflp00423n6l9q27b78p,5853,front,,Abnormal Gait,stroke,"{'top': 7.566308243727598, 'left': 165.0609318996416, 'height': 346.53046594982084, 'width': 149.6021505376344}","{'height': 360, 'width': 640, 'mime_type': 'video/mp4'}",fbY4O04uunE,https://www.youtube.com/watch?v=fbY4O04uunE
clk6ldflp00423n6l9q27b78p,5854,front,,Abnormal Gait,stroke,"{'top': 7.5627240143369185, 'left': 165.00358422939067, 'height': 346.5017921146953, 'width': 149.62365591397852}","{'height': 360, 'width': 640, 'mime_type': 'video/mp4'}",fbY4O04uunE,https://www.youtube.com/watch?v=fbY4O04uunE
clk6ldflp00423n6l9q27b78p,5855,front,,Abnormal Gait,stroke,"{'top': 7.559139784946237, 'left': 164.94623655913978, 'height': 346.4731182795699, 'width': 149.64516129032256}","{'height': 360, 'width': 640, 'mime_type': 'video/mp4'}",fbY4O04uunE,https://www.youtube.com/watch?v=fbY4O04uunE
clk6ldflp00423n6l9q27b78p,5856,front,,Abnormal Gait,stroke,"{'top': 7.555555555555555, 'left': 164.88888888888889, 'height': 346.44444444444446, 'width': 149.66666666666666}","{'height': 360, 'width': 640, 'mime_type': 'video/mp4'}",fbY4O04uunE,https://www.youtube.com/watch?v=fbY4O04uunE
clk6ldflp00423n6l9q27b78p,5857,front,,Abnormal Gait,stroke,"{'top': 7.551971326164875, 'left': 164.831541218638, 'height': 346.415770609319, 'width': 149.68817204301075}","{'height': 360, 'width': 640, 'mime_type': 'video/mp4'}",fbY4O04uunE,https://www.youtube.com/watch?v=fbY4O04uunE
clk6ldflp00423n6l9q27b78p,5858,front,,Abnormal Gait,stroke,"{'top': 7.548387096774194, 'left': 164.7741935483871, 'height': 346.38709677419354, 'width': 149.70967741935485}","{'height': 360, 'width': 640, 'mime_type': 'video/mp4'}",fbY4O04uunE,https://www.youtube.com/watch?v=fbY4O04uunE
clk6ldflp00423n6l9q27b78p,5859,front,,Abnormal Gait,stroke,"{'top': 7.544802867383512, 'left': 164.7168458781362, 'height': 346.3584229390681, 'width': 149.73118279569889}","{'height': 360, 'width': 640, 'mime_type': 'video/mp4'}",fbY4O04uunE,https://www.youtube.com/watch?v=fbY4O04uunE
clk6ldflp00423n6l9q27b78p,5860,front,,Abnormal Gait,stroke,"{'top': 7.5412186379928325, 'left': 164.6594982078853, 'height': 346.3297491039427, 'width': 149.752688172043}","{'height': 360, 'width': 640, 'mime_type': 'video/mp4'}",fbY4O04uunE,https://www.youtube.com/watch?v=fbY4O04uunE
clk6ldflp00423n6l9q27b78p,5861,front,,Abnormal Gait,stroke,"{'top': 7.537634408602151, 'left': 164.6021505376344, 'height': 346.30107526881716, 'width': 149.7741935483871}","{'height': 360, 'width': 640, 'mime_type': 'video/mp4'}",fbY4O04uunE,https://www.youtube.com/watch?v=fbY4O04uunE
clk6ldflp00423n6l9q27b78p,5862,front,,Abnormal Gait,stroke,"{'top': 7.534050179211469, 'left': 164.5448028673835, 'height': 346.27240143369175, 'width': 149.7956989247312}","{'height': 360, 'width': 640, 'mime_type': 'video/mp4'}",fbY4O04uunE,https://www.youtube.com/watch?v=fbY4O04uunE
clk6ldflp00423n6l9q27b78p,5863,front,,Abnormal Gait,stroke,"{'top': 7.530465949820789, 'left': 164.48745519713262, 'height': 346.2437275985663, 'width': 149.8172043010753}","{'height': 360, 'width': 640, 'mime_type': 'video/mp4'}",fbY4O04uunE,https://www.youtube.com/watch?v=fbY4O04uunE
clk6ldflp00423n6l9q27b78p,5864,front,,Abnormal Gait,stroke,"{'top': 7.526881720430108, 'left': 164.43010752688173, 'height': 346.2150537634409, 'width': 149.83870967741933}","{'height': 360, 'width': 640, 'mime_type': 'video/mp4'}",fbY4O04uunE,https://www.youtube.com/watch?v=fbY4O04uunE
clk6ldflp00423n6l9q27b78p,5865,front,,Abnormal Gait,stroke,"{'top': 7.523297491039426, 'left': 164.37275985663084, 'height': 346.1863799283154, 'width': 149.86021505376343}","{'height': 360, 'width': 640, 'mime_type': 'video/mp4'}",fbY4O04uunE,https://www.youtube.com/watch?v=fbY4O04uunE
clk6ldflp00423n6l9q27b78p,5866,front,,Abnormal Gait,stroke,"{'top': 7.5197132616487465, 'left': 164.31541218637992, 'height': 346.15770609319, 'width': 149.88172043010755}","{'height': 360, 'width': 640, 'mime_type': 'video/mp4'}",fbY4O04uunE,https://www.youtube.com/watch?v=fbY4O04uunE
clk6ldflp00423n6l9q27b78p,5867,front,,Abnormal Gait,stroke,"{'top': 7.516129032258064, 'left': 164.25806451612902, 'height': 346.1290322580645, 'width': 149.90322580645164}","{'height': 360, 'width': 640, 'mime_type': 'video/mp4'}",fbY4O04uunE,https://www.youtube.com/watch?v=fbY4O04uunE
clk6ldflp00423n6l9q27b78p,5868,front,,Abnormal Gait,stroke,"{'top': 7.512544802867383, 'left': 164.20071684587813, 'height': 346.10035842293905, 'width': 149.92473118279568}","{'height': 360, 'width': 640, 'mime_type': 'video/mp4'}",fbY4O04uunE,https://www.youtube.com/watch?v=fbY4O04uunE
clk6ldflp00423n6l9q27b78p,5869,front,,Abnormal Gait,stroke,"{'top': 7.508960573476703, 'left': 164.14336917562724, 'height': 346.0716845878136, 'width': 149.94623655913978}","{'height': 360, 'width': 640, 'mime_type': 'video/mp4'}",fbY4O04uunE,https://www.youtube.com/watch?v=fbY4O04uunE
clk6ldflp00423n6l9q27b78p,5870,front,,Abnormal Gait,stroke,"{'top': 7.505376344086022, 'left': 164.08602150537635, 'height': 346.0430107526882, 'width': 149.96774193548387}","{'height': 360, 'width': 640, 'mime_type': 'video/mp4'}",fbY4O04uunE,https://www.youtube.com/watch?v=fbY4O04uunE
clk6ldflp00423n6l9q27b78p,5871,front,,Abnormal Gait,stroke,"{'top': 7.50179211469534, 'left': 164.02867383512546, 'height': 346.01433691756273, 'width': 149.98924731182797}","{'height': 360, 'width': 640, 'mime_type': 'video/mp4'}",fbY4O04uunE,https://www.youtube.com/watch?v=fbY4O04uunE
clk6ldflp00423n6l9q27b78p,5872,front,,Abnormal Gait,stroke,"{'top': 7.49820788530466, 'left': 163.97132616487454, 'height': 345.98566308243727, 'width': 150.01075268817203}","{'height': 360, 'width': 640, 'mime_type': 'video/mp4'}",fbY4O04uunE,https://www.youtube.com/watch?v=fbY4O04uunE
clk6ldflp00423n6l9q27b78p,5873,front,,Abnormal Gait,stroke,"{'top': 7.494623655913978, 'left': 163.91397849462365, 'height': 345.9569892473118, 'width': 150.03225806451613}","{'height': 360, 'width': 640, 'mime_type': 'video/mp4'}",fbY4O04uunE,https://www.youtube.com/watch?v=fbY4O04uunE
clk6ldflp00423n6l9q27b78p,5874,front,,Abnormal Gait,stroke,"{'top': 7.491039426523297, 'left': 163.85663082437276, 'height': 345.9283154121864, 'width': 150.05376344086022}","{'height': 360, 'width': 640, 'mime_type': 'video/mp4'}",fbY4O04uunE,https://www.youtube.com/watch?v=fbY4O04uunE
clk6ldflp00423n6l9q27b78p,5875,front,,Abnormal Gait,stroke,"{'top': 7.487455197132617, 'left': 163.79928315412187, 'height': 345.89964157706095, 'width': 150.07526881720432}","{'height': 360, 'width': 640, 'mime_type': 'video/mp4'}",fbY4O04uunE,https://www.youtube.com/watch?v=fbY4O04uunE
clk6ldflp00423n6l9q27b78p,5876,front,,Abnormal Gait,stroke,"{'top': 7.483870967741936, 'left': 163.74193548387098, 'height': 345.8709677419355, 'width': 150.09677419354836}","{'height': 360, 'width': 640, 'mime_type': 'video/mp4'}",fbY4O04uunE,https://www.youtube.com/watch?v=fbY4O04uunE
clk6ldflp00423n6l9q27b78p,5877,front,,Abnormal Gait,stroke,"{'top': 7.480286738351254, 'left': 163.68458781362008, 'height': 345.84229390681, 'width': 150.11827956989245}","{'height': 360, 'width': 640, 'mime_type': 'video/mp4'}",fbY4O04uunE,https://www.youtube.com/watch?v=fbY4O04uunE
clk6ldflp00423n6l9q27b78p,5878,front,,Abnormal Gait,stroke,"{'top': 7.476702508960574, 'left': 163.62724014336916, 'height': 345.8136200716846, 'width': 150.13978494623657}","{'height': 360, 'width': 640, 'mime_type': 'video/mp4'}",fbY4O04uunE,https://www.youtube.com/watch?v=fbY4O04uunE
clk6ldflp00423n6l9q27b78p,5879,front,,Abnormal Gait,stroke,"{'top': 7.473118279569892, 'left': 163.56989247311827, 'height': 345.7849462365591, 'width': 150.16129032258067}","{'height': 360, 'width': 640, 'mime_type': 'video/mp4'}",fbY4O04uunE,https://www.youtube.com/watch?v=fbY4O04uunE
clk6ldflp00423n6l9q27b78p,5880,front,,Abnormal Gait,stroke,"{'top': 7.469534050179211, 'left': 163.51254480286738, 'height': 345.7562724014337, 'width': 150.1827956989247}","{'height': 360, 'width': 640, 'mime_type': 'video/mp4'}",fbY4O04uunE,https://www.youtube.com/watch?v=fbY4O04uunE
clk6ldflp00423n6l9q27b78p,5881,front,,Abnormal Gait,stroke,"{'top': 7.465949820788531, 'left': 163.4551971326165, 'height': 345.72759856630825, 'width': 150.2043010752688}","{'height': 360, 'width': 640, 'mime_type': 'video/mp4'}",fbY4O04uunE,https://www.youtube.com/watch?v=fbY4O04uunE
clk6ldflp00423n6l9q27b78p,5882,front,,Abnormal Gait,stroke,"{'top': 7.46236559139785, 'left': 163.3978494623656, 'height': 345.69892473118284, 'width': 150.2258064516129}","{'height': 360, 'width': 640, 'mime_type': 'video/mp4'}",fbY4O04uunE,https://www.youtube.com/watch?v=fbY4O04uunE
clk6ldflp00423n6l9q27b78p,5883,front,,Abnormal Gait,stroke,"{'top': 7.458781362007168, 'left': 163.3405017921147, 'height': 345.6702508960573, 'width': 150.247311827957}","{'height': 360, 'width': 640, 'mime_type': 'video/mp4'}",fbY4O04uunE,https://www.youtube.com/watch?v=fbY4O04uunE
clk6ldflp00423n6l9q27b78p,5884,front,,Abnormal Gait,stroke,"{'top': 7.455197132616488, 'left': 163.2831541218638, 'height': 345.6415770609319, 'width': 150.26881720430111}","{'height': 360, 'width': 640, 'mime_type': 'video/mp4'}",fbY4O04uunE,https://www.youtube.com/watch?v=fbY4O04uunE
clk6ldflp00423n6l9q27b78p,5885,front,,Abnormal Gait,stroke,"{'top': 7.451612903225806, 'left': 163.2258064516129, 'height': 345.61290322580646, 'width': 150.29032258064515}","{'height': 360, 'width': 640, 'mime_type': 'video/mp4'}",fbY4O04uunE,https://www.youtube.com/watch?v=fbY4O04uunE
clk6ldflp00423n6l9q27b78p,5886,front,,Abnormal Gait,stroke,"{'top': 7.448028673835125, 'left': 163.168458781362, 'height': 345.584229390681, 'width': 150.31182795698925}","{'height': 360, 'width': 640, 'mime_type': 'video/mp4'}",fbY4O04uunE,https://www.youtube.com/watch?v=fbY4O04uunE
clk6ldflp00423n6l9q27b78p,5887,front,,Abnormal Gait,stroke,"{'top': 7.444444444444445, 'left': 163.11111111111111, 'height': 345.55555555555554, 'width': 150.33333333333334}","{'height': 360, 'width': 640, 'mime_type': 'video/mp4'}",fbY4O04uunE,https://www.youtube.com/watch?v=fbY4O04uunE
clk6ldflp00423n6l9q27b78p,5888,front,,Abnormal Gait,stroke,"{'top': 7.440860215053764, 'left': 163.05376344086022, 'height': 345.52688172043014, 'width': 150.35483870967744}","{'height': 360, 'width': 640, 'mime_type': 'video/mp4'}",fbY4O04uunE,https://www.youtube.com/watch?v=fbY4O04uunE
clk6ldflp00423n6l9q27b78p,5889,front,,Abnormal Gait,stroke,"{'top': 7.437275985663082, 'left': 162.99641577060933, 'height': 345.4982078853047, 'width': 150.37634408602148}","{'height': 360, 'width': 640, 'mime_type': 'video/mp4'}",fbY4O04uunE,https://www.youtube.com/watch?v=fbY4O04uunE
clk6ldflp00423n6l9q27b78p,5890,front,,Abnormal Gait,stroke,"{'top': 7.433691756272402, 'left': 162.9390681003584, 'height': 345.46953405017916, 'width': 150.3978494623656}","{'height': 360, 'width': 640, 'mime_type': 'video/mp4'}",fbY4O04uunE,https://www.youtube.com/watch?v=fbY4O04uunE
clk6ldflp00423n6l9q27b78p,5891,front,,Abnormal Gait,stroke,"{'top': 7.43010752688172, 'left': 162.88172043010752, 'height': 345.44086021505376, 'width': 150.4193548387097}","{'height': 360, 'width': 640, 'mime_type': 'video/mp4'}",fbY4O04uunE,https://www.youtube.com/watch?v=fbY4O04uunE
clk6ldflp00423n6l9q27b78p,5892,front,,Abnormal Gait,stroke,"{'top': 7.426523297491039, 'left': 162.82437275985663, 'height': 345.4121863799283, 'width': 150.4408602150538}","{'height': 360, 'width': 640, 'mime_type': 'video/mp4'}",fbY4O04uunE,https://www.youtube.com/watch?v=fbY4O04uunE
clk6ldflp00423n6l9q27b78p,5893,front,,Abnormal Gait,stroke,"{'top': 7.422939068100359, 'left': 162.76702508960574, 'height': 345.3835125448029, 'width': 150.46236559139783}","{'height': 360, 'width': 640, 'mime_type': 'video/mp4'}",fbY4O04uunE,https://www.youtube.com/watch?v=fbY4O04uunE
clk6ldflp00423n6l9q27b78p,5894,front,,Abnormal Gait,stroke,"{'top': 7.419354838709677, 'left': 162.70967741935485, 'height': 345.3548387096774, 'width': 150.48387096774192}","{'height': 360, 'width': 640, 'mime_type': 'video/mp4'}",fbY4O04uunE,https://www.youtube.com/watch?v=fbY4O04uunE
clk6ldflp00423n6l9q27b78p,5895,front,,Abnormal Gait,stroke,"{'top': 7.415770609318996, 'left': 162.65232974910396, 'height': 345.326164874552, 'width': 150.50537634408602}","{'height': 360, 'width': 640, 'mime_type': 'video/mp4'}",fbY4O04uunE,https://www.youtube.com/watch?v=fbY4O04uunE
clk6ldflp00423n6l9q27b78p,5896,front,,Abnormal Gait,stroke,"{'top': 7.412186379928316, 'left': 162.59498207885304, 'height': 345.2974910394265, 'width': 150.52688172043014}","{'height': 360, 'width': 640, 'mime_type': 'video/mp4'}",fbY4O04uunE,https://www.youtube.com/watch?v=fbY4O04uunE
clk6ldflp00423n6l9q27b78p,5897,front,,Abnormal Gait,stroke,"{'top': 7.408602150537634, 'left': 162.53763440860214, 'height': 345.26881720430106, 'width': 150.54838709677418}","{'height': 360, 'width': 640, 'mime_type': 'video/mp4'}",fbY4O04uunE,https://www.youtube.com/watch?v=fbY4O04uunE
clk6ldflp00423n6l9q27b78p,5898,front,,Abnormal Gait,stroke,"{'top': 7.405017921146953, 'left': 162.48028673835125, 'height': 345.2401433691756, 'width': 150.56989247311827}","{'height': 360, 'width': 640, 'mime_type': 'video/mp4'}",fbY4O04uunE,https://www.youtube.com/watch?v=fbY4O04uunE
clk6ldflp00423n6l9q27b78p,5899,front,,Abnormal Gait,stroke,"{'top': 7.401433691756273, 'left': 162.42293906810036, 'height': 345.2114695340502, 'width': 150.59139784946237}","{'height': 360, 'width': 640, 'mime_type': 'video/mp4'}",fbY4O04uunE,https://www.youtube.com/watch?v=fbY4O04uunE
clk6ldflp00423n6l9q27b78p,5900,front,,Abnormal Gait,stroke,"{'top': 7.397849462365591, 'left': 162.36559139784947, 'height': 345.18279569892474, 'width': 150.61290322580646}","{'height': 360, 'width': 640, 'mime_type': 'video/mp4'}",fbY4O04uunE,https://www.youtube.com/watch?v=fbY4O04uunE
clk6ldflp00423n6l9q27b78p,5901,front,,Abnormal Gait,stroke,"{'top': 7.39426523297491, 'left': 162.30824372759855, 'height': 345.1541218637993, 'width': 150.63440860215053}","{'height': 360, 'width': 640, 'mime_type': 'video/mp4'}",fbY4O04uunE,https://www.youtube.com/watch?v=fbY4O04uunE
clk6ldflp00423n6l9q27b78p,5902,front,,Abnormal Gait,stroke,"{'top': 7.39068100358423, 'left': 162.25089605734766, 'height': 345.1254480286738, 'width': 150.65591397849462}","{'height': 360, 'width': 640, 'mime_type': 'video/mp4'}",fbY4O04uunE,https://www.youtube.com/watch?v=fbY4O04uunE
clk6ldflp00423n6l9q27b78p,5903,front,,Abnormal Gait,stroke,"{'top': 7.387096774193548, 'left': 162.19354838709677, 'height': 345.0967741935484, 'width': 150.67741935483872}","{'height': 360, 'width': 640, 'mime_type': 'video/mp4'}",fbY4O04uunE,https://www.youtube.com/watch?v=fbY4O04uunE
clk6ldflp00423n6l9q27b78p,5904,front,,Abnormal Gait,stroke,"{'top': 7.383512544802867, 'left': 162.13620071684588, 'height': 345.06810035842295, 'width': 150.6989247311828}","{'height': 360, 'width': 640, 'mime_type': 'video/mp4'}",fbY4O04uunE,https://www.youtube.com/watch?v=fbY4O04uunE
clk6ldflp00423n6l9q27b78p,5905,front,,Abnormal Gait,stroke,"{'top': 7.379928315412187, 'left': 162.078853046595, 'height': 345.0394265232975, 'width': 150.72043010752685}","{'height': 360, 'width': 640, 'mime_type': 'video/mp4'}",fbY4O04uunE,https://www.youtube.com/watch?v=fbY4O04uunE
clk6ldflp00423n6l9q27b78p,5906,front,,Abnormal Gait,stroke,"{'top': 7.376344086021505, 'left': 162.0215053763441, 'height': 345.01075268817203, 'width': 150.74193548387095}","{'height': 360, 'width': 640, 'mime_type': 'video/mp4'}",fbY4O04uunE,https://www.youtube.com/watch?v=fbY4O04uunE
clk6ldflp00423n6l9q27b78p,5907,front,,Abnormal Gait,stroke,"{'top': 7.372759856630824, 'left': 161.9641577060932, 'height': 344.98207885304663, 'width': 150.76344086021504}","{'height': 360, 'width': 640, 'mime_type': 'video/mp4'}",fbY4O04uunE,https://www.youtube.com/watch?v=fbY4O04uunE
clk6ldflp00423n6l9q27b78p,5908,front,,Abnormal Gait,stroke,"{'top': 7.369175627240144, 'left': 161.90681003584228, 'height': 344.9534050179211, 'width': 150.78494623655916}","{'height': 360, 'width': 640, 'mime_type': 'video/mp4'}",fbY4O04uunE,https://www.youtube.com/watch?v=fbY4O04uunE
clk6ldflp00423n6l9q27b78p,5909,front,,Abnormal Gait,stroke,"{'top': 7.365591397849462, 'left': 161.8494623655914, 'height': 344.9247311827957, 'width': 150.8064516129032}","{'height': 360, 'width': 640, 'mime_type': 'video/mp4'}",fbY4O04uunE,https://www.youtube.com/watch?v=fbY4O04uunE
clk6ldflp00423n6l9q27b78p,5910,front,,Abnormal Gait,stroke,"{'top': 7.362007168458781, 'left': 161.7921146953405, 'height': 344.89605734767025, 'width': 150.8279569892473}","{'height': 360, 'width': 640, 'mime_type': 'video/mp4'}",fbY4O04uunE,https://www.youtube.com/watch?v=fbY4O04uunE
clk6ldflp00423n6l9q27b78p,5911,front,,Abnormal Gait,stroke,"{'top': 7.358422939068101, 'left': 161.7347670250896, 'height': 344.86738351254485, 'width': 150.8494623655914}","{'height': 360, 'width': 640, 'mime_type': 'video/mp4'}",fbY4O04uunE,https://www.youtube.com/watch?v=fbY4O04uunE
clk6ldflp00423n6l9q27b78p,5912,front,,Abnormal Gait,stroke,"{'top': 7.354838709677419, 'left': 161.67741935483872, 'height': 344.83870967741933, 'width': 150.8709677419355}","{'height': 360, 'width': 640, 'mime_type': 'video/mp4'}",fbY4O04uunE,https://www.youtube.com/watch?v=fbY4O04uunE
clk6ldflp00423n6l9q27b78p,5913,front,,Abnormal Gait,stroke,"{'top': 7.351254480286738, 'left': 161.6200716845878, 'height': 344.8100358422939, 'width': 150.8924731182796}","{'height': 360, 'width': 640, 'mime_type': 'video/mp4'}",fbY4O04uunE,https://www.youtube.com/watch?v=fbY4O04uunE
clk6ldflp00423n6l9q27b78p,5914,front,,Abnormal Gait,stroke,"{'top': 7.347670250896058, 'left': 161.5627240143369, 'height': 344.78136200716847, 'width': 150.91397849462365}","{'height': 360, 'width': 640, 'mime_type': 'video/mp4'}",fbY4O04uunE,https://www.youtube.com/watch?v=fbY4O04uunE
clk6ldflp00423n6l9q27b78p,5915,front,,Abnormal Gait,stroke,"{'top': 7.344086021505376, 'left': 161.50537634408602, 'height': 344.752688172043, 'width': 150.93548387096774}","{'height': 360, 'width': 640, 'mime_type': 'video/mp4'}",fbY4O04uunE,https://www.youtube.com/watch?v=fbY4O04uunE
clk6ldflp00423n6l9q27b78p,5916,front,,Abnormal Gait,stroke,"{'top': 7.340501792114695, 'left': 161.44802867383513, 'height': 344.72401433691755, 'width': 150.95698924731184}","{'height': 360, 'width': 640, 'mime_type': 'video/mp4'}",fbY4O04uunE,https://www.youtube.com/watch?v=fbY4O04uunE
clk6ldflp00423n6l9q27b78p,5917,front,,Abnormal Gait,stroke,"{'top': 7.336917562724015, 'left': 161.39068100358423, 'height': 344.69534050179215, 'width': 150.97849462365593}","{'height': 360, 'width': 640, 'mime_type': 'video/mp4'}",fbY4O04uunE,https://www.youtube.com/watch?v=fbY4O04uunE
clk6ldflp00423n6l9q27b78p,5918,front,,Abnormal Gait,stroke,"{'top': 7.333333333333333, 'left': 161.33333333333334, 'height': 344.6666666666667, 'width': 150.99999999999997}","{'height': 360, 'width': 640, 'mime_type': 'video/mp4'}",fbY4O04uunE,https://www.youtube.com/watch?v=fbY4O04uunE
clk6ldflp00423n6l9q27b78p,5919,front,,Abnormal Gait,stroke,"{'top': 7.329749103942652, 'left': 161.27598566308245, 'height': 344.63799283154117, 'width': 151.02150537634407}","{'height': 360, 'width': 640, 'mime_type': 'video/mp4'}",fbY4O04uunE,https://www.youtube.com/watch?v=fbY4O04uunE
clk6ldflp00423n6l9q27b78p,5920,front,,Abnormal Gait,stroke,"{'top': 7.326164874551972, 'left': 161.21863799283153, 'height': 344.60931899641577, 'width': 151.0430107526882}","{'height': 360, 'width': 640, 'mime_type': 'video/mp4'}",fbY4O04uunE,https://www.youtube.com/watch?v=fbY4O04uunE
clk6ldflp00423n6l9q27b78p,5921,front,,Abnormal Gait,stroke,"{'top': 7.32258064516129, 'left': 161.16129032258064, 'height': 344.5806451612903, 'width': 151.06451612903228}","{'height': 360, 'width': 640, 'mime_type': 'video/mp4'}",fbY4O04uunE,https://www.youtube.com/watch?v=fbY4O04uunE
clk6ldflp00423n6l9q27b78p,5922,front,,Abnormal Gait,stroke,"{'top': 7.318996415770609, 'left': 161.10394265232975, 'height': 344.5519713261649, 'width': 151.08602150537632}","{'height': 360, 'width': 640, 'mime_type': 'video/mp4'}",fbY4O04uunE,https://www.youtube.com/watch?v=fbY4O04uunE
clk6ldflp00423n6l9q27b78p,5923,front,,Abnormal Gait,stroke,"{'top': 7.315412186379929, 'left': 161.04659498207886, 'height': 344.5232974910394, 'width': 151.10752688172042}","{'height': 360, 'width': 640, 'mime_type': 'video/mp4'}",fbY4O04uunE,https://www.youtube.com/watch?v=fbY4O04uunE
clk6ldflp00423n6l9q27b78p,5924,front,,Abnormal Gait,stroke,"{'top': 7.311827956989247, 'left': 160.98924731182797, 'height': 344.494623655914, 'width': 151.1290322580645}","{'height': 360, 'width': 640, 'mime_type': 'video/mp4'}",fbY4O04uunE,https://www.youtube.com/watch?v=fbY4O04uunE
clk6ldflp00423n6l9q27b78p,5925,front,,Abnormal Gait,stroke,"{'top': 7.308243727598566, 'left': 160.93189964157705, 'height': 344.4659498207885, 'width': 151.15053763440864}","{'height': 360, 'width': 640, 'mime_type': 'video/mp4'}",fbY4O04uunE,https://www.youtube.com/watch?v=fbY4O04uunE
clk6ldflp00423n6l9q27b78p,5926,front,,Abnormal Gait,stroke,"{'top': 7.304659498207886, 'left': 160.87455197132616, 'height': 344.43727598566306, 'width': 151.17204301075267}","{'height': 360, 'width': 640, 'mime_type': 'video/mp4'}",fbY4O04uunE,https://www.youtube.com/watch?v=fbY4O04uunE
clk6ldflp00423n6l9q27b78p,5927,front,,Abnormal Gait,stroke,"{'top': 7.301075268817204, 'left': 160.81720430107526, 'height': 344.4086021505376, 'width': 151.19354838709677}","{'height': 360, 'width': 640, 'mime_type': 'video/mp4'}",fbY4O04uunE,https://www.youtube.com/watch?v=fbY4O04uunE
clk6ldflp00423n6l9q27b78p,5928,front,,Abnormal Gait,stroke,"{'top': 7.297491039426523, 'left': 160.75985663082437, 'height': 344.3799283154122, 'width': 151.21505376344086}","{'height': 360, 'width': 640, 'mime_type': 'video/mp4'}",fbY4O04uunE,https://www.youtube.com/watch?v=fbY4O04uunE
clk6ldflp00423n6l9q27b78p,5929,front,,Abnormal Gait,stroke,"{'top': 7.293906810035843, 'left': 160.70250896057348, 'height': 344.35125448028674, 'width': 151.23655913978496}","{'height': 360, 'width': 640, 'mime_type': 'video/mp4'}",fbY4O04uunE,https://www.youtube.com/watch?v=fbY4O04uunE
clk6ldflp00423n6l9q27b78p,5930,front,,Abnormal Gait,stroke,"{'top': 7.290322580645161, 'left': 160.6451612903226, 'height': 344.3225806451613, 'width': 151.258064516129}","{'height': 360, 'width': 640, 'mime_type': 'video/mp4'}",fbY4O04uunE,https://www.youtube.com/watch?v=fbY4O04uunE
clk6ldflp00423n6l9q27b78p,5931,front,,Abnormal Gait,stroke,"{'top': 7.28673835125448, 'left': 160.5878136200717, 'height': 344.2939068100358, 'width': 151.2795698924731}","{'height': 360, 'width': 640, 'mime_type': 'video/mp4'}",fbY4O04uunE,https://www.youtube.com/watch?v=fbY4O04uunE
clk6ldflp00423n6l9q27b78p,5932,front,,Abnormal Gait,stroke,"{'top': 7.2831541218638, 'left': 160.53046594982078, 'height': 344.2652329749104, 'width': 151.30107526881721}","{'height': 360, 'width': 640, 'mime_type': 'video/mp4'}",fbY4O04uunE,https://www.youtube.com/watch?v=fbY4O04uunE
clk6ldflp00423n6l9q27b78p,5933,front,,Abnormal Gait,stroke,"{'top': 7.279569892473118, 'left': 160.4731182795699, 'height': 344.23655913978496, 'width': 151.3225806451613}","{'height': 360, 'width': 640, 'mime_type': 'video/mp4'}",fbY4O04uunE,https://www.youtube.com/watch?v=fbY4O04uunE
clk6ldflp00423n6l9q27b78p,5934,front,,Abnormal Gait,stroke,"{'top': 7.275985663082437, 'left': 160.415770609319, 'height': 344.2078853046595, 'width': 151.3440860215054}","{'height': 360, 'width': 640, 'mime_type': 'video/mp4'}",fbY4O04uunE,https://www.youtube.com/watch?v=fbY4O04uunE
clk6ldflp00423n6l9q27b78p,5935,front,,Abnormal Gait,stroke,"{'top': 7.272401433691757, 'left': 160.3584229390681, 'height': 344.17921146953404, 'width': 151.36559139784944}","{'height': 360, 'width': 640, 'mime_type': 'video/mp4'}",fbY4O04uunE,https://www.youtube.com/watch?v=fbY4O04uunE
clk6ldflp00423n6l9q27b78p,5936,front,,Abnormal Gait,stroke,"{'top': 7.268817204301075, 'left': 160.30107526881721, 'height': 344.15053763440864, 'width': 151.38709677419354}","{'height': 360, 'width': 640, 'mime_type': 'video/mp4'}",fbY4O04uunE,https://www.youtube.com/watch?v=fbY4O04uunE
clk6ldflp00423n6l9q27b78p,5937,front,,Abnormal Gait,stroke,"{'top': 7.265232974910394, 'left': 160.2437275985663, 'height': 344.1218637992831, 'width': 151.40860215053766}","{'height': 360, 'width': 640, 'mime_type': 'video/mp4'}",fbY4O04uunE,https://www.youtube.com/watch?v=fbY4O04uunE
clk6ldflp00423n6l9q27b78p,5938,front,,Abnormal Gait,stroke,"{'top': 7.261648745519714, 'left': 160.1863799283154, 'height': 344.0931899641577, 'width': 151.43010752688176}","{'height': 360, 'width': 640, 'mime_type': 'video/mp4'}",fbY4O04uunE,https://www.youtube.com/watch?v=fbY4O04uunE
clk6ldflp00423n6l9q27b78p,5939,front,,Abnormal Gait,stroke,"{'top': 7.258064516129032, 'left': 160.1290322580645, 'height': 344.06451612903226, 'width': 151.4516129032258}","{'height': 360, 'width': 640, 'mime_type': 'video/mp4'}",fbY4O04uunE,https://www.youtube.com/watch?v=fbY4O04uunE
clk6ldflp00423n6l9q27b78p,5940,front,,Abnormal Gait,stroke,"{'top': 7.254480286738351, 'left': 160.07168458781362, 'height': 344.03584229390685, 'width': 151.4731182795699}","{'height': 360, 'width': 640, 'mime_type': 'video/mp4'}",fbY4O04uunE,https://www.youtube.com/watch?v=fbY4O04uunE
clk6ldflp00423n6l9q27b78p,5941,front,,Abnormal Gait,stroke,"{'top': 7.250896057347671, 'left': 160.01433691756273, 'height': 344.00716845878134, 'width': 151.49462365591398}","{'height': 360, 'width': 640, 'mime_type': 'video/mp4'}",fbY4O04uunE,https://www.youtube.com/watch?v=fbY4O04uunE
clk6ldflp00423n6l9q27b78p,5942,front,,Abnormal Gait,stroke,"{'top': 7.247311827956989, 'left': 159.95698924731184, 'height': 343.97849462365593, 'width': 151.51612903225808}","{'height': 360, 'width': 640, 'mime_type': 'video/mp4'}",fbY4O04uunE,https://www.youtube.com/watch?v=fbY4O04uunE
clk6ldflp00423n6l9q27b78p,5943,front,,Abnormal Gait,stroke,"{'top': 7.243727598566308, 'left': 159.89964157706092, 'height': 343.9498207885305, 'width': 151.53763440860214}","{'height': 360, 'width': 640, 'mime_type': 'video/mp4'}",fbY4O04uunE,https://www.youtube.com/watch?v=fbY4O04uunE
clk6ldflp00423n6l9q27b78p,5944,front,,Abnormal Gait,stroke,"{'top': 7.240143369175628, 'left': 159.84229390681003, 'height': 343.921146953405, 'width': 151.55913978494624}","{'height': 360, 'width': 640, 'mime_type': 'video/mp4'}",fbY4O04uunE,https://www.youtube.com/watch?v=fbY4O04uunE
clk6ldflp00423n6l9q27b78p,5945,front,,Abnormal Gait,stroke,"{'top': 7.236559139784946, 'left': 159.78494623655914, 'height': 343.89247311827955, 'width': 151.58064516129033}","{'height': 360, 'width': 640, 'mime_type': 'video/mp4'}",fbY4O04uunE,https://www.youtube.com/watch?v=fbY4O04uunE
clk6ldflp00423n6l9q27b78p,5946,front,,Abnormal Gait,stroke,"{'top': 7.232974910394265, 'left': 159.72759856630825, 'height': 343.86379928315415, 'width': 151.60215053763443}","{'height': 360, 'width': 640, 'mime_type': 'video/mp4'}",fbY4O04uunE,https://www.youtube.com/watch?v=fbY4O04uunE
clk6ldflp00423n6l9q27b78p,5947,front,,Abnormal Gait,stroke,"{'top': 7.229390681003585, 'left': 159.67025089605735, 'height': 343.8351254480287, 'width': 151.62365591397847}","{'height': 360, 'width': 640, 'mime_type': 'video/mp4'}",fbY4O04uunE,https://www.youtube.com/watch?v=fbY4O04uunE
clk6ldflp00423n6l9q27b78p,5948,front,,Abnormal Gait,stroke,"{'top': 7.225806451612903, 'left': 159.61290322580646, 'height': 343.80645161290323, 'width': 151.64516129032256}","{'height': 360, 'width': 640, 'mime_type': 'video/mp4'}",fbY4O04uunE,https://www.youtube.com/watch?v=fbY4O04uunE
clk6ldflp00423n6l9q27b78p,5949,front,,Abnormal Gait,stroke,"{'top': 7.222222222222222, 'left': 159.55555555555554, 'height': 343.77777777777777, 'width': 151.66666666666669}","{'height': 360, 'width': 640, 'mime_type': 'video/mp4'}",fbY4O04uunE,https://www.youtube.com/watch?v=fbY4O04uunE
clk6ldflp00423n6l9q27b78p,5950,front,,Abnormal Gait,stroke,"{'top': 7.218637992831541, 'left': 159.49820788530465, 'height': 343.7491039426523, 'width': 151.68817204301078}","{'height': 360, 'width': 640, 'mime_type': 'video/mp4'}",fbY4O04uunE,https://www.youtube.com/watch?v=fbY4O04uunE
clk6ldflp00423n6l9q27b78p,5951,front,,Abnormal Gait,stroke,"{'top': 7.21505376344086, 'left': 159.44086021505376, 'height': 343.7204301075269, 'width': 151.70967741935482}","{'height': 360, 'width': 640, 'mime_type': 'video/mp4'}",fbY4O04uunE,https://www.youtube.com/watch?v=fbY4O04uunE
clk6ldflp00423n6l9q27b78p,5952,front,,Abnormal Gait,stroke,"{'top': 7.211469534050179, 'left': 159.38351254480287, 'height': 343.6917562724014, 'width': 151.7311827956989}","{'height': 360, 'width': 640, 'mime_type': 'video/mp4'}",fbY4O04uunE,https://www.youtube.com/watch?v=fbY4O04uunE
clk6ldflp00423n6l9q27b78p,5953,front,,Abnormal Gait,stroke,"{'top': 7.207885304659499, 'left': 159.32616487455198, 'height': 343.663082437276, 'width': 151.752688172043}","{'height': 360, 'width': 640, 'mime_type': 'video/mp4'}",fbY4O04uunE,https://www.youtube.com/watch?v=fbY4O04uunE
clk6ldflp00423n6l9q27b78p,5954,front,,Abnormal Gait,stroke,"{'top': 7.204301075268817, 'left': 159.2688172043011, 'height': 343.63440860215053, 'width': 151.7741935483871}","{'height': 360, 'width': 640, 'mime_type': 'video/mp4'}",fbY4O04uunE,https://www.youtube.com/watch?v=fbY4O04uunE
clk6ldflp00423n6l9q27b78p,5955,front,,Abnormal Gait,stroke,"{'top': 7.200716845878136, 'left': 159.21146953405017, 'height': 343.60573476702507, 'width': 151.79569892473117}","{'height': 360, 'width': 640, 'mime_type': 'video/mp4'}",fbY4O04uunE,https://www.youtube.com/watch?v=fbY4O04uunE
clk6ldflp00423n6l9q27b78p,5956,front,,Abnormal Gait,stroke,"{'top': 7.197132616487455, 'left': 159.15412186379928, 'height': 343.5770609318996, 'width': 151.81720430107526}","{'height': 360, 'width': 640, 'mime_type': 'video/mp4'}",fbY4O04uunE,https://www.youtube.com/watch?v=fbY4O04uunE
clk6ldflp00423n6l9q27b78p,5957,front,,Abnormal Gait,stroke,"{'top': 7.193548387096774, 'left': 159.09677419354838, 'height': 343.5483870967742, 'width': 151.83870967741936}","{'height': 360, 'width': 640, 'mime_type': 'video/mp4'}",fbY4O04uunE,https://www.youtube.com/watch?v=fbY4O04uunE
clk6ldflp00423n6l9q27b78p,5958,front,,Abnormal Gait,stroke,"{'top': 7.189964157706093, 'left': 159.0394265232975, 'height': 343.51971326164875, 'width': 151.86021505376345}","{'height': 360, 'width': 640, 'mime_type': 'video/mp4'}",fbY4O04uunE,https://www.youtube.com/watch?v=fbY4O04uunE
clk6ldflp00423n6l9q27b78p,5959,front,,Abnormal Gait,stroke,"{'top': 7.186379928315413, 'left': 158.9820788530466, 'height': 343.4910394265233, 'width': 151.8817204301075}","{'height': 360, 'width': 640, 'mime_type': 'video/mp4'}",fbY4O04uunE,https://www.youtube.com/watch?v=fbY4O04uunE
clk6ldflp00423n6l9q27b78p,5960,front,,Abnormal Gait,stroke,"{'top': 7.182795698924731, 'left': 158.9247311827957, 'height': 343.4623655913978, 'width': 151.9032258064516}","{'height': 360, 'width': 640, 'mime_type': 'video/mp4'}",fbY4O04uunE,https://www.youtube.com/watch?v=fbY4O04uunE
clk6ldflp00423n6l9q27b78p,5961,front,,Abnormal Gait,stroke,"{'top': 7.17921146953405, 'left': 158.8673835125448, 'height': 343.4336917562724, 'width': 151.9247311827957}","{'height': 360, 'width': 640, 'mime_type': 'video/mp4'}",fbY4O04uunE,https://www.youtube.com/watch?v=fbY4O04uunE
clk6ldflp00423n6l9q27b78p,5962,front,,Abnormal Gait,stroke,"{'top': 7.175627240143369, 'left': 158.8100358422939, 'height': 343.40501792114696, 'width': 151.9462365591398}","{'height': 360, 'width': 640, 'mime_type': 'video/mp4'}",fbY4O04uunE,https://www.youtube.com/watch?v=fbY4O04uunE
clk6ldflp00423n6l9q27b78p,5963,front,,Abnormal Gait,stroke,"{'top': 7.172043010752688, 'left': 158.752688172043, 'height': 343.3763440860215, 'width': 151.9677419354839}","{'height': 360, 'width': 640, 'mime_type': 'video/mp4'}",fbY4O04uunE,https://www.youtube.com/watch?v=fbY4O04uunE
clk6ldflp00423n6l9q27b78p,5964,front,,Abnormal Gait,stroke,"{'top': 7.168458781362007, 'left': 158.69534050179212, 'height': 343.34767025089604, 'width': 151.98924731182794}","{'height': 360, 'width': 640, 'mime_type': 'video/mp4'}",fbY4O04uunE,https://www.youtube.com/watch?v=fbY4O04uunE
clk6ldflp00423n6l9q27b78p,5965,front,,Abnormal Gait,stroke,"{'top': 7.164874551971327, 'left': 158.63799283154123, 'height': 343.31899641577064, 'width': 152.01075268817203}","{'height': 360, 'width': 640, 'mime_type': 'video/mp4'}",fbY4O04uunE,https://www.youtube.com/watch?v=fbY4O04uunE
clk6ldflp00423n6l9q27b78p,5966,front,,Abnormal Gait,stroke,"{'top': 7.161290322580645, 'left': 158.58064516129033, 'height': 343.2903225806451, 'width': 152.03225806451613}","{'height': 360, 'width': 640, 'mime_type': 'video/mp4'}",fbY4O04uunE,https://www.youtube.com/watch?v=fbY4O04uunE
clk6ldflp00423n6l9q27b78p,5967,front,,Abnormal Gait,stroke,"{'top': 7.157706093189964, 'left': 158.52329749103941, 'height': 343.2616487455197, 'width': 152.05376344086025}","{'height': 360, 'width': 640, 'mime_type': 'video/mp4'}",fbY4O04uunE,https://www.youtube.com/watch?v=fbY4O04uunE
clk6ldflp00423n6l9q27b78p,5968,front,,Abnormal Gait,stroke,"{'top': 7.154121863799283, 'left': 158.46594982078852, 'height': 343.23297491039426, 'width': 152.0752688172043}","{'height': 360, 'width': 640, 'mime_type': 'video/mp4'}",fbY4O04uunE,https://www.youtube.com/watch?v=fbY4O04uunE
clk6ldflp00423n6l9q27b78p,5969,front,,Abnormal Gait,stroke,"{'top': 7.150537634408602, 'left': 158.40860215053763, 'height': 343.20430107526886, 'width': 152.09677419354838}","{'height': 360, 'width': 640, 'mime_type': 'video/mp4'}",fbY4O04uunE,https://www.youtube.com/watch?v=fbY4O04uunE
clk6ldflp00423n6l9q27b78p,5970,front,,Abnormal Gait,stroke,"{'top': 7.146953405017921, 'left': 158.35125448028674, 'height': 343.17562724014334, 'width': 152.11827956989248}","{'height': 360, 'width': 640, 'mime_type': 'video/mp4'}",fbY4O04uunE,https://www.youtube.com/watch?v=fbY4O04uunE
clk6ldflp00423n6l9q27b78p,5971,front,,Abnormal Gait,stroke,"{'top': 7.143369175627241, 'left': 158.29390681003585, 'height': 343.14695340501794, 'width': 152.13978494623657}","{'height': 360, 'width': 640, 'mime_type': 'video/mp4'}",fbY4O04uunE,https://www.youtube.com/watch?v=fbY4O04uunE
clk6ldflp00423n6l9q27b78p,5972,front,,Abnormal Gait,stroke,"{'top': 7.139784946236559, 'left': 158.23655913978496, 'height': 343.1182795698925, 'width': 152.1612903225806}","{'height': 360, 'width': 640, 'mime_type': 'video/mp4'}",fbY4O04uunE,https://www.youtube.com/watch?v=fbY4O04uunE
clk6ldflp00423n6l9q27b78p,5973,front,,Abnormal Gait,stroke,"{'top': 7.136200716845878, 'left': 158.17921146953404, 'height': 343.089605734767, 'width': 152.18279569892474}","{'height': 360, 'width': 640, 'mime_type': 'video/mp4'}",fbY4O04uunE,https://www.youtube.com/watch?v=fbY4O04uunE
clk6ldflp00423n6l9q27b78p,5974,front,,Abnormal Gait,stroke,"{'top': 7.132616487455197, 'left': 158.12186379928315, 'height': 343.06093189964156, 'width': 152.20430107526883}","{'height': 360, 'width': 640, 'mime_type': 'video/mp4'}",fbY4O04uunE,https://www.youtube.com/watch?v=fbY4O04uunE
clk6ldflp00423n6l9q27b78p,5975,front,,Abnormal Gait,stroke,"{'top': 7.129032258064516, 'left': 158.06451612903226, 'height': 343.03225806451616, 'width': 152.22580645161293}","{'height': 360, 'width': 640, 'mime_type': 'video/mp4'}",fbY4O04uunE,https://www.youtube.com/watch?v=fbY4O04uunE
clk6ldflp00423n6l9q27b78p,5976,front,,Abnormal Gait,stroke,"{'top': 7.125448028673835, 'left': 158.00716845878136, 'height': 343.0035842293907, 'width': 152.24731182795696}","{'height': 360, 'width': 640, 'mime_type': 'video/mp4'}",fbY4O04uunE,https://www.youtube.com/watch?v=fbY4O04uunE
clk6ldflp00423n6l9q27b78p,5977,front,,Abnormal Gait,stroke,"{'top': 7.121863799283155, 'left': 157.94982078853047, 'height': 342.97491039426524, 'width': 152.26881720430106}","{'height': 360, 'width': 640, 'mime_type': 'video/mp4'}",fbY4O04uunE,https://www.youtube.com/watch?v=fbY4O04uunE
clk6ldflp00423n6l9q27b78p,5978,front,,Abnormal Gait,stroke,"{'top': 7.118279569892473, 'left': 157.89247311827958, 'height': 342.9462365591398, 'width': 152.29032258064515}","{'height': 360, 'width': 640, 'mime_type': 'video/mp4'}",fbY4O04uunE,https://www.youtube.com/watch?v=fbY4O04uunE
clk6ldflp00423n6l9q27b78p,5979,front,,Abnormal Gait,stroke,"{'top': 7.114695340501792, 'left': 157.83512544802866, 'height': 342.9175627240144, 'width': 152.31182795698928}","{'height': 360, 'width': 640, 'mime_type': 'video/mp4'}",fbY4O04uunE,https://www.youtube.com/watch?v=fbY4O04uunE
clk6ldflp00423n6l9q27b78p,5980,front,,Abnormal Gait,stroke,"{'top': 7.111111111111111, 'left': 157.77777777777777, 'height': 342.8888888888889, 'width': 152.33333333333331}","{'height': 360, 'width': 640, 'mime_type': 'video/mp4'}",fbY4O04uunE,https://www.youtube.com/watch?v=fbY4O04uunE
clk6ldflp00423n6l9q27b78p,5981,front,,Abnormal Gait,stroke,"{'top': 7.10752688172043, 'left': 157.72043010752688, 'height': 342.86021505376345, 'width': 152.3548387096774}","{'height': 360, 'width': 640, 'mime_type': 'video/mp4'}",fbY4O04uunE,https://www.youtube.com/watch?v=fbY4O04uunE
clk6ldflp00423n6l9q27b78p,5982,front,,Abnormal Gait,stroke,"{'top': 7.103942652329749, 'left': 157.663082437276, 'height': 342.831541218638, 'width': 152.3763440860215}","{'height': 360, 'width': 640, 'mime_type': 'video/mp4'}",fbY4O04uunE,https://www.youtube.com/watch?v=fbY4O04uunE
clk6ldflp00423n6l9q27b78p,5983,front,,Abnormal Gait,stroke,"{'top': 7.100358422939068, 'left': 157.6057347670251, 'height': 342.80286738351253, 'width': 152.3978494623656}","{'height': 360, 'width': 640, 'mime_type': 'video/mp4'}",fbY4O04uunE,https://www.youtube.com/watch?v=fbY4O04uunE
clk6ldflp00423n6l9q27b78p,5984,front,,Abnormal Gait,stroke,"{'top': 7.096774193548387, 'left': 157.5483870967742, 'height': 342.7741935483871, 'width': 152.4193548387097}","{'height': 360, 'width': 640, 'mime_type': 'video/mp4'}",fbY4O04uunE,https://www.youtube.com/watch?v=fbY4O04uunE
clk6ldflp00423n6l9q27b78p,5985,front,,Abnormal Gait,stroke,"{'top': 7.093189964157706, 'left': 157.4910394265233, 'height': 342.7455197132616, 'width': 152.44086021505376}","{'height': 360, 'width': 640, 'mime_type': 'video/mp4'}",fbY4O04uunE,https://www.youtube.com/watch?v=fbY4O04uunE
clk6ldflp00423n6l9q27b78p,5986,front,,Abnormal Gait,stroke,"{'top': 7.089605734767025, 'left': 157.4336917562724, 'height': 342.7168458781362, 'width': 152.46236559139786}","{'height': 360, 'width': 640, 'mime_type': 'video/mp4'}",fbY4O04uunE,https://www.youtube.com/watch?v=fbY4O04uunE
clk6ldflp00423n6l9q27b78p,5987,front,,Abnormal Gait,stroke,"{'top': 7.086021505376344, 'left': 157.3763440860215, 'height': 342.68817204301075, 'width': 152.48387096774195}","{'height': 360, 'width': 640, 'mime_type': 'video/mp4'}",fbY4O04uunE,https://www.youtube.com/watch?v=fbY4O04uunE
clk6ldflp00423n6l9q27b78p,5988,front,,Abnormal Gait,stroke,"{'top': 7.082437275985663, 'left': 157.3189964157706, 'height': 342.6594982078853, 'width': 152.50537634408605}","{'height': 360, 'width': 640, 'mime_type': 'video/mp4'}",fbY4O04uunE,https://www.youtube.com/watch?v=fbY4O04uunE
clk6ldflp00423n6l9q27b78p,5989,front,,Abnormal Gait,stroke,"{'top': 7.078853046594982, 'left': 157.26164874551972, 'height': 342.63082437275983, 'width': 152.52688172043008}","{'height': 360, 'width': 640, 'mime_type': 'video/mp4'}",fbY4O04uunE,https://www.youtube.com/watch?v=fbY4O04uunE
clk6ldflp00423n6l9q27b78p,5990,front,,Abnormal Gait,stroke,"{'top': 7.075268817204301, 'left': 157.20430107526883, 'height': 342.60215053763443, 'width': 152.54838709677418}","{'height': 360, 'width': 640, 'mime_type': 'video/mp4'}",fbY4O04uunE,https://www.youtube.com/watch?v=fbY4O04uunE
clk6ldflp00423n6l9q27b78p,5991,front,,Abnormal Gait,stroke,"{'top': 7.07168458781362, 'left': 157.1469534050179, 'height': 342.57347670250897, 'width': 152.5698924731183}","{'height': 360, 'width': 640, 'mime_type': 'video/mp4'}",fbY4O04uunE,https://www.youtube.com/watch?v=fbY4O04uunE
clk6ldflp00423n6l9q27b78p,5992,front,,Abnormal Gait,stroke,"{'top': 7.068100358422939, 'left': 157.08960573476702, 'height': 342.5448028673835, 'width': 152.5913978494624}","{'height': 360, 'width': 640, 'mime_type': 'video/mp4'}",fbY4O04uunE,https://www.youtube.com/watch?v=fbY4O04uunE
clk6ldflp00423n6l9q27b78p,5993,front,,Abnormal Gait,stroke,"{'top': 7.064516129032258, 'left': 157.03225806451613, 'height': 342.51612903225805, 'width': 152.61290322580643}","{'height': 360, 'width': 640, 'mime_type': 'video/mp4'}",fbY4O04uunE,https://www.youtube.com/watch?v=fbY4O04uunE
clk6ldflp00423n6l9q27b78p,5994,front,,Abnormal Gait,stroke,"{'top': 7.060931899641577, 'left': 156.97491039426524, 'height': 342.48745519713265, 'width': 152.63440860215053}","{'height': 360, 'width': 640, 'mime_type': 'video/mp4'}",fbY4O04uunE,https://www.youtube.com/watch?v=fbY4O04uunE
clk6ldflp00423n6l9q27b78p,5995,front,,Abnormal Gait,stroke,"{'top': 7.057347670250896, 'left': 156.91756272401435, 'height': 342.45878136200713, 'width': 152.65591397849462}","{'height': 360, 'width': 640, 'mime_type': 'video/mp4'}",fbY4O04uunE,https://www.youtube.com/watch?v=fbY4O04uunE
clk6ldflp00423n6l9q27b78p,5996,front,,Abnormal Gait,stroke,"{'top': 7.053763440860215, 'left': 156.86021505376345, 'height': 342.4301075268817, 'width': 152.67741935483872}","{'height': 360, 'width': 640, 'mime_type': 'video/mp4'}",fbY4O04uunE,https://www.youtube.com/watch?v=fbY4O04uunE
clk6ldflp00423n6l9q27b78p,5997,front,,Abnormal Gait,stroke,"{'top': 7.050179211469534, 'left': 156.80286738351253, 'height': 342.40143369175627, 'width': 152.69892473118279}","{'height': 360, 'width': 640, 'mime_type': 'video/mp4'}",fbY4O04uunE,https://www.youtube.com/watch?v=fbY4O04uunE
clk6ldflp00423n6l9q27b78p,5998,front,,Abnormal Gait,stroke,"{'top': 7.046594982078853, 'left': 156.74551971326164, 'height': 342.37275985663086, 'width': 152.72043010752688}","{'height': 360, 'width': 640, 'mime_type': 'video/mp4'}",fbY4O04uunE,https://www.youtube.com/watch?v=fbY4O04uunE
clk6ldflp00423n6l9q27b78p,5999,front,,Abnormal Gait,stroke,"{'top': 7.043010752688172, 'left': 156.68817204301075, 'height': 342.34408602150535, 'width': 152.74193548387098}","{'height': 360, 'width': 640, 'mime_type': 'video/mp4'}",fbY4O04uunE,https://www.youtube.com/watch?v=fbY4O04uunE
clk6ldflp00423n6l9q27b78p,6000,front,,Abnormal Gait,stroke,"{'top': 7.039426523297491, 'left': 156.63082437275986, 'height': 342.31541218637994, 'width': 152.76344086021507}","{'height': 360, 'width': 640, 'mime_type': 'video/mp4'}",fbY4O04uunE,https://www.youtube.com/watch?v=fbY4O04uunE
clk6ldflp00423n6l9q27b78p,6001,front,,Abnormal Gait,stroke,"{'top': 7.03584229390681, 'left': 156.57347670250897, 'height': 342.2867383512545, 'width': 152.7849462365591}","{'height': 360, 'width': 640, 'mime_type': 'video/mp4'}",fbY4O04uunE,https://www.youtube.com/watch?v=fbY4O04uunE
clk6ldflp00423n6l9q27b78p,6002,front,,Abnormal Gait,stroke,"{'top': 7.032258064516129, 'left': 156.51612903225805, 'height': 342.258064516129, 'width': 152.80645161290323}","{'height': 360, 'width': 640, 'mime_type': 'video/mp4'}",fbY4O04uunE,https://www.youtube.com/watch?v=fbY4O04uunE
clk6ldflp00423n6l9q27b78p,6003,front,,Abnormal Gait,stroke,"{'top': 7.028673835125448, 'left': 156.45878136200716, 'height': 342.22939068100357, 'width': 152.82795698924733}","{'height': 360, 'width': 640, 'mime_type': 'video/mp4'}",fbY4O04uunE,https://www.youtube.com/watch?v=fbY4O04uunE
clk6ldflp00423n6l9q27b78p,6004,front,,Abnormal Gait,stroke,"{'top': 7.025089605734767, 'left': 156.40143369175627, 'height': 342.20071684587816, 'width': 152.84946236559142}","{'height': 360, 'width': 640, 'mime_type': 'video/mp4'}",fbY4O04uunE,https://www.youtube.com/watch?v=fbY4O04uunE
clk6ldflp00423n6l9q27b78p,6005,front,,Abnormal Gait,stroke,"{'top': 7.021505376344086, 'left': 156.34408602150538, 'height': 342.1720430107527, 'width': 152.87096774193546}","{'height': 360, 'width': 640, 'mime_type': 'video/mp4'}",fbY4O04uunE,https://www.youtube.com/watch?v=fbY4O04uunE
clk6ldflp00423n6l9q27b78p,6006,front,,Abnormal Gait,stroke,"{'top': 7.017921146953405, 'left': 156.28673835125448, 'height': 342.14336917562724, 'width': 152.89247311827955}","{'height': 360, 'width': 640, 'mime_type': 'video/mp4'}",fbY4O04uunE,https://www.youtube.com/watch?v=fbY4O04uunE
clk6ldflp00423n6l9q27b78p,6007,front,,Abnormal Gait,stroke,"{'top': 7.014336917562724, 'left': 156.2293906810036, 'height': 342.1146953405018, 'width': 152.91397849462365}","{'height': 360, 'width': 640, 'mime_type': 'video/mp4'}",fbY4O04uunE,https://www.youtube.com/watch?v=fbY4O04uunE
clk6ldflp00423n6l9q27b78p,6008,front,,Abnormal Gait,stroke,"{'top': 7.010752688172043, 'left': 156.1720430107527, 'height': 342.0860215053764, 'width': 152.93548387096774}","{'height': 360, 'width': 640, 'mime_type': 'video/mp4'}",fbY4O04uunE,https://www.youtube.com/watch?v=fbY4O04uunE
clk6ldflp00423n6l9q27b78p,6009,front,,Abnormal Gait,stroke,"{'top': 7.007168458781362, 'left': 156.11469534050178, 'height': 342.0573476702509, 'width': 152.9569892473118}","{'height': 360, 'width': 640, 'mime_type': 'video/mp4'}",fbY4O04uunE,https://www.youtube.com/watch?v=fbY4O04uunE
clk6ldflp00423n6l9q27b78p,6010,front,,Abnormal Gait,stroke,"{'top': 7.003584229390681, 'left': 156.0573476702509, 'height': 342.02867383512546, 'width': 152.9784946236559}","{'height': 360, 'width': 640, 'mime_type': 'video/mp4'}",fbY4O04uunE,https://www.youtube.com/watch?v=fbY4O04uunE
clk6ldflp00423n6l9q27b78p,6011,front,,Abnormal Gait,stroke,"{'top': 7.0, 'left': 156.0, 'height': 342.0, 'width': 153.0}","{'height': 360, 'width': 640, 'mime_type': 'video/mp4'}",fbY4O04uunE,https://www.youtube.com/watch?v=fbY4O04uunE
clk6ldflp00423n6l9q27b78p,6012,front,,Abnormal Gait,stroke,"{'top': 7.201834862385321, 'left': 156.22018348623854, 'height': 341.77064220183485, 'width': 152.74311926605506}","{'height': 360, 'width': 640, 'mime_type': 'video/mp4'}",fbY4O04uunE,https://www.youtube.com/watch?v=fbY4O04uunE
clk6ldflp00423n6l9q27b78p,6013,front,,Abnormal Gait,stroke,"{'top': 7.4036697247706424, 'left': 156.44036697247705, 'height': 341.54128440366975, 'width': 152.4862385321101}","{'height': 360, 'width': 640, 'mime_type': 'video/mp4'}",fbY4O04uunE,https://www.youtube.com/watch?v=fbY4O04uunE
clk6ldflp00423n6l9q27b78p,6014,front,,Abnormal Gait,stroke,"{'top': 7.605504587155964, 'left': 156.6605504587156, 'height': 341.3119266055046, 'width': 152.22935779816515}","{'height': 360, 'width': 640, 'mime_type': 'video/mp4'}",fbY4O04uunE,https://www.youtube.com/watch?v=fbY4O04uunE
clk6ldflp00423n6l9q27b78p,6015,front,,Abnormal Gait,stroke,"{'top': 7.807339449541285, 'left': 156.88073394495413, 'height': 341.08256880733944, 'width': 151.97247706422016}","{'height': 360, 'width': 640, 'mime_type': 'video/mp4'}",fbY4O04uunE,https://www.youtube.com/watch?v=fbY4O04uunE
clk6ldflp00423n6l9q27b78p,6016,front,,Abnormal Gait,stroke,"{'top': 8.009174311926605, 'left': 157.10091743119267, 'height': 340.85321100917434, 'width': 151.71559633027522}","{'height': 360, 'width': 640, 'mime_type': 'video/mp4'}",fbY4O04uunE,https://www.youtube.com/watch?v=fbY4O04uunE
clk6ldflp00423n6l9q27b78p,6017,front,,Abnormal Gait,stroke,"{'top': 8.211009174311927, 'left': 157.32110091743118, 'height': 340.6238532110092, 'width': 151.4587155963303}","{'height': 360, 'width': 640, 'mime_type': 'video/mp4'}",fbY4O04uunE,https://www.youtube.com/watch?v=fbY4O04uunE
clk6ldflp00423n6l9q27b78p,6018,front,,Abnormal Gait,stroke,"{'top': 8.412844036697248, 'left': 157.54128440366972, 'height': 340.39449541284404, 'width': 151.2018348623853}","{'height': 360, 'width': 640, 'mime_type': 'video/mp4'}",fbY4O04uunE,https://www.youtube.com/watch?v=fbY4O04uunE
clk6ldflp00423n6l9q27b78p,6019,front,,Abnormal Gait,stroke,"{'top': 8.61467889908257, 'left': 157.76146788990826, 'height': 340.16513761467894, 'width': 150.94495412844037}","{'height': 360, 'width': 640, 'mime_type': 'video/mp4'}",fbY4O04uunE,https://www.youtube.com/watch?v=fbY4O04uunE
clk6ldflp00423n6l9q27b78p,6020,front,,Abnormal Gait,stroke,"{'top': 8.81651376146789, 'left': 157.9816513761468, 'height': 339.9357798165138, 'width': 150.68807339449538}","{'height': 360, 'width': 640, 'mime_type': 'video/mp4'}",fbY4O04uunE,https://www.youtube.com/watch?v=fbY4O04uunE
clk6ldflp00423n6l9q27b78p,6021,front,,Abnormal Gait,stroke,"{'top': 9.01834862385321, 'left': 158.2018348623853, 'height': 339.70642201834863, 'width': 150.43119266055047}","{'height': 360, 'width': 640, 'mime_type': 'video/mp4'}",fbY4O04uunE,https://www.youtube.com/watch?v=fbY4O04uunE
clk6ldflp00423n6l9q27b78p,6022,front,,Abnormal Gait,stroke,"{'top': 9.220183486238533, 'left': 158.42201834862385, 'height': 339.4770642201835, 'width': 150.17431192660553}","{'height': 360, 'width': 640, 'mime_type': 'video/mp4'}",fbY4O04uunE,https://www.youtube.com/watch?v=fbY4O04uunE
clk6ldflp00423n6l9q27b78p,6023,front,,Abnormal Gait,stroke,"{'top': 9.422018348623853, 'left': 158.6422018348624, 'height': 339.2477064220183, 'width': 149.91743119266053}","{'height': 360, 'width': 640, 'mime_type': 'video/mp4'}",fbY4O04uunE,https://www.youtube.com/watch?v=fbY4O04uunE
clk6ldflp00423n6l9q27b78p,6024,front,,Abnormal Gait,stroke,"{'top': 9.623853211009175, 'left': 158.86238532110093, 'height': 339.01834862385317, 'width': 149.6605504587156}","{'height': 360, 'width': 640, 'mime_type': 'video/mp4'}",fbY4O04uunE,https://www.youtube.com/watch?v=fbY4O04uunE
clk6ldflp00423n6l9q27b78p,6025,front,,Abnormal Gait,stroke,"{'top': 9.825688073394495, 'left': 159.08256880733944, 'height': 338.7889908256881, 'width': 149.40366972477062}","{'height': 360, 'width': 640, 'mime_type': 'video/mp4'}",fbY4O04uunE,https://www.youtube.com/watch?v=fbY4O04uunE
clk6ldflp00423n6l9q27b78p,6026,front,,Abnormal Gait,stroke,"{'top': 10.027522935779817, 'left': 159.30275229357798, 'height': 338.5596330275229, 'width': 149.14678899082568}","{'height': 360, 'width': 640, 'mime_type': 'video/mp4'}",fbY4O04uunE,https://www.youtube.com/watch?v=fbY4O04uunE
clk6ldflp00423n6l9q27b78p,6027,front,,Abnormal Gait,stroke,"{'top': 10.229357798165138, 'left': 159.52293577981652, 'height': 338.33027522935777, 'width': 148.88990825688074}","{'height': 360, 'width': 640, 'mime_type': 'video/mp4'}",fbY4O04uunE,https://www.youtube.com/watch?v=fbY4O04uunE
clk6ldflp00423n6l9q27b78p,6028,front,,Abnormal Gait,stroke,"{'top': 10.431192660550458, 'left': 159.74311926605503, 'height': 338.10091743119267, 'width': 148.63302752293578}","{'height': 360, 'width': 640, 'mime_type': 'video/mp4'}",fbY4O04uunE,https://www.youtube.com/watch?v=fbY4O04uunE
clk6ldflp00423n6l9q27b78p,6029,front,,Abnormal Gait,stroke,"{'top': 10.63302752293578, 'left': 159.96330275229357, 'height': 337.8715596330275, 'width': 148.37614678899084}","{'height': 360, 'width': 640, 'mime_type': 'video/mp4'}",fbY4O04uunE,https://www.youtube.com/watch?v=fbY4O04uunE
clk6ldflp00423n6l9q27b78p,6030,front,,Abnormal Gait,stroke,"{'top': 10.8348623853211, 'left': 160.1834862385321, 'height': 337.64220183486236, 'width': 148.1192660550459}","{'height': 360, 'width': 640, 'mime_type': 'video/mp4'}",fbY4O04uunE,https://www.youtube.com/watch?v=fbY4O04uunE
clk6ldflp00423n6l9q27b78p,6031,front,,Abnormal Gait,stroke,"{'top': 11.036697247706423, 'left': 160.40366972477065, 'height': 337.41284403669727, 'width': 147.8623853211009}","{'height': 360, 'width': 640, 'mime_type': 'video/mp4'}",fbY4O04uunE,https://www.youtube.com/watch?v=fbY4O04uunE
clk6ldflp00423n6l9q27b78p,6032,front,,Abnormal Gait,stroke,"{'top': 11.238532110091743, 'left': 160.62385321100916, 'height': 337.1834862385321, 'width': 147.605504587156}","{'height': 360, 'width': 640, 'mime_type': 'video/mp4'}",fbY4O04uunE,https://www.youtube.com/watch?v=fbY4O04uunE
clk6ldflp00423n6l9q27b78p,6033,front,,Abnormal Gait,stroke,"{'top': 11.440366972477065, 'left': 160.8440366972477, 'height': 336.95412844036696, 'width': 147.348623853211}","{'height': 360, 'width': 640, 'mime_type': 'video/mp4'}",fbY4O04uunE,https://www.youtube.com/watch?v=fbY4O04uunE
clk6ldflp00423n6l9q27b78p,6034,front,,Abnormal Gait,stroke,"{'top': 11.642201834862385, 'left': 161.06422018348624, 'height': 336.72477064220186, 'width': 147.09174311926606}","{'height': 360, 'width': 640, 'mime_type': 'video/mp4'}",fbY4O04uunE,https://www.youtube.com/watch?v=fbY4O04uunE
clk6ldflp00423n6l9q27b78p,6035,front,,Abnormal Gait,stroke,"{'top': 11.844036697247706, 'left': 161.28440366972478, 'height': 336.4954128440367, 'width': 146.83486238532112}","{'height': 360, 'width': 640, 'mime_type': 'video/mp4'}",fbY4O04uunE,https://www.youtube.com/watch?v=fbY4O04uunE
clk6ldflp00423n6l9q27b78p,6036,front,,Abnormal Gait,stroke,"{'top': 12.045871559633028, 'left': 161.5045871559633, 'height': 336.26605504587155, 'width': 146.57798165137615}","{'height': 360, 'width': 640, 'mime_type': 'video/mp4'}",fbY4O04uunE,https://www.youtube.com/watch?v=fbY4O04uunE
clk6ldflp00423n6l9q27b78p,6037,front,,Abnormal Gait,stroke,"{'top': 12.24770642201835, 'left': 161.72477064220183, 'height': 336.03669724770646, 'width': 146.3211009174312}","{'height': 360, 'width': 640, 'mime_type': 'video/mp4'}",fbY4O04uunE,https://www.youtube.com/watch?v=fbY4O04uunE
clk6ldflp00423n6l9q27b78p,6038,front,,Abnormal Gait,stroke,"{'top': 12.44954128440367, 'left': 161.94495412844037, 'height': 335.8073394495413, 'width': 146.0642201834862}","{'height': 360, 'width': 640, 'mime_type': 'video/mp4'}",fbY4O04uunE,https://www.youtube.com/watch?v=fbY4O04uunE
clk6ldflp00423n6l9q27b78p,6039,front,,Abnormal Gait,stroke,"{'top': 12.65137614678899, 'left': 162.1651376146789, 'height': 335.57798165137615, 'width': 145.80733944954127}","{'height': 360, 'width': 640, 'mime_type': 'video/mp4'}",fbY4O04uunE,https://www.youtube.com/watch?v=fbY4O04uunE
clk6ldflp00423n6l9q27b78p,6040,front,,Abnormal Gait,stroke,"{'top': 12.853211009174313, 'left': 162.38532110091742, 'height': 335.34862385321105, 'width': 145.55045871559636}","{'height': 360, 'width': 640, 'mime_type': 'video/mp4'}",fbY4O04uunE,https://www.youtube.com/watch?v=fbY4O04uunE
clk6ldflp00423n6l9q27b78p,6041,front,,Abnormal Gait,stroke,"{'top': 13.055045871559633, 'left': 162.60550458715596, 'height': 335.1192660550459, 'width': 145.29357798165137}","{'height': 360, 'width': 640, 'mime_type': 'video/mp4'}",fbY4O04uunE,https://www.youtube.com/watch?v=fbY4O04uunE
clk6ldflp00423n6l9q27b78p,6042,front,,Abnormal Gait,stroke,"{'top': 13.256880733944953, 'left': 162.8256880733945, 'height': 334.88990825688074, 'width': 145.03669724770643}","{'height': 360, 'width': 640, 'mime_type': 'video/mp4'}",fbY4O04uunE,https://www.youtube.com/watch?v=fbY4O04uunE
clk6ldflp00423n6l9q27b78p,6043,front,,Abnormal Gait,stroke,"{'top': 13.458715596330276, 'left': 163.04587155963304, 'height': 334.66055045871565, 'width': 144.77981651376143}","{'height': 360, 'width': 640, 'mime_type': 'video/mp4'}",fbY4O04uunE,https://www.youtube.com/watch?v=fbY4O04uunE
clk6ldflp00423n6l9q27b78p,6044,front,,Abnormal Gait,stroke,"{'top': 13.660550458715598, 'left': 163.26605504587155, 'height': 334.43119266055044, 'width': 144.52293577981652}","{'height': 360, 'width': 640, 'mime_type': 'video/mp4'}",fbY4O04uunE,https://www.youtube.com/watch?v=fbY4O04uunE
clk6ldflp00423n6l9q27b78p,6045,front,,Abnormal Gait,stroke,"{'top': 13.862385321100918, 'left': 163.4862385321101, 'height': 334.2018348623853, 'width': 144.26605504587158}","{'height': 360, 'width': 640, 'mime_type': 'video/mp4'}",fbY4O04uunE,https://www.youtube.com/watch?v=fbY4O04uunE
clk6ldflp00423n6l9q27b78p,6046,front,,Abnormal Gait,stroke,"{'top': 14.064220183486238, 'left': 163.70642201834863, 'height': 333.9724770642202, 'width': 144.00917431192659}","{'height': 360, 'width': 640, 'mime_type': 'video/mp4'}",fbY4O04uunE,https://www.youtube.com/watch?v=fbY4O04uunE
clk6ldflp00423n6l9q27b78p,6047,front,,Abnormal Gait,stroke,"{'top': 14.26605504587156, 'left': 163.92660550458714, 'height': 333.74311926605503, 'width': 143.75229357798167}","{'height': 360, 'width': 640, 'mime_type': 'video/mp4'}",fbY4O04uunE,https://www.youtube.com/watch?v=fbY4O04uunE
clk6ldflp00423n6l9q27b78p,6048,front,,Abnormal Gait,stroke,"{'top': 14.46788990825688, 'left': 164.14678899082568, 'height': 333.5137614678899, 'width': 143.49541284403668}","{'height': 360, 'width': 640, 'mime_type': 'video/mp4'}",fbY4O04uunE,https://www.youtube.com/watch?v=fbY4O04uunE
clk6ldflp00423n6l9q27b78p,6049,front,,Abnormal Gait,stroke,"{'top': 14.669724770642201, 'left': 164.36697247706422, 'height': 333.2844036697248, 'width': 143.23853211009174}","{'height': 360, 'width': 640, 'mime_type': 'video/mp4'}",fbY4O04uunE,https://www.youtube.com/watch?v=fbY4O04uunE
clk6ldflp00423n6l9q27b78p,6050,front,,Abnormal Gait,stroke,"{'top': 14.871559633027523, 'left': 164.58715596330276, 'height': 333.0550458715596, 'width': 142.9816513761468}","{'height': 360, 'width': 640, 'mime_type': 'video/mp4'}",fbY4O04uunE,https://www.youtube.com/watch?v=fbY4O04uunE
clk6ldflp00423n6l9q27b78p,6051,front,,Abnormal Gait,stroke,"{'top': 15.073394495412845, 'left': 164.80733944954127, 'height': 332.8256880733945, 'width': 142.72477064220183}","{'height': 360, 'width': 640, 'mime_type': 'video/mp4'}",fbY4O04uunE,https://www.youtube.com/watch?v=fbY4O04uunE
clk6ldflp00423n6l9q27b78p,6052,front,,Abnormal Gait,stroke,"{'top': 15.275229357798166, 'left': 165.0275229357798, 'height': 332.5963302752294, 'width': 142.4678899082569}","{'height': 360, 'width': 640, 'mime_type': 'video/mp4'}",fbY4O04uunE,https://www.youtube.com/watch?v=fbY4O04uunE
clk6ldflp00423n6l9q27b78p,6053,front,,Abnormal Gait,stroke,"{'top': 15.477064220183486, 'left': 165.24770642201835, 'height': 332.3669724770642, 'width': 142.2110091743119}","{'height': 360, 'width': 640, 'mime_type': 'video/mp4'}",fbY4O04uunE,https://www.youtube.com/watch?v=fbY4O04uunE
clk6ldflp00423n6l9q27b78p,6054,front,,Abnormal Gait,stroke,"{'top': 15.678899082568808, 'left': 165.4678899082569, 'height': 332.13761467889907, 'width': 141.95412844036696}","{'height': 360, 'width': 640, 'mime_type': 'video/mp4'}",fbY4O04uunE,https://www.youtube.com/watch?v=fbY4O04uunE
clk6ldflp00423n6l9q27b78p,6055,front,,Abnormal Gait,stroke,"{'top': 15.880733944954128, 'left': 165.6880733944954, 'height': 331.908256880734, 'width': 141.69724770642205}","{'height': 360, 'width': 640, 'mime_type': 'video/mp4'}",fbY4O04uunE,https://www.youtube.com/watch?v=fbY4O04uunE
clk6ldflp00423n6l9q27b78p,6056,front,,Abnormal Gait,stroke,"{'top': 16.08256880733945, 'left': 165.90825688073394, 'height': 331.6788990825688, 'width': 141.44036697247705}","{'height': 360, 'width': 640, 'mime_type': 'video/mp4'}",fbY4O04uunE,https://www.youtube.com/watch?v=fbY4O04uunE
clk6ldflp00423n6l9q27b78p,6057,front,,Abnormal Gait,stroke,"{'top': 16.28440366972477, 'left': 166.12844036697248, 'height': 331.44954128440367, 'width': 141.1834862385321}","{'height': 360, 'width': 640, 'mime_type': 'video/mp4'}",fbY4O04uunE,https://www.youtube.com/watch?v=fbY4O04uunE
clk6ldflp00423n6l9q27b78p,6058,front,,Abnormal Gait,stroke,"{'top': 16.486238532110093, 'left': 166.348623853211, 'height': 331.2201834862385, 'width': 140.92660550458714}","{'height': 360, 'width': 640, 'mime_type': 'video/mp4'}",fbY4O04uunE,https://www.youtube.com/watch?v=fbY4O04uunE
clk6ldflp00423n6l9q27b78p,6059,front,,Abnormal Gait,stroke,"{'top': 16.68807339449541, 'left': 166.56880733944953, 'height': 330.9908256880734, 'width': 140.6697247706422}","{'height': 360, 'width': 640, 'mime_type': 'video/mp4'}",fbY4O04uunE,https://www.youtube.com/watch?v=fbY4O04uunE
clk6ldflp00423n6l9q27b78p,6060,front,,Abnormal Gait,stroke,"{'top': 16.889908256880734, 'left': 166.78899082568807, 'height': 330.76146788990826, 'width': 140.41284403669727}","{'height': 360, 'width': 640, 'mime_type': 'video/mp4'}",fbY4O04uunE,https://www.youtube.com/watch?v=fbY4O04uunE
clk6ldflp00423n6l9q27b78p,6061,front,,Abnormal Gait,stroke,"{'top': 17.091743119266056, 'left': 167.0091743119266, 'height': 330.5321100917431, 'width': 140.15596330275227}","{'height': 360, 'width': 640, 'mime_type': 'video/mp4'}",fbY4O04uunE,https://www.youtube.com/watch?v=fbY4O04uunE
clk6ldflp00423n6l9q27b78p,6062,front,,Abnormal Gait,stroke,"{'top': 17.293577981651374, 'left': 167.22935779816513, 'height': 330.302752293578, 'width': 139.89908256880736}","{'height': 360, 'width': 640, 'mime_type': 'video/mp4'}",fbY4O04uunE,https://www.youtube.com/watch?v=fbY4O04uunE
clk6ldflp00423n6l9q27b78p,6063,front,,Abnormal Gait,stroke,"{'top': 17.4954128440367, 'left': 167.44954128440367, 'height': 330.07339449541286, 'width': 139.64220183486236}","{'height': 360, 'width': 640, 'mime_type': 'video/mp4'}",fbY4O04uunE,https://www.youtube.com/watch?v=fbY4O04uunE
clk6ldflp00423n6l9q27b78p,6064,front,,Abnormal Gait,stroke,"{'top': 17.69724770642202, 'left': 167.6697247706422, 'height': 329.8440366972477, 'width': 139.38532110091742}","{'height': 360, 'width': 640, 'mime_type': 'video/mp4'}",fbY4O04uunE,https://www.youtube.com/watch?v=fbY4O04uunE
clk6ldflp00423n6l9q27b78p,6065,front,,Abnormal Gait,stroke,"{'top': 17.89908256880734, 'left': 167.88990825688074, 'height': 329.6146788990826, 'width': 139.12844036697248}","{'height': 360, 'width': 640, 'mime_type': 'video/mp4'}",fbY4O04uunE,https://www.youtube.com/watch?v=fbY4O04uunE
clk6ldflp00423n6l9q27b78p,6066,front,,Abnormal Gait,stroke,"{'top': 18.10091743119266, 'left': 168.11009174311926, 'height': 329.3853211009174, 'width': 138.87155963302752}","{'height': 360, 'width': 640, 'mime_type': 'video/mp4'}",fbY4O04uunE,https://www.youtube.com/watch?v=fbY4O04uunE
clk6ldflp00423n6l9q27b78p,6067,front,,Abnormal Gait,stroke,"{'top': 18.30275229357798, 'left': 168.3302752293578, 'height': 329.1559633027523, 'width': 138.61467889908258}","{'height': 360, 'width': 640, 'mime_type': 'video/mp4'}",fbY4O04uunE,https://www.youtube.com/watch?v=fbY4O04uunE
clk6ldflp00423n6l9q27b78p,6068,front,,Abnormal Gait,stroke,"{'top': 18.5045871559633, 'left': 168.55045871559633, 'height': 328.92660550458714, 'width': 138.35779816513764}","{'height': 360, 'width': 640, 'mime_type': 'video/mp4'}",fbY4O04uunE,https://www.youtube.com/watch?v=fbY4O04uunE
clk6ldflp00423n6l9q27b78p,6069,front,,Abnormal Gait,stroke,"{'top': 18.706422018348626, 'left': 168.77064220183487, 'height': 328.697247706422, 'width': 138.10091743119264}","{'height': 360, 'width': 640, 'mime_type': 'video/mp4'}",fbY4O04uunE,https://www.youtube.com/watch?v=fbY4O04uunE
clk6ldflp00423n6l9q27b78p,6070,front,,Abnormal Gait,stroke,"{'top': 18.908256880733944, 'left': 168.9908256880734, 'height': 328.4678899082569, 'width': 137.84403669724773}","{'height': 360, 'width': 640, 'mime_type': 'video/mp4'}",fbY4O04uunE,https://www.youtube.com/watch?v=fbY4O04uunE
clk6ldflp00423n6l9q27b78p,6071,front,,Abnormal Gait,stroke,"{'top': 19.110091743119266, 'left': 169.21100917431193, 'height': 328.23853211009174, 'width': 137.58715596330273}","{'height': 360, 'width': 640, 'mime_type': 'video/mp4'}",fbY4O04uunE,https://www.youtube.com/watch?v=fbY4O04uunE
clk6ldflp00423n6l9q27b78p,6072,front,,Abnormal Gait,stroke,"{'top': 19.31192660550459, 'left': 169.43119266055047, 'height': 328.0091743119266, 'width': 137.3302752293578}","{'height': 360, 'width': 640, 'mime_type': 'video/mp4'}",fbY4O04uunE,https://www.youtube.com/watch?v=fbY4O04uunE
clk6ldflp00423n6l9q27b78p,6073,front,,Abnormal Gait,stroke,"{'top': 19.513761467889907, 'left': 169.651376146789, 'height': 327.7798165137615, 'width': 137.07339449541286}","{'height': 360, 'width': 640, 'mime_type': 'video/mp4'}",fbY4O04uunE,https://www.youtube.com/watch?v=fbY4O04uunE
clk6ldflp00423n6l9q27b78p,6074,front,,Abnormal Gait,stroke,"{'top': 19.71559633027523, 'left': 169.87155963302752, 'height': 327.55045871559633, 'width': 136.8165137614679}","{'height': 360, 'width': 640, 'mime_type': 'video/mp4'}",fbY4O04uunE,https://www.youtube.com/watch?v=fbY4O04uunE
clk6ldflp00423n6l9q27b78p,6075,front,,Abnormal Gait,stroke,"{'top': 19.91743119266055, 'left': 170.09174311926606, 'height': 327.3211009174312, 'width': 136.55963302752295}","{'height': 360, 'width': 640, 'mime_type': 'video/mp4'}",fbY4O04uunE,https://www.youtube.com/watch?v=fbY4O04uunE
clk6ldflp00423n6l9q27b78p,6076,front,,Abnormal Gait,stroke,"{'top': 20.11926605504587, 'left': 170.3119266055046, 'height': 327.0917431192661, 'width': 136.30275229357795}","{'height': 360, 'width': 640, 'mime_type': 'video/mp4'}",fbY4O04uunE,https://www.youtube.com/watch?v=fbY4O04uunE
clk6ldflp00423n6l9q27b78p,6077,front,,Abnormal Gait,stroke,"{'top': 20.321100917431195, 'left': 170.5321100917431, 'height': 326.86238532110093, 'width': 136.04587155963304}","{'height': 360, 'width': 640, 'mime_type': 'video/mp4'}",fbY4O04uunE,https://www.youtube.com/watch?v=fbY4O04uunE
clk6ldflp00423n6l9q27b78p,6078,front,,Abnormal Gait,stroke,"{'top': 20.522935779816514, 'left': 170.75229357798165, 'height': 326.6330275229358, 'width': 135.7889908256881}","{'height': 360, 'width': 640, 'mime_type': 'video/mp4'}",fbY4O04uunE,https://www.youtube.com/watch?v=fbY4O04uunE
clk6ldflp00423n6l9q27b78p,6079,front,,Abnormal Gait,stroke,"{'top': 20.724770642201836, 'left': 170.9724770642202, 'height': 326.4036697247706, 'width': 135.5321100917431}","{'height': 360, 'width': 640, 'mime_type': 'video/mp4'}",fbY4O04uunE,https://www.youtube.com/watch?v=fbY4O04uunE
clk6ldflp00423n6l9q27b78p,6080,front,,Abnormal Gait,stroke,"{'top': 20.926605504587155, 'left': 171.19266055045873, 'height': 326.1743119266055, 'width': 135.27522935779817}","{'height': 360, 'width': 640, 'mime_type': 'video/mp4'}",fbY4O04uunE,https://www.youtube.com/watch?v=fbY4O04uunE
clk6ldflp00423n6l9q27b78p,6081,front,,Abnormal Gait,stroke,"{'top': 21.128440366972477, 'left': 171.41284403669724, 'height': 325.9449541284404, 'width': 135.0183486238532}","{'height': 360, 'width': 640, 'mime_type': 'video/mp4'}",fbY4O04uunE,https://www.youtube.com/watch?v=fbY4O04uunE
clk6ldflp00423n6l9q27b78p,6082,front,,Abnormal Gait,stroke,"{'top': 21.330275229357795, 'left': 171.63302752293578, 'height': 325.7155963302753, 'width': 134.76146788990826}","{'height': 360, 'width': 640, 'mime_type': 'video/mp4'}",fbY4O04uunE,https://www.youtube.com/watch?v=fbY4O04uunE
clk6ldflp00423n6l9q27b78p,6083,front,,Abnormal Gait,stroke,"{'top': 21.53211009174312, 'left': 171.85321100917432, 'height': 325.4862385321101, 'width': 134.50458715596332}","{'height': 360, 'width': 640, 'mime_type': 'video/mp4'}",fbY4O04uunE,https://www.youtube.com/watch?v=fbY4O04uunE
clk6ldflp00423n6l9q27b78p,6084,front,,Abnormal Gait,stroke,"{'top': 21.73394495412844, 'left': 172.07339449541286, 'height': 325.25688073394497, 'width': 134.24770642201833}","{'height': 360, 'width': 640, 'mime_type': 'video/mp4'}",fbY4O04uunE,https://www.youtube.com/watch?v=fbY4O04uunE
clk6ldflp00423n6l9q27b78p,6085,front,,Abnormal Gait,stroke,"{'top': 21.93577981651376, 'left': 172.29357798165137, 'height': 325.0275229357798, 'width': 133.99082568807341}","{'height': 360, 'width': 640, 'mime_type': 'video/mp4'}",fbY4O04uunE,https://www.youtube.com/watch?v=fbY4O04uunE
clk6ldflp00423n6l9q27b78p,6086,front,,Abnormal Gait,stroke,"{'top': 22.137614678899084, 'left': 172.5137614678899, 'height': 324.7981651376147, 'width': 133.73394495412842}","{'height': 360, 'width': 640, 'mime_type': 'video/mp4'}",fbY4O04uunE,https://www.youtube.com/watch?v=fbY4O04uunE
clk6ldflp00423n6l9q27b78p,6087,front,,Abnormal Gait,stroke,"{'top': 22.339449541284402, 'left': 172.73394495412845, 'height': 324.56880733944956, 'width': 133.47706422018348}","{'height': 360, 'width': 640, 'mime_type': 'video/mp4'}",fbY4O04uunE,https://www.youtube.com/watch?v=fbY4O04uunE
clk6ldflp00423n6l9q27b78p,6088,front,,Abnormal Gait,stroke,"{'top': 22.541284403669724, 'left': 172.95412844036696, 'height': 324.33944954128435, 'width': 133.22018348623857}","{'height': 360, 'width': 640, 'mime_type': 'video/mp4'}",fbY4O04uunE,https://www.youtube.com/watch?v=fbY4O04uunE
clk6ldflp00423n6l9q27b78p,6089,front,,Abnormal Gait,stroke,"{'top': 22.743119266055047, 'left': 173.1743119266055, 'height': 324.11009174311926, 'width': 132.96330275229357}","{'height': 360, 'width': 640, 'mime_type': 'video/mp4'}",fbY4O04uunE,https://www.youtube.com/watch?v=fbY4O04uunE
clk6ldflp00423n6l9q27b78p,6090,front,,Abnormal Gait,stroke,"{'top': 22.944954128440365, 'left': 173.39449541284404, 'height': 323.8807339449541, 'width': 132.70642201834863}","{'height': 360, 'width': 640, 'mime_type': 'video/mp4'}",fbY4O04uunE,https://www.youtube.com/watch?v=fbY4O04uunE
clk6ldflp00423n6l9q27b78p,6091,front,,Abnormal Gait,stroke,"{'top': 23.14678899082569, 'left': 173.61467889908258, 'height': 323.65137614678895, 'width': 132.44954128440364}","{'height': 360, 'width': 640, 'mime_type': 'video/mp4'}",fbY4O04uunE,https://www.youtube.com/watch?v=fbY4O04uunE
clk6ldflp00423n6l9q27b78p,6092,front,,Abnormal Gait,stroke,"{'top': 23.34862385321101, 'left': 173.83486238532112, 'height': 323.42201834862385, 'width': 132.1926605504587}","{'height': 360, 'width': 640, 'mime_type': 'video/mp4'}",fbY4O04uunE,https://www.youtube.com/watch?v=fbY4O04uunE
clk6ldflp00423n6l9q27b78p,6093,front,,Abnormal Gait,stroke,"{'top': 23.55045871559633, 'left': 174.05504587155963, 'height': 323.1926605504587, 'width': 131.9357798165138}","{'height': 360, 'width': 640, 'mime_type': 'video/mp4'}",fbY4O04uunE,https://www.youtube.com/watch?v=fbY4O04uunE
clk6ldflp00423n6l9q27b78p,6094,front,,Abnormal Gait,stroke,"{'top': 23.75229357798165, 'left': 174.27522935779817, 'height': 322.96330275229354, 'width': 131.6788990825688}","{'height': 360, 'width': 640, 'mime_type': 'video/mp4'}",fbY4O04uunE,https://www.youtube.com/watch?v=fbY4O04uunE
clk6ldflp00423n6l9q27b78p,6095,front,,Abnormal Gait,stroke,"{'top': 23.954128440366972, 'left': 174.4954128440367, 'height': 322.73394495412845, 'width': 131.42201834862385}","{'height': 360, 'width': 640, 'mime_type': 'video/mp4'}",fbY4O04uunE,https://www.youtube.com/watch?v=fbY4O04uunE
clk6ldflp00423n6l9q27b78p,6096,front,,Abnormal Gait,stroke,"{'top': 24.155963302752294, 'left': 174.71559633027522, 'height': 322.5045871559633, 'width': 131.16513761467888}","{'height': 360, 'width': 640, 'mime_type': 'video/mp4'}",fbY4O04uunE,https://www.youtube.com/watch?v=fbY4O04uunE
clk6ldflp00423n6l9q27b78p,6097,front,,Abnormal Gait,stroke,"{'top': 24.357798165137616, 'left': 174.93577981651376, 'height': 322.27522935779814, 'width': 130.90825688073394}","{'height': 360, 'width': 640, 'mime_type': 'video/mp4'}",fbY4O04uunE,https://www.youtube.com/watch?v=fbY4O04uunE
clk6ldflp00423n6l9q27b78p,6098,front,,Abnormal Gait,stroke,"{'top': 24.559633027522935, 'left': 175.1559633027523, 'height': 322.04587155963304, 'width': 130.651376146789}","{'height': 360, 'width': 640, 'mime_type': 'video/mp4'}",fbY4O04uunE,https://www.youtube.com/watch?v=fbY4O04uunE
clk6ldflp00423n6l9q27b78p,6099,front,,Abnormal Gait,stroke,"{'top': 24.761467889908257, 'left': 175.37614678899084, 'height': 321.8165137614679, 'width': 130.394495412844}","{'height': 360, 'width': 640, 'mime_type': 'video/mp4'}",fbY4O04uunE,https://www.youtube.com/watch?v=fbY4O04uunE
clk6ldflp00423n6l9q27b78p,6100,front,,Abnormal Gait,stroke,"{'top': 24.96330275229358, 'left': 175.59633027522935, 'height': 321.58715596330273, 'width': 130.1376146788991}","{'height': 360, 'width': 640, 'mime_type': 'video/mp4'}",fbY4O04uunE,https://www.youtube.com/watch?v=fbY4O04uunE
clk6ldflp00423n6l9q27b78p,6101,front,,Abnormal Gait,stroke,"{'top': 25.1651376146789, 'left': 175.8165137614679, 'height': 321.35779816513764, 'width': 129.8807339449541}","{'height': 360, 'width': 640, 'mime_type': 'video/mp4'}",fbY4O04uunE,https://www.youtube.com/watch?v=fbY4O04uunE
clk6ldflp00423n6l9q27b78p,6102,front,,Abnormal Gait,stroke,"{'top': 25.36697247706422, 'left': 176.03669724770643, 'height': 321.1284403669725, 'width': 129.62385321100916}","{'height': 360, 'width': 640, 'mime_type': 'video/mp4'}",fbY4O04uunE,https://www.youtube.com/watch?v=fbY4O04uunE
clk6ldflp00423n6l9q27b78p,6103,front,,Abnormal Gait,stroke,"{'top': 25.568807339449542, 'left': 176.25688073394497, 'height': 320.89908256880733, 'width': 129.36697247706422}","{'height': 360, 'width': 640, 'mime_type': 'video/mp4'}",fbY4O04uunE,https://www.youtube.com/watch?v=fbY4O04uunE
clk6ldflp00423n6l9q27b78p,6104,front,,Abnormal Gait,stroke,"{'top': 25.77064220183486, 'left': 176.47706422018348, 'height': 320.66972477064223, 'width': 129.11009174311926}","{'height': 360, 'width': 640, 'mime_type': 'video/mp4'}",fbY4O04uunE,https://www.youtube.com/watch?v=fbY4O04uunE
clk6ldflp00423n6l9q27b78p,6105,front,,Abnormal Gait,stroke,"{'top': 25.972477064220186, 'left': 176.69724770642202, 'height': 320.4403669724771, 'width': 128.85321100917432}","{'height': 360, 'width': 640, 'mime_type': 'video/mp4'}",fbY4O04uunE,https://www.youtube.com/watch?v=fbY4O04uunE
clk6ldflp00423n6l9q27b78p,6106,front,,Abnormal Gait,stroke,"{'top': 26.174311926605505, 'left': 176.91743119266056, 'height': 320.2110091743119, 'width': 128.59633027522938}","{'height': 360, 'width': 640, 'mime_type': 'video/mp4'}",fbY4O04uunE,https://www.youtube.com/watch?v=fbY4O04uunE
clk6ldflp00423n6l9q27b78p,6107,front,,Abnormal Gait,stroke,"{'top': 26.376146788990827, 'left': 177.13761467889907, 'height': 319.98165137614683, 'width': 128.3394495412844}","{'height': 360, 'width': 640, 'mime_type': 'video/mp4'}",fbY4O04uunE,https://www.youtube.com/watch?v=fbY4O04uunE
clk6ldflp00423n6l9q27b78p,6108,front,,Abnormal Gait,stroke,"{'top': 26.577981651376145, 'left': 177.3577981651376, 'height': 319.7522935779817, 'width': 128.08256880733947}","{'height': 360, 'width': 640, 'mime_type': 'video/mp4'}",fbY4O04uunE,https://www.youtube.com/watch?v=fbY4O04uunE
clk6ldflp00423n6l9q27b78p,6109,front,,Abnormal Gait,stroke,"{'top': 26.779816513761467, 'left': 177.57798165137615, 'height': 319.5229357798165, 'width': 127.82568807339447}","{'height': 360, 'width': 640, 'mime_type': 'video/mp4'}",fbY4O04uunE,https://www.youtube.com/watch?v=fbY4O04uunE
clk6ldflp00423n6l9q27b78p,6110,front,,Abnormal Gait,stroke,"{'top': 26.98165137614679, 'left': 177.7981651376147, 'height': 319.29357798165137, 'width': 127.56880733944953}","{'height': 360, 'width': 640, 'mime_type': 'video/mp4'}",fbY4O04uunE,https://www.youtube.com/watch?v=fbY4O04uunE
clk6ldflp00423n6l9q27b78p,6111,front,,Abnormal Gait,stroke,"{'top': 27.18348623853211, 'left': 178.01834862385323, 'height': 319.0642201834862, 'width': 127.3119266055046}","{'height': 360, 'width': 640, 'mime_type': 'video/mp4'}",fbY4O04uunE,https://www.youtube.com/watch?v=fbY4O04uunE
clk6ldflp00423n6l9q27b78p,6112,front,,Abnormal Gait,stroke,"{'top': 27.38532110091743, 'left': 178.23853211009174, 'height': 318.83486238532106, 'width': 127.05504587155963}","{'height': 360, 'width': 640, 'mime_type': 'video/mp4'}",fbY4O04uunE,https://www.youtube.com/watch?v=fbY4O04uunE
clk6ldflp00423n6l9q27b78p,6113,front,,Abnormal Gait,stroke,"{'top': 27.587155963302752, 'left': 178.45871559633028, 'height': 318.60550458715596, 'width': 126.79816513761469}","{'height': 360, 'width': 640, 'mime_type': 'video/mp4'}",fbY4O04uunE,https://www.youtube.com/watch?v=fbY4O04uunE
clk6ldflp00423n6l9q27b78p,6114,front,,Abnormal Gait,stroke,"{'top': 27.788990825688074, 'left': 178.67889908256882, 'height': 318.3761467889908, 'width': 126.54128440366969}","{'height': 360, 'width': 640, 'mime_type': 'video/mp4'}",fbY4O04uunE,https://www.youtube.com/watch?v=fbY4O04uunE
clk6ldflp00423n6l9q27b78p,6115,front,,Abnormal Gait,stroke,"{'top': 27.990825688073397, 'left': 178.89908256880733, 'height': 318.14678899082566, 'width': 126.28440366972478}","{'height': 360, 'width': 640, 'mime_type': 'video/mp4'}",fbY4O04uunE,https://www.youtube.com/watch?v=fbY4O04uunE
clk6ldflp00423n6l9q27b78p,6116,front,,Abnormal Gait,stroke,"{'top': 28.192660550458715, 'left': 179.11926605504587, 'height': 317.91743119266056, 'width': 126.02752293577984}","{'height': 360, 'width': 640, 'mime_type': 'video/mp4'}",fbY4O04uunE,https://www.youtube.com/watch?v=fbY4O04uunE
clk6ldflp00423n6l9q27b78p,6117,front,,Abnormal Gait,stroke,"{'top': 28.394495412844037, 'left': 179.3394495412844, 'height': 317.6880733944954, 'width': 125.77064220183485}","{'height': 360, 'width': 640, 'mime_type': 'video/mp4'}",fbY4O04uunE,https://www.youtube.com/watch?v=fbY4O04uunE
clk6ldflp00423n6l9q27b78p,6118,front,,Abnormal Gait,stroke,"{'top': 28.59633027522936, 'left': 179.55963302752292, 'height': 317.45871559633025, 'width': 125.51376146788994}","{'height': 360, 'width': 640, 'mime_type': 'video/mp4'}",fbY4O04uunE,https://www.youtube.com/watch?v=fbY4O04uunE
clk6ldflp00423n6l9q27b78p,6119,front,,Abnormal Gait,stroke,"{'top': 28.79816513761468, 'left': 179.77981651376146, 'height': 317.22935779816515, 'width': 125.25688073394494}","{'height': 360, 'width': 640, 'mime_type': 'video/mp4'}",fbY4O04uunE,https://www.youtube.com/watch?v=fbY4O04uunE
clk6ldflp00423n6l9q27b78p,6120,front,,Abnormal Gait,stroke,"{'top': 29.0, 'left': 180.0, 'height': 317.0, 'width': 125.0}","{'height': 360, 'width': 640, 'mime_type': 'video/mp4'}",fbY4O04uunE,https://www.youtube.com/watch?v=fbY4O04uunE
