seq,frame_num,cam_view,gait_event,dataset,gait_pat,bbox,vid_info,id,url
clk6lb2my003i3n6lesxxkgpf,487,left side,,Abnormal Gait,stroke,"{'top': 33.0, 'left': 324.0, 'height': 316.0, 'width': 115.0}","{'height': 360, 'width': 640, 'mime_type': 'video/mp4'}",fbY4O04uunE,https://www.youtube.com/watch?v=fbY4O04uunE
clk6lb2my003i3n6lesxxkgpf,488,left side,,Abnormal Gait,stroke,"{'top': 32.26470588235294, 'left': 323.1764705882353, 'height': 316.9117647058824, 'width': 116.41176470588232}","{'height': 360, 'width': 640, 'mime_type': 'video/mp4'}",fbY4O04uunE,https://www.youtube.com/watch?v=fbY4O04uunE
clk6lb2my003i3n6lesxxkgpf,489,left side,,Abnormal Gait,stroke,"{'top': 31.529411764705884, 'left': 322.3529411764706, 'height': 317.82352941176475, 'width': 117.8235294117647}","{'height': 360, 'width': 640, 'mime_type': 'video/mp4'}",fbY4O04uunE,https://www.youtube.com/watch?v=fbY4O04uunE
clk6lb2my003i3n6lesxxkgpf,490,left side,,Abnormal Gait,stroke,"{'top': 30.794117647058822, 'left': 321.52941176470586, 'height': 318.735294117647, 'width': 119.23529411764707}","{'height': 360, 'width': 640, 'mime_type': 'video/mp4'}",fbY4O04uunE,https://www.youtube.com/watch?v=fbY4O04uunE
clk6lb2my003i3n6lesxxkgpf,491,left side,,Abnormal Gait,stroke,"{'top': 30.058823529411764, 'left': 320.70588235294116, 'height': 319.6470588235294, 'width': 120.64705882352945}","{'height': 360, 'width': 640, 'mime_type': 'video/mp4'}",fbY4O04uunE,https://www.youtube.com/watch?v=fbY4O04uunE
clk6lb2my003i3n6lesxxkgpf,492,left side,,Abnormal Gait,stroke,"{'top': 29.323529411764707, 'left': 319.88235294117646, 'height': 320.55882352941177, 'width': 122.05882352941177}","{'height': 360, 'width': 640, 'mime_type': 'video/mp4'}",fbY4O04uunE,https://www.youtube.com/watch?v=fbY4O04uunE
clk6lb2my003i3n6lesxxkgpf,493,left side,,Abnormal Gait,stroke,"{'top': 28.588235294117645, 'left': 319.05882352941177, 'height': 321.47058823529414, 'width': 123.47058823529409}","{'height': 360, 'width': 640, 'mime_type': 'video/mp4'}",fbY4O04uunE,https://www.youtube.com/watch?v=fbY4O04uunE
clk6lb2my003i3n6lesxxkgpf,494,left side,,Abnormal Gait,stroke,"{'top': 27.852941176470587, 'left': 318.2352941176471, 'height': 322.38235294117646, 'width': 124.88235294117646}","{'height': 360, 'width': 640, 'mime_type': 'video/mp4'}",fbY4O04uunE,https://www.youtube.com/watch?v=fbY4O04uunE
clk6lb2my003i3n6lesxxkgpf,495,left side,,Abnormal Gait,stroke,"{'top': 27.11764705882353, 'left': 317.4117647058824, 'height': 323.29411764705884, 'width': 126.29411764705878}","{'height': 360, 'width': 640, 'mime_type': 'video/mp4'}",fbY4O04uunE,https://www.youtube.com/watch?v=fbY4O04uunE
clk6lb2my003i3n6lesxxkgpf,496,left side,,Abnormal Gait,stroke,"{'top': 26.38235294117647, 'left': 316.5882352941176, 'height': 324.20588235294116, 'width': 127.70588235294122}","{'height': 360, 'width': 640, 'mime_type': 'video/mp4'}",fbY4O04uunE,https://www.youtube.com/watch?v=fbY4O04uunE
clk6lb2my003i3n6lesxxkgpf,497,left side,,Abnormal Gait,stroke,"{'top': 25.647058823529413, 'left': 315.7647058823529, 'height': 325.11764705882354, 'width': 129.11764705882354}","{'height': 360, 'width': 640, 'mime_type': 'video/mp4'}",fbY4O04uunE,https://www.youtube.com/watch?v=fbY4O04uunE
clk6lb2my003i3n6lesxxkgpf,498,left side,,Abnormal Gait,stroke,"{'top': 24.911764705882355, 'left': 314.94117647058823, 'height': 326.02941176470586, 'width': 130.5294117647059}","{'height': 360, 'width': 640, 'mime_type': 'video/mp4'}",fbY4O04uunE,https://www.youtube.com/watch?v=fbY4O04uunE
clk6lb2my003i3n6lesxxkgpf,499,left side,,Abnormal Gait,stroke,"{'top': 24.176470588235293, 'left': 314.11764705882354, 'height': 326.94117647058823, 'width': 131.94117647058823}","{'height': 360, 'width': 640, 'mime_type': 'video/mp4'}",fbY4O04uunE,https://www.youtube.com/watch?v=fbY4O04uunE
clk6lb2my003i3n6lesxxkgpf,500,left side,,Abnormal Gait,stroke,"{'top': 23.441176470588236, 'left': 313.29411764705884, 'height': 327.8529411764706, 'width': 133.35294117647055}","{'height': 360, 'width': 640, 'mime_type': 'video/mp4'}",fbY4O04uunE,https://www.youtube.com/watch?v=fbY4O04uunE
clk6lb2my003i3n6lesxxkgpf,501,left side,,Abnormal Gait,stroke,"{'top': 22.705882352941178, 'left': 312.47058823529414, 'height': 328.764705882353, 'width': 134.76470588235293}","{'height': 360, 'width': 640, 'mime_type': 'video/mp4'}",fbY4O04uunE,https://www.youtube.com/watch?v=fbY4O04uunE
clk6lb2my003i3n6lesxxkgpf,502,left side,,Abnormal Gait,stroke,"{'top': 21.970588235294116, 'left': 311.6470588235294, 'height': 329.67647058823525, 'width': 136.1764705882353}","{'height': 360, 'width': 640, 'mime_type': 'video/mp4'}",fbY4O04uunE,https://www.youtube.com/watch?v=fbY4O04uunE
clk6lb2my003i3n6lesxxkgpf,503,left side,,Abnormal Gait,stroke,"{'top': 21.235294117647058, 'left': 310.8235294117647, 'height': 330.5882352941176, 'width': 137.58823529411768}","{'height': 360, 'width': 640, 'mime_type': 'video/mp4'}",fbY4O04uunE,https://www.youtube.com/watch?v=fbY4O04uunE
clk6lb2my003i3n6lesxxkgpf,504,left side,,Abnormal Gait,stroke,"{'top': 20.5, 'left': 310.0, 'height': 331.5, 'width': 139.0}","{'height': 360, 'width': 640, 'mime_type': 'video/mp4'}",fbY4O04uunE,https://www.youtube.com/watch?v=fbY4O04uunE
clk6lb2my003i3n6lesxxkgpf,505,left side,,Abnormal Gait,stroke,"{'top': 19.764705882352942, 'left': 309.1764705882353, 'height': 332.4117647058824, 'width': 140.41176470588232}","{'height': 360, 'width': 640, 'mime_type': 'video/mp4'}",fbY4O04uunE,https://www.youtube.com/watch?v=fbY4O04uunE
clk6lb2my003i3n6lesxxkgpf,506,left side,,Abnormal Gait,stroke,"{'top': 19.029411764705884, 'left': 308.3529411764706, 'height': 333.32352941176475, 'width': 141.8235294117647}","{'height': 360, 'width': 640, 'mime_type': 'video/mp4'}",fbY4O04uunE,https://www.youtube.com/watch?v=fbY4O04uunE
clk6lb2my003i3n6lesxxkgpf,507,left side,,Abnormal Gait,stroke,"{'top': 18.294117647058822, 'left': 307.52941176470586, 'height': 334.235294117647, 'width': 143.23529411764707}","{'height': 360, 'width': 640, 'mime_type': 'video/mp4'}",fbY4O04uunE,https://www.youtube.com/watch?v=fbY4O04uunE
clk6lb2my003i3n6lesxxkgpf,508,left side,,Abnormal Gait,stroke,"{'top': 17.558823529411764, 'left': 306.70588235294116, 'height': 335.1470588235294, 'width': 144.64705882352945}","{'height': 360, 'width': 640, 'mime_type': 'video/mp4'}",fbY4O04uunE,https://www.youtube.com/watch?v=fbY4O04uunE
clk6lb2my003i3n6lesxxkgpf,509,left side,,Abnormal Gait,stroke,"{'top': 16.823529411764707, 'left': 305.88235294117646, 'height': 336.05882352941177, 'width': 146.05882352941177}","{'height': 360, 'width': 640, 'mime_type': 'video/mp4'}",fbY4O04uunE,https://www.youtube.com/watch?v=fbY4O04uunE
clk6lb2my003i3n6lesxxkgpf,510,left side,,Abnormal Gait,stroke,"{'top': 16.088235294117645, 'left': 305.05882352941177, 'height': 336.97058823529414, 'width': 147.4705882352941}","{'height': 360, 'width': 640, 'mime_type': 'video/mp4'}",fbY4O04uunE,https://www.youtube.com/watch?v=fbY4O04uunE
clk6lb2my003i3n6lesxxkgpf,511,left side,,Abnormal Gait,stroke,"{'top': 15.352941176470587, 'left': 304.2352941176471, 'height': 337.88235294117646, 'width': 148.88235294117646}","{'height': 360, 'width': 640, 'mime_type': 'video/mp4'}",fbY4O04uunE,https://www.youtube.com/watch?v=fbY4O04uunE
clk6lb2my003i3n6lesxxkgpf,512,left side,,Abnormal Gait,stroke,"{'top': 14.617647058823529, 'left': 303.4117647058824, 'height': 338.79411764705884, 'width': 150.29411764705878}","{'height': 360, 'width': 640, 'mime_type': 'video/mp4'}",fbY4O04uunE,https://www.youtube.com/watch?v=fbY4O04uunE
clk6lb2my003i3n6lesxxkgpf,513,left side,,Abnormal Gait,stroke,"{'top': 13.882352941176471, 'left': 302.5882352941176, 'height': 339.70588235294116, 'width': 151.70588235294122}","{'height': 360, 'width': 640, 'mime_type': 'video/mp4'}",fbY4O04uunE,https://www.youtube.com/watch?v=fbY4O04uunE
clk6lb2my003i3n6lesxxkgpf,514,left side,,Abnormal Gait,stroke,"{'top': 13.147058823529413, 'left': 301.7647058823529, 'height': 340.61764705882354, 'width': 153.11764705882354}","{'height': 360, 'width': 640, 'mime_type': 'video/mp4'}",fbY4O04uunE,https://www.youtube.com/watch?v=fbY4O04uunE
clk6lb2my003i3n6lesxxkgpf,515,left side,,Abnormal Gait,stroke,"{'top': 12.411764705882355, 'left': 300.94117647058823, 'height': 341.52941176470586, 'width': 154.5294117647059}","{'height': 360, 'width': 640, 'mime_type': 'video/mp4'}",fbY4O04uunE,https://www.youtube.com/watch?v=fbY4O04uunE
clk6lb2my003i3n6lesxxkgpf,516,left side,,Abnormal Gait,stroke,"{'top': 11.676470588235293, 'left': 300.11764705882354, 'height': 342.44117647058823, 'width': 155.94117647058823}","{'height': 360, 'width': 640, 'mime_type': 'video/mp4'}",fbY4O04uunE,https://www.youtube.com/watch?v=fbY4O04uunE
clk6lb2my003i3n6lesxxkgpf,517,left side,,Abnormal Gait,stroke,"{'top': 10.941176470588236, 'left': 299.29411764705884, 'height': 343.3529411764706, 'width': 157.35294117647055}","{'height': 360, 'width': 640, 'mime_type': 'video/mp4'}",fbY4O04uunE,https://www.youtube.com/watch?v=fbY4O04uunE
clk6lb2my003i3n6lesxxkgpf,518,left side,,Abnormal Gait,stroke,"{'top': 10.205882352941178, 'left': 298.47058823529414, 'height': 344.264705882353, 'width': 158.76470588235293}","{'height': 360, 'width': 640, 'mime_type': 'video/mp4'}",fbY4O04uunE,https://www.youtube.com/watch?v=fbY4O04uunE
clk6lb2my003i3n6lesxxkgpf,519,left side,,Abnormal Gait,stroke,"{'top': 9.47058823529412, 'left': 297.6470588235294, 'height': 345.17647058823525, 'width': 160.1764705882353}","{'height': 360, 'width': 640, 'mime_type': 'video/mp4'}",fbY4O04uunE,https://www.youtube.com/watch?v=fbY4O04uunE
clk6lb2my003i3n6lesxxkgpf,520,left side,,Abnormal Gait,stroke,"{'top': 8.735294117647058, 'left': 296.8235294117647, 'height': 346.0882352941176, 'width': 161.58823529411768}","{'height': 360, 'width': 640, 'mime_type': 'video/mp4'}",fbY4O04uunE,https://www.youtube.com/watch?v=fbY4O04uunE
clk6lb2my003i3n6lesxxkgpf,521,left side,,Abnormal Gait,stroke,"{'top': 8.0, 'left': 296.0, 'height': 347.0, 'width': 163.0}","{'height': 360, 'width': 640, 'mime_type': 'video/mp4'}",fbY4O04uunE,https://www.youtube.com/watch?v=fbY4O04uunE
clk6lb2my003i3n6lesxxkgpf,522,left side,,Abnormal Gait,stroke,"{'top': 8.045751633986928, 'left': 295.9738562091503, 'height': 346.98692810457516, 'width': 163.3790849673203}","{'height': 360, 'width': 640, 'mime_type': 'video/mp4'}",fbY4O04uunE,https://www.youtube.com/watch?v=fbY4O04uunE
clk6lb2my003i3n6lesxxkgpf,523,left side,,Abnormal Gait,stroke,"{'top': 8.091503267973856, 'left': 295.9477124183006, 'height': 346.9738562091503, 'width': 163.75816993464053}","{'height': 360, 'width': 640, 'mime_type': 'video/mp4'}",fbY4O04uunE,https://www.youtube.com/watch?v=fbY4O04uunE
clk6lb2my003i3n6lesxxkgpf,524,left side,,Abnormal Gait,stroke,"{'top': 8.137254901960784, 'left': 295.921568627451, 'height': 346.9607843137255, 'width': 164.13725490196077}","{'height': 360, 'width': 640, 'mime_type': 'video/mp4'}",fbY4O04uunE,https://www.youtube.com/watch?v=fbY4O04uunE
clk6lb2my003i3n6lesxxkgpf,525,left side,,Abnormal Gait,stroke,"{'top': 8.183006535947712, 'left': 295.8954248366013, 'height': 346.9477124183007, 'width': 164.51633986928107}","{'height': 360, 'width': 640, 'mime_type': 'video/mp4'}",fbY4O04uunE,https://www.youtube.com/watch?v=fbY4O04uunE
clk6lb2my003i3n6lesxxkgpf,526,left side,,Abnormal Gait,stroke,"{'top': 8.22875816993464, 'left': 295.8692810457516, 'height': 346.93464052287584, 'width': 164.8954248366013}","{'height': 360, 'width': 640, 'mime_type': 'video/mp4'}",fbY4O04uunE,https://www.youtube.com/watch?v=fbY4O04uunE
clk6lb2my003i3n6lesxxkgpf,527,left side,,Abnormal Gait,stroke,"{'top': 8.27450980392157, 'left': 295.84313725490193, 'height': 346.921568627451, 'width': 165.2745098039216}","{'height': 360, 'width': 640, 'mime_type': 'video/mp4'}",fbY4O04uunE,https://www.youtube.com/watch?v=fbY4O04uunE
clk6lb2my003i3n6lesxxkgpf,528,left side,,Abnormal Gait,stroke,"{'top': 8.320261437908497, 'left': 295.8169934640523, 'height': 346.90849673202615, 'width': 165.65359477124184}","{'height': 360, 'width': 640, 'mime_type': 'video/mp4'}",fbY4O04uunE,https://www.youtube.com/watch?v=fbY4O04uunE
clk6lb2my003i3n6lesxxkgpf,529,left side,,Abnormal Gait,stroke,"{'top': 8.366013071895425, 'left': 295.7908496732026, 'height': 346.8954248366013, 'width': 166.03267973856208}","{'height': 360, 'width': 640, 'mime_type': 'video/mp4'}",fbY4O04uunE,https://www.youtube.com/watch?v=fbY4O04uunE
clk6lb2my003i3n6lesxxkgpf,530,left side,,Abnormal Gait,stroke,"{'top': 8.411764705882353, 'left': 295.7647058823529, 'height': 346.88235294117646, 'width': 166.41176470588238}","{'height': 360, 'width': 640, 'mime_type': 'video/mp4'}",fbY4O04uunE,https://www.youtube.com/watch?v=fbY4O04uunE
clk6lb2my003i3n6lesxxkgpf,531,left side,,Abnormal Gait,stroke,"{'top': 8.457516339869281, 'left': 295.73856209150324, 'height': 346.8692810457516, 'width': 166.79084967320262}","{'height': 360, 'width': 640, 'mime_type': 'video/mp4'}",fbY4O04uunE,https://www.youtube.com/watch?v=fbY4O04uunE
clk6lb2my003i3n6lesxxkgpf,532,left side,,Abnormal Gait,stroke,"{'top': 8.503267973856211, 'left': 295.7124183006536, 'height': 346.8562091503268, 'width': 167.16993464052285}","{'height': 360, 'width': 640, 'mime_type': 'video/mp4'}",fbY4O04uunE,https://www.youtube.com/watch?v=fbY4O04uunE
clk6lb2my003i3n6lesxxkgpf,533,left side,,Abnormal Gait,stroke,"{'top': 8.549019607843137, 'left': 295.6862745098039, 'height': 346.84313725490193, 'width': 167.54901960784315}","{'height': 360, 'width': 640, 'mime_type': 'video/mp4'}",fbY4O04uunE,https://www.youtube.com/watch?v=fbY4O04uunE
clk6lb2my003i3n6lesxxkgpf,534,left side,,Abnormal Gait,stroke,"{'top': 8.594771241830065, 'left': 295.66013071895424, 'height': 346.8300653594771, 'width': 167.9281045751634}","{'height': 360, 'width': 640, 'mime_type': 'video/mp4'}",fbY4O04uunE,https://www.youtube.com/watch?v=fbY4O04uunE
clk6lb2my003i3n6lesxxkgpf,535,left side,,Abnormal Gait,stroke,"{'top': 8.640522875816993, 'left': 295.63398692810455, 'height': 346.8169934640523, 'width': 168.30718954248368}","{'height': 360, 'width': 640, 'mime_type': 'video/mp4'}",fbY4O04uunE,https://www.youtube.com/watch?v=fbY4O04uunE
clk6lb2my003i3n6lesxxkgpf,536,left side,,Abnormal Gait,stroke,"{'top': 8.686274509803921, 'left': 295.6078431372549, 'height': 346.80392156862746, 'width': 168.68627450980392}","{'height': 360, 'width': 640, 'mime_type': 'video/mp4'}",fbY4O04uunE,https://www.youtube.com/watch?v=fbY4O04uunE
clk6lb2my003i3n6lesxxkgpf,537,left side,,Abnormal Gait,stroke,"{'top': 8.73202614379085, 'left': 295.58169934640523, 'height': 346.7908496732026, 'width': 169.06535947712416}","{'height': 360, 'width': 640, 'mime_type': 'video/mp4'}",fbY4O04uunE,https://www.youtube.com/watch?v=fbY4O04uunE
clk6lb2my003i3n6lesxxkgpf,538,left side,,Abnormal Gait,stroke,"{'top': 8.777777777777779, 'left': 295.55555555555554, 'height': 346.77777777777777, 'width': 169.44444444444446}","{'height': 360, 'width': 640, 'mime_type': 'video/mp4'}",fbY4O04uunE,https://www.youtube.com/watch?v=fbY4O04uunE
clk6lb2my003i3n6lesxxkgpf,539,left side,,Abnormal Gait,stroke,"{'top': 8.823529411764707, 'left': 295.52941176470586, 'height': 346.7647058823529, 'width': 169.82352941176475}","{'height': 360, 'width': 640, 'mime_type': 'video/mp4'}",fbY4O04uunE,https://www.youtube.com/watch?v=fbY4O04uunE
clk6lb2my003i3n6lesxxkgpf,540,left side,,Abnormal Gait,stroke,"{'top': 8.869281045751634, 'left': 295.5032679738562, 'height': 346.75163398692814, 'width': 170.20261437908493}","{'height': 360, 'width': 640, 'mime_type': 'video/mp4'}",fbY4O04uunE,https://www.youtube.com/watch?v=fbY4O04uunE
clk6lb2my003i3n6lesxxkgpf,541,left side,,Abnormal Gait,stroke,"{'top': 8.915032679738562, 'left': 295.47712418300654, 'height': 346.7385620915033, 'width': 170.58169934640523}","{'height': 360, 'width': 640, 'mime_type': 'video/mp4'}",fbY4O04uunE,https://www.youtube.com/watch?v=fbY4O04uunE
clk6lb2my003i3n6lesxxkgpf,542,left side,,Abnormal Gait,stroke,"{'top': 8.96078431372549, 'left': 295.45098039215685, 'height': 346.72549019607845, 'width': 170.96078431372553}","{'height': 360, 'width': 640, 'mime_type': 'video/mp4'}",fbY4O04uunE,https://www.youtube.com/watch?v=fbY4O04uunE
clk6lb2my003i3n6lesxxkgpf,543,left side,,Abnormal Gait,stroke,"{'top': 9.006535947712418, 'left': 295.42483660130716, 'height': 346.7124183006536, 'width': 171.33986928104576}","{'height': 360, 'width': 640, 'mime_type': 'video/mp4'}",fbY4O04uunE,https://www.youtube.com/watch?v=fbY4O04uunE
clk6lb2my003i3n6lesxxkgpf,544,left side,,Abnormal Gait,stroke,"{'top': 9.052287581699346, 'left': 295.39869281045753, 'height': 346.69934640522877, 'width': 171.718954248366}","{'height': 360, 'width': 640, 'mime_type': 'video/mp4'}",fbY4O04uunE,https://www.youtube.com/watch?v=fbY4O04uunE
clk6lb2my003i3n6lesxxkgpf,545,left side,,Abnormal Gait,stroke,"{'top': 9.098039215686274, 'left': 295.37254901960785, 'height': 346.6862745098039, 'width': 172.0980392156863}","{'height': 360, 'width': 640, 'mime_type': 'video/mp4'}",fbY4O04uunE,https://www.youtube.com/watch?v=fbY4O04uunE
clk6lb2my003i3n6lesxxkgpf,546,left side,,Abnormal Gait,stroke,"{'top': 9.143790849673202, 'left': 295.34640522875816, 'height': 346.6732026143791, 'width': 172.47712418300654}","{'height': 360, 'width': 640, 'mime_type': 'video/mp4'}",fbY4O04uunE,https://www.youtube.com/watch?v=fbY4O04uunE
clk6lb2my003i3n6lesxxkgpf,547,left side,,Abnormal Gait,stroke,"{'top': 9.18954248366013, 'left': 295.32026143790847, 'height': 346.66013071895424, 'width': 172.85620915032683}","{'height': 360, 'width': 640, 'mime_type': 'video/mp4'}",fbY4O04uunE,https://www.youtube.com/watch?v=fbY4O04uunE
clk6lb2my003i3n6lesxxkgpf,548,left side,,Abnormal Gait,stroke,"{'top': 9.235294117647058, 'left': 295.29411764705884, 'height': 346.6470588235294, 'width': 173.23529411764702}","{'height': 360, 'width': 640, 'mime_type': 'video/mp4'}",fbY4O04uunE,https://www.youtube.com/watch?v=fbY4O04uunE
clk6lb2my003i3n6lesxxkgpf,549,left side,,Abnormal Gait,stroke,"{'top': 9.281045751633986, 'left': 295.26797385620915, 'height': 346.63398692810455, 'width': 173.6143790849673}","{'height': 360, 'width': 640, 'mime_type': 'video/mp4'}",fbY4O04uunE,https://www.youtube.com/watch?v=fbY4O04uunE
clk6lb2my003i3n6lesxxkgpf,550,left side,,Abnormal Gait,stroke,"{'top': 9.326797385620916, 'left': 295.24183006535947, 'height': 346.6209150326797, 'width': 173.9934640522876}","{'height': 360, 'width': 640, 'mime_type': 'video/mp4'}",fbY4O04uunE,https://www.youtube.com/watch?v=fbY4O04uunE
clk6lb2my003i3n6lesxxkgpf,551,left side,,Abnormal Gait,stroke,"{'top': 9.372549019607844, 'left': 295.2156862745098, 'height': 346.6078431372549, 'width': 174.37254901960785}","{'height': 360, 'width': 640, 'mime_type': 'video/mp4'}",fbY4O04uunE,https://www.youtube.com/watch?v=fbY4O04uunE
clk6lb2my003i3n6lesxxkgpf,552,left side,,Abnormal Gait,stroke,"{'top': 9.418300653594772, 'left': 295.18954248366015, 'height': 346.5947712418301, 'width': 174.75163398692808}","{'height': 360, 'width': 640, 'mime_type': 'video/mp4'}",fbY4O04uunE,https://www.youtube.com/watch?v=fbY4O04uunE
clk6lb2my003i3n6lesxxkgpf,553,left side,,Abnormal Gait,stroke,"{'top': 9.4640522875817, 'left': 295.16339869281046, 'height': 346.58169934640523, 'width': 175.13071895424838}","{'height': 360, 'width': 640, 'mime_type': 'video/mp4'}",fbY4O04uunE,https://www.youtube.com/watch?v=fbY4O04uunE
clk6lb2my003i3n6lesxxkgpf,554,left side,,Abnormal Gait,stroke,"{'top': 9.509803921568627, 'left': 295.1372549019608, 'height': 346.5686274509804, 'width': 175.50980392156862}","{'height': 360, 'width': 640, 'mime_type': 'video/mp4'}",fbY4O04uunE,https://www.youtube.com/watch?v=fbY4O04uunE
clk6lb2my003i3n6lesxxkgpf,555,left side,,Abnormal Gait,stroke,"{'top': 9.555555555555555, 'left': 295.1111111111111, 'height': 346.55555555555554, 'width': 175.8888888888889}","{'height': 360, 'width': 640, 'mime_type': 'video/mp4'}",fbY4O04uunE,https://www.youtube.com/watch?v=fbY4O04uunE
clk6lb2my003i3n6lesxxkgpf,556,left side,,Abnormal Gait,stroke,"{'top': 9.601307189542483, 'left': 295.08496732026146, 'height': 346.54248366013076, 'width': 176.26797385620915}","{'height': 360, 'width': 640, 'mime_type': 'video/mp4'}",fbY4O04uunE,https://www.youtube.com/watch?v=fbY4O04uunE
clk6lb2my003i3n6lesxxkgpf,557,left side,,Abnormal Gait,stroke,"{'top': 9.647058823529411, 'left': 295.05882352941177, 'height': 346.5294117647059, 'width': 176.6470588235294}","{'height': 360, 'width': 640, 'mime_type': 'video/mp4'}",fbY4O04uunE,https://www.youtube.com/watch?v=fbY4O04uunE
clk6lb2my003i3n6lesxxkgpf,558,left side,,Abnormal Gait,stroke,"{'top': 9.69281045751634, 'left': 295.0326797385621, 'height': 346.51633986928107, 'width': 177.0261437908497}","{'height': 360, 'width': 640, 'mime_type': 'video/mp4'}",fbY4O04uunE,https://www.youtube.com/watch?v=fbY4O04uunE
clk6lb2my003i3n6lesxxkgpf,559,left side,,Abnormal Gait,stroke,"{'top': 9.738562091503269, 'left': 295.0065359477124, 'height': 346.50326797385617, 'width': 177.40522875816998}","{'height': 360, 'width': 640, 'mime_type': 'video/mp4'}",fbY4O04uunE,https://www.youtube.com/watch?v=fbY4O04uunE
clk6lb2my003i3n6lesxxkgpf,560,left side,,Abnormal Gait,stroke,"{'top': 9.784313725490197, 'left': 294.98039215686276, 'height': 346.4901960784313, 'width': 177.78431372549016}","{'height': 360, 'width': 640, 'mime_type': 'video/mp4'}",fbY4O04uunE,https://www.youtube.com/watch?v=fbY4O04uunE
clk6lb2my003i3n6lesxxkgpf,561,left side,,Abnormal Gait,stroke,"{'top': 9.830065359477125, 'left': 294.9542483660131, 'height': 346.47712418300654, 'width': 178.16339869281046}","{'height': 360, 'width': 640, 'mime_type': 'video/mp4'}",fbY4O04uunE,https://www.youtube.com/watch?v=fbY4O04uunE
clk6lb2my003i3n6lesxxkgpf,562,left side,,Abnormal Gait,stroke,"{'top': 9.875816993464053, 'left': 294.9281045751634, 'height': 346.4640522875817, 'width': 178.54248366013076}","{'height': 360, 'width': 640, 'mime_type': 'video/mp4'}",fbY4O04uunE,https://www.youtube.com/watch?v=fbY4O04uunE
clk6lb2my003i3n6lesxxkgpf,563,left side,,Abnormal Gait,stroke,"{'top': 9.92156862745098, 'left': 294.9019607843137, 'height': 346.45098039215685, 'width': 178.921568627451}","{'height': 360, 'width': 640, 'mime_type': 'video/mp4'}",fbY4O04uunE,https://www.youtube.com/watch?v=fbY4O04uunE
clk6lb2my003i3n6lesxxkgpf,564,left side,,Abnormal Gait,stroke,"{'top': 9.967320261437909, 'left': 294.87581699346407, 'height': 346.437908496732, 'width': 179.30065359477123}","{'height': 360, 'width': 640, 'mime_type': 'video/mp4'}",fbY4O04uunE,https://www.youtube.com/watch?v=fbY4O04uunE
clk6lb2my003i3n6lesxxkgpf,565,left side,,Abnormal Gait,stroke,"{'top': 10.013071895424837, 'left': 294.8496732026144, 'height': 346.42483660130716, 'width': 179.67973856209147}","{'height': 360, 'width': 640, 'mime_type': 'video/mp4'}",fbY4O04uunE,https://www.youtube.com/watch?v=fbY4O04uunE
clk6lb2my003i3n6lesxxkgpf,566,left side,,Abnormal Gait,stroke,"{'top': 10.058823529411764, 'left': 294.8235294117647, 'height': 346.4117647058824, 'width': 180.05882352941177}","{'height': 360, 'width': 640, 'mime_type': 'video/mp4'}",fbY4O04uunE,https://www.youtube.com/watch?v=fbY4O04uunE
clk6lb2my003i3n6lesxxkgpf,567,left side,,Abnormal Gait,stroke,"{'top': 10.104575163398692, 'left': 294.797385620915, 'height': 346.39869281045753, 'width': 180.43790849673206}","{'height': 360, 'width': 640, 'mime_type': 'video/mp4'}",fbY4O04uunE,https://www.youtube.com/watch?v=fbY4O04uunE
clk6lb2my003i3n6lesxxkgpf,568,left side,,Abnormal Gait,stroke,"{'top': 10.15032679738562, 'left': 294.7712418300654, 'height': 346.3856209150327, 'width': 180.81699346405225}","{'height': 360, 'width': 640, 'mime_type': 'video/mp4'}",fbY4O04uunE,https://www.youtube.com/watch?v=fbY4O04uunE
clk6lb2my003i3n6lesxxkgpf,569,left side,,Abnormal Gait,stroke,"{'top': 10.196078431372548, 'left': 294.7450980392157, 'height': 346.37254901960785, 'width': 181.19607843137254}","{'height': 360, 'width': 640, 'mime_type': 'video/mp4'}",fbY4O04uunE,https://www.youtube.com/watch?v=fbY4O04uunE
clk6lb2my003i3n6lesxxkgpf,570,left side,,Abnormal Gait,stroke,"{'top': 10.241830065359476, 'left': 294.718954248366, 'height': 346.359477124183, 'width': 181.57516339869284}","{'height': 360, 'width': 640, 'mime_type': 'video/mp4'}",fbY4O04uunE,https://www.youtube.com/watch?v=fbY4O04uunE
clk6lb2my003i3n6lesxxkgpf,571,left side,,Abnormal Gait,stroke,"{'top': 10.287581699346404, 'left': 294.6928104575163, 'height': 346.34640522875816, 'width': 181.95424836601308}","{'height': 360, 'width': 640, 'mime_type': 'video/mp4'}",fbY4O04uunE,https://www.youtube.com/watch?v=fbY4O04uunE
clk6lb2my003i3n6lesxxkgpf,572,left side,,Abnormal Gait,stroke,"{'top': 10.333333333333332, 'left': 294.6666666666667, 'height': 346.33333333333337, 'width': 182.33333333333331}","{'height': 360, 'width': 640, 'mime_type': 'video/mp4'}",fbY4O04uunE,https://www.youtube.com/watch?v=fbY4O04uunE
clk6lb2my003i3n6lesxxkgpf,573,left side,,Abnormal Gait,stroke,"{'top': 10.379084967320262, 'left': 294.640522875817, 'height': 346.3202614379085, 'width': 182.7124183006536}","{'height': 360, 'width': 640, 'mime_type': 'video/mp4'}",fbY4O04uunE,https://www.youtube.com/watch?v=fbY4O04uunE
clk6lb2my003i3n6lesxxkgpf,574,left side,,Abnormal Gait,stroke,"{'top': 10.42483660130719, 'left': 294.6143790849673, 'height': 346.3071895424837, 'width': 183.09150326797385}","{'height': 360, 'width': 640, 'mime_type': 'video/mp4'}",fbY4O04uunE,https://www.youtube.com/watch?v=fbY4O04uunE
clk6lb2my003i3n6lesxxkgpf,575,left side,,Abnormal Gait,stroke,"{'top': 10.470588235294118, 'left': 294.5882352941176, 'height': 346.2941176470588, 'width': 183.47058823529414}","{'height': 360, 'width': 640, 'mime_type': 'video/mp4'}",fbY4O04uunE,https://www.youtube.com/watch?v=fbY4O04uunE
clk6lb2my003i3n6lesxxkgpf,576,left side,,Abnormal Gait,stroke,"{'top': 10.516339869281046, 'left': 294.562091503268, 'height': 346.28104575163394, 'width': 183.84967320261438}","{'height': 360, 'width': 640, 'mime_type': 'video/mp4'}",fbY4O04uunE,https://www.youtube.com/watch?v=fbY4O04uunE
clk6lb2my003i3n6lesxxkgpf,577,left side,,Abnormal Gait,stroke,"{'top': 10.562091503267974, 'left': 294.5359477124183, 'height': 346.26797385620915, 'width': 184.22875816993462}","{'height': 360, 'width': 640, 'mime_type': 'video/mp4'}",fbY4O04uunE,https://www.youtube.com/watch?v=fbY4O04uunE
clk6lb2my003i3n6lesxxkgpf,578,left side,,Abnormal Gait,stroke,"{'top': 10.607843137254902, 'left': 294.5098039215686, 'height': 346.2549019607843, 'width': 184.60784313725492}","{'height': 360, 'width': 640, 'mime_type': 'video/mp4'}",fbY4O04uunE,https://www.youtube.com/watch?v=fbY4O04uunE
clk6lb2my003i3n6lesxxkgpf,579,left side,,Abnormal Gait,stroke,"{'top': 10.65359477124183, 'left': 294.48366013071893, 'height': 346.24183006535947, 'width': 184.9869281045752}","{'height': 360, 'width': 640, 'mime_type': 'video/mp4'}",fbY4O04uunE,https://www.youtube.com/watch?v=fbY4O04uunE
clk6lb2my003i3n6lesxxkgpf,580,left side,,Abnormal Gait,stroke,"{'top': 10.69934640522876, 'left': 294.4575163398693, 'height': 346.2287581699346, 'width': 185.3660130718954}","{'height': 360, 'width': 640, 'mime_type': 'video/mp4'}",fbY4O04uunE,https://www.youtube.com/watch?v=fbY4O04uunE
clk6lb2my003i3n6lesxxkgpf,581,left side,,Abnormal Gait,stroke,"{'top': 10.745098039215687, 'left': 294.4313725490196, 'height': 346.2156862745098, 'width': 185.7450980392157}","{'height': 360, 'width': 640, 'mime_type': 'video/mp4'}",fbY4O04uunE,https://www.youtube.com/watch?v=fbY4O04uunE
clk6lb2my003i3n6lesxxkgpf,582,left side,,Abnormal Gait,stroke,"{'top': 10.790849673202615, 'left': 294.4052287581699, 'height': 346.202614379085, 'width': 186.12418300653593}","{'height': 360, 'width': 640, 'mime_type': 'video/mp4'}",fbY4O04uunE,https://www.youtube.com/watch?v=fbY4O04uunE
clk6lb2my003i3n6lesxxkgpf,583,left side,,Abnormal Gait,stroke,"{'top': 10.836601307189543, 'left': 294.37908496732024, 'height': 346.18954248366015, 'width': 186.50326797385623}","{'height': 360, 'width': 640, 'mime_type': 'video/mp4'}",fbY4O04uunE,https://www.youtube.com/watch?v=fbY4O04uunE
clk6lb2my003i3n6lesxxkgpf,584,left side,,Abnormal Gait,stroke,"{'top': 10.882352941176471, 'left': 294.3529411764706, 'height': 346.1764705882353, 'width': 186.88235294117646}","{'height': 360, 'width': 640, 'mime_type': 'video/mp4'}",fbY4O04uunE,https://www.youtube.com/watch?v=fbY4O04uunE
clk6lb2my003i3n6lesxxkgpf,585,left side,,Abnormal Gait,stroke,"{'top': 10.928104575163399, 'left': 294.3267973856209, 'height': 346.16339869281046, 'width': 187.2614379084967}","{'height': 360, 'width': 640, 'mime_type': 'video/mp4'}",fbY4O04uunE,https://www.youtube.com/watch?v=fbY4O04uunE
clk6lb2my003i3n6lesxxkgpf,586,left side,,Abnormal Gait,stroke,"{'top': 10.973856209150327, 'left': 294.30065359477123, 'height': 346.1503267973856, 'width': 187.640522875817}","{'height': 360, 'width': 640, 'mime_type': 'video/mp4'}",fbY4O04uunE,https://www.youtube.com/watch?v=fbY4O04uunE
clk6lb2my003i3n6lesxxkgpf,587,left side,,Abnormal Gait,stroke,"{'top': 11.019607843137255, 'left': 294.27450980392155, 'height': 346.13725490196083, 'width': 188.0196078431373}","{'height': 360, 'width': 640, 'mime_type': 'video/mp4'}",fbY4O04uunE,https://www.youtube.com/watch?v=fbY4O04uunE
clk6lb2my003i3n6lesxxkgpf,588,left side,,Abnormal Gait,stroke,"{'top': 11.065359477124183, 'left': 294.2483660130719, 'height': 346.124183006536, 'width': 188.39869281045748}","{'height': 360, 'width': 640, 'mime_type': 'video/mp4'}",fbY4O04uunE,https://www.youtube.com/watch?v=fbY4O04uunE
clk6lb2my003i3n6lesxxkgpf,589,left side,,Abnormal Gait,stroke,"{'top': 11.11111111111111, 'left': 294.22222222222223, 'height': 346.11111111111114, 'width': 188.77777777777777}","{'height': 360, 'width': 640, 'mime_type': 'video/mp4'}",fbY4O04uunE,https://www.youtube.com/watch?v=fbY4O04uunE
clk6lb2my003i3n6lesxxkgpf,590,left side,,Abnormal Gait,stroke,"{'top': 11.156862745098039, 'left': 294.19607843137254, 'height': 346.0980392156863, 'width': 189.15686274509807}","{'height': 360, 'width': 640, 'mime_type': 'video/mp4'}",fbY4O04uunE,https://www.youtube.com/watch?v=fbY4O04uunE
clk6lb2my003i3n6lesxxkgpf,591,left side,,Abnormal Gait,stroke,"{'top': 11.202614379084967, 'left': 294.16993464052285, 'height': 346.0849673202614, 'width': 189.5359477124183}","{'height': 360, 'width': 640, 'mime_type': 'video/mp4'}",fbY4O04uunE,https://www.youtube.com/watch?v=fbY4O04uunE
clk6lb2my003i3n6lesxxkgpf,592,left side,,Abnormal Gait,stroke,"{'top': 11.248366013071895, 'left': 294.1437908496732, 'height': 346.07189542483655, 'width': 189.91503267973854}","{'height': 360, 'width': 640, 'mime_type': 'video/mp4'}",fbY4O04uunE,https://www.youtube.com/watch?v=fbY4O04uunE
clk6lb2my003i3n6lesxxkgpf,593,left side,,Abnormal Gait,stroke,"{'top': 11.294117647058822, 'left': 294.11764705882354, 'height': 346.05882352941177, 'width': 190.29411764705884}","{'height': 360, 'width': 640, 'mime_type': 'video/mp4'}",fbY4O04uunE,https://www.youtube.com/watch?v=fbY4O04uunE
clk6lb2my003i3n6lesxxkgpf,594,left side,,Abnormal Gait,stroke,"{'top': 11.339869281045752, 'left': 294.09150326797385, 'height': 346.0457516339869, 'width': 190.67320261437908}","{'height': 360, 'width': 640, 'mime_type': 'video/mp4'}",fbY4O04uunE,https://www.youtube.com/watch?v=fbY4O04uunE
clk6lb2my003i3n6lesxxkgpf,595,left side,,Abnormal Gait,stroke,"{'top': 11.38562091503268, 'left': 294.06535947712416, 'height': 346.0326797385621, 'width': 191.05228758169937}","{'height': 360, 'width': 640, 'mime_type': 'video/mp4'}",fbY4O04uunE,https://www.youtube.com/watch?v=fbY4O04uunE
clk6lb2my003i3n6lesxxkgpf,596,left side,,Abnormal Gait,stroke,"{'top': 11.431372549019608, 'left': 294.03921568627453, 'height': 346.01960784313724, 'width': 191.4313725490196}","{'height': 360, 'width': 640, 'mime_type': 'video/mp4'}",fbY4O04uunE,https://www.youtube.com/watch?v=fbY4O04uunE
clk6lb2my003i3n6lesxxkgpf,597,left side,,Abnormal Gait,stroke,"{'top': 11.477124183006536, 'left': 294.01307189542484, 'height': 346.0065359477124, 'width': 191.81045751633985}","{'height': 360, 'width': 640, 'mime_type': 'video/mp4'}",fbY4O04uunE,https://www.youtube.com/watch?v=fbY4O04uunE
clk6lb2my003i3n6lesxxkgpf,598,left side,,Abnormal Gait,stroke,"{'top': 11.522875816993464, 'left': 293.98692810457516, 'height': 345.9934640522876, 'width': 192.18954248366015}","{'height': 360, 'width': 640, 'mime_type': 'video/mp4'}",fbY4O04uunE,https://www.youtube.com/watch?v=fbY4O04uunE
clk6lb2my003i3n6lesxxkgpf,599,left side,,Abnormal Gait,stroke,"{'top': 11.568627450980392, 'left': 293.96078431372547, 'height': 345.98039215686276, 'width': 192.5686274509804}","{'height': 360, 'width': 640, 'mime_type': 'video/mp4'}",fbY4O04uunE,https://www.youtube.com/watch?v=fbY4O04uunE
clk6lb2my003i3n6lesxxkgpf,600,left side,,Abnormal Gait,stroke,"{'top': 11.614379084967322, 'left': 293.93464052287584, 'height': 345.9673202614379, 'width': 192.94771241830063}","{'height': 360, 'width': 640, 'mime_type': 'video/mp4'}",fbY4O04uunE,https://www.youtube.com/watch?v=fbY4O04uunE
clk6lb2my003i3n6lesxxkgpf,601,left side,,Abnormal Gait,stroke,"{'top': 11.66013071895425, 'left': 293.90849673202615, 'height': 345.9542483660131, 'width': 193.32679738562092}","{'height': 360, 'width': 640, 'mime_type': 'video/mp4'}",fbY4O04uunE,https://www.youtube.com/watch?v=fbY4O04uunE
clk6lb2my003i3n6lesxxkgpf,602,left side,,Abnormal Gait,stroke,"{'top': 11.705882352941178, 'left': 293.88235294117646, 'height': 345.94117647058823, 'width': 193.70588235294116}","{'height': 360, 'width': 640, 'mime_type': 'video/mp4'}",fbY4O04uunE,https://www.youtube.com/watch?v=fbY4O04uunE
clk6lb2my003i3n6lesxxkgpf,603,left side,,Abnormal Gait,stroke,"{'top': 11.751633986928105, 'left': 293.8562091503268, 'height': 345.92810457516345, 'width': 194.08496732026146}","{'height': 360, 'width': 640, 'mime_type': 'video/mp4'}",fbY4O04uunE,https://www.youtube.com/watch?v=fbY4O04uunE
clk6lb2my003i3n6lesxxkgpf,604,left side,,Abnormal Gait,stroke,"{'top': 11.797385620915033, 'left': 293.83006535947715, 'height': 345.9150326797386, 'width': 194.4640522875817}","{'height': 360, 'width': 640, 'mime_type': 'video/mp4'}",fbY4O04uunE,https://www.youtube.com/watch?v=fbY4O04uunE
clk6lb2my003i3n6lesxxkgpf,605,left side,,Abnormal Gait,stroke,"{'top': 11.843137254901961, 'left': 293.80392156862746, 'height': 345.9019607843137, 'width': 194.84313725490193}","{'height': 360, 'width': 640, 'mime_type': 'video/mp4'}",fbY4O04uunE,https://www.youtube.com/watch?v=fbY4O04uunE
clk6lb2my003i3n6lesxxkgpf,606,left side,,Abnormal Gait,stroke,"{'top': 11.88888888888889, 'left': 293.77777777777777, 'height': 345.88888888888886, 'width': 195.22222222222223}","{'height': 360, 'width': 640, 'mime_type': 'video/mp4'}",fbY4O04uunE,https://www.youtube.com/watch?v=fbY4O04uunE
clk6lb2my003i3n6lesxxkgpf,607,left side,,Abnormal Gait,stroke,"{'top': 11.934640522875817, 'left': 293.7516339869281, 'height': 345.875816993464, 'width': 195.60130718954252}","{'height': 360, 'width': 640, 'mime_type': 'video/mp4'}",fbY4O04uunE,https://www.youtube.com/watch?v=fbY4O04uunE
clk6lb2my003i3n6lesxxkgpf,608,left side,,Abnormal Gait,stroke,"{'top': 11.980392156862745, 'left': 293.72549019607845, 'height': 345.86274509803917, 'width': 195.9803921568627}","{'height': 360, 'width': 640, 'mime_type': 'video/mp4'}",fbY4O04uunE,https://www.youtube.com/watch?v=fbY4O04uunE
clk6lb2my003i3n6lesxxkgpf,609,left side,,Abnormal Gait,stroke,"{'top': 12.026143790849673, 'left': 293.69934640522877, 'height': 345.8496732026144, 'width': 196.359477124183}","{'height': 360, 'width': 640, 'mime_type': 'video/mp4'}",fbY4O04uunE,https://www.youtube.com/watch?v=fbY4O04uunE
clk6lb2my003i3n6lesxxkgpf,610,left side,,Abnormal Gait,stroke,"{'top': 12.071895424836601, 'left': 293.6732026143791, 'height': 345.83660130718954, 'width': 196.7385620915033}","{'height': 360, 'width': 640, 'mime_type': 'video/mp4'}",fbY4O04uunE,https://www.youtube.com/watch?v=fbY4O04uunE
clk6lb2my003i3n6lesxxkgpf,611,left side,,Abnormal Gait,stroke,"{'top': 12.117647058823529, 'left': 293.6470588235294, 'height': 345.8235294117647, 'width': 197.11764705882354}","{'height': 360, 'width': 640, 'mime_type': 'video/mp4'}",fbY4O04uunE,https://www.youtube.com/watch?v=fbY4O04uunE
clk6lb2my003i3n6lesxxkgpf,612,left side,,Abnormal Gait,stroke,"{'top': 12.163398692810457, 'left': 293.62091503267976, 'height': 345.81045751633985, 'width': 197.49673202614377}","{'height': 360, 'width': 640, 'mime_type': 'video/mp4'}",fbY4O04uunE,https://www.youtube.com/watch?v=fbY4O04uunE
clk6lb2my003i3n6lesxxkgpf,613,left side,,Abnormal Gait,stroke,"{'top': 12.209150326797385, 'left': 293.5947712418301, 'height': 345.797385620915, 'width': 197.87581699346407}","{'height': 360, 'width': 640, 'mime_type': 'video/mp4'}",fbY4O04uunE,https://www.youtube.com/watch?v=fbY4O04uunE
clk6lb2my003i3n6lesxxkgpf,614,left side,,Abnormal Gait,stroke,"{'top': 12.254901960784313, 'left': 293.5686274509804, 'height': 345.7843137254902, 'width': 198.2549019607843}","{'height': 360, 'width': 640, 'mime_type': 'video/mp4'}",fbY4O04uunE,https://www.youtube.com/watch?v=fbY4O04uunE
clk6lb2my003i3n6lesxxkgpf,615,left side,,Abnormal Gait,stroke,"{'top': 12.300653594771243, 'left': 293.5424836601307, 'height': 345.7712418300654, 'width': 198.6339869281046}","{'height': 360, 'width': 640, 'mime_type': 'video/mp4'}",fbY4O04uunE,https://www.youtube.com/watch?v=fbY4O04uunE
clk6lb2my003i3n6lesxxkgpf,616,left side,,Abnormal Gait,stroke,"{'top': 12.34640522875817, 'left': 293.51633986928107, 'height': 345.75816993464053, 'width': 199.0130718954248}","{'height': 360, 'width': 640, 'mime_type': 'video/mp4'}",fbY4O04uunE,https://www.youtube.com/watch?v=fbY4O04uunE
clk6lb2my003i3n6lesxxkgpf,617,left side,,Abnormal Gait,stroke,"{'top': 12.392156862745098, 'left': 293.4901960784314, 'height': 345.7450980392157, 'width': 199.39215686274508}","{'height': 360, 'width': 640, 'mime_type': 'video/mp4'}",fbY4O04uunE,https://www.youtube.com/watch?v=fbY4O04uunE
clk6lb2my003i3n6lesxxkgpf,618,left side,,Abnormal Gait,stroke,"{'top': 12.437908496732026, 'left': 293.4640522875817, 'height': 345.73202614379085, 'width': 199.77124183006538}","{'height': 360, 'width': 640, 'mime_type': 'video/mp4'}",fbY4O04uunE,https://www.youtube.com/watch?v=fbY4O04uunE
clk6lb2my003i3n6lesxxkgpf,619,left side,,Abnormal Gait,stroke,"{'top': 12.483660130718954, 'left': 293.437908496732, 'height': 345.71895424836606, 'width': 200.15032679738562}","{'height': 360, 'width': 640, 'mime_type': 'video/mp4'}",fbY4O04uunE,https://www.youtube.com/watch?v=fbY4O04uunE
clk6lb2my003i3n6lesxxkgpf,620,left side,,Abnormal Gait,stroke,"{'top': 12.529411764705882, 'left': 293.4117647058824, 'height': 345.7058823529412, 'width': 200.52941176470586}","{'height': 360, 'width': 640, 'mime_type': 'video/mp4'}",fbY4O04uunE,https://www.youtube.com/watch?v=fbY4O04uunE
clk6lb2my003i3n6lesxxkgpf,621,left side,,Abnormal Gait,stroke,"{'top': 12.57516339869281, 'left': 293.3856209150327, 'height': 345.6928104575163, 'width': 200.90849673202615}","{'height': 360, 'width': 640, 'mime_type': 'video/mp4'}",fbY4O04uunE,https://www.youtube.com/watch?v=fbY4O04uunE
clk6lb2my003i3n6lesxxkgpf,622,left side,,Abnormal Gait,stroke,"{'top': 12.620915032679738, 'left': 293.359477124183, 'height': 345.6797385620915, 'width': 201.2875816993464}","{'height': 360, 'width': 640, 'mime_type': 'video/mp4'}",fbY4O04uunE,https://www.youtube.com/watch?v=fbY4O04uunE
clk6lb2my003i3n6lesxxkgpf,623,left side,,Abnormal Gait,stroke,"{'top': 12.666666666666666, 'left': 293.3333333333333, 'height': 345.66666666666663, 'width': 201.66666666666669}","{'height': 360, 'width': 640, 'mime_type': 'video/mp4'}",fbY4O04uunE,https://www.youtube.com/watch?v=fbY4O04uunE
clk6lb2my003i3n6lesxxkgpf,624,left side,,Abnormal Gait,stroke,"{'top': 12.712418300653596, 'left': 293.3071895424837, 'height': 345.65359477124184, 'width': 202.04575163398692}","{'height': 360, 'width': 640, 'mime_type': 'video/mp4'}",fbY4O04uunE,https://www.youtube.com/watch?v=fbY4O04uunE
clk6lb2my003i3n6lesxxkgpf,625,left side,,Abnormal Gait,stroke,"{'top': 12.758169934640524, 'left': 293.281045751634, 'height': 345.640522875817, 'width': 202.42483660130716}","{'height': 360, 'width': 640, 'mime_type': 'video/mp4'}",fbY4O04uunE,https://www.youtube.com/watch?v=fbY4O04uunE
clk6lb2my003i3n6lesxxkgpf,626,left side,,Abnormal Gait,stroke,"{'top': 12.803921568627452, 'left': 293.2549019607843, 'height': 345.62745098039215, 'width': 202.80392156862746}","{'height': 360, 'width': 640, 'mime_type': 'video/mp4'}",fbY4O04uunE,https://www.youtube.com/watch?v=fbY4O04uunE
clk6lb2my003i3n6lesxxkgpf,627,left side,,Abnormal Gait,stroke,"{'top': 12.84967320261438, 'left': 293.2287581699346, 'height': 345.6143790849673, 'width': 203.18300653594775}","{'height': 360, 'width': 640, 'mime_type': 'video/mp4'}",fbY4O04uunE,https://www.youtube.com/watch?v=fbY4O04uunE
clk6lb2my003i3n6lesxxkgpf,628,left side,,Abnormal Gait,stroke,"{'top': 12.895424836601308, 'left': 293.202614379085, 'height': 345.60130718954247, 'width': 203.56209150326794}","{'height': 360, 'width': 640, 'mime_type': 'video/mp4'}",fbY4O04uunE,https://www.youtube.com/watch?v=fbY4O04uunE
clk6lb2my003i3n6lesxxkgpf,629,left side,,Abnormal Gait,stroke,"{'top': 12.941176470588236, 'left': 293.1764705882353, 'height': 345.5882352941176, 'width': 203.94117647058823}","{'height': 360, 'width': 640, 'mime_type': 'video/mp4'}",fbY4O04uunE,https://www.youtube.com/watch?v=fbY4O04uunE
clk6lb2my003i3n6lesxxkgpf,630,left side,,Abnormal Gait,stroke,"{'top': 12.986928104575163, 'left': 293.1503267973856, 'height': 345.57516339869284, 'width': 204.32026143790853}","{'height': 360, 'width': 640, 'mime_type': 'video/mp4'}",fbY4O04uunE,https://www.youtube.com/watch?v=fbY4O04uunE
clk6lb2my003i3n6lesxxkgpf,631,left side,,Abnormal Gait,stroke,"{'top': 13.032679738562091, 'left': 293.12418300653593, 'height': 345.562091503268, 'width': 204.69934640522877}","{'height': 360, 'width': 640, 'mime_type': 'video/mp4'}",fbY4O04uunE,https://www.youtube.com/watch?v=fbY4O04uunE
clk6lb2my003i3n6lesxxkgpf,632,left side,,Abnormal Gait,stroke,"{'top': 13.07843137254902, 'left': 293.0980392156863, 'height': 345.54901960784315, 'width': 205.078431372549}","{'height': 360, 'width': 640, 'mime_type': 'video/mp4'}",fbY4O04uunE,https://www.youtube.com/watch?v=fbY4O04uunE
clk6lb2my003i3n6lesxxkgpf,633,left side,,Abnormal Gait,stroke,"{'top': 13.124183006535947, 'left': 293.0718954248366, 'height': 345.5359477124183, 'width': 205.45751633986924}","{'height': 360, 'width': 640, 'mime_type': 'video/mp4'}",fbY4O04uunE,https://www.youtube.com/watch?v=fbY4O04uunE
clk6lb2my003i3n6lesxxkgpf,634,left side,,Abnormal Gait,stroke,"{'top': 13.169934640522875, 'left': 293.0457516339869, 'height': 345.52287581699346, 'width': 205.83660130718954}","{'height': 360, 'width': 640, 'mime_type': 'video/mp4'}",fbY4O04uunE,https://www.youtube.com/watch?v=fbY4O04uunE
clk6lb2my003i3n6lesxxkgpf,635,left side,,Abnormal Gait,stroke,"{'top': 13.215686274509803, 'left': 293.01960784313724, 'height': 345.5098039215687, 'width': 206.21568627450984}","{'height': 360, 'width': 640, 'mime_type': 'video/mp4'}",fbY4O04uunE,https://www.youtube.com/watch?v=fbY4O04uunE
clk6lb2my003i3n6lesxxkgpf,636,left side,,Abnormal Gait,stroke,"{'top': 13.261437908496731, 'left': 292.9934640522876, 'height': 345.49673202614383, 'width': 206.59477124183002}","{'height': 360, 'width': 640, 'mime_type': 'video/mp4'}",fbY4O04uunE,https://www.youtube.com/watch?v=fbY4O04uunE
clk6lb2my003i3n6lesxxkgpf,637,left side,,Abnormal Gait,stroke,"{'top': 13.307189542483659, 'left': 292.9673202614379, 'height': 345.48366013071893, 'width': 206.9738562091503}","{'height': 360, 'width': 640, 'mime_type': 'video/mp4'}",fbY4O04uunE,https://www.youtube.com/watch?v=fbY4O04uunE
clk6lb2my003i3n6lesxxkgpf,638,left side,,Abnormal Gait,stroke,"{'top': 13.352941176470587, 'left': 292.94117647058823, 'height': 345.4705882352941, 'width': 207.3529411764706}","{'height': 360, 'width': 640, 'mime_type': 'video/mp4'}",fbY4O04uunE,https://www.youtube.com/watch?v=fbY4O04uunE
clk6lb2my003i3n6lesxxkgpf,639,left side,,Abnormal Gait,stroke,"{'top': 13.398692810457517, 'left': 292.91503267973854, 'height': 345.45751633986924, 'width': 207.73202614379085}","{'height': 360, 'width': 640, 'mime_type': 'video/mp4'}",fbY4O04uunE,https://www.youtube.com/watch?v=fbY4O04uunE
clk6lb2my003i3n6lesxxkgpf,640,left side,,Abnormal Gait,stroke,"{'top': 13.444444444444445, 'left': 292.8888888888889, 'height': 345.44444444444446, 'width': 208.1111111111111}","{'height': 360, 'width': 640, 'mime_type': 'video/mp4'}",fbY4O04uunE,https://www.youtube.com/watch?v=fbY4O04uunE
clk6lb2my003i3n6lesxxkgpf,641,left side,,Abnormal Gait,stroke,"{'top': 13.490196078431373, 'left': 292.8627450980392, 'height': 345.4313725490196, 'width': 208.49019607843138}","{'height': 360, 'width': 640, 'mime_type': 'video/mp4'}",fbY4O04uunE,https://www.youtube.com/watch?v=fbY4O04uunE
clk6lb2my003i3n6lesxxkgpf,642,left side,,Abnormal Gait,stroke,"{'top': 13.5359477124183, 'left': 292.83660130718954, 'height': 345.41830065359477, 'width': 208.86928104575162}","{'height': 360, 'width': 640, 'mime_type': 'video/mp4'}",fbY4O04uunE,https://www.youtube.com/watch?v=fbY4O04uunE
clk6lb2my003i3n6lesxxkgpf,643,left side,,Abnormal Gait,stroke,"{'top': 13.58169934640523, 'left': 292.81045751633985, 'height': 345.4052287581699, 'width': 209.24836601307192}","{'height': 360, 'width': 640, 'mime_type': 'video/mp4'}",fbY4O04uunE,https://www.youtube.com/watch?v=fbY4O04uunE
clk6lb2my003i3n6lesxxkgpf,644,left side,,Abnormal Gait,stroke,"{'top': 13.627450980392158, 'left': 292.7843137254902, 'height': 345.3921568627451, 'width': 209.62745098039215}","{'height': 360, 'width': 640, 'mime_type': 'video/mp4'}",fbY4O04uunE,https://www.youtube.com/watch?v=fbY4O04uunE
clk6lb2my003i3n6lesxxkgpf,645,left side,,Abnormal Gait,stroke,"{'top': 13.673202614379086, 'left': 292.75816993464053, 'height': 345.3790849673203, 'width': 210.0065359477124}","{'height': 360, 'width': 640, 'mime_type': 'video/mp4'}",fbY4O04uunE,https://www.youtube.com/watch?v=fbY4O04uunE
clk6lb2my003i3n6lesxxkgpf,646,left side,,Abnormal Gait,stroke,"{'top': 13.718954248366014, 'left': 292.73202614379085, 'height': 345.36601307189545, 'width': 210.3856209150327}","{'height': 360, 'width': 640, 'mime_type': 'video/mp4'}",fbY4O04uunE,https://www.youtube.com/watch?v=fbY4O04uunE
clk6lb2my003i3n6lesxxkgpf,647,left side,,Abnormal Gait,stroke,"{'top': 13.764705882352942, 'left': 292.70588235294116, 'height': 345.3529411764706, 'width': 210.76470588235298}","{'height': 360, 'width': 640, 'mime_type': 'video/mp4'}",fbY4O04uunE,https://www.youtube.com/watch?v=fbY4O04uunE
clk6lb2my003i3n6lesxxkgpf,648,left side,,Abnormal Gait,stroke,"{'top': 13.81045751633987, 'left': 292.67973856209153, 'height': 345.33986928104576, 'width': 211.14379084967317}","{'height': 360, 'width': 640, 'mime_type': 'video/mp4'}",fbY4O04uunE,https://www.youtube.com/watch?v=fbY4O04uunE
clk6lb2my003i3n6lesxxkgpf,649,left side,,Abnormal Gait,stroke,"{'top': 13.856209150326798, 'left': 292.65359477124184, 'height': 345.3267973856209, 'width': 211.52287581699346}","{'height': 360, 'width': 640, 'mime_type': 'video/mp4'}",fbY4O04uunE,https://www.youtube.com/watch?v=fbY4O04uunE
clk6lb2my003i3n6lesxxkgpf,650,left side,,Abnormal Gait,stroke,"{'top': 13.901960784313726, 'left': 292.62745098039215, 'height': 345.3137254901961, 'width': 211.9019607843137}","{'height': 360, 'width': 640, 'mime_type': 'video/mp4'}",fbY4O04uunE,https://www.youtube.com/watch?v=fbY4O04uunE
clk6lb2my003i3n6lesxxkgpf,651,left side,,Abnormal Gait,stroke,"{'top': 13.947712418300654, 'left': 292.60130718954247, 'height': 345.30065359477123, 'width': 212.281045751634}","{'height': 360, 'width': 640, 'mime_type': 'video/mp4'}",fbY4O04uunE,https://www.youtube.com/watch?v=fbY4O04uunE
clk6lb2my003i3n6lesxxkgpf,652,left side,,Abnormal Gait,stroke,"{'top': 13.993464052287582, 'left': 292.57516339869284, 'height': 345.2875816993464, 'width': 212.66013071895424}","{'height': 360, 'width': 640, 'mime_type': 'video/mp4'}",fbY4O04uunE,https://www.youtube.com/watch?v=fbY4O04uunE
clk6lb2my003i3n6lesxxkgpf,653,left side,,Abnormal Gait,stroke,"{'top': 14.03921568627451, 'left': 292.54901960784315, 'height': 345.27450980392155, 'width': 213.03921568627453}","{'height': 360, 'width': 640, 'mime_type': 'video/mp4'}",fbY4O04uunE,https://www.youtube.com/watch?v=fbY4O04uunE
clk6lb2my003i3n6lesxxkgpf,654,left side,,Abnormal Gait,stroke,"{'top': 14.084967320261438, 'left': 292.52287581699346, 'height': 345.2614379084967, 'width': 213.41830065359477}","{'height': 360, 'width': 640, 'mime_type': 'video/mp4'}",fbY4O04uunE,https://www.youtube.com/watch?v=fbY4O04uunE
clk6lb2my003i3n6lesxxkgpf,655,left side,,Abnormal Gait,stroke,"{'top': 14.130718954248366, 'left': 292.4967320261438, 'height': 345.24836601307186, 'width': 213.79738562091507}","{'height': 360, 'width': 640, 'mime_type': 'video/mp4'}",fbY4O04uunE,https://www.youtube.com/watch?v=fbY4O04uunE
clk6lb2my003i3n6lesxxkgpf,656,left side,,Abnormal Gait,stroke,"{'top': 14.176470588235293, 'left': 292.47058823529414, 'height': 345.2352941176471, 'width': 214.17647058823525}","{'height': 360, 'width': 640, 'mime_type': 'video/mp4'}",fbY4O04uunE,https://www.youtube.com/watch?v=fbY4O04uunE
clk6lb2my003i3n6lesxxkgpf,657,left side,,Abnormal Gait,stroke,"{'top': 14.222222222222221, 'left': 292.44444444444446, 'height': 345.22222222222223, 'width': 214.55555555555554}","{'height': 360, 'width': 640, 'mime_type': 'video/mp4'}",fbY4O04uunE,https://www.youtube.com/watch?v=fbY4O04uunE
clk6lb2my003i3n6lesxxkgpf,658,left side,,Abnormal Gait,stroke,"{'top': 14.26797385620915, 'left': 292.41830065359477, 'height': 345.2091503267974, 'width': 214.93464052287584}","{'height': 360, 'width': 640, 'mime_type': 'video/mp4'}",fbY4O04uunE,https://www.youtube.com/watch?v=fbY4O04uunE
clk6lb2my003i3n6lesxxkgpf,659,left side,,Abnormal Gait,stroke,"{'top': 14.313725490196077, 'left': 292.3921568627451, 'height': 345.19607843137254, 'width': 215.31372549019608}","{'height': 360, 'width': 640, 'mime_type': 'video/mp4'}",fbY4O04uunE,https://www.youtube.com/watch?v=fbY4O04uunE
clk6lb2my003i3n6lesxxkgpf,660,left side,,Abnormal Gait,stroke,"{'top': 14.359477124183005, 'left': 292.36601307189545, 'height': 345.1830065359477, 'width': 215.69281045751632}","{'height': 360, 'width': 640, 'mime_type': 'video/mp4'}",fbY4O04uunE,https://www.youtube.com/watch?v=fbY4O04uunE
clk6lb2my003i3n6lesxxkgpf,661,left side,,Abnormal Gait,stroke,"{'top': 14.405228758169933, 'left': 292.33986928104576, 'height': 345.1699346405229, 'width': 216.07189542483655}","{'height': 360, 'width': 640, 'mime_type': 'video/mp4'}",fbY4O04uunE,https://www.youtube.com/watch?v=fbY4O04uunE
clk6lb2my003i3n6lesxxkgpf,662,left side,,Abnormal Gait,stroke,"{'top': 14.450980392156861, 'left': 292.3137254901961, 'height': 345.15686274509807, 'width': 216.45098039215685}","{'height': 360, 'width': 640, 'mime_type': 'video/mp4'}",fbY4O04uunE,https://www.youtube.com/watch?v=fbY4O04uunE
clk6lb2my003i3n6lesxxkgpf,663,left side,,Abnormal Gait,stroke,"{'top': 14.496732026143789, 'left': 292.2875816993464, 'height': 345.1437908496732, 'width': 216.83006535947715}","{'height': 360, 'width': 640, 'mime_type': 'video/mp4'}",fbY4O04uunE,https://www.youtube.com/watch?v=fbY4O04uunE
clk6lb2my003i3n6lesxxkgpf,664,left side,,Abnormal Gait,stroke,"{'top': 14.542483660130719, 'left': 292.26143790849676, 'height': 345.1307189542484, 'width': 217.20915032679738}","{'height': 360, 'width': 640, 'mime_type': 'video/mp4'}",fbY4O04uunE,https://www.youtube.com/watch?v=fbY4O04uunE
clk6lb2my003i3n6lesxxkgpf,665,left side,,Abnormal Gait,stroke,"{'top': 14.588235294117647, 'left': 292.2352941176471, 'height': 345.11764705882354, 'width': 217.58823529411762}","{'height': 360, 'width': 640, 'mime_type': 'video/mp4'}",fbY4O04uunE,https://www.youtube.com/watch?v=fbY4O04uunE
clk6lb2my003i3n6lesxxkgpf,666,left side,,Abnormal Gait,stroke,"{'top': 14.633986928104575, 'left': 292.2091503267974, 'height': 345.1045751633987, 'width': 217.96732026143792}","{'height': 360, 'width': 640, 'mime_type': 'video/mp4'}",fbY4O04uunE,https://www.youtube.com/watch?v=fbY4O04uunE
clk6lb2my003i3n6lesxxkgpf,667,left side,,Abnormal Gait,stroke,"{'top': 14.679738562091504, 'left': 292.1830065359477, 'height': 345.09150326797385, 'width': 218.34640522875816}","{'height': 360, 'width': 640, 'mime_type': 'video/mp4'}",fbY4O04uunE,https://www.youtube.com/watch?v=fbY4O04uunE
clk6lb2my003i3n6lesxxkgpf,668,left side,,Abnormal Gait,stroke,"{'top': 14.725490196078432, 'left': 292.15686274509807, 'height': 345.078431372549, 'width': 218.7254901960784}","{'height': 360, 'width': 640, 'mime_type': 'video/mp4'}",fbY4O04uunE,https://www.youtube.com/watch?v=fbY4O04uunE
clk6lb2my003i3n6lesxxkgpf,669,left side,,Abnormal Gait,stroke,"{'top': 14.77124183006536, 'left': 292.1307189542484, 'height': 345.06535947712416, 'width': 219.1045751633987}","{'height': 360, 'width': 640, 'mime_type': 'video/mp4'}",fbY4O04uunE,https://www.youtube.com/watch?v=fbY4O04uunE
clk6lb2my003i3n6lesxxkgpf,670,left side,,Abnormal Gait,stroke,"{'top': 14.816993464052288, 'left': 292.1045751633987, 'height': 345.0522875816993, 'width': 219.48366013071893}","{'height': 360, 'width': 640, 'mime_type': 'video/mp4'}",fbY4O04uunE,https://www.youtube.com/watch?v=fbY4O04uunE
clk6lb2my003i3n6lesxxkgpf,671,left side,,Abnormal Gait,stroke,"{'top': 14.862745098039216, 'left': 292.078431372549, 'height': 345.0392156862745, 'width': 219.86274509803923}","{'height': 360, 'width': 640, 'mime_type': 'video/mp4'}",fbY4O04uunE,https://www.youtube.com/watch?v=fbY4O04uunE
clk6lb2my003i3n6lesxxkgpf,672,left side,,Abnormal Gait,stroke,"{'top': 14.908496732026144, 'left': 292.0522875816994, 'height': 345.0261437908497, 'width': 220.2418300653594}","{'height': 360, 'width': 640, 'mime_type': 'video/mp4'}",fbY4O04uunE,https://www.youtube.com/watch?v=fbY4O04uunE
clk6lb2my003i3n6lesxxkgpf,673,left side,,Abnormal Gait,stroke,"{'top': 14.954248366013072, 'left': 292.0261437908497, 'height': 345.01307189542484, 'width': 220.6209150326797}","{'height': 360, 'width': 640, 'mime_type': 'video/mp4'}",fbY4O04uunE,https://www.youtube.com/watch?v=fbY4O04uunE
clk6lb2my003i3n6lesxxkgpf,674,left side,,Abnormal Gait,stroke,"{'top': 15.0, 'left': 292.0, 'height': 345.0, 'width': 221.0}","{'height': 360, 'width': 640, 'mime_type': 'video/mp4'}",fbY4O04uunE,https://www.youtube.com/watch?v=fbY4O04uunE
clk6lb2my003i3n6lesxxkgpf,675,left side,,Abnormal Gait,stroke,"{'top': 15.055555555555555, 'left': 291.69444444444446, 'height': 344.9166666666667, 'width': 220.7013888888889}","{'height': 360, 'width': 640, 'mime_type': 'video/mp4'}",fbY4O04uunE,https://www.youtube.com/watch?v=fbY4O04uunE
clk6lb2my003i3n6lesxxkgpf,676,left side,,Abnormal Gait,stroke,"{'top': 15.11111111111111, 'left': 291.3888888888889, 'height': 344.83333333333337, 'width': 220.40277777777777}","{'height': 360, 'width': 640, 'mime_type': 'video/mp4'}",fbY4O04uunE,https://www.youtube.com/watch?v=fbY4O04uunE
clk6lb2my003i3n6lesxxkgpf,677,left side,,Abnormal Gait,stroke,"{'top': 15.166666666666666, 'left': 291.0833333333333, 'height': 344.75, 'width': 220.10416666666669}","{'height': 360, 'width': 640, 'mime_type': 'video/mp4'}",fbY4O04uunE,https://www.youtube.com/watch?v=fbY4O04uunE
clk6lb2my003i3n6lesxxkgpf,678,left side,,Abnormal Gait,stroke,"{'top': 15.222222222222221, 'left': 290.77777777777777, 'height': 344.6666666666667, 'width': 219.80555555555554}","{'height': 360, 'width': 640, 'mime_type': 'video/mp4'}",fbY4O04uunE,https://www.youtube.com/watch?v=fbY4O04uunE
clk6lb2my003i3n6lesxxkgpf,679,left side,,Abnormal Gait,stroke,"{'top': 15.277777777777779, 'left': 290.47222222222223, 'height': 344.5833333333333, 'width': 219.50694444444446}","{'height': 360, 'width': 640, 'mime_type': 'video/mp4'}",fbY4O04uunE,https://www.youtube.com/watch?v=fbY4O04uunE
clk6lb2my003i3n6lesxxkgpf,680,left side,,Abnormal Gait,stroke,"{'top': 15.333333333333334, 'left': 290.1666666666667, 'height': 344.5, 'width': 219.20833333333331}","{'height': 360, 'width': 640, 'mime_type': 'video/mp4'}",fbY4O04uunE,https://www.youtube.com/watch?v=fbY4O04uunE
clk6lb2my003i3n6lesxxkgpf,681,left side,,Abnormal Gait,stroke,"{'top': 15.38888888888889, 'left': 289.8611111111111, 'height': 344.41666666666663, 'width': 218.90972222222223}","{'height': 360, 'width': 640, 'mime_type': 'video/mp4'}",fbY4O04uunE,https://www.youtube.com/watch?v=fbY4O04uunE
clk6lb2my003i3n6lesxxkgpf,682,left side,,Abnormal Gait,stroke,"{'top': 15.444444444444445, 'left': 289.55555555555554, 'height': 344.3333333333333, 'width': 218.61111111111114}","{'height': 360, 'width': 640, 'mime_type': 'video/mp4'}",fbY4O04uunE,https://www.youtube.com/watch?v=fbY4O04uunE
clk6lb2my003i3n6lesxxkgpf,683,left side,,Abnormal Gait,stroke,"{'top': 15.5, 'left': 289.25, 'height': 344.25, 'width': 218.3125}","{'height': 360, 'width': 640, 'mime_type': 'video/mp4'}",fbY4O04uunE,https://www.youtube.com/watch?v=fbY4O04uunE
clk6lb2my003i3n6lesxxkgpf,684,left side,,Abnormal Gait,stroke,"{'top': 15.555555555555555, 'left': 288.94444444444446, 'height': 344.1666666666667, 'width': 218.01388888888886}","{'height': 360, 'width': 640, 'mime_type': 'video/mp4'}",fbY4O04uunE,https://www.youtube.com/watch?v=fbY4O04uunE
clk6lb2my003i3n6lesxxkgpf,685,left side,,Abnormal Gait,stroke,"{'top': 15.61111111111111, 'left': 288.6388888888889, 'height': 344.08333333333337, 'width': 217.71527777777777}","{'height': 360, 'width': 640, 'mime_type': 'video/mp4'}",fbY4O04uunE,https://www.youtube.com/watch?v=fbY4O04uunE
clk6lb2my003i3n6lesxxkgpf,686,left side,,Abnormal Gait,stroke,"{'top': 15.666666666666666, 'left': 288.3333333333333, 'height': 344.0, 'width': 217.41666666666669}","{'height': 360, 'width': 640, 'mime_type': 'video/mp4'}",fbY4O04uunE,https://www.youtube.com/watch?v=fbY4O04uunE
clk6lb2my003i3n6lesxxkgpf,687,left side,,Abnormal Gait,stroke,"{'top': 15.722222222222221, 'left': 288.02777777777777, 'height': 343.9166666666667, 'width': 217.11805555555554}","{'height': 360, 'width': 640, 'mime_type': 'video/mp4'}",fbY4O04uunE,https://www.youtube.com/watch?v=fbY4O04uunE
clk6lb2my003i3n6lesxxkgpf,688,left side,,Abnormal Gait,stroke,"{'top': 15.777777777777779, 'left': 287.72222222222223, 'height': 343.8333333333333, 'width': 216.81944444444446}","{'height': 360, 'width': 640, 'mime_type': 'video/mp4'}",fbY4O04uunE,https://www.youtube.com/watch?v=fbY4O04uunE
clk6lb2my003i3n6lesxxkgpf,689,left side,,Abnormal Gait,stroke,"{'top': 15.833333333333334, 'left': 287.4166666666667, 'height': 343.75, 'width': 216.52083333333331}","{'height': 360, 'width': 640, 'mime_type': 'video/mp4'}",fbY4O04uunE,https://www.youtube.com/watch?v=fbY4O04uunE
clk6lb2my003i3n6lesxxkgpf,690,left side,,Abnormal Gait,stroke,"{'top': 15.88888888888889, 'left': 287.1111111111111, 'height': 343.66666666666663, 'width': 216.22222222222223}","{'height': 360, 'width': 640, 'mime_type': 'video/mp4'}",fbY4O04uunE,https://www.youtube.com/watch?v=fbY4O04uunE
clk6lb2my003i3n6lesxxkgpf,691,left side,,Abnormal Gait,stroke,"{'top': 15.944444444444445, 'left': 286.80555555555554, 'height': 343.5833333333333, 'width': 215.92361111111114}","{'height': 360, 'width': 640, 'mime_type': 'video/mp4'}",fbY4O04uunE,https://www.youtube.com/watch?v=fbY4O04uunE
clk6lb2my003i3n6lesxxkgpf,692,left side,,Abnormal Gait,stroke,"{'top': 16.0, 'left': 286.5, 'height': 343.5, 'width': 215.625}","{'height': 360, 'width': 640, 'mime_type': 'video/mp4'}",fbY4O04uunE,https://www.youtube.com/watch?v=fbY4O04uunE
clk6lb2my003i3n6lesxxkgpf,693,left side,,Abnormal Gait,stroke,"{'top': 16.055555555555557, 'left': 286.19444444444446, 'height': 343.4166666666667, 'width': 215.32638888888886}","{'height': 360, 'width': 640, 'mime_type': 'video/mp4'}",fbY4O04uunE,https://www.youtube.com/watch?v=fbY4O04uunE
clk6lb2my003i3n6lesxxkgpf,694,left side,,Abnormal Gait,stroke,"{'top': 16.11111111111111, 'left': 285.8888888888889, 'height': 343.33333333333337, 'width': 215.02777777777777}","{'height': 360, 'width': 640, 'mime_type': 'video/mp4'}",fbY4O04uunE,https://www.youtube.com/watch?v=fbY4O04uunE
clk6lb2my003i3n6lesxxkgpf,695,left side,,Abnormal Gait,stroke,"{'top': 16.166666666666668, 'left': 285.5833333333333, 'height': 343.25, 'width': 214.72916666666669}","{'height': 360, 'width': 640, 'mime_type': 'video/mp4'}",fbY4O04uunE,https://www.youtube.com/watch?v=fbY4O04uunE
clk6lb2my003i3n6lesxxkgpf,696,left side,,Abnormal Gait,stroke,"{'top': 16.22222222222222, 'left': 285.27777777777777, 'height': 343.1666666666667, 'width': 214.43055555555554}","{'height': 360, 'width': 640, 'mime_type': 'video/mp4'}",fbY4O04uunE,https://www.youtube.com/watch?v=fbY4O04uunE
clk6lb2my003i3n6lesxxkgpf,697,left side,,Abnormal Gait,stroke,"{'top': 16.27777777777778, 'left': 284.97222222222223, 'height': 343.0833333333333, 'width': 214.13194444444446}","{'height': 360, 'width': 640, 'mime_type': 'video/mp4'}",fbY4O04uunE,https://www.youtube.com/watch?v=fbY4O04uunE
clk6lb2my003i3n6lesxxkgpf,698,left side,,Abnormal Gait,stroke,"{'top': 16.333333333333332, 'left': 284.6666666666667, 'height': 343.0, 'width': 213.83333333333331}","{'height': 360, 'width': 640, 'mime_type': 'video/mp4'}",fbY4O04uunE,https://www.youtube.com/watch?v=fbY4O04uunE
clk6lb2my003i3n6lesxxkgpf,699,left side,,Abnormal Gait,stroke,"{'top': 16.38888888888889, 'left': 284.3611111111111, 'height': 342.91666666666663, 'width': 213.53472222222223}","{'height': 360, 'width': 640, 'mime_type': 'video/mp4'}",fbY4O04uunE,https://www.youtube.com/watch?v=fbY4O04uunE
clk6lb2my003i3n6lesxxkgpf,700,left side,,Abnormal Gait,stroke,"{'top': 16.444444444444443, 'left': 284.05555555555554, 'height': 342.8333333333333, 'width': 213.23611111111114}","{'height': 360, 'width': 640, 'mime_type': 'video/mp4'}",fbY4O04uunE,https://www.youtube.com/watch?v=fbY4O04uunE
clk6lb2my003i3n6lesxxkgpf,701,left side,,Abnormal Gait,stroke,"{'top': 16.5, 'left': 283.75, 'height': 342.75, 'width': 212.9375}","{'height': 360, 'width': 640, 'mime_type': 'video/mp4'}",fbY4O04uunE,https://www.youtube.com/watch?v=fbY4O04uunE
clk6lb2my003i3n6lesxxkgpf,702,left side,,Abnormal Gait,stroke,"{'top': 16.555555555555557, 'left': 283.44444444444446, 'height': 342.6666666666667, 'width': 212.63888888888886}","{'height': 360, 'width': 640, 'mime_type': 'video/mp4'}",fbY4O04uunE,https://www.youtube.com/watch?v=fbY4O04uunE
clk6lb2my003i3n6lesxxkgpf,703,left side,,Abnormal Gait,stroke,"{'top': 16.61111111111111, 'left': 283.1388888888889, 'height': 342.58333333333337, 'width': 212.34027777777777}","{'height': 360, 'width': 640, 'mime_type': 'video/mp4'}",fbY4O04uunE,https://www.youtube.com/watch?v=fbY4O04uunE
clk6lb2my003i3n6lesxxkgpf,704,left side,,Abnormal Gait,stroke,"{'top': 16.666666666666668, 'left': 282.8333333333333, 'height': 342.5, 'width': 212.04166666666669}","{'height': 360, 'width': 640, 'mime_type': 'video/mp4'}",fbY4O04uunE,https://www.youtube.com/watch?v=fbY4O04uunE
clk6lb2my003i3n6lesxxkgpf,705,left side,,Abnormal Gait,stroke,"{'top': 16.72222222222222, 'left': 282.52777777777777, 'height': 342.4166666666667, 'width': 211.74305555555554}","{'height': 360, 'width': 640, 'mime_type': 'video/mp4'}",fbY4O04uunE,https://www.youtube.com/watch?v=fbY4O04uunE
clk6lb2my003i3n6lesxxkgpf,706,left side,,Abnormal Gait,stroke,"{'top': 16.77777777777778, 'left': 282.22222222222223, 'height': 342.3333333333333, 'width': 211.44444444444446}","{'height': 360, 'width': 640, 'mime_type': 'video/mp4'}",fbY4O04uunE,https://www.youtube.com/watch?v=fbY4O04uunE
clk6lb2my003i3n6lesxxkgpf,707,left side,,Abnormal Gait,stroke,"{'top': 16.833333333333332, 'left': 281.9166666666667, 'height': 342.25, 'width': 211.14583333333331}","{'height': 360, 'width': 640, 'mime_type': 'video/mp4'}",fbY4O04uunE,https://www.youtube.com/watch?v=fbY4O04uunE
clk6lb2my003i3n6lesxxkgpf,708,left side,,Abnormal Gait,stroke,"{'top': 16.88888888888889, 'left': 281.6111111111111, 'height': 342.16666666666663, 'width': 210.84722222222223}","{'height': 360, 'width': 640, 'mime_type': 'video/mp4'}",fbY4O04uunE,https://www.youtube.com/watch?v=fbY4O04uunE
clk6lb2my003i3n6lesxxkgpf,709,left side,,Abnormal Gait,stroke,"{'top': 16.944444444444443, 'left': 281.30555555555554, 'height': 342.0833333333333, 'width': 210.54861111111114}","{'height': 360, 'width': 640, 'mime_type': 'video/mp4'}",fbY4O04uunE,https://www.youtube.com/watch?v=fbY4O04uunE
clk6lb2my003i3n6lesxxkgpf,710,left side,,Abnormal Gait,stroke,"{'top': 17.0, 'left': 281.0, 'height': 342.0, 'width': 210.25}","{'height': 360, 'width': 640, 'mime_type': 'video/mp4'}",fbY4O04uunE,https://www.youtube.com/watch?v=fbY4O04uunE
clk6lb2my003i3n6lesxxkgpf,711,left side,,Abnormal Gait,stroke,"{'top': 17.055555555555557, 'left': 280.69444444444446, 'height': 341.9166666666667, 'width': 209.95138888888886}","{'height': 360, 'width': 640, 'mime_type': 'video/mp4'}",fbY4O04uunE,https://www.youtube.com/watch?v=fbY4O04uunE
clk6lb2my003i3n6lesxxkgpf,712,left side,,Abnormal Gait,stroke,"{'top': 17.11111111111111, 'left': 280.3888888888889, 'height': 341.83333333333337, 'width': 209.65277777777777}","{'height': 360, 'width': 640, 'mime_type': 'video/mp4'}",fbY4O04uunE,https://www.youtube.com/watch?v=fbY4O04uunE
clk6lb2my003i3n6lesxxkgpf,713,left side,,Abnormal Gait,stroke,"{'top': 17.166666666666668, 'left': 280.0833333333333, 'height': 341.75, 'width': 209.35416666666669}","{'height': 360, 'width': 640, 'mime_type': 'video/mp4'}",fbY4O04uunE,https://www.youtube.com/watch?v=fbY4O04uunE
clk6lb2my003i3n6lesxxkgpf,714,left side,,Abnormal Gait,stroke,"{'top': 17.22222222222222, 'left': 279.77777777777777, 'height': 341.6666666666667, 'width': 209.05555555555554}","{'height': 360, 'width': 640, 'mime_type': 'video/mp4'}",fbY4O04uunE,https://www.youtube.com/watch?v=fbY4O04uunE
clk6lb2my003i3n6lesxxkgpf,715,left side,,Abnormal Gait,stroke,"{'top': 17.27777777777778, 'left': 279.47222222222223, 'height': 341.5833333333333, 'width': 208.75694444444446}","{'height': 360, 'width': 640, 'mime_type': 'video/mp4'}",fbY4O04uunE,https://www.youtube.com/watch?v=fbY4O04uunE
clk6lb2my003i3n6lesxxkgpf,716,left side,,Abnormal Gait,stroke,"{'top': 17.333333333333332, 'left': 279.1666666666667, 'height': 341.5, 'width': 208.45833333333331}","{'height': 360, 'width': 640, 'mime_type': 'video/mp4'}",fbY4O04uunE,https://www.youtube.com/watch?v=fbY4O04uunE
clk6lb2my003i3n6lesxxkgpf,717,left side,,Abnormal Gait,stroke,"{'top': 17.38888888888889, 'left': 278.8611111111111, 'height': 341.41666666666663, 'width': 208.15972222222223}","{'height': 360, 'width': 640, 'mime_type': 'video/mp4'}",fbY4O04uunE,https://www.youtube.com/watch?v=fbY4O04uunE
clk6lb2my003i3n6lesxxkgpf,718,left side,,Abnormal Gait,stroke,"{'top': 17.444444444444443, 'left': 278.55555555555554, 'height': 341.3333333333333, 'width': 207.86111111111114}","{'height': 360, 'width': 640, 'mime_type': 'video/mp4'}",fbY4O04uunE,https://www.youtube.com/watch?v=fbY4O04uunE
clk6lb2my003i3n6lesxxkgpf,719,left side,,Abnormal Gait,stroke,"{'top': 17.5, 'left': 278.25, 'height': 341.25, 'width': 207.5625}","{'height': 360, 'width': 640, 'mime_type': 'video/mp4'}",fbY4O04uunE,https://www.youtube.com/watch?v=fbY4O04uunE
clk6lb2my003i3n6lesxxkgpf,720,left side,,Abnormal Gait,stroke,"{'top': 17.555555555555557, 'left': 277.94444444444446, 'height': 341.1666666666667, 'width': 207.26388888888886}","{'height': 360, 'width': 640, 'mime_type': 'video/mp4'}",fbY4O04uunE,https://www.youtube.com/watch?v=fbY4O04uunE
clk6lb2my003i3n6lesxxkgpf,721,left side,,Abnormal Gait,stroke,"{'top': 17.61111111111111, 'left': 277.6388888888889, 'height': 341.08333333333337, 'width': 206.96527777777777}","{'height': 360, 'width': 640, 'mime_type': 'video/mp4'}",fbY4O04uunE,https://www.youtube.com/watch?v=fbY4O04uunE
clk6lb2my003i3n6lesxxkgpf,722,left side,,Abnormal Gait,stroke,"{'top': 17.666666666666668, 'left': 277.3333333333333, 'height': 341.0, 'width': 206.66666666666669}","{'height': 360, 'width': 640, 'mime_type': 'video/mp4'}",fbY4O04uunE,https://www.youtube.com/watch?v=fbY4O04uunE
clk6lb2my003i3n6lesxxkgpf,723,left side,,Abnormal Gait,stroke,"{'top': 17.72222222222222, 'left': 277.02777777777777, 'height': 340.9166666666667, 'width': 206.36805555555554}","{'height': 360, 'width': 640, 'mime_type': 'video/mp4'}",fbY4O04uunE,https://www.youtube.com/watch?v=fbY4O04uunE
clk6lb2my003i3n6lesxxkgpf,724,left side,,Abnormal Gait,stroke,"{'top': 17.77777777777778, 'left': 276.72222222222223, 'height': 340.8333333333333, 'width': 206.06944444444446}","{'height': 360, 'width': 640, 'mime_type': 'video/mp4'}",fbY4O04uunE,https://www.youtube.com/watch?v=fbY4O04uunE
clk6lb2my003i3n6lesxxkgpf,725,left side,,Abnormal Gait,stroke,"{'top': 17.833333333333332, 'left': 276.4166666666667, 'height': 340.75, 'width': 205.77083333333331}","{'height': 360, 'width': 640, 'mime_type': 'video/mp4'}",fbY4O04uunE,https://www.youtube.com/watch?v=fbY4O04uunE
clk6lb2my003i3n6lesxxkgpf,726,left side,,Abnormal Gait,stroke,"{'top': 17.88888888888889, 'left': 276.1111111111111, 'height': 340.66666666666663, 'width': 205.47222222222223}","{'height': 360, 'width': 640, 'mime_type': 'video/mp4'}",fbY4O04uunE,https://www.youtube.com/watch?v=fbY4O04uunE
clk6lb2my003i3n6lesxxkgpf,727,left side,,Abnormal Gait,stroke,"{'top': 17.944444444444443, 'left': 275.80555555555554, 'height': 340.5833333333333, 'width': 205.17361111111114}","{'height': 360, 'width': 640, 'mime_type': 'video/mp4'}",fbY4O04uunE,https://www.youtube.com/watch?v=fbY4O04uunE
clk6lb2my003i3n6lesxxkgpf,728,left side,,Abnormal Gait,stroke,"{'top': 18.0, 'left': 275.5, 'height': 340.5, 'width': 204.875}","{'height': 360, 'width': 640, 'mime_type': 'video/mp4'}",fbY4O04uunE,https://www.youtube.com/watch?v=fbY4O04uunE
clk6lb2my003i3n6lesxxkgpf,729,left side,,Abnormal Gait,stroke,"{'top': 18.055555555555557, 'left': 275.19444444444446, 'height': 340.4166666666667, 'width': 204.57638888888886}","{'height': 360, 'width': 640, 'mime_type': 'video/mp4'}",fbY4O04uunE,https://www.youtube.com/watch?v=fbY4O04uunE
clk6lb2my003i3n6lesxxkgpf,730,left side,,Abnormal Gait,stroke,"{'top': 18.11111111111111, 'left': 274.8888888888889, 'height': 340.33333333333337, 'width': 204.27777777777777}","{'height': 360, 'width': 640, 'mime_type': 'video/mp4'}",fbY4O04uunE,https://www.youtube.com/watch?v=fbY4O04uunE
clk6lb2my003i3n6lesxxkgpf,731,left side,,Abnormal Gait,stroke,"{'top': 18.166666666666668, 'left': 274.5833333333333, 'height': 340.25, 'width': 203.97916666666669}","{'height': 360, 'width': 640, 'mime_type': 'video/mp4'}",fbY4O04uunE,https://www.youtube.com/watch?v=fbY4O04uunE
clk6lb2my003i3n6lesxxkgpf,732,left side,,Abnormal Gait,stroke,"{'top': 18.22222222222222, 'left': 274.27777777777777, 'height': 340.1666666666667, 'width': 203.68055555555554}","{'height': 360, 'width': 640, 'mime_type': 'video/mp4'}",fbY4O04uunE,https://www.youtube.com/watch?v=fbY4O04uunE
clk6lb2my003i3n6lesxxkgpf,733,left side,,Abnormal Gait,stroke,"{'top': 18.27777777777778, 'left': 273.97222222222223, 'height': 340.0833333333333, 'width': 203.38194444444446}","{'height': 360, 'width': 640, 'mime_type': 'video/mp4'}",fbY4O04uunE,https://www.youtube.com/watch?v=fbY4O04uunE
clk6lb2my003i3n6lesxxkgpf,734,left side,,Abnormal Gait,stroke,"{'top': 18.333333333333332, 'left': 273.6666666666667, 'height': 340.0, 'width': 203.08333333333331}","{'height': 360, 'width': 640, 'mime_type': 'video/mp4'}",fbY4O04uunE,https://www.youtube.com/watch?v=fbY4O04uunE
clk6lb2my003i3n6lesxxkgpf,735,left side,,Abnormal Gait,stroke,"{'top': 18.38888888888889, 'left': 273.3611111111111, 'height': 339.91666666666663, 'width': 202.78472222222223}","{'height': 360, 'width': 640, 'mime_type': 'video/mp4'}",fbY4O04uunE,https://www.youtube.com/watch?v=fbY4O04uunE
clk6lb2my003i3n6lesxxkgpf,736,left side,,Abnormal Gait,stroke,"{'top': 18.444444444444443, 'left': 273.05555555555554, 'height': 339.8333333333333, 'width': 202.48611111111114}","{'height': 360, 'width': 640, 'mime_type': 'video/mp4'}",fbY4O04uunE,https://www.youtube.com/watch?v=fbY4O04uunE
clk6lb2my003i3n6lesxxkgpf,737,left side,,Abnormal Gait,stroke,"{'top': 18.5, 'left': 272.75, 'height': 339.75, 'width': 202.1875}","{'height': 360, 'width': 640, 'mime_type': 'video/mp4'}",fbY4O04uunE,https://www.youtube.com/watch?v=fbY4O04uunE
clk6lb2my003i3n6lesxxkgpf,738,left side,,Abnormal Gait,stroke,"{'top': 18.555555555555557, 'left': 272.44444444444446, 'height': 339.6666666666667, 'width': 201.88888888888886}","{'height': 360, 'width': 640, 'mime_type': 'video/mp4'}",fbY4O04uunE,https://www.youtube.com/watch?v=fbY4O04uunE
clk6lb2my003i3n6lesxxkgpf,739,left side,,Abnormal Gait,stroke,"{'top': 18.61111111111111, 'left': 272.1388888888889, 'height': 339.58333333333337, 'width': 201.59027777777777}","{'height': 360, 'width': 640, 'mime_type': 'video/mp4'}",fbY4O04uunE,https://www.youtube.com/watch?v=fbY4O04uunE
clk6lb2my003i3n6lesxxkgpf,740,left side,,Abnormal Gait,stroke,"{'top': 18.666666666666668, 'left': 271.8333333333333, 'height': 339.5, 'width': 201.29166666666669}","{'height': 360, 'width': 640, 'mime_type': 'video/mp4'}",fbY4O04uunE,https://www.youtube.com/watch?v=fbY4O04uunE
clk6lb2my003i3n6lesxxkgpf,741,left side,,Abnormal Gait,stroke,"{'top': 18.72222222222222, 'left': 271.52777777777777, 'height': 339.4166666666667, 'width': 200.99305555555554}","{'height': 360, 'width': 640, 'mime_type': 'video/mp4'}",fbY4O04uunE,https://www.youtube.com/watch?v=fbY4O04uunE
clk6lb2my003i3n6lesxxkgpf,742,left side,,Abnormal Gait,stroke,"{'top': 18.77777777777778, 'left': 271.22222222222223, 'height': 339.3333333333333, 'width': 200.69444444444446}","{'height': 360, 'width': 640, 'mime_type': 'video/mp4'}",fbY4O04uunE,https://www.youtube.com/watch?v=fbY4O04uunE
clk6lb2my003i3n6lesxxkgpf,743,left side,,Abnormal Gait,stroke,"{'top': 18.833333333333332, 'left': 270.9166666666667, 'height': 339.25, 'width': 200.39583333333331}","{'height': 360, 'width': 640, 'mime_type': 'video/mp4'}",fbY4O04uunE,https://www.youtube.com/watch?v=fbY4O04uunE
clk6lb2my003i3n6lesxxkgpf,744,left side,,Abnormal Gait,stroke,"{'top': 18.88888888888889, 'left': 270.6111111111111, 'height': 339.16666666666663, 'width': 200.09722222222223}","{'height': 360, 'width': 640, 'mime_type': 'video/mp4'}",fbY4O04uunE,https://www.youtube.com/watch?v=fbY4O04uunE
clk6lb2my003i3n6lesxxkgpf,745,left side,,Abnormal Gait,stroke,"{'top': 18.944444444444443, 'left': 270.30555555555554, 'height': 339.0833333333333, 'width': 199.79861111111114}","{'height': 360, 'width': 640, 'mime_type': 'video/mp4'}",fbY4O04uunE,https://www.youtube.com/watch?v=fbY4O04uunE
clk6lb2my003i3n6lesxxkgpf,746,left side,,Abnormal Gait,stroke,"{'top': 19.0, 'left': 270.0, 'height': 339.0, 'width': 199.5}","{'height': 360, 'width': 640, 'mime_type': 'video/mp4'}",fbY4O04uunE,https://www.youtube.com/watch?v=fbY4O04uunE
clk6lb2my003i3n6lesxxkgpf,747,left side,,Abnormal Gait,stroke,"{'top': 19.055555555555557, 'left': 269.69444444444446, 'height': 338.9166666666667, 'width': 199.20138888888886}","{'height': 360, 'width': 640, 'mime_type': 'video/mp4'}",fbY4O04uunE,https://www.youtube.com/watch?v=fbY4O04uunE
clk6lb2my003i3n6lesxxkgpf,748,left side,,Abnormal Gait,stroke,"{'top': 19.11111111111111, 'left': 269.3888888888889, 'height': 338.83333333333337, 'width': 198.90277777777777}","{'height': 360, 'width': 640, 'mime_type': 'video/mp4'}",fbY4O04uunE,https://www.youtube.com/watch?v=fbY4O04uunE
clk6lb2my003i3n6lesxxkgpf,749,left side,,Abnormal Gait,stroke,"{'top': 19.166666666666668, 'left': 269.0833333333333, 'height': 338.75, 'width': 198.60416666666669}","{'height': 360, 'width': 640, 'mime_type': 'video/mp4'}",fbY4O04uunE,https://www.youtube.com/watch?v=fbY4O04uunE
clk6lb2my003i3n6lesxxkgpf,750,left side,,Abnormal Gait,stroke,"{'top': 19.22222222222222, 'left': 268.77777777777777, 'height': 338.6666666666667, 'width': 198.30555555555554}","{'height': 360, 'width': 640, 'mime_type': 'video/mp4'}",fbY4O04uunE,https://www.youtube.com/watch?v=fbY4O04uunE
clk6lb2my003i3n6lesxxkgpf,751,left side,,Abnormal Gait,stroke,"{'top': 19.27777777777778, 'left': 268.47222222222223, 'height': 338.5833333333333, 'width': 198.00694444444446}","{'height': 360, 'width': 640, 'mime_type': 'video/mp4'}",fbY4O04uunE,https://www.youtube.com/watch?v=fbY4O04uunE
clk6lb2my003i3n6lesxxkgpf,752,left side,,Abnormal Gait,stroke,"{'top': 19.333333333333332, 'left': 268.1666666666667, 'height': 338.5, 'width': 197.70833333333331}","{'height': 360, 'width': 640, 'mime_type': 'video/mp4'}",fbY4O04uunE,https://www.youtube.com/watch?v=fbY4O04uunE
clk6lb2my003i3n6lesxxkgpf,753,left side,,Abnormal Gait,stroke,"{'top': 19.38888888888889, 'left': 267.8611111111111, 'height': 338.41666666666663, 'width': 197.40972222222223}","{'height': 360, 'width': 640, 'mime_type': 'video/mp4'}",fbY4O04uunE,https://www.youtube.com/watch?v=fbY4O04uunE
clk6lb2my003i3n6lesxxkgpf,754,left side,,Abnormal Gait,stroke,"{'top': 19.444444444444443, 'left': 267.55555555555554, 'height': 338.3333333333333, 'width': 197.11111111111114}","{'height': 360, 'width': 640, 'mime_type': 'video/mp4'}",fbY4O04uunE,https://www.youtube.com/watch?v=fbY4O04uunE
clk6lb2my003i3n6lesxxkgpf,755,left side,,Abnormal Gait,stroke,"{'top': 19.5, 'left': 267.25, 'height': 338.25, 'width': 196.8125}","{'height': 360, 'width': 640, 'mime_type': 'video/mp4'}",fbY4O04uunE,https://www.youtube.com/watch?v=fbY4O04uunE
clk6lb2my003i3n6lesxxkgpf,756,left side,,Abnormal Gait,stroke,"{'top': 19.555555555555557, 'left': 266.94444444444446, 'height': 338.1666666666667, 'width': 196.51388888888886}","{'height': 360, 'width': 640, 'mime_type': 'video/mp4'}",fbY4O04uunE,https://www.youtube.com/watch?v=fbY4O04uunE
clk6lb2my003i3n6lesxxkgpf,757,left side,,Abnormal Gait,stroke,"{'top': 19.61111111111111, 'left': 266.6388888888889, 'height': 338.08333333333337, 'width': 196.21527777777777}","{'height': 360, 'width': 640, 'mime_type': 'video/mp4'}",fbY4O04uunE,https://www.youtube.com/watch?v=fbY4O04uunE
clk6lb2my003i3n6lesxxkgpf,758,left side,,Abnormal Gait,stroke,"{'top': 19.666666666666668, 'left': 266.3333333333333, 'height': 338.0, 'width': 195.91666666666669}","{'height': 360, 'width': 640, 'mime_type': 'video/mp4'}",fbY4O04uunE,https://www.youtube.com/watch?v=fbY4O04uunE
clk6lb2my003i3n6lesxxkgpf,759,left side,,Abnormal Gait,stroke,"{'top': 19.72222222222222, 'left': 266.02777777777777, 'height': 337.9166666666667, 'width': 195.61805555555554}","{'height': 360, 'width': 640, 'mime_type': 'video/mp4'}",fbY4O04uunE,https://www.youtube.com/watch?v=fbY4O04uunE
clk6lb2my003i3n6lesxxkgpf,760,left side,,Abnormal Gait,stroke,"{'top': 19.77777777777778, 'left': 265.72222222222223, 'height': 337.8333333333333, 'width': 195.31944444444446}","{'height': 360, 'width': 640, 'mime_type': 'video/mp4'}",fbY4O04uunE,https://www.youtube.com/watch?v=fbY4O04uunE
clk6lb2my003i3n6lesxxkgpf,761,left side,,Abnormal Gait,stroke,"{'top': 19.833333333333332, 'left': 265.4166666666667, 'height': 337.75, 'width': 195.02083333333331}","{'height': 360, 'width': 640, 'mime_type': 'video/mp4'}",fbY4O04uunE,https://www.youtube.com/watch?v=fbY4O04uunE
clk6lb2my003i3n6lesxxkgpf,762,left side,,Abnormal Gait,stroke,"{'top': 19.88888888888889, 'left': 265.1111111111111, 'height': 337.66666666666663, 'width': 194.72222222222223}","{'height': 360, 'width': 640, 'mime_type': 'video/mp4'}",fbY4O04uunE,https://www.youtube.com/watch?v=fbY4O04uunE
clk6lb2my003i3n6lesxxkgpf,763,left side,,Abnormal Gait,stroke,"{'top': 19.944444444444443, 'left': 264.80555555555554, 'height': 337.5833333333333, 'width': 194.42361111111114}","{'height': 360, 'width': 640, 'mime_type': 'video/mp4'}",fbY4O04uunE,https://www.youtube.com/watch?v=fbY4O04uunE
clk6lb2my003i3n6lesxxkgpf,764,left side,,Abnormal Gait,stroke,"{'top': 20.0, 'left': 264.5, 'height': 337.5, 'width': 194.125}","{'height': 360, 'width': 640, 'mime_type': 'video/mp4'}",fbY4O04uunE,https://www.youtube.com/watch?v=fbY4O04uunE
clk6lb2my003i3n6lesxxkgpf,765,left side,,Abnormal Gait,stroke,"{'top': 20.055555555555557, 'left': 264.19444444444446, 'height': 337.4166666666667, 'width': 193.82638888888886}","{'height': 360, 'width': 640, 'mime_type': 'video/mp4'}",fbY4O04uunE,https://www.youtube.com/watch?v=fbY4O04uunE
clk6lb2my003i3n6lesxxkgpf,766,left side,,Abnormal Gait,stroke,"{'top': 20.11111111111111, 'left': 263.8888888888889, 'height': 337.33333333333337, 'width': 193.52777777777777}","{'height': 360, 'width': 640, 'mime_type': 'video/mp4'}",fbY4O04uunE,https://www.youtube.com/watch?v=fbY4O04uunE
clk6lb2my003i3n6lesxxkgpf,767,left side,,Abnormal Gait,stroke,"{'top': 20.166666666666668, 'left': 263.5833333333333, 'height': 337.25, 'width': 193.22916666666669}","{'height': 360, 'width': 640, 'mime_type': 'video/mp4'}",fbY4O04uunE,https://www.youtube.com/watch?v=fbY4O04uunE
clk6lb2my003i3n6lesxxkgpf,768,left side,,Abnormal Gait,stroke,"{'top': 20.22222222222222, 'left': 263.27777777777777, 'height': 337.1666666666667, 'width': 192.93055555555554}","{'height': 360, 'width': 640, 'mime_type': 'video/mp4'}",fbY4O04uunE,https://www.youtube.com/watch?v=fbY4O04uunE
clk6lb2my003i3n6lesxxkgpf,769,left side,,Abnormal Gait,stroke,"{'top': 20.27777777777778, 'left': 262.97222222222223, 'height': 337.0833333333333, 'width': 192.63194444444446}","{'height': 360, 'width': 640, 'mime_type': 'video/mp4'}",fbY4O04uunE,https://www.youtube.com/watch?v=fbY4O04uunE
clk6lb2my003i3n6lesxxkgpf,770,left side,,Abnormal Gait,stroke,"{'top': 20.333333333333332, 'left': 262.6666666666667, 'height': 337.0, 'width': 192.33333333333331}","{'height': 360, 'width': 640, 'mime_type': 'video/mp4'}",fbY4O04uunE,https://www.youtube.com/watch?v=fbY4O04uunE
clk6lb2my003i3n6lesxxkgpf,771,left side,,Abnormal Gait,stroke,"{'top': 20.38888888888889, 'left': 262.3611111111111, 'height': 336.91666666666663, 'width': 192.03472222222223}","{'height': 360, 'width': 640, 'mime_type': 'video/mp4'}",fbY4O04uunE,https://www.youtube.com/watch?v=fbY4O04uunE
clk6lb2my003i3n6lesxxkgpf,772,left side,,Abnormal Gait,stroke,"{'top': 20.444444444444443, 'left': 262.05555555555554, 'height': 336.8333333333333, 'width': 191.73611111111114}","{'height': 360, 'width': 640, 'mime_type': 'video/mp4'}",fbY4O04uunE,https://www.youtube.com/watch?v=fbY4O04uunE
clk6lb2my003i3n6lesxxkgpf,773,left side,,Abnormal Gait,stroke,"{'top': 20.5, 'left': 261.75, 'height': 336.75, 'width': 191.4375}","{'height': 360, 'width': 640, 'mime_type': 'video/mp4'}",fbY4O04uunE,https://www.youtube.com/watch?v=fbY4O04uunE
clk6lb2my003i3n6lesxxkgpf,774,left side,,Abnormal Gait,stroke,"{'top': 20.555555555555557, 'left': 261.44444444444446, 'height': 336.6666666666667, 'width': 191.13888888888886}","{'height': 360, 'width': 640, 'mime_type': 'video/mp4'}",fbY4O04uunE,https://www.youtube.com/watch?v=fbY4O04uunE
clk6lb2my003i3n6lesxxkgpf,775,left side,,Abnormal Gait,stroke,"{'top': 20.61111111111111, 'left': 261.1388888888889, 'height': 336.58333333333337, 'width': 190.84027777777777}","{'height': 360, 'width': 640, 'mime_type': 'video/mp4'}",fbY4O04uunE,https://www.youtube.com/watch?v=fbY4O04uunE
clk6lb2my003i3n6lesxxkgpf,776,left side,,Abnormal Gait,stroke,"{'top': 20.666666666666668, 'left': 260.8333333333333, 'height': 336.5, 'width': 190.54166666666669}","{'height': 360, 'width': 640, 'mime_type': 'video/mp4'}",fbY4O04uunE,https://www.youtube.com/watch?v=fbY4O04uunE
clk6lb2my003i3n6lesxxkgpf,777,left side,,Abnormal Gait,stroke,"{'top': 20.72222222222222, 'left': 260.52777777777777, 'height': 336.4166666666667, 'width': 190.24305555555554}","{'height': 360, 'width': 640, 'mime_type': 'video/mp4'}",fbY4O04uunE,https://www.youtube.com/watch?v=fbY4O04uunE
clk6lb2my003i3n6lesxxkgpf,778,left side,,Abnormal Gait,stroke,"{'top': 20.77777777777778, 'left': 260.22222222222223, 'height': 336.3333333333333, 'width': 189.94444444444446}","{'height': 360, 'width': 640, 'mime_type': 'video/mp4'}",fbY4O04uunE,https://www.youtube.com/watch?v=fbY4O04uunE
clk6lb2my003i3n6lesxxkgpf,779,left side,,Abnormal Gait,stroke,"{'top': 20.833333333333332, 'left': 259.9166666666667, 'height': 336.25, 'width': 189.64583333333331}","{'height': 360, 'width': 640, 'mime_type': 'video/mp4'}",fbY4O04uunE,https://www.youtube.com/watch?v=fbY4O04uunE
clk6lb2my003i3n6lesxxkgpf,780,left side,,Abnormal Gait,stroke,"{'top': 20.88888888888889, 'left': 259.6111111111111, 'height': 336.16666666666663, 'width': 189.34722222222223}","{'height': 360, 'width': 640, 'mime_type': 'video/mp4'}",fbY4O04uunE,https://www.youtube.com/watch?v=fbY4O04uunE
clk6lb2my003i3n6lesxxkgpf,781,left side,,Abnormal Gait,stroke,"{'top': 20.944444444444443, 'left': 259.30555555555554, 'height': 336.0833333333333, 'width': 189.04861111111114}","{'height': 360, 'width': 640, 'mime_type': 'video/mp4'}",fbY4O04uunE,https://www.youtube.com/watch?v=fbY4O04uunE
clk6lb2my003i3n6lesxxkgpf,782,left side,,Abnormal Gait,stroke,"{'top': 21.0, 'left': 259.0, 'height': 336.0, 'width': 188.75}","{'height': 360, 'width': 640, 'mime_type': 'video/mp4'}",fbY4O04uunE,https://www.youtube.com/watch?v=fbY4O04uunE
clk6lb2my003i3n6lesxxkgpf,783,left side,,Abnormal Gait,stroke,"{'top': 21.055555555555557, 'left': 258.69444444444446, 'height': 335.9166666666667, 'width': 188.45138888888886}","{'height': 360, 'width': 640, 'mime_type': 'video/mp4'}",fbY4O04uunE,https://www.youtube.com/watch?v=fbY4O04uunE
clk6lb2my003i3n6lesxxkgpf,784,left side,,Abnormal Gait,stroke,"{'top': 21.11111111111111, 'left': 258.3888888888889, 'height': 335.83333333333337, 'width': 188.15277777777777}","{'height': 360, 'width': 640, 'mime_type': 'video/mp4'}",fbY4O04uunE,https://www.youtube.com/watch?v=fbY4O04uunE
clk6lb2my003i3n6lesxxkgpf,785,left side,,Abnormal Gait,stroke,"{'top': 21.166666666666668, 'left': 258.0833333333333, 'height': 335.75, 'width': 187.85416666666669}","{'height': 360, 'width': 640, 'mime_type': 'video/mp4'}",fbY4O04uunE,https://www.youtube.com/watch?v=fbY4O04uunE
clk6lb2my003i3n6lesxxkgpf,786,left side,,Abnormal Gait,stroke,"{'top': 21.22222222222222, 'left': 257.77777777777777, 'height': 335.6666666666667, 'width': 187.55555555555554}","{'height': 360, 'width': 640, 'mime_type': 'video/mp4'}",fbY4O04uunE,https://www.youtube.com/watch?v=fbY4O04uunE
clk6lb2my003i3n6lesxxkgpf,787,left side,,Abnormal Gait,stroke,"{'top': 21.27777777777778, 'left': 257.47222222222223, 'height': 335.5833333333333, 'width': 187.25694444444446}","{'height': 360, 'width': 640, 'mime_type': 'video/mp4'}",fbY4O04uunE,https://www.youtube.com/watch?v=fbY4O04uunE
clk6lb2my003i3n6lesxxkgpf,788,left side,,Abnormal Gait,stroke,"{'top': 21.333333333333332, 'left': 257.1666666666667, 'height': 335.5, 'width': 186.95833333333331}","{'height': 360, 'width': 640, 'mime_type': 'video/mp4'}",fbY4O04uunE,https://www.youtube.com/watch?v=fbY4O04uunE
clk6lb2my003i3n6lesxxkgpf,789,left side,,Abnormal Gait,stroke,"{'top': 21.38888888888889, 'left': 256.8611111111111, 'height': 335.41666666666663, 'width': 186.65972222222223}","{'height': 360, 'width': 640, 'mime_type': 'video/mp4'}",fbY4O04uunE,https://www.youtube.com/watch?v=fbY4O04uunE
clk6lb2my003i3n6lesxxkgpf,790,left side,,Abnormal Gait,stroke,"{'top': 21.444444444444443, 'left': 256.55555555555554, 'height': 335.3333333333333, 'width': 186.36111111111114}","{'height': 360, 'width': 640, 'mime_type': 'video/mp4'}",fbY4O04uunE,https://www.youtube.com/watch?v=fbY4O04uunE
clk6lb2my003i3n6lesxxkgpf,791,left side,,Abnormal Gait,stroke,"{'top': 21.5, 'left': 256.25, 'height': 335.25, 'width': 186.0625}","{'height': 360, 'width': 640, 'mime_type': 'video/mp4'}",fbY4O04uunE,https://www.youtube.com/watch?v=fbY4O04uunE
clk6lb2my003i3n6lesxxkgpf,792,left side,,Abnormal Gait,stroke,"{'top': 21.555555555555557, 'left': 255.94444444444446, 'height': 335.1666666666667, 'width': 185.76388888888886}","{'height': 360, 'width': 640, 'mime_type': 'video/mp4'}",fbY4O04uunE,https://www.youtube.com/watch?v=fbY4O04uunE
clk6lb2my003i3n6lesxxkgpf,793,left side,,Abnormal Gait,stroke,"{'top': 21.61111111111111, 'left': 255.63888888888889, 'height': 335.08333333333337, 'width': 185.4652777777778}","{'height': 360, 'width': 640, 'mime_type': 'video/mp4'}",fbY4O04uunE,https://www.youtube.com/watch?v=fbY4O04uunE
clk6lb2my003i3n6lesxxkgpf,794,left side,,Abnormal Gait,stroke,"{'top': 21.666666666666668, 'left': 255.33333333333331, 'height': 335.0, 'width': 185.16666666666669}","{'height': 360, 'width': 640, 'mime_type': 'video/mp4'}",fbY4O04uunE,https://www.youtube.com/watch?v=fbY4O04uunE
clk6lb2my003i3n6lesxxkgpf,795,left side,,Abnormal Gait,stroke,"{'top': 21.72222222222222, 'left': 255.02777777777777, 'height': 334.9166666666667, 'width': 184.86805555555554}","{'height': 360, 'width': 640, 'mime_type': 'video/mp4'}",fbY4O04uunE,https://www.youtube.com/watch?v=fbY4O04uunE
clk6lb2my003i3n6lesxxkgpf,796,left side,,Abnormal Gait,stroke,"{'top': 21.77777777777778, 'left': 254.72222222222223, 'height': 334.8333333333333, 'width': 184.56944444444446}","{'height': 360, 'width': 640, 'mime_type': 'video/mp4'}",fbY4O04uunE,https://www.youtube.com/watch?v=fbY4O04uunE
clk6lb2my003i3n6lesxxkgpf,797,left side,,Abnormal Gait,stroke,"{'top': 21.833333333333332, 'left': 254.41666666666669, 'height': 334.75, 'width': 184.27083333333331}","{'height': 360, 'width': 640, 'mime_type': 'video/mp4'}",fbY4O04uunE,https://www.youtube.com/watch?v=fbY4O04uunE
clk6lb2my003i3n6lesxxkgpf,798,left side,,Abnormal Gait,stroke,"{'top': 21.88888888888889, 'left': 254.11111111111111, 'height': 334.66666666666663, 'width': 183.9722222222222}","{'height': 360, 'width': 640, 'mime_type': 'video/mp4'}",fbY4O04uunE,https://www.youtube.com/watch?v=fbY4O04uunE
clk6lb2my003i3n6lesxxkgpf,799,left side,,Abnormal Gait,stroke,"{'top': 21.944444444444443, 'left': 253.80555555555554, 'height': 334.5833333333333, 'width': 183.67361111111114}","{'height': 360, 'width': 640, 'mime_type': 'video/mp4'}",fbY4O04uunE,https://www.youtube.com/watch?v=fbY4O04uunE
clk6lb2my003i3n6lesxxkgpf,800,left side,,Abnormal Gait,stroke,"{'top': 22.0, 'left': 253.5, 'height': 334.5, 'width': 183.375}","{'height': 360, 'width': 640, 'mime_type': 'video/mp4'}",fbY4O04uunE,https://www.youtube.com/watch?v=fbY4O04uunE
clk6lb2my003i3n6lesxxkgpf,801,left side,,Abnormal Gait,stroke,"{'top': 22.055555555555557, 'left': 253.19444444444446, 'height': 334.4166666666667, 'width': 183.07638888888886}","{'height': 360, 'width': 640, 'mime_type': 'video/mp4'}",fbY4O04uunE,https://www.youtube.com/watch?v=fbY4O04uunE
clk6lb2my003i3n6lesxxkgpf,802,left side,,Abnormal Gait,stroke,"{'top': 22.11111111111111, 'left': 252.88888888888889, 'height': 334.33333333333337, 'width': 182.7777777777778}","{'height': 360, 'width': 640, 'mime_type': 'video/mp4'}",fbY4O04uunE,https://www.youtube.com/watch?v=fbY4O04uunE
clk6lb2my003i3n6lesxxkgpf,803,left side,,Abnormal Gait,stroke,"{'top': 22.166666666666668, 'left': 252.58333333333331, 'height': 334.25, 'width': 182.47916666666669}","{'height': 360, 'width': 640, 'mime_type': 'video/mp4'}",fbY4O04uunE,https://www.youtube.com/watch?v=fbY4O04uunE
clk6lb2my003i3n6lesxxkgpf,804,left side,,Abnormal Gait,stroke,"{'top': 22.22222222222222, 'left': 252.27777777777777, 'height': 334.1666666666667, 'width': 182.18055555555554}","{'height': 360, 'width': 640, 'mime_type': 'video/mp4'}",fbY4O04uunE,https://www.youtube.com/watch?v=fbY4O04uunE
clk6lb2my003i3n6lesxxkgpf,805,left side,,Abnormal Gait,stroke,"{'top': 22.27777777777778, 'left': 251.97222222222223, 'height': 334.0833333333333, 'width': 181.88194444444446}","{'height': 360, 'width': 640, 'mime_type': 'video/mp4'}",fbY4O04uunE,https://www.youtube.com/watch?v=fbY4O04uunE
clk6lb2my003i3n6lesxxkgpf,806,left side,,Abnormal Gait,stroke,"{'top': 22.333333333333332, 'left': 251.66666666666669, 'height': 334.0, 'width': 181.58333333333331}","{'height': 360, 'width': 640, 'mime_type': 'video/mp4'}",fbY4O04uunE,https://www.youtube.com/watch?v=fbY4O04uunE
clk6lb2my003i3n6lesxxkgpf,807,left side,,Abnormal Gait,stroke,"{'top': 22.38888888888889, 'left': 251.36111111111111, 'height': 333.91666666666663, 'width': 181.2847222222222}","{'height': 360, 'width': 640, 'mime_type': 'video/mp4'}",fbY4O04uunE,https://www.youtube.com/watch?v=fbY4O04uunE
clk6lb2my003i3n6lesxxkgpf,808,left side,,Abnormal Gait,stroke,"{'top': 22.444444444444443, 'left': 251.05555555555554, 'height': 333.8333333333333, 'width': 180.98611111111114}","{'height': 360, 'width': 640, 'mime_type': 'video/mp4'}",fbY4O04uunE,https://www.youtube.com/watch?v=fbY4O04uunE
clk6lb2my003i3n6lesxxkgpf,809,left side,,Abnormal Gait,stroke,"{'top': 22.5, 'left': 250.75, 'height': 333.75, 'width': 180.6875}","{'height': 360, 'width': 640, 'mime_type': 'video/mp4'}",fbY4O04uunE,https://www.youtube.com/watch?v=fbY4O04uunE
clk6lb2my003i3n6lesxxkgpf,810,left side,,Abnormal Gait,stroke,"{'top': 22.555555555555557, 'left': 250.44444444444446, 'height': 333.6666666666667, 'width': 180.38888888888886}","{'height': 360, 'width': 640, 'mime_type': 'video/mp4'}",fbY4O04uunE,https://www.youtube.com/watch?v=fbY4O04uunE
clk6lb2my003i3n6lesxxkgpf,811,left side,,Abnormal Gait,stroke,"{'top': 22.61111111111111, 'left': 250.13888888888889, 'height': 333.58333333333337, 'width': 180.0902777777778}","{'height': 360, 'width': 640, 'mime_type': 'video/mp4'}",fbY4O04uunE,https://www.youtube.com/watch?v=fbY4O04uunE
clk6lb2my003i3n6lesxxkgpf,812,left side,,Abnormal Gait,stroke,"{'top': 22.666666666666668, 'left': 249.83333333333331, 'height': 333.5, 'width': 179.79166666666669}","{'height': 360, 'width': 640, 'mime_type': 'video/mp4'}",fbY4O04uunE,https://www.youtube.com/watch?v=fbY4O04uunE
clk6lb2my003i3n6lesxxkgpf,813,left side,,Abnormal Gait,stroke,"{'top': 22.72222222222222, 'left': 249.52777777777777, 'height': 333.4166666666667, 'width': 179.49305555555554}","{'height': 360, 'width': 640, 'mime_type': 'video/mp4'}",fbY4O04uunE,https://www.youtube.com/watch?v=fbY4O04uunE
clk6lb2my003i3n6lesxxkgpf,814,left side,,Abnormal Gait,stroke,"{'top': 22.77777777777778, 'left': 249.22222222222223, 'height': 333.3333333333333, 'width': 179.19444444444446}","{'height': 360, 'width': 640, 'mime_type': 'video/mp4'}",fbY4O04uunE,https://www.youtube.com/watch?v=fbY4O04uunE
clk6lb2my003i3n6lesxxkgpf,815,left side,,Abnormal Gait,stroke,"{'top': 22.833333333333332, 'left': 248.91666666666669, 'height': 333.25, 'width': 178.89583333333331}","{'height': 360, 'width': 640, 'mime_type': 'video/mp4'}",fbY4O04uunE,https://www.youtube.com/watch?v=fbY4O04uunE
clk6lb2my003i3n6lesxxkgpf,816,left side,,Abnormal Gait,stroke,"{'top': 22.88888888888889, 'left': 248.61111111111111, 'height': 333.16666666666663, 'width': 178.5972222222222}","{'height': 360, 'width': 640, 'mime_type': 'video/mp4'}",fbY4O04uunE,https://www.youtube.com/watch?v=fbY4O04uunE
clk6lb2my003i3n6lesxxkgpf,817,left side,,Abnormal Gait,stroke,"{'top': 22.944444444444443, 'left': 248.30555555555554, 'height': 333.0833333333333, 'width': 178.29861111111114}","{'height': 360, 'width': 640, 'mime_type': 'video/mp4'}",fbY4O04uunE,https://www.youtube.com/watch?v=fbY4O04uunE
clk6lb2my003i3n6lesxxkgpf,818,left side,,Abnormal Gait,stroke,"{'top': 23.0, 'left': 248.0, 'height': 333.0, 'width': 178.0}","{'height': 360, 'width': 640, 'mime_type': 'video/mp4'}",fbY4O04uunE,https://www.youtube.com/watch?v=fbY4O04uunE
clk6lb2my003i3n6lesxxkgpf,819,left side,,Abnormal Gait,stroke,"{'top': 23.046511627906977, 'left': 247.65116279069767, 'height': 333.0232558139535, 'width': 178.20930232558138}","{'height': 360, 'width': 640, 'mime_type': 'video/mp4'}",fbY4O04uunE,https://www.youtube.com/watch?v=fbY4O04uunE
clk6lb2my003i3n6lesxxkgpf,820,left side,,Abnormal Gait,stroke,"{'top': 23.093023255813954, 'left': 247.30232558139534, 'height': 333.046511627907, 'width': 178.4186046511628}","{'height': 360, 'width': 640, 'mime_type': 'video/mp4'}",fbY4O04uunE,https://www.youtube.com/watch?v=fbY4O04uunE
clk6lb2my003i3n6lesxxkgpf,821,left side,,Abnormal Gait,stroke,"{'top': 23.13953488372093, 'left': 246.95348837209303, 'height': 333.06976744186045, 'width': 178.62790697674416}","{'height': 360, 'width': 640, 'mime_type': 'video/mp4'}",fbY4O04uunE,https://www.youtube.com/watch?v=fbY4O04uunE
clk6lb2my003i3n6lesxxkgpf,822,left side,,Abnormal Gait,stroke,"{'top': 23.186046511627907, 'left': 246.6046511627907, 'height': 333.09302325581393, 'width': 178.8372093023256}","{'height': 360, 'width': 640, 'mime_type': 'video/mp4'}",fbY4O04uunE,https://www.youtube.com/watch?v=fbY4O04uunE
clk6lb2my003i3n6lesxxkgpf,823,left side,,Abnormal Gait,stroke,"{'top': 23.232558139534884, 'left': 246.25581395348837, 'height': 333.1162790697674, 'width': 179.04651162790697}","{'height': 360, 'width': 640, 'mime_type': 'video/mp4'}",fbY4O04uunE,https://www.youtube.com/watch?v=fbY4O04uunE
clk6lb2my003i3n6lesxxkgpf,824,left side,,Abnormal Gait,stroke,"{'top': 23.27906976744186, 'left': 245.90697674418604, 'height': 333.13953488372096, 'width': 179.2558139534884}","{'height': 360, 'width': 640, 'mime_type': 'video/mp4'}",fbY4O04uunE,https://www.youtube.com/watch?v=fbY4O04uunE
clk6lb2my003i3n6lesxxkgpf,825,left side,,Abnormal Gait,stroke,"{'top': 23.325581395348838, 'left': 245.5581395348837, 'height': 333.16279069767444, 'width': 179.46511627906978}","{'height': 360, 'width': 640, 'mime_type': 'video/mp4'}",fbY4O04uunE,https://www.youtube.com/watch?v=fbY4O04uunE
clk6lb2my003i3n6lesxxkgpf,826,left side,,Abnormal Gait,stroke,"{'top': 23.372093023255815, 'left': 245.2093023255814, 'height': 333.18604651162786, 'width': 179.67441860465118}","{'height': 360, 'width': 640, 'mime_type': 'video/mp4'}",fbY4O04uunE,https://www.youtube.com/watch?v=fbY4O04uunE
clk6lb2my003i3n6lesxxkgpf,827,left side,,Abnormal Gait,stroke,"{'top': 23.41860465116279, 'left': 244.86046511627907, 'height': 333.2093023255814, 'width': 179.88372093023256}","{'height': 360, 'width': 640, 'mime_type': 'video/mp4'}",fbY4O04uunE,https://www.youtube.com/watch?v=fbY4O04uunE
clk6lb2my003i3n6lesxxkgpf,828,left side,,Abnormal Gait,stroke,"{'top': 23.46511627906977, 'left': 244.51162790697674, 'height': 333.2325581395349, 'width': 180.09302325581393}","{'height': 360, 'width': 640, 'mime_type': 'video/mp4'}",fbY4O04uunE,https://www.youtube.com/watch?v=fbY4O04uunE
clk6lb2my003i3n6lesxxkgpf,829,left side,,Abnormal Gait,stroke,"{'top': 23.511627906976745, 'left': 244.1627906976744, 'height': 333.25581395348837, 'width': 180.30232558139537}","{'height': 360, 'width': 640, 'mime_type': 'video/mp4'}",fbY4O04uunE,https://www.youtube.com/watch?v=fbY4O04uunE
clk6lb2my003i3n6lesxxkgpf,830,left side,,Abnormal Gait,stroke,"{'top': 23.558139534883722, 'left': 243.81395348837208, 'height': 333.27906976744185, 'width': 180.51162790697674}","{'height': 360, 'width': 640, 'mime_type': 'video/mp4'}",fbY4O04uunE,https://www.youtube.com/watch?v=fbY4O04uunE
clk6lb2my003i3n6lesxxkgpf,831,left side,,Abnormal Gait,stroke,"{'top': 23.6046511627907, 'left': 243.46511627906978, 'height': 333.3023255813954, 'width': 180.72093023255815}","{'height': 360, 'width': 640, 'mime_type': 'video/mp4'}",fbY4O04uunE,https://www.youtube.com/watch?v=fbY4O04uunE
clk6lb2my003i3n6lesxxkgpf,832,left side,,Abnormal Gait,stroke,"{'top': 23.651162790697676, 'left': 243.11627906976744, 'height': 333.3255813953488, 'width': 180.93023255813952}","{'height': 360, 'width': 640, 'mime_type': 'video/mp4'}",fbY4O04uunE,https://www.youtube.com/watch?v=fbY4O04uunE
clk6lb2my003i3n6lesxxkgpf,833,left side,,Abnormal Gait,stroke,"{'top': 23.697674418604652, 'left': 242.7674418604651, 'height': 333.3488372093023, 'width': 181.13953488372096}","{'height': 360, 'width': 640, 'mime_type': 'video/mp4'}",fbY4O04uunE,https://www.youtube.com/watch?v=fbY4O04uunE
clk6lb2my003i3n6lesxxkgpf,834,left side,,Abnormal Gait,stroke,"{'top': 23.74418604651163, 'left': 242.41860465116278, 'height': 333.3720930232558, 'width': 181.34883720930233}","{'height': 360, 'width': 640, 'mime_type': 'video/mp4'}",fbY4O04uunE,https://www.youtube.com/watch?v=fbY4O04uunE
clk6lb2my003i3n6lesxxkgpf,835,left side,,Abnormal Gait,stroke,"{'top': 23.790697674418606, 'left': 242.06976744186048, 'height': 333.3953488372093, 'width': 181.55813953488374}","{'height': 360, 'width': 640, 'mime_type': 'video/mp4'}",fbY4O04uunE,https://www.youtube.com/watch?v=fbY4O04uunE
clk6lb2my003i3n6lesxxkgpf,836,left side,,Abnormal Gait,stroke,"{'top': 23.837209302325583, 'left': 241.72093023255815, 'height': 333.4186046511628, 'width': 181.7674418604651}","{'height': 360, 'width': 640, 'mime_type': 'video/mp4'}",fbY4O04uunE,https://www.youtube.com/watch?v=fbY4O04uunE
clk6lb2my003i3n6lesxxkgpf,837,left side,,Abnormal Gait,stroke,"{'top': 23.88372093023256, 'left': 241.37209302325581, 'height': 333.44186046511624, 'width': 181.9767441860465}","{'height': 360, 'width': 640, 'mime_type': 'video/mp4'}",fbY4O04uunE,https://www.youtube.com/watch?v=fbY4O04uunE
clk6lb2my003i3n6lesxxkgpf,838,left side,,Abnormal Gait,stroke,"{'top': 23.930232558139537, 'left': 241.02325581395348, 'height': 333.4651162790698, 'width': 182.18604651162792}","{'height': 360, 'width': 640, 'mime_type': 'video/mp4'}",fbY4O04uunE,https://www.youtube.com/watch?v=fbY4O04uunE
clk6lb2my003i3n6lesxxkgpf,839,left side,,Abnormal Gait,stroke,"{'top': 23.97674418604651, 'left': 240.67441860465115, 'height': 333.48837209302326, 'width': 182.3953488372093}","{'height': 360, 'width': 640, 'mime_type': 'video/mp4'}",fbY4O04uunE,https://www.youtube.com/watch?v=fbY4O04uunE
clk6lb2my003i3n6lesxxkgpf,840,left side,,Abnormal Gait,stroke,"{'top': 24.02325581395349, 'left': 240.32558139534885, 'height': 333.51162790697674, 'width': 182.6046511627907}","{'height': 360, 'width': 640, 'mime_type': 'video/mp4'}",fbY4O04uunE,https://www.youtube.com/watch?v=fbY4O04uunE
clk6lb2my003i3n6lesxxkgpf,841,left side,,Abnormal Gait,stroke,"{'top': 24.069767441860463, 'left': 239.97674418604652, 'height': 333.5348837209302, 'width': 182.81395348837208}","{'height': 360, 'width': 640, 'mime_type': 'video/mp4'}",fbY4O04uunE,https://www.youtube.com/watch?v=fbY4O04uunE
clk6lb2my003i3n6lesxxkgpf,842,left side,,Abnormal Gait,stroke,"{'top': 24.11627906976744, 'left': 239.62790697674419, 'height': 333.55813953488376, 'width': 183.0232558139535}","{'height': 360, 'width': 640, 'mime_type': 'video/mp4'}",fbY4O04uunE,https://www.youtube.com/watch?v=fbY4O04uunE
clk6lb2my003i3n6lesxxkgpf,843,left side,,Abnormal Gait,stroke,"{'top': 24.162790697674417, 'left': 239.27906976744185, 'height': 333.5813953488372, 'width': 183.2325581395349}","{'height': 360, 'width': 640, 'mime_type': 'video/mp4'}",fbY4O04uunE,https://www.youtube.com/watch?v=fbY4O04uunE
clk6lb2my003i3n6lesxxkgpf,844,left side,,Abnormal Gait,stroke,"{'top': 24.209302325581394, 'left': 238.93023255813952, 'height': 333.6046511627907, 'width': 183.44186046511626}","{'height': 360, 'width': 640, 'mime_type': 'video/mp4'}",fbY4O04uunE,https://www.youtube.com/watch?v=fbY4O04uunE
clk6lb2my003i3n6lesxxkgpf,845,left side,,Abnormal Gait,stroke,"{'top': 24.25581395348837, 'left': 238.58139534883722, 'height': 333.6279069767442, 'width': 183.65116279069767}","{'height': 360, 'width': 640, 'mime_type': 'video/mp4'}",fbY4O04uunE,https://www.youtube.com/watch?v=fbY4O04uunE
clk6lb2my003i3n6lesxxkgpf,846,left side,,Abnormal Gait,stroke,"{'top': 24.302325581395348, 'left': 238.2325581395349, 'height': 333.6511627906977, 'width': 183.86046511627904}","{'height': 360, 'width': 640, 'mime_type': 'video/mp4'}",fbY4O04uunE,https://www.youtube.com/watch?v=fbY4O04uunE
clk6lb2my003i3n6lesxxkgpf,847,left side,,Abnormal Gait,stroke,"{'top': 24.348837209302324, 'left': 237.88372093023256, 'height': 333.6744186046512, 'width': 184.06976744186048}","{'height': 360, 'width': 640, 'mime_type': 'video/mp4'}",fbY4O04uunE,https://www.youtube.com/watch?v=fbY4O04uunE
clk6lb2my003i3n6lesxxkgpf,848,left side,,Abnormal Gait,stroke,"{'top': 24.3953488372093, 'left': 237.53488372093022, 'height': 333.6976744186046, 'width': 184.27906976744185}","{'height': 360, 'width': 640, 'mime_type': 'video/mp4'}",fbY4O04uunE,https://www.youtube.com/watch?v=fbY4O04uunE
clk6lb2my003i3n6lesxxkgpf,849,left side,,Abnormal Gait,stroke,"{'top': 24.441860465116278, 'left': 237.18604651162792, 'height': 333.72093023255815, 'width': 184.48837209302326}","{'height': 360, 'width': 640, 'mime_type': 'video/mp4'}",fbY4O04uunE,https://www.youtube.com/watch?v=fbY4O04uunE
clk6lb2my003i3n6lesxxkgpf,850,left side,,Abnormal Gait,stroke,"{'top': 24.488372093023255, 'left': 236.8372093023256, 'height': 333.74418604651163, 'width': 184.69767441860463}","{'height': 360, 'width': 640, 'mime_type': 'video/mp4'}",fbY4O04uunE,https://www.youtube.com/watch?v=fbY4O04uunE
clk6lb2my003i3n6lesxxkgpf,851,left side,,Abnormal Gait,stroke,"{'top': 24.53488372093023, 'left': 236.48837209302326, 'height': 333.7674418604651, 'width': 184.90697674418607}","{'height': 360, 'width': 640, 'mime_type': 'video/mp4'}",fbY4O04uunE,https://www.youtube.com/watch?v=fbY4O04uunE
clk6lb2my003i3n6lesxxkgpf,852,left side,,Abnormal Gait,stroke,"{'top': 24.58139534883721, 'left': 236.13953488372093, 'height': 333.7906976744186, 'width': 185.11627906976744}","{'height': 360, 'width': 640, 'mime_type': 'video/mp4'}",fbY4O04uunE,https://www.youtube.com/watch?v=fbY4O04uunE
clk6lb2my003i3n6lesxxkgpf,853,left side,,Abnormal Gait,stroke,"{'top': 24.627906976744185, 'left': 235.7906976744186, 'height': 333.81395348837214, 'width': 185.32558139534882}","{'height': 360, 'width': 640, 'mime_type': 'video/mp4'}",fbY4O04uunE,https://www.youtube.com/watch?v=fbY4O04uunE
clk6lb2my003i3n6lesxxkgpf,854,left side,,Abnormal Gait,stroke,"{'top': 24.674418604651162, 'left': 235.4418604651163, 'height': 333.83720930232556, 'width': 185.53488372093022}","{'height': 360, 'width': 640, 'mime_type': 'video/mp4'}",fbY4O04uunE,https://www.youtube.com/watch?v=fbY4O04uunE
clk6lb2my003i3n6lesxxkgpf,855,left side,,Abnormal Gait,stroke,"{'top': 24.72093023255814, 'left': 235.09302325581396, 'height': 333.86046511627904, 'width': 185.7441860465116}","{'height': 360, 'width': 640, 'mime_type': 'video/mp4'}",fbY4O04uunE,https://www.youtube.com/watch?v=fbY4O04uunE
clk6lb2my003i3n6lesxxkgpf,856,left side,,Abnormal Gait,stroke,"{'top': 24.767441860465116, 'left': 234.74418604651163, 'height': 333.8837209302326, 'width': 185.95348837209303}","{'height': 360, 'width': 640, 'mime_type': 'video/mp4'}",fbY4O04uunE,https://www.youtube.com/watch?v=fbY4O04uunE
clk6lb2my003i3n6lesxxkgpf,857,left side,,Abnormal Gait,stroke,"{'top': 24.813953488372093, 'left': 234.3953488372093, 'height': 333.90697674418607, 'width': 186.1627906976744}","{'height': 360, 'width': 640, 'mime_type': 'video/mp4'}",fbY4O04uunE,https://www.youtube.com/watch?v=fbY4O04uunE
clk6lb2my003i3n6lesxxkgpf,858,left side,,Abnormal Gait,stroke,"{'top': 24.86046511627907, 'left': 234.04651162790697, 'height': 333.93023255813955, 'width': 186.37209302325584}","{'height': 360, 'width': 640, 'mime_type': 'video/mp4'}",fbY4O04uunE,https://www.youtube.com/watch?v=fbY4O04uunE
clk6lb2my003i3n6lesxxkgpf,859,left side,,Abnormal Gait,stroke,"{'top': 24.906976744186046, 'left': 233.69767441860466, 'height': 333.953488372093, 'width': 186.5813953488372}","{'height': 360, 'width': 640, 'mime_type': 'video/mp4'}",fbY4O04uunE,https://www.youtube.com/watch?v=fbY4O04uunE
clk6lb2my003i3n6lesxxkgpf,860,left side,,Abnormal Gait,stroke,"{'top': 24.953488372093023, 'left': 233.34883720930233, 'height': 333.9767441860465, 'width': 186.79069767441862}","{'height': 360, 'width': 640, 'mime_type': 'video/mp4'}",fbY4O04uunE,https://www.youtube.com/watch?v=fbY4O04uunE
clk6lb2my003i3n6lesxxkgpf,861,left side,,Abnormal Gait,stroke,"{'top': 25.0, 'left': 233.0, 'height': 334.0, 'width': 187.0}","{'height': 360, 'width': 640, 'mime_type': 'video/mp4'}",fbY4O04uunE,https://www.youtube.com/watch?v=fbY4O04uunE
clk6lb2my003i3n6lesxxkgpf,862,left side,,Abnormal Gait,stroke,"{'top': 25.04255319148936, 'left': 233.01063829787233, 'height': 333.968085106383, 'width': 186.86170212765956}","{'height': 360, 'width': 640, 'mime_type': 'video/mp4'}",fbY4O04uunE,https://www.youtube.com/watch?v=fbY4O04uunE
clk6lb2my003i3n6lesxxkgpf,863,left side,,Abnormal Gait,stroke,"{'top': 25.085106382978722, 'left': 233.0212765957447, 'height': 333.93617021276594, 'width': 186.72340425531914}","{'height': 360, 'width': 640, 'mime_type': 'video/mp4'}",fbY4O04uunE,https://www.youtube.com/watch?v=fbY4O04uunE
clk6lb2my003i3n6lesxxkgpf,864,left side,,Abnormal Gait,stroke,"{'top': 25.127659574468087, 'left': 233.03191489361703, 'height': 333.9042553191489, 'width': 186.5851063829787}","{'height': 360, 'width': 640, 'mime_type': 'video/mp4'}",fbY4O04uunE,https://www.youtube.com/watch?v=fbY4O04uunE
clk6lb2my003i3n6lesxxkgpf,865,left side,,Abnormal Gait,stroke,"{'top': 25.170212765957448, 'left': 233.04255319148936, 'height': 333.87234042553195, 'width': 186.4468085106383}","{'height': 360, 'width': 640, 'mime_type': 'video/mp4'}",fbY4O04uunE,https://www.youtube.com/watch?v=fbY4O04uunE
clk6lb2my003i3n6lesxxkgpf,866,left side,,Abnormal Gait,stroke,"{'top': 25.21276595744681, 'left': 233.0531914893617, 'height': 333.8404255319149, 'width': 186.30851063829786}","{'height': 360, 'width': 640, 'mime_type': 'video/mp4'}",fbY4O04uunE,https://www.youtube.com/watch?v=fbY4O04uunE
clk6lb2my003i3n6lesxxkgpf,867,left side,,Abnormal Gait,stroke,"{'top': 25.25531914893617, 'left': 233.06382978723406, 'height': 333.8085106382979, 'width': 186.17021276595744}","{'height': 360, 'width': 640, 'mime_type': 'video/mp4'}",fbY4O04uunE,https://www.youtube.com/watch?v=fbY4O04uunE
clk6lb2my003i3n6lesxxkgpf,868,left side,,Abnormal Gait,stroke,"{'top': 25.29787234042553, 'left': 233.0744680851064, 'height': 333.77659574468083, 'width': 186.031914893617}","{'height': 360, 'width': 640, 'mime_type': 'video/mp4'}",fbY4O04uunE,https://www.youtube.com/watch?v=fbY4O04uunE
clk6lb2my003i3n6lesxxkgpf,869,left side,,Abnormal Gait,stroke,"{'top': 25.340425531914892, 'left': 233.08510638297872, 'height': 333.74468085106383, 'width': 185.8936170212766}","{'height': 360, 'width': 640, 'mime_type': 'video/mp4'}",fbY4O04uunE,https://www.youtube.com/watch?v=fbY4O04uunE
clk6lb2my003i3n6lesxxkgpf,870,left side,,Abnormal Gait,stroke,"{'top': 25.382978723404257, 'left': 233.09574468085106, 'height': 333.7127659574468, 'width': 185.75531914893617}","{'height': 360, 'width': 640, 'mime_type': 'video/mp4'}",fbY4O04uunE,https://www.youtube.com/watch?v=fbY4O04uunE
clk6lb2my003i3n6lesxxkgpf,871,left side,,Abnormal Gait,stroke,"{'top': 25.425531914893618, 'left': 233.10638297872342, 'height': 333.6808510638298, 'width': 185.61702127659575}","{'height': 360, 'width': 640, 'mime_type': 'video/mp4'}",fbY4O04uunE,https://www.youtube.com/watch?v=fbY4O04uunE
clk6lb2my003i3n6lesxxkgpf,872,left side,,Abnormal Gait,stroke,"{'top': 25.46808510638298, 'left': 233.11702127659575, 'height': 333.6489361702127, 'width': 185.4787234042553}","{'height': 360, 'width': 640, 'mime_type': 'video/mp4'}",fbY4O04uunE,https://www.youtube.com/watch?v=fbY4O04uunE
clk6lb2my003i3n6lesxxkgpf,873,left side,,Abnormal Gait,stroke,"{'top': 25.51063829787234, 'left': 233.12765957446808, 'height': 333.6170212765958, 'width': 185.34042553191492}","{'height': 360, 'width': 640, 'mime_type': 'video/mp4'}",fbY4O04uunE,https://www.youtube.com/watch?v=fbY4O04uunE
clk6lb2my003i3n6lesxxkgpf,874,left side,,Abnormal Gait,stroke,"{'top': 25.5531914893617, 'left': 233.13829787234042, 'height': 333.5851063829787, 'width': 185.20212765957447}","{'height': 360, 'width': 640, 'mime_type': 'video/mp4'}",fbY4O04uunE,https://www.youtube.com/watch?v=fbY4O04uunE
clk6lb2my003i3n6lesxxkgpf,875,left side,,Abnormal Gait,stroke,"{'top': 25.595744680851062, 'left': 233.14893617021278, 'height': 333.5531914893617, 'width': 185.06382978723406}","{'height': 360, 'width': 640, 'mime_type': 'video/mp4'}",fbY4O04uunE,https://www.youtube.com/watch?v=fbY4O04uunE
clk6lb2my003i3n6lesxxkgpf,876,left side,,Abnormal Gait,stroke,"{'top': 25.638297872340427, 'left': 233.1595744680851, 'height': 333.52127659574467, 'width': 184.9255319148936}","{'height': 360, 'width': 640, 'mime_type': 'video/mp4'}",fbY4O04uunE,https://www.youtube.com/watch?v=fbY4O04uunE
clk6lb2my003i3n6lesxxkgpf,877,left side,,Abnormal Gait,stroke,"{'top': 25.680851063829788, 'left': 233.17021276595744, 'height': 333.48936170212767, 'width': 184.78723404255317}","{'height': 360, 'width': 640, 'mime_type': 'video/mp4'}",fbY4O04uunE,https://www.youtube.com/watch?v=fbY4O04uunE
clk6lb2my003i3n6lesxxkgpf,878,left side,,Abnormal Gait,stroke,"{'top': 25.72340425531915, 'left': 233.18085106382978, 'height': 333.4574468085106, 'width': 184.64893617021278}","{'height': 360, 'width': 640, 'mime_type': 'video/mp4'}",fbY4O04uunE,https://www.youtube.com/watch?v=fbY4O04uunE
clk6lb2my003i3n6lesxxkgpf,879,left side,,Abnormal Gait,stroke,"{'top': 25.76595744680851, 'left': 233.19148936170214, 'height': 333.4255319148936, 'width': 184.5106382978723}","{'height': 360, 'width': 640, 'mime_type': 'video/mp4'}",fbY4O04uunE,https://www.youtube.com/watch?v=fbY4O04uunE
clk6lb2my003i3n6lesxxkgpf,880,left side,,Abnormal Gait,stroke,"{'top': 25.80851063829787, 'left': 233.20212765957447, 'height': 333.39361702127655, 'width': 184.37234042553192}","{'height': 360, 'width': 640, 'mime_type': 'video/mp4'}",fbY4O04uunE,https://www.youtube.com/watch?v=fbY4O04uunE
clk6lb2my003i3n6lesxxkgpf,881,left side,,Abnormal Gait,stroke,"{'top': 25.851063829787233, 'left': 233.2127659574468, 'height': 333.3617021276596, 'width': 184.23404255319147}","{'height': 360, 'width': 640, 'mime_type': 'video/mp4'}",fbY4O04uunE,https://www.youtube.com/watch?v=fbY4O04uunE
clk6lb2my003i3n6lesxxkgpf,882,left side,,Abnormal Gait,stroke,"{'top': 25.893617021276597, 'left': 233.22340425531914, 'height': 333.32978723404256, 'width': 184.09574468085108}","{'height': 360, 'width': 640, 'mime_type': 'video/mp4'}",fbY4O04uunE,https://www.youtube.com/watch?v=fbY4O04uunE
clk6lb2my003i3n6lesxxkgpf,883,left side,,Abnormal Gait,stroke,"{'top': 25.93617021276596, 'left': 233.2340425531915, 'height': 333.29787234042556, 'width': 183.9574468085106}","{'height': 360, 'width': 640, 'mime_type': 'video/mp4'}",fbY4O04uunE,https://www.youtube.com/watch?v=fbY4O04uunE
clk6lb2my003i3n6lesxxkgpf,884,left side,,Abnormal Gait,stroke,"{'top': 25.97872340425532, 'left': 233.24468085106383, 'height': 333.2659574468085, 'width': 183.81914893617022}","{'height': 360, 'width': 640, 'mime_type': 'video/mp4'}",fbY4O04uunE,https://www.youtube.com/watch?v=fbY4O04uunE
clk6lb2my003i3n6lesxxkgpf,885,left side,,Abnormal Gait,stroke,"{'top': 26.02127659574468, 'left': 233.25531914893617, 'height': 333.2340425531915, 'width': 183.68085106382978}","{'height': 360, 'width': 640, 'mime_type': 'video/mp4'}",fbY4O04uunE,https://www.youtube.com/watch?v=fbY4O04uunE
clk6lb2my003i3n6lesxxkgpf,886,left side,,Abnormal Gait,stroke,"{'top': 26.06382978723404, 'left': 233.2659574468085, 'height': 333.20212765957444, 'width': 183.5425531914894}","{'height': 360, 'width': 640, 'mime_type': 'video/mp4'}",fbY4O04uunE,https://www.youtube.com/watch?v=fbY4O04uunE
clk6lb2my003i3n6lesxxkgpf,887,left side,,Abnormal Gait,stroke,"{'top': 26.106382978723403, 'left': 233.27659574468086, 'height': 333.17021276595744, 'width': 183.40425531914892}","{'height': 360, 'width': 640, 'mime_type': 'video/mp4'}",fbY4O04uunE,https://www.youtube.com/watch?v=fbY4O04uunE
clk6lb2my003i3n6lesxxkgpf,888,left side,,Abnormal Gait,stroke,"{'top': 26.148936170212767, 'left': 233.2872340425532, 'height': 333.1382978723404, 'width': 183.26595744680853}","{'height': 360, 'width': 640, 'mime_type': 'video/mp4'}",fbY4O04uunE,https://www.youtube.com/watch?v=fbY4O04uunE
clk6lb2my003i3n6lesxxkgpf,889,left side,,Abnormal Gait,stroke,"{'top': 26.19148936170213, 'left': 233.29787234042553, 'height': 333.10638297872345, 'width': 183.12765957446808}","{'height': 360, 'width': 640, 'mime_type': 'video/mp4'}",fbY4O04uunE,https://www.youtube.com/watch?v=fbY4O04uunE
clk6lb2my003i3n6lesxxkgpf,890,left side,,Abnormal Gait,stroke,"{'top': 26.23404255319149, 'left': 233.30851063829786, 'height': 333.0744680851064, 'width': 182.9893617021277}","{'height': 360, 'width': 640, 'mime_type': 'video/mp4'}",fbY4O04uunE,https://www.youtube.com/watch?v=fbY4O04uunE
clk6lb2my003i3n6lesxxkgpf,891,left side,,Abnormal Gait,stroke,"{'top': 26.27659574468085, 'left': 233.31914893617022, 'height': 333.0425531914894, 'width': 182.85106382978722}","{'height': 360, 'width': 640, 'mime_type': 'video/mp4'}",fbY4O04uunE,https://www.youtube.com/watch?v=fbY4O04uunE
clk6lb2my003i3n6lesxxkgpf,892,left side,,Abnormal Gait,stroke,"{'top': 26.319148936170212, 'left': 233.32978723404256, 'height': 333.01063829787233, 'width': 182.71276595744683}","{'height': 360, 'width': 640, 'mime_type': 'video/mp4'}",fbY4O04uunE,https://www.youtube.com/watch?v=fbY4O04uunE
clk6lb2my003i3n6lesxxkgpf,893,left side,,Abnormal Gait,stroke,"{'top': 26.361702127659573, 'left': 233.3404255319149, 'height': 332.97872340425533, 'width': 182.5744680851064}","{'height': 360, 'width': 640, 'mime_type': 'video/mp4'}",fbY4O04uunE,https://www.youtube.com/watch?v=fbY4O04uunE
clk6lb2my003i3n6lesxxkgpf,894,left side,,Abnormal Gait,stroke,"{'top': 26.404255319148938, 'left': 233.35106382978722, 'height': 332.9468085106383, 'width': 182.43617021276594}","{'height': 360, 'width': 640, 'mime_type': 'video/mp4'}",fbY4O04uunE,https://www.youtube.com/watch?v=fbY4O04uunE
clk6lb2my003i3n6lesxxkgpf,895,left side,,Abnormal Gait,stroke,"{'top': 26.4468085106383, 'left': 233.36170212765958, 'height': 332.9148936170213, 'width': 182.29787234042553}","{'height': 360, 'width': 640, 'mime_type': 'video/mp4'}",fbY4O04uunE,https://www.youtube.com/watch?v=fbY4O04uunE
clk6lb2my003i3n6lesxxkgpf,896,left side,,Abnormal Gait,stroke,"{'top': 26.48936170212766, 'left': 233.37234042553192, 'height': 332.8829787234042, 'width': 182.15957446808508}","{'height': 360, 'width': 640, 'mime_type': 'video/mp4'}",fbY4O04uunE,https://www.youtube.com/watch?v=fbY4O04uunE
clk6lb2my003i3n6lesxxkgpf,897,left side,,Abnormal Gait,stroke,"{'top': 26.53191489361702, 'left': 233.38297872340425, 'height': 332.8510638297873, 'width': 182.0212765957447}","{'height': 360, 'width': 640, 'mime_type': 'video/mp4'}",fbY4O04uunE,https://www.youtube.com/watch?v=fbY4O04uunE
clk6lb2my003i3n6lesxxkgpf,898,left side,,Abnormal Gait,stroke,"{'top': 26.574468085106382, 'left': 233.39361702127658, 'height': 332.8191489361702, 'width': 181.88297872340425}","{'height': 360, 'width': 640, 'mime_type': 'video/mp4'}",fbY4O04uunE,https://www.youtube.com/watch?v=fbY4O04uunE
clk6lb2my003i3n6lesxxkgpf,899,left side,,Abnormal Gait,stroke,"{'top': 26.617021276595743, 'left': 233.40425531914894, 'height': 332.7872340425532, 'width': 181.74468085106383}","{'height': 360, 'width': 640, 'mime_type': 'video/mp4'}",fbY4O04uunE,https://www.youtube.com/watch?v=fbY4O04uunE
clk6lb2my003i3n6lesxxkgpf,900,left side,,Abnormal Gait,stroke,"{'top': 26.659574468085108, 'left': 233.41489361702128, 'height': 332.75531914893617, 'width': 181.6063829787234}","{'height': 360, 'width': 640, 'mime_type': 'video/mp4'}",fbY4O04uunE,https://www.youtube.com/watch?v=fbY4O04uunE
clk6lb2my003i3n6lesxxkgpf,901,left side,,Abnormal Gait,stroke,"{'top': 26.70212765957447, 'left': 233.4255319148936, 'height': 332.72340425531917, 'width': 181.468085106383}","{'height': 360, 'width': 640, 'mime_type': 'video/mp4'}",fbY4O04uunE,https://www.youtube.com/watch?v=fbY4O04uunE
clk6lb2my003i3n6lesxxkgpf,902,left side,,Abnormal Gait,stroke,"{'top': 26.74468085106383, 'left': 233.43617021276594, 'height': 332.6914893617021, 'width': 181.32978723404256}","{'height': 360, 'width': 640, 'mime_type': 'video/mp4'}",fbY4O04uunE,https://www.youtube.com/watch?v=fbY4O04uunE
clk6lb2my003i3n6lesxxkgpf,903,left side,,Abnormal Gait,stroke,"{'top': 26.78723404255319, 'left': 233.4468085106383, 'height': 332.6595744680851, 'width': 181.19148936170214}","{'height': 360, 'width': 640, 'mime_type': 'video/mp4'}",fbY4O04uunE,https://www.youtube.com/watch?v=fbY4O04uunE
clk6lb2my003i3n6lesxxkgpf,904,left side,,Abnormal Gait,stroke,"{'top': 26.829787234042552, 'left': 233.45744680851064, 'height': 332.62765957446805, 'width': 181.0531914893617}","{'height': 360, 'width': 640, 'mime_type': 'video/mp4'}",fbY4O04uunE,https://www.youtube.com/watch?v=fbY4O04uunE
clk6lb2my003i3n6lesxxkgpf,905,left side,,Abnormal Gait,stroke,"{'top': 26.872340425531917, 'left': 233.46808510638297, 'height': 332.5957446808511, 'width': 180.9148936170213}","{'height': 360, 'width': 640, 'mime_type': 'video/mp4'}",fbY4O04uunE,https://www.youtube.com/watch?v=fbY4O04uunE
clk6lb2my003i3n6lesxxkgpf,906,left side,,Abnormal Gait,stroke,"{'top': 26.914893617021278, 'left': 233.4787234042553, 'height': 332.56382978723406, 'width': 180.77659574468086}","{'height': 360, 'width': 640, 'mime_type': 'video/mp4'}",fbY4O04uunE,https://www.youtube.com/watch?v=fbY4O04uunE
clk6lb2my003i3n6lesxxkgpf,907,left side,,Abnormal Gait,stroke,"{'top': 26.95744680851064, 'left': 233.48936170212767, 'height': 332.531914893617, 'width': 180.63829787234044}","{'height': 360, 'width': 640, 'mime_type': 'video/mp4'}",fbY4O04uunE,https://www.youtube.com/watch?v=fbY4O04uunE
clk6lb2my003i3n6lesxxkgpf,908,left side,,Abnormal Gait,stroke,"{'top': 27.0, 'left': 233.5, 'height': 332.5, 'width': 180.5}","{'height': 360, 'width': 640, 'mime_type': 'video/mp4'}",fbY4O04uunE,https://www.youtube.com/watch?v=fbY4O04uunE
clk6lb2my003i3n6lesxxkgpf,909,left side,,Abnormal Gait,stroke,"{'top': 27.04255319148936, 'left': 233.51063829787233, 'height': 332.468085106383, 'width': 180.36170212765956}","{'height': 360, 'width': 640, 'mime_type': 'video/mp4'}",fbY4O04uunE,https://www.youtube.com/watch?v=fbY4O04uunE
clk6lb2my003i3n6lesxxkgpf,910,left side,,Abnormal Gait,stroke,"{'top': 27.085106382978722, 'left': 233.5212765957447, 'height': 332.43617021276594, 'width': 180.22340425531914}","{'height': 360, 'width': 640, 'mime_type': 'video/mp4'}",fbY4O04uunE,https://www.youtube.com/watch?v=fbY4O04uunE
clk6lb2my003i3n6lesxxkgpf,911,left side,,Abnormal Gait,stroke,"{'top': 27.127659574468083, 'left': 233.53191489361703, 'height': 332.4042553191489, 'width': 180.0851063829787}","{'height': 360, 'width': 640, 'mime_type': 'video/mp4'}",fbY4O04uunE,https://www.youtube.com/watch?v=fbY4O04uunE
clk6lb2my003i3n6lesxxkgpf,912,left side,,Abnormal Gait,stroke,"{'top': 27.170212765957448, 'left': 233.54255319148936, 'height': 332.37234042553195, 'width': 179.9468085106383}","{'height': 360, 'width': 640, 'mime_type': 'video/mp4'}",fbY4O04uunE,https://www.youtube.com/watch?v=fbY4O04uunE
clk6lb2my003i3n6lesxxkgpf,913,left side,,Abnormal Gait,stroke,"{'top': 27.21276595744681, 'left': 233.5531914893617, 'height': 332.3404255319149, 'width': 179.80851063829786}","{'height': 360, 'width': 640, 'mime_type': 'video/mp4'}",fbY4O04uunE,https://www.youtube.com/watch?v=fbY4O04uunE
clk6lb2my003i3n6lesxxkgpf,914,left side,,Abnormal Gait,stroke,"{'top': 27.25531914893617, 'left': 233.56382978723406, 'height': 332.3085106382979, 'width': 179.67021276595744}","{'height': 360, 'width': 640, 'mime_type': 'video/mp4'}",fbY4O04uunE,https://www.youtube.com/watch?v=fbY4O04uunE
clk6lb2my003i3n6lesxxkgpf,915,left side,,Abnormal Gait,stroke,"{'top': 27.29787234042553, 'left': 233.5744680851064, 'height': 332.27659574468083, 'width': 179.531914893617}","{'height': 360, 'width': 640, 'mime_type': 'video/mp4'}",fbY4O04uunE,https://www.youtube.com/watch?v=fbY4O04uunE
clk6lb2my003i3n6lesxxkgpf,916,left side,,Abnormal Gait,stroke,"{'top': 27.340425531914892, 'left': 233.58510638297872, 'height': 332.24468085106383, 'width': 179.3936170212766}","{'height': 360, 'width': 640, 'mime_type': 'video/mp4'}",fbY4O04uunE,https://www.youtube.com/watch?v=fbY4O04uunE
clk6lb2my003i3n6lesxxkgpf,917,left side,,Abnormal Gait,stroke,"{'top': 27.382978723404257, 'left': 233.59574468085106, 'height': 332.2127659574468, 'width': 179.25531914893617}","{'height': 360, 'width': 640, 'mime_type': 'video/mp4'}",fbY4O04uunE,https://www.youtube.com/watch?v=fbY4O04uunE
clk6lb2my003i3n6lesxxkgpf,918,left side,,Abnormal Gait,stroke,"{'top': 27.425531914893618, 'left': 233.60638297872342, 'height': 332.1808510638298, 'width': 179.11702127659575}","{'height': 360, 'width': 640, 'mime_type': 'video/mp4'}",fbY4O04uunE,https://www.youtube.com/watch?v=fbY4O04uunE
clk6lb2my003i3n6lesxxkgpf,919,left side,,Abnormal Gait,stroke,"{'top': 27.46808510638298, 'left': 233.61702127659575, 'height': 332.1489361702127, 'width': 178.9787234042553}","{'height': 360, 'width': 640, 'mime_type': 'video/mp4'}",fbY4O04uunE,https://www.youtube.com/watch?v=fbY4O04uunE
clk6lb2my003i3n6lesxxkgpf,920,left side,,Abnormal Gait,stroke,"{'top': 27.51063829787234, 'left': 233.62765957446808, 'height': 332.1170212765958, 'width': 178.84042553191492}","{'height': 360, 'width': 640, 'mime_type': 'video/mp4'}",fbY4O04uunE,https://www.youtube.com/watch?v=fbY4O04uunE
clk6lb2my003i3n6lesxxkgpf,921,left side,,Abnormal Gait,stroke,"{'top': 27.5531914893617, 'left': 233.63829787234042, 'height': 332.0851063829787, 'width': 178.70212765957447}","{'height': 360, 'width': 640, 'mime_type': 'video/mp4'}",fbY4O04uunE,https://www.youtube.com/watch?v=fbY4O04uunE
clk6lb2my003i3n6lesxxkgpf,922,left side,,Abnormal Gait,stroke,"{'top': 27.595744680851062, 'left': 233.64893617021278, 'height': 332.0531914893617, 'width': 178.56382978723406}","{'height': 360, 'width': 640, 'mime_type': 'video/mp4'}",fbY4O04uunE,https://www.youtube.com/watch?v=fbY4O04uunE
clk6lb2my003i3n6lesxxkgpf,923,left side,,Abnormal Gait,stroke,"{'top': 27.638297872340424, 'left': 233.6595744680851, 'height': 332.02127659574467, 'width': 178.4255319148936}","{'height': 360, 'width': 640, 'mime_type': 'video/mp4'}",fbY4O04uunE,https://www.youtube.com/watch?v=fbY4O04uunE
clk6lb2my003i3n6lesxxkgpf,924,left side,,Abnormal Gait,stroke,"{'top': 27.680851063829788, 'left': 233.67021276595744, 'height': 331.98936170212767, 'width': 178.28723404255322}","{'height': 360, 'width': 640, 'mime_type': 'video/mp4'}",fbY4O04uunE,https://www.youtube.com/watch?v=fbY4O04uunE
clk6lb2my003i3n6lesxxkgpf,925,left side,,Abnormal Gait,stroke,"{'top': 27.72340425531915, 'left': 233.68085106382978, 'height': 331.9574468085106, 'width': 178.14893617021278}","{'height': 360, 'width': 640, 'mime_type': 'video/mp4'}",fbY4O04uunE,https://www.youtube.com/watch?v=fbY4O04uunE
clk6lb2my003i3n6lesxxkgpf,926,left side,,Abnormal Gait,stroke,"{'top': 27.76595744680851, 'left': 233.69148936170214, 'height': 331.9255319148936, 'width': 178.0106382978723}","{'height': 360, 'width': 640, 'mime_type': 'video/mp4'}",fbY4O04uunE,https://www.youtube.com/watch?v=fbY4O04uunE
clk6lb2my003i3n6lesxxkgpf,927,left side,,Abnormal Gait,stroke,"{'top': 27.80851063829787, 'left': 233.70212765957447, 'height': 331.89361702127655, 'width': 177.87234042553192}","{'height': 360, 'width': 640, 'mime_type': 'video/mp4'}",fbY4O04uunE,https://www.youtube.com/watch?v=fbY4O04uunE
clk6lb2my003i3n6lesxxkgpf,928,left side,,Abnormal Gait,stroke,"{'top': 27.851063829787233, 'left': 233.7127659574468, 'height': 331.8617021276596, 'width': 177.73404255319147}","{'height': 360, 'width': 640, 'mime_type': 'video/mp4'}",fbY4O04uunE,https://www.youtube.com/watch?v=fbY4O04uunE
clk6lb2my003i3n6lesxxkgpf,929,left side,,Abnormal Gait,stroke,"{'top': 27.893617021276597, 'left': 233.72340425531914, 'height': 331.82978723404256, 'width': 177.59574468085108}","{'height': 360, 'width': 640, 'mime_type': 'video/mp4'}",fbY4O04uunE,https://www.youtube.com/watch?v=fbY4O04uunE
clk6lb2my003i3n6lesxxkgpf,930,left side,,Abnormal Gait,stroke,"{'top': 27.93617021276596, 'left': 233.7340425531915, 'height': 331.79787234042556, 'width': 177.4574468085106}","{'height': 360, 'width': 640, 'mime_type': 'video/mp4'}",fbY4O04uunE,https://www.youtube.com/watch?v=fbY4O04uunE
clk6lb2my003i3n6lesxxkgpf,931,left side,,Abnormal Gait,stroke,"{'top': 27.97872340425532, 'left': 233.74468085106383, 'height': 331.7659574468085, 'width': 177.31914893617022}","{'height': 360, 'width': 640, 'mime_type': 'video/mp4'}",fbY4O04uunE,https://www.youtube.com/watch?v=fbY4O04uunE
clk6lb2my003i3n6lesxxkgpf,932,left side,,Abnormal Gait,stroke,"{'top': 28.02127659574468, 'left': 233.75531914893617, 'height': 331.7340425531915, 'width': 177.18085106382978}","{'height': 360, 'width': 640, 'mime_type': 'video/mp4'}",fbY4O04uunE,https://www.youtube.com/watch?v=fbY4O04uunE
clk6lb2my003i3n6lesxxkgpf,933,left side,,Abnormal Gait,stroke,"{'top': 28.06382978723404, 'left': 233.7659574468085, 'height': 331.70212765957444, 'width': 177.0425531914894}","{'height': 360, 'width': 640, 'mime_type': 'video/mp4'}",fbY4O04uunE,https://www.youtube.com/watch?v=fbY4O04uunE
clk6lb2my003i3n6lesxxkgpf,934,left side,,Abnormal Gait,stroke,"{'top': 28.106382978723403, 'left': 233.77659574468086, 'height': 331.67021276595744, 'width': 176.90425531914892}","{'height': 360, 'width': 640, 'mime_type': 'video/mp4'}",fbY4O04uunE,https://www.youtube.com/watch?v=fbY4O04uunE
clk6lb2my003i3n6lesxxkgpf,935,left side,,Abnormal Gait,stroke,"{'top': 28.148936170212767, 'left': 233.7872340425532, 'height': 331.6382978723404, 'width': 176.76595744680853}","{'height': 360, 'width': 640, 'mime_type': 'video/mp4'}",fbY4O04uunE,https://www.youtube.com/watch?v=fbY4O04uunE
clk6lb2my003i3n6lesxxkgpf,936,left side,,Abnormal Gait,stroke,"{'top': 28.19148936170213, 'left': 233.79787234042553, 'height': 331.60638297872345, 'width': 176.62765957446808}","{'height': 360, 'width': 640, 'mime_type': 'video/mp4'}",fbY4O04uunE,https://www.youtube.com/watch?v=fbY4O04uunE
clk6lb2my003i3n6lesxxkgpf,937,left side,,Abnormal Gait,stroke,"{'top': 28.23404255319149, 'left': 233.80851063829786, 'height': 331.5744680851064, 'width': 176.4893617021277}","{'height': 360, 'width': 640, 'mime_type': 'video/mp4'}",fbY4O04uunE,https://www.youtube.com/watch?v=fbY4O04uunE
clk6lb2my003i3n6lesxxkgpf,938,left side,,Abnormal Gait,stroke,"{'top': 28.27659574468085, 'left': 233.81914893617022, 'height': 331.5425531914894, 'width': 176.35106382978722}","{'height': 360, 'width': 640, 'mime_type': 'video/mp4'}",fbY4O04uunE,https://www.youtube.com/watch?v=fbY4O04uunE
clk6lb2my003i3n6lesxxkgpf,939,left side,,Abnormal Gait,stroke,"{'top': 28.319148936170212, 'left': 233.82978723404256, 'height': 331.51063829787233, 'width': 176.21276595744678}","{'height': 360, 'width': 640, 'mime_type': 'video/mp4'}",fbY4O04uunE,https://www.youtube.com/watch?v=fbY4O04uunE
clk6lb2my003i3n6lesxxkgpf,940,left side,,Abnormal Gait,stroke,"{'top': 28.361702127659576, 'left': 233.8404255319149, 'height': 331.47872340425533, 'width': 176.0744680851064}","{'height': 360, 'width': 640, 'mime_type': 'video/mp4'}",fbY4O04uunE,https://www.youtube.com/watch?v=fbY4O04uunE
clk6lb2my003i3n6lesxxkgpf,941,left side,,Abnormal Gait,stroke,"{'top': 28.404255319148938, 'left': 233.85106382978722, 'height': 331.4468085106383, 'width': 175.93617021276594}","{'height': 360, 'width': 640, 'mime_type': 'video/mp4'}",fbY4O04uunE,https://www.youtube.com/watch?v=fbY4O04uunE
clk6lb2my003i3n6lesxxkgpf,942,left side,,Abnormal Gait,stroke,"{'top': 28.4468085106383, 'left': 233.86170212765958, 'height': 331.4148936170213, 'width': 175.79787234042553}","{'height': 360, 'width': 640, 'mime_type': 'video/mp4'}",fbY4O04uunE,https://www.youtube.com/watch?v=fbY4O04uunE
clk6lb2my003i3n6lesxxkgpf,943,left side,,Abnormal Gait,stroke,"{'top': 28.48936170212766, 'left': 233.87234042553192, 'height': 331.3829787234042, 'width': 175.65957446808508}","{'height': 360, 'width': 640, 'mime_type': 'video/mp4'}",fbY4O04uunE,https://www.youtube.com/watch?v=fbY4O04uunE
clk6lb2my003i3n6lesxxkgpf,944,left side,,Abnormal Gait,stroke,"{'top': 28.53191489361702, 'left': 233.88297872340425, 'height': 331.3510638297873, 'width': 175.5212765957447}","{'height': 360, 'width': 640, 'mime_type': 'video/mp4'}",fbY4O04uunE,https://www.youtube.com/watch?v=fbY4O04uunE
clk6lb2my003i3n6lesxxkgpf,945,left side,,Abnormal Gait,stroke,"{'top': 28.574468085106382, 'left': 233.89361702127658, 'height': 331.3191489361702, 'width': 175.38297872340425}","{'height': 360, 'width': 640, 'mime_type': 'video/mp4'}",fbY4O04uunE,https://www.youtube.com/watch?v=fbY4O04uunE
clk6lb2my003i3n6lesxxkgpf,946,left side,,Abnormal Gait,stroke,"{'top': 28.617021276595743, 'left': 233.90425531914894, 'height': 331.2872340425532, 'width': 175.24468085106383}","{'height': 360, 'width': 640, 'mime_type': 'video/mp4'}",fbY4O04uunE,https://www.youtube.com/watch?v=fbY4O04uunE
clk6lb2my003i3n6lesxxkgpf,947,left side,,Abnormal Gait,stroke,"{'top': 28.659574468085108, 'left': 233.91489361702128, 'height': 331.25531914893617, 'width': 175.1063829787234}","{'height': 360, 'width': 640, 'mime_type': 'video/mp4'}",fbY4O04uunE,https://www.youtube.com/watch?v=fbY4O04uunE
clk6lb2my003i3n6lesxxkgpf,948,left side,,Abnormal Gait,stroke,"{'top': 28.70212765957447, 'left': 233.9255319148936, 'height': 331.22340425531917, 'width': 174.968085106383}","{'height': 360, 'width': 640, 'mime_type': 'video/mp4'}",fbY4O04uunE,https://www.youtube.com/watch?v=fbY4O04uunE
clk6lb2my003i3n6lesxxkgpf,949,left side,,Abnormal Gait,stroke,"{'top': 28.74468085106383, 'left': 233.93617021276594, 'height': 331.1914893617021, 'width': 174.82978723404256}","{'height': 360, 'width': 640, 'mime_type': 'video/mp4'}",fbY4O04uunE,https://www.youtube.com/watch?v=fbY4O04uunE
clk6lb2my003i3n6lesxxkgpf,950,left side,,Abnormal Gait,stroke,"{'top': 28.78723404255319, 'left': 233.9468085106383, 'height': 331.1595744680851, 'width': 174.69148936170214}","{'height': 360, 'width': 640, 'mime_type': 'video/mp4'}",fbY4O04uunE,https://www.youtube.com/watch?v=fbY4O04uunE
clk6lb2my003i3n6lesxxkgpf,951,left side,,Abnormal Gait,stroke,"{'top': 28.829787234042552, 'left': 233.95744680851064, 'height': 331.12765957446805, 'width': 174.5531914893617}","{'height': 360, 'width': 640, 'mime_type': 'video/mp4'}",fbY4O04uunE,https://www.youtube.com/watch?v=fbY4O04uunE
clk6lb2my003i3n6lesxxkgpf,952,left side,,Abnormal Gait,stroke,"{'top': 28.872340425531917, 'left': 233.96808510638297, 'height': 331.0957446808511, 'width': 174.4148936170213}","{'height': 360, 'width': 640, 'mime_type': 'video/mp4'}",fbY4O04uunE,https://www.youtube.com/watch?v=fbY4O04uunE
clk6lb2my003i3n6lesxxkgpf,953,left side,,Abnormal Gait,stroke,"{'top': 28.914893617021278, 'left': 233.9787234042553, 'height': 331.06382978723406, 'width': 174.27659574468086}","{'height': 360, 'width': 640, 'mime_type': 'video/mp4'}",fbY4O04uunE,https://www.youtube.com/watch?v=fbY4O04uunE
clk6lb2my003i3n6lesxxkgpf,954,left side,,Abnormal Gait,stroke,"{'top': 28.95744680851064, 'left': 233.98936170212767, 'height': 331.031914893617, 'width': 174.13829787234044}","{'height': 360, 'width': 640, 'mime_type': 'video/mp4'}",fbY4O04uunE,https://www.youtube.com/watch?v=fbY4O04uunE
clk6lb2my003i3n6lesxxkgpf,955,left side,,Abnormal Gait,stroke,"{'top': 29.0, 'left': 234.0, 'height': 331.0, 'width': 174.0}","{'height': 360, 'width': 640, 'mime_type': 'video/mp4'}",fbY4O04uunE,https://www.youtube.com/watch?v=fbY4O04uunE
clk6lb2my003i3n6lesxxkgpf,956,left side,,Abnormal Gait,stroke,"{'top': 29.041666666666668, 'left': 234.0, 'height': 330.9583333333333, 'width': 173.875}","{'height': 360, 'width': 640, 'mime_type': 'video/mp4'}",fbY4O04uunE,https://www.youtube.com/watch?v=fbY4O04uunE
clk6lb2my003i3n6lesxxkgpf,957,left side,,Abnormal Gait,stroke,"{'top': 29.083333333333332, 'left': 234.0, 'height': 330.9166666666667, 'width': 173.75}","{'height': 360, 'width': 640, 'mime_type': 'video/mp4'}",fbY4O04uunE,https://www.youtube.com/watch?v=fbY4O04uunE
clk6lb2my003i3n6lesxxkgpf,958,left side,,Abnormal Gait,stroke,"{'top': 29.125, 'left': 234.0, 'height': 330.875, 'width': 173.625}","{'height': 360, 'width': 640, 'mime_type': 'video/mp4'}",fbY4O04uunE,https://www.youtube.com/watch?v=fbY4O04uunE
clk6lb2my003i3n6lesxxkgpf,959,left side,,Abnormal Gait,stroke,"{'top': 29.166666666666668, 'left': 234.0, 'height': 330.8333333333333, 'width': 173.5}","{'height': 360, 'width': 640, 'mime_type': 'video/mp4'}",fbY4O04uunE,https://www.youtube.com/watch?v=fbY4O04uunE
clk6lb2my003i3n6lesxxkgpf,960,left side,,Abnormal Gait,stroke,"{'top': 29.208333333333332, 'left': 234.0, 'height': 330.7916666666667, 'width': 173.375}","{'height': 360, 'width': 640, 'mime_type': 'video/mp4'}",fbY4O04uunE,https://www.youtube.com/watch?v=fbY4O04uunE
clk6lb2my003i3n6lesxxkgpf,961,left side,,Abnormal Gait,stroke,"{'top': 29.25, 'left': 234.0, 'height': 330.75, 'width': 173.25}","{'height': 360, 'width': 640, 'mime_type': 'video/mp4'}",fbY4O04uunE,https://www.youtube.com/watch?v=fbY4O04uunE
clk6lb2my003i3n6lesxxkgpf,962,left side,,Abnormal Gait,stroke,"{'top': 29.291666666666668, 'left': 234.0, 'height': 330.7083333333333, 'width': 173.125}","{'height': 360, 'width': 640, 'mime_type': 'video/mp4'}",fbY4O04uunE,https://www.youtube.com/watch?v=fbY4O04uunE
clk6lb2my003i3n6lesxxkgpf,963,left side,,Abnormal Gait,stroke,"{'top': 29.333333333333332, 'left': 234.0, 'height': 330.6666666666667, 'width': 173.0}","{'height': 360, 'width': 640, 'mime_type': 'video/mp4'}",fbY4O04uunE,https://www.youtube.com/watch?v=fbY4O04uunE
clk6lb2my003i3n6lesxxkgpf,964,left side,,Abnormal Gait,stroke,"{'top': 29.375, 'left': 234.0, 'height': 330.625, 'width': 172.875}","{'height': 360, 'width': 640, 'mime_type': 'video/mp4'}",fbY4O04uunE,https://www.youtube.com/watch?v=fbY4O04uunE
clk6lb2my003i3n6lesxxkgpf,965,left side,,Abnormal Gait,stroke,"{'top': 29.416666666666668, 'left': 234.0, 'height': 330.5833333333333, 'width': 172.75}","{'height': 360, 'width': 640, 'mime_type': 'video/mp4'}",fbY4O04uunE,https://www.youtube.com/watch?v=fbY4O04uunE
clk6lb2my003i3n6lesxxkgpf,966,left side,,Abnormal Gait,stroke,"{'top': 29.458333333333332, 'left': 234.0, 'height': 330.5416666666667, 'width': 172.625}","{'height': 360, 'width': 640, 'mime_type': 'video/mp4'}",fbY4O04uunE,https://www.youtube.com/watch?v=fbY4O04uunE
clk6lb2my003i3n6lesxxkgpf,967,left side,,Abnormal Gait,stroke,"{'top': 29.5, 'left': 234.0, 'height': 330.5, 'width': 172.5}","{'height': 360, 'width': 640, 'mime_type': 'video/mp4'}",fbY4O04uunE,https://www.youtube.com/watch?v=fbY4O04uunE
clk6lb2my003i3n6lesxxkgpf,968,left side,,Abnormal Gait,stroke,"{'top': 29.541666666666668, 'left': 234.0, 'height': 330.4583333333333, 'width': 172.375}","{'height': 360, 'width': 640, 'mime_type': 'video/mp4'}",fbY4O04uunE,https://www.youtube.com/watch?v=fbY4O04uunE
clk6lb2my003i3n6lesxxkgpf,969,left side,,Abnormal Gait,stroke,"{'top': 29.583333333333332, 'left': 234.0, 'height': 330.4166666666667, 'width': 172.25}","{'height': 360, 'width': 640, 'mime_type': 'video/mp4'}",fbY4O04uunE,https://www.youtube.com/watch?v=fbY4O04uunE
clk6lb2my003i3n6lesxxkgpf,970,left side,,Abnormal Gait,stroke,"{'top': 29.625, 'left': 234.0, 'height': 330.375, 'width': 172.125}","{'height': 360, 'width': 640, 'mime_type': 'video/mp4'}",fbY4O04uunE,https://www.youtube.com/watch?v=fbY4O04uunE
clk6lb2my003i3n6lesxxkgpf,971,left side,,Abnormal Gait,stroke,"{'top': 29.666666666666668, 'left': 234.0, 'height': 330.3333333333333, 'width': 172.0}","{'height': 360, 'width': 640, 'mime_type': 'video/mp4'}",fbY4O04uunE,https://www.youtube.com/watch?v=fbY4O04uunE
clk6lb2my003i3n6lesxxkgpf,972,left side,,Abnormal Gait,stroke,"{'top': 29.708333333333332, 'left': 234.0, 'height': 330.2916666666667, 'width': 171.875}","{'height': 360, 'width': 640, 'mime_type': 'video/mp4'}",fbY4O04uunE,https://www.youtube.com/watch?v=fbY4O04uunE
clk6lb2my003i3n6lesxxkgpf,973,left side,,Abnormal Gait,stroke,"{'top': 29.75, 'left': 234.0, 'height': 330.25, 'width': 171.75}","{'height': 360, 'width': 640, 'mime_type': 'video/mp4'}",fbY4O04uunE,https://www.youtube.com/watch?v=fbY4O04uunE
clk6lb2my003i3n6lesxxkgpf,974,left side,,Abnormal Gait,stroke,"{'top': 29.791666666666668, 'left': 234.0, 'height': 330.2083333333333, 'width': 171.625}","{'height': 360, 'width': 640, 'mime_type': 'video/mp4'}",fbY4O04uunE,https://www.youtube.com/watch?v=fbY4O04uunE
clk6lb2my003i3n6lesxxkgpf,975,left side,,Abnormal Gait,stroke,"{'top': 29.833333333333332, 'left': 234.0, 'height': 330.1666666666667, 'width': 171.5}","{'height': 360, 'width': 640, 'mime_type': 'video/mp4'}",fbY4O04uunE,https://www.youtube.com/watch?v=fbY4O04uunE
clk6lb2my003i3n6lesxxkgpf,976,left side,,Abnormal Gait,stroke,"{'top': 29.875, 'left': 234.0, 'height': 330.125, 'width': 171.375}","{'height': 360, 'width': 640, 'mime_type': 'video/mp4'}",fbY4O04uunE,https://www.youtube.com/watch?v=fbY4O04uunE
clk6lb2my003i3n6lesxxkgpf,977,left side,,Abnormal Gait,stroke,"{'top': 29.916666666666668, 'left': 234.0, 'height': 330.0833333333333, 'width': 171.25}","{'height': 360, 'width': 640, 'mime_type': 'video/mp4'}",fbY4O04uunE,https://www.youtube.com/watch?v=fbY4O04uunE
clk6lb2my003i3n6lesxxkgpf,978,left side,,Abnormal Gait,stroke,"{'top': 29.958333333333332, 'left': 234.0, 'height': 330.0416666666667, 'width': 171.125}","{'height': 360, 'width': 640, 'mime_type': 'video/mp4'}",fbY4O04uunE,https://www.youtube.com/watch?v=fbY4O04uunE
clk6lb2my003i3n6lesxxkgpf,979,left side,,Abnormal Gait,stroke,"{'top': 30.0, 'left': 234.0, 'height': 330.0, 'width': 171.0}","{'height': 360, 'width': 640, 'mime_type': 'video/mp4'}",fbY4O04uunE,https://www.youtube.com/watch?v=fbY4O04uunE
clk6lb2my003i3n6lesxxkgpf,980,left side,,Abnormal Gait,stroke,"{'top': 30.041666666666668, 'left': 234.0, 'height': 329.9583333333333, 'width': 170.875}","{'height': 360, 'width': 640, 'mime_type': 'video/mp4'}",fbY4O04uunE,https://www.youtube.com/watch?v=fbY4O04uunE
clk6lb2my003i3n6lesxxkgpf,981,left side,,Abnormal Gait,stroke,"{'top': 30.083333333333332, 'left': 234.0, 'height': 329.9166666666667, 'width': 170.75}","{'height': 360, 'width': 640, 'mime_type': 'video/mp4'}",fbY4O04uunE,https://www.youtube.com/watch?v=fbY4O04uunE
clk6lb2my003i3n6lesxxkgpf,982,left side,,Abnormal Gait,stroke,"{'top': 30.125, 'left': 234.0, 'height': 329.875, 'width': 170.625}","{'height': 360, 'width': 640, 'mime_type': 'video/mp4'}",fbY4O04uunE,https://www.youtube.com/watch?v=fbY4O04uunE
clk6lb2my003i3n6lesxxkgpf,983,left side,,Abnormal Gait,stroke,"{'top': 30.166666666666668, 'left': 234.0, 'height': 329.8333333333333, 'width': 170.5}","{'height': 360, 'width': 640, 'mime_type': 'video/mp4'}",fbY4O04uunE,https://www.youtube.com/watch?v=fbY4O04uunE
clk6lb2my003i3n6lesxxkgpf,984,left side,,Abnormal Gait,stroke,"{'top': 30.208333333333332, 'left': 234.0, 'height': 329.7916666666667, 'width': 170.375}","{'height': 360, 'width': 640, 'mime_type': 'video/mp4'}",fbY4O04uunE,https://www.youtube.com/watch?v=fbY4O04uunE
clk6lb2my003i3n6lesxxkgpf,985,left side,,Abnormal Gait,stroke,"{'top': 30.25, 'left': 234.0, 'height': 329.75, 'width': 170.25}","{'height': 360, 'width': 640, 'mime_type': 'video/mp4'}",fbY4O04uunE,https://www.youtube.com/watch?v=fbY4O04uunE
clk6lb2my003i3n6lesxxkgpf,986,left side,,Abnormal Gait,stroke,"{'top': 30.291666666666668, 'left': 234.0, 'height': 329.7083333333333, 'width': 170.125}","{'height': 360, 'width': 640, 'mime_type': 'video/mp4'}",fbY4O04uunE,https://www.youtube.com/watch?v=fbY4O04uunE
clk6lb2my003i3n6lesxxkgpf,987,left side,,Abnormal Gait,stroke,"{'top': 30.333333333333332, 'left': 234.0, 'height': 329.6666666666667, 'width': 170.0}","{'height': 360, 'width': 640, 'mime_type': 'video/mp4'}",fbY4O04uunE,https://www.youtube.com/watch?v=fbY4O04uunE
clk6lb2my003i3n6lesxxkgpf,988,left side,,Abnormal Gait,stroke,"{'top': 30.375, 'left': 234.0, 'height': 329.625, 'width': 169.875}","{'height': 360, 'width': 640, 'mime_type': 'video/mp4'}",fbY4O04uunE,https://www.youtube.com/watch?v=fbY4O04uunE
clk6lb2my003i3n6lesxxkgpf,989,left side,,Abnormal Gait,stroke,"{'top': 30.416666666666668, 'left': 234.0, 'height': 329.5833333333333, 'width': 169.75}","{'height': 360, 'width': 640, 'mime_type': 'video/mp4'}",fbY4O04uunE,https://www.youtube.com/watch?v=fbY4O04uunE
clk6lb2my003i3n6lesxxkgpf,990,left side,,Abnormal Gait,stroke,"{'top': 30.458333333333332, 'left': 234.0, 'height': 329.5416666666667, 'width': 169.625}","{'height': 360, 'width': 640, 'mime_type': 'video/mp4'}",fbY4O04uunE,https://www.youtube.com/watch?v=fbY4O04uunE
clk6lb2my003i3n6lesxxkgpf,991,left side,,Abnormal Gait,stroke,"{'top': 30.5, 'left': 234.0, 'height': 329.5, 'width': 169.5}","{'height': 360, 'width': 640, 'mime_type': 'video/mp4'}",fbY4O04uunE,https://www.youtube.com/watch?v=fbY4O04uunE
clk6lb2my003i3n6lesxxkgpf,992,left side,,Abnormal Gait,stroke,"{'top': 30.541666666666668, 'left': 234.0, 'height': 329.4583333333333, 'width': 169.375}","{'height': 360, 'width': 640, 'mime_type': 'video/mp4'}",fbY4O04uunE,https://www.youtube.com/watch?v=fbY4O04uunE
clk6lb2my003i3n6lesxxkgpf,993,left side,,Abnormal Gait,stroke,"{'top': 30.583333333333332, 'left': 234.0, 'height': 329.4166666666667, 'width': 169.25}","{'height': 360, 'width': 640, 'mime_type': 'video/mp4'}",fbY4O04uunE,https://www.youtube.com/watch?v=fbY4O04uunE
clk6lb2my003i3n6lesxxkgpf,994,left side,,Abnormal Gait,stroke,"{'top': 30.625, 'left': 234.0, 'height': 329.375, 'width': 169.125}","{'height': 360, 'width': 640, 'mime_type': 'video/mp4'}",fbY4O04uunE,https://www.youtube.com/watch?v=fbY4O04uunE
clk6lb2my003i3n6lesxxkgpf,995,left side,,Abnormal Gait,stroke,"{'top': 30.666666666666668, 'left': 234.0, 'height': 329.3333333333333, 'width': 169.0}","{'height': 360, 'width': 640, 'mime_type': 'video/mp4'}",fbY4O04uunE,https://www.youtube.com/watch?v=fbY4O04uunE
clk6lb2my003i3n6lesxxkgpf,996,left side,,Abnormal Gait,stroke,"{'top': 30.708333333333332, 'left': 234.0, 'height': 329.2916666666667, 'width': 168.875}","{'height': 360, 'width': 640, 'mime_type': 'video/mp4'}",fbY4O04uunE,https://www.youtube.com/watch?v=fbY4O04uunE
clk6lb2my003i3n6lesxxkgpf,997,left side,,Abnormal Gait,stroke,"{'top': 30.75, 'left': 234.0, 'height': 329.25, 'width': 168.75}","{'height': 360, 'width': 640, 'mime_type': 'video/mp4'}",fbY4O04uunE,https://www.youtube.com/watch?v=fbY4O04uunE
clk6lb2my003i3n6lesxxkgpf,998,left side,,Abnormal Gait,stroke,"{'top': 30.791666666666668, 'left': 234.0, 'height': 329.2083333333333, 'width': 168.625}","{'height': 360, 'width': 640, 'mime_type': 'video/mp4'}",fbY4O04uunE,https://www.youtube.com/watch?v=fbY4O04uunE
clk6lb2my003i3n6lesxxkgpf,999,left side,,Abnormal Gait,stroke,"{'top': 30.833333333333332, 'left': 234.0, 'height': 329.1666666666667, 'width': 168.5}","{'height': 360, 'width': 640, 'mime_type': 'video/mp4'}",fbY4O04uunE,https://www.youtube.com/watch?v=fbY4O04uunE
clk6lb2my003i3n6lesxxkgpf,1000,left side,,Abnormal Gait,stroke,"{'top': 30.875, 'left': 234.0, 'height': 329.125, 'width': 168.375}","{'height': 360, 'width': 640, 'mime_type': 'video/mp4'}",fbY4O04uunE,https://www.youtube.com/watch?v=fbY4O04uunE
clk6lb2my003i3n6lesxxkgpf,1001,left side,,Abnormal Gait,stroke,"{'top': 30.916666666666668, 'left': 234.0, 'height': 329.0833333333333, 'width': 168.25}","{'height': 360, 'width': 640, 'mime_type': 'video/mp4'}",fbY4O04uunE,https://www.youtube.com/watch?v=fbY4O04uunE
clk6lb2my003i3n6lesxxkgpf,1002,left side,,Abnormal Gait,stroke,"{'top': 30.958333333333332, 'left': 234.0, 'height': 329.0416666666667, 'width': 168.125}","{'height': 360, 'width': 640, 'mime_type': 'video/mp4'}",fbY4O04uunE,https://www.youtube.com/watch?v=fbY4O04uunE
clk6lb2my003i3n6lesxxkgpf,1003,left side,,Abnormal Gait,stroke,"{'top': 31.0, 'left': 234.0, 'height': 329.0, 'width': 168.0}","{'height': 360, 'width': 640, 'mime_type': 'video/mp4'}",fbY4O04uunE,https://www.youtube.com/watch?v=fbY4O04uunE
clk6lb2my003i3n6lesxxkgpf,1004,left side,,Abnormal Gait,stroke,"{'top': 31.033333333333335, 'left': 235.63333333333333, 'height': 328.56666666666666, 'width': 166.23333333333335}","{'height': 360, 'width': 640, 'mime_type': 'video/mp4'}",fbY4O04uunE,https://www.youtube.com/watch?v=fbY4O04uunE
clk6lb2my003i3n6lesxxkgpf,1005,left side,,Abnormal Gait,stroke,"{'top': 31.066666666666666, 'left': 237.26666666666668, 'height': 328.1333333333333, 'width': 164.46666666666667}","{'height': 360, 'width': 640, 'mime_type': 'video/mp4'}",fbY4O04uunE,https://www.youtube.com/watch?v=fbY4O04uunE
clk6lb2my003i3n6lesxxkgpf,1006,left side,,Abnormal Gait,stroke,"{'top': 31.1, 'left': 238.9, 'height': 327.7, 'width': 162.70000000000002}","{'height': 360, 'width': 640, 'mime_type': 'video/mp4'}",fbY4O04uunE,https://www.youtube.com/watch?v=fbY4O04uunE
clk6lb2my003i3n6lesxxkgpf,1007,left side,,Abnormal Gait,stroke,"{'top': 31.133333333333333, 'left': 240.53333333333333, 'height': 327.26666666666665, 'width': 160.9333333333333}","{'height': 360, 'width': 640, 'mime_type': 'video/mp4'}",fbY4O04uunE,https://www.youtube.com/watch?v=fbY4O04uunE
clk6lb2my003i3n6lesxxkgpf,1008,left side,,Abnormal Gait,stroke,"{'top': 31.166666666666668, 'left': 242.16666666666666, 'height': 326.8333333333333, 'width': 159.16666666666666}","{'height': 360, 'width': 640, 'mime_type': 'video/mp4'}",fbY4O04uunE,https://www.youtube.com/watch?v=fbY4O04uunE
clk6lb2my003i3n6lesxxkgpf,1009,left side,,Abnormal Gait,stroke,"{'top': 31.2, 'left': 243.8, 'height': 326.40000000000003, 'width': 157.39999999999998}","{'height': 360, 'width': 640, 'mime_type': 'video/mp4'}",fbY4O04uunE,https://www.youtube.com/watch?v=fbY4O04uunE
clk6lb2my003i3n6lesxxkgpf,1010,left side,,Abnormal Gait,stroke,"{'top': 31.233333333333334, 'left': 245.43333333333334, 'height': 325.96666666666664, 'width': 155.63333333333333}","{'height': 360, 'width': 640, 'mime_type': 'video/mp4'}",fbY4O04uunE,https://www.youtube.com/watch?v=fbY4O04uunE
clk6lb2my003i3n6lesxxkgpf,1011,left side,,Abnormal Gait,stroke,"{'top': 31.266666666666666, 'left': 247.06666666666666, 'height': 325.53333333333336, 'width': 153.86666666666667}","{'height': 360, 'width': 640, 'mime_type': 'video/mp4'}",fbY4O04uunE,https://www.youtube.com/watch?v=fbY4O04uunE
clk6lb2my003i3n6lesxxkgpf,1012,left side,,Abnormal Gait,stroke,"{'top': 31.3, 'left': 248.7, 'height': 325.09999999999997, 'width': 152.10000000000002}","{'height': 360, 'width': 640, 'mime_type': 'video/mp4'}",fbY4O04uunE,https://www.youtube.com/watch?v=fbY4O04uunE
clk6lb2my003i3n6lesxxkgpf,1013,left side,,Abnormal Gait,stroke,"{'top': 31.333333333333332, 'left': 250.33333333333334, 'height': 324.6666666666667, 'width': 150.33333333333334}","{'height': 360, 'width': 640, 'mime_type': 'video/mp4'}",fbY4O04uunE,https://www.youtube.com/watch?v=fbY4O04uunE
clk6lb2my003i3n6lesxxkgpf,1014,left side,,Abnormal Gait,stroke,"{'top': 31.366666666666667, 'left': 251.96666666666667, 'height': 324.23333333333335, 'width': 148.5666666666667}","{'height': 360, 'width': 640, 'mime_type': 'video/mp4'}",fbY4O04uunE,https://www.youtube.com/watch?v=fbY4O04uunE
clk6lb2my003i3n6lesxxkgpf,1015,left side,,Abnormal Gait,stroke,"{'top': 31.4, 'left': 253.6, 'height': 323.8, 'width': 146.79999999999998}","{'height': 360, 'width': 640, 'mime_type': 'video/mp4'}",fbY4O04uunE,https://www.youtube.com/watch?v=fbY4O04uunE
clk6lb2my003i3n6lesxxkgpf,1016,left side,,Abnormal Gait,stroke,"{'top': 31.433333333333334, 'left': 255.23333333333335, 'height': 323.3666666666667, 'width': 145.0333333333333}","{'height': 360, 'width': 640, 'mime_type': 'video/mp4'}",fbY4O04uunE,https://www.youtube.com/watch?v=fbY4O04uunE
clk6lb2my003i3n6lesxxkgpf,1017,left side,,Abnormal Gait,stroke,"{'top': 31.466666666666665, 'left': 256.8666666666667, 'height': 322.93333333333334, 'width': 143.26666666666665}","{'height': 360, 'width': 640, 'mime_type': 'video/mp4'}",fbY4O04uunE,https://www.youtube.com/watch?v=fbY4O04uunE
clk6lb2my003i3n6lesxxkgpf,1018,left side,,Abnormal Gait,stroke,"{'top': 31.5, 'left': 258.5, 'height': 322.5, 'width': 141.5}","{'height': 360, 'width': 640, 'mime_type': 'video/mp4'}",fbY4O04uunE,https://www.youtube.com/watch?v=fbY4O04uunE
clk6lb2my003i3n6lesxxkgpf,1019,left side,,Abnormal Gait,stroke,"{'top': 31.533333333333335, 'left': 260.1333333333333, 'height': 322.06666666666666, 'width': 139.73333333333335}","{'height': 360, 'width': 640, 'mime_type': 'video/mp4'}",fbY4O04uunE,https://www.youtube.com/watch?v=fbY4O04uunE
clk6lb2my003i3n6lesxxkgpf,1020,left side,,Abnormal Gait,stroke,"{'top': 31.566666666666666, 'left': 261.76666666666665, 'height': 321.6333333333333, 'width': 137.9666666666667}","{'height': 360, 'width': 640, 'mime_type': 'video/mp4'}",fbY4O04uunE,https://www.youtube.com/watch?v=fbY4O04uunE
clk6lb2my003i3n6lesxxkgpf,1021,left side,,Abnormal Gait,stroke,"{'top': 31.6, 'left': 263.4, 'height': 321.2, 'width': 136.20000000000005}","{'height': 360, 'width': 640, 'mime_type': 'video/mp4'}",fbY4O04uunE,https://www.youtube.com/watch?v=fbY4O04uunE
clk6lb2my003i3n6lesxxkgpf,1022,left side,,Abnormal Gait,stroke,"{'top': 31.633333333333333, 'left': 265.0333333333333, 'height': 320.76666666666665, 'width': 134.43333333333334}","{'height': 360, 'width': 640, 'mime_type': 'video/mp4'}",fbY4O04uunE,https://www.youtube.com/watch?v=fbY4O04uunE
clk6lb2my003i3n6lesxxkgpf,1023,left side,,Abnormal Gait,stroke,"{'top': 31.666666666666668, 'left': 266.6666666666667, 'height': 320.3333333333333, 'width': 132.66666666666663}","{'height': 360, 'width': 640, 'mime_type': 'video/mp4'}",fbY4O04uunE,https://www.youtube.com/watch?v=fbY4O04uunE
clk6lb2my003i3n6lesxxkgpf,1024,left side,,Abnormal Gait,stroke,"{'top': 31.7, 'left': 268.3, 'height': 319.90000000000003, 'width': 130.89999999999998}","{'height': 360, 'width': 640, 'mime_type': 'video/mp4'}",fbY4O04uunE,https://www.youtube.com/watch?v=fbY4O04uunE
clk6lb2my003i3n6lesxxkgpf,1025,left side,,Abnormal Gait,stroke,"{'top': 31.733333333333334, 'left': 269.93333333333334, 'height': 319.46666666666664, 'width': 129.13333333333333}","{'height': 360, 'width': 640, 'mime_type': 'video/mp4'}",fbY4O04uunE,https://www.youtube.com/watch?v=fbY4O04uunE
clk6lb2my003i3n6lesxxkgpf,1026,left side,,Abnormal Gait,stroke,"{'top': 31.766666666666666, 'left': 271.56666666666666, 'height': 319.03333333333336, 'width': 127.36666666666667}","{'height': 360, 'width': 640, 'mime_type': 'video/mp4'}",fbY4O04uunE,https://www.youtube.com/watch?v=fbY4O04uunE
clk6lb2my003i3n6lesxxkgpf,1027,left side,,Abnormal Gait,stroke,"{'top': 31.8, 'left': 273.2, 'height': 318.59999999999997, 'width': 125.60000000000002}","{'height': 360, 'width': 640, 'mime_type': 'video/mp4'}",fbY4O04uunE,https://www.youtube.com/watch?v=fbY4O04uunE
clk6lb2my003i3n6lesxxkgpf,1028,left side,,Abnormal Gait,stroke,"{'top': 31.833333333333332, 'left': 274.8333333333333, 'height': 318.1666666666667, 'width': 123.83333333333337}","{'height': 360, 'width': 640, 'mime_type': 'video/mp4'}",fbY4O04uunE,https://www.youtube.com/watch?v=fbY4O04uunE
clk6lb2my003i3n6lesxxkgpf,1029,left side,,Abnormal Gait,stroke,"{'top': 31.866666666666667, 'left': 276.4666666666667, 'height': 317.73333333333335, 'width': 122.06666666666666}","{'height': 360, 'width': 640, 'mime_type': 'video/mp4'}",fbY4O04uunE,https://www.youtube.com/watch?v=fbY4O04uunE
clk6lb2my003i3n6lesxxkgpf,1030,left side,,Abnormal Gait,stroke,"{'top': 31.9, 'left': 278.1, 'height': 317.3, 'width': 120.29999999999995}","{'height': 360, 'width': 640, 'mime_type': 'video/mp4'}",fbY4O04uunE,https://www.youtube.com/watch?v=fbY4O04uunE
clk6lb2my003i3n6lesxxkgpf,1031,left side,,Abnormal Gait,stroke,"{'top': 31.933333333333334, 'left': 279.73333333333335, 'height': 316.8666666666667, 'width': 118.5333333333333}","{'height': 360, 'width': 640, 'mime_type': 'video/mp4'}",fbY4O04uunE,https://www.youtube.com/watch?v=fbY4O04uunE
clk6lb2my003i3n6lesxxkgpf,1032,left side,,Abnormal Gait,stroke,"{'top': 31.966666666666665, 'left': 281.3666666666667, 'height': 316.43333333333334, 'width': 116.76666666666665}","{'height': 360, 'width': 640, 'mime_type': 'video/mp4'}",fbY4O04uunE,https://www.youtube.com/watch?v=fbY4O04uunE
clk6lb2my003i3n6lesxxkgpf,1033,left side,,Abnormal Gait,stroke,"{'top': 32.0, 'left': 283.0, 'height': 316.0, 'width': 115.0}","{'height': 360, 'width': 640, 'mime_type': 'video/mp4'}",fbY4O04uunE,https://www.youtube.com/watch?v=fbY4O04uunE
