seq,frame_num,cam_view,gait_event,dataset,gait_pat,bbox,vid_info,id,url
clk6lbly5003m3n6l9bjdqiyz,1053,right side,,Abnormal Gait,stroke,"{'top': 29.0, 'left': 222.0, 'height': 317.0, 'width': 132.0}","{'height': 360, 'width': 640, 'mime_type': 'video/mp4'}",fbY4O04uunE,https://www.youtube.com/watch?v=fbY4O04uunE
clk6lbly5003m3n6l9bjdqiyz,1054,right side,,Abnormal Gait,stroke,"{'top': 29.0, 'left': 221.7731092436975, 'height': 317.07563025210084, 'width': 132.2268907563025}","{'height': 360, 'width': 640, 'mime_type': 'video/mp4'}",fbY4O04uunE,https://www.youtube.com/watch?v=fbY4O04uunE
clk6lbly5003m3n6l9bjdqiyz,1055,right side,,Abnormal Gait,stroke,"{'top': 29.0, 'left': 221.54621848739495, 'height': 317.1512605042017, 'width': 132.45378151260505}","{'height': 360, 'width': 640, 'mime_type': 'video/mp4'}",fbY4O04uunE,https://www.youtube.com/watch?v=fbY4O04uunE
clk6lbly5003m3n6l9bjdqiyz,1056,right side,,Abnormal Gait,stroke,"{'top': 29.0, 'left': 221.31932773109244, 'height': 317.2268907563025, 'width': 132.68067226890756}","{'height': 360, 'width': 640, 'mime_type': 'video/mp4'}",fbY4O04uunE,https://www.youtube.com/watch?v=fbY4O04uunE
clk6lbly5003m3n6l9bjdqiyz,1057,right side,,Abnormal Gait,stroke,"{'top': 29.0, 'left': 221.0924369747899, 'height': 317.30252100840335, 'width': 132.9075630252101}","{'height': 360, 'width': 640, 'mime_type': 'video/mp4'}",fbY4O04uunE,https://www.youtube.com/watch?v=fbY4O04uunE
clk6lbly5003m3n6l9bjdqiyz,1058,right side,,Abnormal Gait,stroke,"{'top': 29.0, 'left': 220.8655462184874, 'height': 317.3781512605042, 'width': 133.1344537815126}","{'height': 360, 'width': 640, 'mime_type': 'video/mp4'}",fbY4O04uunE,https://www.youtube.com/watch?v=fbY4O04uunE
clk6lbly5003m3n6l9bjdqiyz,1059,right side,,Abnormal Gait,stroke,"{'top': 29.0, 'left': 220.6386554621849, 'height': 317.453781512605, 'width': 133.3613445378151}","{'height': 360, 'width': 640, 'mime_type': 'video/mp4'}",fbY4O04uunE,https://www.youtube.com/watch?v=fbY4O04uunE
clk6lbly5003m3n6l9bjdqiyz,1060,right side,,Abnormal Gait,stroke,"{'top': 29.0, 'left': 220.41176470588235, 'height': 317.52941176470586, 'width': 133.58823529411765}","{'height': 360, 'width': 640, 'mime_type': 'video/mp4'}",fbY4O04uunE,https://www.youtube.com/watch?v=fbY4O04uunE
clk6lbly5003m3n6l9bjdqiyz,1061,right side,,Abnormal Gait,stroke,"{'top': 29.0, 'left': 220.18487394957984, 'height': 317.60504201680675, 'width': 133.81512605042016}","{'height': 360, 'width': 640, 'mime_type': 'video/mp4'}",fbY4O04uunE,https://www.youtube.com/watch?v=fbY4O04uunE
clk6lbly5003m3n6l9bjdqiyz,1062,right side,,Abnormal Gait,stroke,"{'top': 29.0, 'left': 219.9579831932773, 'height': 317.6806722689076, 'width': 134.0420168067227}","{'height': 360, 'width': 640, 'mime_type': 'video/mp4'}",fbY4O04uunE,https://www.youtube.com/watch?v=fbY4O04uunE
clk6lbly5003m3n6l9bjdqiyz,1063,right side,,Abnormal Gait,stroke,"{'top': 29.0, 'left': 219.7310924369748, 'height': 317.7563025210084, 'width': 134.2689075630252}","{'height': 360, 'width': 640, 'mime_type': 'video/mp4'}",fbY4O04uunE,https://www.youtube.com/watch?v=fbY4O04uunE
clk6lbly5003m3n6l9bjdqiyz,1064,right side,,Abnormal Gait,stroke,"{'top': 29.0, 'left': 219.50420168067228, 'height': 317.83193277310926, 'width': 134.49579831932772}","{'height': 360, 'width': 640, 'mime_type': 'video/mp4'}",fbY4O04uunE,https://www.youtube.com/watch?v=fbY4O04uunE
clk6lbly5003m3n6l9bjdqiyz,1065,right side,,Abnormal Gait,stroke,"{'top': 29.0, 'left': 219.27731092436974, 'height': 317.9075630252101, 'width': 134.72268907563026}","{'height': 360, 'width': 640, 'mime_type': 'video/mp4'}",fbY4O04uunE,https://www.youtube.com/watch?v=fbY4O04uunE
clk6lbly5003m3n6l9bjdqiyz,1066,right side,,Abnormal Gait,stroke,"{'top': 29.0, 'left': 219.05042016806723, 'height': 317.98319327731093, 'width': 134.94957983193277}","{'height': 360, 'width': 640, 'mime_type': 'video/mp4'}",fbY4O04uunE,https://www.youtube.com/watch?v=fbY4O04uunE
clk6lbly5003m3n6l9bjdqiyz,1067,right side,,Abnormal Gait,stroke,"{'top': 29.0, 'left': 218.8235294117647, 'height': 318.05882352941177, 'width': 135.1764705882353}","{'height': 360, 'width': 640, 'mime_type': 'video/mp4'}",fbY4O04uunE,https://www.youtube.com/watch?v=fbY4O04uunE
clk6lbly5003m3n6l9bjdqiyz,1068,right side,,Abnormal Gait,stroke,"{'top': 29.0, 'left': 218.5966386554622, 'height': 318.1344537815126, 'width': 135.4033613445378}","{'height': 360, 'width': 640, 'mime_type': 'video/mp4'}",fbY4O04uunE,https://www.youtube.com/watch?v=fbY4O04uunE
clk6lbly5003m3n6l9bjdqiyz,1069,right side,,Abnormal Gait,stroke,"{'top': 29.0, 'left': 218.36974789915968, 'height': 318.21008403361344, 'width': 135.63025210084032}","{'height': 360, 'width': 640, 'mime_type': 'video/mp4'}",fbY4O04uunE,https://www.youtube.com/watch?v=fbY4O04uunE
clk6lbly5003m3n6l9bjdqiyz,1070,right side,,Abnormal Gait,stroke,"{'top': 29.0, 'left': 218.14285714285714, 'height': 318.2857142857143, 'width': 135.85714285714286}","{'height': 360, 'width': 640, 'mime_type': 'video/mp4'}",fbY4O04uunE,https://www.youtube.com/watch?v=fbY4O04uunE
clk6lbly5003m3n6l9bjdqiyz,1071,right side,,Abnormal Gait,stroke,"{'top': 29.0, 'left': 217.91596638655463, 'height': 318.3613445378151, 'width': 136.08403361344537}","{'height': 360, 'width': 640, 'mime_type': 'video/mp4'}",fbY4O04uunE,https://www.youtube.com/watch?v=fbY4O04uunE
clk6lbly5003m3n6l9bjdqiyz,1072,right side,,Abnormal Gait,stroke,"{'top': 29.0, 'left': 217.6890756302521, 'height': 318.43697478991595, 'width': 136.3109243697479}","{'height': 360, 'width': 640, 'mime_type': 'video/mp4'}",fbY4O04uunE,https://www.youtube.com/watch?v=fbY4O04uunE
clk6lbly5003m3n6l9bjdqiyz,1073,right side,,Abnormal Gait,stroke,"{'top': 29.0, 'left': 217.46218487394958, 'height': 318.5126050420168, 'width': 136.53781512605042}","{'height': 360, 'width': 640, 'mime_type': 'video/mp4'}",fbY4O04uunE,https://www.youtube.com/watch?v=fbY4O04uunE
clk6lbly5003m3n6l9bjdqiyz,1074,right side,,Abnormal Gait,stroke,"{'top': 29.0, 'left': 217.23529411764707, 'height': 318.5882352941176, 'width': 136.76470588235293}","{'height': 360, 'width': 640, 'mime_type': 'video/mp4'}",fbY4O04uunE,https://www.youtube.com/watch?v=fbY4O04uunE
clk6lbly5003m3n6l9bjdqiyz,1075,right side,,Abnormal Gait,stroke,"{'top': 29.0, 'left': 217.00840336134453, 'height': 318.66386554621846, 'width': 136.99159663865547}","{'height': 360, 'width': 640, 'mime_type': 'video/mp4'}",fbY4O04uunE,https://www.youtube.com/watch?v=fbY4O04uunE
clk6lbly5003m3n6l9bjdqiyz,1076,right side,,Abnormal Gait,stroke,"{'top': 29.0, 'left': 216.78151260504202, 'height': 318.73949579831935, 'width': 137.21848739495798}","{'height': 360, 'width': 640, 'mime_type': 'video/mp4'}",fbY4O04uunE,https://www.youtube.com/watch?v=fbY4O04uunE
clk6lbly5003m3n6l9bjdqiyz,1077,right side,,Abnormal Gait,stroke,"{'top': 29.0, 'left': 216.5546218487395, 'height': 318.8151260504202, 'width': 137.4453781512605}","{'height': 360, 'width': 640, 'mime_type': 'video/mp4'}",fbY4O04uunE,https://www.youtube.com/watch?v=fbY4O04uunE
clk6lbly5003m3n6l9bjdqiyz,1078,right side,,Abnormal Gait,stroke,"{'top': 29.0, 'left': 216.32773109243698, 'height': 318.890756302521, 'width': 137.67226890756302}","{'height': 360, 'width': 640, 'mime_type': 'video/mp4'}",fbY4O04uunE,https://www.youtube.com/watch?v=fbY4O04uunE
clk6lbly5003m3n6l9bjdqiyz,1079,right side,,Abnormal Gait,stroke,"{'top': 29.0, 'left': 216.10084033613447, 'height': 318.96638655462186, 'width': 137.89915966386553}","{'height': 360, 'width': 640, 'mime_type': 'video/mp4'}",fbY4O04uunE,https://www.youtube.com/watch?v=fbY4O04uunE
clk6lbly5003m3n6l9bjdqiyz,1080,right side,,Abnormal Gait,stroke,"{'top': 29.0, 'left': 215.87394957983193, 'height': 319.0420168067227, 'width': 138.12605042016807}","{'height': 360, 'width': 640, 'mime_type': 'video/mp4'}",fbY4O04uunE,https://www.youtube.com/watch?v=fbY4O04uunE
clk6lbly5003m3n6l9bjdqiyz,1081,right side,,Abnormal Gait,stroke,"{'top': 29.0, 'left': 215.64705882352942, 'height': 319.11764705882354, 'width': 138.35294117647058}","{'height': 360, 'width': 640, 'mime_type': 'video/mp4'}",fbY4O04uunE,https://www.youtube.com/watch?v=fbY4O04uunE
clk6lbly5003m3n6l9bjdqiyz,1082,right side,,Abnormal Gait,stroke,"{'top': 29.0, 'left': 215.42016806722688, 'height': 319.1932773109244, 'width': 138.57983193277312}","{'height': 360, 'width': 640, 'mime_type': 'video/mp4'}",fbY4O04uunE,https://www.youtube.com/watch?v=fbY4O04uunE
clk6lbly5003m3n6l9bjdqiyz,1083,right side,,Abnormal Gait,stroke,"{'top': 29.0, 'left': 215.19327731092437, 'height': 319.2689075630252, 'width': 138.80672268907563}","{'height': 360, 'width': 640, 'mime_type': 'video/mp4'}",fbY4O04uunE,https://www.youtube.com/watch?v=fbY4O04uunE
clk6lbly5003m3n6l9bjdqiyz,1084,right side,,Abnormal Gait,stroke,"{'top': 29.0, 'left': 214.96638655462183, 'height': 319.34453781512605, 'width': 139.03361344537817}","{'height': 360, 'width': 640, 'mime_type': 'video/mp4'}",fbY4O04uunE,https://www.youtube.com/watch?v=fbY4O04uunE
clk6lbly5003m3n6l9bjdqiyz,1085,right side,,Abnormal Gait,stroke,"{'top': 29.0, 'left': 214.73949579831933, 'height': 319.4201680672269, 'width': 139.26050420168067}","{'height': 360, 'width': 640, 'mime_type': 'video/mp4'}",fbY4O04uunE,https://www.youtube.com/watch?v=fbY4O04uunE
clk6lbly5003m3n6l9bjdqiyz,1086,right side,,Abnormal Gait,stroke,"{'top': 29.0, 'left': 214.51260504201682, 'height': 319.4957983193277, 'width': 139.48739495798318}","{'height': 360, 'width': 640, 'mime_type': 'video/mp4'}",fbY4O04uunE,https://www.youtube.com/watch?v=fbY4O04uunE
clk6lbly5003m3n6l9bjdqiyz,1087,right side,,Abnormal Gait,stroke,"{'top': 29.0, 'left': 214.28571428571428, 'height': 319.57142857142856, 'width': 139.71428571428572}","{'height': 360, 'width': 640, 'mime_type': 'video/mp4'}",fbY4O04uunE,https://www.youtube.com/watch?v=fbY4O04uunE
clk6lbly5003m3n6l9bjdqiyz,1088,right side,,Abnormal Gait,stroke,"{'top': 29.0, 'left': 214.05882352941177, 'height': 319.6470588235294, 'width': 139.94117647058823}","{'height': 360, 'width': 640, 'mime_type': 'video/mp4'}",fbY4O04uunE,https://www.youtube.com/watch?v=fbY4O04uunE
clk6lbly5003m3n6l9bjdqiyz,1089,right side,,Abnormal Gait,stroke,"{'top': 29.0, 'left': 213.83193277310926, 'height': 319.7226890756302, 'width': 140.16806722689074}","{'height': 360, 'width': 640, 'mime_type': 'video/mp4'}",fbY4O04uunE,https://www.youtube.com/watch?v=fbY4O04uunE
clk6lbly5003m3n6l9bjdqiyz,1090,right side,,Abnormal Gait,stroke,"{'top': 29.0, 'left': 213.60504201680672, 'height': 319.79831932773106, 'width': 140.39495798319328}","{'height': 360, 'width': 640, 'mime_type': 'video/mp4'}",fbY4O04uunE,https://www.youtube.com/watch?v=fbY4O04uunE
clk6lbly5003m3n6l9bjdqiyz,1091,right side,,Abnormal Gait,stroke,"{'top': 29.0, 'left': 213.3781512605042, 'height': 319.87394957983196, 'width': 140.6218487394958}","{'height': 360, 'width': 640, 'mime_type': 'video/mp4'}",fbY4O04uunE,https://www.youtube.com/watch?v=fbY4O04uunE
clk6lbly5003m3n6l9bjdqiyz,1092,right side,,Abnormal Gait,stroke,"{'top': 29.0, 'left': 213.15126050420167, 'height': 319.9495798319328, 'width': 140.84873949579833}","{'height': 360, 'width': 640, 'mime_type': 'video/mp4'}",fbY4O04uunE,https://www.youtube.com/watch?v=fbY4O04uunE
clk6lbly5003m3n6l9bjdqiyz,1093,right side,,Abnormal Gait,stroke,"{'top': 29.0, 'left': 212.92436974789916, 'height': 320.02521008403363, 'width': 141.07563025210084}","{'height': 360, 'width': 640, 'mime_type': 'video/mp4'}",fbY4O04uunE,https://www.youtube.com/watch?v=fbY4O04uunE
clk6lbly5003m3n6l9bjdqiyz,1094,right side,,Abnormal Gait,stroke,"{'top': 29.0, 'left': 212.69747899159663, 'height': 320.10084033613447, 'width': 141.30252100840337}","{'height': 360, 'width': 640, 'mime_type': 'video/mp4'}",fbY4O04uunE,https://www.youtube.com/watch?v=fbY4O04uunE
clk6lbly5003m3n6l9bjdqiyz,1095,right side,,Abnormal Gait,stroke,"{'top': 29.0, 'left': 212.47058823529412, 'height': 320.1764705882353, 'width': 141.52941176470588}","{'height': 360, 'width': 640, 'mime_type': 'video/mp4'}",fbY4O04uunE,https://www.youtube.com/watch?v=fbY4O04uunE
clk6lbly5003m3n6l9bjdqiyz,1096,right side,,Abnormal Gait,stroke,"{'top': 29.0, 'left': 212.2436974789916, 'height': 320.25210084033614, 'width': 141.7563025210084}","{'height': 360, 'width': 640, 'mime_type': 'video/mp4'}",fbY4O04uunE,https://www.youtube.com/watch?v=fbY4O04uunE
clk6lbly5003m3n6l9bjdqiyz,1097,right side,,Abnormal Gait,stroke,"{'top': 29.0, 'left': 212.01680672268907, 'height': 320.327731092437, 'width': 141.98319327731093}","{'height': 360, 'width': 640, 'mime_type': 'video/mp4'}",fbY4O04uunE,https://www.youtube.com/watch?v=fbY4O04uunE
clk6lbly5003m3n6l9bjdqiyz,1098,right side,,Abnormal Gait,stroke,"{'top': 29.0, 'left': 211.78991596638656, 'height': 320.4033613445378, 'width': 142.21008403361344}","{'height': 360, 'width': 640, 'mime_type': 'video/mp4'}",fbY4O04uunE,https://www.youtube.com/watch?v=fbY4O04uunE
clk6lbly5003m3n6l9bjdqiyz,1099,right side,,Abnormal Gait,stroke,"{'top': 29.0, 'left': 211.56302521008402, 'height': 320.47899159663865, 'width': 142.43697478991598}","{'height': 360, 'width': 640, 'mime_type': 'video/mp4'}",fbY4O04uunE,https://www.youtube.com/watch?v=fbY4O04uunE
clk6lbly5003m3n6l9bjdqiyz,1100,right side,,Abnormal Gait,stroke,"{'top': 29.0, 'left': 211.3361344537815, 'height': 320.5546218487395, 'width': 142.6638655462185}","{'height': 360, 'width': 640, 'mime_type': 'video/mp4'}",fbY4O04uunE,https://www.youtube.com/watch?v=fbY4O04uunE
clk6lbly5003m3n6l9bjdqiyz,1101,right side,,Abnormal Gait,stroke,"{'top': 29.0, 'left': 211.109243697479, 'height': 320.6302521008403, 'width': 142.890756302521}","{'height': 360, 'width': 640, 'mime_type': 'video/mp4'}",fbY4O04uunE,https://www.youtube.com/watch?v=fbY4O04uunE
clk6lbly5003m3n6l9bjdqiyz,1102,right side,,Abnormal Gait,stroke,"{'top': 29.0, 'left': 210.88235294117646, 'height': 320.70588235294116, 'width': 143.11764705882354}","{'height': 360, 'width': 640, 'mime_type': 'video/mp4'}",fbY4O04uunE,https://www.youtube.com/watch?v=fbY4O04uunE
clk6lbly5003m3n6l9bjdqiyz,1103,right side,,Abnormal Gait,stroke,"{'top': 29.0, 'left': 210.65546218487395, 'height': 320.781512605042, 'width': 143.34453781512605}","{'height': 360, 'width': 640, 'mime_type': 'video/mp4'}",fbY4O04uunE,https://www.youtube.com/watch?v=fbY4O04uunE
clk6lbly5003m3n6l9bjdqiyz,1104,right side,,Abnormal Gait,stroke,"{'top': 29.0, 'left': 210.42857142857142, 'height': 320.85714285714283, 'width': 143.57142857142858}","{'height': 360, 'width': 640, 'mime_type': 'video/mp4'}",fbY4O04uunE,https://www.youtube.com/watch?v=fbY4O04uunE
clk6lbly5003m3n6l9bjdqiyz,1105,right side,,Abnormal Gait,stroke,"{'top': 29.0, 'left': 210.2016806722689, 'height': 320.9327731092437, 'width': 143.7983193277311}","{'height': 360, 'width': 640, 'mime_type': 'video/mp4'}",fbY4O04uunE,https://www.youtube.com/watch?v=fbY4O04uunE
clk6lbly5003m3n6l9bjdqiyz,1106,right side,,Abnormal Gait,stroke,"{'top': 29.0, 'left': 209.9747899159664, 'height': 321.00840336134456, 'width': 144.0252100840336}","{'height': 360, 'width': 640, 'mime_type': 'video/mp4'}",fbY4O04uunE,https://www.youtube.com/watch?v=fbY4O04uunE
clk6lbly5003m3n6l9bjdqiyz,1107,right side,,Abnormal Gait,stroke,"{'top': 29.0, 'left': 209.74789915966386, 'height': 321.0840336134454, 'width': 144.25210084033614}","{'height': 360, 'width': 640, 'mime_type': 'video/mp4'}",fbY4O04uunE,https://www.youtube.com/watch?v=fbY4O04uunE
clk6lbly5003m3n6l9bjdqiyz,1108,right side,,Abnormal Gait,stroke,"{'top': 29.0, 'left': 209.52100840336135, 'height': 321.15966386554624, 'width': 144.47899159663865}","{'height': 360, 'width': 640, 'mime_type': 'video/mp4'}",fbY4O04uunE,https://www.youtube.com/watch?v=fbY4O04uunE
clk6lbly5003m3n6l9bjdqiyz,1109,right side,,Abnormal Gait,stroke,"{'top': 29.0, 'left': 209.2941176470588, 'height': 321.2352941176471, 'width': 144.7058823529412}","{'height': 360, 'width': 640, 'mime_type': 'video/mp4'}",fbY4O04uunE,https://www.youtube.com/watch?v=fbY4O04uunE
clk6lbly5003m3n6l9bjdqiyz,1110,right side,,Abnormal Gait,stroke,"{'top': 29.0, 'left': 209.0672268907563, 'height': 321.3109243697479, 'width': 144.9327731092437}","{'height': 360, 'width': 640, 'mime_type': 'video/mp4'}",fbY4O04uunE,https://www.youtube.com/watch?v=fbY4O04uunE
clk6lbly5003m3n6l9bjdqiyz,1111,right side,,Abnormal Gait,stroke,"{'top': 29.0, 'left': 208.8403361344538, 'height': 321.38655462184875, 'width': 145.1596638655462}","{'height': 360, 'width': 640, 'mime_type': 'video/mp4'}",fbY4O04uunE,https://www.youtube.com/watch?v=fbY4O04uunE
clk6lbly5003m3n6l9bjdqiyz,1112,right side,,Abnormal Gait,stroke,"{'top': 29.0, 'left': 208.61344537815125, 'height': 321.4621848739496, 'width': 145.38655462184875}","{'height': 360, 'width': 640, 'mime_type': 'video/mp4'}",fbY4O04uunE,https://www.youtube.com/watch?v=fbY4O04uunE
clk6lbly5003m3n6l9bjdqiyz,1113,right side,,Abnormal Gait,stroke,"{'top': 29.0, 'left': 208.38655462184875, 'height': 321.5378151260504, 'width': 145.61344537815125}","{'height': 360, 'width': 640, 'mime_type': 'video/mp4'}",fbY4O04uunE,https://www.youtube.com/watch?v=fbY4O04uunE
clk6lbly5003m3n6l9bjdqiyz,1114,right side,,Abnormal Gait,stroke,"{'top': 29.0, 'left': 208.1596638655462, 'height': 321.61344537815125, 'width': 145.8403361344538}","{'height': 360, 'width': 640, 'mime_type': 'video/mp4'}",fbY4O04uunE,https://www.youtube.com/watch?v=fbY4O04uunE
clk6lbly5003m3n6l9bjdqiyz,1115,right side,,Abnormal Gait,stroke,"{'top': 29.0, 'left': 207.9327731092437, 'height': 321.6890756302521, 'width': 146.0672268907563}","{'height': 360, 'width': 640, 'mime_type': 'video/mp4'}",fbY4O04uunE,https://www.youtube.com/watch?v=fbY4O04uunE
clk6lbly5003m3n6l9bjdqiyz,1116,right side,,Abnormal Gait,stroke,"{'top': 29.0, 'left': 207.7058823529412, 'height': 321.7647058823529, 'width': 146.2941176470588}","{'height': 360, 'width': 640, 'mime_type': 'video/mp4'}",fbY4O04uunE,https://www.youtube.com/watch?v=fbY4O04uunE
clk6lbly5003m3n6l9bjdqiyz,1117,right side,,Abnormal Gait,stroke,"{'top': 29.0, 'left': 207.47899159663865, 'height': 321.84033613445376, 'width': 146.52100840336135}","{'height': 360, 'width': 640, 'mime_type': 'video/mp4'}",fbY4O04uunE,https://www.youtube.com/watch?v=fbY4O04uunE
clk6lbly5003m3n6l9bjdqiyz,1118,right side,,Abnormal Gait,stroke,"{'top': 29.0, 'left': 207.25210084033614, 'height': 321.9159663865546, 'width': 146.74789915966386}","{'height': 360, 'width': 640, 'mime_type': 'video/mp4'}",fbY4O04uunE,https://www.youtube.com/watch?v=fbY4O04uunE
clk6lbly5003m3n6l9bjdqiyz,1119,right side,,Abnormal Gait,stroke,"{'top': 29.0, 'left': 207.0252100840336, 'height': 321.99159663865544, 'width': 146.9747899159664}","{'height': 360, 'width': 640, 'mime_type': 'video/mp4'}",fbY4O04uunE,https://www.youtube.com/watch?v=fbY4O04uunE
clk6lbly5003m3n6l9bjdqiyz,1120,right side,,Abnormal Gait,stroke,"{'top': 29.0, 'left': 206.7983193277311, 'height': 322.0672268907563, 'width': 147.2016806722689}","{'height': 360, 'width': 640, 'mime_type': 'video/mp4'}",fbY4O04uunE,https://www.youtube.com/watch?v=fbY4O04uunE
clk6lbly5003m3n6l9bjdqiyz,1121,right side,,Abnormal Gait,stroke,"{'top': 29.0, 'left': 206.57142857142858, 'height': 322.14285714285717, 'width': 147.42857142857142}","{'height': 360, 'width': 640, 'mime_type': 'video/mp4'}",fbY4O04uunE,https://www.youtube.com/watch?v=fbY4O04uunE
clk6lbly5003m3n6l9bjdqiyz,1122,right side,,Abnormal Gait,stroke,"{'top': 29.0, 'left': 206.34453781512605, 'height': 322.218487394958, 'width': 147.65546218487395}","{'height': 360, 'width': 640, 'mime_type': 'video/mp4'}",fbY4O04uunE,https://www.youtube.com/watch?v=fbY4O04uunE
clk6lbly5003m3n6l9bjdqiyz,1123,right side,,Abnormal Gait,stroke,"{'top': 29.0, 'left': 206.11764705882354, 'height': 322.29411764705884, 'width': 147.88235294117646}","{'height': 360, 'width': 640, 'mime_type': 'video/mp4'}",fbY4O04uunE,https://www.youtube.com/watch?v=fbY4O04uunE
clk6lbly5003m3n6l9bjdqiyz,1124,right side,,Abnormal Gait,stroke,"{'top': 29.0, 'left': 205.890756302521, 'height': 322.3697478991597, 'width': 148.109243697479}","{'height': 360, 'width': 640, 'mime_type': 'video/mp4'}",fbY4O04uunE,https://www.youtube.com/watch?v=fbY4O04uunE
clk6lbly5003m3n6l9bjdqiyz,1125,right side,,Abnormal Gait,stroke,"{'top': 29.0, 'left': 205.6638655462185, 'height': 322.4453781512605, 'width': 148.3361344537815}","{'height': 360, 'width': 640, 'mime_type': 'video/mp4'}",fbY4O04uunE,https://www.youtube.com/watch?v=fbY4O04uunE
clk6lbly5003m3n6l9bjdqiyz,1126,right side,,Abnormal Gait,stroke,"{'top': 29.0, 'left': 205.43697478991595, 'height': 322.52100840336135, 'width': 148.56302521008405}","{'height': 360, 'width': 640, 'mime_type': 'video/mp4'}",fbY4O04uunE,https://www.youtube.com/watch?v=fbY4O04uunE
clk6lbly5003m3n6l9bjdqiyz,1127,right side,,Abnormal Gait,stroke,"{'top': 29.0, 'left': 205.21008403361344, 'height': 322.5966386554622, 'width': 148.78991596638656}","{'height': 360, 'width': 640, 'mime_type': 'video/mp4'}",fbY4O04uunE,https://www.youtube.com/watch?v=fbY4O04uunE
clk6lbly5003m3n6l9bjdqiyz,1128,right side,,Abnormal Gait,stroke,"{'top': 29.0, 'left': 204.98319327731093, 'height': 322.672268907563, 'width': 149.01680672268907}","{'height': 360, 'width': 640, 'mime_type': 'video/mp4'}",fbY4O04uunE,https://www.youtube.com/watch?v=fbY4O04uunE
clk6lbly5003m3n6l9bjdqiyz,1129,right side,,Abnormal Gait,stroke,"{'top': 29.0, 'left': 204.7563025210084, 'height': 322.74789915966386, 'width': 149.2436974789916}","{'height': 360, 'width': 640, 'mime_type': 'video/mp4'}",fbY4O04uunE,https://www.youtube.com/watch?v=fbY4O04uunE
clk6lbly5003m3n6l9bjdqiyz,1130,right side,,Abnormal Gait,stroke,"{'top': 29.0, 'left': 204.52941176470588, 'height': 322.8235294117647, 'width': 149.47058823529412}","{'height': 360, 'width': 640, 'mime_type': 'video/mp4'}",fbY4O04uunE,https://www.youtube.com/watch?v=fbY4O04uunE
clk6lbly5003m3n6l9bjdqiyz,1131,right side,,Abnormal Gait,stroke,"{'top': 29.0, 'left': 204.30252100840335, 'height': 322.89915966386553, 'width': 149.69747899159665}","{'height': 360, 'width': 640, 'mime_type': 'video/mp4'}",fbY4O04uunE,https://www.youtube.com/watch?v=fbY4O04uunE
clk6lbly5003m3n6l9bjdqiyz,1132,right side,,Abnormal Gait,stroke,"{'top': 29.0, 'left': 204.07563025210084, 'height': 322.97478991596637, 'width': 149.92436974789916}","{'height': 360, 'width': 640, 'mime_type': 'video/mp4'}",fbY4O04uunE,https://www.youtube.com/watch?v=fbY4O04uunE
clk6lbly5003m3n6l9bjdqiyz,1133,right side,,Abnormal Gait,stroke,"{'top': 29.0, 'left': 203.84873949579833, 'height': 323.0504201680672, 'width': 150.15126050420167}","{'height': 360, 'width': 640, 'mime_type': 'video/mp4'}",fbY4O04uunE,https://www.youtube.com/watch?v=fbY4O04uunE
clk6lbly5003m3n6l9bjdqiyz,1134,right side,,Abnormal Gait,stroke,"{'top': 29.0, 'left': 203.6218487394958, 'height': 323.12605042016804, 'width': 150.3781512605042}","{'height': 360, 'width': 640, 'mime_type': 'video/mp4'}",fbY4O04uunE,https://www.youtube.com/watch?v=fbY4O04uunE
clk6lbly5003m3n6l9bjdqiyz,1135,right side,,Abnormal Gait,stroke,"{'top': 29.0, 'left': 203.39495798319328, 'height': 323.20168067226894, 'width': 150.60504201680672}","{'height': 360, 'width': 640, 'mime_type': 'video/mp4'}",fbY4O04uunE,https://www.youtube.com/watch?v=fbY4O04uunE
clk6lbly5003m3n6l9bjdqiyz,1136,right side,,Abnormal Gait,stroke,"{'top': 29.0, 'left': 203.16806722689074, 'height': 323.2773109243698, 'width': 150.83193277310926}","{'height': 360, 'width': 640, 'mime_type': 'video/mp4'}",fbY4O04uunE,https://www.youtube.com/watch?v=fbY4O04uunE
clk6lbly5003m3n6l9bjdqiyz,1137,right side,,Abnormal Gait,stroke,"{'top': 29.0, 'left': 202.94117647058823, 'height': 323.3529411764706, 'width': 151.05882352941177}","{'height': 360, 'width': 640, 'mime_type': 'video/mp4'}",fbY4O04uunE,https://www.youtube.com/watch?v=fbY4O04uunE
clk6lbly5003m3n6l9bjdqiyz,1138,right side,,Abnormal Gait,stroke,"{'top': 29.0, 'left': 202.71428571428572, 'height': 323.42857142857144, 'width': 151.28571428571428}","{'height': 360, 'width': 640, 'mime_type': 'video/mp4'}",fbY4O04uunE,https://www.youtube.com/watch?v=fbY4O04uunE
clk6lbly5003m3n6l9bjdqiyz,1139,right side,,Abnormal Gait,stroke,"{'top': 29.0, 'left': 202.48739495798318, 'height': 323.5042016806723, 'width': 151.51260504201682}","{'height': 360, 'width': 640, 'mime_type': 'video/mp4'}",fbY4O04uunE,https://www.youtube.com/watch?v=fbY4O04uunE
clk6lbly5003m3n6l9bjdqiyz,1140,right side,,Abnormal Gait,stroke,"{'top': 29.0, 'left': 202.26050420168067, 'height': 323.5798319327731, 'width': 151.73949579831933}","{'height': 360, 'width': 640, 'mime_type': 'video/mp4'}",fbY4O04uunE,https://www.youtube.com/watch?v=fbY4O04uunE
clk6lbly5003m3n6l9bjdqiyz,1141,right side,,Abnormal Gait,stroke,"{'top': 29.0, 'left': 202.03361344537814, 'height': 323.65546218487395, 'width': 151.96638655462186}","{'height': 360, 'width': 640, 'mime_type': 'video/mp4'}",fbY4O04uunE,https://www.youtube.com/watch?v=fbY4O04uunE
clk6lbly5003m3n6l9bjdqiyz,1142,right side,,Abnormal Gait,stroke,"{'top': 29.0, 'left': 201.80672268907563, 'height': 323.7310924369748, 'width': 152.19327731092437}","{'height': 360, 'width': 640, 'mime_type': 'video/mp4'}",fbY4O04uunE,https://www.youtube.com/watch?v=fbY4O04uunE
clk6lbly5003m3n6l9bjdqiyz,1143,right side,,Abnormal Gait,stroke,"{'top': 29.0, 'left': 201.57983193277312, 'height': 323.8067226890756, 'width': 152.42016806722688}","{'height': 360, 'width': 640, 'mime_type': 'video/mp4'}",fbY4O04uunE,https://www.youtube.com/watch?v=fbY4O04uunE
clk6lbly5003m3n6l9bjdqiyz,1144,right side,,Abnormal Gait,stroke,"{'top': 29.0, 'left': 201.35294117647058, 'height': 323.88235294117646, 'width': 152.64705882352942}","{'height': 360, 'width': 640, 'mime_type': 'video/mp4'}",fbY4O04uunE,https://www.youtube.com/watch?v=fbY4O04uunE
clk6lbly5003m3n6l9bjdqiyz,1145,right side,,Abnormal Gait,stroke,"{'top': 29.0, 'left': 201.12605042016807, 'height': 323.9579831932773, 'width': 152.87394957983193}","{'height': 360, 'width': 640, 'mime_type': 'video/mp4'}",fbY4O04uunE,https://www.youtube.com/watch?v=fbY4O04uunE
clk6lbly5003m3n6l9bjdqiyz,1146,right side,,Abnormal Gait,stroke,"{'top': 29.0, 'left': 200.89915966386553, 'height': 324.03361344537814, 'width': 153.10084033613447}","{'height': 360, 'width': 640, 'mime_type': 'video/mp4'}",fbY4O04uunE,https://www.youtube.com/watch?v=fbY4O04uunE
clk6lbly5003m3n6l9bjdqiyz,1147,right side,,Abnormal Gait,stroke,"{'top': 29.0, 'left': 200.67226890756302, 'height': 324.109243697479, 'width': 153.32773109243698}","{'height': 360, 'width': 640, 'mime_type': 'video/mp4'}",fbY4O04uunE,https://www.youtube.com/watch?v=fbY4O04uunE
clk6lbly5003m3n6l9bjdqiyz,1148,right side,,Abnormal Gait,stroke,"{'top': 29.0, 'left': 200.4453781512605, 'height': 324.1848739495798, 'width': 153.5546218487395}","{'height': 360, 'width': 640, 'mime_type': 'video/mp4'}",fbY4O04uunE,https://www.youtube.com/watch?v=fbY4O04uunE
clk6lbly5003m3n6l9bjdqiyz,1149,right side,,Abnormal Gait,stroke,"{'top': 29.0, 'left': 200.21848739495798, 'height': 324.26050420168065, 'width': 153.78151260504202}","{'height': 360, 'width': 640, 'mime_type': 'video/mp4'}",fbY4O04uunE,https://www.youtube.com/watch?v=fbY4O04uunE
clk6lbly5003m3n6l9bjdqiyz,1150,right side,,Abnormal Gait,stroke,"{'top': 29.0, 'left': 199.99159663865547, 'height': 324.33613445378154, 'width': 154.00840336134453}","{'height': 360, 'width': 640, 'mime_type': 'video/mp4'}",fbY4O04uunE,https://www.youtube.com/watch?v=fbY4O04uunE
clk6lbly5003m3n6l9bjdqiyz,1151,right side,,Abnormal Gait,stroke,"{'top': 29.0, 'left': 199.76470588235293, 'height': 324.4117647058824, 'width': 154.23529411764707}","{'height': 360, 'width': 640, 'mime_type': 'video/mp4'}",fbY4O04uunE,https://www.youtube.com/watch?v=fbY4O04uunE
clk6lbly5003m3n6l9bjdqiyz,1152,right side,,Abnormal Gait,stroke,"{'top': 29.0, 'left': 199.53781512605042, 'height': 324.4873949579832, 'width': 154.46218487394958}","{'height': 360, 'width': 640, 'mime_type': 'video/mp4'}",fbY4O04uunE,https://www.youtube.com/watch?v=fbY4O04uunE
clk6lbly5003m3n6l9bjdqiyz,1153,right side,,Abnormal Gait,stroke,"{'top': 29.0, 'left': 199.3109243697479, 'height': 324.56302521008405, 'width': 154.6890756302521}","{'height': 360, 'width': 640, 'mime_type': 'video/mp4'}",fbY4O04uunE,https://www.youtube.com/watch?v=fbY4O04uunE
clk6lbly5003m3n6l9bjdqiyz,1154,right side,,Abnormal Gait,stroke,"{'top': 29.0, 'left': 199.08403361344537, 'height': 324.6386554621849, 'width': 154.91596638655463}","{'height': 360, 'width': 640, 'mime_type': 'video/mp4'}",fbY4O04uunE,https://www.youtube.com/watch?v=fbY4O04uunE
clk6lbly5003m3n6l9bjdqiyz,1155,right side,,Abnormal Gait,stroke,"{'top': 29.0, 'left': 198.85714285714286, 'height': 324.7142857142857, 'width': 155.14285714285714}","{'height': 360, 'width': 640, 'mime_type': 'video/mp4'}",fbY4O04uunE,https://www.youtube.com/watch?v=fbY4O04uunE
clk6lbly5003m3n6l9bjdqiyz,1156,right side,,Abnormal Gait,stroke,"{'top': 29.0, 'left': 198.63025210084032, 'height': 324.78991596638656, 'width': 155.36974789915968}","{'height': 360, 'width': 640, 'mime_type': 'video/mp4'}",fbY4O04uunE,https://www.youtube.com/watch?v=fbY4O04uunE
clk6lbly5003m3n6l9bjdqiyz,1157,right side,,Abnormal Gait,stroke,"{'top': 29.0, 'left': 198.4033613445378, 'height': 324.8655462184874, 'width': 155.5966386554622}","{'height': 360, 'width': 640, 'mime_type': 'video/mp4'}",fbY4O04uunE,https://www.youtube.com/watch?v=fbY4O04uunE
clk6lbly5003m3n6l9bjdqiyz,1158,right side,,Abnormal Gait,stroke,"{'top': 29.0, 'left': 198.1764705882353, 'height': 324.94117647058823, 'width': 155.8235294117647}","{'height': 360, 'width': 640, 'mime_type': 'video/mp4'}",fbY4O04uunE,https://www.youtube.com/watch?v=fbY4O04uunE
clk6lbly5003m3n6l9bjdqiyz,1159,right side,,Abnormal Gait,stroke,"{'top': 29.0, 'left': 197.94957983193277, 'height': 325.01680672268907, 'width': 156.05042016806723}","{'height': 360, 'width': 640, 'mime_type': 'video/mp4'}",fbY4O04uunE,https://www.youtube.com/watch?v=fbY4O04uunE
clk6lbly5003m3n6l9bjdqiyz,1160,right side,,Abnormal Gait,stroke,"{'top': 29.0, 'left': 197.72268907563026, 'height': 325.0924369747899, 'width': 156.27731092436974}","{'height': 360, 'width': 640, 'mime_type': 'video/mp4'}",fbY4O04uunE,https://www.youtube.com/watch?v=fbY4O04uunE
clk6lbly5003m3n6l9bjdqiyz,1161,right side,,Abnormal Gait,stroke,"{'top': 29.0, 'left': 197.49579831932772, 'height': 325.16806722689074, 'width': 156.50420168067228}","{'height': 360, 'width': 640, 'mime_type': 'video/mp4'}",fbY4O04uunE,https://www.youtube.com/watch?v=fbY4O04uunE
clk6lbly5003m3n6l9bjdqiyz,1162,right side,,Abnormal Gait,stroke,"{'top': 29.0, 'left': 197.2689075630252, 'height': 325.2436974789916, 'width': 156.7310924369748}","{'height': 360, 'width': 640, 'mime_type': 'video/mp4'}",fbY4O04uunE,https://www.youtube.com/watch?v=fbY4O04uunE
clk6lbly5003m3n6l9bjdqiyz,1163,right side,,Abnormal Gait,stroke,"{'top': 29.0, 'left': 197.0420168067227, 'height': 325.3193277310924, 'width': 156.9579831932773}","{'height': 360, 'width': 640, 'mime_type': 'video/mp4'}",fbY4O04uunE,https://www.youtube.com/watch?v=fbY4O04uunE
clk6lbly5003m3n6l9bjdqiyz,1164,right side,,Abnormal Gait,stroke,"{'top': 29.0, 'left': 196.81512605042016, 'height': 325.39495798319325, 'width': 157.18487394957984}","{'height': 360, 'width': 640, 'mime_type': 'video/mp4'}",fbY4O04uunE,https://www.youtube.com/watch?v=fbY4O04uunE
clk6lbly5003m3n6l9bjdqiyz,1165,right side,,Abnormal Gait,stroke,"{'top': 29.0, 'left': 196.58823529411765, 'height': 325.47058823529414, 'width': 157.41176470588235}","{'height': 360, 'width': 640, 'mime_type': 'video/mp4'}",fbY4O04uunE,https://www.youtube.com/watch?v=fbY4O04uunE
clk6lbly5003m3n6l9bjdqiyz,1166,right side,,Abnormal Gait,stroke,"{'top': 29.0, 'left': 196.3613445378151, 'height': 325.546218487395, 'width': 157.6386554621849}","{'height': 360, 'width': 640, 'mime_type': 'video/mp4'}",fbY4O04uunE,https://www.youtube.com/watch?v=fbY4O04uunE
clk6lbly5003m3n6l9bjdqiyz,1167,right side,,Abnormal Gait,stroke,"{'top': 29.0, 'left': 196.1344537815126, 'height': 325.6218487394958, 'width': 157.8655462184874}","{'height': 360, 'width': 640, 'mime_type': 'video/mp4'}",fbY4O04uunE,https://www.youtube.com/watch?v=fbY4O04uunE
clk6lbly5003m3n6l9bjdqiyz,1168,right side,,Abnormal Gait,stroke,"{'top': 29.0, 'left': 195.9075630252101, 'height': 325.69747899159665, 'width': 158.0924369747899}","{'height': 360, 'width': 640, 'mime_type': 'video/mp4'}",fbY4O04uunE,https://www.youtube.com/watch?v=fbY4O04uunE
clk6lbly5003m3n6l9bjdqiyz,1169,right side,,Abnormal Gait,stroke,"{'top': 29.0, 'left': 195.68067226890756, 'height': 325.7731092436975, 'width': 158.31932773109244}","{'height': 360, 'width': 640, 'mime_type': 'video/mp4'}",fbY4O04uunE,https://www.youtube.com/watch?v=fbY4O04uunE
clk6lbly5003m3n6l9bjdqiyz,1170,right side,,Abnormal Gait,stroke,"{'top': 29.0, 'left': 195.45378151260505, 'height': 325.8487394957983, 'width': 158.54621848739495}","{'height': 360, 'width': 640, 'mime_type': 'video/mp4'}",fbY4O04uunE,https://www.youtube.com/watch?v=fbY4O04uunE
clk6lbly5003m3n6l9bjdqiyz,1171,right side,,Abnormal Gait,stroke,"{'top': 29.0, 'left': 195.2268907563025, 'height': 325.92436974789916, 'width': 158.7731092436975}","{'height': 360, 'width': 640, 'mime_type': 'video/mp4'}",fbY4O04uunE,https://www.youtube.com/watch?v=fbY4O04uunE
clk6lbly5003m3n6l9bjdqiyz,1172,right side,,Abnormal Gait,stroke,"{'top': 29.0, 'left': 195.0, 'height': 326.0, 'width': 159.0}","{'height': 360, 'width': 640, 'mime_type': 'video/mp4'}",fbY4O04uunE,https://www.youtube.com/watch?v=fbY4O04uunE
clk6lbly5003m3n6l9bjdqiyz,1173,right side,,Abnormal Gait,stroke,"{'top': 29.0, 'left': 194.8118811881188, 'height': 326.0495049504951, 'width': 159.1881188118812}","{'height': 360, 'width': 640, 'mime_type': 'video/mp4'}",fbY4O04uunE,https://www.youtube.com/watch?v=fbY4O04uunE
clk6lbly5003m3n6l9bjdqiyz,1174,right side,,Abnormal Gait,stroke,"{'top': 29.0, 'left': 194.62376237623764, 'height': 326.0990099009901, 'width': 159.37623762376236}","{'height': 360, 'width': 640, 'mime_type': 'video/mp4'}",fbY4O04uunE,https://www.youtube.com/watch?v=fbY4O04uunE
clk6lbly5003m3n6l9bjdqiyz,1175,right side,,Abnormal Gait,stroke,"{'top': 29.0, 'left': 194.43564356435644, 'height': 326.1485148514852, 'width': 159.56435643564356}","{'height': 360, 'width': 640, 'mime_type': 'video/mp4'}",fbY4O04uunE,https://www.youtube.com/watch?v=fbY4O04uunE
clk6lbly5003m3n6l9bjdqiyz,1176,right side,,Abnormal Gait,stroke,"{'top': 29.0, 'left': 194.24752475247524, 'height': 326.1980198019802, 'width': 159.75247524752476}","{'height': 360, 'width': 640, 'mime_type': 'video/mp4'}",fbY4O04uunE,https://www.youtube.com/watch?v=fbY4O04uunE
clk6lbly5003m3n6l9bjdqiyz,1177,right side,,Abnormal Gait,stroke,"{'top': 29.0, 'left': 194.05940594059405, 'height': 326.2475247524753, 'width': 159.94059405940595}","{'height': 360, 'width': 640, 'mime_type': 'video/mp4'}",fbY4O04uunE,https://www.youtube.com/watch?v=fbY4O04uunE
clk6lbly5003m3n6l9bjdqiyz,1178,right side,,Abnormal Gait,stroke,"{'top': 29.0, 'left': 193.87128712871288, 'height': 326.2970297029703, 'width': 160.12871287128712}","{'height': 360, 'width': 640, 'mime_type': 'video/mp4'}",fbY4O04uunE,https://www.youtube.com/watch?v=fbY4O04uunE
clk6lbly5003m3n6l9bjdqiyz,1179,right side,,Abnormal Gait,stroke,"{'top': 29.0, 'left': 193.68316831683168, 'height': 326.34653465346537, 'width': 160.31683168316832}","{'height': 360, 'width': 640, 'mime_type': 'video/mp4'}",fbY4O04uunE,https://www.youtube.com/watch?v=fbY4O04uunE
clk6lbly5003m3n6l9bjdqiyz,1180,right side,,Abnormal Gait,stroke,"{'top': 29.0, 'left': 193.4950495049505, 'height': 326.3960396039604, 'width': 160.5049504950495}","{'height': 360, 'width': 640, 'mime_type': 'video/mp4'}",fbY4O04uunE,https://www.youtube.com/watch?v=fbY4O04uunE
clk6lbly5003m3n6l9bjdqiyz,1181,right side,,Abnormal Gait,stroke,"{'top': 29.0, 'left': 193.30693069306932, 'height': 326.44554455445547, 'width': 160.69306930693068}","{'height': 360, 'width': 640, 'mime_type': 'video/mp4'}",fbY4O04uunE,https://www.youtube.com/watch?v=fbY4O04uunE
clk6lbly5003m3n6l9bjdqiyz,1182,right side,,Abnormal Gait,stroke,"{'top': 29.0, 'left': 193.11881188118812, 'height': 326.4950495049505, 'width': 160.88118811881188}","{'height': 360, 'width': 640, 'mime_type': 'video/mp4'}",fbY4O04uunE,https://www.youtube.com/watch?v=fbY4O04uunE
clk6lbly5003m3n6l9bjdqiyz,1183,right side,,Abnormal Gait,stroke,"{'top': 29.0, 'left': 192.93069306930693, 'height': 326.54455445544556, 'width': 161.06930693069307}","{'height': 360, 'width': 640, 'mime_type': 'video/mp4'}",fbY4O04uunE,https://www.youtube.com/watch?v=fbY4O04uunE
clk6lbly5003m3n6l9bjdqiyz,1184,right side,,Abnormal Gait,stroke,"{'top': 29.0, 'left': 192.74257425742573, 'height': 326.5940594059406, 'width': 161.25742574257427}","{'height': 360, 'width': 640, 'mime_type': 'video/mp4'}",fbY4O04uunE,https://www.youtube.com/watch?v=fbY4O04uunE
clk6lbly5003m3n6l9bjdqiyz,1185,right side,,Abnormal Gait,stroke,"{'top': 29.0, 'left': 192.55445544554456, 'height': 326.64356435643566, 'width': 161.44554455445544}","{'height': 360, 'width': 640, 'mime_type': 'video/mp4'}",fbY4O04uunE,https://www.youtube.com/watch?v=fbY4O04uunE
clk6lbly5003m3n6l9bjdqiyz,1186,right side,,Abnormal Gait,stroke,"{'top': 29.0, 'left': 192.36633663366337, 'height': 326.6930693069307, 'width': 161.63366336633663}","{'height': 360, 'width': 640, 'mime_type': 'video/mp4'}",fbY4O04uunE,https://www.youtube.com/watch?v=fbY4O04uunE
clk6lbly5003m3n6l9bjdqiyz,1187,right side,,Abnormal Gait,stroke,"{'top': 29.0, 'left': 192.17821782178217, 'height': 326.74257425742576, 'width': 161.82178217821783}","{'height': 360, 'width': 640, 'mime_type': 'video/mp4'}",fbY4O04uunE,https://www.youtube.com/watch?v=fbY4O04uunE
clk6lbly5003m3n6l9bjdqiyz,1188,right side,,Abnormal Gait,stroke,"{'top': 29.0, 'left': 191.990099009901, 'height': 326.7920792079208, 'width': 162.009900990099}","{'height': 360, 'width': 640, 'mime_type': 'video/mp4'}",fbY4O04uunE,https://www.youtube.com/watch?v=fbY4O04uunE
clk6lbly5003m3n6l9bjdqiyz,1189,right side,,Abnormal Gait,stroke,"{'top': 29.0, 'left': 191.8019801980198, 'height': 326.84158415841586, 'width': 162.1980198019802}","{'height': 360, 'width': 640, 'mime_type': 'video/mp4'}",fbY4O04uunE,https://www.youtube.com/watch?v=fbY4O04uunE
clk6lbly5003m3n6l9bjdqiyz,1190,right side,,Abnormal Gait,stroke,"{'top': 29.0, 'left': 191.6138613861386, 'height': 326.8910891089109, 'width': 162.3861386138614}","{'height': 360, 'width': 640, 'mime_type': 'video/mp4'}",fbY4O04uunE,https://www.youtube.com/watch?v=fbY4O04uunE
clk6lbly5003m3n6l9bjdqiyz,1191,right side,,Abnormal Gait,stroke,"{'top': 29.0, 'left': 191.4257425742574, 'height': 326.94059405940595, 'width': 162.5742574257426}","{'height': 360, 'width': 640, 'mime_type': 'video/mp4'}",fbY4O04uunE,https://www.youtube.com/watch?v=fbY4O04uunE
clk6lbly5003m3n6l9bjdqiyz,1192,right side,,Abnormal Gait,stroke,"{'top': 29.0, 'left': 191.23762376237624, 'height': 326.990099009901, 'width': 162.76237623762376}","{'height': 360, 'width': 640, 'mime_type': 'video/mp4'}",fbY4O04uunE,https://www.youtube.com/watch?v=fbY4O04uunE
clk6lbly5003m3n6l9bjdqiyz,1193,right side,,Abnormal Gait,stroke,"{'top': 29.0, 'left': 191.04950495049505, 'height': 327.03960396039605, 'width': 162.95049504950495}","{'height': 360, 'width': 640, 'mime_type': 'video/mp4'}",fbY4O04uunE,https://www.youtube.com/watch?v=fbY4O04uunE
clk6lbly5003m3n6l9bjdqiyz,1194,right side,,Abnormal Gait,stroke,"{'top': 29.0, 'left': 190.86138613861385, 'height': 327.08910891089107, 'width': 163.13861386138615}","{'height': 360, 'width': 640, 'mime_type': 'video/mp4'}",fbY4O04uunE,https://www.youtube.com/watch?v=fbY4O04uunE
clk6lbly5003m3n6l9bjdqiyz,1195,right side,,Abnormal Gait,stroke,"{'top': 29.0, 'left': 190.67326732673268, 'height': 327.13861386138615, 'width': 163.32673267326732}","{'height': 360, 'width': 640, 'mime_type': 'video/mp4'}",fbY4O04uunE,https://www.youtube.com/watch?v=fbY4O04uunE
clk6lbly5003m3n6l9bjdqiyz,1196,right side,,Abnormal Gait,stroke,"{'top': 29.0, 'left': 190.4851485148515, 'height': 327.18811881188117, 'width': 163.5148514851485}","{'height': 360, 'width': 640, 'mime_type': 'video/mp4'}",fbY4O04uunE,https://www.youtube.com/watch?v=fbY4O04uunE
clk6lbly5003m3n6l9bjdqiyz,1197,right side,,Abnormal Gait,stroke,"{'top': 29.0, 'left': 190.2970297029703, 'height': 327.23762376237624, 'width': 163.7029702970297}","{'height': 360, 'width': 640, 'mime_type': 'video/mp4'}",fbY4O04uunE,https://www.youtube.com/watch?v=fbY4O04uunE
clk6lbly5003m3n6l9bjdqiyz,1198,right side,,Abnormal Gait,stroke,"{'top': 29.0, 'left': 190.1089108910891, 'height': 327.28712871287127, 'width': 163.8910891089109}","{'height': 360, 'width': 640, 'mime_type': 'video/mp4'}",fbY4O04uunE,https://www.youtube.com/watch?v=fbY4O04uunE
clk6lbly5003m3n6l9bjdqiyz,1199,right side,,Abnormal Gait,stroke,"{'top': 29.0, 'left': 189.92079207920793, 'height': 327.33663366336634, 'width': 164.07920792079207}","{'height': 360, 'width': 640, 'mime_type': 'video/mp4'}",fbY4O04uunE,https://www.youtube.com/watch?v=fbY4O04uunE
clk6lbly5003m3n6l9bjdqiyz,1200,right side,,Abnormal Gait,stroke,"{'top': 29.0, 'left': 189.73267326732673, 'height': 327.38613861386136, 'width': 164.26732673267327}","{'height': 360, 'width': 640, 'mime_type': 'video/mp4'}",fbY4O04uunE,https://www.youtube.com/watch?v=fbY4O04uunE
clk6lbly5003m3n6l9bjdqiyz,1201,right side,,Abnormal Gait,stroke,"{'top': 29.0, 'left': 189.54455445544554, 'height': 327.43564356435644, 'width': 164.45544554455446}","{'height': 360, 'width': 640, 'mime_type': 'video/mp4'}",fbY4O04uunE,https://www.youtube.com/watch?v=fbY4O04uunE
clk6lbly5003m3n6l9bjdqiyz,1202,right side,,Abnormal Gait,stroke,"{'top': 29.0, 'left': 189.35643564356437, 'height': 327.48514851485146, 'width': 164.64356435643563}","{'height': 360, 'width': 640, 'mime_type': 'video/mp4'}",fbY4O04uunE,https://www.youtube.com/watch?v=fbY4O04uunE
clk6lbly5003m3n6l9bjdqiyz,1203,right side,,Abnormal Gait,stroke,"{'top': 29.0, 'left': 189.16831683168317, 'height': 327.53465346534654, 'width': 164.83168316831683}","{'height': 360, 'width': 640, 'mime_type': 'video/mp4'}",fbY4O04uunE,https://www.youtube.com/watch?v=fbY4O04uunE
clk6lbly5003m3n6l9bjdqiyz,1204,right side,,Abnormal Gait,stroke,"{'top': 29.0, 'left': 188.98019801980197, 'height': 327.58415841584156, 'width': 165.01980198019803}","{'height': 360, 'width': 640, 'mime_type': 'video/mp4'}",fbY4O04uunE,https://www.youtube.com/watch?v=fbY4O04uunE
clk6lbly5003m3n6l9bjdqiyz,1205,right side,,Abnormal Gait,stroke,"{'top': 29.0, 'left': 188.79207920792078, 'height': 327.63366336633663, 'width': 165.20792079207922}","{'height': 360, 'width': 640, 'mime_type': 'video/mp4'}",fbY4O04uunE,https://www.youtube.com/watch?v=fbY4O04uunE
clk6lbly5003m3n6l9bjdqiyz,1206,right side,,Abnormal Gait,stroke,"{'top': 29.0, 'left': 188.6039603960396, 'height': 327.6831683168317, 'width': 165.3960396039604}","{'height': 360, 'width': 640, 'mime_type': 'video/mp4'}",fbY4O04uunE,https://www.youtube.com/watch?v=fbY4O04uunE
clk6lbly5003m3n6l9bjdqiyz,1207,right side,,Abnormal Gait,stroke,"{'top': 29.0, 'left': 188.41584158415841, 'height': 327.73267326732673, 'width': 165.58415841584159}","{'height': 360, 'width': 640, 'mime_type': 'video/mp4'}",fbY4O04uunE,https://www.youtube.com/watch?v=fbY4O04uunE
clk6lbly5003m3n6l9bjdqiyz,1208,right side,,Abnormal Gait,stroke,"{'top': 29.0, 'left': 188.22772277227722, 'height': 327.7821782178218, 'width': 165.77227722772278}","{'height': 360, 'width': 640, 'mime_type': 'video/mp4'}",fbY4O04uunE,https://www.youtube.com/watch?v=fbY4O04uunE
clk6lbly5003m3n6l9bjdqiyz,1209,right side,,Abnormal Gait,stroke,"{'top': 29.0, 'left': 188.03960396039605, 'height': 327.83168316831683, 'width': 165.96039603960395}","{'height': 360, 'width': 640, 'mime_type': 'video/mp4'}",fbY4O04uunE,https://www.youtube.com/watch?v=fbY4O04uunE
clk6lbly5003m3n6l9bjdqiyz,1210,right side,,Abnormal Gait,stroke,"{'top': 29.0, 'left': 187.85148514851485, 'height': 327.8811881188119, 'width': 166.14851485148515}","{'height': 360, 'width': 640, 'mime_type': 'video/mp4'}",fbY4O04uunE,https://www.youtube.com/watch?v=fbY4O04uunE
clk6lbly5003m3n6l9bjdqiyz,1211,right side,,Abnormal Gait,stroke,"{'top': 29.0, 'left': 187.66336633663366, 'height': 327.9306930693069, 'width': 166.33663366336634}","{'height': 360, 'width': 640, 'mime_type': 'video/mp4'}",fbY4O04uunE,https://www.youtube.com/watch?v=fbY4O04uunE
clk6lbly5003m3n6l9bjdqiyz,1212,right side,,Abnormal Gait,stroke,"{'top': 29.0, 'left': 187.47524752475246, 'height': 327.980198019802, 'width': 166.52475247524754}","{'height': 360, 'width': 640, 'mime_type': 'video/mp4'}",fbY4O04uunE,https://www.youtube.com/watch?v=fbY4O04uunE
clk6lbly5003m3n6l9bjdqiyz,1213,right side,,Abnormal Gait,stroke,"{'top': 29.0, 'left': 187.2871287128713, 'height': 328.029702970297, 'width': 166.7128712871287}","{'height': 360, 'width': 640, 'mime_type': 'video/mp4'}",fbY4O04uunE,https://www.youtube.com/watch?v=fbY4O04uunE
clk6lbly5003m3n6l9bjdqiyz,1214,right side,,Abnormal Gait,stroke,"{'top': 29.0, 'left': 187.0990099009901, 'height': 328.0792079207921, 'width': 166.9009900990099}","{'height': 360, 'width': 640, 'mime_type': 'video/mp4'}",fbY4O04uunE,https://www.youtube.com/watch?v=fbY4O04uunE
clk6lbly5003m3n6l9bjdqiyz,1215,right side,,Abnormal Gait,stroke,"{'top': 29.0, 'left': 186.9108910891089, 'height': 328.1287128712871, 'width': 167.0891089108911}","{'height': 360, 'width': 640, 'mime_type': 'video/mp4'}",fbY4O04uunE,https://www.youtube.com/watch?v=fbY4O04uunE
clk6lbly5003m3n6l9bjdqiyz,1216,right side,,Abnormal Gait,stroke,"{'top': 29.0, 'left': 186.72277227722773, 'height': 328.1782178217822, 'width': 167.27722772277227}","{'height': 360, 'width': 640, 'mime_type': 'video/mp4'}",fbY4O04uunE,https://www.youtube.com/watch?v=fbY4O04uunE
clk6lbly5003m3n6l9bjdqiyz,1217,right side,,Abnormal Gait,stroke,"{'top': 29.0, 'left': 186.53465346534654, 'height': 328.2277227722772, 'width': 167.46534653465346}","{'height': 360, 'width': 640, 'mime_type': 'video/mp4'}",fbY4O04uunE,https://www.youtube.com/watch?v=fbY4O04uunE
clk6lbly5003m3n6l9bjdqiyz,1218,right side,,Abnormal Gait,stroke,"{'top': 29.0, 'left': 186.34653465346534, 'height': 328.2772277227723, 'width': 167.65346534653466}","{'height': 360, 'width': 640, 'mime_type': 'video/mp4'}",fbY4O04uunE,https://www.youtube.com/watch?v=fbY4O04uunE
clk6lbly5003m3n6l9bjdqiyz,1219,right side,,Abnormal Gait,stroke,"{'top': 29.0, 'left': 186.15841584158414, 'height': 328.3267326732673, 'width': 167.84158415841586}","{'height': 360, 'width': 640, 'mime_type': 'video/mp4'}",fbY4O04uunE,https://www.youtube.com/watch?v=fbY4O04uunE
clk6lbly5003m3n6l9bjdqiyz,1220,right side,,Abnormal Gait,stroke,"{'top': 29.0, 'left': 185.97029702970298, 'height': 328.3762376237624, 'width': 168.02970297029702}","{'height': 360, 'width': 640, 'mime_type': 'video/mp4'}",fbY4O04uunE,https://www.youtube.com/watch?v=fbY4O04uunE
clk6lbly5003m3n6l9bjdqiyz,1221,right side,,Abnormal Gait,stroke,"{'top': 29.0, 'left': 185.78217821782178, 'height': 328.4257425742574, 'width': 168.21782178217822}","{'height': 360, 'width': 640, 'mime_type': 'video/mp4'}",fbY4O04uunE,https://www.youtube.com/watch?v=fbY4O04uunE
clk6lbly5003m3n6l9bjdqiyz,1222,right side,,Abnormal Gait,stroke,"{'top': 29.0, 'left': 185.59405940594058, 'height': 328.4752475247525, 'width': 168.40594059405942}","{'height': 360, 'width': 640, 'mime_type': 'video/mp4'}",fbY4O04uunE,https://www.youtube.com/watch?v=fbY4O04uunE
clk6lbly5003m3n6l9bjdqiyz,1223,right side,,Abnormal Gait,stroke,"{'top': 29.0, 'left': 185.40594059405942, 'height': 328.5247524752475, 'width': 168.59405940594058}","{'height': 360, 'width': 640, 'mime_type': 'video/mp4'}",fbY4O04uunE,https://www.youtube.com/watch?v=fbY4O04uunE
clk6lbly5003m3n6l9bjdqiyz,1224,right side,,Abnormal Gait,stroke,"{'top': 29.0, 'left': 185.21782178217822, 'height': 328.5742574257426, 'width': 168.78217821782178}","{'height': 360, 'width': 640, 'mime_type': 'video/mp4'}",fbY4O04uunE,https://www.youtube.com/watch?v=fbY4O04uunE
clk6lbly5003m3n6l9bjdqiyz,1225,right side,,Abnormal Gait,stroke,"{'top': 29.0, 'left': 185.02970297029702, 'height': 328.6237623762376, 'width': 168.97029702970298}","{'height': 360, 'width': 640, 'mime_type': 'video/mp4'}",fbY4O04uunE,https://www.youtube.com/watch?v=fbY4O04uunE
clk6lbly5003m3n6l9bjdqiyz,1226,right side,,Abnormal Gait,stroke,"{'top': 29.0, 'left': 184.84158415841586, 'height': 328.6732673267327, 'width': 169.15841584158414}","{'height': 360, 'width': 640, 'mime_type': 'video/mp4'}",fbY4O04uunE,https://www.youtube.com/watch?v=fbY4O04uunE
clk6lbly5003m3n6l9bjdqiyz,1227,right side,,Abnormal Gait,stroke,"{'top': 29.0, 'left': 184.65346534653466, 'height': 328.7227722772277, 'width': 169.34653465346534}","{'height': 360, 'width': 640, 'mime_type': 'video/mp4'}",fbY4O04uunE,https://www.youtube.com/watch?v=fbY4O04uunE
clk6lbly5003m3n6l9bjdqiyz,1228,right side,,Abnormal Gait,stroke,"{'top': 29.0, 'left': 184.46534653465346, 'height': 328.7722772277228, 'width': 169.53465346534654}","{'height': 360, 'width': 640, 'mime_type': 'video/mp4'}",fbY4O04uunE,https://www.youtube.com/watch?v=fbY4O04uunE
clk6lbly5003m3n6l9bjdqiyz,1229,right side,,Abnormal Gait,stroke,"{'top': 29.0, 'left': 184.27722772277227, 'height': 328.8217821782178, 'width': 169.72277227722773}","{'height': 360, 'width': 640, 'mime_type': 'video/mp4'}",fbY4O04uunE,https://www.youtube.com/watch?v=fbY4O04uunE
clk6lbly5003m3n6l9bjdqiyz,1230,right side,,Abnormal Gait,stroke,"{'top': 29.0, 'left': 184.0891089108911, 'height': 328.8712871287129, 'width': 169.9108910891089}","{'height': 360, 'width': 640, 'mime_type': 'video/mp4'}",fbY4O04uunE,https://www.youtube.com/watch?v=fbY4O04uunE
clk6lbly5003m3n6l9bjdqiyz,1231,right side,,Abnormal Gait,stroke,"{'top': 29.0, 'left': 183.9009900990099, 'height': 328.9207920792079, 'width': 170.0990099009901}","{'height': 360, 'width': 640, 'mime_type': 'video/mp4'}",fbY4O04uunE,https://www.youtube.com/watch?v=fbY4O04uunE
clk6lbly5003m3n6l9bjdqiyz,1232,right side,,Abnormal Gait,stroke,"{'top': 29.0, 'left': 183.7128712871287, 'height': 328.970297029703, 'width': 170.2871287128713}","{'height': 360, 'width': 640, 'mime_type': 'video/mp4'}",fbY4O04uunE,https://www.youtube.com/watch?v=fbY4O04uunE
clk6lbly5003m3n6l9bjdqiyz,1233,right side,,Abnormal Gait,stroke,"{'top': 29.0, 'left': 183.5247524752475, 'height': 329.019801980198, 'width': 170.4752475247525}","{'height': 360, 'width': 640, 'mime_type': 'video/mp4'}",fbY4O04uunE,https://www.youtube.com/watch?v=fbY4O04uunE
clk6lbly5003m3n6l9bjdqiyz,1234,right side,,Abnormal Gait,stroke,"{'top': 29.0, 'left': 183.33663366336634, 'height': 329.0693069306931, 'width': 170.66336633663366}","{'height': 360, 'width': 640, 'mime_type': 'video/mp4'}",fbY4O04uunE,https://www.youtube.com/watch?v=fbY4O04uunE
clk6lbly5003m3n6l9bjdqiyz,1235,right side,,Abnormal Gait,stroke,"{'top': 29.0, 'left': 183.14851485148515, 'height': 329.1188118811881, 'width': 170.85148514851485}","{'height': 360, 'width': 640, 'mime_type': 'video/mp4'}",fbY4O04uunE,https://www.youtube.com/watch?v=fbY4O04uunE
clk6lbly5003m3n6l9bjdqiyz,1236,right side,,Abnormal Gait,stroke,"{'top': 29.0, 'left': 182.96039603960395, 'height': 329.16831683168317, 'width': 171.03960396039605}","{'height': 360, 'width': 640, 'mime_type': 'video/mp4'}",fbY4O04uunE,https://www.youtube.com/watch?v=fbY4O04uunE
clk6lbly5003m3n6l9bjdqiyz,1237,right side,,Abnormal Gait,stroke,"{'top': 29.0, 'left': 182.77227722772278, 'height': 329.2178217821782, 'width': 171.22772277227722}","{'height': 360, 'width': 640, 'mime_type': 'video/mp4'}",fbY4O04uunE,https://www.youtube.com/watch?v=fbY4O04uunE
clk6lbly5003m3n6l9bjdqiyz,1238,right side,,Abnormal Gait,stroke,"{'top': 29.0, 'left': 182.58415841584159, 'height': 329.26732673267327, 'width': 171.41584158415841}","{'height': 360, 'width': 640, 'mime_type': 'video/mp4'}",fbY4O04uunE,https://www.youtube.com/watch?v=fbY4O04uunE
clk6lbly5003m3n6l9bjdqiyz,1239,right side,,Abnormal Gait,stroke,"{'top': 29.0, 'left': 182.3960396039604, 'height': 329.3168316831683, 'width': 171.6039603960396}","{'height': 360, 'width': 640, 'mime_type': 'video/mp4'}",fbY4O04uunE,https://www.youtube.com/watch?v=fbY4O04uunE
clk6lbly5003m3n6l9bjdqiyz,1240,right side,,Abnormal Gait,stroke,"{'top': 29.0, 'left': 182.20792079207922, 'height': 329.36633663366337, 'width': 171.79207920792078}","{'height': 360, 'width': 640, 'mime_type': 'video/mp4'}",fbY4O04uunE,https://www.youtube.com/watch?v=fbY4O04uunE
clk6lbly5003m3n6l9bjdqiyz,1241,right side,,Abnormal Gait,stroke,"{'top': 29.0, 'left': 182.01980198019803, 'height': 329.41584158415844, 'width': 171.98019801980197}","{'height': 360, 'width': 640, 'mime_type': 'video/mp4'}",fbY4O04uunE,https://www.youtube.com/watch?v=fbY4O04uunE
clk6lbly5003m3n6l9bjdqiyz,1242,right side,,Abnormal Gait,stroke,"{'top': 29.0, 'left': 181.83168316831683, 'height': 329.46534653465346, 'width': 172.16831683168317}","{'height': 360, 'width': 640, 'mime_type': 'video/mp4'}",fbY4O04uunE,https://www.youtube.com/watch?v=fbY4O04uunE
clk6lbly5003m3n6l9bjdqiyz,1243,right side,,Abnormal Gait,stroke,"{'top': 29.0, 'left': 181.64356435643563, 'height': 329.51485148514854, 'width': 172.35643564356437}","{'height': 360, 'width': 640, 'mime_type': 'video/mp4'}",fbY4O04uunE,https://www.youtube.com/watch?v=fbY4O04uunE
clk6lbly5003m3n6l9bjdqiyz,1244,right side,,Abnormal Gait,stroke,"{'top': 29.0, 'left': 181.45544554455446, 'height': 329.56435643564356, 'width': 172.54455445544554}","{'height': 360, 'width': 640, 'mime_type': 'video/mp4'}",fbY4O04uunE,https://www.youtube.com/watch?v=fbY4O04uunE
clk6lbly5003m3n6l9bjdqiyz,1245,right side,,Abnormal Gait,stroke,"{'top': 29.0, 'left': 181.26732673267327, 'height': 329.61386138613864, 'width': 172.73267326732673}","{'height': 360, 'width': 640, 'mime_type': 'video/mp4'}",fbY4O04uunE,https://www.youtube.com/watch?v=fbY4O04uunE
clk6lbly5003m3n6l9bjdqiyz,1246,right side,,Abnormal Gait,stroke,"{'top': 29.0, 'left': 181.07920792079207, 'height': 329.66336633663366, 'width': 172.92079207920793}","{'height': 360, 'width': 640, 'mime_type': 'video/mp4'}",fbY4O04uunE,https://www.youtube.com/watch?v=fbY4O04uunE
clk6lbly5003m3n6l9bjdqiyz,1247,right side,,Abnormal Gait,stroke,"{'top': 29.0, 'left': 180.8910891089109, 'height': 329.71287128712873, 'width': 173.1089108910891}","{'height': 360, 'width': 640, 'mime_type': 'video/mp4'}",fbY4O04uunE,https://www.youtube.com/watch?v=fbY4O04uunE
clk6lbly5003m3n6l9bjdqiyz,1248,right side,,Abnormal Gait,stroke,"{'top': 29.0, 'left': 180.7029702970297, 'height': 329.76237623762376, 'width': 173.2970297029703}","{'height': 360, 'width': 640, 'mime_type': 'video/mp4'}",fbY4O04uunE,https://www.youtube.com/watch?v=fbY4O04uunE
clk6lbly5003m3n6l9bjdqiyz,1249,right side,,Abnormal Gait,stroke,"{'top': 29.0, 'left': 180.5148514851485, 'height': 329.81188118811883, 'width': 173.4851485148515}","{'height': 360, 'width': 640, 'mime_type': 'video/mp4'}",fbY4O04uunE,https://www.youtube.com/watch?v=fbY4O04uunE
clk6lbly5003m3n6l9bjdqiyz,1250,right side,,Abnormal Gait,stroke,"{'top': 29.0, 'left': 180.32673267326732, 'height': 329.86138613861385, 'width': 173.67326732673268}","{'height': 360, 'width': 640, 'mime_type': 'video/mp4'}",fbY4O04uunE,https://www.youtube.com/watch?v=fbY4O04uunE
clk6lbly5003m3n6l9bjdqiyz,1251,right side,,Abnormal Gait,stroke,"{'top': 29.0, 'left': 180.13861386138615, 'height': 329.91089108910893, 'width': 173.86138613861385}","{'height': 360, 'width': 640, 'mime_type': 'video/mp4'}",fbY4O04uunE,https://www.youtube.com/watch?v=fbY4O04uunE
clk6lbly5003m3n6l9bjdqiyz,1252,right side,,Abnormal Gait,stroke,"{'top': 29.0, 'left': 179.95049504950495, 'height': 329.96039603960395, 'width': 174.04950495049505}","{'height': 360, 'width': 640, 'mime_type': 'video/mp4'}",fbY4O04uunE,https://www.youtube.com/watch?v=fbY4O04uunE
clk6lbly5003m3n6l9bjdqiyz,1253,right side,,Abnormal Gait,stroke,"{'top': 29.0, 'left': 179.76237623762376, 'height': 330.009900990099, 'width': 174.23762376237624}","{'height': 360, 'width': 640, 'mime_type': 'video/mp4'}",fbY4O04uunE,https://www.youtube.com/watch?v=fbY4O04uunE
clk6lbly5003m3n6l9bjdqiyz,1254,right side,,Abnormal Gait,stroke,"{'top': 29.0, 'left': 179.5742574257426, 'height': 330.05940594059405, 'width': 174.4257425742574}","{'height': 360, 'width': 640, 'mime_type': 'video/mp4'}",fbY4O04uunE,https://www.youtube.com/watch?v=fbY4O04uunE
clk6lbly5003m3n6l9bjdqiyz,1255,right side,,Abnormal Gait,stroke,"{'top': 29.0, 'left': 179.3861386138614, 'height': 330.1089108910891, 'width': 174.6138613861386}","{'height': 360, 'width': 640, 'mime_type': 'video/mp4'}",fbY4O04uunE,https://www.youtube.com/watch?v=fbY4O04uunE
clk6lbly5003m3n6l9bjdqiyz,1256,right side,,Abnormal Gait,stroke,"{'top': 29.0, 'left': 179.1980198019802, 'height': 330.15841584158414, 'width': 174.8019801980198}","{'height': 360, 'width': 640, 'mime_type': 'video/mp4'}",fbY4O04uunE,https://www.youtube.com/watch?v=fbY4O04uunE
clk6lbly5003m3n6l9bjdqiyz,1257,right side,,Abnormal Gait,stroke,"{'top': 29.0, 'left': 179.009900990099, 'height': 330.2079207920792, 'width': 174.990099009901}","{'height': 360, 'width': 640, 'mime_type': 'video/mp4'}",fbY4O04uunE,https://www.youtube.com/watch?v=fbY4O04uunE
clk6lbly5003m3n6l9bjdqiyz,1258,right side,,Abnormal Gait,stroke,"{'top': 29.0, 'left': 178.82178217821783, 'height': 330.25742574257424, 'width': 175.17821782178217}","{'height': 360, 'width': 640, 'mime_type': 'video/mp4'}",fbY4O04uunE,https://www.youtube.com/watch?v=fbY4O04uunE
clk6lbly5003m3n6l9bjdqiyz,1259,right side,,Abnormal Gait,stroke,"{'top': 29.0, 'left': 178.63366336633663, 'height': 330.3069306930693, 'width': 175.36633663366337}","{'height': 360, 'width': 640, 'mime_type': 'video/mp4'}",fbY4O04uunE,https://www.youtube.com/watch?v=fbY4O04uunE
clk6lbly5003m3n6l9bjdqiyz,1260,right side,,Abnormal Gait,stroke,"{'top': 29.0, 'left': 178.44554455445544, 'height': 330.35643564356434, 'width': 175.55445544554456}","{'height': 360, 'width': 640, 'mime_type': 'video/mp4'}",fbY4O04uunE,https://www.youtube.com/watch?v=fbY4O04uunE
clk6lbly5003m3n6l9bjdqiyz,1261,right side,,Abnormal Gait,stroke,"{'top': 29.0, 'left': 178.25742574257424, 'height': 330.4059405940594, 'width': 175.74257425742576}","{'height': 360, 'width': 640, 'mime_type': 'video/mp4'}",fbY4O04uunE,https://www.youtube.com/watch?v=fbY4O04uunE
clk6lbly5003m3n6l9bjdqiyz,1262,right side,,Abnormal Gait,stroke,"{'top': 29.0, 'left': 178.06930693069307, 'height': 330.45544554455444, 'width': 175.93069306930693}","{'height': 360, 'width': 640, 'mime_type': 'video/mp4'}",fbY4O04uunE,https://www.youtube.com/watch?v=fbY4O04uunE
clk6lbly5003m3n6l9bjdqiyz,1263,right side,,Abnormal Gait,stroke,"{'top': 29.0, 'left': 177.88118811881188, 'height': 330.5049504950495, 'width': 176.11881188118812}","{'height': 360, 'width': 640, 'mime_type': 'video/mp4'}",fbY4O04uunE,https://www.youtube.com/watch?v=fbY4O04uunE
clk6lbly5003m3n6l9bjdqiyz,1264,right side,,Abnormal Gait,stroke,"{'top': 29.0, 'left': 177.69306930693068, 'height': 330.55445544554453, 'width': 176.30693069306932}","{'height': 360, 'width': 640, 'mime_type': 'video/mp4'}",fbY4O04uunE,https://www.youtube.com/watch?v=fbY4O04uunE
clk6lbly5003m3n6l9bjdqiyz,1265,right side,,Abnormal Gait,stroke,"{'top': 29.0, 'left': 177.5049504950495, 'height': 330.6039603960396, 'width': 176.4950495049505}","{'height': 360, 'width': 640, 'mime_type': 'video/mp4'}",fbY4O04uunE,https://www.youtube.com/watch?v=fbY4O04uunE
clk6lbly5003m3n6l9bjdqiyz,1266,right side,,Abnormal Gait,stroke,"{'top': 29.0, 'left': 177.31683168316832, 'height': 330.65346534653463, 'width': 176.68316831683168}","{'height': 360, 'width': 640, 'mime_type': 'video/mp4'}",fbY4O04uunE,https://www.youtube.com/watch?v=fbY4O04uunE
clk6lbly5003m3n6l9bjdqiyz,1267,right side,,Abnormal Gait,stroke,"{'top': 29.0, 'left': 177.12871287128712, 'height': 330.7029702970297, 'width': 176.87128712871288}","{'height': 360, 'width': 640, 'mime_type': 'video/mp4'}",fbY4O04uunE,https://www.youtube.com/watch?v=fbY4O04uunE
clk6lbly5003m3n6l9bjdqiyz,1268,right side,,Abnormal Gait,stroke,"{'top': 29.0, 'left': 176.94059405940595, 'height': 330.7524752475247, 'width': 177.05940594059405}","{'height': 360, 'width': 640, 'mime_type': 'video/mp4'}",fbY4O04uunE,https://www.youtube.com/watch?v=fbY4O04uunE
clk6lbly5003m3n6l9bjdqiyz,1269,right side,,Abnormal Gait,stroke,"{'top': 29.0, 'left': 176.75247524752476, 'height': 330.8019801980198, 'width': 177.24752475247524}","{'height': 360, 'width': 640, 'mime_type': 'video/mp4'}",fbY4O04uunE,https://www.youtube.com/watch?v=fbY4O04uunE
clk6lbly5003m3n6l9bjdqiyz,1270,right side,,Abnormal Gait,stroke,"{'top': 29.0, 'left': 176.56435643564356, 'height': 330.8514851485148, 'width': 177.43564356435644}","{'height': 360, 'width': 640, 'mime_type': 'video/mp4'}",fbY4O04uunE,https://www.youtube.com/watch?v=fbY4O04uunE
clk6lbly5003m3n6l9bjdqiyz,1271,right side,,Abnormal Gait,stroke,"{'top': 29.0, 'left': 176.3762376237624, 'height': 330.9009900990099, 'width': 177.6237623762376}","{'height': 360, 'width': 640, 'mime_type': 'video/mp4'}",fbY4O04uunE,https://www.youtube.com/watch?v=fbY4O04uunE
clk6lbly5003m3n6l9bjdqiyz,1272,right side,,Abnormal Gait,stroke,"{'top': 29.0, 'left': 176.1881188118812, 'height': 330.9504950495049, 'width': 177.8118811881188}","{'height': 360, 'width': 640, 'mime_type': 'video/mp4'}",fbY4O04uunE,https://www.youtube.com/watch?v=fbY4O04uunE
clk6lbly5003m3n6l9bjdqiyz,1273,right side,,Abnormal Gait,stroke,"{'top': 29.0, 'left': 176.0, 'height': 331.0, 'width': 178.0}","{'height': 360, 'width': 640, 'mime_type': 'video/mp4'}",fbY4O04uunE,https://www.youtube.com/watch?v=fbY4O04uunE
clk6lbly5003m3n6l9bjdqiyz,1274,right side,,Abnormal Gait,stroke,"{'top': 29.0, 'left': 175.98260869565217, 'height': 330.9826086956522, 'width': 178.01739130434783}","{'height': 360, 'width': 640, 'mime_type': 'video/mp4'}",fbY4O04uunE,https://www.youtube.com/watch?v=fbY4O04uunE
clk6lbly5003m3n6l9bjdqiyz,1275,right side,,Abnormal Gait,stroke,"{'top': 29.0, 'left': 175.96521739130435, 'height': 330.96521739130435, 'width': 178.03478260869565}","{'height': 360, 'width': 640, 'mime_type': 'video/mp4'}",fbY4O04uunE,https://www.youtube.com/watch?v=fbY4O04uunE
clk6lbly5003m3n6l9bjdqiyz,1276,right side,,Abnormal Gait,stroke,"{'top': 29.0, 'left': 175.94782608695652, 'height': 330.9478260869565, 'width': 178.05217391304348}","{'height': 360, 'width': 640, 'mime_type': 'video/mp4'}",fbY4O04uunE,https://www.youtube.com/watch?v=fbY4O04uunE
clk6lbly5003m3n6l9bjdqiyz,1277,right side,,Abnormal Gait,stroke,"{'top': 29.0, 'left': 175.9304347826087, 'height': 330.9304347826087, 'width': 178.0695652173913}","{'height': 360, 'width': 640, 'mime_type': 'video/mp4'}",fbY4O04uunE,https://www.youtube.com/watch?v=fbY4O04uunE
clk6lbly5003m3n6l9bjdqiyz,1278,right side,,Abnormal Gait,stroke,"{'top': 29.0, 'left': 175.91304347826087, 'height': 330.9130434782609, 'width': 178.08695652173913}","{'height': 360, 'width': 640, 'mime_type': 'video/mp4'}",fbY4O04uunE,https://www.youtube.com/watch?v=fbY4O04uunE
clk6lbly5003m3n6l9bjdqiyz,1279,right side,,Abnormal Gait,stroke,"{'top': 29.0, 'left': 175.89565217391305, 'height': 330.89565217391305, 'width': 178.10434782608695}","{'height': 360, 'width': 640, 'mime_type': 'video/mp4'}",fbY4O04uunE,https://www.youtube.com/watch?v=fbY4O04uunE
clk6lbly5003m3n6l9bjdqiyz,1280,right side,,Abnormal Gait,stroke,"{'top': 29.0, 'left': 175.87826086956522, 'height': 330.8782608695652, 'width': 178.12173913043478}","{'height': 360, 'width': 640, 'mime_type': 'video/mp4'}",fbY4O04uunE,https://www.youtube.com/watch?v=fbY4O04uunE
clk6lbly5003m3n6l9bjdqiyz,1281,right side,,Abnormal Gait,stroke,"{'top': 29.0, 'left': 175.8608695652174, 'height': 330.8608695652174, 'width': 178.1391304347826}","{'height': 360, 'width': 640, 'mime_type': 'video/mp4'}",fbY4O04uunE,https://www.youtube.com/watch?v=fbY4O04uunE
clk6lbly5003m3n6l9bjdqiyz,1282,right side,,Abnormal Gait,stroke,"{'top': 29.0, 'left': 175.84347826086957, 'height': 330.8434782608696, 'width': 178.15652173913043}","{'height': 360, 'width': 640, 'mime_type': 'video/mp4'}",fbY4O04uunE,https://www.youtube.com/watch?v=fbY4O04uunE
clk6lbly5003m3n6l9bjdqiyz,1283,right side,,Abnormal Gait,stroke,"{'top': 29.0, 'left': 175.82608695652175, 'height': 330.82608695652175, 'width': 178.17391304347825}","{'height': 360, 'width': 640, 'mime_type': 'video/mp4'}",fbY4O04uunE,https://www.youtube.com/watch?v=fbY4O04uunE
clk6lbly5003m3n6l9bjdqiyz,1284,right side,,Abnormal Gait,stroke,"{'top': 29.0, 'left': 175.80869565217392, 'height': 330.8086956521739, 'width': 178.19130434782608}","{'height': 360, 'width': 640, 'mime_type': 'video/mp4'}",fbY4O04uunE,https://www.youtube.com/watch?v=fbY4O04uunE
clk6lbly5003m3n6l9bjdqiyz,1285,right side,,Abnormal Gait,stroke,"{'top': 29.0, 'left': 175.7913043478261, 'height': 330.7913043478261, 'width': 178.2086956521739}","{'height': 360, 'width': 640, 'mime_type': 'video/mp4'}",fbY4O04uunE,https://www.youtube.com/watch?v=fbY4O04uunE
clk6lbly5003m3n6l9bjdqiyz,1286,right side,,Abnormal Gait,stroke,"{'top': 29.0, 'left': 175.77391304347827, 'height': 330.7739130434783, 'width': 178.22608695652173}","{'height': 360, 'width': 640, 'mime_type': 'video/mp4'}",fbY4O04uunE,https://www.youtube.com/watch?v=fbY4O04uunE
clk6lbly5003m3n6l9bjdqiyz,1287,right side,,Abnormal Gait,stroke,"{'top': 29.0, 'left': 175.75652173913045, 'height': 330.75652173913045, 'width': 178.24347826086955}","{'height': 360, 'width': 640, 'mime_type': 'video/mp4'}",fbY4O04uunE,https://www.youtube.com/watch?v=fbY4O04uunE
clk6lbly5003m3n6l9bjdqiyz,1288,right side,,Abnormal Gait,stroke,"{'top': 29.0, 'left': 175.7391304347826, 'height': 330.7391304347826, 'width': 178.2608695652174}","{'height': 360, 'width': 640, 'mime_type': 'video/mp4'}",fbY4O04uunE,https://www.youtube.com/watch?v=fbY4O04uunE
clk6lbly5003m3n6l9bjdqiyz,1289,right side,,Abnormal Gait,stroke,"{'top': 29.0, 'left': 175.72173913043477, 'height': 330.7217391304348, 'width': 178.27826086956523}","{'height': 360, 'width': 640, 'mime_type': 'video/mp4'}",fbY4O04uunE,https://www.youtube.com/watch?v=fbY4O04uunE
clk6lbly5003m3n6l9bjdqiyz,1290,right side,,Abnormal Gait,stroke,"{'top': 29.0, 'left': 175.70434782608694, 'height': 330.704347826087, 'width': 178.29565217391306}","{'height': 360, 'width': 640, 'mime_type': 'video/mp4'}",fbY4O04uunE,https://www.youtube.com/watch?v=fbY4O04uunE
clk6lbly5003m3n6l9bjdqiyz,1291,right side,,Abnormal Gait,stroke,"{'top': 29.0, 'left': 175.68695652173912, 'height': 330.68695652173915, 'width': 178.31304347826088}","{'height': 360, 'width': 640, 'mime_type': 'video/mp4'}",fbY4O04uunE,https://www.youtube.com/watch?v=fbY4O04uunE
clk6lbly5003m3n6l9bjdqiyz,1292,right side,,Abnormal Gait,stroke,"{'top': 29.0, 'left': 175.6695652173913, 'height': 330.6695652173913, 'width': 178.3304347826087}","{'height': 360, 'width': 640, 'mime_type': 'video/mp4'}",fbY4O04uunE,https://www.youtube.com/watch?v=fbY4O04uunE
clk6lbly5003m3n6l9bjdqiyz,1293,right side,,Abnormal Gait,stroke,"{'top': 29.0, 'left': 175.65217391304347, 'height': 330.6521739130435, 'width': 178.34782608695653}","{'height': 360, 'width': 640, 'mime_type': 'video/mp4'}",fbY4O04uunE,https://www.youtube.com/watch?v=fbY4O04uunE
clk6lbly5003m3n6l9bjdqiyz,1294,right side,,Abnormal Gait,stroke,"{'top': 29.0, 'left': 175.63478260869564, 'height': 330.6347826086957, 'width': 178.36521739130436}","{'height': 360, 'width': 640, 'mime_type': 'video/mp4'}",fbY4O04uunE,https://www.youtube.com/watch?v=fbY4O04uunE
clk6lbly5003m3n6l9bjdqiyz,1295,right side,,Abnormal Gait,stroke,"{'top': 29.0, 'left': 175.61739130434782, 'height': 330.61739130434785, 'width': 178.38260869565218}","{'height': 360, 'width': 640, 'mime_type': 'video/mp4'}",fbY4O04uunE,https://www.youtube.com/watch?v=fbY4O04uunE
clk6lbly5003m3n6l9bjdqiyz,1296,right side,,Abnormal Gait,stroke,"{'top': 29.0, 'left': 175.6, 'height': 330.6, 'width': 178.4}","{'height': 360, 'width': 640, 'mime_type': 'video/mp4'}",fbY4O04uunE,https://www.youtube.com/watch?v=fbY4O04uunE
clk6lbly5003m3n6l9bjdqiyz,1297,right side,,Abnormal Gait,stroke,"{'top': 29.0, 'left': 175.58260869565217, 'height': 330.5826086956522, 'width': 178.41739130434783}","{'height': 360, 'width': 640, 'mime_type': 'video/mp4'}",fbY4O04uunE,https://www.youtube.com/watch?v=fbY4O04uunE
clk6lbly5003m3n6l9bjdqiyz,1298,right side,,Abnormal Gait,stroke,"{'top': 29.0, 'left': 175.56521739130434, 'height': 330.5652173913044, 'width': 178.43478260869566}","{'height': 360, 'width': 640, 'mime_type': 'video/mp4'}",fbY4O04uunE,https://www.youtube.com/watch?v=fbY4O04uunE
clk6lbly5003m3n6l9bjdqiyz,1299,right side,,Abnormal Gait,stroke,"{'top': 29.0, 'left': 175.54782608695652, 'height': 330.54782608695655, 'width': 178.45217391304348}","{'height': 360, 'width': 640, 'mime_type': 'video/mp4'}",fbY4O04uunE,https://www.youtube.com/watch?v=fbY4O04uunE
clk6lbly5003m3n6l9bjdqiyz,1300,right side,,Abnormal Gait,stroke,"{'top': 29.0, 'left': 175.5304347826087, 'height': 330.5304347826087, 'width': 178.4695652173913}","{'height': 360, 'width': 640, 'mime_type': 'video/mp4'}",fbY4O04uunE,https://www.youtube.com/watch?v=fbY4O04uunE
clk6lbly5003m3n6l9bjdqiyz,1301,right side,,Abnormal Gait,stroke,"{'top': 29.0, 'left': 175.51304347826087, 'height': 330.5130434782609, 'width': 178.48695652173913}","{'height': 360, 'width': 640, 'mime_type': 'video/mp4'}",fbY4O04uunE,https://www.youtube.com/watch?v=fbY4O04uunE
clk6lbly5003m3n6l9bjdqiyz,1302,right side,,Abnormal Gait,stroke,"{'top': 29.0, 'left': 175.49565217391304, 'height': 330.495652173913, 'width': 178.50434782608696}","{'height': 360, 'width': 640, 'mime_type': 'video/mp4'}",fbY4O04uunE,https://www.youtube.com/watch?v=fbY4O04uunE
clk6lbly5003m3n6l9bjdqiyz,1303,right side,,Abnormal Gait,stroke,"{'top': 29.0, 'left': 175.47826086956522, 'height': 330.4782608695652, 'width': 178.52173913043478}","{'height': 360, 'width': 640, 'mime_type': 'video/mp4'}",fbY4O04uunE,https://www.youtube.com/watch?v=fbY4O04uunE
clk6lbly5003m3n6l9bjdqiyz,1304,right side,,Abnormal Gait,stroke,"{'top': 29.0, 'left': 175.4608695652174, 'height': 330.46086956521737, 'width': 178.5391304347826}","{'height': 360, 'width': 640, 'mime_type': 'video/mp4'}",fbY4O04uunE,https://www.youtube.com/watch?v=fbY4O04uunE
clk6lbly5003m3n6l9bjdqiyz,1305,right side,,Abnormal Gait,stroke,"{'top': 29.0, 'left': 175.44347826086957, 'height': 330.44347826086954, 'width': 178.55652173913043}","{'height': 360, 'width': 640, 'mime_type': 'video/mp4'}",fbY4O04uunE,https://www.youtube.com/watch?v=fbY4O04uunE
clk6lbly5003m3n6l9bjdqiyz,1306,right side,,Abnormal Gait,stroke,"{'top': 29.0, 'left': 175.42608695652174, 'height': 330.4260869565217, 'width': 178.57391304347826}","{'height': 360, 'width': 640, 'mime_type': 'video/mp4'}",fbY4O04uunE,https://www.youtube.com/watch?v=fbY4O04uunE
clk6lbly5003m3n6l9bjdqiyz,1307,right side,,Abnormal Gait,stroke,"{'top': 29.0, 'left': 175.40869565217392, 'height': 330.4086956521739, 'width': 178.59130434782608}","{'height': 360, 'width': 640, 'mime_type': 'video/mp4'}",fbY4O04uunE,https://www.youtube.com/watch?v=fbY4O04uunE
clk6lbly5003m3n6l9bjdqiyz,1308,right side,,Abnormal Gait,stroke,"{'top': 29.0, 'left': 175.3913043478261, 'height': 330.39130434782606, 'width': 178.6086956521739}","{'height': 360, 'width': 640, 'mime_type': 'video/mp4'}",fbY4O04uunE,https://www.youtube.com/watch?v=fbY4O04uunE
clk6lbly5003m3n6l9bjdqiyz,1309,right side,,Abnormal Gait,stroke,"{'top': 29.0, 'left': 175.37391304347827, 'height': 330.37391304347824, 'width': 178.62608695652173}","{'height': 360, 'width': 640, 'mime_type': 'video/mp4'}",fbY4O04uunE,https://www.youtube.com/watch?v=fbY4O04uunE
clk6lbly5003m3n6l9bjdqiyz,1310,right side,,Abnormal Gait,stroke,"{'top': 29.0, 'left': 175.35652173913044, 'height': 330.3565217391304, 'width': 178.64347826086956}","{'height': 360, 'width': 640, 'mime_type': 'video/mp4'}",fbY4O04uunE,https://www.youtube.com/watch?v=fbY4O04uunE
clk6lbly5003m3n6l9bjdqiyz,1311,right side,,Abnormal Gait,stroke,"{'top': 29.0, 'left': 175.33913043478262, 'height': 330.3391304347826, 'width': 178.66086956521738}","{'height': 360, 'width': 640, 'mime_type': 'video/mp4'}",fbY4O04uunE,https://www.youtube.com/watch?v=fbY4O04uunE
clk6lbly5003m3n6l9bjdqiyz,1312,right side,,Abnormal Gait,stroke,"{'top': 29.0, 'left': 175.3217391304348, 'height': 330.32173913043476, 'width': 178.6782608695652}","{'height': 360, 'width': 640, 'mime_type': 'video/mp4'}",fbY4O04uunE,https://www.youtube.com/watch?v=fbY4O04uunE
clk6lbly5003m3n6l9bjdqiyz,1313,right side,,Abnormal Gait,stroke,"{'top': 29.0, 'left': 175.30434782608697, 'height': 330.30434782608694, 'width': 178.69565217391303}","{'height': 360, 'width': 640, 'mime_type': 'video/mp4'}",fbY4O04uunE,https://www.youtube.com/watch?v=fbY4O04uunE
clk6lbly5003m3n6l9bjdqiyz,1314,right side,,Abnormal Gait,stroke,"{'top': 29.0, 'left': 175.28695652173914, 'height': 330.2869565217391, 'width': 178.71304347826086}","{'height': 360, 'width': 640, 'mime_type': 'video/mp4'}",fbY4O04uunE,https://www.youtube.com/watch?v=fbY4O04uunE
clk6lbly5003m3n6l9bjdqiyz,1315,right side,,Abnormal Gait,stroke,"{'top': 29.0, 'left': 175.26956521739132, 'height': 330.2695652173913, 'width': 178.73043478260868}","{'height': 360, 'width': 640, 'mime_type': 'video/mp4'}",fbY4O04uunE,https://www.youtube.com/watch?v=fbY4O04uunE
clk6lbly5003m3n6l9bjdqiyz,1316,right side,,Abnormal Gait,stroke,"{'top': 29.0, 'left': 175.2521739130435, 'height': 330.25217391304346, 'width': 178.7478260869565}","{'height': 360, 'width': 640, 'mime_type': 'video/mp4'}",fbY4O04uunE,https://www.youtube.com/watch?v=fbY4O04uunE
clk6lbly5003m3n6l9bjdqiyz,1317,right side,,Abnormal Gait,stroke,"{'top': 29.0, 'left': 175.23478260869564, 'height': 330.23478260869564, 'width': 178.76521739130436}","{'height': 360, 'width': 640, 'mime_type': 'video/mp4'}",fbY4O04uunE,https://www.youtube.com/watch?v=fbY4O04uunE
clk6lbly5003m3n6l9bjdqiyz,1318,right side,,Abnormal Gait,stroke,"{'top': 29.0, 'left': 175.2173913043478, 'height': 330.2173913043478, 'width': 178.7826086956522}","{'height': 360, 'width': 640, 'mime_type': 'video/mp4'}",fbY4O04uunE,https://www.youtube.com/watch?v=fbY4O04uunE
clk6lbly5003m3n6l9bjdqiyz,1319,right side,,Abnormal Gait,stroke,"{'top': 29.0, 'left': 175.2, 'height': 330.2, 'width': 178.8}","{'height': 360, 'width': 640, 'mime_type': 'video/mp4'}",fbY4O04uunE,https://www.youtube.com/watch?v=fbY4O04uunE
clk6lbly5003m3n6l9bjdqiyz,1320,right side,,Abnormal Gait,stroke,"{'top': 29.0, 'left': 175.18260869565216, 'height': 330.18260869565216, 'width': 178.81739130434784}","{'height': 360, 'width': 640, 'mime_type': 'video/mp4'}",fbY4O04uunE,https://www.youtube.com/watch?v=fbY4O04uunE
clk6lbly5003m3n6l9bjdqiyz,1321,right side,,Abnormal Gait,stroke,"{'top': 29.0, 'left': 175.16521739130434, 'height': 330.16521739130434, 'width': 178.83478260869566}","{'height': 360, 'width': 640, 'mime_type': 'video/mp4'}",fbY4O04uunE,https://www.youtube.com/watch?v=fbY4O04uunE
clk6lbly5003m3n6l9bjdqiyz,1322,right side,,Abnormal Gait,stroke,"{'top': 29.0, 'left': 175.1478260869565, 'height': 330.1478260869565, 'width': 178.8521739130435}","{'height': 360, 'width': 640, 'mime_type': 'video/mp4'}",fbY4O04uunE,https://www.youtube.com/watch?v=fbY4O04uunE
clk6lbly5003m3n6l9bjdqiyz,1323,right side,,Abnormal Gait,stroke,"{'top': 29.0, 'left': 175.1304347826087, 'height': 330.1304347826087, 'width': 178.8695652173913}","{'height': 360, 'width': 640, 'mime_type': 'video/mp4'}",fbY4O04uunE,https://www.youtube.com/watch?v=fbY4O04uunE
clk6lbly5003m3n6l9bjdqiyz,1324,right side,,Abnormal Gait,stroke,"{'top': 29.0, 'left': 175.11304347826086, 'height': 330.11304347826086, 'width': 178.88695652173914}","{'height': 360, 'width': 640, 'mime_type': 'video/mp4'}",fbY4O04uunE,https://www.youtube.com/watch?v=fbY4O04uunE
clk6lbly5003m3n6l9bjdqiyz,1325,right side,,Abnormal Gait,stroke,"{'top': 29.0, 'left': 175.09565217391304, 'height': 330.09565217391304, 'width': 178.90434782608696}","{'height': 360, 'width': 640, 'mime_type': 'video/mp4'}",fbY4O04uunE,https://www.youtube.com/watch?v=fbY4O04uunE
clk6lbly5003m3n6l9bjdqiyz,1326,right side,,Abnormal Gait,stroke,"{'top': 29.0, 'left': 175.0782608695652, 'height': 330.0782608695652, 'width': 178.9217391304348}","{'height': 360, 'width': 640, 'mime_type': 'video/mp4'}",fbY4O04uunE,https://www.youtube.com/watch?v=fbY4O04uunE
clk6lbly5003m3n6l9bjdqiyz,1327,right side,,Abnormal Gait,stroke,"{'top': 29.0, 'left': 175.0608695652174, 'height': 330.0608695652174, 'width': 178.9391304347826}","{'height': 360, 'width': 640, 'mime_type': 'video/mp4'}",fbY4O04uunE,https://www.youtube.com/watch?v=fbY4O04uunE
clk6lbly5003m3n6l9bjdqiyz,1328,right side,,Abnormal Gait,stroke,"{'top': 29.0, 'left': 175.04347826086956, 'height': 330.04347826086956, 'width': 178.95652173913044}","{'height': 360, 'width': 640, 'mime_type': 'video/mp4'}",fbY4O04uunE,https://www.youtube.com/watch?v=fbY4O04uunE
clk6lbly5003m3n6l9bjdqiyz,1329,right side,,Abnormal Gait,stroke,"{'top': 29.0, 'left': 175.02608695652174, 'height': 330.02608695652174, 'width': 178.97391304347826}","{'height': 360, 'width': 640, 'mime_type': 'video/mp4'}",fbY4O04uunE,https://www.youtube.com/watch?v=fbY4O04uunE
clk6lbly5003m3n6l9bjdqiyz,1330,right side,,Abnormal Gait,stroke,"{'top': 29.0, 'left': 175.0086956521739, 'height': 330.0086956521739, 'width': 178.9913043478261}","{'height': 360, 'width': 640, 'mime_type': 'video/mp4'}",fbY4O04uunE,https://www.youtube.com/watch?v=fbY4O04uunE
clk6lbly5003m3n6l9bjdqiyz,1331,right side,,Abnormal Gait,stroke,"{'top': 29.0, 'left': 174.9913043478261, 'height': 329.9913043478261, 'width': 179.0086956521739}","{'height': 360, 'width': 640, 'mime_type': 'video/mp4'}",fbY4O04uunE,https://www.youtube.com/watch?v=fbY4O04uunE
clk6lbly5003m3n6l9bjdqiyz,1332,right side,,Abnormal Gait,stroke,"{'top': 29.0, 'left': 174.97391304347826, 'height': 329.97391304347826, 'width': 179.02608695652174}","{'height': 360, 'width': 640, 'mime_type': 'video/mp4'}",fbY4O04uunE,https://www.youtube.com/watch?v=fbY4O04uunE
clk6lbly5003m3n6l9bjdqiyz,1333,right side,,Abnormal Gait,stroke,"{'top': 29.0, 'left': 174.95652173913044, 'height': 329.95652173913044, 'width': 179.04347826086956}","{'height': 360, 'width': 640, 'mime_type': 'video/mp4'}",fbY4O04uunE,https://www.youtube.com/watch?v=fbY4O04uunE
clk6lbly5003m3n6l9bjdqiyz,1334,right side,,Abnormal Gait,stroke,"{'top': 29.0, 'left': 174.9391304347826, 'height': 329.9391304347826, 'width': 179.0608695652174}","{'height': 360, 'width': 640, 'mime_type': 'video/mp4'}",fbY4O04uunE,https://www.youtube.com/watch?v=fbY4O04uunE
clk6lbly5003m3n6l9bjdqiyz,1335,right side,,Abnormal Gait,stroke,"{'top': 29.0, 'left': 174.9217391304348, 'height': 329.9217391304348, 'width': 179.0782608695652}","{'height': 360, 'width': 640, 'mime_type': 'video/mp4'}",fbY4O04uunE,https://www.youtube.com/watch?v=fbY4O04uunE
clk6lbly5003m3n6l9bjdqiyz,1336,right side,,Abnormal Gait,stroke,"{'top': 29.0, 'left': 174.90434782608696, 'height': 329.90434782608696, 'width': 179.09565217391304}","{'height': 360, 'width': 640, 'mime_type': 'video/mp4'}",fbY4O04uunE,https://www.youtube.com/watch?v=fbY4O04uunE
clk6lbly5003m3n6l9bjdqiyz,1337,right side,,Abnormal Gait,stroke,"{'top': 29.0, 'left': 174.88695652173914, 'height': 329.88695652173914, 'width': 179.11304347826086}","{'height': 360, 'width': 640, 'mime_type': 'video/mp4'}",fbY4O04uunE,https://www.youtube.com/watch?v=fbY4O04uunE
clk6lbly5003m3n6l9bjdqiyz,1338,right side,,Abnormal Gait,stroke,"{'top': 29.0, 'left': 174.8695652173913, 'height': 329.8695652173913, 'width': 179.1304347826087}","{'height': 360, 'width': 640, 'mime_type': 'video/mp4'}",fbY4O04uunE,https://www.youtube.com/watch?v=fbY4O04uunE
clk6lbly5003m3n6l9bjdqiyz,1339,right side,,Abnormal Gait,stroke,"{'top': 29.0, 'left': 174.8521739130435, 'height': 329.8521739130435, 'width': 179.1478260869565}","{'height': 360, 'width': 640, 'mime_type': 'video/mp4'}",fbY4O04uunE,https://www.youtube.com/watch?v=fbY4O04uunE
clk6lbly5003m3n6l9bjdqiyz,1340,right side,,Abnormal Gait,stroke,"{'top': 29.0, 'left': 174.83478260869566, 'height': 329.83478260869566, 'width': 179.16521739130434}","{'height': 360, 'width': 640, 'mime_type': 'video/mp4'}",fbY4O04uunE,https://www.youtube.com/watch?v=fbY4O04uunE
clk6lbly5003m3n6l9bjdqiyz,1341,right side,,Abnormal Gait,stroke,"{'top': 29.0, 'left': 174.81739130434784, 'height': 329.81739130434784, 'width': 179.18260869565216}","{'height': 360, 'width': 640, 'mime_type': 'video/mp4'}",fbY4O04uunE,https://www.youtube.com/watch?v=fbY4O04uunE
clk6lbly5003m3n6l9bjdqiyz,1342,right side,,Abnormal Gait,stroke,"{'top': 29.0, 'left': 174.8, 'height': 329.8, 'width': 179.2}","{'height': 360, 'width': 640, 'mime_type': 'video/mp4'}",fbY4O04uunE,https://www.youtube.com/watch?v=fbY4O04uunE
clk6lbly5003m3n6l9bjdqiyz,1343,right side,,Abnormal Gait,stroke,"{'top': 29.0, 'left': 174.7826086956522, 'height': 329.7826086956522, 'width': 179.2173913043478}","{'height': 360, 'width': 640, 'mime_type': 'video/mp4'}",fbY4O04uunE,https://www.youtube.com/watch?v=fbY4O04uunE
clk6lbly5003m3n6l9bjdqiyz,1344,right side,,Abnormal Gait,stroke,"{'top': 29.0, 'left': 174.76521739130436, 'height': 329.76521739130436, 'width': 179.23478260869564}","{'height': 360, 'width': 640, 'mime_type': 'video/mp4'}",fbY4O04uunE,https://www.youtube.com/watch?v=fbY4O04uunE
clk6lbly5003m3n6l9bjdqiyz,1345,right side,,Abnormal Gait,stroke,"{'top': 29.0, 'left': 174.7478260869565, 'height': 329.74782608695654, 'width': 179.2521739130435}","{'height': 360, 'width': 640, 'mime_type': 'video/mp4'}",fbY4O04uunE,https://www.youtube.com/watch?v=fbY4O04uunE
clk6lbly5003m3n6l9bjdqiyz,1346,right side,,Abnormal Gait,stroke,"{'top': 29.0, 'left': 174.73043478260868, 'height': 329.7304347826087, 'width': 179.26956521739132}","{'height': 360, 'width': 640, 'mime_type': 'video/mp4'}",fbY4O04uunE,https://www.youtube.com/watch?v=fbY4O04uunE
clk6lbly5003m3n6l9bjdqiyz,1347,right side,,Abnormal Gait,stroke,"{'top': 29.0, 'left': 174.71304347826086, 'height': 329.7130434782609, 'width': 179.28695652173914}","{'height': 360, 'width': 640, 'mime_type': 'video/mp4'}",fbY4O04uunE,https://www.youtube.com/watch?v=fbY4O04uunE
clk6lbly5003m3n6l9bjdqiyz,1348,right side,,Abnormal Gait,stroke,"{'top': 29.0, 'left': 174.69565217391303, 'height': 329.69565217391306, 'width': 179.30434782608697}","{'height': 360, 'width': 640, 'mime_type': 'video/mp4'}",fbY4O04uunE,https://www.youtube.com/watch?v=fbY4O04uunE
clk6lbly5003m3n6l9bjdqiyz,1349,right side,,Abnormal Gait,stroke,"{'top': 29.0, 'left': 174.6782608695652, 'height': 329.67826086956524, 'width': 179.3217391304348}","{'height': 360, 'width': 640, 'mime_type': 'video/mp4'}",fbY4O04uunE,https://www.youtube.com/watch?v=fbY4O04uunE
clk6lbly5003m3n6l9bjdqiyz,1350,right side,,Abnormal Gait,stroke,"{'top': 29.0, 'left': 174.66086956521738, 'height': 329.6608695652174, 'width': 179.33913043478262}","{'height': 360, 'width': 640, 'mime_type': 'video/mp4'}",fbY4O04uunE,https://www.youtube.com/watch?v=fbY4O04uunE
clk6lbly5003m3n6l9bjdqiyz,1351,right side,,Abnormal Gait,stroke,"{'top': 29.0, 'left': 174.64347826086956, 'height': 329.6434782608696, 'width': 179.35652173913044}","{'height': 360, 'width': 640, 'mime_type': 'video/mp4'}",fbY4O04uunE,https://www.youtube.com/watch?v=fbY4O04uunE
clk6lbly5003m3n6l9bjdqiyz,1352,right side,,Abnormal Gait,stroke,"{'top': 29.0, 'left': 174.62608695652173, 'height': 329.62608695652176, 'width': 179.37391304347827}","{'height': 360, 'width': 640, 'mime_type': 'video/mp4'}",fbY4O04uunE,https://www.youtube.com/watch?v=fbY4O04uunE
clk6lbly5003m3n6l9bjdqiyz,1353,right side,,Abnormal Gait,stroke,"{'top': 29.0, 'left': 174.6086956521739, 'height': 329.60869565217394, 'width': 179.3913043478261}","{'height': 360, 'width': 640, 'mime_type': 'video/mp4'}",fbY4O04uunE,https://www.youtube.com/watch?v=fbY4O04uunE
clk6lbly5003m3n6l9bjdqiyz,1354,right side,,Abnormal Gait,stroke,"{'top': 29.0, 'left': 174.59130434782608, 'height': 329.5913043478261, 'width': 179.40869565217392}","{'height': 360, 'width': 640, 'mime_type': 'video/mp4'}",fbY4O04uunE,https://www.youtube.com/watch?v=fbY4O04uunE
clk6lbly5003m3n6l9bjdqiyz,1355,right side,,Abnormal Gait,stroke,"{'top': 29.0, 'left': 174.57391304347826, 'height': 329.5739130434783, 'width': 179.42608695652174}","{'height': 360, 'width': 640, 'mime_type': 'video/mp4'}",fbY4O04uunE,https://www.youtube.com/watch?v=fbY4O04uunE
clk6lbly5003m3n6l9bjdqiyz,1356,right side,,Abnormal Gait,stroke,"{'top': 29.0, 'left': 174.55652173913043, 'height': 329.55652173913046, 'width': 179.44347826086957}","{'height': 360, 'width': 640, 'mime_type': 'video/mp4'}",fbY4O04uunE,https://www.youtube.com/watch?v=fbY4O04uunE
clk6lbly5003m3n6l9bjdqiyz,1357,right side,,Abnormal Gait,stroke,"{'top': 29.0, 'left': 174.5391304347826, 'height': 329.53913043478263, 'width': 179.4608695652174}","{'height': 360, 'width': 640, 'mime_type': 'video/mp4'}",fbY4O04uunE,https://www.youtube.com/watch?v=fbY4O04uunE
clk6lbly5003m3n6l9bjdqiyz,1358,right side,,Abnormal Gait,stroke,"{'top': 29.0, 'left': 174.52173913043478, 'height': 329.5217391304348, 'width': 179.47826086956522}","{'height': 360, 'width': 640, 'mime_type': 'video/mp4'}",fbY4O04uunE,https://www.youtube.com/watch?v=fbY4O04uunE
clk6lbly5003m3n6l9bjdqiyz,1359,right side,,Abnormal Gait,stroke,"{'top': 29.0, 'left': 174.50434782608696, 'height': 329.504347826087, 'width': 179.49565217391304}","{'height': 360, 'width': 640, 'mime_type': 'video/mp4'}",fbY4O04uunE,https://www.youtube.com/watch?v=fbY4O04uunE
clk6lbly5003m3n6l9bjdqiyz,1360,right side,,Abnormal Gait,stroke,"{'top': 29.0, 'left': 174.48695652173913, 'height': 329.4869565217391, 'width': 179.51304347826087}","{'height': 360, 'width': 640, 'mime_type': 'video/mp4'}",fbY4O04uunE,https://www.youtube.com/watch?v=fbY4O04uunE
clk6lbly5003m3n6l9bjdqiyz,1361,right side,,Abnormal Gait,stroke,"{'top': 29.0, 'left': 174.4695652173913, 'height': 329.4695652173913, 'width': 179.5304347826087}","{'height': 360, 'width': 640, 'mime_type': 'video/mp4'}",fbY4O04uunE,https://www.youtube.com/watch?v=fbY4O04uunE
clk6lbly5003m3n6l9bjdqiyz,1362,right side,,Abnormal Gait,stroke,"{'top': 29.0, 'left': 174.45217391304348, 'height': 329.45217391304345, 'width': 179.54782608695652}","{'height': 360, 'width': 640, 'mime_type': 'video/mp4'}",fbY4O04uunE,https://www.youtube.com/watch?v=fbY4O04uunE
clk6lbly5003m3n6l9bjdqiyz,1363,right side,,Abnormal Gait,stroke,"{'top': 29.0, 'left': 174.43478260869566, 'height': 329.4347826086956, 'width': 179.56521739130434}","{'height': 360, 'width': 640, 'mime_type': 'video/mp4'}",fbY4O04uunE,https://www.youtube.com/watch?v=fbY4O04uunE
clk6lbly5003m3n6l9bjdqiyz,1364,right side,,Abnormal Gait,stroke,"{'top': 29.0, 'left': 174.41739130434783, 'height': 329.4173913043478, 'width': 179.58260869565217}","{'height': 360, 'width': 640, 'mime_type': 'video/mp4'}",fbY4O04uunE,https://www.youtube.com/watch?v=fbY4O04uunE
clk6lbly5003m3n6l9bjdqiyz,1365,right side,,Abnormal Gait,stroke,"{'top': 29.0, 'left': 174.4, 'height': 329.4, 'width': 179.6}","{'height': 360, 'width': 640, 'mime_type': 'video/mp4'}",fbY4O04uunE,https://www.youtube.com/watch?v=fbY4O04uunE
clk6lbly5003m3n6l9bjdqiyz,1366,right side,,Abnormal Gait,stroke,"{'top': 29.0, 'left': 174.38260869565218, 'height': 329.38260869565215, 'width': 179.61739130434782}","{'height': 360, 'width': 640, 'mime_type': 'video/mp4'}",fbY4O04uunE,https://www.youtube.com/watch?v=fbY4O04uunE
clk6lbly5003m3n6l9bjdqiyz,1367,right side,,Abnormal Gait,stroke,"{'top': 29.0, 'left': 174.36521739130436, 'height': 329.3652173913043, 'width': 179.63478260869564}","{'height': 360, 'width': 640, 'mime_type': 'video/mp4'}",fbY4O04uunE,https://www.youtube.com/watch?v=fbY4O04uunE
clk6lbly5003m3n6l9bjdqiyz,1368,right side,,Abnormal Gait,stroke,"{'top': 29.0, 'left': 174.34782608695653, 'height': 329.3478260869565, 'width': 179.65217391304347}","{'height': 360, 'width': 640, 'mime_type': 'video/mp4'}",fbY4O04uunE,https://www.youtube.com/watch?v=fbY4O04uunE
clk6lbly5003m3n6l9bjdqiyz,1369,right side,,Abnormal Gait,stroke,"{'top': 29.0, 'left': 174.3304347826087, 'height': 329.3304347826087, 'width': 179.6695652173913}","{'height': 360, 'width': 640, 'mime_type': 'video/mp4'}",fbY4O04uunE,https://www.youtube.com/watch?v=fbY4O04uunE
clk6lbly5003m3n6l9bjdqiyz,1370,right side,,Abnormal Gait,stroke,"{'top': 29.0, 'left': 174.31304347826088, 'height': 329.31304347826085, 'width': 179.68695652173912}","{'height': 360, 'width': 640, 'mime_type': 'video/mp4'}",fbY4O04uunE,https://www.youtube.com/watch?v=fbY4O04uunE
clk6lbly5003m3n6l9bjdqiyz,1371,right side,,Abnormal Gait,stroke,"{'top': 29.0, 'left': 174.29565217391306, 'height': 329.295652173913, 'width': 179.70434782608694}","{'height': 360, 'width': 640, 'mime_type': 'video/mp4'}",fbY4O04uunE,https://www.youtube.com/watch?v=fbY4O04uunE
clk6lbly5003m3n6l9bjdqiyz,1372,right side,,Abnormal Gait,stroke,"{'top': 29.0, 'left': 174.27826086956523, 'height': 329.2782608695652, 'width': 179.72173913043477}","{'height': 360, 'width': 640, 'mime_type': 'video/mp4'}",fbY4O04uunE,https://www.youtube.com/watch?v=fbY4O04uunE
clk6lbly5003m3n6l9bjdqiyz,1373,right side,,Abnormal Gait,stroke,"{'top': 29.0, 'left': 174.2608695652174, 'height': 329.2608695652174, 'width': 179.7391304347826}","{'height': 360, 'width': 640, 'mime_type': 'video/mp4'}",fbY4O04uunE,https://www.youtube.com/watch?v=fbY4O04uunE
clk6lbly5003m3n6l9bjdqiyz,1374,right side,,Abnormal Gait,stroke,"{'top': 29.0, 'left': 174.24347826086955, 'height': 329.24347826086955, 'width': 179.75652173913045}","{'height': 360, 'width': 640, 'mime_type': 'video/mp4'}",fbY4O04uunE,https://www.youtube.com/watch?v=fbY4O04uunE
clk6lbly5003m3n6l9bjdqiyz,1375,right side,,Abnormal Gait,stroke,"{'top': 29.0, 'left': 174.22608695652173, 'height': 329.2260869565217, 'width': 179.77391304347827}","{'height': 360, 'width': 640, 'mime_type': 'video/mp4'}",fbY4O04uunE,https://www.youtube.com/watch?v=fbY4O04uunE
clk6lbly5003m3n6l9bjdqiyz,1376,right side,,Abnormal Gait,stroke,"{'top': 29.0, 'left': 174.2086956521739, 'height': 329.2086956521739, 'width': 179.7913043478261}","{'height': 360, 'width': 640, 'mime_type': 'video/mp4'}",fbY4O04uunE,https://www.youtube.com/watch?v=fbY4O04uunE
clk6lbly5003m3n6l9bjdqiyz,1377,right side,,Abnormal Gait,stroke,"{'top': 29.0, 'left': 174.19130434782608, 'height': 329.1913043478261, 'width': 179.80869565217392}","{'height': 360, 'width': 640, 'mime_type': 'video/mp4'}",fbY4O04uunE,https://www.youtube.com/watch?v=fbY4O04uunE
clk6lbly5003m3n6l9bjdqiyz,1378,right side,,Abnormal Gait,stroke,"{'top': 29.0, 'left': 174.17391304347825, 'height': 329.17391304347825, 'width': 179.82608695652175}","{'height': 360, 'width': 640, 'mime_type': 'video/mp4'}",fbY4O04uunE,https://www.youtube.com/watch?v=fbY4O04uunE
clk6lbly5003m3n6l9bjdqiyz,1379,right side,,Abnormal Gait,stroke,"{'top': 29.0, 'left': 174.15652173913043, 'height': 329.1565217391304, 'width': 179.84347826086957}","{'height': 360, 'width': 640, 'mime_type': 'video/mp4'}",fbY4O04uunE,https://www.youtube.com/watch?v=fbY4O04uunE
clk6lbly5003m3n6l9bjdqiyz,1380,right side,,Abnormal Gait,stroke,"{'top': 29.0, 'left': 174.1391304347826, 'height': 329.1391304347826, 'width': 179.8608695652174}","{'height': 360, 'width': 640, 'mime_type': 'video/mp4'}",fbY4O04uunE,https://www.youtube.com/watch?v=fbY4O04uunE
clk6lbly5003m3n6l9bjdqiyz,1381,right side,,Abnormal Gait,stroke,"{'top': 29.0, 'left': 174.12173913043478, 'height': 329.1217391304348, 'width': 179.87826086956522}","{'height': 360, 'width': 640, 'mime_type': 'video/mp4'}",fbY4O04uunE,https://www.youtube.com/watch?v=fbY4O04uunE
clk6lbly5003m3n6l9bjdqiyz,1382,right side,,Abnormal Gait,stroke,"{'top': 29.0, 'left': 174.10434782608695, 'height': 329.10434782608695, 'width': 179.89565217391305}","{'height': 360, 'width': 640, 'mime_type': 'video/mp4'}",fbY4O04uunE,https://www.youtube.com/watch?v=fbY4O04uunE
clk6lbly5003m3n6l9bjdqiyz,1383,right side,,Abnormal Gait,stroke,"{'top': 29.0, 'left': 174.08695652173913, 'height': 329.0869565217391, 'width': 179.91304347826087}","{'height': 360, 'width': 640, 'mime_type': 'video/mp4'}",fbY4O04uunE,https://www.youtube.com/watch?v=fbY4O04uunE
clk6lbly5003m3n6l9bjdqiyz,1384,right side,,Abnormal Gait,stroke,"{'top': 29.0, 'left': 174.0695652173913, 'height': 329.0695652173913, 'width': 179.9304347826087}","{'height': 360, 'width': 640, 'mime_type': 'video/mp4'}",fbY4O04uunE,https://www.youtube.com/watch?v=fbY4O04uunE
clk6lbly5003m3n6l9bjdqiyz,1385,right side,,Abnormal Gait,stroke,"{'top': 29.0, 'left': 174.05217391304348, 'height': 329.0521739130435, 'width': 179.94782608695652}","{'height': 360, 'width': 640, 'mime_type': 'video/mp4'}",fbY4O04uunE,https://www.youtube.com/watch?v=fbY4O04uunE
clk6lbly5003m3n6l9bjdqiyz,1386,right side,,Abnormal Gait,stroke,"{'top': 29.0, 'left': 174.03478260869565, 'height': 329.03478260869565, 'width': 179.96521739130435}","{'height': 360, 'width': 640, 'mime_type': 'video/mp4'}",fbY4O04uunE,https://www.youtube.com/watch?v=fbY4O04uunE
clk6lbly5003m3n6l9bjdqiyz,1387,right side,,Abnormal Gait,stroke,"{'top': 29.0, 'left': 174.01739130434783, 'height': 329.0173913043478, 'width': 179.98260869565217}","{'height': 360, 'width': 640, 'mime_type': 'video/mp4'}",fbY4O04uunE,https://www.youtube.com/watch?v=fbY4O04uunE
clk6lbly5003m3n6l9bjdqiyz,1388,right side,,Abnormal Gait,stroke,"{'top': 29.0, 'left': 174.0, 'height': 329.0, 'width': 180.0}","{'height': 360, 'width': 640, 'mime_type': 'video/mp4'}",fbY4O04uunE,https://www.youtube.com/watch?v=fbY4O04uunE
clk6lbly5003m3n6l9bjdqiyz,1389,right side,,Abnormal Gait,stroke,"{'top': 29.0, 'left': 173.98260869565217, 'height': 328.9826086956522, 'width': 180.01739130434783}","{'height': 360, 'width': 640, 'mime_type': 'video/mp4'}",fbY4O04uunE,https://www.youtube.com/watch?v=fbY4O04uunE
clk6lbly5003m3n6l9bjdqiyz,1390,right side,,Abnormal Gait,stroke,"{'top': 29.0, 'left': 173.96521739130435, 'height': 328.96521739130435, 'width': 180.03478260869565}","{'height': 360, 'width': 640, 'mime_type': 'video/mp4'}",fbY4O04uunE,https://www.youtube.com/watch?v=fbY4O04uunE
clk6lbly5003m3n6l9bjdqiyz,1391,right side,,Abnormal Gait,stroke,"{'top': 29.0, 'left': 173.94782608695652, 'height': 328.9478260869565, 'width': 180.05217391304348}","{'height': 360, 'width': 640, 'mime_type': 'video/mp4'}",fbY4O04uunE,https://www.youtube.com/watch?v=fbY4O04uunE
clk6lbly5003m3n6l9bjdqiyz,1392,right side,,Abnormal Gait,stroke,"{'top': 29.0, 'left': 173.9304347826087, 'height': 328.9304347826087, 'width': 180.0695652173913}","{'height': 360, 'width': 640, 'mime_type': 'video/mp4'}",fbY4O04uunE,https://www.youtube.com/watch?v=fbY4O04uunE
clk6lbly5003m3n6l9bjdqiyz,1393,right side,,Abnormal Gait,stroke,"{'top': 29.0, 'left': 173.91304347826087, 'height': 328.9130434782609, 'width': 180.08695652173913}","{'height': 360, 'width': 640, 'mime_type': 'video/mp4'}",fbY4O04uunE,https://www.youtube.com/watch?v=fbY4O04uunE
clk6lbly5003m3n6l9bjdqiyz,1394,right side,,Abnormal Gait,stroke,"{'top': 29.0, 'left': 173.89565217391305, 'height': 328.89565217391305, 'width': 180.10434782608695}","{'height': 360, 'width': 640, 'mime_type': 'video/mp4'}",fbY4O04uunE,https://www.youtube.com/watch?v=fbY4O04uunE
clk6lbly5003m3n6l9bjdqiyz,1395,right side,,Abnormal Gait,stroke,"{'top': 29.0, 'left': 173.87826086956522, 'height': 328.8782608695652, 'width': 180.12173913043478}","{'height': 360, 'width': 640, 'mime_type': 'video/mp4'}",fbY4O04uunE,https://www.youtube.com/watch?v=fbY4O04uunE
clk6lbly5003m3n6l9bjdqiyz,1396,right side,,Abnormal Gait,stroke,"{'top': 29.0, 'left': 173.8608695652174, 'height': 328.8608695652174, 'width': 180.1391304347826}","{'height': 360, 'width': 640, 'mime_type': 'video/mp4'}",fbY4O04uunE,https://www.youtube.com/watch?v=fbY4O04uunE
clk6lbly5003m3n6l9bjdqiyz,1397,right side,,Abnormal Gait,stroke,"{'top': 29.0, 'left': 173.84347826086957, 'height': 328.8434782608696, 'width': 180.15652173913043}","{'height': 360, 'width': 640, 'mime_type': 'video/mp4'}",fbY4O04uunE,https://www.youtube.com/watch?v=fbY4O04uunE
clk6lbly5003m3n6l9bjdqiyz,1398,right side,,Abnormal Gait,stroke,"{'top': 29.0, 'left': 173.82608695652175, 'height': 328.82608695652175, 'width': 180.17391304347825}","{'height': 360, 'width': 640, 'mime_type': 'video/mp4'}",fbY4O04uunE,https://www.youtube.com/watch?v=fbY4O04uunE
clk6lbly5003m3n6l9bjdqiyz,1399,right side,,Abnormal Gait,stroke,"{'top': 29.0, 'left': 173.80869565217392, 'height': 328.8086956521739, 'width': 180.19130434782608}","{'height': 360, 'width': 640, 'mime_type': 'video/mp4'}",fbY4O04uunE,https://www.youtube.com/watch?v=fbY4O04uunE
clk6lbly5003m3n6l9bjdqiyz,1400,right side,,Abnormal Gait,stroke,"{'top': 29.0, 'left': 173.7913043478261, 'height': 328.7913043478261, 'width': 180.2086956521739}","{'height': 360, 'width': 640, 'mime_type': 'video/mp4'}",fbY4O04uunE,https://www.youtube.com/watch?v=fbY4O04uunE
clk6lbly5003m3n6l9bjdqiyz,1401,right side,,Abnormal Gait,stroke,"{'top': 29.0, 'left': 173.77391304347827, 'height': 328.7739130434783, 'width': 180.22608695652173}","{'height': 360, 'width': 640, 'mime_type': 'video/mp4'}",fbY4O04uunE,https://www.youtube.com/watch?v=fbY4O04uunE
clk6lbly5003m3n6l9bjdqiyz,1402,right side,,Abnormal Gait,stroke,"{'top': 29.0, 'left': 173.75652173913045, 'height': 328.75652173913045, 'width': 180.24347826086955}","{'height': 360, 'width': 640, 'mime_type': 'video/mp4'}",fbY4O04uunE,https://www.youtube.com/watch?v=fbY4O04uunE
clk6lbly5003m3n6l9bjdqiyz,1403,right side,,Abnormal Gait,stroke,"{'top': 29.0, 'left': 173.7391304347826, 'height': 328.7391304347826, 'width': 180.2608695652174}","{'height': 360, 'width': 640, 'mime_type': 'video/mp4'}",fbY4O04uunE,https://www.youtube.com/watch?v=fbY4O04uunE
clk6lbly5003m3n6l9bjdqiyz,1404,right side,,Abnormal Gait,stroke,"{'top': 29.0, 'left': 173.72173913043477, 'height': 328.7217391304348, 'width': 180.27826086956523}","{'height': 360, 'width': 640, 'mime_type': 'video/mp4'}",fbY4O04uunE,https://www.youtube.com/watch?v=fbY4O04uunE
clk6lbly5003m3n6l9bjdqiyz,1405,right side,,Abnormal Gait,stroke,"{'top': 29.0, 'left': 173.70434782608694, 'height': 328.704347826087, 'width': 180.29565217391306}","{'height': 360, 'width': 640, 'mime_type': 'video/mp4'}",fbY4O04uunE,https://www.youtube.com/watch?v=fbY4O04uunE
clk6lbly5003m3n6l9bjdqiyz,1406,right side,,Abnormal Gait,stroke,"{'top': 29.0, 'left': 173.68695652173912, 'height': 328.68695652173915, 'width': 180.31304347826088}","{'height': 360, 'width': 640, 'mime_type': 'video/mp4'}",fbY4O04uunE,https://www.youtube.com/watch?v=fbY4O04uunE
clk6lbly5003m3n6l9bjdqiyz,1407,right side,,Abnormal Gait,stroke,"{'top': 29.0, 'left': 173.6695652173913, 'height': 328.6695652173913, 'width': 180.3304347826087}","{'height': 360, 'width': 640, 'mime_type': 'video/mp4'}",fbY4O04uunE,https://www.youtube.com/watch?v=fbY4O04uunE
clk6lbly5003m3n6l9bjdqiyz,1408,right side,,Abnormal Gait,stroke,"{'top': 29.0, 'left': 173.65217391304347, 'height': 328.6521739130435, 'width': 180.34782608695653}","{'height': 360, 'width': 640, 'mime_type': 'video/mp4'}",fbY4O04uunE,https://www.youtube.com/watch?v=fbY4O04uunE
clk6lbly5003m3n6l9bjdqiyz,1409,right side,,Abnormal Gait,stroke,"{'top': 29.0, 'left': 173.63478260869564, 'height': 328.6347826086957, 'width': 180.36521739130436}","{'height': 360, 'width': 640, 'mime_type': 'video/mp4'}",fbY4O04uunE,https://www.youtube.com/watch?v=fbY4O04uunE
clk6lbly5003m3n6l9bjdqiyz,1410,right side,,Abnormal Gait,stroke,"{'top': 29.0, 'left': 173.61739130434782, 'height': 328.61739130434785, 'width': 180.38260869565218}","{'height': 360, 'width': 640, 'mime_type': 'video/mp4'}",fbY4O04uunE,https://www.youtube.com/watch?v=fbY4O04uunE
clk6lbly5003m3n6l9bjdqiyz,1411,right side,,Abnormal Gait,stroke,"{'top': 29.0, 'left': 173.6, 'height': 328.6, 'width': 180.4}","{'height': 360, 'width': 640, 'mime_type': 'video/mp4'}",fbY4O04uunE,https://www.youtube.com/watch?v=fbY4O04uunE
clk6lbly5003m3n6l9bjdqiyz,1412,right side,,Abnormal Gait,stroke,"{'top': 29.0, 'left': 173.58260869565217, 'height': 328.5826086956522, 'width': 180.41739130434783}","{'height': 360, 'width': 640, 'mime_type': 'video/mp4'}",fbY4O04uunE,https://www.youtube.com/watch?v=fbY4O04uunE
clk6lbly5003m3n6l9bjdqiyz,1413,right side,,Abnormal Gait,stroke,"{'top': 29.0, 'left': 173.56521739130434, 'height': 328.5652173913044, 'width': 180.43478260869566}","{'height': 360, 'width': 640, 'mime_type': 'video/mp4'}",fbY4O04uunE,https://www.youtube.com/watch?v=fbY4O04uunE
clk6lbly5003m3n6l9bjdqiyz,1414,right side,,Abnormal Gait,stroke,"{'top': 29.0, 'left': 173.54782608695652, 'height': 328.54782608695655, 'width': 180.45217391304348}","{'height': 360, 'width': 640, 'mime_type': 'video/mp4'}",fbY4O04uunE,https://www.youtube.com/watch?v=fbY4O04uunE
clk6lbly5003m3n6l9bjdqiyz,1415,right side,,Abnormal Gait,stroke,"{'top': 29.0, 'left': 173.5304347826087, 'height': 328.5304347826087, 'width': 180.4695652173913}","{'height': 360, 'width': 640, 'mime_type': 'video/mp4'}",fbY4O04uunE,https://www.youtube.com/watch?v=fbY4O04uunE
clk6lbly5003m3n6l9bjdqiyz,1416,right side,,Abnormal Gait,stroke,"{'top': 29.0, 'left': 173.51304347826087, 'height': 328.5130434782609, 'width': 180.48695652173913}","{'height': 360, 'width': 640, 'mime_type': 'video/mp4'}",fbY4O04uunE,https://www.youtube.com/watch?v=fbY4O04uunE
clk6lbly5003m3n6l9bjdqiyz,1417,right side,,Abnormal Gait,stroke,"{'top': 29.0, 'left': 173.49565217391304, 'height': 328.495652173913, 'width': 180.50434782608696}","{'height': 360, 'width': 640, 'mime_type': 'video/mp4'}",fbY4O04uunE,https://www.youtube.com/watch?v=fbY4O04uunE
clk6lbly5003m3n6l9bjdqiyz,1418,right side,,Abnormal Gait,stroke,"{'top': 29.0, 'left': 173.47826086956522, 'height': 328.4782608695652, 'width': 180.52173913043478}","{'height': 360, 'width': 640, 'mime_type': 'video/mp4'}",fbY4O04uunE,https://www.youtube.com/watch?v=fbY4O04uunE
clk6lbly5003m3n6l9bjdqiyz,1419,right side,,Abnormal Gait,stroke,"{'top': 29.0, 'left': 173.4608695652174, 'height': 328.46086956521737, 'width': 180.5391304347826}","{'height': 360, 'width': 640, 'mime_type': 'video/mp4'}",fbY4O04uunE,https://www.youtube.com/watch?v=fbY4O04uunE
clk6lbly5003m3n6l9bjdqiyz,1420,right side,,Abnormal Gait,stroke,"{'top': 29.0, 'left': 173.44347826086957, 'height': 328.44347826086954, 'width': 180.55652173913043}","{'height': 360, 'width': 640, 'mime_type': 'video/mp4'}",fbY4O04uunE,https://www.youtube.com/watch?v=fbY4O04uunE
clk6lbly5003m3n6l9bjdqiyz,1421,right side,,Abnormal Gait,stroke,"{'top': 29.0, 'left': 173.42608695652174, 'height': 328.4260869565217, 'width': 180.57391304347826}","{'height': 360, 'width': 640, 'mime_type': 'video/mp4'}",fbY4O04uunE,https://www.youtube.com/watch?v=fbY4O04uunE
clk6lbly5003m3n6l9bjdqiyz,1422,right side,,Abnormal Gait,stroke,"{'top': 29.0, 'left': 173.40869565217392, 'height': 328.4086956521739, 'width': 180.59130434782608}","{'height': 360, 'width': 640, 'mime_type': 'video/mp4'}",fbY4O04uunE,https://www.youtube.com/watch?v=fbY4O04uunE
clk6lbly5003m3n6l9bjdqiyz,1423,right side,,Abnormal Gait,stroke,"{'top': 29.0, 'left': 173.3913043478261, 'height': 328.39130434782606, 'width': 180.6086956521739}","{'height': 360, 'width': 640, 'mime_type': 'video/mp4'}",fbY4O04uunE,https://www.youtube.com/watch?v=fbY4O04uunE
clk6lbly5003m3n6l9bjdqiyz,1424,right side,,Abnormal Gait,stroke,"{'top': 29.0, 'left': 173.37391304347827, 'height': 328.37391304347824, 'width': 180.62608695652173}","{'height': 360, 'width': 640, 'mime_type': 'video/mp4'}",fbY4O04uunE,https://www.youtube.com/watch?v=fbY4O04uunE
clk6lbly5003m3n6l9bjdqiyz,1425,right side,,Abnormal Gait,stroke,"{'top': 29.0, 'left': 173.35652173913044, 'height': 328.3565217391304, 'width': 180.64347826086956}","{'height': 360, 'width': 640, 'mime_type': 'video/mp4'}",fbY4O04uunE,https://www.youtube.com/watch?v=fbY4O04uunE
clk6lbly5003m3n6l9bjdqiyz,1426,right side,,Abnormal Gait,stroke,"{'top': 29.0, 'left': 173.33913043478262, 'height': 328.3391304347826, 'width': 180.66086956521738}","{'height': 360, 'width': 640, 'mime_type': 'video/mp4'}",fbY4O04uunE,https://www.youtube.com/watch?v=fbY4O04uunE
clk6lbly5003m3n6l9bjdqiyz,1427,right side,,Abnormal Gait,stroke,"{'top': 29.0, 'left': 173.3217391304348, 'height': 328.32173913043476, 'width': 180.6782608695652}","{'height': 360, 'width': 640, 'mime_type': 'video/mp4'}",fbY4O04uunE,https://www.youtube.com/watch?v=fbY4O04uunE
clk6lbly5003m3n6l9bjdqiyz,1428,right side,,Abnormal Gait,stroke,"{'top': 29.0, 'left': 173.30434782608697, 'height': 328.30434782608694, 'width': 180.69565217391303}","{'height': 360, 'width': 640, 'mime_type': 'video/mp4'}",fbY4O04uunE,https://www.youtube.com/watch?v=fbY4O04uunE
clk6lbly5003m3n6l9bjdqiyz,1429,right side,,Abnormal Gait,stroke,"{'top': 29.0, 'left': 173.28695652173914, 'height': 328.2869565217391, 'width': 180.71304347826086}","{'height': 360, 'width': 640, 'mime_type': 'video/mp4'}",fbY4O04uunE,https://www.youtube.com/watch?v=fbY4O04uunE
clk6lbly5003m3n6l9bjdqiyz,1430,right side,,Abnormal Gait,stroke,"{'top': 29.0, 'left': 173.26956521739132, 'height': 328.2695652173913, 'width': 180.73043478260868}","{'height': 360, 'width': 640, 'mime_type': 'video/mp4'}",fbY4O04uunE,https://www.youtube.com/watch?v=fbY4O04uunE
clk6lbly5003m3n6l9bjdqiyz,1431,right side,,Abnormal Gait,stroke,"{'top': 29.0, 'left': 173.25217391304346, 'height': 328.25217391304346, 'width': 180.74782608695654}","{'height': 360, 'width': 640, 'mime_type': 'video/mp4'}",fbY4O04uunE,https://www.youtube.com/watch?v=fbY4O04uunE
clk6lbly5003m3n6l9bjdqiyz,1432,right side,,Abnormal Gait,stroke,"{'top': 29.0, 'left': 173.23478260869564, 'height': 328.23478260869564, 'width': 180.76521739130436}","{'height': 360, 'width': 640, 'mime_type': 'video/mp4'}",fbY4O04uunE,https://www.youtube.com/watch?v=fbY4O04uunE
clk6lbly5003m3n6l9bjdqiyz,1433,right side,,Abnormal Gait,stroke,"{'top': 29.0, 'left': 173.2173913043478, 'height': 328.2173913043478, 'width': 180.7826086956522}","{'height': 360, 'width': 640, 'mime_type': 'video/mp4'}",fbY4O04uunE,https://www.youtube.com/watch?v=fbY4O04uunE
clk6lbly5003m3n6l9bjdqiyz,1434,right side,,Abnormal Gait,stroke,"{'top': 29.0, 'left': 173.2, 'height': 328.2, 'width': 180.8}","{'height': 360, 'width': 640, 'mime_type': 'video/mp4'}",fbY4O04uunE,https://www.youtube.com/watch?v=fbY4O04uunE
clk6lbly5003m3n6l9bjdqiyz,1435,right side,,Abnormal Gait,stroke,"{'top': 29.0, 'left': 173.18260869565216, 'height': 328.18260869565216, 'width': 180.81739130434784}","{'height': 360, 'width': 640, 'mime_type': 'video/mp4'}",fbY4O04uunE,https://www.youtube.com/watch?v=fbY4O04uunE
clk6lbly5003m3n6l9bjdqiyz,1436,right side,,Abnormal Gait,stroke,"{'top': 29.0, 'left': 173.16521739130434, 'height': 328.16521739130434, 'width': 180.83478260869566}","{'height': 360, 'width': 640, 'mime_type': 'video/mp4'}",fbY4O04uunE,https://www.youtube.com/watch?v=fbY4O04uunE
clk6lbly5003m3n6l9bjdqiyz,1437,right side,,Abnormal Gait,stroke,"{'top': 29.0, 'left': 173.1478260869565, 'height': 328.1478260869565, 'width': 180.8521739130435}","{'height': 360, 'width': 640, 'mime_type': 'video/mp4'}",fbY4O04uunE,https://www.youtube.com/watch?v=fbY4O04uunE
clk6lbly5003m3n6l9bjdqiyz,1438,right side,,Abnormal Gait,stroke,"{'top': 29.0, 'left': 173.1304347826087, 'height': 328.1304347826087, 'width': 180.8695652173913}","{'height': 360, 'width': 640, 'mime_type': 'video/mp4'}",fbY4O04uunE,https://www.youtube.com/watch?v=fbY4O04uunE
clk6lbly5003m3n6l9bjdqiyz,1439,right side,,Abnormal Gait,stroke,"{'top': 29.0, 'left': 173.11304347826086, 'height': 328.11304347826086, 'width': 180.88695652173914}","{'height': 360, 'width': 640, 'mime_type': 'video/mp4'}",fbY4O04uunE,https://www.youtube.com/watch?v=fbY4O04uunE
clk6lbly5003m3n6l9bjdqiyz,1440,right side,,Abnormal Gait,stroke,"{'top': 29.0, 'left': 173.09565217391304, 'height': 328.09565217391304, 'width': 180.90434782608696}","{'height': 360, 'width': 640, 'mime_type': 'video/mp4'}",fbY4O04uunE,https://www.youtube.com/watch?v=fbY4O04uunE
clk6lbly5003m3n6l9bjdqiyz,1441,right side,,Abnormal Gait,stroke,"{'top': 29.0, 'left': 173.0782608695652, 'height': 328.0782608695652, 'width': 180.9217391304348}","{'height': 360, 'width': 640, 'mime_type': 'video/mp4'}",fbY4O04uunE,https://www.youtube.com/watch?v=fbY4O04uunE
clk6lbly5003m3n6l9bjdqiyz,1442,right side,,Abnormal Gait,stroke,"{'top': 29.0, 'left': 173.0608695652174, 'height': 328.0608695652174, 'width': 180.9391304347826}","{'height': 360, 'width': 640, 'mime_type': 'video/mp4'}",fbY4O04uunE,https://www.youtube.com/watch?v=fbY4O04uunE
clk6lbly5003m3n6l9bjdqiyz,1443,right side,,Abnormal Gait,stroke,"{'top': 29.0, 'left': 173.04347826086956, 'height': 328.04347826086956, 'width': 180.95652173913044}","{'height': 360, 'width': 640, 'mime_type': 'video/mp4'}",fbY4O04uunE,https://www.youtube.com/watch?v=fbY4O04uunE
clk6lbly5003m3n6l9bjdqiyz,1444,right side,,Abnormal Gait,stroke,"{'top': 29.0, 'left': 173.02608695652174, 'height': 328.02608695652174, 'width': 180.97391304347826}","{'height': 360, 'width': 640, 'mime_type': 'video/mp4'}",fbY4O04uunE,https://www.youtube.com/watch?v=fbY4O04uunE
clk6lbly5003m3n6l9bjdqiyz,1445,right side,,Abnormal Gait,stroke,"{'top': 29.0, 'left': 173.0086956521739, 'height': 328.0086956521739, 'width': 180.9913043478261}","{'height': 360, 'width': 640, 'mime_type': 'video/mp4'}",fbY4O04uunE,https://www.youtube.com/watch?v=fbY4O04uunE
clk6lbly5003m3n6l9bjdqiyz,1446,right side,,Abnormal Gait,stroke,"{'top': 29.0, 'left': 172.9913043478261, 'height': 327.9913043478261, 'width': 181.0086956521739}","{'height': 360, 'width': 640, 'mime_type': 'video/mp4'}",fbY4O04uunE,https://www.youtube.com/watch?v=fbY4O04uunE
clk6lbly5003m3n6l9bjdqiyz,1447,right side,,Abnormal Gait,stroke,"{'top': 29.0, 'left': 172.97391304347826, 'height': 327.97391304347826, 'width': 181.02608695652174}","{'height': 360, 'width': 640, 'mime_type': 'video/mp4'}",fbY4O04uunE,https://www.youtube.com/watch?v=fbY4O04uunE
clk6lbly5003m3n6l9bjdqiyz,1448,right side,,Abnormal Gait,stroke,"{'top': 29.0, 'left': 172.95652173913044, 'height': 327.95652173913044, 'width': 181.04347826086956}","{'height': 360, 'width': 640, 'mime_type': 'video/mp4'}",fbY4O04uunE,https://www.youtube.com/watch?v=fbY4O04uunE
clk6lbly5003m3n6l9bjdqiyz,1449,right side,,Abnormal Gait,stroke,"{'top': 29.0, 'left': 172.9391304347826, 'height': 327.9391304347826, 'width': 181.0608695652174}","{'height': 360, 'width': 640, 'mime_type': 'video/mp4'}",fbY4O04uunE,https://www.youtube.com/watch?v=fbY4O04uunE
clk6lbly5003m3n6l9bjdqiyz,1450,right side,,Abnormal Gait,stroke,"{'top': 29.0, 'left': 172.9217391304348, 'height': 327.9217391304348, 'width': 181.0782608695652}","{'height': 360, 'width': 640, 'mime_type': 'video/mp4'}",fbY4O04uunE,https://www.youtube.com/watch?v=fbY4O04uunE
clk6lbly5003m3n6l9bjdqiyz,1451,right side,,Abnormal Gait,stroke,"{'top': 29.0, 'left': 172.90434782608696, 'height': 327.90434782608696, 'width': 181.09565217391304}","{'height': 360, 'width': 640, 'mime_type': 'video/mp4'}",fbY4O04uunE,https://www.youtube.com/watch?v=fbY4O04uunE
clk6lbly5003m3n6l9bjdqiyz,1452,right side,,Abnormal Gait,stroke,"{'top': 29.0, 'left': 172.88695652173914, 'height': 327.88695652173914, 'width': 181.11304347826086}","{'height': 360, 'width': 640, 'mime_type': 'video/mp4'}",fbY4O04uunE,https://www.youtube.com/watch?v=fbY4O04uunE
clk6lbly5003m3n6l9bjdqiyz,1453,right side,,Abnormal Gait,stroke,"{'top': 29.0, 'left': 172.8695652173913, 'height': 327.8695652173913, 'width': 181.1304347826087}","{'height': 360, 'width': 640, 'mime_type': 'video/mp4'}",fbY4O04uunE,https://www.youtube.com/watch?v=fbY4O04uunE
clk6lbly5003m3n6l9bjdqiyz,1454,right side,,Abnormal Gait,stroke,"{'top': 29.0, 'left': 172.8521739130435, 'height': 327.8521739130435, 'width': 181.1478260869565}","{'height': 360, 'width': 640, 'mime_type': 'video/mp4'}",fbY4O04uunE,https://www.youtube.com/watch?v=fbY4O04uunE
clk6lbly5003m3n6l9bjdqiyz,1455,right side,,Abnormal Gait,stroke,"{'top': 29.0, 'left': 172.83478260869566, 'height': 327.83478260869566, 'width': 181.16521739130434}","{'height': 360, 'width': 640, 'mime_type': 'video/mp4'}",fbY4O04uunE,https://www.youtube.com/watch?v=fbY4O04uunE
clk6lbly5003m3n6l9bjdqiyz,1456,right side,,Abnormal Gait,stroke,"{'top': 29.0, 'left': 172.81739130434784, 'height': 327.81739130434784, 'width': 181.18260869565216}","{'height': 360, 'width': 640, 'mime_type': 'video/mp4'}",fbY4O04uunE,https://www.youtube.com/watch?v=fbY4O04uunE
clk6lbly5003m3n6l9bjdqiyz,1457,right side,,Abnormal Gait,stroke,"{'top': 29.0, 'left': 172.8, 'height': 327.8, 'width': 181.2}","{'height': 360, 'width': 640, 'mime_type': 'video/mp4'}",fbY4O04uunE,https://www.youtube.com/watch?v=fbY4O04uunE
clk6lbly5003m3n6l9bjdqiyz,1458,right side,,Abnormal Gait,stroke,"{'top': 29.0, 'left': 172.7826086956522, 'height': 327.7826086956522, 'width': 181.2173913043478}","{'height': 360, 'width': 640, 'mime_type': 'video/mp4'}",fbY4O04uunE,https://www.youtube.com/watch?v=fbY4O04uunE
clk6lbly5003m3n6l9bjdqiyz,1459,right side,,Abnormal Gait,stroke,"{'top': 29.0, 'left': 172.76521739130436, 'height': 327.76521739130436, 'width': 181.23478260869564}","{'height': 360, 'width': 640, 'mime_type': 'video/mp4'}",fbY4O04uunE,https://www.youtube.com/watch?v=fbY4O04uunE
clk6lbly5003m3n6l9bjdqiyz,1460,right side,,Abnormal Gait,stroke,"{'top': 29.0, 'left': 172.74782608695654, 'height': 327.74782608695654, 'width': 181.25217391304346}","{'height': 360, 'width': 640, 'mime_type': 'video/mp4'}",fbY4O04uunE,https://www.youtube.com/watch?v=fbY4O04uunE
clk6lbly5003m3n6l9bjdqiyz,1461,right side,,Abnormal Gait,stroke,"{'top': 29.0, 'left': 172.73043478260868, 'height': 327.7304347826087, 'width': 181.26956521739132}","{'height': 360, 'width': 640, 'mime_type': 'video/mp4'}",fbY4O04uunE,https://www.youtube.com/watch?v=fbY4O04uunE
clk6lbly5003m3n6l9bjdqiyz,1462,right side,,Abnormal Gait,stroke,"{'top': 29.0, 'left': 172.71304347826086, 'height': 327.7130434782609, 'width': 181.28695652173914}","{'height': 360, 'width': 640, 'mime_type': 'video/mp4'}",fbY4O04uunE,https://www.youtube.com/watch?v=fbY4O04uunE
clk6lbly5003m3n6l9bjdqiyz,1463,right side,,Abnormal Gait,stroke,"{'top': 29.0, 'left': 172.69565217391303, 'height': 327.69565217391306, 'width': 181.30434782608697}","{'height': 360, 'width': 640, 'mime_type': 'video/mp4'}",fbY4O04uunE,https://www.youtube.com/watch?v=fbY4O04uunE
clk6lbly5003m3n6l9bjdqiyz,1464,right side,,Abnormal Gait,stroke,"{'top': 29.0, 'left': 172.6782608695652, 'height': 327.67826086956524, 'width': 181.3217391304348}","{'height': 360, 'width': 640, 'mime_type': 'video/mp4'}",fbY4O04uunE,https://www.youtube.com/watch?v=fbY4O04uunE
clk6lbly5003m3n6l9bjdqiyz,1465,right side,,Abnormal Gait,stroke,"{'top': 29.0, 'left': 172.66086956521738, 'height': 327.6608695652174, 'width': 181.33913043478262}","{'height': 360, 'width': 640, 'mime_type': 'video/mp4'}",fbY4O04uunE,https://www.youtube.com/watch?v=fbY4O04uunE
clk6lbly5003m3n6l9bjdqiyz,1466,right side,,Abnormal Gait,stroke,"{'top': 29.0, 'left': 172.64347826086956, 'height': 327.6434782608696, 'width': 181.35652173913044}","{'height': 360, 'width': 640, 'mime_type': 'video/mp4'}",fbY4O04uunE,https://www.youtube.com/watch?v=fbY4O04uunE
clk6lbly5003m3n6l9bjdqiyz,1467,right side,,Abnormal Gait,stroke,"{'top': 29.0, 'left': 172.62608695652173, 'height': 327.62608695652176, 'width': 181.37391304347827}","{'height': 360, 'width': 640, 'mime_type': 'video/mp4'}",fbY4O04uunE,https://www.youtube.com/watch?v=fbY4O04uunE
clk6lbly5003m3n6l9bjdqiyz,1468,right side,,Abnormal Gait,stroke,"{'top': 29.0, 'left': 172.6086956521739, 'height': 327.60869565217394, 'width': 181.3913043478261}","{'height': 360, 'width': 640, 'mime_type': 'video/mp4'}",fbY4O04uunE,https://www.youtube.com/watch?v=fbY4O04uunE
clk6lbly5003m3n6l9bjdqiyz,1469,right side,,Abnormal Gait,stroke,"{'top': 29.0, 'left': 172.59130434782608, 'height': 327.5913043478261, 'width': 181.40869565217392}","{'height': 360, 'width': 640, 'mime_type': 'video/mp4'}",fbY4O04uunE,https://www.youtube.com/watch?v=fbY4O04uunE
clk6lbly5003m3n6l9bjdqiyz,1470,right side,,Abnormal Gait,stroke,"{'top': 29.0, 'left': 172.57391304347826, 'height': 327.5739130434783, 'width': 181.42608695652174}","{'height': 360, 'width': 640, 'mime_type': 'video/mp4'}",fbY4O04uunE,https://www.youtube.com/watch?v=fbY4O04uunE
clk6lbly5003m3n6l9bjdqiyz,1471,right side,,Abnormal Gait,stroke,"{'top': 29.0, 'left': 172.55652173913043, 'height': 327.55652173913046, 'width': 181.44347826086957}","{'height': 360, 'width': 640, 'mime_type': 'video/mp4'}",fbY4O04uunE,https://www.youtube.com/watch?v=fbY4O04uunE
clk6lbly5003m3n6l9bjdqiyz,1472,right side,,Abnormal Gait,stroke,"{'top': 29.0, 'left': 172.5391304347826, 'height': 327.53913043478263, 'width': 181.4608695652174}","{'height': 360, 'width': 640, 'mime_type': 'video/mp4'}",fbY4O04uunE,https://www.youtube.com/watch?v=fbY4O04uunE
clk6lbly5003m3n6l9bjdqiyz,1473,right side,,Abnormal Gait,stroke,"{'top': 29.0, 'left': 172.52173913043478, 'height': 327.5217391304348, 'width': 181.47826086956522}","{'height': 360, 'width': 640, 'mime_type': 'video/mp4'}",fbY4O04uunE,https://www.youtube.com/watch?v=fbY4O04uunE
clk6lbly5003m3n6l9bjdqiyz,1474,right side,,Abnormal Gait,stroke,"{'top': 29.0, 'left': 172.50434782608696, 'height': 327.504347826087, 'width': 181.49565217391304}","{'height': 360, 'width': 640, 'mime_type': 'video/mp4'}",fbY4O04uunE,https://www.youtube.com/watch?v=fbY4O04uunE
clk6lbly5003m3n6l9bjdqiyz,1475,right side,,Abnormal Gait,stroke,"{'top': 29.0, 'left': 172.48695652173913, 'height': 327.4869565217391, 'width': 181.51304347826087}","{'height': 360, 'width': 640, 'mime_type': 'video/mp4'}",fbY4O04uunE,https://www.youtube.com/watch?v=fbY4O04uunE
clk6lbly5003m3n6l9bjdqiyz,1476,right side,,Abnormal Gait,stroke,"{'top': 29.0, 'left': 172.4695652173913, 'height': 327.4695652173913, 'width': 181.5304347826087}","{'height': 360, 'width': 640, 'mime_type': 'video/mp4'}",fbY4O04uunE,https://www.youtube.com/watch?v=fbY4O04uunE
clk6lbly5003m3n6l9bjdqiyz,1477,right side,,Abnormal Gait,stroke,"{'top': 29.0, 'left': 172.45217391304348, 'height': 327.45217391304345, 'width': 181.54782608695652}","{'height': 360, 'width': 640, 'mime_type': 'video/mp4'}",fbY4O04uunE,https://www.youtube.com/watch?v=fbY4O04uunE
clk6lbly5003m3n6l9bjdqiyz,1478,right side,,Abnormal Gait,stroke,"{'top': 29.0, 'left': 172.43478260869566, 'height': 327.4347826086956, 'width': 181.56521739130434}","{'height': 360, 'width': 640, 'mime_type': 'video/mp4'}",fbY4O04uunE,https://www.youtube.com/watch?v=fbY4O04uunE
clk6lbly5003m3n6l9bjdqiyz,1479,right side,,Abnormal Gait,stroke,"{'top': 29.0, 'left': 172.41739130434783, 'height': 327.4173913043478, 'width': 181.58260869565217}","{'height': 360, 'width': 640, 'mime_type': 'video/mp4'}",fbY4O04uunE,https://www.youtube.com/watch?v=fbY4O04uunE
clk6lbly5003m3n6l9bjdqiyz,1480,right side,,Abnormal Gait,stroke,"{'top': 29.0, 'left': 172.4, 'height': 327.4, 'width': 181.6}","{'height': 360, 'width': 640, 'mime_type': 'video/mp4'}",fbY4O04uunE,https://www.youtube.com/watch?v=fbY4O04uunE
clk6lbly5003m3n6l9bjdqiyz,1481,right side,,Abnormal Gait,stroke,"{'top': 29.0, 'left': 172.38260869565218, 'height': 327.38260869565215, 'width': 181.61739130434782}","{'height': 360, 'width': 640, 'mime_type': 'video/mp4'}",fbY4O04uunE,https://www.youtube.com/watch?v=fbY4O04uunE
clk6lbly5003m3n6l9bjdqiyz,1482,right side,,Abnormal Gait,stroke,"{'top': 29.0, 'left': 172.36521739130436, 'height': 327.3652173913043, 'width': 181.63478260869564}","{'height': 360, 'width': 640, 'mime_type': 'video/mp4'}",fbY4O04uunE,https://www.youtube.com/watch?v=fbY4O04uunE
clk6lbly5003m3n6l9bjdqiyz,1483,right side,,Abnormal Gait,stroke,"{'top': 29.0, 'left': 172.34782608695653, 'height': 327.3478260869565, 'width': 181.65217391304347}","{'height': 360, 'width': 640, 'mime_type': 'video/mp4'}",fbY4O04uunE,https://www.youtube.com/watch?v=fbY4O04uunE
clk6lbly5003m3n6l9bjdqiyz,1484,right side,,Abnormal Gait,stroke,"{'top': 29.0, 'left': 172.3304347826087, 'height': 327.3304347826087, 'width': 181.6695652173913}","{'height': 360, 'width': 640, 'mime_type': 'video/mp4'}",fbY4O04uunE,https://www.youtube.com/watch?v=fbY4O04uunE
clk6lbly5003m3n6l9bjdqiyz,1485,right side,,Abnormal Gait,stroke,"{'top': 29.0, 'left': 172.31304347826088, 'height': 327.31304347826085, 'width': 181.68695652173912}","{'height': 360, 'width': 640, 'mime_type': 'video/mp4'}",fbY4O04uunE,https://www.youtube.com/watch?v=fbY4O04uunE
clk6lbly5003m3n6l9bjdqiyz,1486,right side,,Abnormal Gait,stroke,"{'top': 29.0, 'left': 172.29565217391306, 'height': 327.295652173913, 'width': 181.70434782608694}","{'height': 360, 'width': 640, 'mime_type': 'video/mp4'}",fbY4O04uunE,https://www.youtube.com/watch?v=fbY4O04uunE
clk6lbly5003m3n6l9bjdqiyz,1487,right side,,Abnormal Gait,stroke,"{'top': 29.0, 'left': 172.27826086956523, 'height': 327.2782608695652, 'width': 181.72173913043477}","{'height': 360, 'width': 640, 'mime_type': 'video/mp4'}",fbY4O04uunE,https://www.youtube.com/watch?v=fbY4O04uunE
clk6lbly5003m3n6l9bjdqiyz,1488,right side,,Abnormal Gait,stroke,"{'top': 29.0, 'left': 172.2608695652174, 'height': 327.2608695652174, 'width': 181.7391304347826}","{'height': 360, 'width': 640, 'mime_type': 'video/mp4'}",fbY4O04uunE,https://www.youtube.com/watch?v=fbY4O04uunE
clk6lbly5003m3n6l9bjdqiyz,1489,right side,,Abnormal Gait,stroke,"{'top': 29.0, 'left': 172.24347826086955, 'height': 327.24347826086955, 'width': 181.75652173913045}","{'height': 360, 'width': 640, 'mime_type': 'video/mp4'}",fbY4O04uunE,https://www.youtube.com/watch?v=fbY4O04uunE
clk6lbly5003m3n6l9bjdqiyz,1490,right side,,Abnormal Gait,stroke,"{'top': 29.0, 'left': 172.22608695652173, 'height': 327.2260869565217, 'width': 181.77391304347827}","{'height': 360, 'width': 640, 'mime_type': 'video/mp4'}",fbY4O04uunE,https://www.youtube.com/watch?v=fbY4O04uunE
clk6lbly5003m3n6l9bjdqiyz,1491,right side,,Abnormal Gait,stroke,"{'top': 29.0, 'left': 172.2086956521739, 'height': 327.2086956521739, 'width': 181.7913043478261}","{'height': 360, 'width': 640, 'mime_type': 'video/mp4'}",fbY4O04uunE,https://www.youtube.com/watch?v=fbY4O04uunE
clk6lbly5003m3n6l9bjdqiyz,1492,right side,,Abnormal Gait,stroke,"{'top': 29.0, 'left': 172.19130434782608, 'height': 327.1913043478261, 'width': 181.80869565217392}","{'height': 360, 'width': 640, 'mime_type': 'video/mp4'}",fbY4O04uunE,https://www.youtube.com/watch?v=fbY4O04uunE
clk6lbly5003m3n6l9bjdqiyz,1493,right side,,Abnormal Gait,stroke,"{'top': 29.0, 'left': 172.17391304347825, 'height': 327.17391304347825, 'width': 181.82608695652175}","{'height': 360, 'width': 640, 'mime_type': 'video/mp4'}",fbY4O04uunE,https://www.youtube.com/watch?v=fbY4O04uunE
clk6lbly5003m3n6l9bjdqiyz,1494,right side,,Abnormal Gait,stroke,"{'top': 29.0, 'left': 172.15652173913043, 'height': 327.1565217391304, 'width': 181.84347826086957}","{'height': 360, 'width': 640, 'mime_type': 'video/mp4'}",fbY4O04uunE,https://www.youtube.com/watch?v=fbY4O04uunE
clk6lbly5003m3n6l9bjdqiyz,1495,right side,,Abnormal Gait,stroke,"{'top': 29.0, 'left': 172.1391304347826, 'height': 327.1391304347826, 'width': 181.8608695652174}","{'height': 360, 'width': 640, 'mime_type': 'video/mp4'}",fbY4O04uunE,https://www.youtube.com/watch?v=fbY4O04uunE
clk6lbly5003m3n6l9bjdqiyz,1496,right side,,Abnormal Gait,stroke,"{'top': 29.0, 'left': 172.12173913043478, 'height': 327.1217391304348, 'width': 181.87826086956522}","{'height': 360, 'width': 640, 'mime_type': 'video/mp4'}",fbY4O04uunE,https://www.youtube.com/watch?v=fbY4O04uunE
clk6lbly5003m3n6l9bjdqiyz,1497,right side,,Abnormal Gait,stroke,"{'top': 29.0, 'left': 172.10434782608695, 'height': 327.10434782608695, 'width': 181.89565217391305}","{'height': 360, 'width': 640, 'mime_type': 'video/mp4'}",fbY4O04uunE,https://www.youtube.com/watch?v=fbY4O04uunE
clk6lbly5003m3n6l9bjdqiyz,1498,right side,,Abnormal Gait,stroke,"{'top': 29.0, 'left': 172.08695652173913, 'height': 327.0869565217391, 'width': 181.91304347826087}","{'height': 360, 'width': 640, 'mime_type': 'video/mp4'}",fbY4O04uunE,https://www.youtube.com/watch?v=fbY4O04uunE
clk6lbly5003m3n6l9bjdqiyz,1499,right side,,Abnormal Gait,stroke,"{'top': 29.0, 'left': 172.0695652173913, 'height': 327.0695652173913, 'width': 181.9304347826087}","{'height': 360, 'width': 640, 'mime_type': 'video/mp4'}",fbY4O04uunE,https://www.youtube.com/watch?v=fbY4O04uunE
clk6lbly5003m3n6l9bjdqiyz,1500,right side,,Abnormal Gait,stroke,"{'top': 29.0, 'left': 172.05217391304348, 'height': 327.0521739130435, 'width': 181.94782608695652}","{'height': 360, 'width': 640, 'mime_type': 'video/mp4'}",fbY4O04uunE,https://www.youtube.com/watch?v=fbY4O04uunE
clk6lbly5003m3n6l9bjdqiyz,1501,right side,,Abnormal Gait,stroke,"{'top': 29.0, 'left': 172.03478260869565, 'height': 327.03478260869565, 'width': 181.96521739130435}","{'height': 360, 'width': 640, 'mime_type': 'video/mp4'}",fbY4O04uunE,https://www.youtube.com/watch?v=fbY4O04uunE
clk6lbly5003m3n6l9bjdqiyz,1502,right side,,Abnormal Gait,stroke,"{'top': 29.0, 'left': 172.01739130434783, 'height': 327.0173913043478, 'width': 181.98260869565217}","{'height': 360, 'width': 640, 'mime_type': 'video/mp4'}",fbY4O04uunE,https://www.youtube.com/watch?v=fbY4O04uunE
clk6lbly5003m3n6l9bjdqiyz,1503,right side,,Abnormal Gait,stroke,"{'top': 29.0, 'left': 172.0, 'height': 327.0, 'width': 182.0}","{'height': 360, 'width': 640, 'mime_type': 'video/mp4'}",fbY4O04uunE,https://www.youtube.com/watch?v=fbY4O04uunE
clk6lbly5003m3n6l9bjdqiyz,1504,right side,,Abnormal Gait,stroke,"{'top': 28.88198757763975, 'left': 172.0310559006211, 'height': 327.10559006211184, 'width': 181.9689440993789}","{'height': 360, 'width': 640, 'mime_type': 'video/mp4'}",fbY4O04uunE,https://www.youtube.com/watch?v=fbY4O04uunE
clk6lbly5003m3n6l9bjdqiyz,1505,right side,,Abnormal Gait,stroke,"{'top': 28.763975155279503, 'left': 172.06211180124222, 'height': 327.2111801242236, 'width': 181.93788819875778}","{'height': 360, 'width': 640, 'mime_type': 'video/mp4'}",fbY4O04uunE,https://www.youtube.com/watch?v=fbY4O04uunE
clk6lbly5003m3n6l9bjdqiyz,1506,right side,,Abnormal Gait,stroke,"{'top': 28.645962732919255, 'left': 172.09316770186336, 'height': 327.3167701863354, 'width': 181.90683229813664}","{'height': 360, 'width': 640, 'mime_type': 'video/mp4'}",fbY4O04uunE,https://www.youtube.com/watch?v=fbY4O04uunE
clk6lbly5003m3n6l9bjdqiyz,1507,right side,,Abnormal Gait,stroke,"{'top': 28.527950310559007, 'left': 172.12422360248448, 'height': 327.4223602484472, 'width': 181.87577639751552}","{'height': 360, 'width': 640, 'mime_type': 'video/mp4'}",fbY4O04uunE,https://www.youtube.com/watch?v=fbY4O04uunE
clk6lbly5003m3n6l9bjdqiyz,1508,right side,,Abnormal Gait,stroke,"{'top': 28.40993788819876, 'left': 172.1552795031056, 'height': 327.527950310559, 'width': 181.8447204968944}","{'height': 360, 'width': 640, 'mime_type': 'video/mp4'}",fbY4O04uunE,https://www.youtube.com/watch?v=fbY4O04uunE
clk6lbly5003m3n6l9bjdqiyz,1509,right side,,Abnormal Gait,stroke,"{'top': 28.29192546583851, 'left': 172.1863354037267, 'height': 327.6335403726708, 'width': 181.8136645962733}","{'height': 360, 'width': 640, 'mime_type': 'video/mp4'}",fbY4O04uunE,https://www.youtube.com/watch?v=fbY4O04uunE
clk6lbly5003m3n6l9bjdqiyz,1510,right side,,Abnormal Gait,stroke,"{'top': 28.17391304347826, 'left': 172.2173913043478, 'height': 327.7391304347826, 'width': 181.7826086956522}","{'height': 360, 'width': 640, 'mime_type': 'video/mp4'}",fbY4O04uunE,https://www.youtube.com/watch?v=fbY4O04uunE
clk6lbly5003m3n6l9bjdqiyz,1511,right side,,Abnormal Gait,stroke,"{'top': 28.055900621118013, 'left': 172.24844720496895, 'height': 327.8447204968944, 'width': 181.75155279503105}","{'height': 360, 'width': 640, 'mime_type': 'video/mp4'}",fbY4O04uunE,https://www.youtube.com/watch?v=fbY4O04uunE
clk6lbly5003m3n6l9bjdqiyz,1512,right side,,Abnormal Gait,stroke,"{'top': 27.937888198757765, 'left': 172.27950310559007, 'height': 327.9503105590062, 'width': 181.72049689440993}","{'height': 360, 'width': 640, 'mime_type': 'video/mp4'}",fbY4O04uunE,https://www.youtube.com/watch?v=fbY4O04uunE
clk6lbly5003m3n6l9bjdqiyz,1513,right side,,Abnormal Gait,stroke,"{'top': 27.819875776397517, 'left': 172.31055900621118, 'height': 328.05590062111804, 'width': 181.68944099378882}","{'height': 360, 'width': 640, 'mime_type': 'video/mp4'}",fbY4O04uunE,https://www.youtube.com/watch?v=fbY4O04uunE
clk6lbly5003m3n6l9bjdqiyz,1514,right side,,Abnormal Gait,stroke,"{'top': 27.70186335403727, 'left': 172.3416149068323, 'height': 328.16149068322983, 'width': 181.6583850931677}","{'height': 360, 'width': 640, 'mime_type': 'video/mp4'}",fbY4O04uunE,https://www.youtube.com/watch?v=fbY4O04uunE
clk6lbly5003m3n6l9bjdqiyz,1515,right side,,Abnormal Gait,stroke,"{'top': 27.58385093167702, 'left': 172.3726708074534, 'height': 328.2670807453416, 'width': 181.6273291925466}","{'height': 360, 'width': 640, 'mime_type': 'video/mp4'}",fbY4O04uunE,https://www.youtube.com/watch?v=fbY4O04uunE
clk6lbly5003m3n6l9bjdqiyz,1516,right side,,Abnormal Gait,stroke,"{'top': 27.46583850931677, 'left': 172.40372670807454, 'height': 328.3726708074534, 'width': 181.59627329192546}","{'height': 360, 'width': 640, 'mime_type': 'video/mp4'}",fbY4O04uunE,https://www.youtube.com/watch?v=fbY4O04uunE
clk6lbly5003m3n6l9bjdqiyz,1517,right side,,Abnormal Gait,stroke,"{'top': 27.347826086956523, 'left': 172.43478260869566, 'height': 328.47826086956525, 'width': 181.56521739130434}","{'height': 360, 'width': 640, 'mime_type': 'video/mp4'}",fbY4O04uunE,https://www.youtube.com/watch?v=fbY4O04uunE
clk6lbly5003m3n6l9bjdqiyz,1518,right side,,Abnormal Gait,stroke,"{'top': 27.229813664596275, 'left': 172.46583850931677, 'height': 328.583850931677, 'width': 181.53416149068323}","{'height': 360, 'width': 640, 'mime_type': 'video/mp4'}",fbY4O04uunE,https://www.youtube.com/watch?v=fbY4O04uunE
clk6lbly5003m3n6l9bjdqiyz,1519,right side,,Abnormal Gait,stroke,"{'top': 27.111801242236027, 'left': 172.49689440993788, 'height': 328.6894409937888, 'width': 181.50310559006212}","{'height': 360, 'width': 640, 'mime_type': 'video/mp4'}",fbY4O04uunE,https://www.youtube.com/watch?v=fbY4O04uunE
clk6lbly5003m3n6l9bjdqiyz,1520,right side,,Abnormal Gait,stroke,"{'top': 26.993788819875775, 'left': 172.527950310559, 'height': 328.79503105590067, 'width': 181.472049689441}","{'height': 360, 'width': 640, 'mime_type': 'video/mp4'}",fbY4O04uunE,https://www.youtube.com/watch?v=fbY4O04uunE
clk6lbly5003m3n6l9bjdqiyz,1521,right side,,Abnormal Gait,stroke,"{'top': 26.875776397515526, 'left': 172.55900621118013, 'height': 328.9006211180124, 'width': 181.44099378881987}","{'height': 360, 'width': 640, 'mime_type': 'video/mp4'}",fbY4O04uunE,https://www.youtube.com/watch?v=fbY4O04uunE
clk6lbly5003m3n6l9bjdqiyz,1522,right side,,Abnormal Gait,stroke,"{'top': 26.757763975155278, 'left': 172.59006211180125, 'height': 329.00621118012424, 'width': 181.40993788819875}","{'height': 360, 'width': 640, 'mime_type': 'video/mp4'}",fbY4O04uunE,https://www.youtube.com/watch?v=fbY4O04uunE
clk6lbly5003m3n6l9bjdqiyz,1523,right side,,Abnormal Gait,stroke,"{'top': 26.63975155279503, 'left': 172.62111801242236, 'height': 329.111801242236, 'width': 181.37888198757764}","{'height': 360, 'width': 640, 'mime_type': 'video/mp4'}",fbY4O04uunE,https://www.youtube.com/watch?v=fbY4O04uunE
clk6lbly5003m3n6l9bjdqiyz,1524,right side,,Abnormal Gait,stroke,"{'top': 26.52173913043478, 'left': 172.65217391304347, 'height': 329.21739130434787, 'width': 181.34782608695653}","{'height': 360, 'width': 640, 'mime_type': 'video/mp4'}",fbY4O04uunE,https://www.youtube.com/watch?v=fbY4O04uunE
clk6lbly5003m3n6l9bjdqiyz,1525,right side,,Abnormal Gait,stroke,"{'top': 26.403726708074533, 'left': 172.6832298136646, 'height': 329.3229813664596, 'width': 181.3167701863354}","{'height': 360, 'width': 640, 'mime_type': 'video/mp4'}",fbY4O04uunE,https://www.youtube.com/watch?v=fbY4O04uunE
clk6lbly5003m3n6l9bjdqiyz,1526,right side,,Abnormal Gait,stroke,"{'top': 26.285714285714285, 'left': 172.71428571428572, 'height': 329.42857142857144, 'width': 181.28571428571428}","{'height': 360, 'width': 640, 'mime_type': 'video/mp4'}",fbY4O04uunE,https://www.youtube.com/watch?v=fbY4O04uunE
clk6lbly5003m3n6l9bjdqiyz,1527,right side,,Abnormal Gait,stroke,"{'top': 26.167701863354036, 'left': 172.74534161490683, 'height': 329.53416149068323, 'width': 181.25465838509317}","{'height': 360, 'width': 640, 'mime_type': 'video/mp4'}",fbY4O04uunE,https://www.youtube.com/watch?v=fbY4O04uunE
clk6lbly5003m3n6l9bjdqiyz,1528,right side,,Abnormal Gait,stroke,"{'top': 26.049689440993788, 'left': 172.77639751552795, 'height': 329.639751552795, 'width': 181.22360248447205}","{'height': 360, 'width': 640, 'mime_type': 'video/mp4'}",fbY4O04uunE,https://www.youtube.com/watch?v=fbY4O04uunE
clk6lbly5003m3n6l9bjdqiyz,1529,right side,,Abnormal Gait,stroke,"{'top': 25.93167701863354, 'left': 172.80745341614906, 'height': 329.74534161490686, 'width': 181.19254658385094}","{'height': 360, 'width': 640, 'mime_type': 'video/mp4'}",fbY4O04uunE,https://www.youtube.com/watch?v=fbY4O04uunE
clk6lbly5003m3n6l9bjdqiyz,1530,right side,,Abnormal Gait,stroke,"{'top': 25.81366459627329, 'left': 172.8385093167702, 'height': 329.85093167701865, 'width': 181.1614906832298}","{'height': 360, 'width': 640, 'mime_type': 'video/mp4'}",fbY4O04uunE,https://www.youtube.com/watch?v=fbY4O04uunE
clk6lbly5003m3n6l9bjdqiyz,1531,right side,,Abnormal Gait,stroke,"{'top': 25.695652173913043, 'left': 172.8695652173913, 'height': 329.95652173913044, 'width': 181.1304347826087}","{'height': 360, 'width': 640, 'mime_type': 'video/mp4'}",fbY4O04uunE,https://www.youtube.com/watch?v=fbY4O04uunE
clk6lbly5003m3n6l9bjdqiyz,1532,right side,,Abnormal Gait,stroke,"{'top': 25.577639751552795, 'left': 172.90062111801242, 'height': 330.0621118012422, 'width': 181.09937888198758}","{'height': 360, 'width': 640, 'mime_type': 'video/mp4'}",fbY4O04uunE,https://www.youtube.com/watch?v=fbY4O04uunE
clk6lbly5003m3n6l9bjdqiyz,1533,right side,,Abnormal Gait,stroke,"{'top': 25.459627329192546, 'left': 172.93167701863354, 'height': 330.16770186335407, 'width': 181.06832298136646}","{'height': 360, 'width': 640, 'mime_type': 'video/mp4'}",fbY4O04uunE,https://www.youtube.com/watch?v=fbY4O04uunE
clk6lbly5003m3n6l9bjdqiyz,1534,right side,,Abnormal Gait,stroke,"{'top': 25.341614906832298, 'left': 172.96273291925465, 'height': 330.2732919254658, 'width': 181.03726708074535}","{'height': 360, 'width': 640, 'mime_type': 'video/mp4'}",fbY4O04uunE,https://www.youtube.com/watch?v=fbY4O04uunE
clk6lbly5003m3n6l9bjdqiyz,1535,right side,,Abnormal Gait,stroke,"{'top': 25.22360248447205, 'left': 172.9937888198758, 'height': 330.37888198757764, 'width': 181.0062111801242}","{'height': 360, 'width': 640, 'mime_type': 'video/mp4'}",fbY4O04uunE,https://www.youtube.com/watch?v=fbY4O04uunE
clk6lbly5003m3n6l9bjdqiyz,1536,right side,,Abnormal Gait,stroke,"{'top': 25.1055900621118, 'left': 173.0248447204969, 'height': 330.48447204968943, 'width': 180.9751552795031}","{'height': 360, 'width': 640, 'mime_type': 'video/mp4'}",fbY4O04uunE,https://www.youtube.com/watch?v=fbY4O04uunE
clk6lbly5003m3n6l9bjdqiyz,1537,right side,,Abnormal Gait,stroke,"{'top': 24.987577639751553, 'left': 173.055900621118, 'height': 330.5900621118012, 'width': 180.944099378882}","{'height': 360, 'width': 640, 'mime_type': 'video/mp4'}",fbY4O04uunE,https://www.youtube.com/watch?v=fbY4O04uunE
clk6lbly5003m3n6l9bjdqiyz,1538,right side,,Abnormal Gait,stroke,"{'top': 24.869565217391305, 'left': 173.08695652173913, 'height': 330.69565217391306, 'width': 180.91304347826087}","{'height': 360, 'width': 640, 'mime_type': 'video/mp4'}",fbY4O04uunE,https://www.youtube.com/watch?v=fbY4O04uunE
clk6lbly5003m3n6l9bjdqiyz,1539,right side,,Abnormal Gait,stroke,"{'top': 24.751552795031056, 'left': 173.11801242236024, 'height': 330.80124223602485, 'width': 180.88198757763976}","{'height': 360, 'width': 640, 'mime_type': 'video/mp4'}",fbY4O04uunE,https://www.youtube.com/watch?v=fbY4O04uunE
clk6lbly5003m3n6l9bjdqiyz,1540,right side,,Abnormal Gait,stroke,"{'top': 24.633540372670808, 'left': 173.14906832298138, 'height': 330.9068322981367, 'width': 180.85093167701862}","{'height': 360, 'width': 640, 'mime_type': 'video/mp4'}",fbY4O04uunE,https://www.youtube.com/watch?v=fbY4O04uunE
clk6lbly5003m3n6l9bjdqiyz,1541,right side,,Abnormal Gait,stroke,"{'top': 24.51552795031056, 'left': 173.1801242236025, 'height': 331.0124223602484, 'width': 180.8198757763975}","{'height': 360, 'width': 640, 'mime_type': 'video/mp4'}",fbY4O04uunE,https://www.youtube.com/watch?v=fbY4O04uunE
clk6lbly5003m3n6l9bjdqiyz,1542,right side,,Abnormal Gait,stroke,"{'top': 24.39751552795031, 'left': 173.2111801242236, 'height': 331.11801242236027, 'width': 180.7888198757764}","{'height': 360, 'width': 640, 'mime_type': 'video/mp4'}",fbY4O04uunE,https://www.youtube.com/watch?v=fbY4O04uunE
clk6lbly5003m3n6l9bjdqiyz,1543,right side,,Abnormal Gait,stroke,"{'top': 24.279503105590063, 'left': 173.24223602484471, 'height': 331.22360248447205, 'width': 180.75776397515529}","{'height': 360, 'width': 640, 'mime_type': 'video/mp4'}",fbY4O04uunE,https://www.youtube.com/watch?v=fbY4O04uunE
clk6lbly5003m3n6l9bjdqiyz,1544,right side,,Abnormal Gait,stroke,"{'top': 24.161490683229815, 'left': 173.27329192546583, 'height': 331.32919254658384, 'width': 180.72670807453417}","{'height': 360, 'width': 640, 'mime_type': 'video/mp4'}",fbY4O04uunE,https://www.youtube.com/watch?v=fbY4O04uunE
clk6lbly5003m3n6l9bjdqiyz,1545,right side,,Abnormal Gait,stroke,"{'top': 24.043478260869566, 'left': 173.30434782608697, 'height': 331.4347826086956, 'width': 180.69565217391303}","{'height': 360, 'width': 640, 'mime_type': 'video/mp4'}",fbY4O04uunE,https://www.youtube.com/watch?v=fbY4O04uunE
clk6lbly5003m3n6l9bjdqiyz,1546,right side,,Abnormal Gait,stroke,"{'top': 23.925465838509318, 'left': 173.33540372670808, 'height': 331.54037267080747, 'width': 180.66459627329192}","{'height': 360, 'width': 640, 'mime_type': 'video/mp4'}",fbY4O04uunE,https://www.youtube.com/watch?v=fbY4O04uunE
clk6lbly5003m3n6l9bjdqiyz,1547,right side,,Abnormal Gait,stroke,"{'top': 23.807453416149066, 'left': 173.3664596273292, 'height': 331.64596273291926, 'width': 180.6335403726708}","{'height': 360, 'width': 640, 'mime_type': 'video/mp4'}",fbY4O04uunE,https://www.youtube.com/watch?v=fbY4O04uunE
clk6lbly5003m3n6l9bjdqiyz,1548,right side,,Abnormal Gait,stroke,"{'top': 23.68944099378882, 'left': 173.3975155279503, 'height': 331.75155279503105, 'width': 180.6024844720497}","{'height': 360, 'width': 640, 'mime_type': 'video/mp4'}",fbY4O04uunE,https://www.youtube.com/watch?v=fbY4O04uunE
clk6lbly5003m3n6l9bjdqiyz,1549,right side,,Abnormal Gait,stroke,"{'top': 23.571428571428573, 'left': 173.42857142857142, 'height': 331.8571428571429, 'width': 180.57142857142858}","{'height': 360, 'width': 640, 'mime_type': 'video/mp4'}",fbY4O04uunE,https://www.youtube.com/watch?v=fbY4O04uunE
clk6lbly5003m3n6l9bjdqiyz,1550,right side,,Abnormal Gait,stroke,"{'top': 23.453416149068325, 'left': 173.45962732919256, 'height': 331.9627329192546, 'width': 180.54037267080744}","{'height': 360, 'width': 640, 'mime_type': 'video/mp4'}",fbY4O04uunE,https://www.youtube.com/watch?v=fbY4O04uunE
clk6lbly5003m3n6l9bjdqiyz,1551,right side,,Abnormal Gait,stroke,"{'top': 23.335403726708073, 'left': 173.49068322981367, 'height': 332.06832298136646, 'width': 180.50931677018633}","{'height': 360, 'width': 640, 'mime_type': 'video/mp4'}",fbY4O04uunE,https://www.youtube.com/watch?v=fbY4O04uunE
clk6lbly5003m3n6l9bjdqiyz,1552,right side,,Abnormal Gait,stroke,"{'top': 23.217391304347828, 'left': 173.52173913043478, 'height': 332.17391304347825, 'width': 180.47826086956522}","{'height': 360, 'width': 640, 'mime_type': 'video/mp4'}",fbY4O04uunE,https://www.youtube.com/watch?v=fbY4O04uunE
clk6lbly5003m3n6l9bjdqiyz,1553,right side,,Abnormal Gait,stroke,"{'top': 23.099378881987576, 'left': 173.5527950310559, 'height': 332.27950310559004, 'width': 180.4472049689441}","{'height': 360, 'width': 640, 'mime_type': 'video/mp4'}",fbY4O04uunE,https://www.youtube.com/watch?v=fbY4O04uunE
clk6lbly5003m3n6l9bjdqiyz,1554,right side,,Abnormal Gait,stroke,"{'top': 22.98136645962733, 'left': 173.583850931677, 'height': 332.3850931677019, 'width': 180.416149068323}","{'height': 360, 'width': 640, 'mime_type': 'video/mp4'}",fbY4O04uunE,https://www.youtube.com/watch?v=fbY4O04uunE
clk6lbly5003m3n6l9bjdqiyz,1555,right side,,Abnormal Gait,stroke,"{'top': 22.86335403726708, 'left': 173.61490683229815, 'height': 332.49068322981367, 'width': 180.38509316770185}","{'height': 360, 'width': 640, 'mime_type': 'video/mp4'}",fbY4O04uunE,https://www.youtube.com/watch?v=fbY4O04uunE
clk6lbly5003m3n6l9bjdqiyz,1556,right side,,Abnormal Gait,stroke,"{'top': 22.74534161490683, 'left': 173.64596273291926, 'height': 332.5962732919255, 'width': 180.35403726708074}","{'height': 360, 'width': 640, 'mime_type': 'video/mp4'}",fbY4O04uunE,https://www.youtube.com/watch?v=fbY4O04uunE
clk6lbly5003m3n6l9bjdqiyz,1557,right side,,Abnormal Gait,stroke,"{'top': 22.627329192546583, 'left': 173.67701863354037, 'height': 332.70186335403724, 'width': 180.32298136645963}","{'height': 360, 'width': 640, 'mime_type': 'video/mp4'}",fbY4O04uunE,https://www.youtube.com/watch?v=fbY4O04uunE
clk6lbly5003m3n6l9bjdqiyz,1558,right side,,Abnormal Gait,stroke,"{'top': 22.509316770186338, 'left': 173.70807453416148, 'height': 332.8074534161491, 'width': 180.29192546583852}","{'height': 360, 'width': 640, 'mime_type': 'video/mp4'}",fbY4O04uunE,https://www.youtube.com/watch?v=fbY4O04uunE
clk6lbly5003m3n6l9bjdqiyz,1559,right side,,Abnormal Gait,stroke,"{'top': 22.391304347826086, 'left': 173.7391304347826, 'height': 332.9130434782609, 'width': 180.2608695652174}","{'height': 360, 'width': 640, 'mime_type': 'video/mp4'}",fbY4O04uunE,https://www.youtube.com/watch?v=fbY4O04uunE
clk6lbly5003m3n6l9bjdqiyz,1560,right side,,Abnormal Gait,stroke,"{'top': 22.273291925465838, 'left': 173.77018633540374, 'height': 333.01863354037266, 'width': 180.22981366459626}","{'height': 360, 'width': 640, 'mime_type': 'video/mp4'}",fbY4O04uunE,https://www.youtube.com/watch?v=fbY4O04uunE
clk6lbly5003m3n6l9bjdqiyz,1561,right side,,Abnormal Gait,stroke,"{'top': 22.15527950310559, 'left': 173.80124223602485, 'height': 333.12422360248445, 'width': 180.19875776397515}","{'height': 360, 'width': 640, 'mime_type': 'video/mp4'}",fbY4O04uunE,https://www.youtube.com/watch?v=fbY4O04uunE
clk6lbly5003m3n6l9bjdqiyz,1562,right side,,Abnormal Gait,stroke,"{'top': 22.03726708074534, 'left': 173.83229813664596, 'height': 333.2298136645963, 'width': 180.16770186335404}","{'height': 360, 'width': 640, 'mime_type': 'video/mp4'}",fbY4O04uunE,https://www.youtube.com/watch?v=fbY4O04uunE
clk6lbly5003m3n6l9bjdqiyz,1563,right side,,Abnormal Gait,stroke,"{'top': 21.919254658385093, 'left': 173.86335403726707, 'height': 333.3354037267081, 'width': 180.13664596273293}","{'height': 360, 'width': 640, 'mime_type': 'video/mp4'}",fbY4O04uunE,https://www.youtube.com/watch?v=fbY4O04uunE
clk6lbly5003m3n6l9bjdqiyz,1564,right side,,Abnormal Gait,stroke,"{'top': 21.801242236024844, 'left': 173.8944099378882, 'height': 333.44099378881987, 'width': 180.1055900621118}","{'height': 360, 'width': 640, 'mime_type': 'video/mp4'}",fbY4O04uunE,https://www.youtube.com/watch?v=fbY4O04uunE
clk6lbly5003m3n6l9bjdqiyz,1565,right side,,Abnormal Gait,stroke,"{'top': 21.683229813664596, 'left': 173.92546583850933, 'height': 333.5465838509317, 'width': 180.07453416149067}","{'height': 360, 'width': 640, 'mime_type': 'video/mp4'}",fbY4O04uunE,https://www.youtube.com/watch?v=fbY4O04uunE
clk6lbly5003m3n6l9bjdqiyz,1566,right side,,Abnormal Gait,stroke,"{'top': 21.565217391304348, 'left': 173.95652173913044, 'height': 333.65217391304344, 'width': 180.04347826086956}","{'height': 360, 'width': 640, 'mime_type': 'video/mp4'}",fbY4O04uunE,https://www.youtube.com/watch?v=fbY4O04uunE
clk6lbly5003m3n6l9bjdqiyz,1567,right side,,Abnormal Gait,stroke,"{'top': 21.4472049689441, 'left': 173.98757763975155, 'height': 333.7577639751553, 'width': 180.01242236024845}","{'height': 360, 'width': 640, 'mime_type': 'video/mp4'}",fbY4O04uunE,https://www.youtube.com/watch?v=fbY4O04uunE
clk6lbly5003m3n6l9bjdqiyz,1568,right side,,Abnormal Gait,stroke,"{'top': 21.32919254658385, 'left': 174.01863354037266, 'height': 333.8633540372671, 'width': 179.98136645962734}","{'height': 360, 'width': 640, 'mime_type': 'video/mp4'}",fbY4O04uunE,https://www.youtube.com/watch?v=fbY4O04uunE
clk6lbly5003m3n6l9bjdqiyz,1569,right side,,Abnormal Gait,stroke,"{'top': 21.211180124223603, 'left': 174.0496894409938, 'height': 333.96894409937886, 'width': 179.9503105590062}","{'height': 360, 'width': 640, 'mime_type': 'video/mp4'}",fbY4O04uunE,https://www.youtube.com/watch?v=fbY4O04uunE
clk6lbly5003m3n6l9bjdqiyz,1570,right side,,Abnormal Gait,stroke,"{'top': 21.093167701863354, 'left': 174.08074534161491, 'height': 334.07453416149065, 'width': 179.91925465838509}","{'height': 360, 'width': 640, 'mime_type': 'video/mp4'}",fbY4O04uunE,https://www.youtube.com/watch?v=fbY4O04uunE
clk6lbly5003m3n6l9bjdqiyz,1571,right side,,Abnormal Gait,stroke,"{'top': 20.975155279503106, 'left': 174.11180124223603, 'height': 334.1801242236025, 'width': 179.88819875776397}","{'height': 360, 'width': 640, 'mime_type': 'video/mp4'}",fbY4O04uunE,https://www.youtube.com/watch?v=fbY4O04uunE
clk6lbly5003m3n6l9bjdqiyz,1572,right side,,Abnormal Gait,stroke,"{'top': 20.857142857142858, 'left': 174.14285714285714, 'height': 334.28571428571433, 'width': 179.85714285714286}","{'height': 360, 'width': 640, 'mime_type': 'video/mp4'}",fbY4O04uunE,https://www.youtube.com/watch?v=fbY4O04uunE
clk6lbly5003m3n6l9bjdqiyz,1573,right side,,Abnormal Gait,stroke,"{'top': 20.73913043478261, 'left': 174.17391304347825, 'height': 334.39130434782606, 'width': 179.82608695652175}","{'height': 360, 'width': 640, 'mime_type': 'video/mp4'}",fbY4O04uunE,https://www.youtube.com/watch?v=fbY4O04uunE
clk6lbly5003m3n6l9bjdqiyz,1574,right side,,Abnormal Gait,stroke,"{'top': 20.62111801242236, 'left': 174.2049689440994, 'height': 334.4968944099379, 'width': 179.7950310559006}","{'height': 360, 'width': 640, 'mime_type': 'video/mp4'}",fbY4O04uunE,https://www.youtube.com/watch?v=fbY4O04uunE
clk6lbly5003m3n6l9bjdqiyz,1575,right side,,Abnormal Gait,stroke,"{'top': 20.503105590062113, 'left': 174.2360248447205, 'height': 334.6024844720497, 'width': 179.7639751552795}","{'height': 360, 'width': 640, 'mime_type': 'video/mp4'}",fbY4O04uunE,https://www.youtube.com/watch?v=fbY4O04uunE
clk6lbly5003m3n6l9bjdqiyz,1576,right side,,Abnormal Gait,stroke,"{'top': 20.38509316770186, 'left': 174.26708074534162, 'height': 334.7080745341615, 'width': 179.73291925465838}","{'height': 360, 'width': 640, 'mime_type': 'video/mp4'}",fbY4O04uunE,https://www.youtube.com/watch?v=fbY4O04uunE
clk6lbly5003m3n6l9bjdqiyz,1577,right side,,Abnormal Gait,stroke,"{'top': 20.267080745341616, 'left': 174.29813664596273, 'height': 334.81366459627327, 'width': 179.70186335403727}","{'height': 360, 'width': 640, 'mime_type': 'video/mp4'}",fbY4O04uunE,https://www.youtube.com/watch?v=fbY4O04uunE
clk6lbly5003m3n6l9bjdqiyz,1578,right side,,Abnormal Gait,stroke,"{'top': 20.149068322981364, 'left': 174.32919254658384, 'height': 334.9192546583851, 'width': 179.67080745341616}","{'height': 360, 'width': 640, 'mime_type': 'video/mp4'}",fbY4O04uunE,https://www.youtube.com/watch?v=fbY4O04uunE
clk6lbly5003m3n6l9bjdqiyz,1579,right side,,Abnormal Gait,stroke,"{'top': 20.03105590062112, 'left': 174.36024844720498, 'height': 335.02484472049684, 'width': 179.63975155279502}","{'height': 360, 'width': 640, 'mime_type': 'video/mp4'}",fbY4O04uunE,https://www.youtube.com/watch?v=fbY4O04uunE
clk6lbly5003m3n6l9bjdqiyz,1580,right side,,Abnormal Gait,stroke,"{'top': 19.913043478260867, 'left': 174.3913043478261, 'height': 335.1304347826087, 'width': 179.6086956521739}","{'height': 360, 'width': 640, 'mime_type': 'video/mp4'}",fbY4O04uunE,https://www.youtube.com/watch?v=fbY4O04uunE
clk6lbly5003m3n6l9bjdqiyz,1581,right side,,Abnormal Gait,stroke,"{'top': 19.795031055900623, 'left': 174.4223602484472, 'height': 335.23602484472053, 'width': 179.5776397515528}","{'height': 360, 'width': 640, 'mime_type': 'video/mp4'}",fbY4O04uunE,https://www.youtube.com/watch?v=fbY4O04uunE
clk6lbly5003m3n6l9bjdqiyz,1582,right side,,Abnormal Gait,stroke,"{'top': 19.67701863354037, 'left': 174.45341614906832, 'height': 335.3416149068323, 'width': 179.54658385093168}","{'height': 360, 'width': 640, 'mime_type': 'video/mp4'}",fbY4O04uunE,https://www.youtube.com/watch?v=fbY4O04uunE
clk6lbly5003m3n6l9bjdqiyz,1583,right side,,Abnormal Gait,stroke,"{'top': 19.559006211180126, 'left': 174.48447204968943, 'height': 335.4472049689441, 'width': 179.51552795031057}","{'height': 360, 'width': 640, 'mime_type': 'video/mp4'}",fbY4O04uunE,https://www.youtube.com/watch?v=fbY4O04uunE
clk6lbly5003m3n6l9bjdqiyz,1584,right side,,Abnormal Gait,stroke,"{'top': 19.440993788819878, 'left': 174.51552795031057, 'height': 335.5527950310559, 'width': 179.48447204968943}","{'height': 360, 'width': 640, 'mime_type': 'video/mp4'}",fbY4O04uunE,https://www.youtube.com/watch?v=fbY4O04uunE
clk6lbly5003m3n6l9bjdqiyz,1585,right side,,Abnormal Gait,stroke,"{'top': 19.32298136645963, 'left': 174.54658385093168, 'height': 335.6583850931677, 'width': 179.45341614906832}","{'height': 360, 'width': 640, 'mime_type': 'video/mp4'}",fbY4O04uunE,https://www.youtube.com/watch?v=fbY4O04uunE
clk6lbly5003m3n6l9bjdqiyz,1586,right side,,Abnormal Gait,stroke,"{'top': 19.204968944099377, 'left': 174.5776397515528, 'height': 335.76397515527947, 'width': 179.4223602484472}","{'height': 360, 'width': 640, 'mime_type': 'video/mp4'}",fbY4O04uunE,https://www.youtube.com/watch?v=fbY4O04uunE
clk6lbly5003m3n6l9bjdqiyz,1587,right side,,Abnormal Gait,stroke,"{'top': 19.086956521739133, 'left': 174.6086956521739, 'height': 335.8695652173913, 'width': 179.3913043478261}","{'height': 360, 'width': 640, 'mime_type': 'video/mp4'}",fbY4O04uunE,https://www.youtube.com/watch?v=fbY4O04uunE
clk6lbly5003m3n6l9bjdqiyz,1588,right side,,Abnormal Gait,stroke,"{'top': 18.96894409937888, 'left': 174.63975155279502, 'height': 335.97515527950316, 'width': 179.36024844720498}","{'height': 360, 'width': 640, 'mime_type': 'video/mp4'}",fbY4O04uunE,https://www.youtube.com/watch?v=fbY4O04uunE
clk6lbly5003m3n6l9bjdqiyz,1589,right side,,Abnormal Gait,stroke,"{'top': 18.850931677018636, 'left': 174.67080745341616, 'height': 336.0807453416149, 'width': 179.32919254658384}","{'height': 360, 'width': 640, 'mime_type': 'video/mp4'}",fbY4O04uunE,https://www.youtube.com/watch?v=fbY4O04uunE
clk6lbly5003m3n6l9bjdqiyz,1590,right side,,Abnormal Gait,stroke,"{'top': 18.732919254658384, 'left': 174.70186335403727, 'height': 336.18633540372673, 'width': 179.29813664596273}","{'height': 360, 'width': 640, 'mime_type': 'video/mp4'}",fbY4O04uunE,https://www.youtube.com/watch?v=fbY4O04uunE
clk6lbly5003m3n6l9bjdqiyz,1591,right side,,Abnormal Gait,stroke,"{'top': 18.614906832298136, 'left': 174.73291925465838, 'height': 336.2919254658385, 'width': 179.26708074534162}","{'height': 360, 'width': 640, 'mime_type': 'video/mp4'}",fbY4O04uunE,https://www.youtube.com/watch?v=fbY4O04uunE
clk6lbly5003m3n6l9bjdqiyz,1592,right side,,Abnormal Gait,stroke,"{'top': 18.496894409937887, 'left': 174.7639751552795, 'height': 336.3975155279503, 'width': 179.2360248447205}","{'height': 360, 'width': 640, 'mime_type': 'video/mp4'}",fbY4O04uunE,https://www.youtube.com/watch?v=fbY4O04uunE
clk6lbly5003m3n6l9bjdqiyz,1593,right side,,Abnormal Gait,stroke,"{'top': 18.378881987577643, 'left': 174.7950310559006, 'height': 336.5031055900621, 'width': 179.2049689440994}","{'height': 360, 'width': 640, 'mime_type': 'video/mp4'}",fbY4O04uunE,https://www.youtube.com/watch?v=fbY4O04uunE
clk6lbly5003m3n6l9bjdqiyz,1594,right side,,Abnormal Gait,stroke,"{'top': 18.26086956521739, 'left': 174.82608695652175, 'height': 336.60869565217394, 'width': 179.17391304347825}","{'height': 360, 'width': 640, 'mime_type': 'video/mp4'}",fbY4O04uunE,https://www.youtube.com/watch?v=fbY4O04uunE
clk6lbly5003m3n6l9bjdqiyz,1595,right side,,Abnormal Gait,stroke,"{'top': 18.142857142857146, 'left': 174.85714285714286, 'height': 336.71428571428567, 'width': 179.14285714285714}","{'height': 360, 'width': 640, 'mime_type': 'video/mp4'}",fbY4O04uunE,https://www.youtube.com/watch?v=fbY4O04uunE
clk6lbly5003m3n6l9bjdqiyz,1596,right side,,Abnormal Gait,stroke,"{'top': 18.024844720496894, 'left': 174.88819875776397, 'height': 336.8198757763975, 'width': 179.11180124223603}","{'height': 360, 'width': 640, 'mime_type': 'video/mp4'}",fbY4O04uunE,https://www.youtube.com/watch?v=fbY4O04uunE
clk6lbly5003m3n6l9bjdqiyz,1597,right side,,Abnormal Gait,stroke,"{'top': 17.906832298136646, 'left': 174.91925465838509, 'height': 336.92546583850935, 'width': 179.08074534161491}","{'height': 360, 'width': 640, 'mime_type': 'video/mp4'}",fbY4O04uunE,https://www.youtube.com/watch?v=fbY4O04uunE
clk6lbly5003m3n6l9bjdqiyz,1598,right side,,Abnormal Gait,stroke,"{'top': 17.788819875776397, 'left': 174.9503105590062, 'height': 337.03105590062114, 'width': 179.0496894409938}","{'height': 360, 'width': 640, 'mime_type': 'video/mp4'}",fbY4O04uunE,https://www.youtube.com/watch?v=fbY4O04uunE
clk6lbly5003m3n6l9bjdqiyz,1599,right side,,Abnormal Gait,stroke,"{'top': 17.67080745341615, 'left': 174.98136645962734, 'height': 337.1366459627329, 'width': 179.01863354037266}","{'height': 360, 'width': 640, 'mime_type': 'video/mp4'}",fbY4O04uunE,https://www.youtube.com/watch?v=fbY4O04uunE
clk6lbly5003m3n6l9bjdqiyz,1600,right side,,Abnormal Gait,stroke,"{'top': 17.5527950310559, 'left': 175.01242236024845, 'height': 337.2422360248447, 'width': 178.98757763975155}","{'height': 360, 'width': 640, 'mime_type': 'video/mp4'}",fbY4O04uunE,https://www.youtube.com/watch?v=fbY4O04uunE
clk6lbly5003m3n6l9bjdqiyz,1601,right side,,Abnormal Gait,stroke,"{'top': 17.434782608695652, 'left': 175.04347826086956, 'height': 337.34782608695656, 'width': 178.95652173913044}","{'height': 360, 'width': 640, 'mime_type': 'video/mp4'}",fbY4O04uunE,https://www.youtube.com/watch?v=fbY4O04uunE
clk6lbly5003m3n6l9bjdqiyz,1602,right side,,Abnormal Gait,stroke,"{'top': 17.316770186335404, 'left': 175.07453416149067, 'height': 337.4534161490683, 'width': 178.92546583850933}","{'height': 360, 'width': 640, 'mime_type': 'video/mp4'}",fbY4O04uunE,https://www.youtube.com/watch?v=fbY4O04uunE
clk6lbly5003m3n6l9bjdqiyz,1603,right side,,Abnormal Gait,stroke,"{'top': 17.198757763975156, 'left': 175.1055900621118, 'height': 337.55900621118013, 'width': 178.8944099378882}","{'height': 360, 'width': 640, 'mime_type': 'video/mp4'}",fbY4O04uunE,https://www.youtube.com/watch?v=fbY4O04uunE
clk6lbly5003m3n6l9bjdqiyz,1604,right side,,Abnormal Gait,stroke,"{'top': 17.080745341614907, 'left': 175.13664596273293, 'height': 337.6645962732919, 'width': 178.86335403726707}","{'height': 360, 'width': 640, 'mime_type': 'video/mp4'}",fbY4O04uunE,https://www.youtube.com/watch?v=fbY4O04uunE
clk6lbly5003m3n6l9bjdqiyz,1605,right side,,Abnormal Gait,stroke,"{'top': 16.96273291925466, 'left': 175.16770186335404, 'height': 337.7701863354037, 'width': 178.83229813664596}","{'height': 360, 'width': 640, 'mime_type': 'video/mp4'}",fbY4O04uunE,https://www.youtube.com/watch?v=fbY4O04uunE
clk6lbly5003m3n6l9bjdqiyz,1606,right side,,Abnormal Gait,stroke,"{'top': 16.84472049689441, 'left': 175.19875776397515, 'height': 337.87577639751555, 'width': 178.80124223602485}","{'height': 360, 'width': 640, 'mime_type': 'video/mp4'}",fbY4O04uunE,https://www.youtube.com/watch?v=fbY4O04uunE
clk6lbly5003m3n6l9bjdqiyz,1607,right side,,Abnormal Gait,stroke,"{'top': 16.726708074534162, 'left': 175.22981366459626, 'height': 337.98136645962734, 'width': 178.77018633540374}","{'height': 360, 'width': 640, 'mime_type': 'video/mp4'}",fbY4O04uunE,https://www.youtube.com/watch?v=fbY4O04uunE
clk6lbly5003m3n6l9bjdqiyz,1608,right side,,Abnormal Gait,stroke,"{'top': 16.608695652173914, 'left': 175.2608695652174, 'height': 338.0869565217391, 'width': 178.7391304347826}","{'height': 360, 'width': 640, 'mime_type': 'video/mp4'}",fbY4O04uunE,https://www.youtube.com/watch?v=fbY4O04uunE
clk6lbly5003m3n6l9bjdqiyz,1609,right side,,Abnormal Gait,stroke,"{'top': 16.490683229813662, 'left': 175.29192546583852, 'height': 338.1925465838509, 'width': 178.70807453416148}","{'height': 360, 'width': 640, 'mime_type': 'video/mp4'}",fbY4O04uunE,https://www.youtube.com/watch?v=fbY4O04uunE
clk6lbly5003m3n6l9bjdqiyz,1610,right side,,Abnormal Gait,stroke,"{'top': 16.372670807453417, 'left': 175.32298136645963, 'height': 338.29813664596276, 'width': 178.67701863354037}","{'height': 360, 'width': 640, 'mime_type': 'video/mp4'}",fbY4O04uunE,https://www.youtube.com/watch?v=fbY4O04uunE
clk6lbly5003m3n6l9bjdqiyz,1611,right side,,Abnormal Gait,stroke,"{'top': 16.254658385093165, 'left': 175.35403726708074, 'height': 338.4037267080745, 'width': 178.64596273291926}","{'height': 360, 'width': 640, 'mime_type': 'video/mp4'}",fbY4O04uunE,https://www.youtube.com/watch?v=fbY4O04uunE
clk6lbly5003m3n6l9bjdqiyz,1612,right side,,Abnormal Gait,stroke,"{'top': 16.13664596273292, 'left': 175.38509316770185, 'height': 338.50931677018633, 'width': 178.61490683229815}","{'height': 360, 'width': 640, 'mime_type': 'video/mp4'}",fbY4O04uunE,https://www.youtube.com/watch?v=fbY4O04uunE
clk6lbly5003m3n6l9bjdqiyz,1613,right side,,Abnormal Gait,stroke,"{'top': 16.018633540372672, 'left': 175.416149068323, 'height': 338.6149068322981, 'width': 178.583850931677}","{'height': 360, 'width': 640, 'mime_type': 'video/mp4'}",fbY4O04uunE,https://www.youtube.com/watch?v=fbY4O04uunE
clk6lbly5003m3n6l9bjdqiyz,1614,right side,,Abnormal Gait,stroke,"{'top': 15.900621118012422, 'left': 175.4472049689441, 'height': 338.72049689440996, 'width': 178.5527950310559}","{'height': 360, 'width': 640, 'mime_type': 'video/mp4'}",fbY4O04uunE,https://www.youtube.com/watch?v=fbY4O04uunE
clk6lbly5003m3n6l9bjdqiyz,1615,right side,,Abnormal Gait,stroke,"{'top': 15.782608695652174, 'left': 175.47826086956522, 'height': 338.82608695652175, 'width': 178.52173913043478}","{'height': 360, 'width': 640, 'mime_type': 'video/mp4'}",fbY4O04uunE,https://www.youtube.com/watch?v=fbY4O04uunE
clk6lbly5003m3n6l9bjdqiyz,1616,right side,,Abnormal Gait,stroke,"{'top': 15.664596273291925, 'left': 175.50931677018633, 'height': 338.93167701863354, 'width': 178.49068322981367}","{'height': 360, 'width': 640, 'mime_type': 'video/mp4'}",fbY4O04uunE,https://www.youtube.com/watch?v=fbY4O04uunE
clk6lbly5003m3n6l9bjdqiyz,1617,right side,,Abnormal Gait,stroke,"{'top': 15.546583850931677, 'left': 175.54037267080744, 'height': 339.0372670807454, 'width': 178.45962732919256}","{'height': 360, 'width': 640, 'mime_type': 'video/mp4'}",fbY4O04uunE,https://www.youtube.com/watch?v=fbY4O04uunE
clk6lbly5003m3n6l9bjdqiyz,1618,right side,,Abnormal Gait,stroke,"{'top': 15.428571428571429, 'left': 175.57142857142858, 'height': 339.1428571428571, 'width': 178.42857142857142}","{'height': 360, 'width': 640, 'mime_type': 'video/mp4'}",fbY4O04uunE,https://www.youtube.com/watch?v=fbY4O04uunE
clk6lbly5003m3n6l9bjdqiyz,1619,right side,,Abnormal Gait,stroke,"{'top': 15.310559006211179, 'left': 175.6024844720497, 'height': 339.24844720496895, 'width': 178.3975155279503}","{'height': 360, 'width': 640, 'mime_type': 'video/mp4'}",fbY4O04uunE,https://www.youtube.com/watch?v=fbY4O04uunE
clk6lbly5003m3n6l9bjdqiyz,1620,right side,,Abnormal Gait,stroke,"{'top': 15.19254658385093, 'left': 175.6335403726708, 'height': 339.35403726708074, 'width': 178.3664596273292}","{'height': 360, 'width': 640, 'mime_type': 'video/mp4'}",fbY4O04uunE,https://www.youtube.com/watch?v=fbY4O04uunE
clk6lbly5003m3n6l9bjdqiyz,1621,right side,,Abnormal Gait,stroke,"{'top': 15.074534161490682, 'left': 175.66459627329192, 'height': 339.45962732919253, 'width': 178.33540372670808}","{'height': 360, 'width': 640, 'mime_type': 'video/mp4'}",fbY4O04uunE,https://www.youtube.com/watch?v=fbY4O04uunE
clk6lbly5003m3n6l9bjdqiyz,1622,right side,,Abnormal Gait,stroke,"{'top': 14.956521739130435, 'left': 175.69565217391303, 'height': 339.5652173913044, 'width': 178.30434782608697}","{'height': 360, 'width': 640, 'mime_type': 'video/mp4'}",fbY4O04uunE,https://www.youtube.com/watch?v=fbY4O04uunE
clk6lbly5003m3n6l9bjdqiyz,1623,right side,,Abnormal Gait,stroke,"{'top': 14.838509316770187, 'left': 175.72670807453417, 'height': 339.67080745341616, 'width': 178.27329192546583}","{'height': 360, 'width': 640, 'mime_type': 'video/mp4'}",fbY4O04uunE,https://www.youtube.com/watch?v=fbY4O04uunE
clk6lbly5003m3n6l9bjdqiyz,1624,right side,,Abnormal Gait,stroke,"{'top': 14.720496894409939, 'left': 175.75776397515529, 'height': 339.77639751552795, 'width': 178.24223602484471}","{'height': 360, 'width': 640, 'mime_type': 'video/mp4'}",fbY4O04uunE,https://www.youtube.com/watch?v=fbY4O04uunE
clk6lbly5003m3n6l9bjdqiyz,1625,right side,,Abnormal Gait,stroke,"{'top': 14.60248447204969, 'left': 175.7888198757764, 'height': 339.88198757763973, 'width': 178.2111801242236}","{'height': 360, 'width': 640, 'mime_type': 'video/mp4'}",fbY4O04uunE,https://www.youtube.com/watch?v=fbY4O04uunE
clk6lbly5003m3n6l9bjdqiyz,1626,right side,,Abnormal Gait,stroke,"{'top': 14.48447204968944, 'left': 175.8198757763975, 'height': 339.9875776397516, 'width': 178.1801242236025}","{'height': 360, 'width': 640, 'mime_type': 'video/mp4'}",fbY4O04uunE,https://www.youtube.com/watch?v=fbY4O04uunE
clk6lbly5003m3n6l9bjdqiyz,1627,right side,,Abnormal Gait,stroke,"{'top': 14.366459627329192, 'left': 175.85093167701862, 'height': 340.0931677018633, 'width': 178.14906832298138}","{'height': 360, 'width': 640, 'mime_type': 'video/mp4'}",fbY4O04uunE,https://www.youtube.com/watch?v=fbY4O04uunE
clk6lbly5003m3n6l9bjdqiyz,1628,right side,,Abnormal Gait,stroke,"{'top': 14.248447204968944, 'left': 175.88198757763976, 'height': 340.19875776397515, 'width': 178.11801242236024}","{'height': 360, 'width': 640, 'mime_type': 'video/mp4'}",fbY4O04uunE,https://www.youtube.com/watch?v=fbY4O04uunE
clk6lbly5003m3n6l9bjdqiyz,1629,right side,,Abnormal Gait,stroke,"{'top': 14.130434782608695, 'left': 175.91304347826087, 'height': 340.30434782608694, 'width': 178.08695652173913}","{'height': 360, 'width': 640, 'mime_type': 'video/mp4'}",fbY4O04uunE,https://www.youtube.com/watch?v=fbY4O04uunE
clk6lbly5003m3n6l9bjdqiyz,1630,right side,,Abnormal Gait,stroke,"{'top': 14.012422360248447, 'left': 175.944099378882, 'height': 340.4099378881988, 'width': 178.055900621118}","{'height': 360, 'width': 640, 'mime_type': 'video/mp4'}",fbY4O04uunE,https://www.youtube.com/watch?v=fbY4O04uunE
clk6lbly5003m3n6l9bjdqiyz,1631,right side,,Abnormal Gait,stroke,"{'top': 13.8944099378882, 'left': 175.9751552795031, 'height': 340.51552795031057, 'width': 178.0248447204969}","{'height': 360, 'width': 640, 'mime_type': 'video/mp4'}",fbY4O04uunE,https://www.youtube.com/watch?v=fbY4O04uunE
clk6lbly5003m3n6l9bjdqiyz,1632,right side,,Abnormal Gait,stroke,"{'top': 13.77639751552795, 'left': 176.0062111801242, 'height': 340.62111801242236, 'width': 177.9937888198758}","{'height': 360, 'width': 640, 'mime_type': 'video/mp4'}",fbY4O04uunE,https://www.youtube.com/watch?v=fbY4O04uunE
clk6lbly5003m3n6l9bjdqiyz,1633,right side,,Abnormal Gait,stroke,"{'top': 13.658385093167702, 'left': 176.03726708074535, 'height': 340.7267080745342, 'width': 177.96273291925465}","{'height': 360, 'width': 640, 'mime_type': 'video/mp4'}",fbY4O04uunE,https://www.youtube.com/watch?v=fbY4O04uunE
clk6lbly5003m3n6l9bjdqiyz,1634,right side,,Abnormal Gait,stroke,"{'top': 13.540372670807454, 'left': 176.06832298136646, 'height': 340.83229813664593, 'width': 177.93167701863354}","{'height': 360, 'width': 640, 'mime_type': 'video/mp4'}",fbY4O04uunE,https://www.youtube.com/watch?v=fbY4O04uunE
clk6lbly5003m3n6l9bjdqiyz,1635,right side,,Abnormal Gait,stroke,"{'top': 13.422360248447205, 'left': 176.09937888198758, 'height': 340.9378881987578, 'width': 177.90062111801242}","{'height': 360, 'width': 640, 'mime_type': 'video/mp4'}",fbY4O04uunE,https://www.youtube.com/watch?v=fbY4O04uunE
clk6lbly5003m3n6l9bjdqiyz,1636,right side,,Abnormal Gait,stroke,"{'top': 13.304347826086957, 'left': 176.1304347826087, 'height': 341.04347826086956, 'width': 177.8695652173913}","{'height': 360, 'width': 640, 'mime_type': 'video/mp4'}",fbY4O04uunE,https://www.youtube.com/watch?v=fbY4O04uunE
clk6lbly5003m3n6l9bjdqiyz,1637,right side,,Abnormal Gait,stroke,"{'top': 13.186335403726709, 'left': 176.1614906832298, 'height': 341.14906832298135, 'width': 177.8385093167702}","{'height': 360, 'width': 640, 'mime_type': 'video/mp4'}",fbY4O04uunE,https://www.youtube.com/watch?v=fbY4O04uunE
clk6lbly5003m3n6l9bjdqiyz,1638,right side,,Abnormal Gait,stroke,"{'top': 13.068322981366459, 'left': 176.19254658385094, 'height': 341.25465838509314, 'width': 177.80745341614906}","{'height': 360, 'width': 640, 'mime_type': 'video/mp4'}",fbY4O04uunE,https://www.youtube.com/watch?v=fbY4O04uunE
clk6lbly5003m3n6l9bjdqiyz,1639,right side,,Abnormal Gait,stroke,"{'top': 12.950310559006212, 'left': 176.22360248447205, 'height': 341.360248447205, 'width': 177.77639751552795}","{'height': 360, 'width': 640, 'mime_type': 'video/mp4'}",fbY4O04uunE,https://www.youtube.com/watch?v=fbY4O04uunE
clk6lbly5003m3n6l9bjdqiyz,1640,right side,,Abnormal Gait,stroke,"{'top': 12.83229813664596, 'left': 176.25465838509317, 'height': 341.46583850931677, 'width': 177.74534161490683}","{'height': 360, 'width': 640, 'mime_type': 'video/mp4'}",fbY4O04uunE,https://www.youtube.com/watch?v=fbY4O04uunE
clk6lbly5003m3n6l9bjdqiyz,1641,right side,,Abnormal Gait,stroke,"{'top': 12.714285714285715, 'left': 176.28571428571428, 'height': 341.57142857142856, 'width': 177.71428571428572}","{'height': 360, 'width': 640, 'mime_type': 'video/mp4'}",fbY4O04uunE,https://www.youtube.com/watch?v=fbY4O04uunE
clk6lbly5003m3n6l9bjdqiyz,1642,right side,,Abnormal Gait,stroke,"{'top': 12.596273291925467, 'left': 176.31677018633542, 'height': 341.6770186335404, 'width': 177.68322981366458}","{'height': 360, 'width': 640, 'mime_type': 'video/mp4'}",fbY4O04uunE,https://www.youtube.com/watch?v=fbY4O04uunE
clk6lbly5003m3n6l9bjdqiyz,1643,right side,,Abnormal Gait,stroke,"{'top': 12.478260869565219, 'left': 176.34782608695653, 'height': 341.78260869565213, 'width': 177.65217391304347}","{'height': 360, 'width': 640, 'mime_type': 'video/mp4'}",fbY4O04uunE,https://www.youtube.com/watch?v=fbY4O04uunE
clk6lbly5003m3n6l9bjdqiyz,1644,right side,,Abnormal Gait,stroke,"{'top': 12.36024844720497, 'left': 176.37888198757764, 'height': 341.888198757764, 'width': 177.62111801242236}","{'height': 360, 'width': 640, 'mime_type': 'video/mp4'}",fbY4O04uunE,https://www.youtube.com/watch?v=fbY4O04uunE
clk6lbly5003m3n6l9bjdqiyz,1645,right side,,Abnormal Gait,stroke,"{'top': 12.242236024844722, 'left': 176.40993788819875, 'height': 341.99378881987576, 'width': 177.59006211180125}","{'height': 360, 'width': 640, 'mime_type': 'video/mp4'}",fbY4O04uunE,https://www.youtube.com/watch?v=fbY4O04uunE
clk6lbly5003m3n6l9bjdqiyz,1646,right side,,Abnormal Gait,stroke,"{'top': 12.12422360248447, 'left': 176.44099378881987, 'height': 342.0993788819876, 'width': 177.55900621118013}","{'height': 360, 'width': 640, 'mime_type': 'video/mp4'}",fbY4O04uunE,https://www.youtube.com/watch?v=fbY4O04uunE
clk6lbly5003m3n6l9bjdqiyz,1647,right side,,Abnormal Gait,stroke,"{'top': 12.006211180124222, 'left': 176.472049689441, 'height': 342.20496894409933, 'width': 177.527950310559}","{'height': 360, 'width': 640, 'mime_type': 'video/mp4'}",fbY4O04uunE,https://www.youtube.com/watch?v=fbY4O04uunE
clk6lbly5003m3n6l9bjdqiyz,1648,right side,,Abnormal Gait,stroke,"{'top': 11.888198757763973, 'left': 176.50310559006212, 'height': 342.3105590062112, 'width': 177.49689440993788}","{'height': 360, 'width': 640, 'mime_type': 'video/mp4'}",fbY4O04uunE,https://www.youtube.com/watch?v=fbY4O04uunE
clk6lbly5003m3n6l9bjdqiyz,1649,right side,,Abnormal Gait,stroke,"{'top': 11.770186335403725, 'left': 176.53416149068323, 'height': 342.416149068323, 'width': 177.46583850931677}","{'height': 360, 'width': 640, 'mime_type': 'video/mp4'}",fbY4O04uunE,https://www.youtube.com/watch?v=fbY4O04uunE
clk6lbly5003m3n6l9bjdqiyz,1650,right side,,Abnormal Gait,stroke,"{'top': 11.65217391304348, 'left': 176.56521739130434, 'height': 342.52173913043475, 'width': 177.43478260869566}","{'height': 360, 'width': 640, 'mime_type': 'video/mp4'}",fbY4O04uunE,https://www.youtube.com/watch?v=fbY4O04uunE
clk6lbly5003m3n6l9bjdqiyz,1651,right side,,Abnormal Gait,stroke,"{'top': 11.534161490683232, 'left': 176.59627329192546, 'height': 342.6273291925466, 'width': 177.40372670807454}","{'height': 360, 'width': 640, 'mime_type': 'video/mp4'}",fbY4O04uunE,https://www.youtube.com/watch?v=fbY4O04uunE
clk6lbly5003m3n6l9bjdqiyz,1652,right side,,Abnormal Gait,stroke,"{'top': 11.416149068322984, 'left': 176.6273291925466, 'height': 342.7329192546584, 'width': 177.3726708074534}","{'height': 360, 'width': 640, 'mime_type': 'video/mp4'}",fbY4O04uunE,https://www.youtube.com/watch?v=fbY4O04uunE
clk6lbly5003m3n6l9bjdqiyz,1653,right side,,Abnormal Gait,stroke,"{'top': 11.298136645962732, 'left': 176.6583850931677, 'height': 342.83850931677017, 'width': 177.3416149068323}","{'height': 360, 'width': 640, 'mime_type': 'video/mp4'}",fbY4O04uunE,https://www.youtube.com/watch?v=fbY4O04uunE
clk6lbly5003m3n6l9bjdqiyz,1654,right side,,Abnormal Gait,stroke,"{'top': 11.180124223602483, 'left': 176.68944099378882, 'height': 342.94409937888196, 'width': 177.31055900621118}","{'height': 360, 'width': 640, 'mime_type': 'video/mp4'}",fbY4O04uunE,https://www.youtube.com/watch?v=fbY4O04uunE
clk6lbly5003m3n6l9bjdqiyz,1655,right side,,Abnormal Gait,stroke,"{'top': 11.062111801242235, 'left': 176.72049689440993, 'height': 343.0496894409938, 'width': 177.27950310559007}","{'height': 360, 'width': 640, 'mime_type': 'video/mp4'}",fbY4O04uunE,https://www.youtube.com/watch?v=fbY4O04uunE
clk6lbly5003m3n6l9bjdqiyz,1656,right side,,Abnormal Gait,stroke,"{'top': 10.944099378881987, 'left': 176.75155279503105, 'height': 343.1552795031056, 'width': 177.24844720496895}","{'height': 360, 'width': 640, 'mime_type': 'video/mp4'}",fbY4O04uunE,https://www.youtube.com/watch?v=fbY4O04uunE
clk6lbly5003m3n6l9bjdqiyz,1657,right side,,Abnormal Gait,stroke,"{'top': 10.826086956521738, 'left': 176.7826086956522, 'height': 343.2608695652174, 'width': 177.2173913043478}","{'height': 360, 'width': 640, 'mime_type': 'video/mp4'}",fbY4O04uunE,https://www.youtube.com/watch?v=fbY4O04uunE
clk6lbly5003m3n6l9bjdqiyz,1658,right side,,Abnormal Gait,stroke,"{'top': 10.70807453416149, 'left': 176.8136645962733, 'height': 343.3664596273292, 'width': 177.1863354037267}","{'height': 360, 'width': 640, 'mime_type': 'video/mp4'}",fbY4O04uunE,https://www.youtube.com/watch?v=fbY4O04uunE
clk6lbly5003m3n6l9bjdqiyz,1659,right side,,Abnormal Gait,stroke,"{'top': 10.590062111801242, 'left': 176.8447204968944, 'height': 343.472049689441, 'width': 177.1552795031056}","{'height': 360, 'width': 640, 'mime_type': 'video/mp4'}",fbY4O04uunE,https://www.youtube.com/watch?v=fbY4O04uunE
clk6lbly5003m3n6l9bjdqiyz,1660,right side,,Abnormal Gait,stroke,"{'top': 10.472049689440993, 'left': 176.87577639751552, 'height': 343.5776397515528, 'width': 177.12422360248448}","{'height': 360, 'width': 640, 'mime_type': 'video/mp4'}",fbY4O04uunE,https://www.youtube.com/watch?v=fbY4O04uunE
clk6lbly5003m3n6l9bjdqiyz,1661,right side,,Abnormal Gait,stroke,"{'top': 10.354037267080745, 'left': 176.90683229813664, 'height': 343.6832298136646, 'width': 177.09316770186336}","{'height': 360, 'width': 640, 'mime_type': 'video/mp4'}",fbY4O04uunE,https://www.youtube.com/watch?v=fbY4O04uunE
clk6lbly5003m3n6l9bjdqiyz,1662,right side,,Abnormal Gait,stroke,"{'top': 10.236024844720497, 'left': 176.93788819875778, 'height': 343.7888198757764, 'width': 177.06211180124222}","{'height': 360, 'width': 640, 'mime_type': 'video/mp4'}",fbY4O04uunE,https://www.youtube.com/watch?v=fbY4O04uunE
clk6lbly5003m3n6l9bjdqiyz,1663,right side,,Abnormal Gait,stroke,"{'top': 10.118012422360248, 'left': 176.9689440993789, 'height': 343.89440993788816, 'width': 177.0310559006211}","{'height': 360, 'width': 640, 'mime_type': 'video/mp4'}",fbY4O04uunE,https://www.youtube.com/watch?v=fbY4O04uunE
clk6lbly5003m3n6l9bjdqiyz,1664,right side,,Abnormal Gait,stroke,"{'top': 10.0, 'left': 177.0, 'height': 344.0, 'width': 177.0}","{'height': 360, 'width': 640, 'mime_type': 'video/mp4'}",fbY4O04uunE,https://www.youtube.com/watch?v=fbY4O04uunE
clk6lbly5003m3n6l9bjdqiyz,1665,right side,,Abnormal Gait,stroke,"{'top': 10.037037037037036, 'left': 177.08771929824562, 'height': 343.94736842105266, 'width': 176.91228070175438}","{'height': 360, 'width': 640, 'mime_type': 'video/mp4'}",fbY4O04uunE,https://www.youtube.com/watch?v=fbY4O04uunE
clk6lbly5003m3n6l9bjdqiyz,1666,right side,,Abnormal Gait,stroke,"{'top': 10.074074074074074, 'left': 177.17543859649123, 'height': 343.89473684210526, 'width': 176.82456140350877}","{'height': 360, 'width': 640, 'mime_type': 'video/mp4'}",fbY4O04uunE,https://www.youtube.com/watch?v=fbY4O04uunE
clk6lbly5003m3n6l9bjdqiyz,1667,right side,,Abnormal Gait,stroke,"{'top': 10.11111111111111, 'left': 177.26315789473685, 'height': 343.8421052631579, 'width': 176.73684210526315}","{'height': 360, 'width': 640, 'mime_type': 'video/mp4'}",fbY4O04uunE,https://www.youtube.com/watch?v=fbY4O04uunE
clk6lbly5003m3n6l9bjdqiyz,1668,right side,,Abnormal Gait,stroke,"{'top': 10.148148148148149, 'left': 177.35087719298247, 'height': 343.7894736842105, 'width': 176.64912280701753}","{'height': 360, 'width': 640, 'mime_type': 'video/mp4'}",fbY4O04uunE,https://www.youtube.com/watch?v=fbY4O04uunE
clk6lbly5003m3n6l9bjdqiyz,1669,right side,,Abnormal Gait,stroke,"{'top': 10.185185185185185, 'left': 177.43859649122808, 'height': 343.7368421052632, 'width': 176.56140350877192}","{'height': 360, 'width': 640, 'mime_type': 'video/mp4'}",fbY4O04uunE,https://www.youtube.com/watch?v=fbY4O04uunE
clk6lbly5003m3n6l9bjdqiyz,1670,right side,,Abnormal Gait,stroke,"{'top': 10.222222222222221, 'left': 177.52631578947367, 'height': 343.6842105263158, 'width': 176.47368421052633}","{'height': 360, 'width': 640, 'mime_type': 'video/mp4'}",fbY4O04uunE,https://www.youtube.com/watch?v=fbY4O04uunE
clk6lbly5003m3n6l9bjdqiyz,1671,right side,,Abnormal Gait,stroke,"{'top': 10.25925925925926, 'left': 177.6140350877193, 'height': 343.63157894736844, 'width': 176.3859649122807}","{'height': 360, 'width': 640, 'mime_type': 'video/mp4'}",fbY4O04uunE,https://www.youtube.com/watch?v=fbY4O04uunE
clk6lbly5003m3n6l9bjdqiyz,1672,right side,,Abnormal Gait,stroke,"{'top': 10.296296296296296, 'left': 177.7017543859649, 'height': 343.57894736842104, 'width': 176.2982456140351}","{'height': 360, 'width': 640, 'mime_type': 'video/mp4'}",fbY4O04uunE,https://www.youtube.com/watch?v=fbY4O04uunE
clk6lbly5003m3n6l9bjdqiyz,1673,right side,,Abnormal Gait,stroke,"{'top': 10.333333333333334, 'left': 177.78947368421052, 'height': 343.5263157894737, 'width': 176.21052631578948}","{'height': 360, 'width': 640, 'mime_type': 'video/mp4'}",fbY4O04uunE,https://www.youtube.com/watch?v=fbY4O04uunE
clk6lbly5003m3n6l9bjdqiyz,1674,right side,,Abnormal Gait,stroke,"{'top': 10.37037037037037, 'left': 177.87719298245614, 'height': 343.4736842105263, 'width': 176.12280701754386}","{'height': 360, 'width': 640, 'mime_type': 'video/mp4'}",fbY4O04uunE,https://www.youtube.com/watch?v=fbY4O04uunE
clk6lbly5003m3n6l9bjdqiyz,1675,right side,,Abnormal Gait,stroke,"{'top': 10.407407407407407, 'left': 177.96491228070175, 'height': 343.42105263157896, 'width': 176.03508771929825}","{'height': 360, 'width': 640, 'mime_type': 'video/mp4'}",fbY4O04uunE,https://www.youtube.com/watch?v=fbY4O04uunE
clk6lbly5003m3n6l9bjdqiyz,1676,right side,,Abnormal Gait,stroke,"{'top': 10.444444444444445, 'left': 178.05263157894737, 'height': 343.36842105263156, 'width': 175.94736842105263}","{'height': 360, 'width': 640, 'mime_type': 'video/mp4'}",fbY4O04uunE,https://www.youtube.com/watch?v=fbY4O04uunE
clk6lbly5003m3n6l9bjdqiyz,1677,right side,,Abnormal Gait,stroke,"{'top': 10.481481481481481, 'left': 178.140350877193, 'height': 343.3157894736842, 'width': 175.859649122807}","{'height': 360, 'width': 640, 'mime_type': 'video/mp4'}",fbY4O04uunE,https://www.youtube.com/watch?v=fbY4O04uunE
clk6lbly5003m3n6l9bjdqiyz,1678,right side,,Abnormal Gait,stroke,"{'top': 10.518518518518519, 'left': 178.2280701754386, 'height': 343.2631578947368, 'width': 175.7719298245614}","{'height': 360, 'width': 640, 'mime_type': 'video/mp4'}",fbY4O04uunE,https://www.youtube.com/watch?v=fbY4O04uunE
clk6lbly5003m3n6l9bjdqiyz,1679,right side,,Abnormal Gait,stroke,"{'top': 10.555555555555555, 'left': 178.31578947368422, 'height': 343.2105263157895, 'width': 175.68421052631578}","{'height': 360, 'width': 640, 'mime_type': 'video/mp4'}",fbY4O04uunE,https://www.youtube.com/watch?v=fbY4O04uunE
clk6lbly5003m3n6l9bjdqiyz,1680,right side,,Abnormal Gait,stroke,"{'top': 10.592592592592592, 'left': 178.40350877192984, 'height': 343.1578947368421, 'width': 175.59649122807016}","{'height': 360, 'width': 640, 'mime_type': 'video/mp4'}",fbY4O04uunE,https://www.youtube.com/watch?v=fbY4O04uunE
clk6lbly5003m3n6l9bjdqiyz,1681,right side,,Abnormal Gait,stroke,"{'top': 10.62962962962963, 'left': 178.49122807017545, 'height': 343.10526315789474, 'width': 175.50877192982455}","{'height': 360, 'width': 640, 'mime_type': 'video/mp4'}",fbY4O04uunE,https://www.youtube.com/watch?v=fbY4O04uunE
clk6lbly5003m3n6l9bjdqiyz,1682,right side,,Abnormal Gait,stroke,"{'top': 10.666666666666666, 'left': 178.57894736842104, 'height': 343.05263157894734, 'width': 175.42105263157896}","{'height': 360, 'width': 640, 'mime_type': 'video/mp4'}",fbY4O04uunE,https://www.youtube.com/watch?v=fbY4O04uunE
clk6lbly5003m3n6l9bjdqiyz,1683,right side,,Abnormal Gait,stroke,"{'top': 10.703703703703704, 'left': 178.66666666666666, 'height': 343.0, 'width': 175.33333333333334}","{'height': 360, 'width': 640, 'mime_type': 'video/mp4'}",fbY4O04uunE,https://www.youtube.com/watch?v=fbY4O04uunE
clk6lbly5003m3n6l9bjdqiyz,1684,right side,,Abnormal Gait,stroke,"{'top': 10.74074074074074, 'left': 178.75438596491227, 'height': 342.9473684210526, 'width': 175.24561403508773}","{'height': 360, 'width': 640, 'mime_type': 'video/mp4'}",fbY4O04uunE,https://www.youtube.com/watch?v=fbY4O04uunE
clk6lbly5003m3n6l9bjdqiyz,1685,right side,,Abnormal Gait,stroke,"{'top': 10.777777777777779, 'left': 178.8421052631579, 'height': 342.89473684210526, 'width': 175.1578947368421}","{'height': 360, 'width': 640, 'mime_type': 'video/mp4'}",fbY4O04uunE,https://www.youtube.com/watch?v=fbY4O04uunE
clk6lbly5003m3n6l9bjdqiyz,1686,right side,,Abnormal Gait,stroke,"{'top': 10.814814814814815, 'left': 178.9298245614035, 'height': 342.84210526315786, 'width': 175.0701754385965}","{'height': 360, 'width': 640, 'mime_type': 'video/mp4'}",fbY4O04uunE,https://www.youtube.com/watch?v=fbY4O04uunE
clk6lbly5003m3n6l9bjdqiyz,1687,right side,,Abnormal Gait,stroke,"{'top': 10.851851851851851, 'left': 179.01754385964912, 'height': 342.7894736842105, 'width': 174.98245614035088}","{'height': 360, 'width': 640, 'mime_type': 'video/mp4'}",fbY4O04uunE,https://www.youtube.com/watch?v=fbY4O04uunE
clk6lbly5003m3n6l9bjdqiyz,1688,right side,,Abnormal Gait,stroke,"{'top': 10.88888888888889, 'left': 179.10526315789474, 'height': 342.7368421052631, 'width': 174.89473684210526}","{'height': 360, 'width': 640, 'mime_type': 'video/mp4'}",fbY4O04uunE,https://www.youtube.com/watch?v=fbY4O04uunE
clk6lbly5003m3n6l9bjdqiyz,1689,right side,,Abnormal Gait,stroke,"{'top': 10.925925925925926, 'left': 179.19298245614036, 'height': 342.6842105263158, 'width': 174.80701754385964}","{'height': 360, 'width': 640, 'mime_type': 'video/mp4'}",fbY4O04uunE,https://www.youtube.com/watch?v=fbY4O04uunE
clk6lbly5003m3n6l9bjdqiyz,1690,right side,,Abnormal Gait,stroke,"{'top': 10.962962962962964, 'left': 179.28070175438597, 'height': 342.6315789473684, 'width': 174.71929824561403}","{'height': 360, 'width': 640, 'mime_type': 'video/mp4'}",fbY4O04uunE,https://www.youtube.com/watch?v=fbY4O04uunE
clk6lbly5003m3n6l9bjdqiyz,1691,right side,,Abnormal Gait,stroke,"{'top': 11.0, 'left': 179.3684210526316, 'height': 342.57894736842104, 'width': 174.6315789473684}","{'height': 360, 'width': 640, 'mime_type': 'video/mp4'}",fbY4O04uunE,https://www.youtube.com/watch?v=fbY4O04uunE
clk6lbly5003m3n6l9bjdqiyz,1692,right side,,Abnormal Gait,stroke,"{'top': 11.037037037037036, 'left': 179.4561403508772, 'height': 342.5263157894737, 'width': 174.5438596491228}","{'height': 360, 'width': 640, 'mime_type': 'video/mp4'}",fbY4O04uunE,https://www.youtube.com/watch?v=fbY4O04uunE
clk6lbly5003m3n6l9bjdqiyz,1693,right side,,Abnormal Gait,stroke,"{'top': 11.074074074074074, 'left': 179.5438596491228, 'height': 342.4736842105263, 'width': 174.4561403508772}","{'height': 360, 'width': 640, 'mime_type': 'video/mp4'}",fbY4O04uunE,https://www.youtube.com/watch?v=fbY4O04uunE
clk6lbly5003m3n6l9bjdqiyz,1694,right side,,Abnormal Gait,stroke,"{'top': 11.11111111111111, 'left': 179.6315789473684, 'height': 342.42105263157896, 'width': 174.3684210526316}","{'height': 360, 'width': 640, 'mime_type': 'video/mp4'}",fbY4O04uunE,https://www.youtube.com/watch?v=fbY4O04uunE
clk6lbly5003m3n6l9bjdqiyz,1695,right side,,Abnormal Gait,stroke,"{'top': 11.148148148148149, 'left': 179.71929824561403, 'height': 342.36842105263156, 'width': 174.28070175438597}","{'height': 360, 'width': 640, 'mime_type': 'video/mp4'}",fbY4O04uunE,https://www.youtube.com/watch?v=fbY4O04uunE
clk6lbly5003m3n6l9bjdqiyz,1696,right side,,Abnormal Gait,stroke,"{'top': 11.185185185185185, 'left': 179.80701754385964, 'height': 342.3157894736842, 'width': 174.19298245614036}","{'height': 360, 'width': 640, 'mime_type': 'video/mp4'}",fbY4O04uunE,https://www.youtube.com/watch?v=fbY4O04uunE
clk6lbly5003m3n6l9bjdqiyz,1697,right side,,Abnormal Gait,stroke,"{'top': 11.222222222222221, 'left': 179.89473684210526, 'height': 342.2631578947368, 'width': 174.10526315789474}","{'height': 360, 'width': 640, 'mime_type': 'video/mp4'}",fbY4O04uunE,https://www.youtube.com/watch?v=fbY4O04uunE
clk6lbly5003m3n6l9bjdqiyz,1698,right side,,Abnormal Gait,stroke,"{'top': 11.25925925925926, 'left': 179.98245614035088, 'height': 342.2105263157895, 'width': 174.01754385964912}","{'height': 360, 'width': 640, 'mime_type': 'video/mp4'}",fbY4O04uunE,https://www.youtube.com/watch?v=fbY4O04uunE
clk6lbly5003m3n6l9bjdqiyz,1699,right side,,Abnormal Gait,stroke,"{'top': 11.296296296296296, 'left': 180.0701754385965, 'height': 342.1578947368421, 'width': 173.9298245614035}","{'height': 360, 'width': 640, 'mime_type': 'video/mp4'}",fbY4O04uunE,https://www.youtube.com/watch?v=fbY4O04uunE
clk6lbly5003m3n6l9bjdqiyz,1700,right side,,Abnormal Gait,stroke,"{'top': 11.333333333333334, 'left': 180.1578947368421, 'height': 342.10526315789474, 'width': 173.8421052631579}","{'height': 360, 'width': 640, 'mime_type': 'video/mp4'}",fbY4O04uunE,https://www.youtube.com/watch?v=fbY4O04uunE
clk6lbly5003m3n6l9bjdqiyz,1701,right side,,Abnormal Gait,stroke,"{'top': 11.37037037037037, 'left': 180.24561403508773, 'height': 342.05263157894734, 'width': 173.75438596491227}","{'height': 360, 'width': 640, 'mime_type': 'video/mp4'}",fbY4O04uunE,https://www.youtube.com/watch?v=fbY4O04uunE
clk6lbly5003m3n6l9bjdqiyz,1702,right side,,Abnormal Gait,stroke,"{'top': 11.407407407407408, 'left': 180.33333333333334, 'height': 342.0, 'width': 173.66666666666666}","{'height': 360, 'width': 640, 'mime_type': 'video/mp4'}",fbY4O04uunE,https://www.youtube.com/watch?v=fbY4O04uunE
clk6lbly5003m3n6l9bjdqiyz,1703,right side,,Abnormal Gait,stroke,"{'top': 11.444444444444445, 'left': 180.42105263157896, 'height': 341.9473684210526, 'width': 173.57894736842104}","{'height': 360, 'width': 640, 'mime_type': 'video/mp4'}",fbY4O04uunE,https://www.youtube.com/watch?v=fbY4O04uunE
clk6lbly5003m3n6l9bjdqiyz,1704,right side,,Abnormal Gait,stroke,"{'top': 11.481481481481481, 'left': 180.50877192982455, 'height': 341.89473684210526, 'width': 173.49122807017545}","{'height': 360, 'width': 640, 'mime_type': 'video/mp4'}",fbY4O04uunE,https://www.youtube.com/watch?v=fbY4O04uunE
clk6lbly5003m3n6l9bjdqiyz,1705,right side,,Abnormal Gait,stroke,"{'top': 11.518518518518519, 'left': 180.59649122807016, 'height': 341.84210526315786, 'width': 173.40350877192984}","{'height': 360, 'width': 640, 'mime_type': 'video/mp4'}",fbY4O04uunE,https://www.youtube.com/watch?v=fbY4O04uunE
clk6lbly5003m3n6l9bjdqiyz,1706,right side,,Abnormal Gait,stroke,"{'top': 11.555555555555555, 'left': 180.68421052631578, 'height': 341.7894736842105, 'width': 173.31578947368422}","{'height': 360, 'width': 640, 'mime_type': 'video/mp4'}",fbY4O04uunE,https://www.youtube.com/watch?v=fbY4O04uunE
clk6lbly5003m3n6l9bjdqiyz,1707,right side,,Abnormal Gait,stroke,"{'top': 11.592592592592592, 'left': 180.7719298245614, 'height': 341.7368421052631, 'width': 173.2280701754386}","{'height': 360, 'width': 640, 'mime_type': 'video/mp4'}",fbY4O04uunE,https://www.youtube.com/watch?v=fbY4O04uunE
clk6lbly5003m3n6l9bjdqiyz,1708,right side,,Abnormal Gait,stroke,"{'top': 11.62962962962963, 'left': 180.859649122807, 'height': 341.6842105263158, 'width': 173.140350877193}","{'height': 360, 'width': 640, 'mime_type': 'video/mp4'}",fbY4O04uunE,https://www.youtube.com/watch?v=fbY4O04uunE
clk6lbly5003m3n6l9bjdqiyz,1709,right side,,Abnormal Gait,stroke,"{'top': 11.666666666666666, 'left': 180.94736842105263, 'height': 341.6315789473684, 'width': 173.05263157894737}","{'height': 360, 'width': 640, 'mime_type': 'video/mp4'}",fbY4O04uunE,https://www.youtube.com/watch?v=fbY4O04uunE
clk6lbly5003m3n6l9bjdqiyz,1710,right side,,Abnormal Gait,stroke,"{'top': 11.703703703703704, 'left': 181.03508771929825, 'height': 341.57894736842104, 'width': 172.96491228070175}","{'height': 360, 'width': 640, 'mime_type': 'video/mp4'}",fbY4O04uunE,https://www.youtube.com/watch?v=fbY4O04uunE
clk6lbly5003m3n6l9bjdqiyz,1711,right side,,Abnormal Gait,stroke,"{'top': 11.74074074074074, 'left': 181.12280701754386, 'height': 341.52631578947364, 'width': 172.87719298245614}","{'height': 360, 'width': 640, 'mime_type': 'video/mp4'}",fbY4O04uunE,https://www.youtube.com/watch?v=fbY4O04uunE
clk6lbly5003m3n6l9bjdqiyz,1712,right side,,Abnormal Gait,stroke,"{'top': 11.777777777777779, 'left': 181.21052631578948, 'height': 341.4736842105263, 'width': 172.78947368421052}","{'height': 360, 'width': 640, 'mime_type': 'video/mp4'}",fbY4O04uunE,https://www.youtube.com/watch?v=fbY4O04uunE
clk6lbly5003m3n6l9bjdqiyz,1713,right side,,Abnormal Gait,stroke,"{'top': 11.814814814814815, 'left': 181.2982456140351, 'height': 341.4210526315789, 'width': 172.7017543859649}","{'height': 360, 'width': 640, 'mime_type': 'video/mp4'}",fbY4O04uunE,https://www.youtube.com/watch?v=fbY4O04uunE
clk6lbly5003m3n6l9bjdqiyz,1714,right side,,Abnormal Gait,stroke,"{'top': 11.851851851851851, 'left': 181.3859649122807, 'height': 341.36842105263156, 'width': 172.6140350877193}","{'height': 360, 'width': 640, 'mime_type': 'video/mp4'}",fbY4O04uunE,https://www.youtube.com/watch?v=fbY4O04uunE
clk6lbly5003m3n6l9bjdqiyz,1715,right side,,Abnormal Gait,stroke,"{'top': 11.88888888888889, 'left': 181.47368421052633, 'height': 341.31578947368416, 'width': 172.52631578947367}","{'height': 360, 'width': 640, 'mime_type': 'video/mp4'}",fbY4O04uunE,https://www.youtube.com/watch?v=fbY4O04uunE
clk6lbly5003m3n6l9bjdqiyz,1716,right side,,Abnormal Gait,stroke,"{'top': 11.925925925925926, 'left': 181.56140350877192, 'height': 341.2631578947368, 'width': 172.43859649122808}","{'height': 360, 'width': 640, 'mime_type': 'video/mp4'}",fbY4O04uunE,https://www.youtube.com/watch?v=fbY4O04uunE
clk6lbly5003m3n6l9bjdqiyz,1717,right side,,Abnormal Gait,stroke,"{'top': 11.962962962962962, 'left': 181.64912280701753, 'height': 341.2105263157895, 'width': 172.35087719298247}","{'height': 360, 'width': 640, 'mime_type': 'video/mp4'}",fbY4O04uunE,https://www.youtube.com/watch?v=fbY4O04uunE
clk6lbly5003m3n6l9bjdqiyz,1718,right side,,Abnormal Gait,stroke,"{'top': 12.0, 'left': 181.73684210526315, 'height': 341.1578947368421, 'width': 172.26315789473685}","{'height': 360, 'width': 640, 'mime_type': 'video/mp4'}",fbY4O04uunE,https://www.youtube.com/watch?v=fbY4O04uunE
clk6lbly5003m3n6l9bjdqiyz,1719,right side,,Abnormal Gait,stroke,"{'top': 12.037037037037036, 'left': 181.82456140350877, 'height': 341.10526315789474, 'width': 172.17543859649123}","{'height': 360, 'width': 640, 'mime_type': 'video/mp4'}",fbY4O04uunE,https://www.youtube.com/watch?v=fbY4O04uunE
clk6lbly5003m3n6l9bjdqiyz,1720,right side,,Abnormal Gait,stroke,"{'top': 12.074074074074074, 'left': 181.91228070175438, 'height': 341.05263157894734, 'width': 172.08771929824562}","{'height': 360, 'width': 640, 'mime_type': 'video/mp4'}",fbY4O04uunE,https://www.youtube.com/watch?v=fbY4O04uunE
clk6lbly5003m3n6l9bjdqiyz,1721,right side,,Abnormal Gait,stroke,"{'top': 12.11111111111111, 'left': 182.0, 'height': 341.0, 'width': 172.0}","{'height': 360, 'width': 640, 'mime_type': 'video/mp4'}",fbY4O04uunE,https://www.youtube.com/watch?v=fbY4O04uunE
clk6lbly5003m3n6l9bjdqiyz,1722,right side,,Abnormal Gait,stroke,"{'top': 12.148148148148149, 'left': 182.08771929824562, 'height': 340.9473684210526, 'width': 171.91228070175438}","{'height': 360, 'width': 640, 'mime_type': 'video/mp4'}",fbY4O04uunE,https://www.youtube.com/watch?v=fbY4O04uunE
clk6lbly5003m3n6l9bjdqiyz,1723,right side,,Abnormal Gait,stroke,"{'top': 12.185185185185185, 'left': 182.17543859649123, 'height': 340.89473684210526, 'width': 171.82456140350877}","{'height': 360, 'width': 640, 'mime_type': 'video/mp4'}",fbY4O04uunE,https://www.youtube.com/watch?v=fbY4O04uunE
clk6lbly5003m3n6l9bjdqiyz,1724,right side,,Abnormal Gait,stroke,"{'top': 12.222222222222221, 'left': 182.26315789473685, 'height': 340.84210526315786, 'width': 171.73684210526315}","{'height': 360, 'width': 640, 'mime_type': 'video/mp4'}",fbY4O04uunE,https://www.youtube.com/watch?v=fbY4O04uunE
clk6lbly5003m3n6l9bjdqiyz,1725,right side,,Abnormal Gait,stroke,"{'top': 12.25925925925926, 'left': 182.35087719298247, 'height': 340.7894736842105, 'width': 171.64912280701753}","{'height': 360, 'width': 640, 'mime_type': 'video/mp4'}",fbY4O04uunE,https://www.youtube.com/watch?v=fbY4O04uunE
clk6lbly5003m3n6l9bjdqiyz,1726,right side,,Abnormal Gait,stroke,"{'top': 12.296296296296296, 'left': 182.43859649122808, 'height': 340.7368421052631, 'width': 171.56140350877192}","{'height': 360, 'width': 640, 'mime_type': 'video/mp4'}",fbY4O04uunE,https://www.youtube.com/watch?v=fbY4O04uunE
clk6lbly5003m3n6l9bjdqiyz,1727,right side,,Abnormal Gait,stroke,"{'top': 12.333333333333332, 'left': 182.52631578947367, 'height': 340.6842105263158, 'width': 171.47368421052633}","{'height': 360, 'width': 640, 'mime_type': 'video/mp4'}",fbY4O04uunE,https://www.youtube.com/watch?v=fbY4O04uunE
clk6lbly5003m3n6l9bjdqiyz,1728,right side,,Abnormal Gait,stroke,"{'top': 12.37037037037037, 'left': 182.6140350877193, 'height': 340.6315789473684, 'width': 171.3859649122807}","{'height': 360, 'width': 640, 'mime_type': 'video/mp4'}",fbY4O04uunE,https://www.youtube.com/watch?v=fbY4O04uunE
clk6lbly5003m3n6l9bjdqiyz,1729,right side,,Abnormal Gait,stroke,"{'top': 12.407407407407408, 'left': 182.7017543859649, 'height': 340.5789473684211, 'width': 171.2982456140351}","{'height': 360, 'width': 640, 'mime_type': 'video/mp4'}",fbY4O04uunE,https://www.youtube.com/watch?v=fbY4O04uunE
clk6lbly5003m3n6l9bjdqiyz,1730,right side,,Abnormal Gait,stroke,"{'top': 12.444444444444445, 'left': 182.78947368421052, 'height': 340.5263157894737, 'width': 171.21052631578948}","{'height': 360, 'width': 640, 'mime_type': 'video/mp4'}",fbY4O04uunE,https://www.youtube.com/watch?v=fbY4O04uunE
clk6lbly5003m3n6l9bjdqiyz,1731,right side,,Abnormal Gait,stroke,"{'top': 12.481481481481481, 'left': 182.87719298245614, 'height': 340.47368421052636, 'width': 171.12280701754386}","{'height': 360, 'width': 640, 'mime_type': 'video/mp4'}",fbY4O04uunE,https://www.youtube.com/watch?v=fbY4O04uunE
clk6lbly5003m3n6l9bjdqiyz,1732,right side,,Abnormal Gait,stroke,"{'top': 12.518518518518519, 'left': 182.96491228070175, 'height': 340.42105263157896, 'width': 171.03508771929825}","{'height': 360, 'width': 640, 'mime_type': 'video/mp4'}",fbY4O04uunE,https://www.youtube.com/watch?v=fbY4O04uunE
clk6lbly5003m3n6l9bjdqiyz,1733,right side,,Abnormal Gait,stroke,"{'top': 12.555555555555555, 'left': 183.05263157894737, 'height': 340.3684210526316, 'width': 170.94736842105263}","{'height': 360, 'width': 640, 'mime_type': 'video/mp4'}",fbY4O04uunE,https://www.youtube.com/watch?v=fbY4O04uunE
clk6lbly5003m3n6l9bjdqiyz,1734,right side,,Abnormal Gait,stroke,"{'top': 12.592592592592592, 'left': 183.140350877193, 'height': 340.3157894736842, 'width': 170.859649122807}","{'height': 360, 'width': 640, 'mime_type': 'video/mp4'}",fbY4O04uunE,https://www.youtube.com/watch?v=fbY4O04uunE
clk6lbly5003m3n6l9bjdqiyz,1735,right side,,Abnormal Gait,stroke,"{'top': 12.62962962962963, 'left': 183.2280701754386, 'height': 340.2631578947369, 'width': 170.7719298245614}","{'height': 360, 'width': 640, 'mime_type': 'video/mp4'}",fbY4O04uunE,https://www.youtube.com/watch?v=fbY4O04uunE
clk6lbly5003m3n6l9bjdqiyz,1736,right side,,Abnormal Gait,stroke,"{'top': 12.666666666666666, 'left': 183.31578947368422, 'height': 340.2105263157895, 'width': 170.68421052631578}","{'height': 360, 'width': 640, 'mime_type': 'video/mp4'}",fbY4O04uunE,https://www.youtube.com/watch?v=fbY4O04uunE
clk6lbly5003m3n6l9bjdqiyz,1737,right side,,Abnormal Gait,stroke,"{'top': 12.703703703703704, 'left': 183.40350877192984, 'height': 340.15789473684214, 'width': 170.59649122807016}","{'height': 360, 'width': 640, 'mime_type': 'video/mp4'}",fbY4O04uunE,https://www.youtube.com/watch?v=fbY4O04uunE
clk6lbly5003m3n6l9bjdqiyz,1738,right side,,Abnormal Gait,stroke,"{'top': 12.74074074074074, 'left': 183.49122807017545, 'height': 340.10526315789474, 'width': 170.50877192982455}","{'height': 360, 'width': 640, 'mime_type': 'video/mp4'}",fbY4O04uunE,https://www.youtube.com/watch?v=fbY4O04uunE
clk6lbly5003m3n6l9bjdqiyz,1739,right side,,Abnormal Gait,stroke,"{'top': 12.777777777777779, 'left': 183.57894736842104, 'height': 340.0526315789474, 'width': 170.42105263157896}","{'height': 360, 'width': 640, 'mime_type': 'video/mp4'}",fbY4O04uunE,https://www.youtube.com/watch?v=fbY4O04uunE
clk6lbly5003m3n6l9bjdqiyz,1740,right side,,Abnormal Gait,stroke,"{'top': 12.814814814814815, 'left': 183.66666666666666, 'height': 340.0, 'width': 170.33333333333334}","{'height': 360, 'width': 640, 'mime_type': 'video/mp4'}",fbY4O04uunE,https://www.youtube.com/watch?v=fbY4O04uunE
clk6lbly5003m3n6l9bjdqiyz,1741,right side,,Abnormal Gait,stroke,"{'top': 12.851851851851851, 'left': 183.75438596491227, 'height': 339.94736842105266, 'width': 170.24561403508773}","{'height': 360, 'width': 640, 'mime_type': 'video/mp4'}",fbY4O04uunE,https://www.youtube.com/watch?v=fbY4O04uunE
clk6lbly5003m3n6l9bjdqiyz,1742,right side,,Abnormal Gait,stroke,"{'top': 12.88888888888889, 'left': 183.8421052631579, 'height': 339.89473684210526, 'width': 170.1578947368421}","{'height': 360, 'width': 640, 'mime_type': 'video/mp4'}",fbY4O04uunE,https://www.youtube.com/watch?v=fbY4O04uunE
clk6lbly5003m3n6l9bjdqiyz,1743,right side,,Abnormal Gait,stroke,"{'top': 12.925925925925926, 'left': 183.9298245614035, 'height': 339.8421052631579, 'width': 170.0701754385965}","{'height': 360, 'width': 640, 'mime_type': 'video/mp4'}",fbY4O04uunE,https://www.youtube.com/watch?v=fbY4O04uunE
clk6lbly5003m3n6l9bjdqiyz,1744,right side,,Abnormal Gait,stroke,"{'top': 12.962962962962962, 'left': 184.01754385964912, 'height': 339.7894736842105, 'width': 169.98245614035088}","{'height': 360, 'width': 640, 'mime_type': 'video/mp4'}",fbY4O04uunE,https://www.youtube.com/watch?v=fbY4O04uunE
clk6lbly5003m3n6l9bjdqiyz,1745,right side,,Abnormal Gait,stroke,"{'top': 13.0, 'left': 184.10526315789474, 'height': 339.7368421052632, 'width': 169.89473684210526}","{'height': 360, 'width': 640, 'mime_type': 'video/mp4'}",fbY4O04uunE,https://www.youtube.com/watch?v=fbY4O04uunE
clk6lbly5003m3n6l9bjdqiyz,1746,right side,,Abnormal Gait,stroke,"{'top': 13.037037037037036, 'left': 184.19298245614036, 'height': 339.68421052631584, 'width': 169.80701754385964}","{'height': 360, 'width': 640, 'mime_type': 'video/mp4'}",fbY4O04uunE,https://www.youtube.com/watch?v=fbY4O04uunE
clk6lbly5003m3n6l9bjdqiyz,1747,right side,,Abnormal Gait,stroke,"{'top': 13.074074074074074, 'left': 184.28070175438597, 'height': 339.63157894736844, 'width': 169.71929824561403}","{'height': 360, 'width': 640, 'mime_type': 'video/mp4'}",fbY4O04uunE,https://www.youtube.com/watch?v=fbY4O04uunE
clk6lbly5003m3n6l9bjdqiyz,1748,right side,,Abnormal Gait,stroke,"{'top': 13.11111111111111, 'left': 184.3684210526316, 'height': 339.5789473684211, 'width': 169.6315789473684}","{'height': 360, 'width': 640, 'mime_type': 'video/mp4'}",fbY4O04uunE,https://www.youtube.com/watch?v=fbY4O04uunE
clk6lbly5003m3n6l9bjdqiyz,1749,right side,,Abnormal Gait,stroke,"{'top': 13.148148148148149, 'left': 184.4561403508772, 'height': 339.5263157894737, 'width': 169.5438596491228}","{'height': 360, 'width': 640, 'mime_type': 'video/mp4'}",fbY4O04uunE,https://www.youtube.com/watch?v=fbY4O04uunE
clk6lbly5003m3n6l9bjdqiyz,1750,right side,,Abnormal Gait,stroke,"{'top': 13.185185185185185, 'left': 184.5438596491228, 'height': 339.47368421052636, 'width': 169.4561403508772}","{'height': 360, 'width': 640, 'mime_type': 'video/mp4'}",fbY4O04uunE,https://www.youtube.com/watch?v=fbY4O04uunE
clk6lbly5003m3n6l9bjdqiyz,1751,right side,,Abnormal Gait,stroke,"{'top': 13.222222222222221, 'left': 184.6315789473684, 'height': 339.42105263157896, 'width': 169.3684210526316}","{'height': 360, 'width': 640, 'mime_type': 'video/mp4'}",fbY4O04uunE,https://www.youtube.com/watch?v=fbY4O04uunE
clk6lbly5003m3n6l9bjdqiyz,1752,right side,,Abnormal Gait,stroke,"{'top': 13.25925925925926, 'left': 184.71929824561403, 'height': 339.3684210526316, 'width': 169.28070175438597}","{'height': 360, 'width': 640, 'mime_type': 'video/mp4'}",fbY4O04uunE,https://www.youtube.com/watch?v=fbY4O04uunE
clk6lbly5003m3n6l9bjdqiyz,1753,right side,,Abnormal Gait,stroke,"{'top': 13.296296296296296, 'left': 184.80701754385964, 'height': 339.3157894736842, 'width': 169.19298245614036}","{'height': 360, 'width': 640, 'mime_type': 'video/mp4'}",fbY4O04uunE,https://www.youtube.com/watch?v=fbY4O04uunE
clk6lbly5003m3n6l9bjdqiyz,1754,right side,,Abnormal Gait,stroke,"{'top': 13.333333333333332, 'left': 184.89473684210526, 'height': 339.2631578947369, 'width': 169.10526315789474}","{'height': 360, 'width': 640, 'mime_type': 'video/mp4'}",fbY4O04uunE,https://www.youtube.com/watch?v=fbY4O04uunE
clk6lbly5003m3n6l9bjdqiyz,1755,right side,,Abnormal Gait,stroke,"{'top': 13.37037037037037, 'left': 184.98245614035088, 'height': 339.2105263157895, 'width': 169.01754385964912}","{'height': 360, 'width': 640, 'mime_type': 'video/mp4'}",fbY4O04uunE,https://www.youtube.com/watch?v=fbY4O04uunE
clk6lbly5003m3n6l9bjdqiyz,1756,right side,,Abnormal Gait,stroke,"{'top': 13.407407407407408, 'left': 185.0701754385965, 'height': 339.15789473684214, 'width': 168.9298245614035}","{'height': 360, 'width': 640, 'mime_type': 'video/mp4'}",fbY4O04uunE,https://www.youtube.com/watch?v=fbY4O04uunE
clk6lbly5003m3n6l9bjdqiyz,1757,right side,,Abnormal Gait,stroke,"{'top': 13.444444444444445, 'left': 185.1578947368421, 'height': 339.10526315789474, 'width': 168.8421052631579}","{'height': 360, 'width': 640, 'mime_type': 'video/mp4'}",fbY4O04uunE,https://www.youtube.com/watch?v=fbY4O04uunE
clk6lbly5003m3n6l9bjdqiyz,1758,right side,,Abnormal Gait,stroke,"{'top': 13.481481481481481, 'left': 185.24561403508773, 'height': 339.0526315789474, 'width': 168.75438596491227}","{'height': 360, 'width': 640, 'mime_type': 'video/mp4'}",fbY4O04uunE,https://www.youtube.com/watch?v=fbY4O04uunE
clk6lbly5003m3n6l9bjdqiyz,1759,right side,,Abnormal Gait,stroke,"{'top': 13.518518518518519, 'left': 185.33333333333334, 'height': 339.0, 'width': 168.66666666666666}","{'height': 360, 'width': 640, 'mime_type': 'video/mp4'}",fbY4O04uunE,https://www.youtube.com/watch?v=fbY4O04uunE
clk6lbly5003m3n6l9bjdqiyz,1760,right side,,Abnormal Gait,stroke,"{'top': 13.555555555555555, 'left': 185.42105263157896, 'height': 338.94736842105266, 'width': 168.57894736842104}","{'height': 360, 'width': 640, 'mime_type': 'video/mp4'}",fbY4O04uunE,https://www.youtube.com/watch?v=fbY4O04uunE
clk6lbly5003m3n6l9bjdqiyz,1761,right side,,Abnormal Gait,stroke,"{'top': 13.592592592592592, 'left': 185.50877192982455, 'height': 338.89473684210526, 'width': 168.49122807017545}","{'height': 360, 'width': 640, 'mime_type': 'video/mp4'}",fbY4O04uunE,https://www.youtube.com/watch?v=fbY4O04uunE
clk6lbly5003m3n6l9bjdqiyz,1762,right side,,Abnormal Gait,stroke,"{'top': 13.62962962962963, 'left': 185.59649122807016, 'height': 338.8421052631579, 'width': 168.40350877192984}","{'height': 360, 'width': 640, 'mime_type': 'video/mp4'}",fbY4O04uunE,https://www.youtube.com/watch?v=fbY4O04uunE
clk6lbly5003m3n6l9bjdqiyz,1763,right side,,Abnormal Gait,stroke,"{'top': 13.666666666666666, 'left': 185.68421052631578, 'height': 338.7894736842105, 'width': 168.31578947368422}","{'height': 360, 'width': 640, 'mime_type': 'video/mp4'}",fbY4O04uunE,https://www.youtube.com/watch?v=fbY4O04uunE
clk6lbly5003m3n6l9bjdqiyz,1764,right side,,Abnormal Gait,stroke,"{'top': 13.703703703703702, 'left': 185.7719298245614, 'height': 338.7368421052632, 'width': 168.2280701754386}","{'height': 360, 'width': 640, 'mime_type': 'video/mp4'}",fbY4O04uunE,https://www.youtube.com/watch?v=fbY4O04uunE
clk6lbly5003m3n6l9bjdqiyz,1765,right side,,Abnormal Gait,stroke,"{'top': 13.74074074074074, 'left': 185.859649122807, 'height': 338.6842105263158, 'width': 168.140350877193}","{'height': 360, 'width': 640, 'mime_type': 'video/mp4'}",fbY4O04uunE,https://www.youtube.com/watch?v=fbY4O04uunE
clk6lbly5003m3n6l9bjdqiyz,1766,right side,,Abnormal Gait,stroke,"{'top': 13.777777777777779, 'left': 185.94736842105263, 'height': 338.63157894736844, 'width': 168.05263157894737}","{'height': 360, 'width': 640, 'mime_type': 'video/mp4'}",fbY4O04uunE,https://www.youtube.com/watch?v=fbY4O04uunE
clk6lbly5003m3n6l9bjdqiyz,1767,right side,,Abnormal Gait,stroke,"{'top': 13.814814814814815, 'left': 186.03508771929825, 'height': 338.57894736842104, 'width': 167.96491228070175}","{'height': 360, 'width': 640, 'mime_type': 'video/mp4'}",fbY4O04uunE,https://www.youtube.com/watch?v=fbY4O04uunE
clk6lbly5003m3n6l9bjdqiyz,1768,right side,,Abnormal Gait,stroke,"{'top': 13.851851851851851, 'left': 186.12280701754386, 'height': 338.5263157894737, 'width': 167.87719298245614}","{'height': 360, 'width': 640, 'mime_type': 'video/mp4'}",fbY4O04uunE,https://www.youtube.com/watch?v=fbY4O04uunE
clk6lbly5003m3n6l9bjdqiyz,1769,right side,,Abnormal Gait,stroke,"{'top': 13.88888888888889, 'left': 186.21052631578948, 'height': 338.4736842105263, 'width': 167.78947368421052}","{'height': 360, 'width': 640, 'mime_type': 'video/mp4'}",fbY4O04uunE,https://www.youtube.com/watch?v=fbY4O04uunE
clk6lbly5003m3n6l9bjdqiyz,1770,right side,,Abnormal Gait,stroke,"{'top': 13.925925925925926, 'left': 186.2982456140351, 'height': 338.42105263157896, 'width': 167.7017543859649}","{'height': 360, 'width': 640, 'mime_type': 'video/mp4'}",fbY4O04uunE,https://www.youtube.com/watch?v=fbY4O04uunE
clk6lbly5003m3n6l9bjdqiyz,1771,right side,,Abnormal Gait,stroke,"{'top': 13.962962962962962, 'left': 186.3859649122807, 'height': 338.36842105263156, 'width': 167.6140350877193}","{'height': 360, 'width': 640, 'mime_type': 'video/mp4'}",fbY4O04uunE,https://www.youtube.com/watch?v=fbY4O04uunE
clk6lbly5003m3n6l9bjdqiyz,1772,right side,,Abnormal Gait,stroke,"{'top': 14.0, 'left': 186.4736842105263, 'height': 338.3157894736842, 'width': 167.5263157894737}","{'height': 360, 'width': 640, 'mime_type': 'video/mp4'}",fbY4O04uunE,https://www.youtube.com/watch?v=fbY4O04uunE
clk6lbly5003m3n6l9bjdqiyz,1773,right side,,Abnormal Gait,stroke,"{'top': 14.037037037037038, 'left': 186.56140350877192, 'height': 338.2631578947369, 'width': 167.43859649122808}","{'height': 360, 'width': 640, 'mime_type': 'video/mp4'}",fbY4O04uunE,https://www.youtube.com/watch?v=fbY4O04uunE
clk6lbly5003m3n6l9bjdqiyz,1774,right side,,Abnormal Gait,stroke,"{'top': 14.074074074074073, 'left': 186.64912280701753, 'height': 338.2105263157895, 'width': 167.35087719298247}","{'height': 360, 'width': 640, 'mime_type': 'video/mp4'}",fbY4O04uunE,https://www.youtube.com/watch?v=fbY4O04uunE
clk6lbly5003m3n6l9bjdqiyz,1775,right side,,Abnormal Gait,stroke,"{'top': 14.11111111111111, 'left': 186.73684210526315, 'height': 338.15789473684214, 'width': 167.26315789473685}","{'height': 360, 'width': 640, 'mime_type': 'video/mp4'}",fbY4O04uunE,https://www.youtube.com/watch?v=fbY4O04uunE
clk6lbly5003m3n6l9bjdqiyz,1776,right side,,Abnormal Gait,stroke,"{'top': 14.148148148148149, 'left': 186.82456140350877, 'height': 338.10526315789474, 'width': 167.17543859649123}","{'height': 360, 'width': 640, 'mime_type': 'video/mp4'}",fbY4O04uunE,https://www.youtube.com/watch?v=fbY4O04uunE
clk6lbly5003m3n6l9bjdqiyz,1777,right side,,Abnormal Gait,stroke,"{'top': 14.185185185185185, 'left': 186.91228070175438, 'height': 338.0526315789474, 'width': 167.08771929824562}","{'height': 360, 'width': 640, 'mime_type': 'video/mp4'}",fbY4O04uunE,https://www.youtube.com/watch?v=fbY4O04uunE
clk6lbly5003m3n6l9bjdqiyz,1778,right side,,Abnormal Gait,stroke,"{'top': 14.222222222222221, 'left': 187.0, 'height': 338.0, 'width': 167.0}","{'height': 360, 'width': 640, 'mime_type': 'video/mp4'}",fbY4O04uunE,https://www.youtube.com/watch?v=fbY4O04uunE
clk6lbly5003m3n6l9bjdqiyz,1779,right side,,Abnormal Gait,stroke,"{'top': 14.25925925925926, 'left': 187.08771929824562, 'height': 337.94736842105266, 'width': 166.91228070175438}","{'height': 360, 'width': 640, 'mime_type': 'video/mp4'}",fbY4O04uunE,https://www.youtube.com/watch?v=fbY4O04uunE
clk6lbly5003m3n6l9bjdqiyz,1780,right side,,Abnormal Gait,stroke,"{'top': 14.296296296296296, 'left': 187.17543859649123, 'height': 337.89473684210526, 'width': 166.82456140350877}","{'height': 360, 'width': 640, 'mime_type': 'video/mp4'}",fbY4O04uunE,https://www.youtube.com/watch?v=fbY4O04uunE
clk6lbly5003m3n6l9bjdqiyz,1781,right side,,Abnormal Gait,stroke,"{'top': 14.333333333333332, 'left': 187.26315789473685, 'height': 337.8421052631579, 'width': 166.73684210526315}","{'height': 360, 'width': 640, 'mime_type': 'video/mp4'}",fbY4O04uunE,https://www.youtube.com/watch?v=fbY4O04uunE
clk6lbly5003m3n6l9bjdqiyz,1782,right side,,Abnormal Gait,stroke,"{'top': 14.37037037037037, 'left': 187.35087719298247, 'height': 337.7894736842105, 'width': 166.64912280701753}","{'height': 360, 'width': 640, 'mime_type': 'video/mp4'}",fbY4O04uunE,https://www.youtube.com/watch?v=fbY4O04uunE
clk6lbly5003m3n6l9bjdqiyz,1783,right side,,Abnormal Gait,stroke,"{'top': 14.407407407407408, 'left': 187.43859649122808, 'height': 337.7368421052632, 'width': 166.56140350877192}","{'height': 360, 'width': 640, 'mime_type': 'video/mp4'}",fbY4O04uunE,https://www.youtube.com/watch?v=fbY4O04uunE
clk6lbly5003m3n6l9bjdqiyz,1784,right side,,Abnormal Gait,stroke,"{'top': 14.444444444444445, 'left': 187.52631578947367, 'height': 337.6842105263158, 'width': 166.47368421052633}","{'height': 360, 'width': 640, 'mime_type': 'video/mp4'}",fbY4O04uunE,https://www.youtube.com/watch?v=fbY4O04uunE
clk6lbly5003m3n6l9bjdqiyz,1785,right side,,Abnormal Gait,stroke,"{'top': 14.481481481481481, 'left': 187.6140350877193, 'height': 337.63157894736844, 'width': 166.3859649122807}","{'height': 360, 'width': 640, 'mime_type': 'video/mp4'}",fbY4O04uunE,https://www.youtube.com/watch?v=fbY4O04uunE
clk6lbly5003m3n6l9bjdqiyz,1786,right side,,Abnormal Gait,stroke,"{'top': 14.518518518518519, 'left': 187.7017543859649, 'height': 337.57894736842104, 'width': 166.2982456140351}","{'height': 360, 'width': 640, 'mime_type': 'video/mp4'}",fbY4O04uunE,https://www.youtube.com/watch?v=fbY4O04uunE
clk6lbly5003m3n6l9bjdqiyz,1787,right side,,Abnormal Gait,stroke,"{'top': 14.555555555555555, 'left': 187.78947368421052, 'height': 337.5263157894737, 'width': 166.21052631578948}","{'height': 360, 'width': 640, 'mime_type': 'video/mp4'}",fbY4O04uunE,https://www.youtube.com/watch?v=fbY4O04uunE
clk6lbly5003m3n6l9bjdqiyz,1788,right side,,Abnormal Gait,stroke,"{'top': 14.592592592592592, 'left': 187.87719298245614, 'height': 337.4736842105263, 'width': 166.12280701754386}","{'height': 360, 'width': 640, 'mime_type': 'video/mp4'}",fbY4O04uunE,https://www.youtube.com/watch?v=fbY4O04uunE
clk6lbly5003m3n6l9bjdqiyz,1789,right side,,Abnormal Gait,stroke,"{'top': 14.62962962962963, 'left': 187.96491228070175, 'height': 337.42105263157896, 'width': 166.03508771929825}","{'height': 360, 'width': 640, 'mime_type': 'video/mp4'}",fbY4O04uunE,https://www.youtube.com/watch?v=fbY4O04uunE
clk6lbly5003m3n6l9bjdqiyz,1790,right side,,Abnormal Gait,stroke,"{'top': 14.666666666666666, 'left': 188.05263157894737, 'height': 337.36842105263156, 'width': 165.94736842105263}","{'height': 360, 'width': 640, 'mime_type': 'video/mp4'}",fbY4O04uunE,https://www.youtube.com/watch?v=fbY4O04uunE
clk6lbly5003m3n6l9bjdqiyz,1791,right side,,Abnormal Gait,stroke,"{'top': 14.703703703703702, 'left': 188.140350877193, 'height': 337.3157894736842, 'width': 165.859649122807}","{'height': 360, 'width': 640, 'mime_type': 'video/mp4'}",fbY4O04uunE,https://www.youtube.com/watch?v=fbY4O04uunE
clk6lbly5003m3n6l9bjdqiyz,1792,right side,,Abnormal Gait,stroke,"{'top': 14.74074074074074, 'left': 188.2280701754386, 'height': 337.2631578947368, 'width': 165.7719298245614}","{'height': 360, 'width': 640, 'mime_type': 'video/mp4'}",fbY4O04uunE,https://www.youtube.com/watch?v=fbY4O04uunE
clk6lbly5003m3n6l9bjdqiyz,1793,right side,,Abnormal Gait,stroke,"{'top': 14.777777777777779, 'left': 188.31578947368422, 'height': 337.2105263157895, 'width': 165.68421052631578}","{'height': 360, 'width': 640, 'mime_type': 'video/mp4'}",fbY4O04uunE,https://www.youtube.com/watch?v=fbY4O04uunE
clk6lbly5003m3n6l9bjdqiyz,1794,right side,,Abnormal Gait,stroke,"{'top': 14.814814814814815, 'left': 188.40350877192984, 'height': 337.1578947368421, 'width': 165.59649122807016}","{'height': 360, 'width': 640, 'mime_type': 'video/mp4'}",fbY4O04uunE,https://www.youtube.com/watch?v=fbY4O04uunE
clk6lbly5003m3n6l9bjdqiyz,1795,right side,,Abnormal Gait,stroke,"{'top': 14.851851851851851, 'left': 188.49122807017545, 'height': 337.10526315789474, 'width': 165.50877192982455}","{'height': 360, 'width': 640, 'mime_type': 'video/mp4'}",fbY4O04uunE,https://www.youtube.com/watch?v=fbY4O04uunE
clk6lbly5003m3n6l9bjdqiyz,1796,right side,,Abnormal Gait,stroke,"{'top': 14.88888888888889, 'left': 188.57894736842104, 'height': 337.05263157894734, 'width': 165.42105263157896}","{'height': 360, 'width': 640, 'mime_type': 'video/mp4'}",fbY4O04uunE,https://www.youtube.com/watch?v=fbY4O04uunE
clk6lbly5003m3n6l9bjdqiyz,1797,right side,,Abnormal Gait,stroke,"{'top': 14.925925925925926, 'left': 188.66666666666666, 'height': 337.0, 'width': 165.33333333333334}","{'height': 360, 'width': 640, 'mime_type': 'video/mp4'}",fbY4O04uunE,https://www.youtube.com/watch?v=fbY4O04uunE
clk6lbly5003m3n6l9bjdqiyz,1798,right side,,Abnormal Gait,stroke,"{'top': 14.962962962962962, 'left': 188.75438596491227, 'height': 336.9473684210526, 'width': 165.24561403508773}","{'height': 360, 'width': 640, 'mime_type': 'video/mp4'}",fbY4O04uunE,https://www.youtube.com/watch?v=fbY4O04uunE
clk6lbly5003m3n6l9bjdqiyz,1799,right side,,Abnormal Gait,stroke,"{'top': 15.0, 'left': 188.8421052631579, 'height': 336.89473684210526, 'width': 165.1578947368421}","{'height': 360, 'width': 640, 'mime_type': 'video/mp4'}",fbY4O04uunE,https://www.youtube.com/watch?v=fbY4O04uunE
clk6lbly5003m3n6l9bjdqiyz,1800,right side,,Abnormal Gait,stroke,"{'top': 15.037037037037036, 'left': 188.9298245614035, 'height': 336.8421052631579, 'width': 165.0701754385965}","{'height': 360, 'width': 640, 'mime_type': 'video/mp4'}",fbY4O04uunE,https://www.youtube.com/watch?v=fbY4O04uunE
clk6lbly5003m3n6l9bjdqiyz,1801,right side,,Abnormal Gait,stroke,"{'top': 15.074074074074073, 'left': 189.01754385964912, 'height': 336.7894736842105, 'width': 164.98245614035088}","{'height': 360, 'width': 640, 'mime_type': 'video/mp4'}",fbY4O04uunE,https://www.youtube.com/watch?v=fbY4O04uunE
clk6lbly5003m3n6l9bjdqiyz,1802,right side,,Abnormal Gait,stroke,"{'top': 15.11111111111111, 'left': 189.10526315789474, 'height': 336.7368421052632, 'width': 164.89473684210526}","{'height': 360, 'width': 640, 'mime_type': 'video/mp4'}",fbY4O04uunE,https://www.youtube.com/watch?v=fbY4O04uunE
clk6lbly5003m3n6l9bjdqiyz,1803,right side,,Abnormal Gait,stroke,"{'top': 15.148148148148149, 'left': 189.19298245614036, 'height': 336.6842105263158, 'width': 164.80701754385964}","{'height': 360, 'width': 640, 'mime_type': 'video/mp4'}",fbY4O04uunE,https://www.youtube.com/watch?v=fbY4O04uunE
clk6lbly5003m3n6l9bjdqiyz,1804,right side,,Abnormal Gait,stroke,"{'top': 15.185185185185185, 'left': 189.28070175438597, 'height': 336.63157894736844, 'width': 164.71929824561403}","{'height': 360, 'width': 640, 'mime_type': 'video/mp4'}",fbY4O04uunE,https://www.youtube.com/watch?v=fbY4O04uunE
clk6lbly5003m3n6l9bjdqiyz,1805,right side,,Abnormal Gait,stroke,"{'top': 15.222222222222221, 'left': 189.3684210526316, 'height': 336.57894736842104, 'width': 164.6315789473684}","{'height': 360, 'width': 640, 'mime_type': 'video/mp4'}",fbY4O04uunE,https://www.youtube.com/watch?v=fbY4O04uunE
clk6lbly5003m3n6l9bjdqiyz,1806,right side,,Abnormal Gait,stroke,"{'top': 15.25925925925926, 'left': 189.4561403508772, 'height': 336.5263157894737, 'width': 164.5438596491228}","{'height': 360, 'width': 640, 'mime_type': 'video/mp4'}",fbY4O04uunE,https://www.youtube.com/watch?v=fbY4O04uunE
clk6lbly5003m3n6l9bjdqiyz,1807,right side,,Abnormal Gait,stroke,"{'top': 15.296296296296296, 'left': 189.5438596491228, 'height': 336.4736842105263, 'width': 164.4561403508772}","{'height': 360, 'width': 640, 'mime_type': 'video/mp4'}",fbY4O04uunE,https://www.youtube.com/watch?v=fbY4O04uunE
clk6lbly5003m3n6l9bjdqiyz,1808,right side,,Abnormal Gait,stroke,"{'top': 15.333333333333332, 'left': 189.6315789473684, 'height': 336.42105263157896, 'width': 164.3684210526316}","{'height': 360, 'width': 640, 'mime_type': 'video/mp4'}",fbY4O04uunE,https://www.youtube.com/watch?v=fbY4O04uunE
clk6lbly5003m3n6l9bjdqiyz,1809,right side,,Abnormal Gait,stroke,"{'top': 15.37037037037037, 'left': 189.71929824561403, 'height': 336.36842105263156, 'width': 164.28070175438597}","{'height': 360, 'width': 640, 'mime_type': 'video/mp4'}",fbY4O04uunE,https://www.youtube.com/watch?v=fbY4O04uunE
clk6lbly5003m3n6l9bjdqiyz,1810,right side,,Abnormal Gait,stroke,"{'top': 15.407407407407408, 'left': 189.80701754385964, 'height': 336.3157894736842, 'width': 164.19298245614036}","{'height': 360, 'width': 640, 'mime_type': 'video/mp4'}",fbY4O04uunE,https://www.youtube.com/watch?v=fbY4O04uunE
clk6lbly5003m3n6l9bjdqiyz,1811,right side,,Abnormal Gait,stroke,"{'top': 15.444444444444443, 'left': 189.89473684210526, 'height': 336.2631578947368, 'width': 164.10526315789474}","{'height': 360, 'width': 640, 'mime_type': 'video/mp4'}",fbY4O04uunE,https://www.youtube.com/watch?v=fbY4O04uunE
clk6lbly5003m3n6l9bjdqiyz,1812,right side,,Abnormal Gait,stroke,"{'top': 15.481481481481481, 'left': 189.98245614035088, 'height': 336.2105263157895, 'width': 164.01754385964912}","{'height': 360, 'width': 640, 'mime_type': 'video/mp4'}",fbY4O04uunE,https://www.youtube.com/watch?v=fbY4O04uunE
clk6lbly5003m3n6l9bjdqiyz,1813,right side,,Abnormal Gait,stroke,"{'top': 15.518518518518519, 'left': 190.0701754385965, 'height': 336.1578947368421, 'width': 163.9298245614035}","{'height': 360, 'width': 640, 'mime_type': 'video/mp4'}",fbY4O04uunE,https://www.youtube.com/watch?v=fbY4O04uunE
clk6lbly5003m3n6l9bjdqiyz,1814,right side,,Abnormal Gait,stroke,"{'top': 15.555555555555555, 'left': 190.1578947368421, 'height': 336.10526315789474, 'width': 163.8421052631579}","{'height': 360, 'width': 640, 'mime_type': 'video/mp4'}",fbY4O04uunE,https://www.youtube.com/watch?v=fbY4O04uunE
clk6lbly5003m3n6l9bjdqiyz,1815,right side,,Abnormal Gait,stroke,"{'top': 15.592592592592592, 'left': 190.24561403508773, 'height': 336.05263157894734, 'width': 163.75438596491227}","{'height': 360, 'width': 640, 'mime_type': 'video/mp4'}",fbY4O04uunE,https://www.youtube.com/watch?v=fbY4O04uunE
clk6lbly5003m3n6l9bjdqiyz,1816,right side,,Abnormal Gait,stroke,"{'top': 15.62962962962963, 'left': 190.33333333333334, 'height': 336.0, 'width': 163.66666666666666}","{'height': 360, 'width': 640, 'mime_type': 'video/mp4'}",fbY4O04uunE,https://www.youtube.com/watch?v=fbY4O04uunE
clk6lbly5003m3n6l9bjdqiyz,1817,right side,,Abnormal Gait,stroke,"{'top': 15.666666666666666, 'left': 190.42105263157896, 'height': 335.9473684210526, 'width': 163.57894736842104}","{'height': 360, 'width': 640, 'mime_type': 'video/mp4'}",fbY4O04uunE,https://www.youtube.com/watch?v=fbY4O04uunE
clk6lbly5003m3n6l9bjdqiyz,1818,right side,,Abnormal Gait,stroke,"{'top': 15.703703703703702, 'left': 190.50877192982455, 'height': 335.89473684210526, 'width': 163.49122807017545}","{'height': 360, 'width': 640, 'mime_type': 'video/mp4'}",fbY4O04uunE,https://www.youtube.com/watch?v=fbY4O04uunE
clk6lbly5003m3n6l9bjdqiyz,1819,right side,,Abnormal Gait,stroke,"{'top': 15.74074074074074, 'left': 190.59649122807016, 'height': 335.84210526315786, 'width': 163.40350877192984}","{'height': 360, 'width': 640, 'mime_type': 'video/mp4'}",fbY4O04uunE,https://www.youtube.com/watch?v=fbY4O04uunE
clk6lbly5003m3n6l9bjdqiyz,1820,right side,,Abnormal Gait,stroke,"{'top': 15.777777777777779, 'left': 190.68421052631578, 'height': 335.7894736842105, 'width': 163.31578947368422}","{'height': 360, 'width': 640, 'mime_type': 'video/mp4'}",fbY4O04uunE,https://www.youtube.com/watch?v=fbY4O04uunE
clk6lbly5003m3n6l9bjdqiyz,1821,right side,,Abnormal Gait,stroke,"{'top': 15.814814814814815, 'left': 190.7719298245614, 'height': 335.7368421052631, 'width': 163.2280701754386}","{'height': 360, 'width': 640, 'mime_type': 'video/mp4'}",fbY4O04uunE,https://www.youtube.com/watch?v=fbY4O04uunE
clk6lbly5003m3n6l9bjdqiyz,1822,right side,,Abnormal Gait,stroke,"{'top': 15.851851851851851, 'left': 190.859649122807, 'height': 335.6842105263158, 'width': 163.140350877193}","{'height': 360, 'width': 640, 'mime_type': 'video/mp4'}",fbY4O04uunE,https://www.youtube.com/watch?v=fbY4O04uunE
clk6lbly5003m3n6l9bjdqiyz,1823,right side,,Abnormal Gait,stroke,"{'top': 15.88888888888889, 'left': 190.94736842105263, 'height': 335.6315789473684, 'width': 163.05263157894737}","{'height': 360, 'width': 640, 'mime_type': 'video/mp4'}",fbY4O04uunE,https://www.youtube.com/watch?v=fbY4O04uunE
clk6lbly5003m3n6l9bjdqiyz,1824,right side,,Abnormal Gait,stroke,"{'top': 15.925925925925926, 'left': 191.03508771929825, 'height': 335.57894736842104, 'width': 162.96491228070175}","{'height': 360, 'width': 640, 'mime_type': 'video/mp4'}",fbY4O04uunE,https://www.youtube.com/watch?v=fbY4O04uunE
clk6lbly5003m3n6l9bjdqiyz,1825,right side,,Abnormal Gait,stroke,"{'top': 15.962962962962962, 'left': 191.12280701754386, 'height': 335.52631578947364, 'width': 162.87719298245614}","{'height': 360, 'width': 640, 'mime_type': 'video/mp4'}",fbY4O04uunE,https://www.youtube.com/watch?v=fbY4O04uunE
clk6lbly5003m3n6l9bjdqiyz,1826,right side,,Abnormal Gait,stroke,"{'top': 16.0, 'left': 191.21052631578948, 'height': 335.4736842105263, 'width': 162.78947368421052}","{'height': 360, 'width': 640, 'mime_type': 'video/mp4'}",fbY4O04uunE,https://www.youtube.com/watch?v=fbY4O04uunE
clk6lbly5003m3n6l9bjdqiyz,1827,right side,,Abnormal Gait,stroke,"{'top': 16.037037037037038, 'left': 191.2982456140351, 'height': 335.42105263157896, 'width': 162.7017543859649}","{'height': 360, 'width': 640, 'mime_type': 'video/mp4'}",fbY4O04uunE,https://www.youtube.com/watch?v=fbY4O04uunE
clk6lbly5003m3n6l9bjdqiyz,1828,right side,,Abnormal Gait,stroke,"{'top': 16.074074074074073, 'left': 191.3859649122807, 'height': 335.36842105263156, 'width': 162.6140350877193}","{'height': 360, 'width': 640, 'mime_type': 'video/mp4'}",fbY4O04uunE,https://www.youtube.com/watch?v=fbY4O04uunE
clk6lbly5003m3n6l9bjdqiyz,1829,right side,,Abnormal Gait,stroke,"{'top': 16.11111111111111, 'left': 191.4736842105263, 'height': 335.3157894736842, 'width': 162.5263157894737}","{'height': 360, 'width': 640, 'mime_type': 'video/mp4'}",fbY4O04uunE,https://www.youtube.com/watch?v=fbY4O04uunE
clk6lbly5003m3n6l9bjdqiyz,1830,right side,,Abnormal Gait,stroke,"{'top': 16.14814814814815, 'left': 191.56140350877192, 'height': 335.2631578947368, 'width': 162.43859649122808}","{'height': 360, 'width': 640, 'mime_type': 'video/mp4'}",fbY4O04uunE,https://www.youtube.com/watch?v=fbY4O04uunE
clk6lbly5003m3n6l9bjdqiyz,1831,right side,,Abnormal Gait,stroke,"{'top': 16.185185185185183, 'left': 191.64912280701753, 'height': 335.2105263157895, 'width': 162.35087719298247}","{'height': 360, 'width': 640, 'mime_type': 'video/mp4'}",fbY4O04uunE,https://www.youtube.com/watch?v=fbY4O04uunE
clk6lbly5003m3n6l9bjdqiyz,1832,right side,,Abnormal Gait,stroke,"{'top': 16.22222222222222, 'left': 191.73684210526315, 'height': 335.1578947368421, 'width': 162.26315789473685}","{'height': 360, 'width': 640, 'mime_type': 'video/mp4'}",fbY4O04uunE,https://www.youtube.com/watch?v=fbY4O04uunE
clk6lbly5003m3n6l9bjdqiyz,1833,right side,,Abnormal Gait,stroke,"{'top': 16.25925925925926, 'left': 191.82456140350877, 'height': 335.10526315789474, 'width': 162.17543859649123}","{'height': 360, 'width': 640, 'mime_type': 'video/mp4'}",fbY4O04uunE,https://www.youtube.com/watch?v=fbY4O04uunE
clk6lbly5003m3n6l9bjdqiyz,1834,right side,,Abnormal Gait,stroke,"{'top': 16.296296296296298, 'left': 191.91228070175438, 'height': 335.05263157894734, 'width': 162.08771929824562}","{'height': 360, 'width': 640, 'mime_type': 'video/mp4'}",fbY4O04uunE,https://www.youtube.com/watch?v=fbY4O04uunE
clk6lbly5003m3n6l9bjdqiyz,1835,right side,,Abnormal Gait,stroke,"{'top': 16.333333333333332, 'left': 192.0, 'height': 335.0, 'width': 162.0}","{'height': 360, 'width': 640, 'mime_type': 'video/mp4'}",fbY4O04uunE,https://www.youtube.com/watch?v=fbY4O04uunE
clk6lbly5003m3n6l9bjdqiyz,1836,right side,,Abnormal Gait,stroke,"{'top': 16.37037037037037, 'left': 192.08771929824562, 'height': 334.9473684210526, 'width': 161.91228070175438}","{'height': 360, 'width': 640, 'mime_type': 'video/mp4'}",fbY4O04uunE,https://www.youtube.com/watch?v=fbY4O04uunE
clk6lbly5003m3n6l9bjdqiyz,1837,right side,,Abnormal Gait,stroke,"{'top': 16.40740740740741, 'left': 192.17543859649123, 'height': 334.89473684210526, 'width': 161.82456140350877}","{'height': 360, 'width': 640, 'mime_type': 'video/mp4'}",fbY4O04uunE,https://www.youtube.com/watch?v=fbY4O04uunE
clk6lbly5003m3n6l9bjdqiyz,1838,right side,,Abnormal Gait,stroke,"{'top': 16.444444444444443, 'left': 192.26315789473685, 'height': 334.84210526315786, 'width': 161.73684210526315}","{'height': 360, 'width': 640, 'mime_type': 'video/mp4'}",fbY4O04uunE,https://www.youtube.com/watch?v=fbY4O04uunE
clk6lbly5003m3n6l9bjdqiyz,1839,right side,,Abnormal Gait,stroke,"{'top': 16.48148148148148, 'left': 192.35087719298247, 'height': 334.7894736842105, 'width': 161.64912280701753}","{'height': 360, 'width': 640, 'mime_type': 'video/mp4'}",fbY4O04uunE,https://www.youtube.com/watch?v=fbY4O04uunE
clk6lbly5003m3n6l9bjdqiyz,1840,right side,,Abnormal Gait,stroke,"{'top': 16.51851851851852, 'left': 192.43859649122805, 'height': 334.7368421052631, 'width': 161.56140350877195}","{'height': 360, 'width': 640, 'mime_type': 'video/mp4'}",fbY4O04uunE,https://www.youtube.com/watch?v=fbY4O04uunE
clk6lbly5003m3n6l9bjdqiyz,1841,right side,,Abnormal Gait,stroke,"{'top': 16.555555555555557, 'left': 192.52631578947367, 'height': 334.6842105263158, 'width': 161.47368421052633}","{'height': 360, 'width': 640, 'mime_type': 'video/mp4'}",fbY4O04uunE,https://www.youtube.com/watch?v=fbY4O04uunE
clk6lbly5003m3n6l9bjdqiyz,1842,right side,,Abnormal Gait,stroke,"{'top': 16.59259259259259, 'left': 192.6140350877193, 'height': 334.6315789473684, 'width': 161.3859649122807}","{'height': 360, 'width': 640, 'mime_type': 'video/mp4'}",fbY4O04uunE,https://www.youtube.com/watch?v=fbY4O04uunE
clk6lbly5003m3n6l9bjdqiyz,1843,right side,,Abnormal Gait,stroke,"{'top': 16.62962962962963, 'left': 192.7017543859649, 'height': 334.57894736842104, 'width': 161.2982456140351}","{'height': 360, 'width': 640, 'mime_type': 'video/mp4'}",fbY4O04uunE,https://www.youtube.com/watch?v=fbY4O04uunE
clk6lbly5003m3n6l9bjdqiyz,1844,right side,,Abnormal Gait,stroke,"{'top': 16.666666666666664, 'left': 192.78947368421052, 'height': 334.52631578947364, 'width': 161.21052631578948}","{'height': 360, 'width': 640, 'mime_type': 'video/mp4'}",fbY4O04uunE,https://www.youtube.com/watch?v=fbY4O04uunE
clk6lbly5003m3n6l9bjdqiyz,1845,right side,,Abnormal Gait,stroke,"{'top': 16.703703703703702, 'left': 192.87719298245614, 'height': 334.4736842105263, 'width': 161.12280701754386}","{'height': 360, 'width': 640, 'mime_type': 'video/mp4'}",fbY4O04uunE,https://www.youtube.com/watch?v=fbY4O04uunE
clk6lbly5003m3n6l9bjdqiyz,1846,right side,,Abnormal Gait,stroke,"{'top': 16.74074074074074, 'left': 192.96491228070175, 'height': 334.4210526315789, 'width': 161.03508771929825}","{'height': 360, 'width': 640, 'mime_type': 'video/mp4'}",fbY4O04uunE,https://www.youtube.com/watch?v=fbY4O04uunE
clk6lbly5003m3n6l9bjdqiyz,1847,right side,,Abnormal Gait,stroke,"{'top': 16.77777777777778, 'left': 193.05263157894737, 'height': 334.36842105263156, 'width': 160.94736842105263}","{'height': 360, 'width': 640, 'mime_type': 'video/mp4'}",fbY4O04uunE,https://www.youtube.com/watch?v=fbY4O04uunE
clk6lbly5003m3n6l9bjdqiyz,1848,right side,,Abnormal Gait,stroke,"{'top': 16.814814814814817, 'left': 193.140350877193, 'height': 334.31578947368416, 'width': 160.859649122807}","{'height': 360, 'width': 640, 'mime_type': 'video/mp4'}",fbY4O04uunE,https://www.youtube.com/watch?v=fbY4O04uunE
clk6lbly5003m3n6l9bjdqiyz,1849,right side,,Abnormal Gait,stroke,"{'top': 16.85185185185185, 'left': 193.2280701754386, 'height': 334.2631578947368, 'width': 160.7719298245614}","{'height': 360, 'width': 640, 'mime_type': 'video/mp4'}",fbY4O04uunE,https://www.youtube.com/watch?v=fbY4O04uunE
clk6lbly5003m3n6l9bjdqiyz,1850,right side,,Abnormal Gait,stroke,"{'top': 16.88888888888889, 'left': 193.31578947368422, 'height': 334.2105263157894, 'width': 160.68421052631578}","{'height': 360, 'width': 640, 'mime_type': 'video/mp4'}",fbY4O04uunE,https://www.youtube.com/watch?v=fbY4O04uunE
clk6lbly5003m3n6l9bjdqiyz,1851,right side,,Abnormal Gait,stroke,"{'top': 16.925925925925924, 'left': 193.40350877192984, 'height': 334.1578947368421, 'width': 160.59649122807016}","{'height': 360, 'width': 640, 'mime_type': 'video/mp4'}",fbY4O04uunE,https://www.youtube.com/watch?v=fbY4O04uunE
clk6lbly5003m3n6l9bjdqiyz,1852,right side,,Abnormal Gait,stroke,"{'top': 16.962962962962962, 'left': 193.49122807017545, 'height': 334.1052631578947, 'width': 160.50877192982455}","{'height': 360, 'width': 640, 'mime_type': 'video/mp4'}",fbY4O04uunE,https://www.youtube.com/watch?v=fbY4O04uunE
clk6lbly5003m3n6l9bjdqiyz,1853,right side,,Abnormal Gait,stroke,"{'top': 17.0, 'left': 193.57894736842104, 'height': 334.05263157894734, 'width': 160.42105263157896}","{'height': 360, 'width': 640, 'mime_type': 'video/mp4'}",fbY4O04uunE,https://www.youtube.com/watch?v=fbY4O04uunE
clk6lbly5003m3n6l9bjdqiyz,1854,right side,,Abnormal Gait,stroke,"{'top': 17.037037037037038, 'left': 193.66666666666666, 'height': 334.0, 'width': 160.33333333333334}","{'height': 360, 'width': 640, 'mime_type': 'video/mp4'}",fbY4O04uunE,https://www.youtube.com/watch?v=fbY4O04uunE
clk6lbly5003m3n6l9bjdqiyz,1855,right side,,Abnormal Gait,stroke,"{'top': 17.074074074074073, 'left': 193.75438596491227, 'height': 333.9473684210526, 'width': 160.24561403508773}","{'height': 360, 'width': 640, 'mime_type': 'video/mp4'}",fbY4O04uunE,https://www.youtube.com/watch?v=fbY4O04uunE
clk6lbly5003m3n6l9bjdqiyz,1856,right side,,Abnormal Gait,stroke,"{'top': 17.11111111111111, 'left': 193.8421052631579, 'height': 333.8947368421053, 'width': 160.1578947368421}","{'height': 360, 'width': 640, 'mime_type': 'video/mp4'}",fbY4O04uunE,https://www.youtube.com/watch?v=fbY4O04uunE
clk6lbly5003m3n6l9bjdqiyz,1857,right side,,Abnormal Gait,stroke,"{'top': 17.14814814814815, 'left': 193.9298245614035, 'height': 333.8421052631579, 'width': 160.0701754385965}","{'height': 360, 'width': 640, 'mime_type': 'video/mp4'}",fbY4O04uunE,https://www.youtube.com/watch?v=fbY4O04uunE
clk6lbly5003m3n6l9bjdqiyz,1858,right side,,Abnormal Gait,stroke,"{'top': 17.185185185185183, 'left': 194.01754385964912, 'height': 333.7894736842106, 'width': 159.98245614035088}","{'height': 360, 'width': 640, 'mime_type': 'video/mp4'}",fbY4O04uunE,https://www.youtube.com/watch?v=fbY4O04uunE
clk6lbly5003m3n6l9bjdqiyz,1859,right side,,Abnormal Gait,stroke,"{'top': 17.22222222222222, 'left': 194.10526315789474, 'height': 333.7368421052632, 'width': 159.89473684210526}","{'height': 360, 'width': 640, 'mime_type': 'video/mp4'}",fbY4O04uunE,https://www.youtube.com/watch?v=fbY4O04uunE
clk6lbly5003m3n6l9bjdqiyz,1860,right side,,Abnormal Gait,stroke,"{'top': 17.25925925925926, 'left': 194.19298245614036, 'height': 333.68421052631584, 'width': 159.80701754385964}","{'height': 360, 'width': 640, 'mime_type': 'video/mp4'}",fbY4O04uunE,https://www.youtube.com/watch?v=fbY4O04uunE
clk6lbly5003m3n6l9bjdqiyz,1861,right side,,Abnormal Gait,stroke,"{'top': 17.296296296296298, 'left': 194.28070175438597, 'height': 333.63157894736844, 'width': 159.71929824561403}","{'height': 360, 'width': 640, 'mime_type': 'video/mp4'}",fbY4O04uunE,https://www.youtube.com/watch?v=fbY4O04uunE
clk6lbly5003m3n6l9bjdqiyz,1862,right side,,Abnormal Gait,stroke,"{'top': 17.333333333333332, 'left': 194.3684210526316, 'height': 333.5789473684211, 'width': 159.6315789473684}","{'height': 360, 'width': 640, 'mime_type': 'video/mp4'}",fbY4O04uunE,https://www.youtube.com/watch?v=fbY4O04uunE
clk6lbly5003m3n6l9bjdqiyz,1863,right side,,Abnormal Gait,stroke,"{'top': 17.37037037037037, 'left': 194.4561403508772, 'height': 333.5263157894737, 'width': 159.5438596491228}","{'height': 360, 'width': 640, 'mime_type': 'video/mp4'}",fbY4O04uunE,https://www.youtube.com/watch?v=fbY4O04uunE
clk6lbly5003m3n6l9bjdqiyz,1864,right side,,Abnormal Gait,stroke,"{'top': 17.407407407407405, 'left': 194.5438596491228, 'height': 333.47368421052636, 'width': 159.4561403508772}","{'height': 360, 'width': 640, 'mime_type': 'video/mp4'}",fbY4O04uunE,https://www.youtube.com/watch?v=fbY4O04uunE
clk6lbly5003m3n6l9bjdqiyz,1865,right side,,Abnormal Gait,stroke,"{'top': 17.444444444444443, 'left': 194.6315789473684, 'height': 333.42105263157896, 'width': 159.3684210526316}","{'height': 360, 'width': 640, 'mime_type': 'video/mp4'}",fbY4O04uunE,https://www.youtube.com/watch?v=fbY4O04uunE
clk6lbly5003m3n6l9bjdqiyz,1866,right side,,Abnormal Gait,stroke,"{'top': 17.48148148148148, 'left': 194.71929824561403, 'height': 333.3684210526316, 'width': 159.28070175438597}","{'height': 360, 'width': 640, 'mime_type': 'video/mp4'}",fbY4O04uunE,https://www.youtube.com/watch?v=fbY4O04uunE
clk6lbly5003m3n6l9bjdqiyz,1867,right side,,Abnormal Gait,stroke,"{'top': 17.51851851851852, 'left': 194.80701754385964, 'height': 333.3157894736842, 'width': 159.19298245614036}","{'height': 360, 'width': 640, 'mime_type': 'video/mp4'}",fbY4O04uunE,https://www.youtube.com/watch?v=fbY4O04uunE
clk6lbly5003m3n6l9bjdqiyz,1868,right side,,Abnormal Gait,stroke,"{'top': 17.555555555555557, 'left': 194.89473684210526, 'height': 333.2631578947369, 'width': 159.10526315789474}","{'height': 360, 'width': 640, 'mime_type': 'video/mp4'}",fbY4O04uunE,https://www.youtube.com/watch?v=fbY4O04uunE
clk6lbly5003m3n6l9bjdqiyz,1869,right side,,Abnormal Gait,stroke,"{'top': 17.59259259259259, 'left': 194.98245614035088, 'height': 333.2105263157895, 'width': 159.01754385964912}","{'height': 360, 'width': 640, 'mime_type': 'video/mp4'}",fbY4O04uunE,https://www.youtube.com/watch?v=fbY4O04uunE
clk6lbly5003m3n6l9bjdqiyz,1870,right side,,Abnormal Gait,stroke,"{'top': 17.62962962962963, 'left': 195.0701754385965, 'height': 333.15789473684214, 'width': 158.9298245614035}","{'height': 360, 'width': 640, 'mime_type': 'video/mp4'}",fbY4O04uunE,https://www.youtube.com/watch?v=fbY4O04uunE
clk6lbly5003m3n6l9bjdqiyz,1871,right side,,Abnormal Gait,stroke,"{'top': 17.666666666666664, 'left': 195.1578947368421, 'height': 333.10526315789474, 'width': 158.8421052631579}","{'height': 360, 'width': 640, 'mime_type': 'video/mp4'}",fbY4O04uunE,https://www.youtube.com/watch?v=fbY4O04uunE
clk6lbly5003m3n6l9bjdqiyz,1872,right side,,Abnormal Gait,stroke,"{'top': 17.703703703703702, 'left': 195.24561403508773, 'height': 333.0526315789474, 'width': 158.75438596491227}","{'height': 360, 'width': 640, 'mime_type': 'video/mp4'}",fbY4O04uunE,https://www.youtube.com/watch?v=fbY4O04uunE
clk6lbly5003m3n6l9bjdqiyz,1873,right side,,Abnormal Gait,stroke,"{'top': 17.74074074074074, 'left': 195.33333333333334, 'height': 333.0, 'width': 158.66666666666666}","{'height': 360, 'width': 640, 'mime_type': 'video/mp4'}",fbY4O04uunE,https://www.youtube.com/watch?v=fbY4O04uunE
clk6lbly5003m3n6l9bjdqiyz,1874,right side,,Abnormal Gait,stroke,"{'top': 17.77777777777778, 'left': 195.42105263157896, 'height': 332.94736842105266, 'width': 158.57894736842104}","{'height': 360, 'width': 640, 'mime_type': 'video/mp4'}",fbY4O04uunE,https://www.youtube.com/watch?v=fbY4O04uunE
clk6lbly5003m3n6l9bjdqiyz,1875,right side,,Abnormal Gait,stroke,"{'top': 17.814814814814813, 'left': 195.50877192982455, 'height': 332.89473684210526, 'width': 158.49122807017545}","{'height': 360, 'width': 640, 'mime_type': 'video/mp4'}",fbY4O04uunE,https://www.youtube.com/watch?v=fbY4O04uunE
clk6lbly5003m3n6l9bjdqiyz,1876,right side,,Abnormal Gait,stroke,"{'top': 17.85185185185185, 'left': 195.59649122807016, 'height': 332.8421052631579, 'width': 158.40350877192984}","{'height': 360, 'width': 640, 'mime_type': 'video/mp4'}",fbY4O04uunE,https://www.youtube.com/watch?v=fbY4O04uunE
clk6lbly5003m3n6l9bjdqiyz,1877,right side,,Abnormal Gait,stroke,"{'top': 17.88888888888889, 'left': 195.68421052631578, 'height': 332.7894736842105, 'width': 158.31578947368422}","{'height': 360, 'width': 640, 'mime_type': 'video/mp4'}",fbY4O04uunE,https://www.youtube.com/watch?v=fbY4O04uunE
clk6lbly5003m3n6l9bjdqiyz,1878,right side,,Abnormal Gait,stroke,"{'top': 17.925925925925924, 'left': 195.7719298245614, 'height': 332.7368421052632, 'width': 158.2280701754386}","{'height': 360, 'width': 640, 'mime_type': 'video/mp4'}",fbY4O04uunE,https://www.youtube.com/watch?v=fbY4O04uunE
clk6lbly5003m3n6l9bjdqiyz,1879,right side,,Abnormal Gait,stroke,"{'top': 17.962962962962962, 'left': 195.859649122807, 'height': 332.68421052631584, 'width': 158.140350877193}","{'height': 360, 'width': 640, 'mime_type': 'video/mp4'}",fbY4O04uunE,https://www.youtube.com/watch?v=fbY4O04uunE
clk6lbly5003m3n6l9bjdqiyz,1880,right side,,Abnormal Gait,stroke,"{'top': 18.0, 'left': 195.94736842105263, 'height': 332.63157894736844, 'width': 158.05263157894737}","{'height': 360, 'width': 640, 'mime_type': 'video/mp4'}",fbY4O04uunE,https://www.youtube.com/watch?v=fbY4O04uunE
clk6lbly5003m3n6l9bjdqiyz,1881,right side,,Abnormal Gait,stroke,"{'top': 18.037037037037038, 'left': 196.03508771929825, 'height': 332.57894736842104, 'width': 157.96491228070175}","{'height': 360, 'width': 640, 'mime_type': 'video/mp4'}",fbY4O04uunE,https://www.youtube.com/watch?v=fbY4O04uunE
clk6lbly5003m3n6l9bjdqiyz,1882,right side,,Abnormal Gait,stroke,"{'top': 18.074074074074076, 'left': 196.12280701754386, 'height': 332.5263157894737, 'width': 157.87719298245614}","{'height': 360, 'width': 640, 'mime_type': 'video/mp4'}",fbY4O04uunE,https://www.youtube.com/watch?v=fbY4O04uunE
clk6lbly5003m3n6l9bjdqiyz,1883,right side,,Abnormal Gait,stroke,"{'top': 18.11111111111111, 'left': 196.21052631578948, 'height': 332.47368421052636, 'width': 157.78947368421052}","{'height': 360, 'width': 640, 'mime_type': 'video/mp4'}",fbY4O04uunE,https://www.youtube.com/watch?v=fbY4O04uunE
clk6lbly5003m3n6l9bjdqiyz,1884,right side,,Abnormal Gait,stroke,"{'top': 18.148148148148145, 'left': 196.2982456140351, 'height': 332.42105263157896, 'width': 157.7017543859649}","{'height': 360, 'width': 640, 'mime_type': 'video/mp4'}",fbY4O04uunE,https://www.youtube.com/watch?v=fbY4O04uunE
clk6lbly5003m3n6l9bjdqiyz,1885,right side,,Abnormal Gait,stroke,"{'top': 18.185185185185183, 'left': 196.3859649122807, 'height': 332.3684210526316, 'width': 157.6140350877193}","{'height': 360, 'width': 640, 'mime_type': 'video/mp4'}",fbY4O04uunE,https://www.youtube.com/watch?v=fbY4O04uunE
clk6lbly5003m3n6l9bjdqiyz,1886,right side,,Abnormal Gait,stroke,"{'top': 18.22222222222222, 'left': 196.4736842105263, 'height': 332.3157894736842, 'width': 157.5263157894737}","{'height': 360, 'width': 640, 'mime_type': 'video/mp4'}",fbY4O04uunE,https://www.youtube.com/watch?v=fbY4O04uunE
clk6lbly5003m3n6l9bjdqiyz,1887,right side,,Abnormal Gait,stroke,"{'top': 18.25925925925926, 'left': 196.56140350877192, 'height': 332.2631578947369, 'width': 157.43859649122808}","{'height': 360, 'width': 640, 'mime_type': 'video/mp4'}",fbY4O04uunE,https://www.youtube.com/watch?v=fbY4O04uunE
clk6lbly5003m3n6l9bjdqiyz,1888,right side,,Abnormal Gait,stroke,"{'top': 18.296296296296298, 'left': 196.64912280701753, 'height': 332.2105263157895, 'width': 157.35087719298247}","{'height': 360, 'width': 640, 'mime_type': 'video/mp4'}",fbY4O04uunE,https://www.youtube.com/watch?v=fbY4O04uunE
clk6lbly5003m3n6l9bjdqiyz,1889,right side,,Abnormal Gait,stroke,"{'top': 18.333333333333332, 'left': 196.73684210526315, 'height': 332.15789473684214, 'width': 157.26315789473685}","{'height': 360, 'width': 640, 'mime_type': 'video/mp4'}",fbY4O04uunE,https://www.youtube.com/watch?v=fbY4O04uunE
clk6lbly5003m3n6l9bjdqiyz,1890,right side,,Abnormal Gait,stroke,"{'top': 18.37037037037037, 'left': 196.82456140350877, 'height': 332.10526315789474, 'width': 157.17543859649123}","{'height': 360, 'width': 640, 'mime_type': 'video/mp4'}",fbY4O04uunE,https://www.youtube.com/watch?v=fbY4O04uunE
clk6lbly5003m3n6l9bjdqiyz,1891,right side,,Abnormal Gait,stroke,"{'top': 18.407407407407405, 'left': 196.91228070175438, 'height': 332.0526315789474, 'width': 157.08771929824562}","{'height': 360, 'width': 640, 'mime_type': 'video/mp4'}",fbY4O04uunE,https://www.youtube.com/watch?v=fbY4O04uunE
clk6lbly5003m3n6l9bjdqiyz,1892,right side,,Abnormal Gait,stroke,"{'top': 18.444444444444443, 'left': 197.0, 'height': 332.0, 'width': 157.0}","{'height': 360, 'width': 640, 'mime_type': 'video/mp4'}",fbY4O04uunE,https://www.youtube.com/watch?v=fbY4O04uunE
clk6lbly5003m3n6l9bjdqiyz,1893,right side,,Abnormal Gait,stroke,"{'top': 18.48148148148148, 'left': 197.08771929824562, 'height': 331.94736842105266, 'width': 156.91228070175438}","{'height': 360, 'width': 640, 'mime_type': 'video/mp4'}",fbY4O04uunE,https://www.youtube.com/watch?v=fbY4O04uunE
clk6lbly5003m3n6l9bjdqiyz,1894,right side,,Abnormal Gait,stroke,"{'top': 18.51851851851852, 'left': 197.17543859649123, 'height': 331.89473684210526, 'width': 156.82456140350877}","{'height': 360, 'width': 640, 'mime_type': 'video/mp4'}",fbY4O04uunE,https://www.youtube.com/watch?v=fbY4O04uunE
clk6lbly5003m3n6l9bjdqiyz,1895,right side,,Abnormal Gait,stroke,"{'top': 18.555555555555557, 'left': 197.26315789473685, 'height': 331.8421052631579, 'width': 156.73684210526315}","{'height': 360, 'width': 640, 'mime_type': 'video/mp4'}",fbY4O04uunE,https://www.youtube.com/watch?v=fbY4O04uunE
clk6lbly5003m3n6l9bjdqiyz,1896,right side,,Abnormal Gait,stroke,"{'top': 18.59259259259259, 'left': 197.35087719298247, 'height': 331.7894736842105, 'width': 156.64912280701753}","{'height': 360, 'width': 640, 'mime_type': 'video/mp4'}",fbY4O04uunE,https://www.youtube.com/watch?v=fbY4O04uunE
clk6lbly5003m3n6l9bjdqiyz,1897,right side,,Abnormal Gait,stroke,"{'top': 18.62962962962963, 'left': 197.43859649122805, 'height': 331.7368421052632, 'width': 156.56140350877195}","{'height': 360, 'width': 640, 'mime_type': 'video/mp4'}",fbY4O04uunE,https://www.youtube.com/watch?v=fbY4O04uunE
clk6lbly5003m3n6l9bjdqiyz,1898,right side,,Abnormal Gait,stroke,"{'top': 18.666666666666664, 'left': 197.52631578947367, 'height': 331.6842105263158, 'width': 156.47368421052633}","{'height': 360, 'width': 640, 'mime_type': 'video/mp4'}",fbY4O04uunE,https://www.youtube.com/watch?v=fbY4O04uunE
clk6lbly5003m3n6l9bjdqiyz,1899,right side,,Abnormal Gait,stroke,"{'top': 18.703703703703702, 'left': 197.6140350877193, 'height': 331.63157894736844, 'width': 156.3859649122807}","{'height': 360, 'width': 640, 'mime_type': 'video/mp4'}",fbY4O04uunE,https://www.youtube.com/watch?v=fbY4O04uunE
clk6lbly5003m3n6l9bjdqiyz,1900,right side,,Abnormal Gait,stroke,"{'top': 18.74074074074074, 'left': 197.7017543859649, 'height': 331.57894736842104, 'width': 156.2982456140351}","{'height': 360, 'width': 640, 'mime_type': 'video/mp4'}",fbY4O04uunE,https://www.youtube.com/watch?v=fbY4O04uunE
clk6lbly5003m3n6l9bjdqiyz,1901,right side,,Abnormal Gait,stroke,"{'top': 18.77777777777778, 'left': 197.78947368421052, 'height': 331.5263157894737, 'width': 156.21052631578948}","{'height': 360, 'width': 640, 'mime_type': 'video/mp4'}",fbY4O04uunE,https://www.youtube.com/watch?v=fbY4O04uunE
clk6lbly5003m3n6l9bjdqiyz,1902,right side,,Abnormal Gait,stroke,"{'top': 18.814814814814817, 'left': 197.87719298245614, 'height': 331.4736842105263, 'width': 156.12280701754386}","{'height': 360, 'width': 640, 'mime_type': 'video/mp4'}",fbY4O04uunE,https://www.youtube.com/watch?v=fbY4O04uunE
clk6lbly5003m3n6l9bjdqiyz,1903,right side,,Abnormal Gait,stroke,"{'top': 18.85185185185185, 'left': 197.96491228070175, 'height': 331.42105263157896, 'width': 156.03508771929825}","{'height': 360, 'width': 640, 'mime_type': 'video/mp4'}",fbY4O04uunE,https://www.youtube.com/watch?v=fbY4O04uunE
clk6lbly5003m3n6l9bjdqiyz,1904,right side,,Abnormal Gait,stroke,"{'top': 18.88888888888889, 'left': 198.05263157894737, 'height': 331.36842105263156, 'width': 155.94736842105263}","{'height': 360, 'width': 640, 'mime_type': 'video/mp4'}",fbY4O04uunE,https://www.youtube.com/watch?v=fbY4O04uunE
clk6lbly5003m3n6l9bjdqiyz,1905,right side,,Abnormal Gait,stroke,"{'top': 18.925925925925924, 'left': 198.140350877193, 'height': 331.3157894736842, 'width': 155.859649122807}","{'height': 360, 'width': 640, 'mime_type': 'video/mp4'}",fbY4O04uunE,https://www.youtube.com/watch?v=fbY4O04uunE
clk6lbly5003m3n6l9bjdqiyz,1906,right side,,Abnormal Gait,stroke,"{'top': 18.962962962962962, 'left': 198.2280701754386, 'height': 331.2631578947369, 'width': 155.7719298245614}","{'height': 360, 'width': 640, 'mime_type': 'video/mp4'}",fbY4O04uunE,https://www.youtube.com/watch?v=fbY4O04uunE
clk6lbly5003m3n6l9bjdqiyz,1907,right side,,Abnormal Gait,stroke,"{'top': 19.0, 'left': 198.31578947368422, 'height': 331.2105263157895, 'width': 155.68421052631578}","{'height': 360, 'width': 640, 'mime_type': 'video/mp4'}",fbY4O04uunE,https://www.youtube.com/watch?v=fbY4O04uunE
clk6lbly5003m3n6l9bjdqiyz,1908,right side,,Abnormal Gait,stroke,"{'top': 19.037037037037038, 'left': 198.4035087719298, 'height': 331.1578947368421, 'width': 155.5964912280702}","{'height': 360, 'width': 640, 'mime_type': 'video/mp4'}",fbY4O04uunE,https://www.youtube.com/watch?v=fbY4O04uunE
clk6lbly5003m3n6l9bjdqiyz,1909,right side,,Abnormal Gait,stroke,"{'top': 19.074074074074076, 'left': 198.49122807017545, 'height': 331.10526315789474, 'width': 155.50877192982455}","{'height': 360, 'width': 640, 'mime_type': 'video/mp4'}",fbY4O04uunE,https://www.youtube.com/watch?v=fbY4O04uunE
clk6lbly5003m3n6l9bjdqiyz,1910,right side,,Abnormal Gait,stroke,"{'top': 19.11111111111111, 'left': 198.57894736842104, 'height': 331.0526315789474, 'width': 155.42105263157896}","{'height': 360, 'width': 640, 'mime_type': 'video/mp4'}",fbY4O04uunE,https://www.youtube.com/watch?v=fbY4O04uunE
clk6lbly5003m3n6l9bjdqiyz,1911,right side,,Abnormal Gait,stroke,"{'top': 19.148148148148145, 'left': 198.66666666666666, 'height': 331.0, 'width': 155.33333333333334}","{'height': 360, 'width': 640, 'mime_type': 'video/mp4'}",fbY4O04uunE,https://www.youtube.com/watch?v=fbY4O04uunE
clk6lbly5003m3n6l9bjdqiyz,1912,right side,,Abnormal Gait,stroke,"{'top': 19.185185185185183, 'left': 198.75438596491227, 'height': 330.94736842105266, 'width': 155.24561403508773}","{'height': 360, 'width': 640, 'mime_type': 'video/mp4'}",fbY4O04uunE,https://www.youtube.com/watch?v=fbY4O04uunE
clk6lbly5003m3n6l9bjdqiyz,1913,right side,,Abnormal Gait,stroke,"{'top': 19.22222222222222, 'left': 198.8421052631579, 'height': 330.89473684210526, 'width': 155.1578947368421}","{'height': 360, 'width': 640, 'mime_type': 'video/mp4'}",fbY4O04uunE,https://www.youtube.com/watch?v=fbY4O04uunE
clk6lbly5003m3n6l9bjdqiyz,1914,right side,,Abnormal Gait,stroke,"{'top': 19.25925925925926, 'left': 198.9298245614035, 'height': 330.8421052631579, 'width': 155.0701754385965}","{'height': 360, 'width': 640, 'mime_type': 'video/mp4'}",fbY4O04uunE,https://www.youtube.com/watch?v=fbY4O04uunE
clk6lbly5003m3n6l9bjdqiyz,1915,right side,,Abnormal Gait,stroke,"{'top': 19.296296296296298, 'left': 199.01754385964912, 'height': 330.7894736842105, 'width': 154.98245614035088}","{'height': 360, 'width': 640, 'mime_type': 'video/mp4'}",fbY4O04uunE,https://www.youtube.com/watch?v=fbY4O04uunE
clk6lbly5003m3n6l9bjdqiyz,1916,right side,,Abnormal Gait,stroke,"{'top': 19.333333333333332, 'left': 199.10526315789474, 'height': 330.7368421052632, 'width': 154.89473684210526}","{'height': 360, 'width': 640, 'mime_type': 'video/mp4'}",fbY4O04uunE,https://www.youtube.com/watch?v=fbY4O04uunE
clk6lbly5003m3n6l9bjdqiyz,1917,right side,,Abnormal Gait,stroke,"{'top': 19.37037037037037, 'left': 199.19298245614036, 'height': 330.6842105263158, 'width': 154.80701754385964}","{'height': 360, 'width': 640, 'mime_type': 'video/mp4'}",fbY4O04uunE,https://www.youtube.com/watch?v=fbY4O04uunE
clk6lbly5003m3n6l9bjdqiyz,1918,right side,,Abnormal Gait,stroke,"{'top': 19.407407407407405, 'left': 199.28070175438597, 'height': 330.63157894736844, 'width': 154.71929824561403}","{'height': 360, 'width': 640, 'mime_type': 'video/mp4'}",fbY4O04uunE,https://www.youtube.com/watch?v=fbY4O04uunE
clk6lbly5003m3n6l9bjdqiyz,1919,right side,,Abnormal Gait,stroke,"{'top': 19.444444444444443, 'left': 199.3684210526316, 'height': 330.57894736842104, 'width': 154.6315789473684}","{'height': 360, 'width': 640, 'mime_type': 'video/mp4'}",fbY4O04uunE,https://www.youtube.com/watch?v=fbY4O04uunE
clk6lbly5003m3n6l9bjdqiyz,1920,right side,,Abnormal Gait,stroke,"{'top': 19.48148148148148, 'left': 199.4561403508772, 'height': 330.5263157894737, 'width': 154.5438596491228}","{'height': 360, 'width': 640, 'mime_type': 'video/mp4'}",fbY4O04uunE,https://www.youtube.com/watch?v=fbY4O04uunE
clk6lbly5003m3n6l9bjdqiyz,1921,right side,,Abnormal Gait,stroke,"{'top': 19.51851851851852, 'left': 199.5438596491228, 'height': 330.4736842105263, 'width': 154.4561403508772}","{'height': 360, 'width': 640, 'mime_type': 'video/mp4'}",fbY4O04uunE,https://www.youtube.com/watch?v=fbY4O04uunE
clk6lbly5003m3n6l9bjdqiyz,1922,right side,,Abnormal Gait,stroke,"{'top': 19.555555555555557, 'left': 199.6315789473684, 'height': 330.42105263157896, 'width': 154.3684210526316}","{'height': 360, 'width': 640, 'mime_type': 'video/mp4'}",fbY4O04uunE,https://www.youtube.com/watch?v=fbY4O04uunE
clk6lbly5003m3n6l9bjdqiyz,1923,right side,,Abnormal Gait,stroke,"{'top': 19.592592592592595, 'left': 199.71929824561403, 'height': 330.36842105263156, 'width': 154.28070175438597}","{'height': 360, 'width': 640, 'mime_type': 'video/mp4'}",fbY4O04uunE,https://www.youtube.com/watch?v=fbY4O04uunE
clk6lbly5003m3n6l9bjdqiyz,1924,right side,,Abnormal Gait,stroke,"{'top': 19.62962962962963, 'left': 199.80701754385964, 'height': 330.3157894736842, 'width': 154.19298245614036}","{'height': 360, 'width': 640, 'mime_type': 'video/mp4'}",fbY4O04uunE,https://www.youtube.com/watch?v=fbY4O04uunE
clk6lbly5003m3n6l9bjdqiyz,1925,right side,,Abnormal Gait,stroke,"{'top': 19.666666666666668, 'left': 199.89473684210526, 'height': 330.2631578947368, 'width': 154.10526315789474}","{'height': 360, 'width': 640, 'mime_type': 'video/mp4'}",fbY4O04uunE,https://www.youtube.com/watch?v=fbY4O04uunE
clk6lbly5003m3n6l9bjdqiyz,1926,right side,,Abnormal Gait,stroke,"{'top': 19.703703703703702, 'left': 199.98245614035088, 'height': 330.2105263157895, 'width': 154.01754385964912}","{'height': 360, 'width': 640, 'mime_type': 'video/mp4'}",fbY4O04uunE,https://www.youtube.com/watch?v=fbY4O04uunE
clk6lbly5003m3n6l9bjdqiyz,1927,right side,,Abnormal Gait,stroke,"{'top': 19.74074074074074, 'left': 200.0701754385965, 'height': 330.1578947368421, 'width': 153.9298245614035}","{'height': 360, 'width': 640, 'mime_type': 'video/mp4'}",fbY4O04uunE,https://www.youtube.com/watch?v=fbY4O04uunE
clk6lbly5003m3n6l9bjdqiyz,1928,right side,,Abnormal Gait,stroke,"{'top': 19.77777777777778, 'left': 200.1578947368421, 'height': 330.10526315789474, 'width': 153.8421052631579}","{'height': 360, 'width': 640, 'mime_type': 'video/mp4'}",fbY4O04uunE,https://www.youtube.com/watch?v=fbY4O04uunE
clk6lbly5003m3n6l9bjdqiyz,1929,right side,,Abnormal Gait,stroke,"{'top': 19.814814814814817, 'left': 200.24561403508773, 'height': 330.05263157894734, 'width': 153.75438596491227}","{'height': 360, 'width': 640, 'mime_type': 'video/mp4'}",fbY4O04uunE,https://www.youtube.com/watch?v=fbY4O04uunE
clk6lbly5003m3n6l9bjdqiyz,1930,right side,,Abnormal Gait,stroke,"{'top': 19.85185185185185, 'left': 200.33333333333334, 'height': 330.0, 'width': 153.66666666666666}","{'height': 360, 'width': 640, 'mime_type': 'video/mp4'}",fbY4O04uunE,https://www.youtube.com/watch?v=fbY4O04uunE
clk6lbly5003m3n6l9bjdqiyz,1931,right side,,Abnormal Gait,stroke,"{'top': 19.88888888888889, 'left': 200.42105263157896, 'height': 329.9473684210526, 'width': 153.57894736842104}","{'height': 360, 'width': 640, 'mime_type': 'video/mp4'}",fbY4O04uunE,https://www.youtube.com/watch?v=fbY4O04uunE
clk6lbly5003m3n6l9bjdqiyz,1932,right side,,Abnormal Gait,stroke,"{'top': 19.925925925925924, 'left': 200.50877192982455, 'height': 329.89473684210526, 'width': 153.49122807017545}","{'height': 360, 'width': 640, 'mime_type': 'video/mp4'}",fbY4O04uunE,https://www.youtube.com/watch?v=fbY4O04uunE
clk6lbly5003m3n6l9bjdqiyz,1933,right side,,Abnormal Gait,stroke,"{'top': 19.962962962962962, 'left': 200.5964912280702, 'height': 329.8421052631579, 'width': 153.4035087719298}","{'height': 360, 'width': 640, 'mime_type': 'video/mp4'}",fbY4O04uunE,https://www.youtube.com/watch?v=fbY4O04uunE
clk6lbly5003m3n6l9bjdqiyz,1934,right side,,Abnormal Gait,stroke,"{'top': 20.0, 'left': 200.68421052631578, 'height': 329.7894736842105, 'width': 153.31578947368422}","{'height': 360, 'width': 640, 'mime_type': 'video/mp4'}",fbY4O04uunE,https://www.youtube.com/watch?v=fbY4O04uunE
clk6lbly5003m3n6l9bjdqiyz,1935,right side,,Abnormal Gait,stroke,"{'top': 20.037037037037038, 'left': 200.7719298245614, 'height': 329.7368421052631, 'width': 153.2280701754386}","{'height': 360, 'width': 640, 'mime_type': 'video/mp4'}",fbY4O04uunE,https://www.youtube.com/watch?v=fbY4O04uunE
clk6lbly5003m3n6l9bjdqiyz,1936,right side,,Abnormal Gait,stroke,"{'top': 20.074074074074073, 'left': 200.859649122807, 'height': 329.6842105263158, 'width': 153.140350877193}","{'height': 360, 'width': 640, 'mime_type': 'video/mp4'}",fbY4O04uunE,https://www.youtube.com/watch?v=fbY4O04uunE
clk6lbly5003m3n6l9bjdqiyz,1937,right side,,Abnormal Gait,stroke,"{'top': 20.11111111111111, 'left': 200.94736842105263, 'height': 329.63157894736844, 'width': 153.05263157894737}","{'height': 360, 'width': 640, 'mime_type': 'video/mp4'}",fbY4O04uunE,https://www.youtube.com/watch?v=fbY4O04uunE
clk6lbly5003m3n6l9bjdqiyz,1938,right side,,Abnormal Gait,stroke,"{'top': 20.148148148148145, 'left': 201.03508771929825, 'height': 329.57894736842104, 'width': 152.96491228070175}","{'height': 360, 'width': 640, 'mime_type': 'video/mp4'}",fbY4O04uunE,https://www.youtube.com/watch?v=fbY4O04uunE
clk6lbly5003m3n6l9bjdqiyz,1939,right side,,Abnormal Gait,stroke,"{'top': 20.185185185185183, 'left': 201.12280701754386, 'height': 329.5263157894737, 'width': 152.87719298245614}","{'height': 360, 'width': 640, 'mime_type': 'video/mp4'}",fbY4O04uunE,https://www.youtube.com/watch?v=fbY4O04uunE
clk6lbly5003m3n6l9bjdqiyz,1940,right side,,Abnormal Gait,stroke,"{'top': 20.22222222222222, 'left': 201.21052631578948, 'height': 329.4736842105263, 'width': 152.78947368421052}","{'height': 360, 'width': 640, 'mime_type': 'video/mp4'}",fbY4O04uunE,https://www.youtube.com/watch?v=fbY4O04uunE
clk6lbly5003m3n6l9bjdqiyz,1941,right side,,Abnormal Gait,stroke,"{'top': 20.25925925925926, 'left': 201.2982456140351, 'height': 329.42105263157896, 'width': 152.7017543859649}","{'height': 360, 'width': 640, 'mime_type': 'video/mp4'}",fbY4O04uunE,https://www.youtube.com/watch?v=fbY4O04uunE
clk6lbly5003m3n6l9bjdqiyz,1942,right side,,Abnormal Gait,stroke,"{'top': 20.296296296296298, 'left': 201.3859649122807, 'height': 329.36842105263156, 'width': 152.6140350877193}","{'height': 360, 'width': 640, 'mime_type': 'video/mp4'}",fbY4O04uunE,https://www.youtube.com/watch?v=fbY4O04uunE
clk6lbly5003m3n6l9bjdqiyz,1943,right side,,Abnormal Gait,stroke,"{'top': 20.333333333333336, 'left': 201.47368421052633, 'height': 329.3157894736842, 'width': 152.52631578947367}","{'height': 360, 'width': 640, 'mime_type': 'video/mp4'}",fbY4O04uunE,https://www.youtube.com/watch?v=fbY4O04uunE
clk6lbly5003m3n6l9bjdqiyz,1944,right side,,Abnormal Gait,stroke,"{'top': 20.37037037037037, 'left': 201.56140350877192, 'height': 329.2631578947368, 'width': 152.43859649122808}","{'height': 360, 'width': 640, 'mime_type': 'video/mp4'}",fbY4O04uunE,https://www.youtube.com/watch?v=fbY4O04uunE
clk6lbly5003m3n6l9bjdqiyz,1945,right side,,Abnormal Gait,stroke,"{'top': 20.40740740740741, 'left': 201.64912280701753, 'height': 329.2105263157895, 'width': 152.35087719298247}","{'height': 360, 'width': 640, 'mime_type': 'video/mp4'}",fbY4O04uunE,https://www.youtube.com/watch?v=fbY4O04uunE
clk6lbly5003m3n6l9bjdqiyz,1946,right side,,Abnormal Gait,stroke,"{'top': 20.444444444444443, 'left': 201.73684210526315, 'height': 329.1578947368421, 'width': 152.26315789473685}","{'height': 360, 'width': 640, 'mime_type': 'video/mp4'}",fbY4O04uunE,https://www.youtube.com/watch?v=fbY4O04uunE
clk6lbly5003m3n6l9bjdqiyz,1947,right side,,Abnormal Gait,stroke,"{'top': 20.48148148148148, 'left': 201.82456140350877, 'height': 329.10526315789474, 'width': 152.17543859649123}","{'height': 360, 'width': 640, 'mime_type': 'video/mp4'}",fbY4O04uunE,https://www.youtube.com/watch?v=fbY4O04uunE
clk6lbly5003m3n6l9bjdqiyz,1948,right side,,Abnormal Gait,stroke,"{'top': 20.51851851851852, 'left': 201.91228070175438, 'height': 329.05263157894734, 'width': 152.08771929824562}","{'height': 360, 'width': 640, 'mime_type': 'video/mp4'}",fbY4O04uunE,https://www.youtube.com/watch?v=fbY4O04uunE
clk6lbly5003m3n6l9bjdqiyz,1949,right side,,Abnormal Gait,stroke,"{'top': 20.555555555555557, 'left': 202.0, 'height': 329.0, 'width': 152.0}","{'height': 360, 'width': 640, 'mime_type': 'video/mp4'}",fbY4O04uunE,https://www.youtube.com/watch?v=fbY4O04uunE
clk6lbly5003m3n6l9bjdqiyz,1950,right side,,Abnormal Gait,stroke,"{'top': 20.59259259259259, 'left': 202.08771929824562, 'height': 328.9473684210526, 'width': 151.91228070175438}","{'height': 360, 'width': 640, 'mime_type': 'video/mp4'}",fbY4O04uunE,https://www.youtube.com/watch?v=fbY4O04uunE
clk6lbly5003m3n6l9bjdqiyz,1951,right side,,Abnormal Gait,stroke,"{'top': 20.62962962962963, 'left': 202.17543859649123, 'height': 328.89473684210526, 'width': 151.82456140350877}","{'height': 360, 'width': 640, 'mime_type': 'video/mp4'}",fbY4O04uunE,https://www.youtube.com/watch?v=fbY4O04uunE
clk6lbly5003m3n6l9bjdqiyz,1952,right side,,Abnormal Gait,stroke,"{'top': 20.666666666666664, 'left': 202.26315789473685, 'height': 328.84210526315786, 'width': 151.73684210526315}","{'height': 360, 'width': 640, 'mime_type': 'video/mp4'}",fbY4O04uunE,https://www.youtube.com/watch?v=fbY4O04uunE
clk6lbly5003m3n6l9bjdqiyz,1953,right side,,Abnormal Gait,stroke,"{'top': 20.703703703703702, 'left': 202.35087719298247, 'height': 328.7894736842105, 'width': 151.64912280701753}","{'height': 360, 'width': 640, 'mime_type': 'video/mp4'}",fbY4O04uunE,https://www.youtube.com/watch?v=fbY4O04uunE
clk6lbly5003m3n6l9bjdqiyz,1954,right side,,Abnormal Gait,stroke,"{'top': 20.74074074074074, 'left': 202.43859649122805, 'height': 328.7368421052631, 'width': 151.56140350877195}","{'height': 360, 'width': 640, 'mime_type': 'video/mp4'}",fbY4O04uunE,https://www.youtube.com/watch?v=fbY4O04uunE
clk6lbly5003m3n6l9bjdqiyz,1955,right side,,Abnormal Gait,stroke,"{'top': 20.77777777777778, 'left': 202.5263157894737, 'height': 328.6842105263158, 'width': 151.4736842105263}","{'height': 360, 'width': 640, 'mime_type': 'video/mp4'}",fbY4O04uunE,https://www.youtube.com/watch?v=fbY4O04uunE
clk6lbly5003m3n6l9bjdqiyz,1956,right side,,Abnormal Gait,stroke,"{'top': 20.814814814814817, 'left': 202.6140350877193, 'height': 328.6315789473684, 'width': 151.3859649122807}","{'height': 360, 'width': 640, 'mime_type': 'video/mp4'}",fbY4O04uunE,https://www.youtube.com/watch?v=fbY4O04uunE
clk6lbly5003m3n6l9bjdqiyz,1957,right side,,Abnormal Gait,stroke,"{'top': 20.851851851851855, 'left': 202.7017543859649, 'height': 328.57894736842104, 'width': 151.2982456140351}","{'height': 360, 'width': 640, 'mime_type': 'video/mp4'}",fbY4O04uunE,https://www.youtube.com/watch?v=fbY4O04uunE
clk6lbly5003m3n6l9bjdqiyz,1958,right side,,Abnormal Gait,stroke,"{'top': 20.888888888888886, 'left': 202.78947368421052, 'height': 328.52631578947364, 'width': 151.21052631578948}","{'height': 360, 'width': 640, 'mime_type': 'video/mp4'}",fbY4O04uunE,https://www.youtube.com/watch?v=fbY4O04uunE
clk6lbly5003m3n6l9bjdqiyz,1959,right side,,Abnormal Gait,stroke,"{'top': 20.925925925925924, 'left': 202.87719298245614, 'height': 328.4736842105263, 'width': 151.12280701754386}","{'height': 360, 'width': 640, 'mime_type': 'video/mp4'}",fbY4O04uunE,https://www.youtube.com/watch?v=fbY4O04uunE
clk6lbly5003m3n6l9bjdqiyz,1960,right side,,Abnormal Gait,stroke,"{'top': 20.962962962962962, 'left': 202.96491228070175, 'height': 328.42105263157896, 'width': 151.03508771929825}","{'height': 360, 'width': 640, 'mime_type': 'video/mp4'}",fbY4O04uunE,https://www.youtube.com/watch?v=fbY4O04uunE
clk6lbly5003m3n6l9bjdqiyz,1961,right side,,Abnormal Gait,stroke,"{'top': 21.0, 'left': 203.05263157894737, 'height': 328.36842105263156, 'width': 150.94736842105263}","{'height': 360, 'width': 640, 'mime_type': 'video/mp4'}",fbY4O04uunE,https://www.youtube.com/watch?v=fbY4O04uunE
clk6lbly5003m3n6l9bjdqiyz,1962,right side,,Abnormal Gait,stroke,"{'top': 21.037037037037038, 'left': 203.140350877193, 'height': 328.31578947368416, 'width': 150.859649122807}","{'height': 360, 'width': 640, 'mime_type': 'video/mp4'}",fbY4O04uunE,https://www.youtube.com/watch?v=fbY4O04uunE
clk6lbly5003m3n6l9bjdqiyz,1963,right side,,Abnormal Gait,stroke,"{'top': 21.074074074074076, 'left': 203.2280701754386, 'height': 328.2631578947368, 'width': 150.7719298245614}","{'height': 360, 'width': 640, 'mime_type': 'video/mp4'}",fbY4O04uunE,https://www.youtube.com/watch?v=fbY4O04uunE
clk6lbly5003m3n6l9bjdqiyz,1964,right side,,Abnormal Gait,stroke,"{'top': 21.11111111111111, 'left': 203.31578947368422, 'height': 328.2105263157895, 'width': 150.68421052631578}","{'height': 360, 'width': 640, 'mime_type': 'video/mp4'}",fbY4O04uunE,https://www.youtube.com/watch?v=fbY4O04uunE
clk6lbly5003m3n6l9bjdqiyz,1965,right side,,Abnormal Gait,stroke,"{'top': 21.14814814814815, 'left': 203.40350877192984, 'height': 328.1578947368421, 'width': 150.59649122807016}","{'height': 360, 'width': 640, 'mime_type': 'video/mp4'}",fbY4O04uunE,https://www.youtube.com/watch?v=fbY4O04uunE
clk6lbly5003m3n6l9bjdqiyz,1966,right side,,Abnormal Gait,stroke,"{'top': 21.185185185185183, 'left': 203.49122807017545, 'height': 328.10526315789474, 'width': 150.50877192982455}","{'height': 360, 'width': 640, 'mime_type': 'video/mp4'}",fbY4O04uunE,https://www.youtube.com/watch?v=fbY4O04uunE
clk6lbly5003m3n6l9bjdqiyz,1967,right side,,Abnormal Gait,stroke,"{'top': 21.22222222222222, 'left': 203.57894736842104, 'height': 328.05263157894734, 'width': 150.42105263157896}","{'height': 360, 'width': 640, 'mime_type': 'video/mp4'}",fbY4O04uunE,https://www.youtube.com/watch?v=fbY4O04uunE
clk6lbly5003m3n6l9bjdqiyz,1968,right side,,Abnormal Gait,stroke,"{'top': 21.25925925925926, 'left': 203.66666666666666, 'height': 328.0, 'width': 150.33333333333334}","{'height': 360, 'width': 640, 'mime_type': 'video/mp4'}",fbY4O04uunE,https://www.youtube.com/watch?v=fbY4O04uunE
clk6lbly5003m3n6l9bjdqiyz,1969,right side,,Abnormal Gait,stroke,"{'top': 21.296296296296298, 'left': 203.75438596491227, 'height': 327.9473684210526, 'width': 150.24561403508773}","{'height': 360, 'width': 640, 'mime_type': 'video/mp4'}",fbY4O04uunE,https://www.youtube.com/watch?v=fbY4O04uunE
clk6lbly5003m3n6l9bjdqiyz,1970,right side,,Abnormal Gait,stroke,"{'top': 21.333333333333332, 'left': 203.8421052631579, 'height': 327.89473684210526, 'width': 150.1578947368421}","{'height': 360, 'width': 640, 'mime_type': 'video/mp4'}",fbY4O04uunE,https://www.youtube.com/watch?v=fbY4O04uunE
clk6lbly5003m3n6l9bjdqiyz,1971,right side,,Abnormal Gait,stroke,"{'top': 21.37037037037037, 'left': 203.9298245614035, 'height': 327.84210526315786, 'width': 150.0701754385965}","{'height': 360, 'width': 640, 'mime_type': 'video/mp4'}",fbY4O04uunE,https://www.youtube.com/watch?v=fbY4O04uunE
clk6lbly5003m3n6l9bjdqiyz,1972,right side,,Abnormal Gait,stroke,"{'top': 21.407407407407405, 'left': 204.01754385964912, 'height': 327.7894736842105, 'width': 149.98245614035088}","{'height': 360, 'width': 640, 'mime_type': 'video/mp4'}",fbY4O04uunE,https://www.youtube.com/watch?v=fbY4O04uunE
clk6lbly5003m3n6l9bjdqiyz,1973,right side,,Abnormal Gait,stroke,"{'top': 21.444444444444443, 'left': 204.10526315789474, 'height': 327.7368421052631, 'width': 149.89473684210526}","{'height': 360, 'width': 640, 'mime_type': 'video/mp4'}",fbY4O04uunE,https://www.youtube.com/watch?v=fbY4O04uunE
clk6lbly5003m3n6l9bjdqiyz,1974,right side,,Abnormal Gait,stroke,"{'top': 21.48148148148148, 'left': 204.19298245614036, 'height': 327.6842105263158, 'width': 149.80701754385964}","{'height': 360, 'width': 640, 'mime_type': 'video/mp4'}",fbY4O04uunE,https://www.youtube.com/watch?v=fbY4O04uunE
clk6lbly5003m3n6l9bjdqiyz,1975,right side,,Abnormal Gait,stroke,"{'top': 21.51851851851852, 'left': 204.28070175438597, 'height': 327.6315789473684, 'width': 149.71929824561403}","{'height': 360, 'width': 640, 'mime_type': 'video/mp4'}",fbY4O04uunE,https://www.youtube.com/watch?v=fbY4O04uunE
clk6lbly5003m3n6l9bjdqiyz,1976,right side,,Abnormal Gait,stroke,"{'top': 21.555555555555557, 'left': 204.3684210526316, 'height': 327.57894736842104, 'width': 149.6315789473684}","{'height': 360, 'width': 640, 'mime_type': 'video/mp4'}",fbY4O04uunE,https://www.youtube.com/watch?v=fbY4O04uunE
clk6lbly5003m3n6l9bjdqiyz,1977,right side,,Abnormal Gait,stroke,"{'top': 21.592592592592595, 'left': 204.4561403508772, 'height': 327.52631578947364, 'width': 149.5438596491228}","{'height': 360, 'width': 640, 'mime_type': 'video/mp4'}",fbY4O04uunE,https://www.youtube.com/watch?v=fbY4O04uunE
clk6lbly5003m3n6l9bjdqiyz,1978,right side,,Abnormal Gait,stroke,"{'top': 21.62962962962963, 'left': 204.5438596491228, 'height': 327.4736842105263, 'width': 149.4561403508772}","{'height': 360, 'width': 640, 'mime_type': 'video/mp4'}",fbY4O04uunE,https://www.youtube.com/watch?v=fbY4O04uunE
clk6lbly5003m3n6l9bjdqiyz,1979,right side,,Abnormal Gait,stroke,"{'top': 21.666666666666668, 'left': 204.6315789473684, 'height': 327.4210526315789, 'width': 149.3684210526316}","{'height': 360, 'width': 640, 'mime_type': 'video/mp4'}",fbY4O04uunE,https://www.youtube.com/watch?v=fbY4O04uunE
clk6lbly5003m3n6l9bjdqiyz,1980,right side,,Abnormal Gait,stroke,"{'top': 21.703703703703702, 'left': 204.71929824561403, 'height': 327.36842105263156, 'width': 149.28070175438597}","{'height': 360, 'width': 640, 'mime_type': 'video/mp4'}",fbY4O04uunE,https://www.youtube.com/watch?v=fbY4O04uunE
clk6lbly5003m3n6l9bjdqiyz,1981,right side,,Abnormal Gait,stroke,"{'top': 21.74074074074074, 'left': 204.80701754385964, 'height': 327.31578947368416, 'width': 149.19298245614036}","{'height': 360, 'width': 640, 'mime_type': 'video/mp4'}",fbY4O04uunE,https://www.youtube.com/watch?v=fbY4O04uunE
clk6lbly5003m3n6l9bjdqiyz,1982,right side,,Abnormal Gait,stroke,"{'top': 21.77777777777778, 'left': 204.89473684210526, 'height': 327.2631578947368, 'width': 149.10526315789474}","{'height': 360, 'width': 640, 'mime_type': 'video/mp4'}",fbY4O04uunE,https://www.youtube.com/watch?v=fbY4O04uunE
clk6lbly5003m3n6l9bjdqiyz,1983,right side,,Abnormal Gait,stroke,"{'top': 21.814814814814817, 'left': 204.98245614035088, 'height': 327.2105263157894, 'width': 149.01754385964912}","{'height': 360, 'width': 640, 'mime_type': 'video/mp4'}",fbY4O04uunE,https://www.youtube.com/watch?v=fbY4O04uunE
clk6lbly5003m3n6l9bjdqiyz,1984,right side,,Abnormal Gait,stroke,"{'top': 21.85185185185185, 'left': 205.0701754385965, 'height': 327.1578947368421, 'width': 148.9298245614035}","{'height': 360, 'width': 640, 'mime_type': 'video/mp4'}",fbY4O04uunE,https://www.youtube.com/watch?v=fbY4O04uunE
clk6lbly5003m3n6l9bjdqiyz,1985,right side,,Abnormal Gait,stroke,"{'top': 21.88888888888889, 'left': 205.1578947368421, 'height': 327.1052631578947, 'width': 148.8421052631579}","{'height': 360, 'width': 640, 'mime_type': 'video/mp4'}",fbY4O04uunE,https://www.youtube.com/watch?v=fbY4O04uunE
clk6lbly5003m3n6l9bjdqiyz,1986,right side,,Abnormal Gait,stroke,"{'top': 21.925925925925924, 'left': 205.24561403508773, 'height': 327.0526315789474, 'width': 148.75438596491227}","{'height': 360, 'width': 640, 'mime_type': 'video/mp4'}",fbY4O04uunE,https://www.youtube.com/watch?v=fbY4O04uunE
clk6lbly5003m3n6l9bjdqiyz,1987,right side,,Abnormal Gait,stroke,"{'top': 21.962962962962962, 'left': 205.33333333333334, 'height': 327.0, 'width': 148.66666666666666}","{'height': 360, 'width': 640, 'mime_type': 'video/mp4'}",fbY4O04uunE,https://www.youtube.com/watch?v=fbY4O04uunE
clk6lbly5003m3n6l9bjdqiyz,1988,right side,,Abnormal Gait,stroke,"{'top': 22.0, 'left': 205.42105263157896, 'height': 326.94736842105266, 'width': 148.57894736842104}","{'height': 360, 'width': 640, 'mime_type': 'video/mp4'}",fbY4O04uunE,https://www.youtube.com/watch?v=fbY4O04uunE
clk6lbly5003m3n6l9bjdqiyz,1989,right side,,Abnormal Gait,stroke,"{'top': 22.037037037037038, 'left': 205.50877192982455, 'height': 326.8947368421053, 'width': 148.49122807017545}","{'height': 360, 'width': 640, 'mime_type': 'video/mp4'}",fbY4O04uunE,https://www.youtube.com/watch?v=fbY4O04uunE
clk6lbly5003m3n6l9bjdqiyz,1990,right side,,Abnormal Gait,stroke,"{'top': 22.074074074074073, 'left': 205.59649122807016, 'height': 326.8421052631579, 'width': 148.40350877192984}","{'height': 360, 'width': 640, 'mime_type': 'video/mp4'}",fbY4O04uunE,https://www.youtube.com/watch?v=fbY4O04uunE
clk6lbly5003m3n6l9bjdqiyz,1991,right side,,Abnormal Gait,stroke,"{'top': 22.11111111111111, 'left': 205.68421052631578, 'height': 326.7894736842106, 'width': 148.31578947368422}","{'height': 360, 'width': 640, 'mime_type': 'video/mp4'}",fbY4O04uunE,https://www.youtube.com/watch?v=fbY4O04uunE
clk6lbly5003m3n6l9bjdqiyz,1992,right side,,Abnormal Gait,stroke,"{'top': 22.148148148148145, 'left': 205.7719298245614, 'height': 326.7368421052632, 'width': 148.2280701754386}","{'height': 360, 'width': 640, 'mime_type': 'video/mp4'}",fbY4O04uunE,https://www.youtube.com/watch?v=fbY4O04uunE
clk6lbly5003m3n6l9bjdqiyz,1993,right side,,Abnormal Gait,stroke,"{'top': 22.185185185185183, 'left': 205.859649122807, 'height': 326.68421052631584, 'width': 148.140350877193}","{'height': 360, 'width': 640, 'mime_type': 'video/mp4'}",fbY4O04uunE,https://www.youtube.com/watch?v=fbY4O04uunE
clk6lbly5003m3n6l9bjdqiyz,1994,right side,,Abnormal Gait,stroke,"{'top': 22.22222222222222, 'left': 205.94736842105263, 'height': 326.63157894736844, 'width': 148.05263157894737}","{'height': 360, 'width': 640, 'mime_type': 'video/mp4'}",fbY4O04uunE,https://www.youtube.com/watch?v=fbY4O04uunE
clk6lbly5003m3n6l9bjdqiyz,1995,right side,,Abnormal Gait,stroke,"{'top': 22.25925925925926, 'left': 206.03508771929825, 'height': 326.5789473684211, 'width': 147.96491228070175}","{'height': 360, 'width': 640, 'mime_type': 'video/mp4'}",fbY4O04uunE,https://www.youtube.com/watch?v=fbY4O04uunE
clk6lbly5003m3n6l9bjdqiyz,1996,right side,,Abnormal Gait,stroke,"{'top': 22.296296296296298, 'left': 206.12280701754386, 'height': 326.5263157894737, 'width': 147.87719298245614}","{'height': 360, 'width': 640, 'mime_type': 'video/mp4'}",fbY4O04uunE,https://www.youtube.com/watch?v=fbY4O04uunE
clk6lbly5003m3n6l9bjdqiyz,1997,right side,,Abnormal Gait,stroke,"{'top': 22.333333333333336, 'left': 206.21052631578948, 'height': 326.47368421052636, 'width': 147.78947368421052}","{'height': 360, 'width': 640, 'mime_type': 'video/mp4'}",fbY4O04uunE,https://www.youtube.com/watch?v=fbY4O04uunE
clk6lbly5003m3n6l9bjdqiyz,1998,right side,,Abnormal Gait,stroke,"{'top': 22.37037037037037, 'left': 206.2982456140351, 'height': 326.42105263157896, 'width': 147.7017543859649}","{'height': 360, 'width': 640, 'mime_type': 'video/mp4'}",fbY4O04uunE,https://www.youtube.com/watch?v=fbY4O04uunE
clk6lbly5003m3n6l9bjdqiyz,1999,right side,,Abnormal Gait,stroke,"{'top': 22.40740740740741, 'left': 206.3859649122807, 'height': 326.3684210526316, 'width': 147.6140350877193}","{'height': 360, 'width': 640, 'mime_type': 'video/mp4'}",fbY4O04uunE,https://www.youtube.com/watch?v=fbY4O04uunE
clk6lbly5003m3n6l9bjdqiyz,2000,right side,,Abnormal Gait,stroke,"{'top': 22.444444444444443, 'left': 206.4736842105263, 'height': 326.3157894736842, 'width': 147.5263157894737}","{'height': 360, 'width': 640, 'mime_type': 'video/mp4'}",fbY4O04uunE,https://www.youtube.com/watch?v=fbY4O04uunE
clk6lbly5003m3n6l9bjdqiyz,2001,right side,,Abnormal Gait,stroke,"{'top': 22.48148148148148, 'left': 206.56140350877195, 'height': 326.2631578947369, 'width': 147.43859649122805}","{'height': 360, 'width': 640, 'mime_type': 'video/mp4'}",fbY4O04uunE,https://www.youtube.com/watch?v=fbY4O04uunE
clk6lbly5003m3n6l9bjdqiyz,2002,right side,,Abnormal Gait,stroke,"{'top': 22.51851851851852, 'left': 206.64912280701753, 'height': 326.2105263157895, 'width': 147.35087719298247}","{'height': 360, 'width': 640, 'mime_type': 'video/mp4'}",fbY4O04uunE,https://www.youtube.com/watch?v=fbY4O04uunE
clk6lbly5003m3n6l9bjdqiyz,2003,right side,,Abnormal Gait,stroke,"{'top': 22.555555555555557, 'left': 206.73684210526315, 'height': 326.15789473684214, 'width': 147.26315789473685}","{'height': 360, 'width': 640, 'mime_type': 'video/mp4'}",fbY4O04uunE,https://www.youtube.com/watch?v=fbY4O04uunE
clk6lbly5003m3n6l9bjdqiyz,2004,right side,,Abnormal Gait,stroke,"{'top': 22.59259259259259, 'left': 206.82456140350877, 'height': 326.10526315789474, 'width': 147.17543859649123}","{'height': 360, 'width': 640, 'mime_type': 'video/mp4'}",fbY4O04uunE,https://www.youtube.com/watch?v=fbY4O04uunE
clk6lbly5003m3n6l9bjdqiyz,2005,right side,,Abnormal Gait,stroke,"{'top': 22.62962962962963, 'left': 206.91228070175438, 'height': 326.0526315789474, 'width': 147.08771929824562}","{'height': 360, 'width': 640, 'mime_type': 'video/mp4'}",fbY4O04uunE,https://www.youtube.com/watch?v=fbY4O04uunE
clk6lbly5003m3n6l9bjdqiyz,2006,right side,,Abnormal Gait,stroke,"{'top': 22.666666666666664, 'left': 207.0, 'height': 326.0, 'width': 147.0}","{'height': 360, 'width': 640, 'mime_type': 'video/mp4'}",fbY4O04uunE,https://www.youtube.com/watch?v=fbY4O04uunE
clk6lbly5003m3n6l9bjdqiyz,2007,right side,,Abnormal Gait,stroke,"{'top': 22.703703703703702, 'left': 207.08771929824562, 'height': 325.94736842105266, 'width': 146.91228070175438}","{'height': 360, 'width': 640, 'mime_type': 'video/mp4'}",fbY4O04uunE,https://www.youtube.com/watch?v=fbY4O04uunE
clk6lbly5003m3n6l9bjdqiyz,2008,right side,,Abnormal Gait,stroke,"{'top': 22.74074074074074, 'left': 207.17543859649123, 'height': 325.89473684210526, 'width': 146.82456140350877}","{'height': 360, 'width': 640, 'mime_type': 'video/mp4'}",fbY4O04uunE,https://www.youtube.com/watch?v=fbY4O04uunE
clk6lbly5003m3n6l9bjdqiyz,2009,right side,,Abnormal Gait,stroke,"{'top': 22.77777777777778, 'left': 207.26315789473685, 'height': 325.8421052631579, 'width': 146.73684210526315}","{'height': 360, 'width': 640, 'mime_type': 'video/mp4'}",fbY4O04uunE,https://www.youtube.com/watch?v=fbY4O04uunE
clk6lbly5003m3n6l9bjdqiyz,2010,right side,,Abnormal Gait,stroke,"{'top': 22.814814814814817, 'left': 207.35087719298247, 'height': 325.7894736842105, 'width': 146.64912280701753}","{'height': 360, 'width': 640, 'mime_type': 'video/mp4'}",fbY4O04uunE,https://www.youtube.com/watch?v=fbY4O04uunE
clk6lbly5003m3n6l9bjdqiyz,2011,right side,,Abnormal Gait,stroke,"{'top': 22.851851851851855, 'left': 207.43859649122808, 'height': 325.7368421052632, 'width': 146.56140350877192}","{'height': 360, 'width': 640, 'mime_type': 'video/mp4'}",fbY4O04uunE,https://www.youtube.com/watch?v=fbY4O04uunE
clk6lbly5003m3n6l9bjdqiyz,2012,right side,,Abnormal Gait,stroke,"{'top': 22.888888888888886, 'left': 207.52631578947367, 'height': 325.68421052631584, 'width': 146.47368421052633}","{'height': 360, 'width': 640, 'mime_type': 'video/mp4'}",fbY4O04uunE,https://www.youtube.com/watch?v=fbY4O04uunE
clk6lbly5003m3n6l9bjdqiyz,2013,right side,,Abnormal Gait,stroke,"{'top': 22.925925925925924, 'left': 207.6140350877193, 'height': 325.63157894736844, 'width': 146.3859649122807}","{'height': 360, 'width': 640, 'mime_type': 'video/mp4'}",fbY4O04uunE,https://www.youtube.com/watch?v=fbY4O04uunE
clk6lbly5003m3n6l9bjdqiyz,2014,right side,,Abnormal Gait,stroke,"{'top': 22.962962962962962, 'left': 207.7017543859649, 'height': 325.57894736842104, 'width': 146.2982456140351}","{'height': 360, 'width': 640, 'mime_type': 'video/mp4'}",fbY4O04uunE,https://www.youtube.com/watch?v=fbY4O04uunE
clk6lbly5003m3n6l9bjdqiyz,2015,right side,,Abnormal Gait,stroke,"{'top': 23.0, 'left': 207.78947368421052, 'height': 325.5263157894737, 'width': 146.21052631578948}","{'height': 360, 'width': 640, 'mime_type': 'video/mp4'}",fbY4O04uunE,https://www.youtube.com/watch?v=fbY4O04uunE
clk6lbly5003m3n6l9bjdqiyz,2016,right side,,Abnormal Gait,stroke,"{'top': 23.037037037037038, 'left': 207.87719298245614, 'height': 325.47368421052636, 'width': 146.12280701754386}","{'height': 360, 'width': 640, 'mime_type': 'video/mp4'}",fbY4O04uunE,https://www.youtube.com/watch?v=fbY4O04uunE
clk6lbly5003m3n6l9bjdqiyz,2017,right side,,Abnormal Gait,stroke,"{'top': 23.074074074074076, 'left': 207.96491228070175, 'height': 325.42105263157896, 'width': 146.03508771929825}","{'height': 360, 'width': 640, 'mime_type': 'video/mp4'}",fbY4O04uunE,https://www.youtube.com/watch?v=fbY4O04uunE
clk6lbly5003m3n6l9bjdqiyz,2018,right side,,Abnormal Gait,stroke,"{'top': 23.11111111111111, 'left': 208.05263157894737, 'height': 325.3684210526316, 'width': 145.94736842105263}","{'height': 360, 'width': 640, 'mime_type': 'video/mp4'}",fbY4O04uunE,https://www.youtube.com/watch?v=fbY4O04uunE
clk6lbly5003m3n6l9bjdqiyz,2019,right side,,Abnormal Gait,stroke,"{'top': 23.14814814814815, 'left': 208.140350877193, 'height': 325.3157894736842, 'width': 145.859649122807}","{'height': 360, 'width': 640, 'mime_type': 'video/mp4'}",fbY4O04uunE,https://www.youtube.com/watch?v=fbY4O04uunE
clk6lbly5003m3n6l9bjdqiyz,2020,right side,,Abnormal Gait,stroke,"{'top': 23.185185185185183, 'left': 208.2280701754386, 'height': 325.2631578947369, 'width': 145.7719298245614}","{'height': 360, 'width': 640, 'mime_type': 'video/mp4'}",fbY4O04uunE,https://www.youtube.com/watch?v=fbY4O04uunE
clk6lbly5003m3n6l9bjdqiyz,2021,right side,,Abnormal Gait,stroke,"{'top': 23.22222222222222, 'left': 208.31578947368422, 'height': 325.2105263157895, 'width': 145.68421052631578}","{'height': 360, 'width': 640, 'mime_type': 'video/mp4'}",fbY4O04uunE,https://www.youtube.com/watch?v=fbY4O04uunE
clk6lbly5003m3n6l9bjdqiyz,2022,right side,,Abnormal Gait,stroke,"{'top': 23.25925925925926, 'left': 208.4035087719298, 'height': 325.15789473684214, 'width': 145.5964912280702}","{'height': 360, 'width': 640, 'mime_type': 'video/mp4'}",fbY4O04uunE,https://www.youtube.com/watch?v=fbY4O04uunE
clk6lbly5003m3n6l9bjdqiyz,2023,right side,,Abnormal Gait,stroke,"{'top': 23.296296296296298, 'left': 208.49122807017545, 'height': 325.10526315789474, 'width': 145.50877192982455}","{'height': 360, 'width': 640, 'mime_type': 'video/mp4'}",fbY4O04uunE,https://www.youtube.com/watch?v=fbY4O04uunE
clk6lbly5003m3n6l9bjdqiyz,2024,right side,,Abnormal Gait,stroke,"{'top': 23.333333333333332, 'left': 208.57894736842104, 'height': 325.0526315789474, 'width': 145.42105263157896}","{'height': 360, 'width': 640, 'mime_type': 'video/mp4'}",fbY4O04uunE,https://www.youtube.com/watch?v=fbY4O04uunE
clk6lbly5003m3n6l9bjdqiyz,2025,right side,,Abnormal Gait,stroke,"{'top': 23.37037037037037, 'left': 208.66666666666666, 'height': 325.0, 'width': 145.33333333333334}","{'height': 360, 'width': 640, 'mime_type': 'video/mp4'}",fbY4O04uunE,https://www.youtube.com/watch?v=fbY4O04uunE
clk6lbly5003m3n6l9bjdqiyz,2026,right side,,Abnormal Gait,stroke,"{'top': 23.407407407407405, 'left': 208.75438596491227, 'height': 324.94736842105266, 'width': 145.24561403508773}","{'height': 360, 'width': 640, 'mime_type': 'video/mp4'}",fbY4O04uunE,https://www.youtube.com/watch?v=fbY4O04uunE
clk6lbly5003m3n6l9bjdqiyz,2027,right side,,Abnormal Gait,stroke,"{'top': 23.444444444444443, 'left': 208.8421052631579, 'height': 324.89473684210526, 'width': 145.1578947368421}","{'height': 360, 'width': 640, 'mime_type': 'video/mp4'}",fbY4O04uunE,https://www.youtube.com/watch?v=fbY4O04uunE
clk6lbly5003m3n6l9bjdqiyz,2028,right side,,Abnormal Gait,stroke,"{'top': 23.48148148148148, 'left': 208.9298245614035, 'height': 324.8421052631579, 'width': 145.0701754385965}","{'height': 360, 'width': 640, 'mime_type': 'video/mp4'}",fbY4O04uunE,https://www.youtube.com/watch?v=fbY4O04uunE
clk6lbly5003m3n6l9bjdqiyz,2029,right side,,Abnormal Gait,stroke,"{'top': 23.51851851851852, 'left': 209.01754385964912, 'height': 324.7894736842105, 'width': 144.98245614035088}","{'height': 360, 'width': 640, 'mime_type': 'video/mp4'}",fbY4O04uunE,https://www.youtube.com/watch?v=fbY4O04uunE
clk6lbly5003m3n6l9bjdqiyz,2030,right side,,Abnormal Gait,stroke,"{'top': 23.555555555555557, 'left': 209.10526315789474, 'height': 324.7368421052632, 'width': 144.89473684210526}","{'height': 360, 'width': 640, 'mime_type': 'video/mp4'}",fbY4O04uunE,https://www.youtube.com/watch?v=fbY4O04uunE
clk6lbly5003m3n6l9bjdqiyz,2031,right side,,Abnormal Gait,stroke,"{'top': 23.592592592592595, 'left': 209.19298245614036, 'height': 324.6842105263158, 'width': 144.80701754385964}","{'height': 360, 'width': 640, 'mime_type': 'video/mp4'}",fbY4O04uunE,https://www.youtube.com/watch?v=fbY4O04uunE
clk6lbly5003m3n6l9bjdqiyz,2032,right side,,Abnormal Gait,stroke,"{'top': 23.62962962962963, 'left': 209.28070175438597, 'height': 324.63157894736844, 'width': 144.71929824561403}","{'height': 360, 'width': 640, 'mime_type': 'video/mp4'}",fbY4O04uunE,https://www.youtube.com/watch?v=fbY4O04uunE
clk6lbly5003m3n6l9bjdqiyz,2033,right side,,Abnormal Gait,stroke,"{'top': 23.666666666666668, 'left': 209.3684210526316, 'height': 324.57894736842104, 'width': 144.6315789473684}","{'height': 360, 'width': 640, 'mime_type': 'video/mp4'}",fbY4O04uunE,https://www.youtube.com/watch?v=fbY4O04uunE
clk6lbly5003m3n6l9bjdqiyz,2034,right side,,Abnormal Gait,stroke,"{'top': 23.703703703703702, 'left': 209.4561403508772, 'height': 324.5263157894737, 'width': 144.5438596491228}","{'height': 360, 'width': 640, 'mime_type': 'video/mp4'}",fbY4O04uunE,https://www.youtube.com/watch?v=fbY4O04uunE
clk6lbly5003m3n6l9bjdqiyz,2035,right side,,Abnormal Gait,stroke,"{'top': 23.74074074074074, 'left': 209.5438596491228, 'height': 324.4736842105263, 'width': 144.4561403508772}","{'height': 360, 'width': 640, 'mime_type': 'video/mp4'}",fbY4O04uunE,https://www.youtube.com/watch?v=fbY4O04uunE
clk6lbly5003m3n6l9bjdqiyz,2036,right side,,Abnormal Gait,stroke,"{'top': 23.77777777777778, 'left': 209.6315789473684, 'height': 324.42105263157896, 'width': 144.3684210526316}","{'height': 360, 'width': 640, 'mime_type': 'video/mp4'}",fbY4O04uunE,https://www.youtube.com/watch?v=fbY4O04uunE
clk6lbly5003m3n6l9bjdqiyz,2037,right side,,Abnormal Gait,stroke,"{'top': 23.814814814814817, 'left': 209.71929824561403, 'height': 324.36842105263156, 'width': 144.28070175438597}","{'height': 360, 'width': 640, 'mime_type': 'video/mp4'}",fbY4O04uunE,https://www.youtube.com/watch?v=fbY4O04uunE
clk6lbly5003m3n6l9bjdqiyz,2038,right side,,Abnormal Gait,stroke,"{'top': 23.85185185185185, 'left': 209.80701754385964, 'height': 324.3157894736842, 'width': 144.19298245614036}","{'height': 360, 'width': 640, 'mime_type': 'video/mp4'}",fbY4O04uunE,https://www.youtube.com/watch?v=fbY4O04uunE
clk6lbly5003m3n6l9bjdqiyz,2039,right side,,Abnormal Gait,stroke,"{'top': 23.88888888888889, 'left': 209.89473684210526, 'height': 324.2631578947368, 'width': 144.10526315789474}","{'height': 360, 'width': 640, 'mime_type': 'video/mp4'}",fbY4O04uunE,https://www.youtube.com/watch?v=fbY4O04uunE
clk6lbly5003m3n6l9bjdqiyz,2040,right side,,Abnormal Gait,stroke,"{'top': 23.925925925925924, 'left': 209.98245614035088, 'height': 324.2105263157895, 'width': 144.01754385964912}","{'height': 360, 'width': 640, 'mime_type': 'video/mp4'}",fbY4O04uunE,https://www.youtube.com/watch?v=fbY4O04uunE
clk6lbly5003m3n6l9bjdqiyz,2041,right side,,Abnormal Gait,stroke,"{'top': 23.962962962962962, 'left': 210.0701754385965, 'height': 324.1578947368421, 'width': 143.9298245614035}","{'height': 360, 'width': 640, 'mime_type': 'video/mp4'}",fbY4O04uunE,https://www.youtube.com/watch?v=fbY4O04uunE
clk6lbly5003m3n6l9bjdqiyz,2042,right side,,Abnormal Gait,stroke,"{'top': 24.0, 'left': 210.1578947368421, 'height': 324.10526315789474, 'width': 143.8421052631579}","{'height': 360, 'width': 640, 'mime_type': 'video/mp4'}",fbY4O04uunE,https://www.youtube.com/watch?v=fbY4O04uunE
clk6lbly5003m3n6l9bjdqiyz,2043,right side,,Abnormal Gait,stroke,"{'top': 24.037037037037038, 'left': 210.24561403508773, 'height': 324.0526315789474, 'width': 143.75438596491227}","{'height': 360, 'width': 640, 'mime_type': 'video/mp4'}",fbY4O04uunE,https://www.youtube.com/watch?v=fbY4O04uunE
clk6lbly5003m3n6l9bjdqiyz,2044,right side,,Abnormal Gait,stroke,"{'top': 24.074074074074073, 'left': 210.33333333333331, 'height': 324.0, 'width': 143.66666666666669}","{'height': 360, 'width': 640, 'mime_type': 'video/mp4'}",fbY4O04uunE,https://www.youtube.com/watch?v=fbY4O04uunE
clk6lbly5003m3n6l9bjdqiyz,2045,right side,,Abnormal Gait,stroke,"{'top': 24.11111111111111, 'left': 210.42105263157896, 'height': 323.94736842105266, 'width': 143.57894736842104}","{'height': 360, 'width': 640, 'mime_type': 'video/mp4'}",fbY4O04uunE,https://www.youtube.com/watch?v=fbY4O04uunE
clk6lbly5003m3n6l9bjdqiyz,2046,right side,,Abnormal Gait,stroke,"{'top': 24.148148148148145, 'left': 210.50877192982455, 'height': 323.89473684210526, 'width': 143.49122807017545}","{'height': 360, 'width': 640, 'mime_type': 'video/mp4'}",fbY4O04uunE,https://www.youtube.com/watch?v=fbY4O04uunE
clk6lbly5003m3n6l9bjdqiyz,2047,right side,,Abnormal Gait,stroke,"{'top': 24.185185185185183, 'left': 210.5964912280702, 'height': 323.8421052631579, 'width': 143.4035087719298}","{'height': 360, 'width': 640, 'mime_type': 'video/mp4'}",fbY4O04uunE,https://www.youtube.com/watch?v=fbY4O04uunE
clk6lbly5003m3n6l9bjdqiyz,2048,right side,,Abnormal Gait,stroke,"{'top': 24.22222222222222, 'left': 210.68421052631578, 'height': 323.7894736842105, 'width': 143.31578947368422}","{'height': 360, 'width': 640, 'mime_type': 'video/mp4'}",fbY4O04uunE,https://www.youtube.com/watch?v=fbY4O04uunE
clk6lbly5003m3n6l9bjdqiyz,2049,right side,,Abnormal Gait,stroke,"{'top': 24.25925925925926, 'left': 210.7719298245614, 'height': 323.7368421052632, 'width': 143.2280701754386}","{'height': 360, 'width': 640, 'mime_type': 'video/mp4'}",fbY4O04uunE,https://www.youtube.com/watch?v=fbY4O04uunE
clk6lbly5003m3n6l9bjdqiyz,2050,right side,,Abnormal Gait,stroke,"{'top': 24.296296296296298, 'left': 210.859649122807, 'height': 323.6842105263158, 'width': 143.140350877193}","{'height': 360, 'width': 640, 'mime_type': 'video/mp4'}",fbY4O04uunE,https://www.youtube.com/watch?v=fbY4O04uunE
clk6lbly5003m3n6l9bjdqiyz,2051,right side,,Abnormal Gait,stroke,"{'top': 24.333333333333336, 'left': 210.94736842105263, 'height': 323.63157894736844, 'width': 143.05263157894737}","{'height': 360, 'width': 640, 'mime_type': 'video/mp4'}",fbY4O04uunE,https://www.youtube.com/watch?v=fbY4O04uunE
clk6lbly5003m3n6l9bjdqiyz,2052,right side,,Abnormal Gait,stroke,"{'top': 24.37037037037037, 'left': 211.03508771929825, 'height': 323.57894736842104, 'width': 142.96491228070175}","{'height': 360, 'width': 640, 'mime_type': 'video/mp4'}",fbY4O04uunE,https://www.youtube.com/watch?v=fbY4O04uunE
clk6lbly5003m3n6l9bjdqiyz,2053,right side,,Abnormal Gait,stroke,"{'top': 24.40740740740741, 'left': 211.12280701754386, 'height': 323.5263157894737, 'width': 142.87719298245614}","{'height': 360, 'width': 640, 'mime_type': 'video/mp4'}",fbY4O04uunE,https://www.youtube.com/watch?v=fbY4O04uunE
clk6lbly5003m3n6l9bjdqiyz,2054,right side,,Abnormal Gait,stroke,"{'top': 24.444444444444443, 'left': 211.21052631578948, 'height': 323.4736842105263, 'width': 142.78947368421052}","{'height': 360, 'width': 640, 'mime_type': 'video/mp4'}",fbY4O04uunE,https://www.youtube.com/watch?v=fbY4O04uunE
clk6lbly5003m3n6l9bjdqiyz,2055,right side,,Abnormal Gait,stroke,"{'top': 24.48148148148148, 'left': 211.2982456140351, 'height': 323.42105263157896, 'width': 142.7017543859649}","{'height': 360, 'width': 640, 'mime_type': 'video/mp4'}",fbY4O04uunE,https://www.youtube.com/watch?v=fbY4O04uunE
clk6lbly5003m3n6l9bjdqiyz,2056,right side,,Abnormal Gait,stroke,"{'top': 24.51851851851852, 'left': 211.3859649122807, 'height': 323.36842105263156, 'width': 142.6140350877193}","{'height': 360, 'width': 640, 'mime_type': 'video/mp4'}",fbY4O04uunE,https://www.youtube.com/watch?v=fbY4O04uunE
clk6lbly5003m3n6l9bjdqiyz,2057,right side,,Abnormal Gait,stroke,"{'top': 24.555555555555557, 'left': 211.4736842105263, 'height': 323.3157894736842, 'width': 142.5263157894737}","{'height': 360, 'width': 640, 'mime_type': 'video/mp4'}",fbY4O04uunE,https://www.youtube.com/watch?v=fbY4O04uunE
clk6lbly5003m3n6l9bjdqiyz,2058,right side,,Abnormal Gait,stroke,"{'top': 24.59259259259259, 'left': 211.56140350877192, 'height': 323.2631578947368, 'width': 142.43859649122808}","{'height': 360, 'width': 640, 'mime_type': 'video/mp4'}",fbY4O04uunE,https://www.youtube.com/watch?v=fbY4O04uunE
clk6lbly5003m3n6l9bjdqiyz,2059,right side,,Abnormal Gait,stroke,"{'top': 24.62962962962963, 'left': 211.64912280701753, 'height': 323.2105263157895, 'width': 142.35087719298247}","{'height': 360, 'width': 640, 'mime_type': 'video/mp4'}",fbY4O04uunE,https://www.youtube.com/watch?v=fbY4O04uunE
clk6lbly5003m3n6l9bjdqiyz,2060,right side,,Abnormal Gait,stroke,"{'top': 24.666666666666664, 'left': 211.73684210526315, 'height': 323.1578947368421, 'width': 142.26315789473685}","{'height': 360, 'width': 640, 'mime_type': 'video/mp4'}",fbY4O04uunE,https://www.youtube.com/watch?v=fbY4O04uunE
clk6lbly5003m3n6l9bjdqiyz,2061,right side,,Abnormal Gait,stroke,"{'top': 24.703703703703702, 'left': 211.82456140350877, 'height': 323.10526315789474, 'width': 142.17543859649123}","{'height': 360, 'width': 640, 'mime_type': 'video/mp4'}",fbY4O04uunE,https://www.youtube.com/watch?v=fbY4O04uunE
clk6lbly5003m3n6l9bjdqiyz,2062,right side,,Abnormal Gait,stroke,"{'top': 24.74074074074074, 'left': 211.91228070175438, 'height': 323.05263157894734, 'width': 142.08771929824562}","{'height': 360, 'width': 640, 'mime_type': 'video/mp4'}",fbY4O04uunE,https://www.youtube.com/watch?v=fbY4O04uunE
clk6lbly5003m3n6l9bjdqiyz,2063,right side,,Abnormal Gait,stroke,"{'top': 24.77777777777778, 'left': 212.0, 'height': 323.0, 'width': 142.0}","{'height': 360, 'width': 640, 'mime_type': 'video/mp4'}",fbY4O04uunE,https://www.youtube.com/watch?v=fbY4O04uunE
clk6lbly5003m3n6l9bjdqiyz,2064,right side,,Abnormal Gait,stroke,"{'top': 24.814814814814813, 'left': 212.08771929824562, 'height': 322.9473684210526, 'width': 141.91228070175438}","{'height': 360, 'width': 640, 'mime_type': 'video/mp4'}",fbY4O04uunE,https://www.youtube.com/watch?v=fbY4O04uunE
clk6lbly5003m3n6l9bjdqiyz,2065,right side,,Abnormal Gait,stroke,"{'top': 24.85185185185185, 'left': 212.17543859649123, 'height': 322.89473684210526, 'width': 141.82456140350877}","{'height': 360, 'width': 640, 'mime_type': 'video/mp4'}",fbY4O04uunE,https://www.youtube.com/watch?v=fbY4O04uunE
clk6lbly5003m3n6l9bjdqiyz,2066,right side,,Abnormal Gait,stroke,"{'top': 24.888888888888886, 'left': 212.26315789473685, 'height': 322.8421052631579, 'width': 141.73684210526315}","{'height': 360, 'width': 640, 'mime_type': 'video/mp4'}",fbY4O04uunE,https://www.youtube.com/watch?v=fbY4O04uunE
clk6lbly5003m3n6l9bjdqiyz,2067,right side,,Abnormal Gait,stroke,"{'top': 24.925925925925924, 'left': 212.35087719298247, 'height': 322.7894736842105, 'width': 141.64912280701753}","{'height': 360, 'width': 640, 'mime_type': 'video/mp4'}",fbY4O04uunE,https://www.youtube.com/watch?v=fbY4O04uunE
clk6lbly5003m3n6l9bjdqiyz,2068,right side,,Abnormal Gait,stroke,"{'top': 24.962962962962962, 'left': 212.43859649122805, 'height': 322.7368421052631, 'width': 141.56140350877195}","{'height': 360, 'width': 640, 'mime_type': 'video/mp4'}",fbY4O04uunE,https://www.youtube.com/watch?v=fbY4O04uunE
clk6lbly5003m3n6l9bjdqiyz,2069,right side,,Abnormal Gait,stroke,"{'top': 25.0, 'left': 212.5263157894737, 'height': 322.6842105263158, 'width': 141.4736842105263}","{'height': 360, 'width': 640, 'mime_type': 'video/mp4'}",fbY4O04uunE,https://www.youtube.com/watch?v=fbY4O04uunE
clk6lbly5003m3n6l9bjdqiyz,2070,right side,,Abnormal Gait,stroke,"{'top': 25.037037037037038, 'left': 212.6140350877193, 'height': 322.63157894736844, 'width': 141.3859649122807}","{'height': 360, 'width': 640, 'mime_type': 'video/mp4'}",fbY4O04uunE,https://www.youtube.com/watch?v=fbY4O04uunE
clk6lbly5003m3n6l9bjdqiyz,2071,right side,,Abnormal Gait,stroke,"{'top': 25.074074074074076, 'left': 212.7017543859649, 'height': 322.57894736842104, 'width': 141.2982456140351}","{'height': 360, 'width': 640, 'mime_type': 'video/mp4'}",fbY4O04uunE,https://www.youtube.com/watch?v=fbY4O04uunE
clk6lbly5003m3n6l9bjdqiyz,2072,right side,,Abnormal Gait,stroke,"{'top': 25.11111111111111, 'left': 212.78947368421052, 'height': 322.5263157894737, 'width': 141.21052631578948}","{'height': 360, 'width': 640, 'mime_type': 'video/mp4'}",fbY4O04uunE,https://www.youtube.com/watch?v=fbY4O04uunE
clk6lbly5003m3n6l9bjdqiyz,2073,right side,,Abnormal Gait,stroke,"{'top': 25.14814814814815, 'left': 212.87719298245614, 'height': 322.4736842105263, 'width': 141.12280701754386}","{'height': 360, 'width': 640, 'mime_type': 'video/mp4'}",fbY4O04uunE,https://www.youtube.com/watch?v=fbY4O04uunE
clk6lbly5003m3n6l9bjdqiyz,2074,right side,,Abnormal Gait,stroke,"{'top': 25.185185185185183, 'left': 212.96491228070175, 'height': 322.42105263157896, 'width': 141.03508771929825}","{'height': 360, 'width': 640, 'mime_type': 'video/mp4'}",fbY4O04uunE,https://www.youtube.com/watch?v=fbY4O04uunE
clk6lbly5003m3n6l9bjdqiyz,2075,right side,,Abnormal Gait,stroke,"{'top': 25.22222222222222, 'left': 213.05263157894737, 'height': 322.36842105263156, 'width': 140.94736842105263}","{'height': 360, 'width': 640, 'mime_type': 'video/mp4'}",fbY4O04uunE,https://www.youtube.com/watch?v=fbY4O04uunE
clk6lbly5003m3n6l9bjdqiyz,2076,right side,,Abnormal Gait,stroke,"{'top': 25.25925925925926, 'left': 213.140350877193, 'height': 322.3157894736842, 'width': 140.859649122807}","{'height': 360, 'width': 640, 'mime_type': 'video/mp4'}",fbY4O04uunE,https://www.youtube.com/watch?v=fbY4O04uunE
clk6lbly5003m3n6l9bjdqiyz,2077,right side,,Abnormal Gait,stroke,"{'top': 25.296296296296298, 'left': 213.2280701754386, 'height': 322.2631578947368, 'width': 140.7719298245614}","{'height': 360, 'width': 640, 'mime_type': 'video/mp4'}",fbY4O04uunE,https://www.youtube.com/watch?v=fbY4O04uunE
clk6lbly5003m3n6l9bjdqiyz,2078,right side,,Abnormal Gait,stroke,"{'top': 25.333333333333332, 'left': 213.31578947368422, 'height': 322.2105263157895, 'width': 140.68421052631578}","{'height': 360, 'width': 640, 'mime_type': 'video/mp4'}",fbY4O04uunE,https://www.youtube.com/watch?v=fbY4O04uunE
clk6lbly5003m3n6l9bjdqiyz,2079,right side,,Abnormal Gait,stroke,"{'top': 25.37037037037037, 'left': 213.4035087719298, 'height': 322.1578947368421, 'width': 140.5964912280702}","{'height': 360, 'width': 640, 'mime_type': 'video/mp4'}",fbY4O04uunE,https://www.youtube.com/watch?v=fbY4O04uunE
clk6lbly5003m3n6l9bjdqiyz,2080,right side,,Abnormal Gait,stroke,"{'top': 25.407407407407405, 'left': 213.49122807017545, 'height': 322.10526315789474, 'width': 140.50877192982455}","{'height': 360, 'width': 640, 'mime_type': 'video/mp4'}",fbY4O04uunE,https://www.youtube.com/watch?v=fbY4O04uunE
clk6lbly5003m3n6l9bjdqiyz,2081,right side,,Abnormal Gait,stroke,"{'top': 25.444444444444443, 'left': 213.57894736842104, 'height': 322.05263157894734, 'width': 140.42105263157896}","{'height': 360, 'width': 640, 'mime_type': 'video/mp4'}",fbY4O04uunE,https://www.youtube.com/watch?v=fbY4O04uunE
clk6lbly5003m3n6l9bjdqiyz,2082,right side,,Abnormal Gait,stroke,"{'top': 25.48148148148148, 'left': 213.66666666666666, 'height': 322.0, 'width': 140.33333333333334}","{'height': 360, 'width': 640, 'mime_type': 'video/mp4'}",fbY4O04uunE,https://www.youtube.com/watch?v=fbY4O04uunE
clk6lbly5003m3n6l9bjdqiyz,2083,right side,,Abnormal Gait,stroke,"{'top': 25.51851851851852, 'left': 213.75438596491227, 'height': 321.9473684210526, 'width': 140.24561403508773}","{'height': 360, 'width': 640, 'mime_type': 'video/mp4'}",fbY4O04uunE,https://www.youtube.com/watch?v=fbY4O04uunE
clk6lbly5003m3n6l9bjdqiyz,2084,right side,,Abnormal Gait,stroke,"{'top': 25.555555555555557, 'left': 213.8421052631579, 'height': 321.89473684210526, 'width': 140.1578947368421}","{'height': 360, 'width': 640, 'mime_type': 'video/mp4'}",fbY4O04uunE,https://www.youtube.com/watch?v=fbY4O04uunE
clk6lbly5003m3n6l9bjdqiyz,2085,right side,,Abnormal Gait,stroke,"{'top': 25.592592592592595, 'left': 213.9298245614035, 'height': 321.84210526315786, 'width': 140.0701754385965}","{'height': 360, 'width': 640, 'mime_type': 'video/mp4'}",fbY4O04uunE,https://www.youtube.com/watch?v=fbY4O04uunE
clk6lbly5003m3n6l9bjdqiyz,2086,right side,,Abnormal Gait,stroke,"{'top': 25.629629629629626, 'left': 214.01754385964912, 'height': 321.7894736842105, 'width': 139.98245614035088}","{'height': 360, 'width': 640, 'mime_type': 'video/mp4'}",fbY4O04uunE,https://www.youtube.com/watch?v=fbY4O04uunE
clk6lbly5003m3n6l9bjdqiyz,2087,right side,,Abnormal Gait,stroke,"{'top': 25.666666666666664, 'left': 214.10526315789474, 'height': 321.7368421052631, 'width': 139.89473684210526}","{'height': 360, 'width': 640, 'mime_type': 'video/mp4'}",fbY4O04uunE,https://www.youtube.com/watch?v=fbY4O04uunE
clk6lbly5003m3n6l9bjdqiyz,2088,right side,,Abnormal Gait,stroke,"{'top': 25.703703703703702, 'left': 214.19298245614036, 'height': 321.6842105263158, 'width': 139.80701754385964}","{'height': 360, 'width': 640, 'mime_type': 'video/mp4'}",fbY4O04uunE,https://www.youtube.com/watch?v=fbY4O04uunE
clk6lbly5003m3n6l9bjdqiyz,2089,right side,,Abnormal Gait,stroke,"{'top': 25.74074074074074, 'left': 214.28070175438597, 'height': 321.6315789473684, 'width': 139.71929824561403}","{'height': 360, 'width': 640, 'mime_type': 'video/mp4'}",fbY4O04uunE,https://www.youtube.com/watch?v=fbY4O04uunE
clk6lbly5003m3n6l9bjdqiyz,2090,right side,,Abnormal Gait,stroke,"{'top': 25.77777777777778, 'left': 214.36842105263156, 'height': 321.57894736842104, 'width': 139.63157894736844}","{'height': 360, 'width': 640, 'mime_type': 'video/mp4'}",fbY4O04uunE,https://www.youtube.com/watch?v=fbY4O04uunE
clk6lbly5003m3n6l9bjdqiyz,2091,right side,,Abnormal Gait,stroke,"{'top': 25.814814814814817, 'left': 214.4561403508772, 'height': 321.52631578947364, 'width': 139.5438596491228}","{'height': 360, 'width': 640, 'mime_type': 'video/mp4'}",fbY4O04uunE,https://www.youtube.com/watch?v=fbY4O04uunE
clk6lbly5003m3n6l9bjdqiyz,2092,right side,,Abnormal Gait,stroke,"{'top': 25.85185185185185, 'left': 214.5438596491228, 'height': 321.4736842105263, 'width': 139.4561403508772}","{'height': 360, 'width': 640, 'mime_type': 'video/mp4'}",fbY4O04uunE,https://www.youtube.com/watch?v=fbY4O04uunE
clk6lbly5003m3n6l9bjdqiyz,2093,right side,,Abnormal Gait,stroke,"{'top': 25.88888888888889, 'left': 214.63157894736844, 'height': 321.4210526315789, 'width': 139.36842105263156}","{'height': 360, 'width': 640, 'mime_type': 'video/mp4'}",fbY4O04uunE,https://www.youtube.com/watch?v=fbY4O04uunE
clk6lbly5003m3n6l9bjdqiyz,2094,right side,,Abnormal Gait,stroke,"{'top': 25.925925925925924, 'left': 214.71929824561403, 'height': 321.36842105263156, 'width': 139.28070175438597}","{'height': 360, 'width': 640, 'mime_type': 'video/mp4'}",fbY4O04uunE,https://www.youtube.com/watch?v=fbY4O04uunE
clk6lbly5003m3n6l9bjdqiyz,2095,right side,,Abnormal Gait,stroke,"{'top': 25.962962962962962, 'left': 214.80701754385964, 'height': 321.31578947368416, 'width': 139.19298245614036}","{'height': 360, 'width': 640, 'mime_type': 'video/mp4'}",fbY4O04uunE,https://www.youtube.com/watch?v=fbY4O04uunE
clk6lbly5003m3n6l9bjdqiyz,2096,right side,,Abnormal Gait,stroke,"{'top': 26.0, 'left': 214.89473684210526, 'height': 321.2631578947368, 'width': 139.10526315789474}","{'height': 360, 'width': 640, 'mime_type': 'video/mp4'}",fbY4O04uunE,https://www.youtube.com/watch?v=fbY4O04uunE
clk6lbly5003m3n6l9bjdqiyz,2097,right side,,Abnormal Gait,stroke,"{'top': 26.037037037037038, 'left': 214.98245614035088, 'height': 321.2105263157895, 'width': 139.01754385964912}","{'height': 360, 'width': 640, 'mime_type': 'video/mp4'}",fbY4O04uunE,https://www.youtube.com/watch?v=fbY4O04uunE
clk6lbly5003m3n6l9bjdqiyz,2098,right side,,Abnormal Gait,stroke,"{'top': 26.074074074074073, 'left': 215.0701754385965, 'height': 321.1578947368421, 'width': 138.9298245614035}","{'height': 360, 'width': 640, 'mime_type': 'video/mp4'}",fbY4O04uunE,https://www.youtube.com/watch?v=fbY4O04uunE
clk6lbly5003m3n6l9bjdqiyz,2099,right side,,Abnormal Gait,stroke,"{'top': 26.11111111111111, 'left': 215.1578947368421, 'height': 321.10526315789474, 'width': 138.8421052631579}","{'height': 360, 'width': 640, 'mime_type': 'video/mp4'}",fbY4O04uunE,https://www.youtube.com/watch?v=fbY4O04uunE
clk6lbly5003m3n6l9bjdqiyz,2100,right side,,Abnormal Gait,stroke,"{'top': 26.14814814814815, 'left': 215.24561403508773, 'height': 321.05263157894734, 'width': 138.75438596491227}","{'height': 360, 'width': 640, 'mime_type': 'video/mp4'}",fbY4O04uunE,https://www.youtube.com/watch?v=fbY4O04uunE
clk6lbly5003m3n6l9bjdqiyz,2101,right side,,Abnormal Gait,stroke,"{'top': 26.185185185185187, 'left': 215.33333333333334, 'height': 321.0, 'width': 138.66666666666666}","{'height': 360, 'width': 640, 'mime_type': 'video/mp4'}",fbY4O04uunE,https://www.youtube.com/watch?v=fbY4O04uunE
clk6lbly5003m3n6l9bjdqiyz,2102,right side,,Abnormal Gait,stroke,"{'top': 26.22222222222222, 'left': 215.42105263157896, 'height': 320.9473684210526, 'width': 138.57894736842104}","{'height': 360, 'width': 640, 'mime_type': 'video/mp4'}",fbY4O04uunE,https://www.youtube.com/watch?v=fbY4O04uunE
clk6lbly5003m3n6l9bjdqiyz,2103,right side,,Abnormal Gait,stroke,"{'top': 26.25925925925926, 'left': 215.50877192982455, 'height': 320.89473684210526, 'width': 138.49122807017545}","{'height': 360, 'width': 640, 'mime_type': 'video/mp4'}",fbY4O04uunE,https://www.youtube.com/watch?v=fbY4O04uunE
clk6lbly5003m3n6l9bjdqiyz,2104,right side,,Abnormal Gait,stroke,"{'top': 26.296296296296294, 'left': 215.59649122807016, 'height': 320.84210526315786, 'width': 138.40350877192984}","{'height': 360, 'width': 640, 'mime_type': 'video/mp4'}",fbY4O04uunE,https://www.youtube.com/watch?v=fbY4O04uunE
clk6lbly5003m3n6l9bjdqiyz,2105,right side,,Abnormal Gait,stroke,"{'top': 26.333333333333332, 'left': 215.68421052631578, 'height': 320.7894736842105, 'width': 138.31578947368422}","{'height': 360, 'width': 640, 'mime_type': 'video/mp4'}",fbY4O04uunE,https://www.youtube.com/watch?v=fbY4O04uunE
clk6lbly5003m3n6l9bjdqiyz,2106,right side,,Abnormal Gait,stroke,"{'top': 26.37037037037037, 'left': 215.7719298245614, 'height': 320.7368421052631, 'width': 138.2280701754386}","{'height': 360, 'width': 640, 'mime_type': 'video/mp4'}",fbY4O04uunE,https://www.youtube.com/watch?v=fbY4O04uunE
clk6lbly5003m3n6l9bjdqiyz,2107,right side,,Abnormal Gait,stroke,"{'top': 26.40740740740741, 'left': 215.859649122807, 'height': 320.6842105263158, 'width': 138.140350877193}","{'height': 360, 'width': 640, 'mime_type': 'video/mp4'}",fbY4O04uunE,https://www.youtube.com/watch?v=fbY4O04uunE
clk6lbly5003m3n6l9bjdqiyz,2108,right side,,Abnormal Gait,stroke,"{'top': 26.444444444444443, 'left': 215.94736842105263, 'height': 320.6315789473684, 'width': 138.05263157894737}","{'height': 360, 'width': 640, 'mime_type': 'video/mp4'}",fbY4O04uunE,https://www.youtube.com/watch?v=fbY4O04uunE
clk6lbly5003m3n6l9bjdqiyz,2109,right side,,Abnormal Gait,stroke,"{'top': 26.48148148148148, 'left': 216.03508771929825, 'height': 320.57894736842104, 'width': 137.96491228070175}","{'height': 360, 'width': 640, 'mime_type': 'video/mp4'}",fbY4O04uunE,https://www.youtube.com/watch?v=fbY4O04uunE
clk6lbly5003m3n6l9bjdqiyz,2110,right side,,Abnormal Gait,stroke,"{'top': 26.51851851851852, 'left': 216.12280701754386, 'height': 320.52631578947364, 'width': 137.87719298245614}","{'height': 360, 'width': 640, 'mime_type': 'video/mp4'}",fbY4O04uunE,https://www.youtube.com/watch?v=fbY4O04uunE
clk6lbly5003m3n6l9bjdqiyz,2111,right side,,Abnormal Gait,stroke,"{'top': 26.555555555555557, 'left': 216.21052631578948, 'height': 320.4736842105263, 'width': 137.78947368421052}","{'height': 360, 'width': 640, 'mime_type': 'video/mp4'}",fbY4O04uunE,https://www.youtube.com/watch?v=fbY4O04uunE
clk6lbly5003m3n6l9bjdqiyz,2112,right side,,Abnormal Gait,stroke,"{'top': 26.59259259259259, 'left': 216.29824561403507, 'height': 320.42105263157896, 'width': 137.70175438596493}","{'height': 360, 'width': 640, 'mime_type': 'video/mp4'}",fbY4O04uunE,https://www.youtube.com/watch?v=fbY4O04uunE
clk6lbly5003m3n6l9bjdqiyz,2113,right side,,Abnormal Gait,stroke,"{'top': 26.62962962962963, 'left': 216.3859649122807, 'height': 320.3684210526316, 'width': 137.6140350877193}","{'height': 360, 'width': 640, 'mime_type': 'video/mp4'}",fbY4O04uunE,https://www.youtube.com/watch?v=fbY4O04uunE
clk6lbly5003m3n6l9bjdqiyz,2114,right side,,Abnormal Gait,stroke,"{'top': 26.666666666666664, 'left': 216.4736842105263, 'height': 320.3157894736842, 'width': 137.5263157894737}","{'height': 360, 'width': 640, 'mime_type': 'video/mp4'}",fbY4O04uunE,https://www.youtube.com/watch?v=fbY4O04uunE
clk6lbly5003m3n6l9bjdqiyz,2115,right side,,Abnormal Gait,stroke,"{'top': 26.703703703703702, 'left': 216.56140350877195, 'height': 320.2631578947369, 'width': 137.43859649122805}","{'height': 360, 'width': 640, 'mime_type': 'video/mp4'}",fbY4O04uunE,https://www.youtube.com/watch?v=fbY4O04uunE
clk6lbly5003m3n6l9bjdqiyz,2116,right side,,Abnormal Gait,stroke,"{'top': 26.74074074074074, 'left': 216.64912280701753, 'height': 320.2105263157895, 'width': 137.35087719298247}","{'height': 360, 'width': 640, 'mime_type': 'video/mp4'}",fbY4O04uunE,https://www.youtube.com/watch?v=fbY4O04uunE
clk6lbly5003m3n6l9bjdqiyz,2117,right side,,Abnormal Gait,stroke,"{'top': 26.77777777777778, 'left': 216.73684210526315, 'height': 320.15789473684214, 'width': 137.26315789473685}","{'height': 360, 'width': 640, 'mime_type': 'video/mp4'}",fbY4O04uunE,https://www.youtube.com/watch?v=fbY4O04uunE
clk6lbly5003m3n6l9bjdqiyz,2118,right side,,Abnormal Gait,stroke,"{'top': 26.814814814814813, 'left': 216.82456140350877, 'height': 320.10526315789474, 'width': 137.17543859649123}","{'height': 360, 'width': 640, 'mime_type': 'video/mp4'}",fbY4O04uunE,https://www.youtube.com/watch?v=fbY4O04uunE
clk6lbly5003m3n6l9bjdqiyz,2119,right side,,Abnormal Gait,stroke,"{'top': 26.85185185185185, 'left': 216.91228070175438, 'height': 320.0526315789474, 'width': 137.08771929824562}","{'height': 360, 'width': 640, 'mime_type': 'video/mp4'}",fbY4O04uunE,https://www.youtube.com/watch?v=fbY4O04uunE
clk6lbly5003m3n6l9bjdqiyz,2120,right side,,Abnormal Gait,stroke,"{'top': 26.88888888888889, 'left': 217.0, 'height': 320.0, 'width': 137.0}","{'height': 360, 'width': 640, 'mime_type': 'video/mp4'}",fbY4O04uunE,https://www.youtube.com/watch?v=fbY4O04uunE
clk6lbly5003m3n6l9bjdqiyz,2121,right side,,Abnormal Gait,stroke,"{'top': 26.925925925925927, 'left': 217.08771929824562, 'height': 319.94736842105266, 'width': 136.91228070175438}","{'height': 360, 'width': 640, 'mime_type': 'video/mp4'}",fbY4O04uunE,https://www.youtube.com/watch?v=fbY4O04uunE
clk6lbly5003m3n6l9bjdqiyz,2122,right side,,Abnormal Gait,stroke,"{'top': 26.962962962962962, 'left': 217.17543859649123, 'height': 319.8947368421053, 'width': 136.82456140350877}","{'height': 360, 'width': 640, 'mime_type': 'video/mp4'}",fbY4O04uunE,https://www.youtube.com/watch?v=fbY4O04uunE
clk6lbly5003m3n6l9bjdqiyz,2123,right side,,Abnormal Gait,stroke,"{'top': 27.0, 'left': 217.26315789473685, 'height': 319.8421052631579, 'width': 136.73684210526315}","{'height': 360, 'width': 640, 'mime_type': 'video/mp4'}",fbY4O04uunE,https://www.youtube.com/watch?v=fbY4O04uunE
clk6lbly5003m3n6l9bjdqiyz,2124,right side,,Abnormal Gait,stroke,"{'top': 27.037037037037035, 'left': 217.35087719298247, 'height': 319.7894736842106, 'width': 136.64912280701753}","{'height': 360, 'width': 640, 'mime_type': 'video/mp4'}",fbY4O04uunE,https://www.youtube.com/watch?v=fbY4O04uunE
clk6lbly5003m3n6l9bjdqiyz,2125,right side,,Abnormal Gait,stroke,"{'top': 27.074074074074073, 'left': 217.43859649122805, 'height': 319.7368421052632, 'width': 136.56140350877195}","{'height': 360, 'width': 640, 'mime_type': 'video/mp4'}",fbY4O04uunE,https://www.youtube.com/watch?v=fbY4O04uunE
clk6lbly5003m3n6l9bjdqiyz,2126,right side,,Abnormal Gait,stroke,"{'top': 27.11111111111111, 'left': 217.5263157894737, 'height': 319.68421052631584, 'width': 136.4736842105263}","{'height': 360, 'width': 640, 'mime_type': 'video/mp4'}",fbY4O04uunE,https://www.youtube.com/watch?v=fbY4O04uunE
clk6lbly5003m3n6l9bjdqiyz,2127,right side,,Abnormal Gait,stroke,"{'top': 27.14814814814815, 'left': 217.6140350877193, 'height': 319.63157894736844, 'width': 136.3859649122807}","{'height': 360, 'width': 640, 'mime_type': 'video/mp4'}",fbY4O04uunE,https://www.youtube.com/watch?v=fbY4O04uunE
clk6lbly5003m3n6l9bjdqiyz,2128,right side,,Abnormal Gait,stroke,"{'top': 27.185185185185183, 'left': 217.7017543859649, 'height': 319.5789473684211, 'width': 136.2982456140351}","{'height': 360, 'width': 640, 'mime_type': 'video/mp4'}",fbY4O04uunE,https://www.youtube.com/watch?v=fbY4O04uunE
clk6lbly5003m3n6l9bjdqiyz,2129,right side,,Abnormal Gait,stroke,"{'top': 27.22222222222222, 'left': 217.78947368421052, 'height': 319.5263157894737, 'width': 136.21052631578948}","{'height': 360, 'width': 640, 'mime_type': 'video/mp4'}",fbY4O04uunE,https://www.youtube.com/watch?v=fbY4O04uunE
clk6lbly5003m3n6l9bjdqiyz,2130,right side,,Abnormal Gait,stroke,"{'top': 27.25925925925926, 'left': 217.87719298245614, 'height': 319.47368421052636, 'width': 136.12280701754386}","{'height': 360, 'width': 640, 'mime_type': 'video/mp4'}",fbY4O04uunE,https://www.youtube.com/watch?v=fbY4O04uunE
clk6lbly5003m3n6l9bjdqiyz,2131,right side,,Abnormal Gait,stroke,"{'top': 27.296296296296298, 'left': 217.96491228070175, 'height': 319.42105263157896, 'width': 136.03508771929825}","{'height': 360, 'width': 640, 'mime_type': 'video/mp4'}",fbY4O04uunE,https://www.youtube.com/watch?v=fbY4O04uunE
clk6lbly5003m3n6l9bjdqiyz,2132,right side,,Abnormal Gait,stroke,"{'top': 27.333333333333332, 'left': 218.05263157894737, 'height': 319.3684210526316, 'width': 135.94736842105263}","{'height': 360, 'width': 640, 'mime_type': 'video/mp4'}",fbY4O04uunE,https://www.youtube.com/watch?v=fbY4O04uunE
clk6lbly5003m3n6l9bjdqiyz,2133,right side,,Abnormal Gait,stroke,"{'top': 27.37037037037037, 'left': 218.140350877193, 'height': 319.3157894736842, 'width': 135.859649122807}","{'height': 360, 'width': 640, 'mime_type': 'video/mp4'}",fbY4O04uunE,https://www.youtube.com/watch?v=fbY4O04uunE
clk6lbly5003m3n6l9bjdqiyz,2134,right side,,Abnormal Gait,stroke,"{'top': 27.407407407407405, 'left': 218.2280701754386, 'height': 319.2631578947369, 'width': 135.7719298245614}","{'height': 360, 'width': 640, 'mime_type': 'video/mp4'}",fbY4O04uunE,https://www.youtube.com/watch?v=fbY4O04uunE
clk6lbly5003m3n6l9bjdqiyz,2135,right side,,Abnormal Gait,stroke,"{'top': 27.444444444444443, 'left': 218.31578947368422, 'height': 319.2105263157895, 'width': 135.68421052631578}","{'height': 360, 'width': 640, 'mime_type': 'video/mp4'}",fbY4O04uunE,https://www.youtube.com/watch?v=fbY4O04uunE
clk6lbly5003m3n6l9bjdqiyz,2136,right side,,Abnormal Gait,stroke,"{'top': 27.48148148148148, 'left': 218.4035087719298, 'height': 319.15789473684214, 'width': 135.5964912280702}","{'height': 360, 'width': 640, 'mime_type': 'video/mp4'}",fbY4O04uunE,https://www.youtube.com/watch?v=fbY4O04uunE
clk6lbly5003m3n6l9bjdqiyz,2137,right side,,Abnormal Gait,stroke,"{'top': 27.51851851851852, 'left': 218.49122807017545, 'height': 319.10526315789474, 'width': 135.50877192982455}","{'height': 360, 'width': 640, 'mime_type': 'video/mp4'}",fbY4O04uunE,https://www.youtube.com/watch?v=fbY4O04uunE
clk6lbly5003m3n6l9bjdqiyz,2138,right side,,Abnormal Gait,stroke,"{'top': 27.555555555555554, 'left': 218.57894736842104, 'height': 319.0526315789474, 'width': 135.42105263157896}","{'height': 360, 'width': 640, 'mime_type': 'video/mp4'}",fbY4O04uunE,https://www.youtube.com/watch?v=fbY4O04uunE
clk6lbly5003m3n6l9bjdqiyz,2139,right side,,Abnormal Gait,stroke,"{'top': 27.59259259259259, 'left': 218.66666666666666, 'height': 319.0, 'width': 135.33333333333334}","{'height': 360, 'width': 640, 'mime_type': 'video/mp4'}",fbY4O04uunE,https://www.youtube.com/watch?v=fbY4O04uunE
clk6lbly5003m3n6l9bjdqiyz,2140,right side,,Abnormal Gait,stroke,"{'top': 27.62962962962963, 'left': 218.75438596491227, 'height': 318.94736842105266, 'width': 135.24561403508773}","{'height': 360, 'width': 640, 'mime_type': 'video/mp4'}",fbY4O04uunE,https://www.youtube.com/watch?v=fbY4O04uunE
clk6lbly5003m3n6l9bjdqiyz,2141,right side,,Abnormal Gait,stroke,"{'top': 27.666666666666668, 'left': 218.8421052631579, 'height': 318.89473684210526, 'width': 135.1578947368421}","{'height': 360, 'width': 640, 'mime_type': 'video/mp4'}",fbY4O04uunE,https://www.youtube.com/watch?v=fbY4O04uunE
clk6lbly5003m3n6l9bjdqiyz,2142,right side,,Abnormal Gait,stroke,"{'top': 27.703703703703702, 'left': 218.9298245614035, 'height': 318.8421052631579, 'width': 135.0701754385965}","{'height': 360, 'width': 640, 'mime_type': 'video/mp4'}",fbY4O04uunE,https://www.youtube.com/watch?v=fbY4O04uunE
clk6lbly5003m3n6l9bjdqiyz,2143,right side,,Abnormal Gait,stroke,"{'top': 27.74074074074074, 'left': 219.01754385964912, 'height': 318.7894736842105, 'width': 134.98245614035088}","{'height': 360, 'width': 640, 'mime_type': 'video/mp4'}",fbY4O04uunE,https://www.youtube.com/watch?v=fbY4O04uunE
clk6lbly5003m3n6l9bjdqiyz,2144,right side,,Abnormal Gait,stroke,"{'top': 27.77777777777778, 'left': 219.10526315789474, 'height': 318.7368421052632, 'width': 134.89473684210526}","{'height': 360, 'width': 640, 'mime_type': 'video/mp4'}",fbY4O04uunE,https://www.youtube.com/watch?v=fbY4O04uunE
clk6lbly5003m3n6l9bjdqiyz,2145,right side,,Abnormal Gait,stroke,"{'top': 27.814814814814817, 'left': 219.19298245614036, 'height': 318.6842105263158, 'width': 134.80701754385964}","{'height': 360, 'width': 640, 'mime_type': 'video/mp4'}",fbY4O04uunE,https://www.youtube.com/watch?v=fbY4O04uunE
clk6lbly5003m3n6l9bjdqiyz,2146,right side,,Abnormal Gait,stroke,"{'top': 27.85185185185185, 'left': 219.28070175438597, 'height': 318.63157894736844, 'width': 134.71929824561403}","{'height': 360, 'width': 640, 'mime_type': 'video/mp4'}",fbY4O04uunE,https://www.youtube.com/watch?v=fbY4O04uunE
clk6lbly5003m3n6l9bjdqiyz,2147,right side,,Abnormal Gait,stroke,"{'top': 27.88888888888889, 'left': 219.3684210526316, 'height': 318.57894736842104, 'width': 134.6315789473684}","{'height': 360, 'width': 640, 'mime_type': 'video/mp4'}",fbY4O04uunE,https://www.youtube.com/watch?v=fbY4O04uunE
clk6lbly5003m3n6l9bjdqiyz,2148,right side,,Abnormal Gait,stroke,"{'top': 27.925925925925924, 'left': 219.4561403508772, 'height': 318.5263157894737, 'width': 134.5438596491228}","{'height': 360, 'width': 640, 'mime_type': 'video/mp4'}",fbY4O04uunE,https://www.youtube.com/watch?v=fbY4O04uunE
clk6lbly5003m3n6l9bjdqiyz,2149,right side,,Abnormal Gait,stroke,"{'top': 27.962962962962962, 'left': 219.5438596491228, 'height': 318.47368421052636, 'width': 134.4561403508772}","{'height': 360, 'width': 640, 'mime_type': 'video/mp4'}",fbY4O04uunE,https://www.youtube.com/watch?v=fbY4O04uunE
clk6lbly5003m3n6l9bjdqiyz,2150,right side,,Abnormal Gait,stroke,"{'top': 28.0, 'left': 219.6315789473684, 'height': 318.42105263157896, 'width': 134.3684210526316}","{'height': 360, 'width': 640, 'mime_type': 'video/mp4'}",fbY4O04uunE,https://www.youtube.com/watch?v=fbY4O04uunE
clk6lbly5003m3n6l9bjdqiyz,2151,right side,,Abnormal Gait,stroke,"{'top': 28.037037037037038, 'left': 219.71929824561403, 'height': 318.36842105263156, 'width': 134.28070175438597}","{'height': 360, 'width': 640, 'mime_type': 'video/mp4'}",fbY4O04uunE,https://www.youtube.com/watch?v=fbY4O04uunE
clk6lbly5003m3n6l9bjdqiyz,2152,right side,,Abnormal Gait,stroke,"{'top': 28.074074074074073, 'left': 219.80701754385964, 'height': 318.3157894736842, 'width': 134.19298245614036}","{'height': 360, 'width': 640, 'mime_type': 'video/mp4'}",fbY4O04uunE,https://www.youtube.com/watch?v=fbY4O04uunE
clk6lbly5003m3n6l9bjdqiyz,2153,right side,,Abnormal Gait,stroke,"{'top': 28.11111111111111, 'left': 219.89473684210526, 'height': 318.2631578947369, 'width': 134.10526315789474}","{'height': 360, 'width': 640, 'mime_type': 'video/mp4'}",fbY4O04uunE,https://www.youtube.com/watch?v=fbY4O04uunE
clk6lbly5003m3n6l9bjdqiyz,2154,right side,,Abnormal Gait,stroke,"{'top': 28.14814814814815, 'left': 219.98245614035088, 'height': 318.2105263157895, 'width': 134.01754385964912}","{'height': 360, 'width': 640, 'mime_type': 'video/mp4'}",fbY4O04uunE,https://www.youtube.com/watch?v=fbY4O04uunE
clk6lbly5003m3n6l9bjdqiyz,2155,right side,,Abnormal Gait,stroke,"{'top': 28.185185185185187, 'left': 220.0701754385965, 'height': 318.15789473684214, 'width': 133.9298245614035}","{'height': 360, 'width': 640, 'mime_type': 'video/mp4'}",fbY4O04uunE,https://www.youtube.com/watch?v=fbY4O04uunE
clk6lbly5003m3n6l9bjdqiyz,2156,right side,,Abnormal Gait,stroke,"{'top': 28.22222222222222, 'left': 220.1578947368421, 'height': 318.10526315789474, 'width': 133.8421052631579}","{'height': 360, 'width': 640, 'mime_type': 'video/mp4'}",fbY4O04uunE,https://www.youtube.com/watch?v=fbY4O04uunE
clk6lbly5003m3n6l9bjdqiyz,2157,right side,,Abnormal Gait,stroke,"{'top': 28.25925925925926, 'left': 220.24561403508773, 'height': 318.0526315789474, 'width': 133.75438596491227}","{'height': 360, 'width': 640, 'mime_type': 'video/mp4'}",fbY4O04uunE,https://www.youtube.com/watch?v=fbY4O04uunE
clk6lbly5003m3n6l9bjdqiyz,2158,right side,,Abnormal Gait,stroke,"{'top': 28.296296296296294, 'left': 220.33333333333331, 'height': 318.0, 'width': 133.66666666666669}","{'height': 360, 'width': 640, 'mime_type': 'video/mp4'}",fbY4O04uunE,https://www.youtube.com/watch?v=fbY4O04uunE
clk6lbly5003m3n6l9bjdqiyz,2159,right side,,Abnormal Gait,stroke,"{'top': 28.333333333333332, 'left': 220.42105263157896, 'height': 317.94736842105266, 'width': 133.57894736842104}","{'height': 360, 'width': 640, 'mime_type': 'video/mp4'}",fbY4O04uunE,https://www.youtube.com/watch?v=fbY4O04uunE
clk6lbly5003m3n6l9bjdqiyz,2160,right side,,Abnormal Gait,stroke,"{'top': 28.37037037037037, 'left': 220.50877192982455, 'height': 317.89473684210526, 'width': 133.49122807017545}","{'height': 360, 'width': 640, 'mime_type': 'video/mp4'}",fbY4O04uunE,https://www.youtube.com/watch?v=fbY4O04uunE
clk6lbly5003m3n6l9bjdqiyz,2161,right side,,Abnormal Gait,stroke,"{'top': 28.40740740740741, 'left': 220.5964912280702, 'height': 317.8421052631579, 'width': 133.4035087719298}","{'height': 360, 'width': 640, 'mime_type': 'video/mp4'}",fbY4O04uunE,https://www.youtube.com/watch?v=fbY4O04uunE
clk6lbly5003m3n6l9bjdqiyz,2162,right side,,Abnormal Gait,stroke,"{'top': 28.444444444444443, 'left': 220.68421052631578, 'height': 317.7894736842105, 'width': 133.31578947368422}","{'height': 360, 'width': 640, 'mime_type': 'video/mp4'}",fbY4O04uunE,https://www.youtube.com/watch?v=fbY4O04uunE
clk6lbly5003m3n6l9bjdqiyz,2163,right side,,Abnormal Gait,stroke,"{'top': 28.48148148148148, 'left': 220.7719298245614, 'height': 317.7368421052632, 'width': 133.2280701754386}","{'height': 360, 'width': 640, 'mime_type': 'video/mp4'}",fbY4O04uunE,https://www.youtube.com/watch?v=fbY4O04uunE
clk6lbly5003m3n6l9bjdqiyz,2164,right side,,Abnormal Gait,stroke,"{'top': 28.51851851851852, 'left': 220.859649122807, 'height': 317.6842105263158, 'width': 133.140350877193}","{'height': 360, 'width': 640, 'mime_type': 'video/mp4'}",fbY4O04uunE,https://www.youtube.com/watch?v=fbY4O04uunE
clk6lbly5003m3n6l9bjdqiyz,2165,right side,,Abnormal Gait,stroke,"{'top': 28.555555555555557, 'left': 220.94736842105263, 'height': 317.63157894736844, 'width': 133.05263157894737}","{'height': 360, 'width': 640, 'mime_type': 'video/mp4'}",fbY4O04uunE,https://www.youtube.com/watch?v=fbY4O04uunE
clk6lbly5003m3n6l9bjdqiyz,2166,right side,,Abnormal Gait,stroke,"{'top': 28.59259259259259, 'left': 221.03508771929825, 'height': 317.57894736842104, 'width': 132.96491228070175}","{'height': 360, 'width': 640, 'mime_type': 'video/mp4'}",fbY4O04uunE,https://www.youtube.com/watch?v=fbY4O04uunE
clk6lbly5003m3n6l9bjdqiyz,2167,right side,,Abnormal Gait,stroke,"{'top': 28.62962962962963, 'left': 221.12280701754386, 'height': 317.5263157894737, 'width': 132.87719298245614}","{'height': 360, 'width': 640, 'mime_type': 'video/mp4'}",fbY4O04uunE,https://www.youtube.com/watch?v=fbY4O04uunE
clk6lbly5003m3n6l9bjdqiyz,2168,right side,,Abnormal Gait,stroke,"{'top': 28.666666666666664, 'left': 221.21052631578948, 'height': 317.4736842105263, 'width': 132.78947368421052}","{'height': 360, 'width': 640, 'mime_type': 'video/mp4'}",fbY4O04uunE,https://www.youtube.com/watch?v=fbY4O04uunE
clk6lbly5003m3n6l9bjdqiyz,2169,right side,,Abnormal Gait,stroke,"{'top': 28.703703703703702, 'left': 221.2982456140351, 'height': 317.42105263157896, 'width': 132.7017543859649}","{'height': 360, 'width': 640, 'mime_type': 'video/mp4'}",fbY4O04uunE,https://www.youtube.com/watch?v=fbY4O04uunE
clk6lbly5003m3n6l9bjdqiyz,2170,right side,,Abnormal Gait,stroke,"{'top': 28.74074074074074, 'left': 221.3859649122807, 'height': 317.36842105263156, 'width': 132.6140350877193}","{'height': 360, 'width': 640, 'mime_type': 'video/mp4'}",fbY4O04uunE,https://www.youtube.com/watch?v=fbY4O04uunE
clk6lbly5003m3n6l9bjdqiyz,2171,right side,,Abnormal Gait,stroke,"{'top': 28.77777777777778, 'left': 221.4736842105263, 'height': 317.3157894736842, 'width': 132.5263157894737}","{'height': 360, 'width': 640, 'mime_type': 'video/mp4'}",fbY4O04uunE,https://www.youtube.com/watch?v=fbY4O04uunE
clk6lbly5003m3n6l9bjdqiyz,2172,right side,,Abnormal Gait,stroke,"{'top': 28.814814814814813, 'left': 221.56140350877192, 'height': 317.2631578947368, 'width': 132.43859649122808}","{'height': 360, 'width': 640, 'mime_type': 'video/mp4'}",fbY4O04uunE,https://www.youtube.com/watch?v=fbY4O04uunE
clk6lbly5003m3n6l9bjdqiyz,2173,right side,,Abnormal Gait,stroke,"{'top': 28.85185185185185, 'left': 221.64912280701753, 'height': 317.2105263157895, 'width': 132.35087719298247}","{'height': 360, 'width': 640, 'mime_type': 'video/mp4'}",fbY4O04uunE,https://www.youtube.com/watch?v=fbY4O04uunE
clk6lbly5003m3n6l9bjdqiyz,2174,right side,,Abnormal Gait,stroke,"{'top': 28.88888888888889, 'left': 221.73684210526315, 'height': 317.1578947368421, 'width': 132.26315789473685}","{'height': 360, 'width': 640, 'mime_type': 'video/mp4'}",fbY4O04uunE,https://www.youtube.com/watch?v=fbY4O04uunE
clk6lbly5003m3n6l9bjdqiyz,2175,right side,,Abnormal Gait,stroke,"{'top': 28.925925925925927, 'left': 221.82456140350877, 'height': 317.10526315789474, 'width': 132.17543859649123}","{'height': 360, 'width': 640, 'mime_type': 'video/mp4'}",fbY4O04uunE,https://www.youtube.com/watch?v=fbY4O04uunE
clk6lbly5003m3n6l9bjdqiyz,2176,right side,,Abnormal Gait,stroke,"{'top': 28.962962962962962, 'left': 221.91228070175438, 'height': 317.0526315789474, 'width': 132.08771929824562}","{'height': 360, 'width': 640, 'mime_type': 'video/mp4'}",fbY4O04uunE,https://www.youtube.com/watch?v=fbY4O04uunE
clk6lbly5003m3n6l9bjdqiyz,2177,right side,,Abnormal Gait,stroke,"{'top': 29.0, 'left': 222.0, 'height': 317.0, 'width': 132.0}","{'height': 360, 'width': 640, 'mime_type': 'video/mp4'}",fbY4O04uunE,https://www.youtube.com/watch?v=fbY4O04uunE
