seq,frame_num,cam_view,gait_event,dataset,gait_pat,bbox,vid_info,id,url
clld34hz8001u3o6la1gw24at,868,right side,,Abnormal Gait,stroke,"{'top': 34.0, 'left': 165.0, 'height': 204.0, 'width': 93.0}","{'height': 360, 'width': 540, 'mime_type': 'video/mp4'}",USurcA3YKDY,https://www.youtube.com/watch?v=USurcA3YKDY
clld34hz8001u3o6la1gw24at,869,right side,,Abnormal Gait,stroke,"{'top': 33.51851851851852, 'left': 164.53703703703704, 'height': 204.8888888888889, 'width': 94.09259259259258}","{'height': 360, 'width': 540, 'mime_type': 'video/mp4'}",USurcA3YKDY,https://www.youtube.com/watch?v=USurcA3YKDY
clld34hz8001u3o6la1gw24at,870,right side,,Abnormal Gait,stroke,"{'top': 33.03703703703704, 'left': 164.07407407407408, 'height': 205.77777777777777, 'width': 95.18518518518516}","{'height': 360, 'width': 540, 'mime_type': 'video/mp4'}",USurcA3YKDY,https://www.youtube.com/watch?v=USurcA3YKDY
clld34hz8001u3o6la1gw24at,871,right side,,Abnormal Gait,stroke,"{'top': 32.55555555555556, 'left': 163.61111111111111, 'height': 206.66666666666669, 'width': 96.2777777777778}","{'height': 360, 'width': 540, 'mime_type': 'video/mp4'}",USurcA3YKDY,https://www.youtube.com/watch?v=USurcA3YKDY
clld34hz8001u3o6la1gw24at,872,right side,,Abnormal Gait,stroke,"{'top': 32.074074074074076, 'left': 163.14814814814815, 'height': 207.55555555555554, 'width': 97.37037037037038}","{'height': 360, 'width': 540, 'mime_type': 'video/mp4'}",USurcA3YKDY,https://www.youtube.com/watch?v=USurcA3YKDY
clld34hz8001u3o6la1gw24at,873,right side,,Abnormal Gait,stroke,"{'top': 31.59259259259259, 'left': 162.6851851851852, 'height': 208.44444444444446, 'width': 98.46296296296296}","{'height': 360, 'width': 540, 'mime_type': 'video/mp4'}",USurcA3YKDY,https://www.youtube.com/watch?v=USurcA3YKDY
clld34hz8001u3o6la1gw24at,874,right side,,Abnormal Gait,stroke,"{'top': 31.11111111111111, 'left': 162.22222222222223, 'height': 209.33333333333334, 'width': 99.55555555555554}","{'height': 360, 'width': 540, 'mime_type': 'video/mp4'}",USurcA3YKDY,https://www.youtube.com/watch?v=USurcA3YKDY
clld34hz8001u3o6la1gw24at,875,right side,,Abnormal Gait,stroke,"{'top': 30.62962962962963, 'left': 161.75925925925927, 'height': 210.22222222222223, 'width': 100.64814814814812}","{'height': 360, 'width': 540, 'mime_type': 'video/mp4'}",USurcA3YKDY,https://www.youtube.com/watch?v=USurcA3YKDY
clld34hz8001u3o6la1gw24at,876,right side,,Abnormal Gait,stroke,"{'top': 30.14814814814815, 'left': 161.2962962962963, 'height': 211.11111111111111, 'width': 101.7407407407407}","{'height': 360, 'width': 540, 'mime_type': 'video/mp4'}",USurcA3YKDY,https://www.youtube.com/watch?v=USurcA3YKDY
clld34hz8001u3o6la1gw24at,877,right side,,Abnormal Gait,stroke,"{'top': 29.666666666666668, 'left': 160.83333333333334, 'height': 212.0, 'width': 102.83333333333334}","{'height': 360, 'width': 540, 'mime_type': 'video/mp4'}",USurcA3YKDY,https://www.youtube.com/watch?v=USurcA3YKDY
clld34hz8001u3o6la1gw24at,878,right side,,Abnormal Gait,stroke,"{'top': 29.185185185185183, 'left': 160.37037037037038, 'height': 212.88888888888889, 'width': 103.92592592592592}","{'height': 360, 'width': 540, 'mime_type': 'video/mp4'}",USurcA3YKDY,https://www.youtube.com/watch?v=USurcA3YKDY
clld34hz8001u3o6la1gw24at,879,right side,,Abnormal Gait,stroke,"{'top': 28.703703703703702, 'left': 159.90740740740742, 'height': 213.77777777777777, 'width': 105.0185185185185}","{'height': 360, 'width': 540, 'mime_type': 'video/mp4'}",USurcA3YKDY,https://www.youtube.com/watch?v=USurcA3YKDY
clld34hz8001u3o6la1gw24at,880,right side,,Abnormal Gait,stroke,"{'top': 28.22222222222222, 'left': 159.44444444444446, 'height': 214.66666666666666, 'width': 106.11111111111109}","{'height': 360, 'width': 540, 'mime_type': 'video/mp4'}",USurcA3YKDY,https://www.youtube.com/watch?v=USurcA3YKDY
clld34hz8001u3o6la1gw24at,881,right side,,Abnormal Gait,stroke,"{'top': 27.74074074074074, 'left': 158.9814814814815, 'height': 215.55555555555557, 'width': 107.20370370370367}","{'height': 360, 'width': 540, 'mime_type': 'video/mp4'}",USurcA3YKDY,https://www.youtube.com/watch?v=USurcA3YKDY
clld34hz8001u3o6la1gw24at,882,right side,,Abnormal Gait,stroke,"{'top': 27.25925925925926, 'left': 158.51851851851853, 'height': 216.44444444444443, 'width': 108.2962962962963}","{'height': 360, 'width': 540, 'mime_type': 'video/mp4'}",USurcA3YKDY,https://www.youtube.com/watch?v=USurcA3YKDY
clld34hz8001u3o6la1gw24at,883,right side,,Abnormal Gait,stroke,"{'top': 26.77777777777778, 'left': 158.05555555555554, 'height': 217.33333333333334, 'width': 109.38888888888891}","{'height': 360, 'width': 540, 'mime_type': 'video/mp4'}",USurcA3YKDY,https://www.youtube.com/watch?v=USurcA3YKDY
clld34hz8001u3o6la1gw24at,884,right side,,Abnormal Gait,stroke,"{'top': 26.296296296296298, 'left': 157.59259259259258, 'height': 218.2222222222222, 'width': 110.4814814814815}","{'height': 360, 'width': 540, 'mime_type': 'video/mp4'}",USurcA3YKDY,https://www.youtube.com/watch?v=USurcA3YKDY
clld34hz8001u3o6la1gw24at,885,right side,,Abnormal Gait,stroke,"{'top': 25.814814814814817, 'left': 157.12962962962962, 'height': 219.11111111111111, 'width': 111.57407407407408}","{'height': 360, 'width': 540, 'mime_type': 'video/mp4'}",USurcA3YKDY,https://www.youtube.com/watch?v=USurcA3YKDY
clld34hz8001u3o6la1gw24at,886,right side,,Abnormal Gait,stroke,"{'top': 25.333333333333336, 'left': 156.66666666666666, 'height': 220.0, 'width': 112.66666666666666}","{'height': 360, 'width': 540, 'mime_type': 'video/mp4'}",USurcA3YKDY,https://www.youtube.com/watch?v=USurcA3YKDY
clld34hz8001u3o6la1gw24at,887,right side,,Abnormal Gait,stroke,"{'top': 24.85185185185185, 'left': 156.2037037037037, 'height': 220.88888888888889, 'width': 113.7592592592593}","{'height': 360, 'width': 540, 'mime_type': 'video/mp4'}",USurcA3YKDY,https://www.youtube.com/watch?v=USurcA3YKDY
clld34hz8001u3o6la1gw24at,888,right side,,Abnormal Gait,stroke,"{'top': 24.37037037037037, 'left': 155.74074074074073, 'height': 221.77777777777777, 'width': 114.85185185185188}","{'height': 360, 'width': 540, 'mime_type': 'video/mp4'}",USurcA3YKDY,https://www.youtube.com/watch?v=USurcA3YKDY
clld34hz8001u3o6la1gw24at,889,right side,,Abnormal Gait,stroke,"{'top': 23.88888888888889, 'left': 155.27777777777777, 'height': 222.66666666666666, 'width': 115.94444444444446}","{'height': 360, 'width': 540, 'mime_type': 'video/mp4'}",USurcA3YKDY,https://www.youtube.com/watch?v=USurcA3YKDY
clld34hz8001u3o6la1gw24at,890,right side,,Abnormal Gait,stroke,"{'top': 23.40740740740741, 'left': 154.8148148148148, 'height': 223.55555555555554, 'width': 117.03703703703704}","{'height': 360, 'width': 540, 'mime_type': 'video/mp4'}",USurcA3YKDY,https://www.youtube.com/watch?v=USurcA3YKDY
clld34hz8001u3o6la1gw24at,891,right side,,Abnormal Gait,stroke,"{'top': 22.925925925925924, 'left': 154.35185185185185, 'height': 224.44444444444446, 'width': 118.12962962962962}","{'height': 360, 'width': 540, 'mime_type': 'video/mp4'}",USurcA3YKDY,https://www.youtube.com/watch?v=USurcA3YKDY
clld34hz8001u3o6la1gw24at,892,right side,,Abnormal Gait,stroke,"{'top': 22.444444444444443, 'left': 153.88888888888889, 'height': 225.33333333333331, 'width': 119.2222222222222}","{'height': 360, 'width': 540, 'mime_type': 'video/mp4'}",USurcA3YKDY,https://www.youtube.com/watch?v=USurcA3YKDY
clld34hz8001u3o6la1gw24at,893,right side,,Abnormal Gait,stroke,"{'top': 21.962962962962962, 'left': 153.42592592592592, 'height': 226.22222222222223, 'width': 120.31481481481484}","{'height': 360, 'width': 540, 'mime_type': 'video/mp4'}",USurcA3YKDY,https://www.youtube.com/watch?v=USurcA3YKDY
clld34hz8001u3o6la1gw24at,894,right side,,Abnormal Gait,stroke,"{'top': 21.48148148148148, 'left': 152.96296296296296, 'height': 227.1111111111111, 'width': 121.40740740740742}","{'height': 360, 'width': 540, 'mime_type': 'video/mp4'}",USurcA3YKDY,https://www.youtube.com/watch?v=USurcA3YKDY
clld34hz8001u3o6la1gw24at,895,right side,,Abnormal Gait,stroke,"{'top': 21.0, 'left': 152.5, 'height': 228.0, 'width': 122.5}","{'height': 360, 'width': 540, 'mime_type': 'video/mp4'}",USurcA3YKDY,https://www.youtube.com/watch?v=USurcA3YKDY
clld34hz8001u3o6la1gw24at,896,right side,,Abnormal Gait,stroke,"{'top': 20.51851851851852, 'left': 152.03703703703704, 'height': 228.8888888888889, 'width': 123.59259259259258}","{'height': 360, 'width': 540, 'mime_type': 'video/mp4'}",USurcA3YKDY,https://www.youtube.com/watch?v=USurcA3YKDY
clld34hz8001u3o6la1gw24at,897,right side,,Abnormal Gait,stroke,"{'top': 20.037037037037038, 'left': 151.57407407407408, 'height': 229.77777777777777, 'width': 124.68518518518516}","{'height': 360, 'width': 540, 'mime_type': 'video/mp4'}",USurcA3YKDY,https://www.youtube.com/watch?v=USurcA3YKDY
clld34hz8001u3o6la1gw24at,898,right side,,Abnormal Gait,stroke,"{'top': 19.555555555555557, 'left': 151.11111111111111, 'height': 230.66666666666669, 'width': 125.7777777777778}","{'height': 360, 'width': 540, 'mime_type': 'video/mp4'}",USurcA3YKDY,https://www.youtube.com/watch?v=USurcA3YKDY
clld34hz8001u3o6la1gw24at,899,right side,,Abnormal Gait,stroke,"{'top': 19.074074074074076, 'left': 150.64814814814815, 'height': 231.55555555555554, 'width': 126.87037037037038}","{'height': 360, 'width': 540, 'mime_type': 'video/mp4'}",USurcA3YKDY,https://www.youtube.com/watch?v=USurcA3YKDY
clld34hz8001u3o6la1gw24at,900,right side,,Abnormal Gait,stroke,"{'top': 18.592592592592595, 'left': 150.1851851851852, 'height': 232.44444444444446, 'width': 127.96296296296296}","{'height': 360, 'width': 540, 'mime_type': 'video/mp4'}",USurcA3YKDY,https://www.youtube.com/watch?v=USurcA3YKDY
clld34hz8001u3o6la1gw24at,901,right side,,Abnormal Gait,stroke,"{'top': 18.11111111111111, 'left': 149.72222222222223, 'height': 233.33333333333334, 'width': 129.05555555555554}","{'height': 360, 'width': 540, 'mime_type': 'video/mp4'}",USurcA3YKDY,https://www.youtube.com/watch?v=USurcA3YKDY
clld34hz8001u3o6la1gw24at,902,right side,,Abnormal Gait,stroke,"{'top': 17.62962962962963, 'left': 149.25925925925927, 'height': 234.22222222222223, 'width': 130.14814814814812}","{'height': 360, 'width': 540, 'mime_type': 'video/mp4'}",USurcA3YKDY,https://www.youtube.com/watch?v=USurcA3YKDY
clld34hz8001u3o6la1gw24at,903,right side,,Abnormal Gait,stroke,"{'top': 17.14814814814815, 'left': 148.7962962962963, 'height': 235.11111111111111, 'width': 131.24074074074076}","{'height': 360, 'width': 540, 'mime_type': 'video/mp4'}",USurcA3YKDY,https://www.youtube.com/watch?v=USurcA3YKDY
clld34hz8001u3o6la1gw24at,904,right side,,Abnormal Gait,stroke,"{'top': 16.666666666666668, 'left': 148.33333333333334, 'height': 236.0, 'width': 132.33333333333334}","{'height': 360, 'width': 540, 'mime_type': 'video/mp4'}",USurcA3YKDY,https://www.youtube.com/watch?v=USurcA3YKDY
clld34hz8001u3o6la1gw24at,905,right side,,Abnormal Gait,stroke,"{'top': 16.185185185185183, 'left': 147.87037037037038, 'height': 236.88888888888889, 'width': 133.42592592592592}","{'height': 360, 'width': 540, 'mime_type': 'video/mp4'}",USurcA3YKDY,https://www.youtube.com/watch?v=USurcA3YKDY
clld34hz8001u3o6la1gw24at,906,right side,,Abnormal Gait,stroke,"{'top': 15.703703703703702, 'left': 147.40740740740742, 'height': 237.77777777777777, 'width': 134.5185185185185}","{'height': 360, 'width': 540, 'mime_type': 'video/mp4'}",USurcA3YKDY,https://www.youtube.com/watch?v=USurcA3YKDY
clld34hz8001u3o6la1gw24at,907,right side,,Abnormal Gait,stroke,"{'top': 15.222222222222221, 'left': 146.94444444444446, 'height': 238.66666666666666, 'width': 135.6111111111111}","{'height': 360, 'width': 540, 'mime_type': 'video/mp4'}",USurcA3YKDY,https://www.youtube.com/watch?v=USurcA3YKDY
clld34hz8001u3o6la1gw24at,908,right side,,Abnormal Gait,stroke,"{'top': 14.74074074074074, 'left': 146.48148148148147, 'height': 239.55555555555557, 'width': 136.7037037037037}","{'height': 360, 'width': 540, 'mime_type': 'video/mp4'}",USurcA3YKDY,https://www.youtube.com/watch?v=USurcA3YKDY
clld34hz8001u3o6la1gw24at,909,right side,,Abnormal Gait,stroke,"{'top': 14.25925925925926, 'left': 146.01851851851853, 'height': 240.44444444444443, 'width': 137.7962962962963}","{'height': 360, 'width': 540, 'mime_type': 'video/mp4'}",USurcA3YKDY,https://www.youtube.com/watch?v=USurcA3YKDY
clld34hz8001u3o6la1gw24at,910,right side,,Abnormal Gait,stroke,"{'top': 13.777777777777779, 'left': 145.55555555555554, 'height': 241.33333333333334, 'width': 138.8888888888889}","{'height': 360, 'width': 540, 'mime_type': 'video/mp4'}",USurcA3YKDY,https://www.youtube.com/watch?v=USurcA3YKDY
clld34hz8001u3o6la1gw24at,911,right side,,Abnormal Gait,stroke,"{'top': 13.296296296296298, 'left': 145.09259259259258, 'height': 242.22222222222223, 'width': 139.9814814814815}","{'height': 360, 'width': 540, 'mime_type': 'video/mp4'}",USurcA3YKDY,https://www.youtube.com/watch?v=USurcA3YKDY
clld34hz8001u3o6la1gw24at,912,right side,,Abnormal Gait,stroke,"{'top': 12.814814814814817, 'left': 144.62962962962962, 'height': 243.11111111111111, 'width': 141.07407407407408}","{'height': 360, 'width': 540, 'mime_type': 'video/mp4'}",USurcA3YKDY,https://www.youtube.com/watch?v=USurcA3YKDY
clld34hz8001u3o6la1gw24at,913,right side,,Abnormal Gait,stroke,"{'top': 12.333333333333332, 'left': 144.16666666666666, 'height': 243.99999999999997, 'width': 142.16666666666666}","{'height': 360, 'width': 540, 'mime_type': 'video/mp4'}",USurcA3YKDY,https://www.youtube.com/watch?v=USurcA3YKDY
clld34hz8001u3o6la1gw24at,914,right side,,Abnormal Gait,stroke,"{'top': 11.851851851851851, 'left': 143.7037037037037, 'height': 244.8888888888889, 'width': 143.25925925925924}","{'height': 360, 'width': 540, 'mime_type': 'video/mp4'}",USurcA3YKDY,https://www.youtube.com/watch?v=USurcA3YKDY
clld34hz8001u3o6la1gw24at,915,right side,,Abnormal Gait,stroke,"{'top': 11.37037037037037, 'left': 143.24074074074073, 'height': 245.77777777777777, 'width': 144.35185185185188}","{'height': 360, 'width': 540, 'mime_type': 'video/mp4'}",USurcA3YKDY,https://www.youtube.com/watch?v=USurcA3YKDY
clld34hz8001u3o6la1gw24at,916,right side,,Abnormal Gait,stroke,"{'top': 10.88888888888889, 'left': 142.77777777777777, 'height': 246.66666666666666, 'width': 145.44444444444446}","{'height': 360, 'width': 540, 'mime_type': 'video/mp4'}",USurcA3YKDY,https://www.youtube.com/watch?v=USurcA3YKDY
clld34hz8001u3o6la1gw24at,917,right side,,Abnormal Gait,stroke,"{'top': 10.407407407407405, 'left': 142.3148148148148, 'height': 247.55555555555554, 'width': 146.53703703703704}","{'height': 360, 'width': 540, 'mime_type': 'video/mp4'}",USurcA3YKDY,https://www.youtube.com/watch?v=USurcA3YKDY
clld34hz8001u3o6la1gw24at,918,right side,,Abnormal Gait,stroke,"{'top': 9.925925925925927, 'left': 141.85185185185185, 'height': 248.44444444444446, 'width': 147.62962962962962}","{'height': 360, 'width': 540, 'mime_type': 'video/mp4'}",USurcA3YKDY,https://www.youtube.com/watch?v=USurcA3YKDY
clld34hz8001u3o6la1gw24at,919,right side,,Abnormal Gait,stroke,"{'top': 9.444444444444446, 'left': 141.38888888888889, 'height': 249.33333333333331, 'width': 148.7222222222222}","{'height': 360, 'width': 540, 'mime_type': 'video/mp4'}",USurcA3YKDY,https://www.youtube.com/watch?v=USurcA3YKDY
clld34hz8001u3o6la1gw24at,920,right side,,Abnormal Gait,stroke,"{'top': 8.962962962962965, 'left': 140.92592592592592, 'height': 250.2222222222222, 'width': 149.81481481481484}","{'height': 360, 'width': 540, 'mime_type': 'video/mp4'}",USurcA3YKDY,https://www.youtube.com/watch?v=USurcA3YKDY
clld34hz8001u3o6la1gw24at,921,right side,,Abnormal Gait,stroke,"{'top': 8.481481481481481, 'left': 140.46296296296296, 'height': 251.11111111111114, 'width': 150.90740740740742}","{'height': 360, 'width': 540, 'mime_type': 'video/mp4'}",USurcA3YKDY,https://www.youtube.com/watch?v=USurcA3YKDY
clld34hz8001u3o6la1gw24at,922,right side,,Abnormal Gait,stroke,"{'top': 8.0, 'left': 140.0, 'height': 252.0, 'width': 152.0}","{'height': 360, 'width': 540, 'mime_type': 'video/mp4'}",USurcA3YKDY,https://www.youtube.com/watch?v=USurcA3YKDY
clld34hz8001u3o6la1gw24at,923,right side,,Abnormal Gait,stroke,"{'top': 7.974729241877256, 'left': 140.057761732852, 'height': 252.36101083032491, 'width': 152.31768953068593}","{'height': 360, 'width': 540, 'mime_type': 'video/mp4'}",USurcA3YKDY,https://www.youtube.com/watch?v=USurcA3YKDY
clld34hz8001u3o6la1gw24at,924,right side,,Abnormal Gait,stroke,"{'top': 7.949458483754513, 'left': 140.11552346570397, 'height': 252.7220216606498, 'width': 152.63537906137185}","{'height': 360, 'width': 540, 'mime_type': 'video/mp4'}",USurcA3YKDY,https://www.youtube.com/watch?v=USurcA3YKDY
clld34hz8001u3o6la1gw24at,925,right side,,Abnormal Gait,stroke,"{'top': 7.924187725631769, 'left': 140.17328519855596, 'height': 253.0830324909747, 'width': 152.95306859205778}","{'height': 360, 'width': 540, 'mime_type': 'video/mp4'}",USurcA3YKDY,https://www.youtube.com/watch?v=USurcA3YKDY
clld34hz8001u3o6la1gw24at,926,right side,,Abnormal Gait,stroke,"{'top': 7.898916967509026, 'left': 140.23104693140795, 'height': 253.44404332129966, 'width': 153.2707581227437}","{'height': 360, 'width': 540, 'mime_type': 'video/mp4'}",USurcA3YKDY,https://www.youtube.com/watch?v=USurcA3YKDY
clld34hz8001u3o6la1gw24at,927,right side,,Abnormal Gait,stroke,"{'top': 7.873646209386282, 'left': 140.28880866425993, 'height': 253.80505415162455, 'width': 153.58844765342963}","{'height': 360, 'width': 540, 'mime_type': 'video/mp4'}",USurcA3YKDY,https://www.youtube.com/watch?v=USurcA3YKDY
clld34hz8001u3o6la1gw24at,928,right side,,Abnormal Gait,stroke,"{'top': 7.8483754512635375, 'left': 140.34657039711192, 'height': 254.16606498194946, 'width': 153.9061371841155}","{'height': 360, 'width': 540, 'mime_type': 'video/mp4'}",USurcA3YKDY,https://www.youtube.com/watch?v=USurcA3YKDY
clld34hz8001u3o6la1gw24at,929,right side,,Abnormal Gait,stroke,"{'top': 7.823104693140794, 'left': 140.4043321299639, 'height': 254.52707581227435, 'width': 154.22382671480142}","{'height': 360, 'width': 540, 'mime_type': 'video/mp4'}",USurcA3YKDY,https://www.youtube.com/watch?v=USurcA3YKDY
clld34hz8001u3o6la1gw24at,930,right side,,Abnormal Gait,stroke,"{'top': 7.79783393501805, 'left': 140.4620938628159, 'height': 254.88808664259926, 'width': 154.54151624548734}","{'height': 360, 'width': 540, 'mime_type': 'video/mp4'}",USurcA3YKDY,https://www.youtube.com/watch?v=USurcA3YKDY
clld34hz8001u3o6la1gw24at,931,right side,,Abnormal Gait,stroke,"{'top': 7.772563176895307, 'left': 140.51985559566788, 'height': 255.24909747292415, 'width': 154.85920577617327}","{'height': 360, 'width': 540, 'mime_type': 'video/mp4'}",USurcA3YKDY,https://www.youtube.com/watch?v=USurcA3YKDY
clld34hz8001u3o6la1gw24at,932,right side,,Abnormal Gait,stroke,"{'top': 7.747292418772563, 'left': 140.57761732851986, 'height': 255.61010830324912, 'width': 155.1768953068592}","{'height': 360, 'width': 540, 'mime_type': 'video/mp4'}",USurcA3YKDY,https://www.youtube.com/watch?v=USurcA3YKDY
clld34hz8001u3o6la1gw24at,933,right side,,Abnormal Gait,stroke,"{'top': 7.722021660649819, 'left': 140.63537906137185, 'height': 255.971119133574, 'width': 155.49458483754512}","{'height': 360, 'width': 540, 'mime_type': 'video/mp4'}",USurcA3YKDY,https://www.youtube.com/watch?v=USurcA3YKDY
clld34hz8001u3o6la1gw24at,934,right side,,Abnormal Gait,stroke,"{'top': 7.696750902527076, 'left': 140.69314079422384, 'height': 256.3321299638989, 'width': 155.81227436823104}","{'height': 360, 'width': 540, 'mime_type': 'video/mp4'}",USurcA3YKDY,https://www.youtube.com/watch?v=USurcA3YKDY
clld34hz8001u3o6la1gw24at,935,right side,,Abnormal Gait,stroke,"{'top': 7.671480144404332, 'left': 140.75090252707582, 'height': 256.69314079422384, 'width': 156.12996389891697}","{'height': 360, 'width': 540, 'mime_type': 'video/mp4'}",USurcA3YKDY,https://www.youtube.com/watch?v=USurcA3YKDY
clld34hz8001u3o6la1gw24at,936,right side,,Abnormal Gait,stroke,"{'top': 7.646209386281589, 'left': 140.8086642599278, 'height': 257.0541516245487, 'width': 156.4476534296029}","{'height': 360, 'width': 540, 'mime_type': 'video/mp4'}",USurcA3YKDY,https://www.youtube.com/watch?v=USurcA3YKDY
clld34hz8001u3o6la1gw24at,937,right side,,Abnormal Gait,stroke,"{'top': 7.620938628158845, 'left': 140.8664259927798, 'height': 257.4151624548736, 'width': 156.76534296028882}","{'height': 360, 'width': 540, 'mime_type': 'video/mp4'}",USurcA3YKDY,https://www.youtube.com/watch?v=USurcA3YKDY
clld34hz8001u3o6la1gw24at,938,right side,,Abnormal Gait,stroke,"{'top': 7.595667870036101, 'left': 140.92418772563178, 'height': 257.7761732851986, 'width': 157.0830324909747}","{'height': 360, 'width': 540, 'mime_type': 'video/mp4'}",USurcA3YKDY,https://www.youtube.com/watch?v=USurcA3YKDY
clld34hz8001u3o6la1gw24at,939,right side,,Abnormal Gait,stroke,"{'top': 7.570397111913357, 'left': 140.98194945848377, 'height': 258.1371841155235, 'width': 157.4007220216606}","{'height': 360, 'width': 540, 'mime_type': 'video/mp4'}",USurcA3YKDY,https://www.youtube.com/watch?v=USurcA3YKDY
clld34hz8001u3o6la1gw24at,940,right side,,Abnormal Gait,stroke,"{'top': 7.545126353790613, 'left': 141.03971119133573, 'height': 258.49819494584835, 'width': 157.71841155234657}","{'height': 360, 'width': 540, 'mime_type': 'video/mp4'}",USurcA3YKDY,https://www.youtube.com/watch?v=USurcA3YKDY
clld34hz8001u3o6la1gw24at,941,right side,,Abnormal Gait,stroke,"{'top': 7.51985559566787, 'left': 141.0974729241877, 'height': 258.85920577617327, 'width': 158.0361010830325}","{'height': 360, 'width': 540, 'mime_type': 'video/mp4'}",USurcA3YKDY,https://www.youtube.com/watch?v=USurcA3YKDY
clld34hz8001u3o6la1gw24at,942,right side,,Abnormal Gait,stroke,"{'top': 7.494584837545126, 'left': 141.1552346570397, 'height': 259.2202166064982, 'width': 158.35379061371842}","{'height': 360, 'width': 540, 'mime_type': 'video/mp4'}",USurcA3YKDY,https://www.youtube.com/watch?v=USurcA3YKDY
clld34hz8001u3o6la1gw24at,943,right side,,Abnormal Gait,stroke,"{'top': 7.469314079422382, 'left': 141.21299638989169, 'height': 259.5812274368231, 'width': 158.67148014440434}","{'height': 360, 'width': 540, 'mime_type': 'video/mp4'}",USurcA3YKDY,https://www.youtube.com/watch?v=USurcA3YKDY
clld34hz8001u3o6la1gw24at,944,right side,,Abnormal Gait,stroke,"{'top': 7.444043321299639, 'left': 141.27075812274367, 'height': 259.942238267148, 'width': 158.98916967509027}","{'height': 360, 'width': 540, 'mime_type': 'video/mp4'}",USurcA3YKDY,https://www.youtube.com/watch?v=USurcA3YKDY
clld34hz8001u3o6la1gw24at,945,right side,,Abnormal Gait,stroke,"{'top': 7.418772563176895, 'left': 141.32851985559566, 'height': 260.30324909747293, 'width': 159.3068592057762}","{'height': 360, 'width': 540, 'mime_type': 'video/mp4'}",USurcA3YKDY,https://www.youtube.com/watch?v=USurcA3YKDY
clld34hz8001u3o6la1gw24at,946,right side,,Abnormal Gait,stroke,"{'top': 7.393501805054152, 'left': 141.38628158844764, 'height': 260.66425992779784, 'width': 159.62454873646212}","{'height': 360, 'width': 540, 'mime_type': 'video/mp4'}",USurcA3YKDY,https://www.youtube.com/watch?v=USurcA3YKDY
clld34hz8001u3o6la1gw24at,947,right side,,Abnormal Gait,stroke,"{'top': 7.368231046931408, 'left': 141.44404332129963, 'height': 261.02527075812276, 'width': 159.94223826714804}","{'height': 360, 'width': 540, 'mime_type': 'video/mp4'}",USurcA3YKDY,https://www.youtube.com/watch?v=USurcA3YKDY
clld34hz8001u3o6la1gw24at,948,right side,,Abnormal Gait,stroke,"{'top': 7.342960288808664, 'left': 141.50180505415162, 'height': 261.3862815884476, 'width': 160.25992779783397}","{'height': 360, 'width': 540, 'mime_type': 'video/mp4'}",USurcA3YKDY,https://www.youtube.com/watch?v=USurcA3YKDY
clld34hz8001u3o6la1gw24at,949,right side,,Abnormal Gait,stroke,"{'top': 7.317689530685921, 'left': 141.5595667870036, 'height': 261.74729241877253, 'width': 160.57761732851984}","{'height': 360, 'width': 540, 'mime_type': 'video/mp4'}",USurcA3YKDY,https://www.youtube.com/watch?v=USurcA3YKDY
clld34hz8001u3o6la1gw24at,950,right side,,Abnormal Gait,stroke,"{'top': 7.292418772563177, 'left': 141.6173285198556, 'height': 262.1083032490975, 'width': 160.89530685920576}","{'height': 360, 'width': 540, 'mime_type': 'video/mp4'}",USurcA3YKDY,https://www.youtube.com/watch?v=USurcA3YKDY
clld34hz8001u3o6la1gw24at,951,right side,,Abnormal Gait,stroke,"{'top': 7.2671480144404335, 'left': 141.67509025270758, 'height': 262.4693140794224, 'width': 161.21299638989169}","{'height': 360, 'width': 540, 'mime_type': 'video/mp4'}",USurcA3YKDY,https://www.youtube.com/watch?v=USurcA3YKDY
clld34hz8001u3o6la1gw24at,952,right side,,Abnormal Gait,stroke,"{'top': 7.241877256317689, 'left': 141.73285198555956, 'height': 262.8303249097473, 'width': 161.5306859205776}","{'height': 360, 'width': 540, 'mime_type': 'video/mp4'}",USurcA3YKDY,https://www.youtube.com/watch?v=USurcA3YKDY
clld34hz8001u3o6la1gw24at,953,right side,,Abnormal Gait,stroke,"{'top': 7.216606498194946, 'left': 141.79061371841155, 'height': 263.1913357400722, 'width': 161.84837545126354}","{'height': 360, 'width': 540, 'mime_type': 'video/mp4'}",USurcA3YKDY,https://www.youtube.com/watch?v=USurcA3YKDY
clld34hz8001u3o6la1gw24at,954,right side,,Abnormal Gait,stroke,"{'top': 7.191335740072202, 'left': 141.84837545126354, 'height': 263.5523465703971, 'width': 162.16606498194946}","{'height': 360, 'width': 540, 'mime_type': 'video/mp4'}",USurcA3YKDY,https://www.youtube.com/watch?v=USurcA3YKDY
clld34hz8001u3o6la1gw24at,955,right side,,Abnormal Gait,stroke,"{'top': 7.166064981949458, 'left': 141.90613718411552, 'height': 263.913357400722, 'width': 162.4837545126354}","{'height': 360, 'width': 540, 'mime_type': 'video/mp4'}",USurcA3YKDY,https://www.youtube.com/watch?v=USurcA3YKDY
clld34hz8001u3o6la1gw24at,956,right side,,Abnormal Gait,stroke,"{'top': 7.140794223826715, 'left': 141.9638989169675, 'height': 264.27436823104694, 'width': 162.8014440433213}","{'height': 360, 'width': 540, 'mime_type': 'video/mp4'}",USurcA3YKDY,https://www.youtube.com/watch?v=USurcA3YKDY
clld34hz8001u3o6la1gw24at,957,right side,,Abnormal Gait,stroke,"{'top': 7.115523465703971, 'left': 142.0216606498195, 'height': 264.63537906137185, 'width': 163.11913357400724}","{'height': 360, 'width': 540, 'mime_type': 'video/mp4'}",USurcA3YKDY,https://www.youtube.com/watch?v=USurcA3YKDY
clld34hz8001u3o6la1gw24at,958,right side,,Abnormal Gait,stroke,"{'top': 7.090252707581228, 'left': 142.07942238267148, 'height': 264.99638989169677, 'width': 163.43682310469316}","{'height': 360, 'width': 540, 'mime_type': 'video/mp4'}",USurcA3YKDY,https://www.youtube.com/watch?v=USurcA3YKDY
clld34hz8001u3o6la1gw24at,959,right side,,Abnormal Gait,stroke,"{'top': 7.064981949458484, 'left': 142.13718411552347, 'height': 265.3574007220217, 'width': 163.7545126353791}","{'height': 360, 'width': 540, 'mime_type': 'video/mp4'}",USurcA3YKDY,https://www.youtube.com/watch?v=USurcA3YKDY
clld34hz8001u3o6la1gw24at,960,right side,,Abnormal Gait,stroke,"{'top': 7.03971119133574, 'left': 142.19494584837545, 'height': 265.71841155234654, 'width': 164.07220216606495}","{'height': 360, 'width': 540, 'mime_type': 'video/mp4'}",USurcA3YKDY,https://www.youtube.com/watch?v=USurcA3YKDY
clld34hz8001u3o6la1gw24at,961,right side,,Abnormal Gait,stroke,"{'top': 7.014440433212997, 'left': 142.25270758122744, 'height': 266.07942238267145, 'width': 164.38989169675088}","{'height': 360, 'width': 540, 'mime_type': 'video/mp4'}",USurcA3YKDY,https://www.youtube.com/watch?v=USurcA3YKDY
clld34hz8001u3o6la1gw24at,962,right side,,Abnormal Gait,stroke,"{'top': 6.9891696750902526, 'left': 142.31046931407943, 'height': 266.4404332129964, 'width': 164.7075812274368}","{'height': 360, 'width': 540, 'mime_type': 'video/mp4'}",USurcA3YKDY,https://www.youtube.com/watch?v=USurcA3YKDY
clld34hz8001u3o6la1gw24at,963,right side,,Abnormal Gait,stroke,"{'top': 6.9638989169675085, 'left': 142.3682310469314, 'height': 266.80144404332134, 'width': 165.02527075812273}","{'height': 360, 'width': 540, 'mime_type': 'video/mp4'}",USurcA3YKDY,https://www.youtube.com/watch?v=USurcA3YKDY
clld34hz8001u3o6la1gw24at,964,right side,,Abnormal Gait,stroke,"{'top': 6.938628158844765, 'left': 142.4259927797834, 'height': 267.1624548736462, 'width': 165.34296028880865}","{'height': 360, 'width': 540, 'mime_type': 'video/mp4'}",USurcA3YKDY,https://www.youtube.com/watch?v=USurcA3YKDY
clld34hz8001u3o6la1gw24at,965,right side,,Abnormal Gait,stroke,"{'top': 6.913357400722021, 'left': 142.4837545126354, 'height': 267.5234657039711, 'width': 165.66064981949458}","{'height': 360, 'width': 540, 'mime_type': 'video/mp4'}",USurcA3YKDY,https://www.youtube.com/watch?v=USurcA3YKDY
clld34hz8001u3o6la1gw24at,966,right side,,Abnormal Gait,stroke,"{'top': 6.888086642599278, 'left': 142.54151624548737, 'height': 267.884476534296, 'width': 165.9783393501805}","{'height': 360, 'width': 540, 'mime_type': 'video/mp4'}",USurcA3YKDY,https://www.youtube.com/watch?v=USurcA3YKDY
clld34hz8001u3o6la1gw24at,967,right side,,Abnormal Gait,stroke,"{'top': 6.862815884476534, 'left': 142.59927797833936, 'height': 268.2454873646209, 'width': 166.29602888086643}","{'height': 360, 'width': 540, 'mime_type': 'video/mp4'}",USurcA3YKDY,https://www.youtube.com/watch?v=USurcA3YKDY
clld34hz8001u3o6la1gw24at,968,right side,,Abnormal Gait,stroke,"{'top': 6.83754512635379, 'left': 142.65703971119135, 'height': 268.60649819494586, 'width': 166.61371841155236}","{'height': 360, 'width': 540, 'mime_type': 'video/mp4'}",USurcA3YKDY,https://www.youtube.com/watch?v=USurcA3YKDY
clld34hz8001u3o6la1gw24at,969,right side,,Abnormal Gait,stroke,"{'top': 6.812274368231047, 'left': 142.71480144404333, 'height': 268.9675090252708, 'width': 166.93140794223828}","{'height': 360, 'width': 540, 'mime_type': 'video/mp4'}",USurcA3YKDY,https://www.youtube.com/watch?v=USurcA3YKDY
clld34hz8001u3o6la1gw24at,970,right side,,Abnormal Gait,stroke,"{'top': 6.787003610108304, 'left': 142.77256317689532, 'height': 269.3285198555957, 'width': 167.2490974729242}","{'height': 360, 'width': 540, 'mime_type': 'video/mp4'}",USurcA3YKDY,https://www.youtube.com/watch?v=USurcA3YKDY
clld34hz8001u3o6la1gw24at,971,right side,,Abnormal Gait,stroke,"{'top': 6.76173285198556, 'left': 142.8303249097473, 'height': 269.68953068592054, 'width': 167.56678700361007}","{'height': 360, 'width': 540, 'mime_type': 'video/mp4'}",USurcA3YKDY,https://www.youtube.com/watch?v=USurcA3YKDY
clld34hz8001u3o6la1gw24at,972,right side,,Abnormal Gait,stroke,"{'top': 6.736462093862816, 'left': 142.8880866425993, 'height': 270.05054151624546, 'width': 167.884476534296}","{'height': 360, 'width': 540, 'mime_type': 'video/mp4'}",USurcA3YKDY,https://www.youtube.com/watch?v=USurcA3YKDY
clld34hz8001u3o6la1gw24at,973,right side,,Abnormal Gait,stroke,"{'top': 6.711191335740072, 'left': 142.94584837545128, 'height': 270.4115523465704, 'width': 168.20216606498192}","{'height': 360, 'width': 540, 'mime_type': 'video/mp4'}",USurcA3YKDY,https://www.youtube.com/watch?v=USurcA3YKDY
clld34hz8001u3o6la1gw24at,974,right side,,Abnormal Gait,stroke,"{'top': 6.685920577617328, 'left': 143.00361010830323, 'height': 270.77256317689535, 'width': 168.51985559566788}","{'height': 360, 'width': 540, 'mime_type': 'video/mp4'}",USurcA3YKDY,https://www.youtube.com/watch?v=USurcA3YKDY
clld34hz8001u3o6la1gw24at,975,right side,,Abnormal Gait,stroke,"{'top': 6.660649819494585, 'left': 143.06137184115522, 'height': 271.1335740072202, 'width': 168.8375451263538}","{'height': 360, 'width': 540, 'mime_type': 'video/mp4'}",USurcA3YKDY,https://www.youtube.com/watch?v=USurcA3YKDY
clld34hz8001u3o6la1gw24at,976,right side,,Abnormal Gait,stroke,"{'top': 6.635379061371841, 'left': 143.1191335740072, 'height': 271.4945848375451, 'width': 169.15523465703973}","{'height': 360, 'width': 540, 'mime_type': 'video/mp4'}",USurcA3YKDY,https://www.youtube.com/watch?v=USurcA3YKDY
clld34hz8001u3o6la1gw24at,977,right side,,Abnormal Gait,stroke,"{'top': 6.610108303249097, 'left': 143.1768953068592, 'height': 271.85559566787003, 'width': 169.47292418772565}","{'height': 360, 'width': 540, 'mime_type': 'video/mp4'}",USurcA3YKDY,https://www.youtube.com/watch?v=USurcA3YKDY
clld34hz8001u3o6la1gw24at,978,right side,,Abnormal Gait,stroke,"{'top': 6.584837545126354, 'left': 143.23465703971118, 'height': 272.21660649819495, 'width': 169.79061371841158}","{'height': 360, 'width': 540, 'mime_type': 'video/mp4'}",USurcA3YKDY,https://www.youtube.com/watch?v=USurcA3YKDY
clld34hz8001u3o6la1gw24at,979,right side,,Abnormal Gait,stroke,"{'top': 6.55956678700361, 'left': 143.29241877256317, 'height': 272.57761732851986, 'width': 170.1083032490975}","{'height': 360, 'width': 540, 'mime_type': 'video/mp4'}",USurcA3YKDY,https://www.youtube.com/watch?v=USurcA3YKDY
clld34hz8001u3o6la1gw24at,980,right side,,Abnormal Gait,stroke,"{'top': 6.534296028880867, 'left': 143.35018050541515, 'height': 272.9386281588448, 'width': 170.42599277978343}","{'height': 360, 'width': 540, 'mime_type': 'video/mp4'}",USurcA3YKDY,https://www.youtube.com/watch?v=USurcA3YKDY
clld34hz8001u3o6la1gw24at,981,right side,,Abnormal Gait,stroke,"{'top': 6.509025270758123, 'left': 143.40794223826714, 'height': 273.2996389891697, 'width': 170.7436823104693}","{'height': 360, 'width': 540, 'mime_type': 'video/mp4'}",USurcA3YKDY,https://www.youtube.com/watch?v=USurcA3YKDY
clld34hz8001u3o6la1gw24at,982,right side,,Abnormal Gait,stroke,"{'top': 6.483754512635379, 'left': 143.46570397111913, 'height': 273.6606498194946, 'width': 171.06137184115522}","{'height': 360, 'width': 540, 'mime_type': 'video/mp4'}",USurcA3YKDY,https://www.youtube.com/watch?v=USurcA3YKDY
clld34hz8001u3o6la1gw24at,983,right side,,Abnormal Gait,stroke,"{'top': 6.458483754512636, 'left': 143.5234657039711, 'height': 274.02166064981947, 'width': 171.37906137184115}","{'height': 360, 'width': 540, 'mime_type': 'video/mp4'}",USurcA3YKDY,https://www.youtube.com/watch?v=USurcA3YKDY
clld34hz8001u3o6la1gw24at,984,right side,,Abnormal Gait,stroke,"{'top': 6.433212996389892, 'left': 143.5812274368231, 'height': 274.3826714801444, 'width': 171.69675090252707}","{'height': 360, 'width': 540, 'mime_type': 'video/mp4'}",USurcA3YKDY,https://www.youtube.com/watch?v=USurcA3YKDY
clld34hz8001u3o6la1gw24at,985,right side,,Abnormal Gait,stroke,"{'top': 6.4079422382671485, 'left': 143.63898916967509, 'height': 274.7436823104693, 'width': 172.014440433213}","{'height': 360, 'width': 540, 'mime_type': 'video/mp4'}",USurcA3YKDY,https://www.youtube.com/watch?v=USurcA3YKDY
clld34hz8001u3o6la1gw24at,986,right side,,Abnormal Gait,stroke,"{'top': 6.382671480144404, 'left': 143.69675090252707, 'height': 275.10469314079427, 'width': 172.33212996389892}","{'height': 360, 'width': 540, 'mime_type': 'video/mp4'}",USurcA3YKDY,https://www.youtube.com/watch?v=USurcA3YKDY
clld34hz8001u3o6la1gw24at,987,right side,,Abnormal Gait,stroke,"{'top': 6.35740072202166, 'left': 143.75451263537906, 'height': 275.4657039711191, 'width': 172.64981949458485}","{'height': 360, 'width': 540, 'mime_type': 'video/mp4'}",USurcA3YKDY,https://www.youtube.com/watch?v=USurcA3YKDY
clld34hz8001u3o6la1gw24at,988,right side,,Abnormal Gait,stroke,"{'top': 6.332129963898917, 'left': 143.81227436823104, 'height': 275.82671480144404, 'width': 172.96750902527077}","{'height': 360, 'width': 540, 'mime_type': 'video/mp4'}",USurcA3YKDY,https://www.youtube.com/watch?v=USurcA3YKDY
clld34hz8001u3o6la1gw24at,989,right side,,Abnormal Gait,stroke,"{'top': 6.306859205776173, 'left': 143.87003610108303, 'height': 276.18772563176896, 'width': 173.2851985559567}","{'height': 360, 'width': 540, 'mime_type': 'video/mp4'}",USurcA3YKDY,https://www.youtube.com/watch?v=USurcA3YKDY
clld34hz8001u3o6la1gw24at,990,right side,,Abnormal Gait,stroke,"{'top': 6.28158844765343, 'left': 143.92779783393502, 'height': 276.54873646209387, 'width': 173.60288808664262}","{'height': 360, 'width': 540, 'mime_type': 'video/mp4'}",USurcA3YKDY,https://www.youtube.com/watch?v=USurcA3YKDY
clld34hz8001u3o6la1gw24at,991,right side,,Abnormal Gait,stroke,"{'top': 6.256317689530686, 'left': 143.985559566787, 'height': 276.90974729241873, 'width': 173.92057761732855}","{'height': 360, 'width': 540, 'mime_type': 'video/mp4'}",USurcA3YKDY,https://www.youtube.com/watch?v=USurcA3YKDY
clld34hz8001u3o6la1gw24at,992,right side,,Abnormal Gait,stroke,"{'top': 6.231046931407942, 'left': 144.043321299639, 'height': 277.2707581227437, 'width': 174.23826714801442}","{'height': 360, 'width': 540, 'mime_type': 'video/mp4'}",USurcA3YKDY,https://www.youtube.com/watch?v=USurcA3YKDY
clld34hz8001u3o6la1gw24at,993,right side,,Abnormal Gait,stroke,"{'top': 6.205776173285199, 'left': 144.10108303249098, 'height': 277.6317689530686, 'width': 174.55595667870034}","{'height': 360, 'width': 540, 'mime_type': 'video/mp4'}",USurcA3YKDY,https://www.youtube.com/watch?v=USurcA3YKDY
clld34hz8001u3o6la1gw24at,994,right side,,Abnormal Gait,stroke,"{'top': 6.180505415162455, 'left': 144.15884476534296, 'height': 277.99277978339353, 'width': 174.87364620938627}","{'height': 360, 'width': 540, 'mime_type': 'video/mp4'}",USurcA3YKDY,https://www.youtube.com/watch?v=USurcA3YKDY
clld34hz8001u3o6la1gw24at,995,right side,,Abnormal Gait,stroke,"{'top': 6.155234657039711, 'left': 144.21660649819495, 'height': 278.3537906137184, 'width': 175.1913357400722}","{'height': 360, 'width': 540, 'mime_type': 'video/mp4'}",USurcA3YKDY,https://www.youtube.com/watch?v=USurcA3YKDY
clld34hz8001u3o6la1gw24at,996,right side,,Abnormal Gait,stroke,"{'top': 6.129963898916968, 'left': 144.27436823104694, 'height': 278.7148014440433, 'width': 175.50902527075812}","{'height': 360, 'width': 540, 'mime_type': 'video/mp4'}",USurcA3YKDY,https://www.youtube.com/watch?v=USurcA3YKDY
clld34hz8001u3o6la1gw24at,997,right side,,Abnormal Gait,stroke,"{'top': 6.104693140794223, 'left': 144.33212996389892, 'height': 279.0758122743682, 'width': 175.82671480144404}","{'height': 360, 'width': 540, 'mime_type': 'video/mp4'}",USurcA3YKDY,https://www.youtube.com/watch?v=USurcA3YKDY
clld34hz8001u3o6la1gw24at,998,right side,,Abnormal Gait,stroke,"{'top': 6.079422382671479, 'left': 144.3898916967509, 'height': 279.4368231046932, 'width': 176.14440433212997}","{'height': 360, 'width': 540, 'mime_type': 'video/mp4'}",USurcA3YKDY,https://www.youtube.com/watch?v=USurcA3YKDY
clld34hz8001u3o6la1gw24at,999,right side,,Abnormal Gait,stroke,"{'top': 6.054151624548736, 'left': 144.4476534296029, 'height': 279.79783393501805, 'width': 176.4620938628159}","{'height': 360, 'width': 540, 'mime_type': 'video/mp4'}",USurcA3YKDY,https://www.youtube.com/watch?v=USurcA3YKDY
clld34hz8001u3o6la1gw24at,1000,right side,,Abnormal Gait,stroke,"{'top': 6.028880866425993, 'left': 144.50541516245488, 'height': 280.15884476534296, 'width': 176.77978339350182}","{'height': 360, 'width': 540, 'mime_type': 'video/mp4'}",USurcA3YKDY,https://www.youtube.com/watch?v=USurcA3YKDY
clld34hz8001u3o6la1gw24at,1001,right side,,Abnormal Gait,stroke,"{'top': 6.003610108303249, 'left': 144.56317689530687, 'height': 280.5198555956679, 'width': 177.09747292418774}","{'height': 360, 'width': 540, 'mime_type': 'video/mp4'}",USurcA3YKDY,https://www.youtube.com/watch?v=USurcA3YKDY
clld34hz8001u3o6la1gw24at,1002,right side,,Abnormal Gait,stroke,"{'top': 5.978339350180505, 'left': 144.62093862815885, 'height': 280.88086642599274, 'width': 177.4151624548736}","{'height': 360, 'width': 540, 'mime_type': 'video/mp4'}",USurcA3YKDY,https://www.youtube.com/watch?v=USurcA3YKDY
clld34hz8001u3o6la1gw24at,1003,right side,,Abnormal Gait,stroke,"{'top': 5.953068592057762, 'left': 144.67870036101084, 'height': 281.24187725631765, 'width': 177.73285198555953}","{'height': 360, 'width': 540, 'mime_type': 'video/mp4'}",USurcA3YKDY,https://www.youtube.com/watch?v=USurcA3YKDY
clld34hz8001u3o6la1gw24at,1004,right side,,Abnormal Gait,stroke,"{'top': 5.927797833935018, 'left': 144.73646209386283, 'height': 281.6028880866426, 'width': 178.05054151624546}","{'height': 360, 'width': 540, 'mime_type': 'video/mp4'}",USurcA3YKDY,https://www.youtube.com/watch?v=USurcA3YKDY
clld34hz8001u3o6la1gw24at,1005,right side,,Abnormal Gait,stroke,"{'top': 5.902527075812275, 'left': 144.7942238267148, 'height': 281.96389891696754, 'width': 178.36823104693138}","{'height': 360, 'width': 540, 'mime_type': 'video/mp4'}",USurcA3YKDY,https://www.youtube.com/watch?v=USurcA3YKDY
clld34hz8001u3o6la1gw24at,1006,right side,,Abnormal Gait,stroke,"{'top': 5.877256317689531, 'left': 144.8519855595668, 'height': 282.3249097472924, 'width': 178.6859205776173}","{'height': 360, 'width': 540, 'mime_type': 'video/mp4'}",USurcA3YKDY,https://www.youtube.com/watch?v=USurcA3YKDY
clld34hz8001u3o6la1gw24at,1007,right side,,Abnormal Gait,stroke,"{'top': 5.851985559566787, 'left': 144.90974729241879, 'height': 282.6859205776173, 'width': 179.00361010830323}","{'height': 360, 'width': 540, 'mime_type': 'video/mp4'}",USurcA3YKDY,https://www.youtube.com/watch?v=USurcA3YKDY
clld34hz8001u3o6la1gw24at,1008,right side,,Abnormal Gait,stroke,"{'top': 5.826714801444043, 'left': 144.96750902527077, 'height': 283.0469314079422, 'width': 179.32129963898916}","{'height': 360, 'width': 540, 'mime_type': 'video/mp4'}",USurcA3YKDY,https://www.youtube.com/watch?v=USurcA3YKDY
clld34hz8001u3o6la1gw24at,1009,right side,,Abnormal Gait,stroke,"{'top': 5.801444043321299, 'left': 145.02527075812276, 'height': 283.40794223826714, 'width': 179.63898916967509}","{'height': 360, 'width': 540, 'mime_type': 'video/mp4'}",USurcA3YKDY,https://www.youtube.com/watch?v=USurcA3YKDY
clld34hz8001u3o6la1gw24at,1010,right side,,Abnormal Gait,stroke,"{'top': 5.776173285198556, 'left': 145.08303249097472, 'height': 283.76895306859205, 'width': 179.95667870036104}","{'height': 360, 'width': 540, 'mime_type': 'video/mp4'}",USurcA3YKDY,https://www.youtube.com/watch?v=USurcA3YKDY
clld34hz8001u3o6la1gw24at,1011,right side,,Abnormal Gait,stroke,"{'top': 5.750902527075812, 'left': 145.1407942238267, 'height': 284.12996389891697, 'width': 180.27436823104696}","{'height': 360, 'width': 540, 'mime_type': 'video/mp4'}",USurcA3YKDY,https://www.youtube.com/watch?v=USurcA3YKDY
clld34hz8001u3o6la1gw24at,1012,right side,,Abnormal Gait,stroke,"{'top': 5.725631768953068, 'left': 145.1985559566787, 'height': 284.4909747292419, 'width': 180.5920577617329}","{'height': 360, 'width': 540, 'mime_type': 'video/mp4'}",USurcA3YKDY,https://www.youtube.com/watch?v=USurcA3YKDY
clld34hz8001u3o6la1gw24at,1013,right side,,Abnormal Gait,stroke,"{'top': 5.700361010830325, 'left': 145.25631768953068, 'height': 284.8519855595668, 'width': 180.9097472924188}","{'height': 360, 'width': 540, 'mime_type': 'video/mp4'}",USurcA3YKDY,https://www.youtube.com/watch?v=USurcA3YKDY
clld34hz8001u3o6la1gw24at,1014,right side,,Abnormal Gait,stroke,"{'top': 5.675090252707581, 'left': 145.31407942238266, 'height': 285.21299638989166, 'width': 181.22743682310468}","{'height': 360, 'width': 540, 'mime_type': 'video/mp4'}",USurcA3YKDY,https://www.youtube.com/watch?v=USurcA3YKDY
clld34hz8001u3o6la1gw24at,1015,right side,,Abnormal Gait,stroke,"{'top': 5.649819494584838, 'left': 145.37184115523465, 'height': 285.5740072202166, 'width': 181.5451263537906}","{'height': 360, 'width': 540, 'mime_type': 'video/mp4'}",USurcA3YKDY,https://www.youtube.com/watch?v=USurcA3YKDY
clld34hz8001u3o6la1gw24at,1016,right side,,Abnormal Gait,stroke,"{'top': 5.624548736462094, 'left': 145.42960288808663, 'height': 285.93501805054154, 'width': 181.86281588447653}","{'height': 360, 'width': 540, 'mime_type': 'video/mp4'}",USurcA3YKDY,https://www.youtube.com/watch?v=USurcA3YKDY
clld34hz8001u3o6la1gw24at,1017,right side,,Abnormal Gait,stroke,"{'top': 5.59927797833935, 'left': 145.48736462093862, 'height': 286.29602888086646, 'width': 182.18050541516246}","{'height': 360, 'width': 540, 'mime_type': 'video/mp4'}",USurcA3YKDY,https://www.youtube.com/watch?v=USurcA3YKDY
clld34hz8001u3o6la1gw24at,1018,right side,,Abnormal Gait,stroke,"{'top': 5.574007220216607, 'left': 145.5451263537906, 'height': 286.6570397111913, 'width': 182.49819494584838}","{'height': 360, 'width': 540, 'mime_type': 'video/mp4'}",USurcA3YKDY,https://www.youtube.com/watch?v=USurcA3YKDY
clld34hz8001u3o6la1gw24at,1019,right side,,Abnormal Gait,stroke,"{'top': 5.5487364620938635, 'left': 145.6028880866426, 'height': 287.01805054151623, 'width': 182.8158844765343}","{'height': 360, 'width': 540, 'mime_type': 'video/mp4'}",USurcA3YKDY,https://www.youtube.com/watch?v=USurcA3YKDY
clld34hz8001u3o6la1gw24at,1020,right side,,Abnormal Gait,stroke,"{'top': 5.5234657039711195, 'left': 145.66064981949458, 'height': 287.37906137184115, 'width': 183.13357400722023}","{'height': 360, 'width': 540, 'mime_type': 'video/mp4'}",USurcA3YKDY,https://www.youtube.com/watch?v=USurcA3YKDY
clld34hz8001u3o6la1gw24at,1021,right side,,Abnormal Gait,stroke,"{'top': 5.498194945848375, 'left': 145.71841155234657, 'height': 287.74007220216606, 'width': 183.45126353790616}","{'height': 360, 'width': 540, 'mime_type': 'video/mp4'}",USurcA3YKDY,https://www.youtube.com/watch?v=USurcA3YKDY
clld34hz8001u3o6la1gw24at,1022,right side,,Abnormal Gait,stroke,"{'top': 5.472924187725631, 'left': 145.77617328519855, 'height': 288.101083032491, 'width': 183.76895306859208}","{'height': 360, 'width': 540, 'mime_type': 'video/mp4'}",USurcA3YKDY,https://www.youtube.com/watch?v=USurcA3YKDY
clld34hz8001u3o6la1gw24at,1023,right side,,Abnormal Gait,stroke,"{'top': 5.447653429602887, 'left': 145.83393501805054, 'height': 288.4620938628159, 'width': 184.08664259927795}","{'height': 360, 'width': 540, 'mime_type': 'video/mp4'}",USurcA3YKDY,https://www.youtube.com/watch?v=USurcA3YKDY
clld34hz8001u3o6la1gw24at,1024,right side,,Abnormal Gait,stroke,"{'top': 5.422382671480144, 'left': 145.89169675090253, 'height': 288.8231046931408, 'width': 184.40433212996388}","{'height': 360, 'width': 540, 'mime_type': 'video/mp4'}",USurcA3YKDY,https://www.youtube.com/watch?v=USurcA3YKDY
clld34hz8001u3o6la1gw24at,1025,right side,,Abnormal Gait,stroke,"{'top': 5.397111913357401, 'left': 145.9494584837545, 'height': 289.1841155234657, 'width': 184.7220216606498}","{'height': 360, 'width': 540, 'mime_type': 'video/mp4'}",USurcA3YKDY,https://www.youtube.com/watch?v=USurcA3YKDY
clld34hz8001u3o6la1gw24at,1026,right side,,Abnormal Gait,stroke,"{'top': 5.371841155234657, 'left': 146.0072202166065, 'height': 289.5451263537906, 'width': 185.03971119133573}","{'height': 360, 'width': 540, 'mime_type': 'video/mp4'}",USurcA3YKDY,https://www.youtube.com/watch?v=USurcA3YKDY
clld34hz8001u3o6la1gw24at,1027,right side,,Abnormal Gait,stroke,"{'top': 5.346570397111913, 'left': 146.06498194945848, 'height': 289.90613718411555, 'width': 185.35740072202165}","{'height': 360, 'width': 540, 'mime_type': 'video/mp4'}",USurcA3YKDY,https://www.youtube.com/watch?v=USurcA3YKDY
clld34hz8001u3o6la1gw24at,1028,right side,,Abnormal Gait,stroke,"{'top': 5.32129963898917, 'left': 146.12274368231047, 'height': 290.26714801444047, 'width': 185.67509025270758}","{'height': 360, 'width': 540, 'mime_type': 'video/mp4'}",USurcA3YKDY,https://www.youtube.com/watch?v=USurcA3YKDY
clld34hz8001u3o6la1gw24at,1029,right side,,Abnormal Gait,stroke,"{'top': 5.296028880866427, 'left': 146.18050541516246, 'height': 290.6281588447654, 'width': 185.9927797833935}","{'height': 360, 'width': 540, 'mime_type': 'video/mp4'}",USurcA3YKDY,https://www.youtube.com/watch?v=USurcA3YKDY
clld34hz8001u3o6la1gw24at,1030,right side,,Abnormal Gait,stroke,"{'top': 5.270758122743683, 'left': 146.23826714801444, 'height': 290.98916967509024, 'width': 186.31046931407943}","{'height': 360, 'width': 540, 'mime_type': 'video/mp4'}",USurcA3YKDY,https://www.youtube.com/watch?v=USurcA3YKDY
clld34hz8001u3o6la1gw24at,1031,right side,,Abnormal Gait,stroke,"{'top': 5.245487364620939, 'left': 146.29602888086643, 'height': 291.35018050541515, 'width': 186.62815884476535}","{'height': 360, 'width': 540, 'mime_type': 'video/mp4'}",USurcA3YKDY,https://www.youtube.com/watch?v=USurcA3YKDY
clld34hz8001u3o6la1gw24at,1032,right side,,Abnormal Gait,stroke,"{'top': 5.220216606498194, 'left': 146.35379061371842, 'height': 291.71119133574007, 'width': 186.94584837545128}","{'height': 360, 'width': 540, 'mime_type': 'video/mp4'}",USurcA3YKDY,https://www.youtube.com/watch?v=USurcA3YKDY
clld34hz8001u3o6la1gw24at,1033,right side,,Abnormal Gait,stroke,"{'top': 5.194945848375451, 'left': 146.4115523465704, 'height': 292.072202166065, 'width': 187.2635379061372}","{'height': 360, 'width': 540, 'mime_type': 'video/mp4'}",USurcA3YKDY,https://www.youtube.com/watch?v=USurcA3YKDY
clld34hz8001u3o6la1gw24at,1034,right side,,Abnormal Gait,stroke,"{'top': 5.169675090252708, 'left': 146.4693140794224, 'height': 292.43321299638984, 'width': 187.58122743682313}","{'height': 360, 'width': 540, 'mime_type': 'video/mp4'}",USurcA3YKDY,https://www.youtube.com/watch?v=USurcA3YKDY
clld34hz8001u3o6la1gw24at,1035,right side,,Abnormal Gait,stroke,"{'top': 5.144404332129964, 'left': 146.52707581227438, 'height': 292.7942238267148, 'width': 187.89891696750905}","{'height': 360, 'width': 540, 'mime_type': 'video/mp4'}",USurcA3YKDY,https://www.youtube.com/watch?v=USurcA3YKDY
clld34hz8001u3o6la1gw24at,1036,right side,,Abnormal Gait,stroke,"{'top': 5.11913357400722, 'left': 146.58483754512636, 'height': 293.1552346570397, 'width': 188.21660649819492}","{'height': 360, 'width': 540, 'mime_type': 'video/mp4'}",USurcA3YKDY,https://www.youtube.com/watch?v=USurcA3YKDY
clld34hz8001u3o6la1gw24at,1037,right side,,Abnormal Gait,stroke,"{'top': 5.093862815884476, 'left': 146.64259927797835, 'height': 293.51624548736464, 'width': 188.53429602888085}","{'height': 360, 'width': 540, 'mime_type': 'video/mp4'}",USurcA3YKDY,https://www.youtube.com/watch?v=USurcA3YKDY
clld34hz8001u3o6la1gw24at,1038,right side,,Abnormal Gait,stroke,"{'top': 5.068592057761733, 'left': 146.70036101083033, 'height': 293.8772563176895, 'width': 188.85198555956677}","{'height': 360, 'width': 540, 'mime_type': 'video/mp4'}",USurcA3YKDY,https://www.youtube.com/watch?v=USurcA3YKDY
clld34hz8001u3o6la1gw24at,1039,right side,,Abnormal Gait,stroke,"{'top': 5.043321299638989, 'left': 146.75812274368232, 'height': 294.2382671480145, 'width': 189.1696750902527}","{'height': 360, 'width': 540, 'mime_type': 'video/mp4'}",USurcA3YKDY,https://www.youtube.com/watch?v=USurcA3YKDY
clld34hz8001u3o6la1gw24at,1040,right side,,Abnormal Gait,stroke,"{'top': 5.018050541516246, 'left': 146.8158844765343, 'height': 294.5992779783394, 'width': 189.48736462093862}","{'height': 360, 'width': 540, 'mime_type': 'video/mp4'}",USurcA3YKDY,https://www.youtube.com/watch?v=USurcA3YKDY
clld34hz8001u3o6la1gw24at,1041,right side,,Abnormal Gait,stroke,"{'top': 4.992779783393502, 'left': 146.8736462093863, 'height': 294.96028880866425, 'width': 189.80505415162455}","{'height': 360, 'width': 540, 'mime_type': 'video/mp4'}",USurcA3YKDY,https://www.youtube.com/watch?v=USurcA3YKDY
clld34hz8001u3o6la1gw24at,1042,right side,,Abnormal Gait,stroke,"{'top': 4.967509025270758, 'left': 146.93140794223828, 'height': 295.32129963898916, 'width': 190.12274368231047}","{'height': 360, 'width': 540, 'mime_type': 'video/mp4'}",USurcA3YKDY,https://www.youtube.com/watch?v=USurcA3YKDY
clld34hz8001u3o6la1gw24at,1043,right side,,Abnormal Gait,stroke,"{'top': 4.942238267148014, 'left': 146.98916967509024, 'height': 295.6823104693141, 'width': 190.44043321299642}","{'height': 360, 'width': 540, 'mime_type': 'video/mp4'}",USurcA3YKDY,https://www.youtube.com/watch?v=USurcA3YKDY
clld34hz8001u3o6la1gw24at,1044,right side,,Abnormal Gait,stroke,"{'top': 4.916967509025271, 'left': 147.04693140794222, 'height': 296.043321299639, 'width': 190.7581227436823}","{'height': 360, 'width': 540, 'mime_type': 'video/mp4'}",USurcA3YKDY,https://www.youtube.com/watch?v=USurcA3YKDY
clld34hz8001u3o6la1gw24at,1045,right side,,Abnormal Gait,stroke,"{'top': 4.891696750902527, 'left': 147.1046931407942, 'height': 296.40433212996385, 'width': 191.07581227436822}","{'height': 360, 'width': 540, 'mime_type': 'video/mp4'}",USurcA3YKDY,https://www.youtube.com/watch?v=USurcA3YKDY
clld34hz8001u3o6la1gw24at,1046,right side,,Abnormal Gait,stroke,"{'top': 4.866425992779783, 'left': 147.1624548736462, 'height': 296.76534296028876, 'width': 191.39350180505414}","{'height': 360, 'width': 540, 'mime_type': 'video/mp4'}",USurcA3YKDY,https://www.youtube.com/watch?v=USurcA3YKDY
clld34hz8001u3o6la1gw24at,1047,right side,,Abnormal Gait,stroke,"{'top': 4.84115523465704, 'left': 147.22021660649818, 'height': 297.12635379061373, 'width': 191.71119133574007}","{'height': 360, 'width': 540, 'mime_type': 'video/mp4'}",USurcA3YKDY,https://www.youtube.com/watch?v=USurcA3YKDY
clld34hz8001u3o6la1gw24at,1048,right side,,Abnormal Gait,stroke,"{'top': 4.815884476534296, 'left': 147.27797833935017, 'height': 297.48736462093865, 'width': 192.028880866426}","{'height': 360, 'width': 540, 'mime_type': 'video/mp4'}",USurcA3YKDY,https://www.youtube.com/watch?v=USurcA3YKDY
clld34hz8001u3o6la1gw24at,1049,right side,,Abnormal Gait,stroke,"{'top': 4.790613718411552, 'left': 147.33574007220216, 'height': 297.8483754512635, 'width': 192.34657039711192}","{'height': 360, 'width': 540, 'mime_type': 'video/mp4'}",USurcA3YKDY,https://www.youtube.com/watch?v=USurcA3YKDY
clld34hz8001u3o6la1gw24at,1050,right side,,Abnormal Gait,stroke,"{'top': 4.765342960288809, 'left': 147.39350180505414, 'height': 298.2093862815884, 'width': 192.66425992779784}","{'height': 360, 'width': 540, 'mime_type': 'video/mp4'}",USurcA3YKDY,https://www.youtube.com/watch?v=USurcA3YKDY
clld34hz8001u3o6la1gw24at,1051,right side,,Abnormal Gait,stroke,"{'top': 4.740072202166065, 'left': 147.45126353790613, 'height': 298.5703971119134, 'width': 192.98194945848377}","{'height': 360, 'width': 540, 'mime_type': 'video/mp4'}",USurcA3YKDY,https://www.youtube.com/watch?v=USurcA3YKDY
clld34hz8001u3o6la1gw24at,1052,right side,,Abnormal Gait,stroke,"{'top': 4.714801444043321, 'left': 147.50902527075812, 'height': 298.9314079422383, 'width': 193.2996389891697}","{'height': 360, 'width': 540, 'mime_type': 'video/mp4'}",USurcA3YKDY,https://www.youtube.com/watch?v=USurcA3YKDY
clld34hz8001u3o6la1gw24at,1053,right side,,Abnormal Gait,stroke,"{'top': 4.6895306859205785, 'left': 147.5667870036101, 'height': 299.29241877256317, 'width': 193.61732851985562}","{'height': 360, 'width': 540, 'mime_type': 'video/mp4'}",USurcA3YKDY,https://www.youtube.com/watch?v=USurcA3YKDY
clld34hz8001u3o6la1gw24at,1054,right side,,Abnormal Gait,stroke,"{'top': 4.6642599277978345, 'left': 147.6245487364621, 'height': 299.6534296028881, 'width': 193.93501805054154}","{'height': 360, 'width': 540, 'mime_type': 'video/mp4'}",USurcA3YKDY,https://www.youtube.com/watch?v=USurcA3YKDY
clld34hz8001u3o6la1gw24at,1055,right side,,Abnormal Gait,stroke,"{'top': 4.6389891696750905, 'left': 147.68231046931407, 'height': 300.014440433213, 'width': 194.25270758122747}","{'height': 360, 'width': 540, 'mime_type': 'video/mp4'}",USurcA3YKDY,https://www.youtube.com/watch?v=USurcA3YKDY
clld34hz8001u3o6la1gw24at,1056,right side,,Abnormal Gait,stroke,"{'top': 4.613718411552346, 'left': 147.74007220216606, 'height': 300.3754512635379, 'width': 194.57039711191334}","{'height': 360, 'width': 540, 'mime_type': 'video/mp4'}",USurcA3YKDY,https://www.youtube.com/watch?v=USurcA3YKDY
clld34hz8001u3o6la1gw24at,1057,right side,,Abnormal Gait,stroke,"{'top': 4.588447653429602, 'left': 147.79783393501805, 'height': 300.73646209386277, 'width': 194.88808664259926}","{'height': 360, 'width': 540, 'mime_type': 'video/mp4'}",USurcA3YKDY,https://www.youtube.com/watch?v=USurcA3YKDY
clld34hz8001u3o6la1gw24at,1058,right side,,Abnormal Gait,stroke,"{'top': 4.563176895306859, 'left': 147.85559566787003, 'height': 301.0974729241877, 'width': 195.2057761732852}","{'height': 360, 'width': 540, 'mime_type': 'video/mp4'}",USurcA3YKDY,https://www.youtube.com/watch?v=USurcA3YKDY
clld34hz8001u3o6la1gw24at,1059,right side,,Abnormal Gait,stroke,"{'top': 4.537906137184116, 'left': 147.91335740072202, 'height': 301.45848375451266, 'width': 195.5234657039711}","{'height': 360, 'width': 540, 'mime_type': 'video/mp4'}",USurcA3YKDY,https://www.youtube.com/watch?v=USurcA3YKDY
clld34hz8001u3o6la1gw24at,1060,right side,,Abnormal Gait,stroke,"{'top': 4.512635379061372, 'left': 147.971119133574, 'height': 301.81949458483757, 'width': 195.84115523465704}","{'height': 360, 'width': 540, 'mime_type': 'video/mp4'}",USurcA3YKDY,https://www.youtube.com/watch?v=USurcA3YKDY
clld34hz8001u3o6la1gw24at,1061,right side,,Abnormal Gait,stroke,"{'top': 4.487364620938628, 'left': 148.028880866426, 'height': 302.18050541516243, 'width': 196.15884476534296}","{'height': 360, 'width': 540, 'mime_type': 'video/mp4'}",USurcA3YKDY,https://www.youtube.com/watch?v=USurcA3YKDY
clld34hz8001u3o6la1gw24at,1062,right side,,Abnormal Gait,stroke,"{'top': 4.462093862815885, 'left': 148.08664259927798, 'height': 302.54151624548734, 'width': 196.4765342960289}","{'height': 360, 'width': 540, 'mime_type': 'video/mp4'}",USurcA3YKDY,https://www.youtube.com/watch?v=USurcA3YKDY
clld34hz8001u3o6la1gw24at,1063,right side,,Abnormal Gait,stroke,"{'top': 4.436823104693141, 'left': 148.14440433212997, 'height': 302.9025270758123, 'width': 196.7942238267148}","{'height': 360, 'width': 540, 'mime_type': 'video/mp4'}",USurcA3YKDY,https://www.youtube.com/watch?v=USurcA3YKDY
clld34hz8001u3o6la1gw24at,1064,right side,,Abnormal Gait,stroke,"{'top': 4.411552346570398, 'left': 148.20216606498195, 'height': 303.26353790613723, 'width': 197.11191335740074}","{'height': 360, 'width': 540, 'mime_type': 'video/mp4'}",USurcA3YKDY,https://www.youtube.com/watch?v=USurcA3YKDY
clld34hz8001u3o6la1gw24at,1065,right side,,Abnormal Gait,stroke,"{'top': 4.386281588447654, 'left': 148.25992779783394, 'height': 303.6245487364621, 'width': 197.42960288808666}","{'height': 360, 'width': 540, 'mime_type': 'video/mp4'}",USurcA3YKDY,https://www.youtube.com/watch?v=USurcA3YKDY
clld34hz8001u3o6la1gw24at,1066,right side,,Abnormal Gait,stroke,"{'top': 4.361010830324909, 'left': 148.31768953068593, 'height': 303.985559566787, 'width': 197.74729241877253}","{'height': 360, 'width': 540, 'mime_type': 'video/mp4'}",USurcA3YKDY,https://www.youtube.com/watch?v=USurcA3YKDY
clld34hz8001u3o6la1gw24at,1067,right side,,Abnormal Gait,stroke,"{'top': 4.335740072202165, 'left': 148.3754512635379, 'height': 304.3465703971119, 'width': 198.06498194945846}","{'height': 360, 'width': 540, 'mime_type': 'video/mp4'}",USurcA3YKDY,https://www.youtube.com/watch?v=USurcA3YKDY
clld34hz8001u3o6la1gw24at,1068,right side,,Abnormal Gait,stroke,"{'top': 4.3104693140794215, 'left': 148.4332129963899, 'height': 304.70758122743683, 'width': 198.38267148014438}","{'height': 360, 'width': 540, 'mime_type': 'video/mp4'}",USurcA3YKDY,https://www.youtube.com/watch?v=USurcA3YKDY
clld34hz8001u3o6la1gw24at,1069,right side,,Abnormal Gait,stroke,"{'top': 4.285198555956679, 'left': 148.49097472924188, 'height': 305.0685920577617, 'width': 198.7003610108303}","{'height': 360, 'width': 540, 'mime_type': 'video/mp4'}",USurcA3YKDY,https://www.youtube.com/watch?v=USurcA3YKDY
clld34hz8001u3o6la1gw24at,1070,right side,,Abnormal Gait,stroke,"{'top': 4.259927797833935, 'left': 148.54873646209387, 'height': 305.42960288808666, 'width': 199.01805054151623}","{'height': 360, 'width': 540, 'mime_type': 'video/mp4'}",USurcA3YKDY,https://www.youtube.com/watch?v=USurcA3YKDY
clld34hz8001u3o6la1gw24at,1071,right side,,Abnormal Gait,stroke,"{'top': 4.234657039711191, 'left': 148.60649819494586, 'height': 305.7906137184116, 'width': 199.33574007220216}","{'height': 360, 'width': 540, 'mime_type': 'video/mp4'}",USurcA3YKDY,https://www.youtube.com/watch?v=USurcA3YKDY
clld34hz8001u3o6la1gw24at,1072,right side,,Abnormal Gait,stroke,"{'top': 4.209386281588447, 'left': 148.66425992779784, 'height': 306.1516245487365, 'width': 199.65342960288808}","{'height': 360, 'width': 540, 'mime_type': 'video/mp4'}",USurcA3YKDY,https://www.youtube.com/watch?v=USurcA3YKDY
clld34hz8001u3o6la1gw24at,1073,right side,,Abnormal Gait,stroke,"{'top': 4.184115523465704, 'left': 148.72202166064983, 'height': 306.51263537906135, 'width': 199.971119133574}","{'height': 360, 'width': 540, 'mime_type': 'video/mp4'}",USurcA3YKDY,https://www.youtube.com/watch?v=USurcA3YKDY
clld34hz8001u3o6la1gw24at,1074,right side,,Abnormal Gait,stroke,"{'top': 4.15884476534296, 'left': 148.77978339350182, 'height': 306.87364620938627, 'width': 200.28880866425993}","{'height': 360, 'width': 540, 'mime_type': 'video/mp4'}",USurcA3YKDY,https://www.youtube.com/watch?v=USurcA3YKDY
clld34hz8001u3o6la1gw24at,1075,right side,,Abnormal Gait,stroke,"{'top': 4.133574007220217, 'left': 148.8375451263538, 'height': 307.2346570397112, 'width': 200.60649819494586}","{'height': 360, 'width': 540, 'mime_type': 'video/mp4'}",USurcA3YKDY,https://www.youtube.com/watch?v=USurcA3YKDY
clld34hz8001u3o6la1gw24at,1076,right side,,Abnormal Gait,stroke,"{'top': 4.108303249097473, 'left': 148.8953068592058, 'height': 307.59566787003615, 'width': 200.92418772563178}","{'height': 360, 'width': 540, 'mime_type': 'video/mp4'}",USurcA3YKDY,https://www.youtube.com/watch?v=USurcA3YKDY
clld34hz8001u3o6la1gw24at,1077,right side,,Abnormal Gait,stroke,"{'top': 4.083032490974729, 'left': 148.95306859205778, 'height': 307.956678700361, 'width': 201.24187725631765}","{'height': 360, 'width': 540, 'mime_type': 'video/mp4'}",USurcA3YKDY,https://www.youtube.com/watch?v=USurcA3YKDY
clld34hz8001u3o6la1gw24at,1078,right side,,Abnormal Gait,stroke,"{'top': 4.057761732851985, 'left': 149.01083032490976, 'height': 308.3176895306859, 'width': 201.55956678700358}","{'height': 360, 'width': 540, 'mime_type': 'video/mp4'}",USurcA3YKDY,https://www.youtube.com/watch?v=USurcA3YKDY
clld34hz8001u3o6la1gw24at,1079,right side,,Abnormal Gait,stroke,"{'top': 4.032490974729242, 'left': 149.06859205776172, 'height': 308.67870036101084, 'width': 201.87725631768953}","{'height': 360, 'width': 540, 'mime_type': 'video/mp4'}",USurcA3YKDY,https://www.youtube.com/watch?v=USurcA3YKDY
clld34hz8001u3o6la1gw24at,1080,right side,,Abnormal Gait,stroke,"{'top': 4.007220216606498, 'left': 149.1263537906137, 'height': 309.03971119133575, 'width': 202.19494584837545}","{'height': 360, 'width': 540, 'mime_type': 'video/mp4'}",USurcA3YKDY,https://www.youtube.com/watch?v=USurcA3YKDY
clld34hz8001u3o6la1gw24at,1081,right side,,Abnormal Gait,stroke,"{'top': 3.9819494584837543, 'left': 149.1841155234657, 'height': 309.4007220216606, 'width': 202.51263537906138}","{'height': 360, 'width': 540, 'mime_type': 'video/mp4'}",USurcA3YKDY,https://www.youtube.com/watch?v=USurcA3YKDY
clld34hz8001u3o6la1gw24at,1082,right side,,Abnormal Gait,stroke,"{'top': 3.956678700361011, 'left': 149.24187725631768, 'height': 309.7617328519855, 'width': 202.8303249097473}","{'height': 360, 'width': 540, 'mime_type': 'video/mp4'}",USurcA3YKDY,https://www.youtube.com/watch?v=USurcA3YKDY
clld34hz8001u3o6la1gw24at,1083,right side,,Abnormal Gait,stroke,"{'top': 3.931407942238267, 'left': 149.29963898916967, 'height': 310.1227436823105, 'width': 203.14801444043323}","{'height': 360, 'width': 540, 'mime_type': 'video/mp4'}",USurcA3YKDY,https://www.youtube.com/watch?v=USurcA3YKDY
clld34hz8001u3o6la1gw24at,1084,right side,,Abnormal Gait,stroke,"{'top': 3.906137184115524, 'left': 149.35740072202165, 'height': 310.48375451263536, 'width': 203.46570397111915}","{'height': 360, 'width': 540, 'mime_type': 'video/mp4'}",USurcA3YKDY,https://www.youtube.com/watch?v=USurcA3YKDY
clld34hz8001u3o6la1gw24at,1085,right side,,Abnormal Gait,stroke,"{'top': 3.88086642599278, 'left': 149.41516245487364, 'height': 310.8447653429603, 'width': 203.78339350180508}","{'height': 360, 'width': 540, 'mime_type': 'video/mp4'}",USurcA3YKDY,https://www.youtube.com/watch?v=USurcA3YKDY
clld34hz8001u3o6la1gw24at,1086,right side,,Abnormal Gait,stroke,"{'top': 3.855595667870036, 'left': 149.47292418772562, 'height': 311.2057761732852, 'width': 204.10108303249095}","{'height': 360, 'width': 540, 'mime_type': 'video/mp4'}",USurcA3YKDY,https://www.youtube.com/watch?v=USurcA3YKDY
clld34hz8001u3o6la1gw24at,1087,right side,,Abnormal Gait,stroke,"{'top': 3.8303249097472922, 'left': 149.5306859205776, 'height': 311.56678700361016, 'width': 204.41877256317687}","{'height': 360, 'width': 540, 'mime_type': 'video/mp4'}",USurcA3YKDY,https://www.youtube.com/watch?v=USurcA3YKDY
clld34hz8001u3o6la1gw24at,1088,right side,,Abnormal Gait,stroke,"{'top': 3.805054151624548, 'left': 149.5884476534296, 'height': 311.927797833935, 'width': 204.7364620938628}","{'height': 360, 'width': 540, 'mime_type': 'video/mp4'}",USurcA3YKDY,https://www.youtube.com/watch?v=USurcA3YKDY
clld34hz8001u3o6la1gw24at,1089,right side,,Abnormal Gait,stroke,"{'top': 3.779783393501804, 'left': 149.64620938628158, 'height': 312.28880866425993, 'width': 205.05415162454872}","{'height': 360, 'width': 540, 'mime_type': 'video/mp4'}",USurcA3YKDY,https://www.youtube.com/watch?v=USurcA3YKDY
clld34hz8001u3o6la1gw24at,1090,right side,,Abnormal Gait,stroke,"{'top': 3.754512635379061, 'left': 149.70397111913357, 'height': 312.64981949458485, 'width': 205.37184115523465}","{'height': 360, 'width': 540, 'mime_type': 'video/mp4'}",USurcA3YKDY,https://www.youtube.com/watch?v=USurcA3YKDY
clld34hz8001u3o6la1gw24at,1091,right side,,Abnormal Gait,stroke,"{'top': 3.729241877256317, 'left': 149.76173285198556, 'height': 313.01083032490976, 'width': 205.68953068592057}","{'height': 360, 'width': 540, 'mime_type': 'video/mp4'}",USurcA3YKDY,https://www.youtube.com/watch?v=USurcA3YKDY
clld34hz8001u3o6la1gw24at,1092,right side,,Abnormal Gait,stroke,"{'top': 3.7039711191335742, 'left': 149.81949458483754, 'height': 313.3718411552346, 'width': 206.0072202166065}","{'height': 360, 'width': 540, 'mime_type': 'video/mp4'}",USurcA3YKDY,https://www.youtube.com/watch?v=USurcA3YKDY
clld34hz8001u3o6la1gw24at,1093,right side,,Abnormal Gait,stroke,"{'top': 3.67870036101083, 'left': 149.87725631768953, 'height': 313.73285198555953, 'width': 206.32490974729242}","{'height': 360, 'width': 540, 'mime_type': 'video/mp4'}",USurcA3YKDY,https://www.youtube.com/watch?v=USurcA3YKDY
clld34hz8001u3o6la1gw24at,1094,right side,,Abnormal Gait,stroke,"{'top': 3.653429602888086, 'left': 149.93501805054152, 'height': 314.0938628158845, 'width': 206.64259927797835}","{'height': 360, 'width': 540, 'mime_type': 'video/mp4'}",USurcA3YKDY,https://www.youtube.com/watch?v=USurcA3YKDY
clld34hz8001u3o6la1gw24at,1095,right side,,Abnormal Gait,stroke,"{'top': 3.628158844765343, 'left': 149.9927797833935, 'height': 314.4548736462094, 'width': 206.96028880866427}","{'height': 360, 'width': 540, 'mime_type': 'video/mp4'}",USurcA3YKDY,https://www.youtube.com/watch?v=USurcA3YKDY
clld34hz8001u3o6la1gw24at,1096,right side,,Abnormal Gait,stroke,"{'top': 3.602888086642599, 'left': 150.0505415162455, 'height': 314.8158844765343, 'width': 207.2779783393502}","{'height': 360, 'width': 540, 'mime_type': 'video/mp4'}",USurcA3YKDY,https://www.youtube.com/watch?v=USurcA3YKDY
clld34hz8001u3o6la1gw24at,1097,right side,,Abnormal Gait,stroke,"{'top': 3.577617328519856, 'left': 150.10830324909747, 'height': 315.1768953068592, 'width': 207.59566787003612}","{'height': 360, 'width': 540, 'mime_type': 'video/mp4'}",USurcA3YKDY,https://www.youtube.com/watch?v=USurcA3YKDY
clld34hz8001u3o6la1gw24at,1098,right side,,Abnormal Gait,stroke,"{'top': 3.552346570397111, 'left': 150.16606498194946, 'height': 315.5379061371841, 'width': 207.91335740072205}","{'height': 360, 'width': 540, 'mime_type': 'video/mp4'}",USurcA3YKDY,https://www.youtube.com/watch?v=USurcA3YKDY
clld34hz8001u3o6la1gw24at,1099,right side,,Abnormal Gait,stroke,"{'top': 3.527075812274368, 'left': 150.22382671480145, 'height': 315.898916967509, 'width': 208.23104693140792}","{'height': 360, 'width': 540, 'mime_type': 'video/mp4'}",USurcA3YKDY,https://www.youtube.com/watch?v=USurcA3YKDY
clld34hz8001u3o6la1gw24at,1100,right side,,Abnormal Gait,stroke,"{'top': 3.501805054151624, 'left': 150.28158844765343, 'height': 316.25992779783394, 'width': 208.54873646209384}","{'height': 360, 'width': 540, 'mime_type': 'video/mp4'}",USurcA3YKDY,https://www.youtube.com/watch?v=USurcA3YKDY
clld34hz8001u3o6la1gw24at,1101,right side,,Abnormal Gait,stroke,"{'top': 3.476534296028881, 'left': 150.33935018050542, 'height': 316.62093862815885, 'width': 208.86642599277977}","{'height': 360, 'width': 540, 'mime_type': 'video/mp4'}",USurcA3YKDY,https://www.youtube.com/watch?v=USurcA3YKDY
clld34hz8001u3o6la1gw24at,1102,right side,,Abnormal Gait,stroke,"{'top': 3.451263537906137, 'left': 150.3971119133574, 'height': 316.98194945848377, 'width': 209.1841155234657}","{'height': 360, 'width': 540, 'mime_type': 'video/mp4'}",USurcA3YKDY,https://www.youtube.com/watch?v=USurcA3YKDY
clld34hz8001u3o6la1gw24at,1103,right side,,Abnormal Gait,stroke,"{'top': 3.4259927797833942, 'left': 150.4548736462094, 'height': 317.3429602888087, 'width': 209.50180505415162}","{'height': 360, 'width': 540, 'mime_type': 'video/mp4'}",USurcA3YKDY,https://www.youtube.com/watch?v=USurcA3YKDY
clld34hz8001u3o6la1gw24at,1104,right side,,Abnormal Gait,stroke,"{'top': 3.40072202166065, 'left': 150.51263537906138, 'height': 317.70397111913354, 'width': 209.81949458483754}","{'height': 360, 'width': 540, 'mime_type': 'video/mp4'}",USurcA3YKDY,https://www.youtube.com/watch?v=USurcA3YKDY
clld34hz8001u3o6la1gw24at,1105,right side,,Abnormal Gait,stroke,"{'top': 3.375451263537906, 'left': 150.57039711191337, 'height': 318.06498194945846, 'width': 210.13718411552347}","{'height': 360, 'width': 540, 'mime_type': 'video/mp4'}",USurcA3YKDY,https://www.youtube.com/watch?v=USurcA3YKDY
clld34hz8001u3o6la1gw24at,1106,right side,,Abnormal Gait,stroke,"{'top': 3.350180505415162, 'left': 150.62815884476535, 'height': 318.42599277978337, 'width': 210.4548736462094}","{'height': 360, 'width': 540, 'mime_type': 'video/mp4'}",USurcA3YKDY,https://www.youtube.com/watch?v=USurcA3YKDY
clld34hz8001u3o6la1gw24at,1107,right side,,Abnormal Gait,stroke,"{'top': 3.324909747292418, 'left': 150.68592057761734, 'height': 318.78700361010834, 'width': 210.77256317689532}","{'height': 360, 'width': 540, 'mime_type': 'video/mp4'}",USurcA3YKDY,https://www.youtube.com/watch?v=USurcA3YKDY
clld34hz8001u3o6la1gw24at,1108,right side,,Abnormal Gait,stroke,"{'top': 3.299638989169675, 'left': 150.74368231046932, 'height': 319.1480144404332, 'width': 211.0902527075812}","{'height': 360, 'width': 540, 'mime_type': 'video/mp4'}",USurcA3YKDY,https://www.youtube.com/watch?v=USurcA3YKDY
clld34hz8001u3o6la1gw24at,1109,right side,,Abnormal Gait,stroke,"{'top': 3.274368231046931, 'left': 150.8014440433213, 'height': 319.5090252707581, 'width': 211.4079422382671}","{'height': 360, 'width': 540, 'mime_type': 'video/mp4'}",USurcA3YKDY,https://www.youtube.com/watch?v=USurcA3YKDY
clld34hz8001u3o6la1gw24at,1110,right side,,Abnormal Gait,stroke,"{'top': 3.249097472924187, 'left': 150.8592057761733, 'height': 319.87003610108303, 'width': 211.72563176895304}","{'height': 360, 'width': 540, 'mime_type': 'video/mp4'}",USurcA3YKDY,https://www.youtube.com/watch?v=USurcA3YKDY
clld34hz8001u3o6la1gw24at,1111,right side,,Abnormal Gait,stroke,"{'top': 3.223826714801443, 'left': 150.91696750902528, 'height': 320.231046931408, 'width': 212.04332129963896}","{'height': 360, 'width': 540, 'mime_type': 'video/mp4'}",USurcA3YKDY,https://www.youtube.com/watch?v=USurcA3YKDY
clld34hz8001u3o6la1gw24at,1112,right side,,Abnormal Gait,stroke,"{'top': 3.1985559566787, 'left': 150.97472924187724, 'height': 320.59205776173286, 'width': 212.36101083032491}","{'height': 360, 'width': 540, 'mime_type': 'video/mp4'}",USurcA3YKDY,https://www.youtube.com/watch?v=USurcA3YKDY
clld34hz8001u3o6la1gw24at,1113,right side,,Abnormal Gait,stroke,"{'top': 3.173285198555956, 'left': 151.03249097472923, 'height': 320.9530685920578, 'width': 212.67870036101084}","{'height': 360, 'width': 540, 'mime_type': 'video/mp4'}",USurcA3YKDY,https://www.youtube.com/watch?v=USurcA3YKDY
clld34hz8001u3o6la1gw24at,1114,right side,,Abnormal Gait,stroke,"{'top': 3.148014440433213, 'left': 151.09025270758121, 'height': 321.3140794223827, 'width': 212.99638989169677}","{'height': 360, 'width': 540, 'mime_type': 'video/mp4'}",USurcA3YKDY,https://www.youtube.com/watch?v=USurcA3YKDY
clld34hz8001u3o6la1gw24at,1115,right side,,Abnormal Gait,stroke,"{'top': 3.122743682310469, 'left': 151.1480144404332, 'height': 321.6750902527076, 'width': 213.3140794223827}","{'height': 360, 'width': 540, 'mime_type': 'video/mp4'}",USurcA3YKDY,https://www.youtube.com/watch?v=USurcA3YKDY
clld34hz8001u3o6la1gw24at,1116,right side,,Abnormal Gait,stroke,"{'top': 3.097472924187726, 'left': 151.2057761732852, 'height': 322.03610108303246, 'width': 213.63176895306862}","{'height': 360, 'width': 540, 'mime_type': 'video/mp4'}",USurcA3YKDY,https://www.youtube.com/watch?v=USurcA3YKDY
clld34hz8001u3o6la1gw24at,1117,right side,,Abnormal Gait,stroke,"{'top': 3.072202166064982, 'left': 151.26353790613717, 'height': 322.3971119133574, 'width': 213.94945848375454}","{'height': 360, 'width': 540, 'mime_type': 'video/mp4'}",USurcA3YKDY,https://www.youtube.com/watch?v=USurcA3YKDY
clld34hz8001u3o6la1gw24at,1118,right side,,Abnormal Gait,stroke,"{'top': 3.046931407942239, 'left': 151.32129963898916, 'height': 322.7581227436823, 'width': 214.26714801444047}","{'height': 360, 'width': 540, 'mime_type': 'video/mp4'}",USurcA3YKDY,https://www.youtube.com/watch?v=USurcA3YKDY
clld34hz8001u3o6la1gw24at,1119,right side,,Abnormal Gait,stroke,"{'top': 3.021660649819495, 'left': 151.37906137184115, 'height': 323.11913357400726, 'width': 214.5848375451264}","{'height': 360, 'width': 540, 'mime_type': 'video/mp4'}",USurcA3YKDY,https://www.youtube.com/watch?v=USurcA3YKDY
clld34hz8001u3o6la1gw24at,1120,right side,,Abnormal Gait,stroke,"{'top': 2.996389891696751, 'left': 151.43682310469313, 'height': 323.4801444043321, 'width': 214.90252707581232}","{'height': 360, 'width': 540, 'mime_type': 'video/mp4'}",USurcA3YKDY,https://www.youtube.com/watch?v=USurcA3YKDY
clld34hz8001u3o6la1gw24at,1121,right side,,Abnormal Gait,stroke,"{'top': 2.971119133574007, 'left': 151.49458483754512, 'height': 323.84115523465704, 'width': 215.22021660649818}","{'height': 360, 'width': 540, 'mime_type': 'video/mp4'}",USurcA3YKDY,https://www.youtube.com/watch?v=USurcA3YKDY
clld34hz8001u3o6la1gw24at,1122,right side,,Abnormal Gait,stroke,"{'top': 2.945848375451262, 'left': 151.5523465703971, 'height': 324.20216606498195, 'width': 215.5379061371841}","{'height': 360, 'width': 540, 'mime_type': 'video/mp4'}",USurcA3YKDY,https://www.youtube.com/watch?v=USurcA3YKDY
clld34hz8001u3o6la1gw24at,1123,right side,,Abnormal Gait,stroke,"{'top': 2.920577617328519, 'left': 151.6101083032491, 'height': 324.5631768953068, 'width': 215.85559566787003}","{'height': 360, 'width': 540, 'mime_type': 'video/mp4'}",USurcA3YKDY,https://www.youtube.com/watch?v=USurcA3YKDY
clld34hz8001u3o6la1gw24at,1124,right side,,Abnormal Gait,stroke,"{'top': 2.895306859205775, 'left': 151.66787003610108, 'height': 324.9241877256318, 'width': 216.17328519855596}","{'height': 360, 'width': 540, 'mime_type': 'video/mp4'}",USurcA3YKDY,https://www.youtube.com/watch?v=USurcA3YKDY
clld34hz8001u3o6la1gw24at,1125,right side,,Abnormal Gait,stroke,"{'top': 2.870036101083032, 'left': 151.72563176895306, 'height': 325.2851985559567, 'width': 216.49097472924188}","{'height': 360, 'width': 540, 'mime_type': 'video/mp4'}",USurcA3YKDY,https://www.youtube.com/watch?v=USurcA3YKDY
clld34hz8001u3o6la1gw24at,1126,right side,,Abnormal Gait,stroke,"{'top': 2.844765342960288, 'left': 151.78339350180505, 'height': 325.6462093862816, 'width': 216.8086642599278}","{'height': 360, 'width': 540, 'mime_type': 'video/mp4'}",USurcA3YKDY,https://www.youtube.com/watch?v=USurcA3YKDY
clld34hz8001u3o6la1gw24at,1127,right side,,Abnormal Gait,stroke,"{'top': 2.8194945848375452, 'left': 151.84115523465704, 'height': 326.00722021660647, 'width': 217.12635379061373}","{'height': 360, 'width': 540, 'mime_type': 'video/mp4'}",USurcA3YKDY,https://www.youtube.com/watch?v=USurcA3YKDY
clld34hz8001u3o6la1gw24at,1128,right side,,Abnormal Gait,stroke,"{'top': 2.794223826714801, 'left': 151.89891696750902, 'height': 326.3682310469314, 'width': 217.44404332129966}","{'height': 360, 'width': 540, 'mime_type': 'video/mp4'}",USurcA3YKDY,https://www.youtube.com/watch?v=USurcA3YKDY
clld34hz8001u3o6la1gw24at,1129,right side,,Abnormal Gait,stroke,"{'top': 2.768953068592058, 'left': 151.956678700361, 'height': 326.7292418772563, 'width': 217.76173285198553}","{'height': 360, 'width': 540, 'mime_type': 'video/mp4'}",USurcA3YKDY,https://www.youtube.com/watch?v=USurcA3YKDY
clld34hz8001u3o6la1gw24at,1130,right side,,Abnormal Gait,stroke,"{'top': 2.743682310469314, 'left': 152.014440433213, 'height': 327.0902527075812, 'width': 218.07942238267145}","{'height': 360, 'width': 540, 'mime_type': 'video/mp4'}",USurcA3YKDY,https://www.youtube.com/watch?v=USurcA3YKDY
clld34hz8001u3o6la1gw24at,1131,right side,,Abnormal Gait,stroke,"{'top': 2.718411552346571, 'left': 152.07220216606498, 'height': 327.45126353790613, 'width': 218.39711191335738}","{'height': 360, 'width': 540, 'mime_type': 'video/mp4'}",USurcA3YKDY,https://www.youtube.com/watch?v=USurcA3YKDY
clld34hz8001u3o6la1gw24at,1132,right side,,Abnormal Gait,stroke,"{'top': 2.693140794223827, 'left': 152.12996389891697, 'height': 327.81227436823104, 'width': 218.7148014440433}","{'height': 360, 'width': 540, 'mime_type': 'video/mp4'}",USurcA3YKDY,https://www.youtube.com/watch?v=USurcA3YKDY
clld34hz8001u3o6la1gw24at,1133,right side,,Abnormal Gait,stroke,"{'top': 2.667870036101083, 'left': 152.18772563176896, 'height': 328.17328519855596, 'width': 219.03249097472923}","{'height': 360, 'width': 540, 'mime_type': 'video/mp4'}",USurcA3YKDY,https://www.youtube.com/watch?v=USurcA3YKDY
clld34hz8001u3o6la1gw24at,1134,right side,,Abnormal Gait,stroke,"{'top': 2.642599277978339, 'left': 152.24548736462094, 'height': 328.5342960288809, 'width': 219.35018050541515}","{'height': 360, 'width': 540, 'mime_type': 'video/mp4'}",USurcA3YKDY,https://www.youtube.com/watch?v=USurcA3YKDY
clld34hz8001u3o6la1gw24at,1135,right side,,Abnormal Gait,stroke,"{'top': 2.617328519855595, 'left': 152.30324909747293, 'height': 328.8953068592058, 'width': 219.66787003610108}","{'height': 360, 'width': 540, 'mime_type': 'video/mp4'}",USurcA3YKDY,https://www.youtube.com/watch?v=USurcA3YKDY
clld34hz8001u3o6la1gw24at,1136,right side,,Abnormal Gait,stroke,"{'top': 2.592057761732852, 'left': 152.36101083032491, 'height': 329.2563176895307, 'width': 219.985559566787}","{'height': 360, 'width': 540, 'mime_type': 'video/mp4'}",USurcA3YKDY,https://www.youtube.com/watch?v=USurcA3YKDY
clld34hz8001u3o6la1gw24at,1137,right side,,Abnormal Gait,stroke,"{'top': 2.566787003610108, 'left': 152.4187725631769, 'height': 329.6173285198556, 'width': 220.30324909747293}","{'height': 360, 'width': 540, 'mime_type': 'video/mp4'}",USurcA3YKDY,https://www.youtube.com/watch?v=USurcA3YKDY
clld34hz8001u3o6la1gw24at,1138,right side,,Abnormal Gait,stroke,"{'top': 2.541516245487365, 'left': 152.4765342960289, 'height': 329.97833935018053, 'width': 220.62093862815885}","{'height': 360, 'width': 540, 'mime_type': 'video/mp4'}",USurcA3YKDY,https://www.youtube.com/watch?v=USurcA3YKDY
clld34hz8001u3o6la1gw24at,1139,right side,,Abnormal Gait,stroke,"{'top': 2.516245487364621, 'left': 152.53429602888087, 'height': 330.3393501805054, 'width': 220.93862815884478}","{'height': 360, 'width': 540, 'mime_type': 'video/mp4'}",USurcA3YKDY,https://www.youtube.com/watch?v=USurcA3YKDY
clld34hz8001u3o6la1gw24at,1140,right side,,Abnormal Gait,stroke,"{'top': 2.490974729241877, 'left': 152.59205776173286, 'height': 330.7003610108303, 'width': 221.2563176895307}","{'height': 360, 'width': 540, 'mime_type': 'video/mp4'}",USurcA3YKDY,https://www.youtube.com/watch?v=USurcA3YKDY
clld34hz8001u3o6la1gw24at,1141,right side,,Abnormal Gait,stroke,"{'top': 2.465703971119133, 'left': 152.64981949458485, 'height': 331.0613718411552, 'width': 221.57400722021663}","{'height': 360, 'width': 540, 'mime_type': 'video/mp4'}",USurcA3YKDY,https://www.youtube.com/watch?v=USurcA3YKDY
clld34hz8001u3o6la1gw24at,1142,right side,,Abnormal Gait,stroke,"{'top': 2.44043321299639, 'left': 152.70758122743683, 'height': 331.42238267148014, 'width': 221.8916967509025}","{'height': 360, 'width': 540, 'mime_type': 'video/mp4'}",USurcA3YKDY,https://www.youtube.com/watch?v=USurcA3YKDY
clld34hz8001u3o6la1gw24at,1143,right side,,Abnormal Gait,stroke,"{'top': 2.415162454873646, 'left': 152.76534296028882, 'height': 331.78339350180505, 'width': 222.20938628158842}","{'height': 360, 'width': 540, 'mime_type': 'video/mp4'}",USurcA3YKDY,https://www.youtube.com/watch?v=USurcA3YKDY
clld34hz8001u3o6la1gw24at,1144,right side,,Abnormal Gait,stroke,"{'top': 2.389891696750902, 'left': 152.8231046931408, 'height': 332.14440433212997, 'width': 222.52707581227435}","{'height': 360, 'width': 540, 'mime_type': 'video/mp4'}",USurcA3YKDY,https://www.youtube.com/watch?v=USurcA3YKDY
clld34hz8001u3o6la1gw24at,1145,right side,,Abnormal Gait,stroke,"{'top': 2.364620938628158, 'left': 152.8808664259928, 'height': 332.5054151624549, 'width': 222.84476534296027}","{'height': 360, 'width': 540, 'mime_type': 'video/mp4'}",USurcA3YKDY,https://www.youtube.com/watch?v=USurcA3YKDY
clld34hz8001u3o6la1gw24at,1146,right side,,Abnormal Gait,stroke,"{'top': 2.339350180505415, 'left': 152.93862815884478, 'height': 332.8664259927798, 'width': 223.1624548736462}","{'height': 360, 'width': 540, 'mime_type': 'video/mp4'}",USurcA3YKDY,https://www.youtube.com/watch?v=USurcA3YKDY
clld34hz8001u3o6la1gw24at,1147,right side,,Abnormal Gait,stroke,"{'top': 2.314079422382671, 'left': 152.99638989169677, 'height': 333.22743682310465, 'width': 223.48014440433212}","{'height': 360, 'width': 540, 'mime_type': 'video/mp4'}",USurcA3YKDY,https://www.youtube.com/watch?v=USurcA3YKDY
clld34hz8001u3o6la1gw24at,1148,right side,,Abnormal Gait,stroke,"{'top': 2.288808664259927, 'left': 153.05415162454875, 'height': 333.5884476534296, 'width': 223.79783393501805}","{'height': 360, 'width': 540, 'mime_type': 'video/mp4'}",USurcA3YKDY,https://www.youtube.com/watch?v=USurcA3YKDY
clld34hz8001u3o6la1gw24at,1149,right side,,Abnormal Gait,stroke,"{'top': 2.263537906137184, 'left': 153.1119133574007, 'height': 333.94945848375454, 'width': 224.115523465704}","{'height': 360, 'width': 540, 'mime_type': 'video/mp4'}",USurcA3YKDY,https://www.youtube.com/watch?v=USurcA3YKDY
clld34hz8001u3o6la1gw24at,1150,right side,,Abnormal Gait,stroke,"{'top': 2.23826714801444, 'left': 153.1696750902527, 'height': 334.31046931407946, 'width': 224.43321299638993}","{'height': 360, 'width': 540, 'mime_type': 'video/mp4'}",USurcA3YKDY,https://www.youtube.com/watch?v=USurcA3YKDY
clld34hz8001u3o6la1gw24at,1151,right side,,Abnormal Gait,stroke,"{'top': 2.212996389891697, 'left': 153.22743682310468, 'height': 334.6714801444043, 'width': 224.7509025270758}","{'height': 360, 'width': 540, 'mime_type': 'video/mp4'}",USurcA3YKDY,https://www.youtube.com/watch?v=USurcA3YKDY
clld34hz8001u3o6la1gw24at,1152,right side,,Abnormal Gait,stroke,"{'top': 2.187725631768953, 'left': 153.28519855595667, 'height': 335.0324909747292, 'width': 225.06859205776172}","{'height': 360, 'width': 540, 'mime_type': 'video/mp4'}",USurcA3YKDY,https://www.youtube.com/watch?v=USurcA3YKDY
clld34hz8001u3o6la1gw24at,1153,right side,,Abnormal Gait,stroke,"{'top': 2.16245487364621, 'left': 153.34296028880865, 'height': 335.39350180505414, 'width': 225.38628158844764}","{'height': 360, 'width': 540, 'mime_type': 'video/mp4'}",USurcA3YKDY,https://www.youtube.com/watch?v=USurcA3YKDY
clld34hz8001u3o6la1gw24at,1154,right side,,Abnormal Gait,stroke,"{'top': 2.137184115523466, 'left': 153.40072202166064, 'height': 335.75451263537906, 'width': 225.70397111913357}","{'height': 360, 'width': 540, 'mime_type': 'video/mp4'}",USurcA3YKDY,https://www.youtube.com/watch?v=USurcA3YKDY
clld34hz8001u3o6la1gw24at,1155,right side,,Abnormal Gait,stroke,"{'top': 2.111913357400722, 'left': 153.45848375451263, 'height': 336.115523465704, 'width': 226.0216606498195}","{'height': 360, 'width': 540, 'mime_type': 'video/mp4'}",USurcA3YKDY,https://www.youtube.com/watch?v=USurcA3YKDY
clld34hz8001u3o6la1gw24at,1156,right side,,Abnormal Gait,stroke,"{'top': 2.086642599277978, 'left': 153.5162454873646, 'height': 336.4765342960289, 'width': 226.33935018050542}","{'height': 360, 'width': 540, 'mime_type': 'video/mp4'}",USurcA3YKDY,https://www.youtube.com/watch?v=USurcA3YKDY
clld34hz8001u3o6la1gw24at,1157,right side,,Abnormal Gait,stroke,"{'top': 2.061371841155234, 'left': 153.5740072202166, 'height': 336.8375451263538, 'width': 226.65703971119135}","{'height': 360, 'width': 540, 'mime_type': 'video/mp4'}",USurcA3YKDY,https://www.youtube.com/watch?v=USurcA3YKDY
clld34hz8001u3o6la1gw24at,1158,right side,,Abnormal Gait,stroke,"{'top': 2.03610108303249, 'left': 153.6317689530686, 'height': 337.1985559566787, 'width': 226.97472924187727}","{'height': 360, 'width': 540, 'mime_type': 'video/mp4'}",USurcA3YKDY,https://www.youtube.com/watch?v=USurcA3YKDY
clld34hz8001u3o6la1gw24at,1159,right side,,Abnormal Gait,stroke,"{'top': 2.010830324909747, 'left': 153.68953068592057, 'height': 337.5595667870036, 'width': 227.2924187725632}","{'height': 360, 'width': 540, 'mime_type': 'video/mp4'}",USurcA3YKDY,https://www.youtube.com/watch?v=USurcA3YKDY
clld34hz8001u3o6la1gw24at,1160,right side,,Abnormal Gait,stroke,"{'top': 1.985559566787003, 'left': 153.74729241877256, 'height': 337.92057761732855, 'width': 227.61010830324912}","{'height': 360, 'width': 540, 'mime_type': 'video/mp4'}",USurcA3YKDY,https://www.youtube.com/watch?v=USurcA3YKDY
clld34hz8001u3o6la1gw24at,1161,right side,,Abnormal Gait,stroke,"{'top': 1.960288808664259, 'left': 153.80505415162455, 'height': 338.28158844765346, 'width': 227.92779783393505}","{'height': 360, 'width': 540, 'mime_type': 'video/mp4'}",USurcA3YKDY,https://www.youtube.com/watch?v=USurcA3YKDY
clld34hz8001u3o6la1gw24at,1162,right side,,Abnormal Gait,stroke,"{'top': 1.9350180505415162, 'left': 153.86281588447653, 'height': 338.6425992779783, 'width': 228.24548736462097}","{'height': 360, 'width': 540, 'mime_type': 'video/mp4'}",USurcA3YKDY,https://www.youtube.com/watch?v=USurcA3YKDY
clld34hz8001u3o6la1gw24at,1163,right side,,Abnormal Gait,stroke,"{'top': 1.9097472924187722, 'left': 153.92057761732852, 'height': 339.00361010830323, 'width': 228.5631768953069}","{'height': 360, 'width': 540, 'mime_type': 'video/mp4'}",USurcA3YKDY,https://www.youtube.com/watch?v=USurcA3YKDY
clld34hz8001u3o6la1gw24at,1164,right side,,Abnormal Gait,stroke,"{'top': 1.884476534296029, 'left': 153.9783393501805, 'height': 339.36462093862815, 'width': 228.88086642599276}","{'height': 360, 'width': 540, 'mime_type': 'video/mp4'}",USurcA3YKDY,https://www.youtube.com/watch?v=USurcA3YKDY
clld34hz8001u3o6la1gw24at,1165,right side,,Abnormal Gait,stroke,"{'top': 1.859205776173285, 'left': 154.0361010830325, 'height': 339.72563176895306, 'width': 229.1985559566787}","{'height': 360, 'width': 540, 'mime_type': 'video/mp4'}",USurcA3YKDY,https://www.youtube.com/watch?v=USurcA3YKDY
clld34hz8001u3o6la1gw24at,1166,right side,,Abnormal Gait,stroke,"{'top': 1.833935018050541, 'left': 154.09386281588448, 'height': 340.0866425992779, 'width': 229.5162454873646}","{'height': 360, 'width': 540, 'mime_type': 'video/mp4'}",USurcA3YKDY,https://www.youtube.com/watch?v=USurcA3YKDY
clld34hz8001u3o6la1gw24at,1167,right side,,Abnormal Gait,stroke,"{'top': 1.8086642599277971, 'left': 154.15162454873646, 'height': 340.4476534296029, 'width': 229.83393501805054}","{'height': 360, 'width': 540, 'mime_type': 'video/mp4'}",USurcA3YKDY,https://www.youtube.com/watch?v=USurcA3YKDY
clld34hz8001u3o6la1gw24at,1168,right side,,Abnormal Gait,stroke,"{'top': 1.7833935018050542, 'left': 154.20938628158845, 'height': 340.8086642599278, 'width': 230.15162454873646}","{'height': 360, 'width': 540, 'mime_type': 'video/mp4'}",USurcA3YKDY,https://www.youtube.com/watch?v=USurcA3YKDY
clld34hz8001u3o6la1gw24at,1169,right side,,Abnormal Gait,stroke,"{'top': 1.7581227436823101, 'left': 154.26714801444044, 'height': 341.1696750902527, 'width': 230.4693140794224}","{'height': 360, 'width': 540, 'mime_type': 'video/mp4'}",USurcA3YKDY,https://www.youtube.com/watch?v=USurcA3YKDY
clld34hz8001u3o6la1gw24at,1170,right side,,Abnormal Gait,stroke,"{'top': 1.732851985559567, 'left': 154.32490974729242, 'height': 341.5306859205776, 'width': 230.78700361010831}","{'height': 360, 'width': 540, 'mime_type': 'video/mp4'}",USurcA3YKDY,https://www.youtube.com/watch?v=USurcA3YKDY
clld34hz8001u3o6la1gw24at,1171,right side,,Abnormal Gait,stroke,"{'top': 1.707581227436823, 'left': 154.3826714801444, 'height': 341.8916967509025, 'width': 231.10469314079424}","{'height': 360, 'width': 540, 'mime_type': 'video/mp4'}",USurcA3YKDY,https://www.youtube.com/watch?v=USurcA3YKDY
clld34hz8001u3o6la1gw24at,1172,right side,,Abnormal Gait,stroke,"{'top': 1.68231046931408, 'left': 154.4404332129964, 'height': 342.25270758122747, 'width': 231.4223826714801}","{'height': 360, 'width': 540, 'mime_type': 'video/mp4'}",USurcA3YKDY,https://www.youtube.com/watch?v=USurcA3YKDY
clld34hz8001u3o6la1gw24at,1173,right side,,Abnormal Gait,stroke,"{'top': 1.6570397111913362, 'left': 154.49819494584838, 'height': 342.6137184115524, 'width': 231.74007220216603}","{'height': 360, 'width': 540, 'mime_type': 'video/mp4'}",USurcA3YKDY,https://www.youtube.com/watch?v=USurcA3YKDY
clld34hz8001u3o6la1gw24at,1174,right side,,Abnormal Gait,stroke,"{'top': 1.6317689530685922, 'left': 154.55595667870037, 'height': 342.97472924187724, 'width': 232.05776173285196}","{'height': 360, 'width': 540, 'mime_type': 'video/mp4'}",USurcA3YKDY,https://www.youtube.com/watch?v=USurcA3YKDY
clld34hz8001u3o6la1gw24at,1175,right side,,Abnormal Gait,stroke,"{'top': 1.6064981949458481, 'left': 154.61371841155236, 'height': 343.33574007220216, 'width': 232.37545126353788}","{'height': 360, 'width': 540, 'mime_type': 'video/mp4'}",USurcA3YKDY,https://www.youtube.com/watch?v=USurcA3YKDY
clld34hz8001u3o6la1gw24at,1176,right side,,Abnormal Gait,stroke,"{'top': 1.581227436823104, 'left': 154.67148014440434, 'height': 343.69675090252707, 'width': 232.6931407942238}","{'height': 360, 'width': 540, 'mime_type': 'video/mp4'}",USurcA3YKDY,https://www.youtube.com/watch?v=USurcA3YKDY
clld34hz8001u3o6la1gw24at,1177,right side,,Abnormal Gait,stroke,"{'top': 1.555956678700361, 'left': 154.72924187725633, 'height': 344.057761732852, 'width': 233.01083032490973}","{'height': 360, 'width': 540, 'mime_type': 'video/mp4'}",USurcA3YKDY,https://www.youtube.com/watch?v=USurcA3YKDY
clld34hz8001u3o6la1gw24at,1178,right side,,Abnormal Gait,stroke,"{'top': 1.530685920577616, 'left': 154.78700361010831, 'height': 344.41877256317684, 'width': 233.32851985559566}","{'height': 360, 'width': 540, 'mime_type': 'video/mp4'}",USurcA3YKDY,https://www.youtube.com/watch?v=USurcA3YKDY
clld34hz8001u3o6la1gw24at,1179,right side,,Abnormal Gait,stroke,"{'top': 1.505415162454873, 'left': 154.8447653429603, 'height': 344.7797833935018, 'width': 233.64620938628158}","{'height': 360, 'width': 540, 'mime_type': 'video/mp4'}",USurcA3YKDY,https://www.youtube.com/watch?v=USurcA3YKDY
clld34hz8001u3o6la1gw24at,1180,right side,,Abnormal Gait,stroke,"{'top': 1.480144404332129, 'left': 154.9025270758123, 'height': 345.14079422382673, 'width': 233.9638989169675}","{'height': 360, 'width': 540, 'mime_type': 'video/mp4'}",USurcA3YKDY,https://www.youtube.com/watch?v=USurcA3YKDY
clld34hz8001u3o6la1gw24at,1181,right side,,Abnormal Gait,stroke,"{'top': 1.454873646209386, 'left': 154.96028880866425, 'height': 345.50180505415165, 'width': 234.28158844765346}","{'height': 360, 'width': 540, 'mime_type': 'video/mp4'}",USurcA3YKDY,https://www.youtube.com/watch?v=USurcA3YKDY
clld34hz8001u3o6la1gw24at,1182,right side,,Abnormal Gait,stroke,"{'top': 1.429602888086642, 'left': 155.01805054151623, 'height': 345.8628158844765, 'width': 234.5992779783394}","{'height': 360, 'width': 540, 'mime_type': 'video/mp4'}",USurcA3YKDY,https://www.youtube.com/watch?v=USurcA3YKDY
clld34hz8001u3o6la1gw24at,1183,right side,,Abnormal Gait,stroke,"{'top': 1.4043321299638991, 'left': 155.07581227436822, 'height': 346.2238267148014, 'width': 234.9169675090253}","{'height': 360, 'width': 540, 'mime_type': 'video/mp4'}",USurcA3YKDY,https://www.youtube.com/watch?v=USurcA3YKDY
clld34hz8001u3o6la1gw24at,1184,right side,,Abnormal Gait,stroke,"{'top': 1.379061371841155, 'left': 155.1335740072202, 'height': 346.5848375451264, 'width': 235.23465703971124}","{'height': 360, 'width': 540, 'mime_type': 'video/mp4'}",USurcA3YKDY,https://www.youtube.com/watch?v=USurcA3YKDY
clld34hz8001u3o6la1gw24at,1185,right side,,Abnormal Gait,stroke,"{'top': 1.3537906137184121, 'left': 155.1913357400722, 'height': 346.9458483754513, 'width': 235.5523465703971}","{'height': 360, 'width': 540, 'mime_type': 'video/mp4'}",USurcA3YKDY,https://www.youtube.com/watch?v=USurcA3YKDY
clld34hz8001u3o6la1gw24at,1186,right side,,Abnormal Gait,stroke,"{'top': 1.328519855595668, 'left': 155.24909747292418, 'height': 347.30685920577616, 'width': 235.87003610108303}","{'height': 360, 'width': 540, 'mime_type': 'video/mp4'}",USurcA3YKDY,https://www.youtube.com/watch?v=USurcA3YKDY
clld34hz8001u3o6la1gw24at,1187,right side,,Abnormal Gait,stroke,"{'top': 1.303249097472924, 'left': 155.30685920577616, 'height': 347.6678700361011, 'width': 236.18772563176896}","{'height': 360, 'width': 540, 'mime_type': 'video/mp4'}",USurcA3YKDY,https://www.youtube.com/watch?v=USurcA3YKDY
clld34hz8001u3o6la1gw24at,1188,right side,,Abnormal Gait,stroke,"{'top': 1.277978339350181, 'left': 155.36462093862815, 'height': 348.028880866426, 'width': 236.50541516245488}","{'height': 360, 'width': 540, 'mime_type': 'video/mp4'}",USurcA3YKDY,https://www.youtube.com/watch?v=USurcA3YKDY
clld34hz8001u3o6la1gw24at,1189,right side,,Abnormal Gait,stroke,"{'top': 1.252707581227436, 'left': 155.42238267148014, 'height': 348.3898916967509, 'width': 236.8231046931408}","{'height': 360, 'width': 540, 'mime_type': 'video/mp4'}",USurcA3YKDY,https://www.youtube.com/watch?v=USurcA3YKDY
clld34hz8001u3o6la1gw24at,1190,right side,,Abnormal Gait,stroke,"{'top': 1.227436823104692, 'left': 155.48014440433212, 'height': 348.75090252707577, 'width': 237.14079422382673}","{'height': 360, 'width': 540, 'mime_type': 'video/mp4'}",USurcA3YKDY,https://www.youtube.com/watch?v=USurcA3YKDY
clld34hz8001u3o6la1gw24at,1191,right side,,Abnormal Gait,stroke,"{'top': 1.2021660649819481, 'left': 155.5379061371841, 'height': 349.11191335740074, 'width': 237.45848375451266}","{'height': 360, 'width': 540, 'mime_type': 'video/mp4'}",USurcA3YKDY,https://www.youtube.com/watch?v=USurcA3YKDY
clld34hz8001u3o6la1gw24at,1192,right side,,Abnormal Gait,stroke,"{'top': 1.176895306859205, 'left': 155.5956678700361, 'height': 349.47292418772565, 'width': 237.77617328519852}","{'height': 360, 'width': 540, 'mime_type': 'video/mp4'}",USurcA3YKDY,https://www.youtube.com/watch?v=USurcA3YKDY
clld34hz8001u3o6la1gw24at,1193,right side,,Abnormal Gait,stroke,"{'top': 1.151624548736461, 'left': 155.65342960288808, 'height': 349.83393501805057, 'width': 238.09386281588445}","{'height': 360, 'width': 540, 'mime_type': 'video/mp4'}",USurcA3YKDY,https://www.youtube.com/watch?v=USurcA3YKDY
clld34hz8001u3o6la1gw24at,1194,right side,,Abnormal Gait,stroke,"{'top': 1.126353790613718, 'left': 155.71119133574007, 'height': 350.1949458483754, 'width': 238.41155234657037}","{'height': 360, 'width': 540, 'mime_type': 'video/mp4'}",USurcA3YKDY,https://www.youtube.com/watch?v=USurcA3YKDY
clld34hz8001u3o6la1gw24at,1195,right side,,Abnormal Gait,stroke,"{'top': 1.101083032490974, 'left': 155.76895306859205, 'height': 350.55595667870034, 'width': 238.7292418772563}","{'height': 360, 'width': 540, 'mime_type': 'video/mp4'}",USurcA3YKDY,https://www.youtube.com/watch?v=USurcA3YKDY
clld34hz8001u3o6la1gw24at,1196,right side,,Abnormal Gait,stroke,"{'top': 1.075812274368231, 'left': 155.82671480144404, 'height': 350.9169675090253, 'width': 239.04693140794222}","{'height': 360, 'width': 540, 'mime_type': 'video/mp4'}",USurcA3YKDY,https://www.youtube.com/watch?v=USurcA3YKDY
clld34hz8001u3o6la1gw24at,1197,right side,,Abnormal Gait,stroke,"{'top': 1.050541516245487, 'left': 155.88447653429603, 'height': 351.2779783393502, 'width': 239.36462093862815}","{'height': 360, 'width': 540, 'mime_type': 'video/mp4'}",USurcA3YKDY,https://www.youtube.com/watch?v=USurcA3YKDY
clld34hz8001u3o6la1gw24at,1198,right side,,Abnormal Gait,stroke,"{'top': 1.025270758122744, 'left': 155.942238267148, 'height': 351.6389891696751, 'width': 239.68231046931407}","{'height': 360, 'width': 540, 'mime_type': 'video/mp4'}",USurcA3YKDY,https://www.youtube.com/watch?v=USurcA3YKDY
clld34hz8001u3o6la1gw24at,1199,right side,,Abnormal Gait,stroke,"{'top': 1.0, 'left': 156.0, 'height': 352.0, 'width': 240.0}","{'height': 360, 'width': 540, 'mime_type': 'video/mp4'}",USurcA3YKDY,https://www.youtube.com/watch?v=USurcA3YKDY
clld34hz8001u3o6la1gw24at,1200,right side,,Abnormal Gait,stroke,"{'top': 0.9791666666666661, 'left': 157.10416666666666, 'height': 352.16666666666663, 'width': 238.60416666666666}","{'height': 360, 'width': 540, 'mime_type': 'video/mp4'}",USurcA3YKDY,https://www.youtube.com/watch?v=USurcA3YKDY
clld34hz8001u3o6la1gw24at,1201,right side,,Abnormal Gait,stroke,"{'top': 0.958333333333333, 'left': 158.20833333333334, 'height': 352.33333333333337, 'width': 237.20833333333334}","{'height': 360, 'width': 540, 'mime_type': 'video/mp4'}",USurcA3YKDY,https://www.youtube.com/watch?v=USurcA3YKDY
clld34hz8001u3o6la1gw24at,1202,right side,,Abnormal Gait,stroke,"{'top': 0.9375, 'left': 159.3125, 'height': 352.5, 'width': 235.8125}","{'height': 360, 'width': 540, 'mime_type': 'video/mp4'}",USurcA3YKDY,https://www.youtube.com/watch?v=USurcA3YKDY
clld34hz8001u3o6la1gw24at,1203,right side,,Abnormal Gait,stroke,"{'top': 0.9166666666666661, 'left': 160.41666666666666, 'height': 352.66666666666663, 'width': 234.41666666666666}","{'height': 360, 'width': 540, 'mime_type': 'video/mp4'}",USurcA3YKDY,https://www.youtube.com/watch?v=USurcA3YKDY
clld34hz8001u3o6la1gw24at,1204,right side,,Abnormal Gait,stroke,"{'top': 0.895833333333333, 'left': 161.52083333333334, 'height': 352.83333333333337, 'width': 233.02083333333334}","{'height': 360, 'width': 540, 'mime_type': 'video/mp4'}",USurcA3YKDY,https://www.youtube.com/watch?v=USurcA3YKDY
clld34hz8001u3o6la1gw24at,1205,right side,,Abnormal Gait,stroke,"{'top': 0.875, 'left': 162.625, 'height': 353.0, 'width': 231.625}","{'height': 360, 'width': 540, 'mime_type': 'video/mp4'}",USurcA3YKDY,https://www.youtube.com/watch?v=USurcA3YKDY
clld34hz8001u3o6la1gw24at,1206,right side,,Abnormal Gait,stroke,"{'top': 0.8541666666666661, 'left': 163.72916666666666, 'height': 353.16666666666663, 'width': 230.22916666666666}","{'height': 360, 'width': 540, 'mime_type': 'video/mp4'}",USurcA3YKDY,https://www.youtube.com/watch?v=USurcA3YKDY
clld34hz8001u3o6la1gw24at,1207,right side,,Abnormal Gait,stroke,"{'top': 0.833333333333333, 'left': 164.83333333333334, 'height': 353.33333333333337, 'width': 228.83333333333334}","{'height': 360, 'width': 540, 'mime_type': 'video/mp4'}",USurcA3YKDY,https://www.youtube.com/watch?v=USurcA3YKDY
clld34hz8001u3o6la1gw24at,1208,right side,,Abnormal Gait,stroke,"{'top': 0.8125, 'left': 165.9375, 'height': 353.5, 'width': 227.4375}","{'height': 360, 'width': 540, 'mime_type': 'video/mp4'}",USurcA3YKDY,https://www.youtube.com/watch?v=USurcA3YKDY
clld34hz8001u3o6la1gw24at,1209,right side,,Abnormal Gait,stroke,"{'top': 0.7916666666666661, 'left': 167.04166666666666, 'height': 353.66666666666663, 'width': 226.04166666666666}","{'height': 360, 'width': 540, 'mime_type': 'video/mp4'}",USurcA3YKDY,https://www.youtube.com/watch?v=USurcA3YKDY
clld34hz8001u3o6la1gw24at,1210,right side,,Abnormal Gait,stroke,"{'top': 0.770833333333333, 'left': 168.14583333333334, 'height': 353.83333333333337, 'width': 224.64583333333334}","{'height': 360, 'width': 540, 'mime_type': 'video/mp4'}",USurcA3YKDY,https://www.youtube.com/watch?v=USurcA3YKDY
clld34hz8001u3o6la1gw24at,1211,right side,,Abnormal Gait,stroke,"{'top': 0.75, 'left': 169.25, 'height': 354.0, 'width': 223.25}","{'height': 360, 'width': 540, 'mime_type': 'video/mp4'}",USurcA3YKDY,https://www.youtube.com/watch?v=USurcA3YKDY
clld34hz8001u3o6la1gw24at,1212,right side,,Abnormal Gait,stroke,"{'top': 0.7291666666666661, 'left': 170.35416666666666, 'height': 354.16666666666663, 'width': 221.85416666666666}","{'height': 360, 'width': 540, 'mime_type': 'video/mp4'}",USurcA3YKDY,https://www.youtube.com/watch?v=USurcA3YKDY
clld34hz8001u3o6la1gw24at,1213,right side,,Abnormal Gait,stroke,"{'top': 0.708333333333333, 'left': 171.45833333333334, 'height': 354.33333333333337, 'width': 220.45833333333334}","{'height': 360, 'width': 540, 'mime_type': 'video/mp4'}",USurcA3YKDY,https://www.youtube.com/watch?v=USurcA3YKDY
clld34hz8001u3o6la1gw24at,1214,right side,,Abnormal Gait,stroke,"{'top': 0.6875, 'left': 172.5625, 'height': 354.5, 'width': 219.0625}","{'height': 360, 'width': 540, 'mime_type': 'video/mp4'}",USurcA3YKDY,https://www.youtube.com/watch?v=USurcA3YKDY
clld34hz8001u3o6la1gw24at,1215,right side,,Abnormal Gait,stroke,"{'top': 0.6666666666666661, 'left': 173.66666666666666, 'height': 354.66666666666663, 'width': 217.66666666666666}","{'height': 360, 'width': 540, 'mime_type': 'video/mp4'}",USurcA3YKDY,https://www.youtube.com/watch?v=USurcA3YKDY
clld34hz8001u3o6la1gw24at,1216,right side,,Abnormal Gait,stroke,"{'top': 0.645833333333333, 'left': 174.77083333333334, 'height': 354.83333333333337, 'width': 216.27083333333334}","{'height': 360, 'width': 540, 'mime_type': 'video/mp4'}",USurcA3YKDY,https://www.youtube.com/watch?v=USurcA3YKDY
clld34hz8001u3o6la1gw24at,1217,right side,,Abnormal Gait,stroke,"{'top': 0.625, 'left': 175.875, 'height': 355.0, 'width': 214.875}","{'height': 360, 'width': 540, 'mime_type': 'video/mp4'}",USurcA3YKDY,https://www.youtube.com/watch?v=USurcA3YKDY
clld34hz8001u3o6la1gw24at,1218,right side,,Abnormal Gait,stroke,"{'top': 0.6041666666666661, 'left': 176.97916666666666, 'height': 355.16666666666663, 'width': 213.47916666666666}","{'height': 360, 'width': 540, 'mime_type': 'video/mp4'}",USurcA3YKDY,https://www.youtube.com/watch?v=USurcA3YKDY
clld34hz8001u3o6la1gw24at,1219,right side,,Abnormal Gait,stroke,"{'top': 0.583333333333333, 'left': 178.08333333333334, 'height': 355.33333333333337, 'width': 212.08333333333334}","{'height': 360, 'width': 540, 'mime_type': 'video/mp4'}",USurcA3YKDY,https://www.youtube.com/watch?v=USurcA3YKDY
clld34hz8001u3o6la1gw24at,1220,right side,,Abnormal Gait,stroke,"{'top': 0.5625, 'left': 179.1875, 'height': 355.5, 'width': 210.6875}","{'height': 360, 'width': 540, 'mime_type': 'video/mp4'}",USurcA3YKDY,https://www.youtube.com/watch?v=USurcA3YKDY
clld34hz8001u3o6la1gw24at,1221,right side,,Abnormal Gait,stroke,"{'top': 0.5416666666666661, 'left': 180.29166666666666, 'height': 355.66666666666663, 'width': 209.29166666666666}","{'height': 360, 'width': 540, 'mime_type': 'video/mp4'}",USurcA3YKDY,https://www.youtube.com/watch?v=USurcA3YKDY
clld34hz8001u3o6la1gw24at,1222,right side,,Abnormal Gait,stroke,"{'top': 0.520833333333333, 'left': 181.39583333333334, 'height': 355.83333333333337, 'width': 207.89583333333334}","{'height': 360, 'width': 540, 'mime_type': 'video/mp4'}",USurcA3YKDY,https://www.youtube.com/watch?v=USurcA3YKDY
clld34hz8001u3o6la1gw24at,1223,right side,,Abnormal Gait,stroke,"{'top': 0.5, 'left': 182.5, 'height': 356.0, 'width': 206.5}","{'height': 360, 'width': 540, 'mime_type': 'video/mp4'}",USurcA3YKDY,https://www.youtube.com/watch?v=USurcA3YKDY
clld34hz8001u3o6la1gw24at,1224,right side,,Abnormal Gait,stroke,"{'top': 0.479166666666666, 'left': 183.60416666666666, 'height': 356.16666666666663, 'width': 205.10416666666666}","{'height': 360, 'width': 540, 'mime_type': 'video/mp4'}",USurcA3YKDY,https://www.youtube.com/watch?v=USurcA3YKDY
clld34hz8001u3o6la1gw24at,1225,right side,,Abnormal Gait,stroke,"{'top': 0.45833333333333304, 'left': 184.70833333333334, 'height': 356.33333333333337, 'width': 203.70833333333334}","{'height': 360, 'width': 540, 'mime_type': 'video/mp4'}",USurcA3YKDY,https://www.youtube.com/watch?v=USurcA3YKDY
clld34hz8001u3o6la1gw24at,1226,right side,,Abnormal Gait,stroke,"{'top': 0.4375, 'left': 185.8125, 'height': 356.5, 'width': 202.3125}","{'height': 360, 'width': 540, 'mime_type': 'video/mp4'}",USurcA3YKDY,https://www.youtube.com/watch?v=USurcA3YKDY
clld34hz8001u3o6la1gw24at,1227,right side,,Abnormal Gait,stroke,"{'top': 0.416666666666666, 'left': 186.91666666666666, 'height': 356.66666666666663, 'width': 200.91666666666666}","{'height': 360, 'width': 540, 'mime_type': 'video/mp4'}",USurcA3YKDY,https://www.youtube.com/watch?v=USurcA3YKDY
clld34hz8001u3o6la1gw24at,1228,right side,,Abnormal Gait,stroke,"{'top': 0.39583333333333304, 'left': 188.02083333333331, 'height': 356.83333333333337, 'width': 199.52083333333337}","{'height': 360, 'width': 540, 'mime_type': 'video/mp4'}",USurcA3YKDY,https://www.youtube.com/watch?v=USurcA3YKDY
clld34hz8001u3o6la1gw24at,1229,right side,,Abnormal Gait,stroke,"{'top': 0.375, 'left': 189.125, 'height': 357.0, 'width': 198.125}","{'height': 360, 'width': 540, 'mime_type': 'video/mp4'}",USurcA3YKDY,https://www.youtube.com/watch?v=USurcA3YKDY
clld34hz8001u3o6la1gw24at,1230,right side,,Abnormal Gait,stroke,"{'top': 0.354166666666666, 'left': 190.22916666666669, 'height': 357.16666666666663, 'width': 196.72916666666663}","{'height': 360, 'width': 540, 'mime_type': 'video/mp4'}",USurcA3YKDY,https://www.youtube.com/watch?v=USurcA3YKDY
clld34hz8001u3o6la1gw24at,1231,right side,,Abnormal Gait,stroke,"{'top': 0.33333333333333304, 'left': 191.33333333333331, 'height': 357.33333333333337, 'width': 195.33333333333337}","{'height': 360, 'width': 540, 'mime_type': 'video/mp4'}",USurcA3YKDY,https://www.youtube.com/watch?v=USurcA3YKDY
clld34hz8001u3o6la1gw24at,1232,right side,,Abnormal Gait,stroke,"{'top': 0.3125, 'left': 192.4375, 'height': 357.5, 'width': 193.9375}","{'height': 360, 'width': 540, 'mime_type': 'video/mp4'}",USurcA3YKDY,https://www.youtube.com/watch?v=USurcA3YKDY
clld34hz8001u3o6la1gw24at,1233,right side,,Abnormal Gait,stroke,"{'top': 0.291666666666666, 'left': 193.54166666666669, 'height': 357.66666666666663, 'width': 192.54166666666663}","{'height': 360, 'width': 540, 'mime_type': 'video/mp4'}",USurcA3YKDY,https://www.youtube.com/watch?v=USurcA3YKDY
clld34hz8001u3o6la1gw24at,1234,right side,,Abnormal Gait,stroke,"{'top': 0.27083333333333304, 'left': 194.64583333333331, 'height': 357.83333333333337, 'width': 191.14583333333337}","{'height': 360, 'width': 540, 'mime_type': 'video/mp4'}",USurcA3YKDY,https://www.youtube.com/watch?v=USurcA3YKDY
clld34hz8001u3o6la1gw24at,1235,right side,,Abnormal Gait,stroke,"{'top': 0.25, 'left': 195.75, 'height': 358.0, 'width': 189.75}","{'height': 360, 'width': 540, 'mime_type': 'video/mp4'}",USurcA3YKDY,https://www.youtube.com/watch?v=USurcA3YKDY
clld34hz8001u3o6la1gw24at,1236,right side,,Abnormal Gait,stroke,"{'top': 0.22916666666666602, 'left': 196.85416666666669, 'height': 358.16666666666663, 'width': 188.35416666666663}","{'height': 360, 'width': 540, 'mime_type': 'video/mp4'}",USurcA3YKDY,https://www.youtube.com/watch?v=USurcA3YKDY
clld34hz8001u3o6la1gw24at,1237,right side,,Abnormal Gait,stroke,"{'top': 0.208333333333333, 'left': 197.95833333333331, 'height': 358.33333333333337, 'width': 186.95833333333337}","{'height': 360, 'width': 540, 'mime_type': 'video/mp4'}",USurcA3YKDY,https://www.youtube.com/watch?v=USurcA3YKDY
clld34hz8001u3o6la1gw24at,1238,right side,,Abnormal Gait,stroke,"{'top': 0.1875, 'left': 199.0625, 'height': 358.5, 'width': 185.5625}","{'height': 360, 'width': 540, 'mime_type': 'video/mp4'}",USurcA3YKDY,https://www.youtube.com/watch?v=USurcA3YKDY
clld34hz8001u3o6la1gw24at,1239,right side,,Abnormal Gait,stroke,"{'top': 0.16666666666666602, 'left': 200.16666666666669, 'height': 358.66666666666663, 'width': 184.16666666666663}","{'height': 360, 'width': 540, 'mime_type': 'video/mp4'}",USurcA3YKDY,https://www.youtube.com/watch?v=USurcA3YKDY
clld34hz8001u3o6la1gw24at,1240,right side,,Abnormal Gait,stroke,"{'top': 0.145833333333333, 'left': 201.27083333333331, 'height': 358.83333333333337, 'width': 182.77083333333337}","{'height': 360, 'width': 540, 'mime_type': 'video/mp4'}",USurcA3YKDY,https://www.youtube.com/watch?v=USurcA3YKDY
clld34hz8001u3o6la1gw24at,1241,right side,,Abnormal Gait,stroke,"{'top': 0.125, 'left': 202.375, 'height': 359.0, 'width': 181.375}","{'height': 360, 'width': 540, 'mime_type': 'video/mp4'}",USurcA3YKDY,https://www.youtube.com/watch?v=USurcA3YKDY
clld34hz8001u3o6la1gw24at,1242,right side,,Abnormal Gait,stroke,"{'top': 0.104166666666666, 'left': 203.47916666666669, 'height': 359.16666666666663, 'width': 179.97916666666663}","{'height': 360, 'width': 540, 'mime_type': 'video/mp4'}",USurcA3YKDY,https://www.youtube.com/watch?v=USurcA3YKDY
clld34hz8001u3o6la1gw24at,1243,right side,,Abnormal Gait,stroke,"{'top': 0.08333333333333301, 'left': 204.58333333333331, 'height': 359.33333333333337, 'width': 178.58333333333337}","{'height': 360, 'width': 540, 'mime_type': 'video/mp4'}",USurcA3YKDY,https://www.youtube.com/watch?v=USurcA3YKDY
clld34hz8001u3o6la1gw24at,1244,right side,,Abnormal Gait,stroke,"{'top': 0.0625, 'left': 205.6875, 'height': 359.5, 'width': 177.1875}","{'height': 360, 'width': 540, 'mime_type': 'video/mp4'}",USurcA3YKDY,https://www.youtube.com/watch?v=USurcA3YKDY
clld34hz8001u3o6la1gw24at,1245,right side,,Abnormal Gait,stroke,"{'top': 0.041666666666666005, 'left': 206.79166666666669, 'height': 359.66666666666663, 'width': 175.79166666666663}","{'height': 360, 'width': 540, 'mime_type': 'video/mp4'}",USurcA3YKDY,https://www.youtube.com/watch?v=USurcA3YKDY
clld34hz8001u3o6la1gw24at,1246,right side,,Abnormal Gait,stroke,"{'top': 0.020833333333333003, 'left': 207.89583333333331, 'height': 359.83333333333337, 'width': 174.39583333333337}","{'height': 360, 'width': 540, 'mime_type': 'video/mp4'}",USurcA3YKDY,https://www.youtube.com/watch?v=USurcA3YKDY
clld34hz8001u3o6la1gw24at,1247,right side,,Abnormal Gait,stroke,"{'top': 0.0, 'left': 209.0, 'height': 360.0, 'width': 173.0}","{'height': 360, 'width': 540, 'mime_type': 'video/mp4'}",USurcA3YKDY,https://www.youtube.com/watch?v=USurcA3YKDY
