total_loss,jepa_loss,vicreg_loss,vicreg_invariance,vicreg_variance,vicreg_covariance,group_compactness,group_separation,batch_min_centroid_distance,global_mask_fraction,eligible_mask_fraction,ema_momentum,stage,stage_name,added_condition,active_conditions,epoch_in_stage,optimizer_updates,learning_rate,feature_std,mean_pair_cosine,minimum_centroid_distance,mean_centroid_distance,normal_anchor_cosine
7.692115909174869,6.5570533526571175,22.701248771265934,3.486694181207751e-05,0.90611332654953,0.0475439533245088,0.0,0.0,,0.1913875598086124,0.5482923086461297,0.9990000084326323,0,normal_only,normal,normal,1,19,0.001,0.296362042427063,0.7802496552467346,,,
4.273753040715268,3.2240544369346216,20.99397167406584,8.037055622959375e-05,0.7622080460975045,1.9367611825123037,0.0,0.0,,0.1910885167464115,0.5469955808710293,0.9990000618381675,0,normal_only,normal,normal,2,38,0.0009999861956395087,0.2966700792312622,0.782076358795166,,,
3.6091923337233696,2.624134195478339,19.701161334389134,9.28776727577267e-05,0.7125009361066317,1.8863157484876483,0.0,0.0,,0.19298245614035087,0.552378207298001,0.9990001700867974,0,normal_only,normal,normal,3,57,0.0009999447840825177,0.2976454794406891,0.7838444709777832,,,
3.3825277403781286,2.4179191903064123,19.292170574790553,0.0001340635750047544,0.7063681295043543,1.6296154783646528,0.0,0.0,,0.19158692185007975,0.5485122699089274,0.9990003331666469,0,normal_only,normal,normal,4,76,0.0009998757699023074,0.29879477620124817,0.7857339382171631,,,
3.0877734987359298,2.107053656327097,19.614396045082493,9.344302074360282e-05,0.7008184351419148,2.091599109925722,0.0,0.0,,0.1914872408293461,0.5478693117717299,0.9990005510598264,0,normal_only,normal,normal,5,95,0.0009997791607204507,0.30043673515319824,0.7870600819587708,,,
2.8813790020189787,1.9173558009298224,19.28046357004266,0.00012785383361053966,0.6695273455820585,2.5390837812109996,0.0,0.0,,0.19467703349282295,0.5569055383205336,0.9990008237424329,0,normal_only,normal,normal,6,114,0.0009996549672059718,0.30246177315711975,0.7875797748565674,,,
2.7910540731329667,1.817893530193128,19.463211461117393,0.00012256362501112132,0.7245415009950337,1.3466097900741978,0.0,0.0,,0.1916866028708134,0.5501444008044507,0.9990011511845536,0,normal_only,normal,normal,7,133,0.0009995032030741668,0.30501481890678406,0.7871078848838806,,,
2.7698701871068856,1.795939869002292,19.478605471159284,8.085181599725681e-05,0.7097470478007668,1.7329079797736515,0.0,0.0,,0.19427830940988833,0.5555075747616298,0.9990015333502672,0,normal_only,normal,normal,8,152,0.00099932388508509,0.3072206377983093,0.7868271470069885,,,
2.6233888550808557,1.7009415124592029,18.44894660146613,0.00019964702560652144,0.6481267213821411,2.240787454341587,0.0,0.0,,0.19248405103668262,0.5510885791568682,0.9990019701976511,0,normal_only,normal,normal,9,171,0.0009991170330417025,0.31034746766090393,0.7849112153053284,,,
2.604716100190815,1.686597090018423,18.36237937525699,0.00012087859177929778,0.629440216641677,2.623352057055423,0.0,0.0,,0.1922846889952153,0.5502474250506659,0.9990024616787835,0,normal_only,normal,normal,10,190,0.0009988826697876858,0.31297072768211365,0.7836427688598633,,,
2.6447017632032694,1.702694456828268,18.840145311857526,9.081945762246553e-05,0.6648943612450048,2.2155158821689453,0.0,0.0,,0.1916866028708134,0.5488453765557785,0.9990030077397479,0,normal_only,normal,normal,11,209,0.000998620821204919,0.3156908452510834,0.7818164229393005,,,
2.5629727463973198,1.6421070067506087,18.417314429032174,0.00024289277299478846,0.6459601239154213,2.262238810721197,0.0,0.0,,0.19278309409888356,0.5520158810736947,0.9990036083206422,0,normal_only,normal,normal,12,228,0.0009983315162106195,0.3190544843673706,0.7789673209190369,,,
2.5180348220624422,1.5963995770404213,18.43270452399003,0.00015183076117720798,0.6466805778051677,2.26189428881595,0.0,0.0,,0.1901913875598086,0.5448039492214748,0.9990042633555829,0,normal_only,normal,normal,13,247,0.0009980147867541512,0.32229045033454895,0.7762969732284546,,,
2.643022160781057,1.7055236289375706,18.749970586676348,0.00016034031719563675,0.6702918347559477,1.9886660042561983,0.0,0.0,,0.19158692185007975,0.5485730174963787,0.9990049727727129,0,normal_only,normal,normal,14,266,0.0009976706678134944,0.32563528418540955,0.7734707593917847,,,
2.662213363145527,1.724915363286671,18.745959733661852,0.00017353719407478101,0.6591568840177435,2.2626991146489193,0.0,0.0,,0.1935805422647528,0.5535362653034951,0.9990057364942091,0,normal_only,normal,normal,15,285,0.0009972991973913846,0.3290460407733917,0.7703608870506287,,,
2.504217894453751,1.5715886542671604,18.652583975540963,0.00019024027192484171,0.6572432737601431,2.2167464941740036,0.0,0.0,,0.1933811802232855,0.5534182385355338,0.9990065544362915,0,normal_only,normal,normal,16,304,0.0009969004165111149,0.33264854550361633,0.766559362411499,,,
2.4900818247544136,1.5465215130856163,18.871205882022256,0.0002214058835019578,0.691860976972078,1.5691465853076232,0.0,0.0,,0.19407894736842105,0.5550652542821068,0.9990074265092318,0,normal_only,normal,normal,17,323,0.0009964743692120052,0.33616316318511963,0.7626898288726807,,,
2.4533095736252633,1.530084679001256,18.4644977168033,0.00014928603425352392,0.6427737443070662,2.391422029388578,0.0,0.0,,0.18979266347687399,0.5436803927739493,0.9990083526173641,0,normal_only,normal,normal,18,342,0.0009960211025445396,0.33952251076698303,0.7590563297271729,,,
2.4353878247110465,1.5231487029477169,18.244782297234785,0.00014560043966507932,0.6563523913684645,1.8323325671647723,0.0,0.0,,0.19128787878787878,0.5477091291093071,0.9990093326590945,0,normal_only,normal,normal,19,361,0.00099554066656517,0.34274935722351074,0.7553372979164124,,,
2.3677448473478617,1.4555456105031466,18.24398442318565,0.00016912019897350356,0.6391930768364354,2.2599297961906384,0.0,0.0,,0.1910885167464115,0.5476992558507718,0.999010366526913,0,normal_only,normal,normal,20,380,0.0009950331143307883,0.3463249206542969,0.7507749199867249,,,
2.362423896789551,1.440736905524605,18.433739913137334,0.00017040029878875144,0.6381363366779528,2.476071553794961,0.0,0.0,,0.1929824561403509,0.5523096224479637,0.9990114541074038,0,normal_only,normal,normal,21,399,0.0009944985018928664,0.34948453307151794,0.7464595437049866,,,
2.3490846659007825,1.4240633908071016,18.500425137971575,0.0007013552671866675,0.6491175450776753,2.2549524679780006,0.0,0.0,,0.1922846889952153,0.5503024065371719,0.9990125952812603,0,normal_only,normal,normal,22,418,0.0009939368882912662,0.3525829017162323,0.742107093334198,,,
2.346257862291838,1.4391985441509045,18.141186162045127,0.0005821529967330495,0.6411290702066923,2.0984055046972476,0.0,0.0,,0.19059011164274323,0.5456725540134025,0.9990137899232955,0,normal_only,normal,normal,23,437,0.0009933483355477216,0.35597965121269226,0.7374743819236755,,,
2.325417110794469,1.420085841103604,18.106625506752415,0.0005278671579665234,0.6201631301327756,2.5893505215644836,0.0,0.0,,0.192085326953748,0.5493094521000672,0.9990150379024577,0,normal_only,normal,normal,24,456,0.0009927329086589858,0.35941752791404724,0.7322980165481567,,,
2.33630192907233,1.418929281987642,18.34745266563014,0.0004996215904707481,0.6573455929756165,1.9013227004753916,0.0,0.0,,0.1912878787878788,0.5477081857197367,0.9990163390818437,0,normal_only,normal,normal,25,475,0.0009920906755896562,0.36235687136650085,0.7275950312614441,,,
2.2559895954634013,1.3457051641062687,18.20568817540219,0.0008317870838494089,0.6266740717385945,2.51804182874529,0.0,0.0,,0.18929425837320574,0.5423565651753958,0.9990176933187151,0,normal_only,normal,normal,26,494,0.0009914217072646673,0.365488737821579,0.7223629951477051,,,
2.2786923960635534,1.3784888731805902,18.004070382369193,0.00044523175471878956,0.6260951286868045,2.340561179738296,0.0,0.0,,0.19706937799043064,0.5636387347476249,0.9990191004645116,0,normal_only,normal,normal,27,513,0.000990726077561458,0.3683098256587982,0.7176695466041565,,,
2.257201677874515,1.3585221861538135,17.973589947349147,0.0008500228638072976,0.633197966374849,2.122389853000641,0.0,0.0,,0.1912878787878788,0.5482563885333652,0.9990205603648701,0,normal_only,normal,normal,28,532,0.0009900038633018143,0.3712063729763031,0.7127182483673096,,,
2.1995345730530587,1.301019903860594,17.970293245817487,0.0016752259407918533,0.6050906589156703,2.801145853964906,0.0,0.0,,0.19377990430622008,0.5541220581494942,0.9990220728596395,0,normal_only,normal,normal,29,551,0.000989255144243384,0.37427985668182373,0.7072394490242004,,,
2.2475586313950386,1.330694854259491,18.337275555259303,0.0010033412154849717,0.6560446808212682,1.9110749748192335,0.0,0.0,,0.18979266347687399,0.5436775780097994,0.9990236377828999,0,normal_only,normal,normal,30,570,0.0009884800030708692,0.3773104250431061,0.7014614939689636,,,
2.193662819109465,1.293265778767435,18.00794039274517,0.0006725044061711646,0.6254356064294514,2.3552376941630713,0.0,0.0,,0.1911881977671451,0.5474987659371122,0.9990252549629798,0,normal_only,normal,normal,31,589,0.0009876785253868955,0.3799971640110016,0.6959894299507141,,,
2.151179213272898,1.268181047941509,17.659963105854235,0.0008225285537743108,0.5882888750026101,2.932178208702489,0.0,0.0,,0.19318181818181818,0.5530521722285255,0.9990269242224742,0,normal_only,normal,normal,32,608,0.0009868507997025581,0.38266539573669434,0.6907985806465149,,,
2.144887321873715,1.24358626415855,18.0260211543033,0.0005143597256009295,0.6364611826444927,2.1016325103609184,0.0,0.0,,0.19517543859649122,0.5579786617774732,0.9990286453782662,0,normal_only,normal,normal,33,627,0.0009859969174276465,0.3851536810398102,0.6853009462356567,,,
2.181772357539127,1.288056536724693,17.87431656686883,0.0010006943921325728,0.6136787125938817,2.507331553258394,0.0,0.0,,0.192085326953748,0.5498117313488629,0.9990304182415457,0,normal_only,normal,normal,34,646,0.0009851169728605509,0.3876301050186157,0.6797749996185303,,,
2.1508959469042326,1.241700988066824,18.183899126554792,0.0008622295553275188,0.6219071557647303,2.614664303629022,0.0,0.0,,0.19268341307814993,0.5529532414166374,0.9990322426178295,0,normal_only,normal,normal,35,665,0.000984211063177847,0.3896779716014862,0.6748011708259583,,,
2.116019418365077,1.2170602992961281,17.979182594700863,0.0012263527735883958,0.6192813358808819,2.466490322037747,0.0,0.0,,0.1939792663476874,0.5550671787699697,0.9990341183069841,0,normal_only,normal,normal,36,684,0.0009832792884235662,0.39151856303215027,0.670127809047699,,,
2.1202419368844283,1.2318715170810097,17.767407768651058,0.0007164044704711016,0.6126651512949091,2.432869111236773,0.0,0.0,,0.1910885167464115,0.547188962611185,0.9990360451032472,0,normal_only,normal,normal,37,703,0.0009823217514981447,0.393647164106369,0.6651145219802856,,,
2.0936584096205864,1.2124042165906805,17.625083321019222,0.0004971168344031627,0.6110394063748812,2.3366701289227136,0.0,0.0,,0.19208532695374803,0.5496969961494853,0.9990380227952492,0,normal_only,normal,normal,38,722,0.000981338558147062,0.39574703574180603,0.6600160002708435,,,
1.991946113737006,1.1130472139308327,17.577978435315583,0.0007349550532556972,0.6002784967422485,2.5526425650245264,0.0,0.0,,0.19039074960127592,0.5463530823163252,0.9990400511660379,0,normal_only,normal,normal,39,741,0.0009803298169491616,0.3977024555206299,0.6552479267120361,,,
1.977642485969945,1.0960215863428617,17.63241818076686,0.0011625462433776672,0.6110568015198958,2.3269345305467906,0.0,0.0,,0.18949362041467302,0.5430957622147469,0.9990421299931017,0,normal_only,normal,normal,40,760,0.0009792956393046607,0.3994412422180176,0.6506794691085815,,,
2.087776930708634,1.1929636879971153,17.896264527973376,0.00045533198288850193,0.6101656211049933,2.630740397854855,0.0,0.0,,0.19158692185007975,0.5481163641875054,0.9990442590483941,0,normal_only,normal,normal,41,779,0.0009782361394228471,0.40141597390174866,0.6456776261329651,,,
2.0509890945334184,1.1491970074804205,18.03584138970626,0.0006720482187550882,0.6258455938414523,2.372900366783142,0.0,0.0,,0.19178628389154703,0.5490034183887147,0.9990464380983572,0,normal_only,normal,normal,42,798,0.0009771514343094678,0.4033908545970917,0.6406087279319763,,,
2.039803799829985,1.150649607181549,17.783083664743526,0.001044898411476568,0.6185226503171419,2.293894623455248,0.0,0.0,,0.19387958532695376,0.5548846169396074,0.999048666903951,0,normal_only,normal,normal,43,817,0.0009760416437538059,0.4052015542984009,0.635671079158783,,,
1.9802641554882652,1.1053622427739596,17.49803804096423,0.0006966162036405876,0.5853856049085918,2.8459825327521875,0.0,0.0,,0.18859649122807015,0.5412312913630491,0.9990509452206754,0,normal_only,normal,normal,44,836,0.0009749068903154525,0.4071063995361328,0.630602240562439,,,
1.9858219749049137,1.100517401569768,17.706091629831416,0.0007127744136500711,0.629983475333766,1.9386857967627675,0.0,0.0,,0.19178628389154703,0.5486456647104049,0.9990532727985996,0,normal_only,normal,normal,45,855,0.0009737472993107719,0.40870216488838196,0.6259242296218872,,,
2.025052026698464,1.1355719409490888,17.789601777729235,0.0007463206929969601,0.5997102919377779,2.778186537717518,0.0,0.0,,0.19387958532695376,0.5541995726277884,0.9990556493823889,0,normal_only,normal,normal,46,874,0.0009725629987990621,0.41045475006103516,0.621260404586792,,,
1.9386324317831742,1.0525083290903192,17.722481376246403,0.0011107469537436326,0.6084631618700529,2.4831336893533407,0.0,0.0,,0.19487639553429026,0.5572592355110565,0.9990580747113329,0,normal_only,normal,normal,47,893,0.0009713541195684126,0.4122934341430664,0.6164177656173706,,,
1.956278920173645,1.0613474375323246,17.89862943950452,0.0009149509523443779,0.6175742368949088,2.4363997390395715,0.0,0.0,,0.19078947368421054,0.5463390543183676,0.9990605485193731,0,normal_only,normal,normal,48,912,0.000970120795121261,0.41383394598960876,0.6121087670326233,,,
1.9679310886483443,1.0854193615285974,17.65023422241211,0.0007043929604390685,0.6025341090403105,2.5692718907406458,0.0,0.0,,0.1933811802232855,0.5535559255695128,0.9990630705351338,0,normal_only,normal,normal,49,931,0.0009688631616596496,0.41522347927093506,0.607913076877594,,,
2.005904806287665,1.1242116407344216,17.6338630475496,0.0010181546244175958,0.6060981687746549,2.4559545077775655,0.0,0.0,,0.19377990430622005,0.5545523719564881,0.9990656404819505,0,normal_only,normal,normal,50,950,0.0009675813580701835,0.416414737701416,0.6040642261505127,,,
2.0170365258267053,1.1182921089624103,17.9748881490607,0.0012068896103301086,0.6129195533300701,2.6217270085686133,0.0,0.0,,0.19368022328548645,0.5540600179510032,0.9990682580779002,0,normal_only,normal,normal,51,969,0.0009662755259086935,0.4180278778076172,0.5996347665786743,,,
1.9822043619657819,1.1004982057370638,17.634122848510742,0.0013454648969376361,0.6089147643039101,2.3776172179924813,0.0,0.0,,0.19377990430622008,0.5547493427208426,0.9990709230358339,0,normal_only,normal,normal,52,988,0.0009649458093846028,0.4194464385509491,0.5953720808029175,,,
1.9099975949839543,1.0201799932279085,17.79635188454076,0.0011384013770638329,0.6094016464133012,2.532850601171192,0.0,0.0,,0.19198564593301434,0.5493895824893029,0.999073635063406,0,normal_only,normal,normal,53,1007,0.0009635923553450011,0.4210830628871918,0.5911140441894531,,,
1.907543790967841,1.032182254289326,17.50723065828022,0.0010034789034091916,0.5990481690356606,2.5059393989412406,0.0,0.0,,0.19238437001594896,0.5509847405151828,0.9990763938631075,0,normal_only,normal,normal,54,1026,0.0009622153132584286,0.42259955406188965,0.5870952606201172,,,
1.8310976655859696,0.9461663459476671,17.698625966122275,0.0012938417176452564,0.6177879728769001,2.22158071869298,0.0,0.0,,0.19218500797448163,0.5503467309418281,0.9990791991322993,0,normal_only,normal,normal,55,1045,0.000960814835198368,0.42383384704589844,0.5832863450050354,,,
1.891108788942036,1.018868167149393,17.44481217233758,0.0013638163218274713,0.573273125447725,3.078888748821459,0.0,0.0,,0.19148724082934607,0.5482223956296118,0.999082050563244,0,normal_only,normal,normal,56,1064,0.0009593910758264514,0.42506924271583557,0.5797677636146545,,,
1.8231836243679649,0.9456292720217454,17.551086626554792,0.001355090092769579,0.5993613977181284,2.5331747657374333,0.0,0.0,,0.19059011164274323,0.5458588480552123,0.9990849478431396,0,normal_only,normal,normal,57,1083,0.0009579441923753799,0.426309198141098,0.5760201215744019,,,
1.8788466014360126,0.9914867721105877,17.747196297896537,0.0011039204530932597,0.6171307312814813,2.291330083420402,0.0,0.0,,0.19118819776714513,0.5472872984917492,0.9990878906541558,0,normal_only,normal,normal,58,1102,0.0009564743446315592,0.4274929463863373,0.572512149810791,,,
1.8461357731568186,0.9653110237498033,17.61649473089921,0.00110595585321885,0.5901771579918108,2.8344168788508366,0.0,0.0,,0.19308213716108452,0.5528357421334273,0.9990908786734669,0,normal_only,normal,normal,59,1121,0.0009549816949174546,0.4288109242916107,0.5688345432281494,,,
1.855626802695425,0.9694119095802307,17.72429747330515,0.0007193142182107916,0.6219546167474044,2.1574493583879972,0.0,0.0,,0.19308213716108455,0.5523175023634813,0.9990939115732881,0,normal_only,normal,normal,60,1140,0.0009534664080736638,0.4298231601715088,0.5653581023216248,,,
1.989197762388932,1.1193670003037703,17.39661527934827,0.0015666942938543415,0.5771440863609314,2.9288459765283683,0.0,0.0,,0.19368022328548642,0.5536252178399922,0.9990969890209105,0,normal_only,normal,normal,61,1159,0.0009519286514407137,0.4310930073261261,0.5617136359214783,,,
1.8526044519324052,0.9750213434821681,17.551661742360967,0.0010725283297544688,0.6061943894938419,2.3699886422408256,0.0,0.0,,0.19088915470494416,0.5467019095255431,0.9991001106787392,0,normal_only,normal,normal,62,1178,0.0009503685948405794,0.4320852756500244,0.5584365725517273,,,
1.8732259399012516,0.9973582123455248,17.51735476443642,0.0013159698589190253,0.593745630038412,2.640814737269753,0.0,0.0,,0.1928827751196172,0.5522081304584452,0.9991032762043293,0,normal_only,normal,normal,63,1197,0.0009487864105579305,0.4328490197658539,0.5559674501419067,,,
1.7895918206164712,0.9113456010818481,17.564924541272614,0.0010279586552458472,0.5953479785668222,2.655526129822982,0.0,0.0,,0.19328149920255183,0.5535121657358135,0.9991064852504227,0,normal_only,normal,normal,64,1216,0.0009471822733211047,0.43368133902549744,0.5533038973808289,,,
1.758295962685033,0.8863331487304286,17.43925616615697,0.0008406222125478579,0.5943068642365305,2.5605689412669133,0.0,0.0,,0.1914872408293461,0.5483791443118822,0.9991097374649883,0,normal_only,normal,normal,65,1235,0.0009455563602828114,0.4346946179866791,0.5498815774917603,,,
1.8201810560728375,0.9389828647437849,17.62396360698499,0.0007618522986855456,0.603244496019263,2.523804987731733,0.0,0.0,,0.19098883572567785,0.54657039705854,0.9991130324912592,0,normal_only,normal,normal,66,1254,0.0009439088510005684,0.4358571767807007,0.5464087724685669,,,
1.8576827174738835,0.9612203271765458,17.92924740439967,0.0012053196281301911,0.6157759208428232,2.504716355549662,0.0,0.0,,0.1916866028708134,0.548669093678097,0.9991163699677711,0,normal_only,normal,normal,67,1273,0.000942239927416872,0.436897873878479,0.5434157848358154,,,
1.9205218616284823,1.0491774458634227,17.426888415687962,0.0009701223427423668,0.5848985879044784,2.7801705536089445,0.0,0.0,,0.19198564593301437,0.5493429074872065,0.9991197495284047,0,normal_only,normal,normal,68,1292,0.0009405497738391046,0.43784579634666443,0.5406889915466309,,,
1.8356144553736637,0.9695437111352619,17.321414746736224,0.0006005174229932507,0.5913921751474079,2.5215973414872823,0.0,0.0,,0.19068979266347685,0.5459469217196401,0.9991231708024219,0,normal_only,normal,normal,69,1311,0.0009388385769191802,0.43873539566993713,0.5379271507263184,,,
1.794179828543412,0.9295673495844791,17.292249478791888,0.0014332076435063133,0.5868207404488012,2.5859007584421256,0.0,0.0,,0.1910885167464115,0.5472976561931218,0.9991266334145105,0,normal_only,normal,normal,70,1330,0.0009371065256329321,0.43982458114624023,0.5348824858665466,,,
1.7994041631096287,0.9244988184226187,17.498106504741468,0.0013488084104641242,0.5917529275542811,2.670563280582428,0.0,0.0,,0.19238437001594896,0.5505921875399938,0.9991301369848228,0,normal_only,normal,normal,71,1349,0.000935353811259243,0.4406781494617462,0.532312273979187,,,
1.8182017175774825,0.951931002892946,17.32541405527215,0.0009569041653058344,0.5895144531601354,2.5636301542583264,0.0,0.0,,0.1928827751196172,0.5518600703235129,0.9991336811290173,0,normal_only,normal,normal,72,1368,0.0009335806273589214,0.44164732098579407,0.5293595790863037,,,
1.8555436824497424,0.9754670670157984,17.601531781648333,0.0013663294911997294,0.5953455943810312,2.6837337832701835,0.0,0.0,,0.192085326953748,0.5498400410936728,0.9991372654583028,0,normal_only,normal,normal,73,1387,0.0009317871697533255,0.4425435960292816,0.526410698890686,,,
1.807838471312272,0.9340032997884249,17.47670334263852,0.0008477464396396259,0.5994433760643005,2.469425596688923,0.0,0.0,,0.19128787878787876,0.5473596337374578,0.9991408895794793,0,normal_only,normal,normal,74,1406,0.0009299736365027378,0.44337204098701477,0.5236442685127258,,,
1.7889667310212787,0.8974712004787043,17.82991017793354,0.0007660390616174004,0.6164307531557585,2.3999901806053363,0.0,0.0,,0.19009170653907495,0.5446298681330453,0.9991445530949814,0,normal_only,normal,normal,75,1425,0.0009281402278844924,0.4440285265445709,0.5211820602416992,,,
1.7910956834491931,0.9225251329572577,17.37141097219367,0.0010745206297877686,0.597101020185571,2.4170223317648234,0.0,0.0,,0.18979266347687399,0.5441902887245089,0.9991482556029226,0,normal_only,normal,normal,76,1444,0.0009262871463708572,0.4448193311691284,0.5186595320701599,,,
1.80328547327142,0.91500807435889,17.765547601800215,0.0008624733738160055,0.6005853540018985,2.729351746408563,0.0,0.0,,0.19009170653907498,0.5444431750080051,0.9991519966971382,0,normal_only,normal,normal,77,1463,0.000924414596606674,0.4453637897968292,0.5164531469345093,,,
1.75551564442484,0.8934641511816728,17.241029438219574,0.0009533931611497936,0.5895401302136873,2.478691577911377,0.0,0.0,,0.19368022328548642,0.5539933796313496,0.9991557759672313,0,normal_only,normal,normal,78,1482,0.0009225227853867588,0.44588422775268555,0.5144085884094238,,,
1.8110632143522565,0.9254643979825472,17.71197590075041,0.0007681853810362028,0.5977351163562975,2.749393205893667,0.0,0.0,,0.1918859649122807,0.5493280223479772,0.999159592998617,0,normal_only,normal,normal,79,1501,0.0009206119216330639,0.4463171064853668,0.5126537680625916,,,
1.8201942820298045,0.9355227100221735,17.693431151540654,0.0008834474785161499,0.6172888843636763,2.239122836213363,0.0,0.0,,0.19587320574162678,0.5593435985105323,0.9991634473725679,0,normal_only,normal,normal,80,1520,0.0009186822163716064,0.4468630254268646,0.5107668042182922,,,
1.804979067099722,0.9246756716778404,17.606067155536852,0.0006520487496393463,0.5886648234568144,2.873145241486399,0.0,0.0,,0.19218500797448168,0.5510735941868355,0.9991673386662601,0,normal_only,normal,normal,81,1539,0.0009167338827091627,0.4475055932998657,0.5086562037467957,,,
1.8294003950922113,0.9476878329327232,17.634250841642682,0.000847538808317806,0.6187860181457118,2.1434118308519063,0.0,0.0,,0.19397926634768742,0.5546387403393066,0.9991712664528194,0,normal_only,normal,normal,82,1558,0.0009147671358097347,0.4480021297931671,0.506319522857666,,,
1.7745707787965472,0.9233247888715643,17.024919811048004,0.0008564637162060918,0.5673607556443465,2.8194896233709237,0.0,0.0,,0.1933811802232855,0.5532504233647896,0.9991752303013689,0,normal_only,normal,normal,83,1577,0.0009127821928707879,0.4487360417842865,0.5038783550262451,,,
1.809522358994735,0.9324502756721095,17.54144166645251,0.0010039113610553997,0.5896948607344377,2.773972319929223,0.0,0.0,,0.19098883572567785,0.5470596344530678,0.9991792297770751,0,normal_only,normal,normal,84,1596,0.0009107792730992655,0.44955015182495117,0.5014617443084717,,,
1.7935245413529246,0.9098259210586548,17.6739723807887,0.0008364891929025026,0.6223483775791369,2.0943505952232764,0.0,0.0,,0.19417862838915473,0.5557168779611406,0.9991832644411968,0,normal_only,normal,normal,85,1615,0.0009087585976873799,0.45006033778190613,0.49934113025665283,,,
1.748487209018908,0.8929838632282457,17.110066263299238,0.0011307798880520032,0.5684842341824582,2.86969078214545,0.0,0.0,,0.19278309409888358,0.5517433129757731,0.9991873338511318,0,normal_only,normal,normal,86,1634,0.0009067203897881857,0.450778603553772,0.4967837631702423,,,
1.7130307774794729,0.8484214010991549,17.29218743976794,0.0012953015608026793,0.5785668774654991,2.795632801557842,0.0,0.0,,0.192085326953748,0.5499056541465114,0.9991914375604675,0,normal_only,normal,normal,87,1653,0.0009046648744909357,0.4515365660190582,0.49412593245506287,,,
1.7507265555231195,0.8784910707097304,17.44470917551141,0.0009630486893001944,0.6037187450810483,2.3276645509820235,0.0,0.0,,0.1928827751196172,0.5522491349235532,0.9991955751190277,0,normal_only,normal,normal,88,1672,0.0009025922787962232,0.45198145508766174,0.49205121397972107,,,
1.7414501340765702,0.8838102629310206,17.1527973978143,0.0008798473526870733,0.5795249437030993,2.64267771495016,0.0,0.0,,0.1922846889952153,0.5505830317924675,0.9991997460729227,0,normal_only,normal,normal,89,1691,0.000900502831590913,0.452461838722229,0.4899347126483917,,,
1.8297678985093768,0.9565475896785134,17.464406063682155,0.0008665338437391543,0.5863398282151473,2.784246952910172,0.0,0.0,,0.19238437001594896,0.550526758376589,0.9992039499646007,0,normal_only,normal,normal,90,1710,0.0008983967636228649,0.4530624449253082,0.48764610290527344,,,
1.8090101417742277,0.9479756637623435,17.22068987394634,0.0006396048005339445,0.5934043934470729,2.369590025199087,0.0,0.0,,0.19238437001594894,0.5507448544319092,0.9992081863328955,0,normal_only,normal,normal,91,1729,0.0008962743074754503,0.45365071296691895,0.48567137122154236,,,
1.7163875479447215,0.8550538044226798,17.226674732409027,0.0009890064856766625,0.5729861196718717,2.877296673624139,0.0,0.0,,0.19078947368421054,0.5461335243239758,0.9992124547130784,0,normal_only,normal,normal,92,1748,0.0008941356975418677,0.45425403118133545,0.4837951362133026,,,
1.7836440299686633,0.9156374648997658,17.360130811992445,0.0008936846735243881,0.5856537411087438,2.6964452705885233,0.0,0.0,,0.19098883572567782,0.5466015240760302,0.9992167546369093,0,normal_only,normal,normal,93,1767,0.0008919811699992569,0.4547082483768463,0.48188653588294983,,,
1.7825823896809627,0.9147744100344809,17.356159009431536,0.0007346613293568799,0.6033185594960263,2.2548285471765617,0.0,0.0,,0.18939393939393936,0.5443237281673395,0.9992210856326873,0,normal_only,normal,normal,94,1786,0.0008898109627826168,0.4550357758998871,0.4803650975227356,,,
1.7494097697107416,0.8860105589816445,17.267983888324938,0.000870853307117757,0.5648724970064665,3.1243999129847477,0.0,0.0,,0.19427830940988833,0.5554746158662208,0.9992254472253036,0,normal_only,normal,normal,95,1805,0.0008876253155585296,0.4555548131465912,0.47838661074638367,,,
1.7386453590895001,0.8779435926362088,17.21403553611354,0.00042854043069957316,0.5971660174821553,2.2741716911918237,0.0,0.0,,0.19407894736842105,0.5547115282493096,0.9992298389362925,0,normal_only,normal,normal,96,1824,0.0008854244696986926,0.45610693097114563,0.47629740834236145,,,
1.7596275492718345,0.8837685365425912,17.517179890682822,0.0011586826723559123,0.587837416874735,2.792277191814623,0.0,0.0,,0.19228468899521528,0.5503637277151018,0.9992342602838843,0,normal_only,normal,normal,97,1843,0.0008832086682532633,0.4564046561717987,0.47479501366615295,,,
1.753785999197709,0.890629978556382,17.263120249698037,0.0008552237800598194,0.595319245990954,2.3587585624895597,0.0,0.0,,0.1895933014354067,0.5445822007509812,0.9992387107830579,0,normal_only,normal,normal,98,1862,0.0008809781559240168,0.45669397711753845,0.4732842445373535,,,
1.7634004542702122,0.888477767768659,17.498453842966182,0.0008029329386006698,0.5907103827125147,2.710620829933568,0.0,0.0,,0.19178628389154706,0.5497381604226514,0.9992431899455951,0,normal_only,normal,normal,99,1881,0.0008787331790373233,0.456918865442276,0.4720427393913269,,,
1.749251742112009,0.8617007214772073,17.751020431518555,0.0008881022651238661,0.5971925870368355,2.7990034881391024,0.0,0.0,,0.1935805422647528,0.5533207514958218,0.9992476972801327,0,normal_only,normal,normal,100,1900,0.0008764739855169449,0.4572080671787262,0.47059574723243713,,,
1.7230444581885087,0.8620715455005044,17.219457927503083,0.0008172895629142754,0.5971978840075041,2.2690784241023816,0.0,0.0,,0.19138755980861244,0.5481378151028988,0.9992522322922174,0,normal_only,normal,normal,101,1919,0.0008742008248566555,0.45750299096107483,0.46902164816856384,,,
1.8034996233488385,0.9378943898175892,17.312104676899157,0.000768439326508853,0.5770278557350761,2.8671970179206445,0.0,0.0,,0.19328149920255183,0.5530615346205302,0.9992567944843592,0,normal_only,normal,normal,102,1938,0.0008719139480926892,0.45788276195526123,0.4672268331050873,,,
1.6883539965278225,0.8323478667359603,17.120122307225277,0.0011211583279011968,0.5781070307681435,2.6394174349935433,0.0,0.0,,0.1914872408293461,0.5483052407809783,0.9992613833560869,0,normal_only,normal,normal,103,1957,0.0008696136077760157,0.45828261971473694,0.4652489423751831,,,
1.7273096348109997,0.8658688256615087,17.228816182989824,0.0010456759191583842,0.585518943636041,2.564700757202349,0.0,0.0,,0.1908891547049442,0.5464452942540655,0.9992659984040021,0,normal_only,normal,normal,104,1976,0.0008673000579444508,0.4586705267429352,0.4634709358215332,,,
1.7864900701924373,0.9197921407850165,17.3339584752133,0.0007188496174900425,0.5813844768624556,2.7813750442705656,0.0,0.0,,0.19029106858054226,0.5462731976421333,0.9992706391218356,0,normal_only,normal,normal,105,1995,0.0008649735540946018,0.4591635465621948,0.4614478647708893,,,
1.767305524725663,0.9027260667399356,17.291589134617855,0.0006900117081577742,0.579622601207934,2.783773877118763,0.0,0.0,,0.19158692185007975,0.5484597289842142,0.9992753050005013,0,normal_only,normal,normal,106,2014,0.0008626343531536513,0.45940878987312317,0.4597695469856262,,,
1.7353380228343762,0.8807560895618639,17.091638464676706,0.0006926742805119016,0.5859014956574691,2.426784584396764,0.0,0.0,,0.18989234449760764,0.544074751858008,0.9992799955281538,0,normal_only,normal,normal,107,2033,0.0008602827134509836,0.45968595147132874,0.45829591155052185,,,
1.8129794848592657,0.931941242594468,17.620764782554225,0.0006593175502003808,0.5951978030957674,2.7243369880475496,0.0,0.0,,0.1910885167464115,0.547084602907676,0.9992847101902435,0,normal_only,normal,normal,108,2052,0.0008579188946896566,0.45998096466064453,0.45687177777290344,,,
1.8104316560845626,0.9314173648231908,17.580285423680355,0.0007371910618722291,0.6138938163456163,2.214510152214452,0.0,0.0,,0.19208532695374803,0.5496814138471168,0.9992894484695726,0,normal_only,normal,normal,109,2071,0.0008555431579177204,0.46022549271583557,0.45548099279403687,,,
1.728523147733588,0.8638898228344164,17.292666184274776,0.0007849058188424495,0.5741284270035593,2.9198326939030697,0.0,0.0,,0.19218500797448163,0.5497422700328056,0.9992942098463533,0,normal_only,normal,normal,110,2090,0.00085315576549939,0.4605882167816162,0.45380955934524536,,,
1.702178628821122,0.8361602958879972,17.32036660846911,0.0009369366276874452,0.5955042211632979,2.409337429623855,0.0,0.0,,0.1930821371610845,0.5519831973465855,0.9992989937982637,0,normal_only,normal,normal,111,2109,0.0008507569810860698,0.4608829915523529,0.45235106348991394,,,
1.7348050820200067,0.8661636647425199,17.372828333001387,0.000489504001100278,0.5951548846144425,2.481718533917477,0.0,0.0,,0.19387958532695374,0.5542595194501259,0.9993037998005057,0,normal_only,normal,normal,112,2128,0.0008483470695872382,0.46119558811187744,0.45097479224205017,,,
1.6762198147020841,0.818494975566864,17.154496443899053,0.0007975913705242993,0.5664244200053968,2.9739461886255363,0.0,0.0,,0.19248405103668262,0.5508990456680991,0.9993086273258615,0,normal_only,normal,normal,113,2147,0.0008459262971411919,0.46144577860832214,0.44961369037628174,,,
1.7419673706355847,0.8797776322615775,17.24379398948268,0.0007431837858396312,0.5860311357598555,2.5744360434381584,0.0,0.0,,0.19178628389154706,0.5487607453573937,0.9993134758447533,0,normal_only,normal,normal,114,2166,0.0008434949310856547,0.46176406741142273,0.4480105936527252,,,
1.7496824515493292,0.8791444427088687,17.41075977526213,0.0005589979340775722,0.5961667612979287,2.49261548644618,0.0,0.0,,0.19368022328548645,0.5546134927841327,0.9993183448252992,0,normal_only,normal,normal,115,2185,0.0008410532399282551,0.46219953894615173,0.44627001881599426,,,
1.7755202807878192,0.9142968435036508,17.224468431974714,0.0007296471858832152,0.583536075918298,2.6178254516501176,0.0,0.0,,0.19318181818181815,0.5542282020083961,0.9993232337333738,0,normal_only,normal,normal,116,2204,0.0008386014933168724,0.46267351508140564,0.444610595703125,,,
1.7297619581222534,0.8585310609717118,17.424617365786904,0.00080358679712701,0.5912163257598877,2.624119608025802,0.0,0.0,,0.19228468899521528,0.5499438631982645,0.9993281420326646,0,normal_only,normal,normal,117,2223,0.0008361399620098593,0.46302330493927,0.44307002425193787,,,
1.7405245680558055,0.8592282941466883,17.625925064086914,0.0010319060070048038,0.6039643726850811,2.501018298299689,0.0,0.0,,0.19208532695374803,0.5498286231811009,0.9993330691847326,0,normal_only,normal,normal,118,2242,0.0008336689178461399,0.4632546603679657,0.4417300224304199,,,
1.752760046406796,0.8893569582387021,17.26806148729826,0.001219250534440538,0.5860205073105661,2.58706786130604,0.0,0.0,,0.19188596491228066,0.5492774946442713,0.9993380146490702,0,normal_only,normal,normal,119,2261,0.0008311886337151894,0.46344897150993347,0.4406745433807373,,,
1.71871659002806,0.851926044413918,17.33581051073576,0.0007063832044399245,0.5981656407055101,2.3640098854115137,0.0,0.0,,0.18510765550239233,0.5344806422692409,0.9993429778831618,0,normal_only,normal,normal,120,2280,0.0008286993835268981,0.4635675251483917,0.439679354429245,,,
1.709447929733678,0.8376887973986173,17.435182872571442,0.0005526914549256233,0.5894189696562918,2.685891352201763,0.0,0.0,,0.19168660287081338,0.5490749424752348,0.9993479583425411,0,normal_only,normal,normal,121,2299,0.0008262014421813217,0.4636678993701935,0.4387047290802002,,,
1.6764734105059975,0.8052553628620348,17.424360777202406,0.0008272078350848077,0.595109506657249,2.5259429906543933,0.0,0.0,,0.19029106858054226,0.5448278781619337,0.9993529554808531,0,normal_only,normal,normal,122,2318,0.0008236950855383225,0.4638717472553253,0.437592476606369,,,
1.695780032559445,0.8343637397414759,17.22832509091026,0.0007109171251374248,0.5855509952494973,2.571776873187015,0.0,0.0,,0.19308213716108452,0.5521703767515236,0.9993579687499132,0,normal_only,normal,normal,123,2337,0.0008211805903871058,0.46410536766052246,0.43629613518714905,,,
1.7114293010611283,0.8486451945806804,17.25568199157715,0.000637910521809796,0.580607178964113,2.724554695581135,0.0,0.0,,0.19447767145135564,0.5561684667717667,0.9993629975997667,0,normal_only,normal,normal,124,2356,0.0008186582344156515,0.4642309844493866,0.43505820631980896,,,
1.7150163211320575,0.8518227150565699,17.263871745059365,0.0006591442208063151,0.5878224153267709,2.551832782594781,0.0,0.0,,0.1918859649122807,0.5495231050380821,0.99936804147875,0,normal_only,normal,normal,125,2375,0.0008161282961800484,0.46438875794410706,0.4338267147541046,,,
1.7427075222918862,0.866620377490395,17.52174226861251,0.0007466360065767443,0.6023616759400618,2.444034262707359,0.0,0.0,,0.19348086124401911,0.5532890075886282,0.9993730998335509,0,normal_only,normal,normal,126,2394,0.0008135910550737325,0.4646243751049042,0.43250590562820435,,,
1.7326414522371794,0.8689043647364566,17.274741323370684,0.0005264776195154378,0.57969300684176,2.769254107224314,0.0,0.0,,0.19128787878787878,0.547403637184226,0.9993781721092696,0,normal_only,normal,normal,127,2413,0.0008110467912966303,0.4649304449558258,0.43087881803512573,,,
1.7085938453674316,0.8474356939918116,17.223162600868626,0.000483975802413433,0.5827827516355013,2.6414944309937325,0.0,0.0,,0.19158692185007978,0.5488548847075488,0.999383257749478,0,normal_only,normal,normal,128,2432,0.000808495785824217,0.4651506841182709,0.4295835494995117,,,
1.7506422620070607,0.8776785480348688,17.459273890445107,0.000816749896904711,0.5924282952358848,2.628147740113108,0.0,0.0,,0.19178628389154703,0.5493736387608031,0.999388356196283,0,normal_only,normal,normal,129,2451,0.0008059383203764856,0.46530666947364807,0.42824652791023254,,,
1.7454793076766164,0.866787220302381,17.573841496517783,0.0007303358709721483,0.6039711174212004,2.456305604231985,0.0,0.0,,0.19268341307814993,0.5530862314671073,0.9993934668903858,0,normal_only,normal,normal,130,2470,0.0008033746773868363,0.4654964208602905,0.42683929204940796,,,
1.7844458630210476,0.928372997986643,17.121456949334394,0.0008727536516840031,0.571445578023007,2.813498600533134,0.0,0.0,,0.1876993620414673,0.540870029586752,0.9993985892711448,0,normal_only,normal,normal,131,2489,0.000800805139970885,0.46567121148109436,0.42547887563705444,,,
1.7019094981645282,0.8451924229923048,17.134341089349043,0.0008285545328889336,0.5916293012468439,2.322894661050094,0.0,0.0,,0.19188596491228072,0.5493386629313622,0.999403722776636,0,normal_only,normal,normal,132,2508,0.0007982299918951978,0.465840220451355,0.42434191703796387,,,
1.6912239099803723,0.8498351260235435,16.827775152106035,0.0006756628074646486,0.5637980479943124,2.7159324947156405,0.0,0.0,,0.1924840510366826,0.551210361872575,0.9994088668437154,0,normal_only,normal,normal,133,2527,0.0007956495175459537,0.4660472869873047,0.4230777621269226,,,
1.7098110851488615,0.8479066961689999,17.238087804693926,0.0008535518856277983,0.5770954113257559,2.789363559923674,0.0,0.0,,0.19178628389154706,0.5487364555187891,0.9994140209080796,0,normal_only,normal,normal,134,2546,0.000793064001897538,0.4661232531070709,0.42200925946235657,,,
1.6974244996121055,0.8308627181931546,17.331235484073037,0.0008445237560265109,0.5933552164780466,2.476241858381974,0.0,0.0,,0.1908891547049442,0.5466832718144033,0.9994191844043295,0,normal_only,normal,normal,135,2565,0.0007904737304810711,0.46619734168052673,0.42093366384506226,,,
1.6910040378570557,0.8337568797563252,17.144942634984066,0.0007168410451604837,0.5719983420873943,2.8270630711003353,0.0,0.0,,0.19258373205741625,0.5509360477589144,0.9994243567660304,0,normal_only,normal,normal,136,2584,0.0007878789893528764,0.466360479593277,0.41973504424095154,,,
1.6612172314995213,0.7958536461779946,17.30727145546361,0.0007994483630203544,0.5908813853012888,2.5152502875579033,0.0,0.0,,0.19368022328548642,0.5549071898955733,0.9994295374257758,0,normal_only,normal,normal,137,2603,0.0007852800650628888,0.4665396511554718,0.4184180200099945,,,
1.6939971321507503,0.8426816604639354,17.026309465107165,0.0006503785223589818,0.5675048420303747,2.8224290797584937,0.0,0.0,,0.19178628389154706,0.5488589060698924,0.9994347258152482,0,normal_only,normal,normal,138,2622,0.0007826772446230113,0.4666755199432373,0.4171566069126129,,,
1.6974518989261829,0.8207675893055765,17.533685383043792,0.0005987526325809181,0.5980369291807476,2.567793294003135,0.0,0.0,,0.19278309409888358,0.5518964581729803,0.9994399213652826,0,normal_only,normal,normal,139,2641,0.0007800708154754164,0.46684208512306213,0.4158742129802704,,,
1.7346358048288446,0.8619246169140464,17.45422323126542,0.0008702408503220221,0.5917991744844537,2.6374881769481457,0.0,0.0,,0.19268341307814993,0.5513486937396347,0.9994451235059287,0,normal_only,normal,normal,140,2660,0.0007774610654608049,0.46698370575904846,0.41482412815093994,,,
1.6878379395133571,0.8149404682611164,17.457949487786543,0.000700440983085795,0.6007577933763203,2.4214939443688643,0.0,0.0,,0.19029106858054226,0.5448172148466617,0.999450331666513,0,normal_only,normal,normal,141,2679,0.0007748482827866166,0.4670931398868561,0.41376882791519165,,,
1.7051837569788884,0.8402603958782396,17.29846683301424,0.0009315478650693732,0.5954206836851019,2.389661061136346,0.0,0.0,,0.18969298245614033,0.5436238220615348,0.9994555452757015,0,normal_only,normal,normal,142,2698,0.0007722327559952027,0.4671938717365265,0.4126429259777069,,,
1.6624699517300254,0.8026701839346635,17.19599553158409,0.0008463332786433105,0.5724845575658899,2.8627229207440426,0.0,0.0,,0.18989234449760767,0.543723507624873,0.9994607637615623,0,normal_only,normal,normal,143,2717,0.0007696147739319612,0.4673852026462555,0.4113478660583496,,,
1.665845274925232,0.8026678264141083,17.263548800819798,0.0005504168197818983,0.5872212867987784,2.569256148840252,0.0,0.0,,0.19178628389154703,0.5491468979863887,0.9994659865516288,0,normal_only,normal,normal,144,2736,0.0007669946257134372,0.4675081968307495,0.4102511405944824,,,
1.70110485428258,0.8491931024350619,17.03823501185367,0.0005767628348334448,0.5778149366378784,2.5784427178533456,0.0,0.0,,0.18899521531100474,0.5434877157339066,0.9994712130729623,0,normal_only,normal,normal,145,2755,0.000764372600695395,0.46757829189300537,0.40940535068511963,,,
1.6341889908439236,0.7804853414234362,17.074072586862666,0.0007488110089692974,0.5656496004054421,2.9141120973386263,0.0,0.0,,0.1941786283891547,0.5554121544774118,0.9994764427522149,0,normal_only,normal,normal,146,2774,0.0007617489884408634,0.46775269508361816,0.4083003103733063,,,
1.6478137593520314,0.8001218312665036,16.95383814761513,0.0005143850246799717,0.5710959152171486,2.6635805337052596,0.0,0.0,,0.1932814992025518,0.5531575226217385,0.9994816750156916,0,normal_only,normal,normal,147,2793,0.0007591240786881569,0.4678223133087158,0.4073750376701355,,,
1.6829237498735126,0.8106426251562018,17.445621992412367,0.0005892916164348686,0.6018132253697044,2.3855591071279427,0.0,0.0,,0.1953748006379585,0.5588364986861104,0.9994869092894149,0,normal_only,normal,normal,148,2812,0.0007564981613188795,0.4678916037082672,0.40644505620002747,,,
1.6881602939806486,0.8251398864545321,17.26040810032895,0.0006328211671452186,0.5879028031700536,2.5470174958831384,0.0,0.0,,0.19178628389154703,0.549139496751655,0.9994921449991856,0,normal_only,normal,normal,149,2831,0.0007538715263259112,0.468007355928421,0.4054298996925354,,,
1.6809803812127364,0.8089882903977444,17.439841722187243,0.0005000864759112071,0.5888620426780299,2.705788436688875,0.0,0.0,,0.19218500797448165,0.5502558462305661,0.9994973815706484,0,normal_only,normal,normal,150,2850,0.0007512444637813823,0.4681544303894043,0.4044063985347748,,,
1.6817800559495624,0.8168192960714039,17.29921481483861,0.0006982094882435998,0.5842406247791491,2.6757440692500065,0.0,0.0,,0.1899920255183413,0.544556223581074,0.999502618429352,0,normal_only,normal,normal,151,2869,0.0007486172638046403,0.4683437645435333,0.4032573103904724,,,
1.650869281668412,0.7999821571927321,17.01774205659565,0.00061988732455862,0.5748434129514193,2.631159631829513,0.0,0.0,,0.1912878787878788,0.5485165593683101,0.9995078550008142,0,normal_only,normal,normal,152,2888,0.0007459902165302093,0.46843063831329346,0.40214860439300537,,,
1.6661629112143266,0.8092767847211737,17.13772241692794,0.0005148260323422667,0.5788935109188682,2.6525138742045353,0.0,0.0,,0.1901913875598086,0.5447253421965472,0.9995130907105851,0,normal_only,normal,normal,153,2907,0.0007433636120757507,0.468605637550354,0.40113553404808044,,,
1.6284567054949308,0.775295144633243,17.063231317620527,0.0004902262235669983,0.563806066387578,2.955823829299525,0.0,0.0,,0.19178628389154703,0.550360878210734,0.9995183249843084,0,normal_only,normal,normal,154,2926,0.0007407377405100221,0.4687420427799225,0.40013477206230164,,,
1.6450904105838977,0.7910584619170741,17.080638584337738,0.0005179741932998264,0.5835288041516354,2.4794692993164062,0.0,0.0,,0.194377990430622,0.5556069980898555,0.999523557247785,0,normal_only,normal,normal,155,2945,0.0007381128918208451,0.4687856137752533,0.39916348457336426,,,
1.6526742797148855,0.7903630137443542,17.246225055895355,0.0005130244805370335,0.5850017415849786,2.6083560742829976,0.0,0.0,,0.19537480063795853,0.5589572955602828,0.9995287869270376,0,normal_only,normal,normal,156,2964,0.0007354893558830801,0.4689079523086548,0.39822933077812195,,,
1.6311650401667546,0.7817027882525796,16.98924456144634,0.0007990805966791844,0.574041015223453,2.6182421132137903,0.0,0.0,,0.19198564593301434,0.5504761568607552,0.9995340134483713,0,normal_only,normal,normal,157,2983,0.0007328674224266141,0.469007283449173,0.39739012718200684,,,
1.6538208723068237,0.7959225130708594,17.15796701531661,0.0007019604779902453,0.5696237902892264,2.8998231385883533,0.0,0.0,,0.192085326953748,0.550127915455497,0.9995392362384378,0,normal_only,normal,normal,158,3002,0.0007302473810043637,0.46909141540527344,0.3964778780937195,,,
1.647370313343249,0.7824223323872215,17.298959230121813,0.0005640927024375598,0.5878657808429316,2.5882120822605335,0.0,0.0,,0.19338118022328551,0.553381702526767,0.9995444547242984,0,normal_only,normal,normal,159,3021,0.0007276295209602996,0.4690527021884918,0.395831823348999,,,
1.6344546205119084,0.7743094155662938,17.202903546785052,0.0004988227818485987,0.579378416663722,2.7059726526862695,0.0,0.0,,0.1913875598086124,0.5482031993664532,0.9995496683334869,0,normal_only,normal,normal,160,3040,0.0007250141313974916,0.46907103061676025,0.3950637876987457,,,
1.6413485878392269,0.7772500907119951,17.28196987352873,0.0005487338616819072,0.5832590994081999,2.686774046797501,0.0,0.0,,0.1928827751196172,0.5513570764879613,0.9995548764940712,0,normal_only,normal,normal,161,3059,0.0007224015011461826,0.46908077597618103,0.3943089246749878,,,
1.6476151378531205,0.7916371210625297,17.11956034208599,0.0006059091821570243,0.5914454428773177,2.3182766123821863,0.0,0.0,,0.19029106858054226,0.5450187881787066,0.9995600786347171,0,normal_only,normal,normal,162,3078,0.0007197919187318912,0.4690617024898529,0.3936598598957062,,,
1.6363588634290194,0.7802632451057434,17.121912102950247,0.00040673555830787674,0.5698810188393844,2.8647184183723047,0.0,0.0,,0.18949362041467302,0.5436250427710702,0.9995652741847519,0,normal_only,normal,normal,163,3097,0.0007171856723435484,0.4691281318664551,0.39275306463241577,,,
1.6184197664260864,0.7682686589266124,17.003021742168226,0.0005773134299057634,0.5749708759157282,2.6143168461950204,0.0,0.0,,0.19278309409888356,0.5514546420683863,0.9995704625742244,0,normal_only,normal,normal,164,3116,0.0007145830498016717,0.46921512484550476,0.39188969135284424,,,
1.655990995858845,0.8026194776359358,17.06743029544228,0.0007385793348811077,0.5724091780813116,2.738736391067505,0.0,0.0,,0.19198564593301437,0.5496627723710737,0.9995756432339696,0,normal_only,normal,normal,165,3135,0.0007119843385265792,0.4692668914794922,0.3910627067089081,,,
1.6227520829752873,0.7758427654442034,16.938186344347503,0.0004446826634720262,0.5729891500974956,2.602340528839513,0.0,0.0,,0.19049043062200954,0.5455748589516893,0.9995808155956704,0,normal_only,normal,normal,166,3154,0.0007093898255066491,0.46929872035980225,0.3903278112411499,,,
1.592099522289477,0.7398443912204943,17.045102370412724,0.0006081492136122266,0.5719609260559082,2.730875611305237,0.0,0.0,,0.19258373205741627,0.5514118814239005,0.9995859790919205,0,normal_only,normal,normal,167,3173,0.0007067997972666257,0.46931973099708557,0.3896772563457489,,,
1.5943734081167924,0.7423112361054671,17.041243302194697,0.0005944869266577849,0.5773451987065767,2.5927513524105676,0.0,0.0,,0.19397926634768736,0.554606908120553,0.9995911331562845,0,normal_only,normal,normal,168,3192,0.0007042145398359768,0.46929046511650085,0.388940691947937,,,
1.5970064401626587,0.7408688099760758,17.122752239829616,0.0005129612266165694,0.5698177281178927,2.8644849689383256,0.0,0.0,,0.19537480063795853,0.5586808719444362,0.9995962772233639,0,normal_only,normal,normal,169,3211,0.0007016343387173067,0.4693208932876587,0.38809624314308167,,,
1.6186475816525911,0.7474994580996664,17.422962389494245,0.0006102291954448447,0.5952796496843037,2.5257156616763066,0.0,0.0,,0.1922846889952153,0.5497965762425944,0.9996014107288552,0,normal_only,normal,normal,170,3230,0.0006990594788548269,0.46930551528930664,0.38732168078422546,,,
1.6415413429862575,0.7802873536160118,17.225079887791683,0.0006118965132995264,0.5792315963067507,2.728992694302609,0.0,0.0,,0.1910885167464115,0.5471844180088506,0.9996065331096142,0,normal_only,normal,normal,171,3249,0.000696490244602887,0.46933770179748535,0.3864631652832031,,,
1.6504181247008474,0.7810091690013283,17.388178775185033,0.00045159362745930833,0.6009258282812018,2.35374327082383,0.0,0.0,,0.19049043062200957,0.546305361403537,0.9996116438037171,0,normal_only,normal,normal,172,3268,0.0006939269196945734,0.46935033798217773,0.3856292963027954,,,
1.680317483450237,0.8267851126821417,17.070647390265215,0.0008138115670973141,0.5703298449516296,2.792055933099044,0.0,0.0,,0.19049043062200957,0.5456653931831867,0.9996167422505221,0,normal_only,normal,normal,173,3287,0.0006913697872103753,0.4693623483181,0.3848898410797119,,,
1.6711418001275313,0.8018111963021127,17.386611536929482,0.0007161278136711763,0.5932135017294633,2.5383708602503727,0.0,0.0,,0.1908891547049442,0.5468429498095189,0.9996218278907305,0,normal_only,normal,normal,174,3306,0.0006888191295469212,0.4692911207675934,0.3844016194343567,,,
1.6449435572875173,0.7965209233133417,16.96845235322651,0.000458981232153938,0.5735845189345511,2.6173647014718306,0.0,0.0,,0.19278309409888358,0.5518952252507473,0.9996269001664487,0,normal_only,normal,normal,175,3325,0.0006862752283857944,0.469256728887558,0.3837738335132599,,,
1.6552385091781616,0.8050189206474706,17.004391519646894,0.0006147232618930406,0.566909953167564,2.816274642944336,0.0,0.0,,0.1933811802232855,0.5530956647737085,0.9996319585212501,0,normal_only,normal,normal,176,3344,0.0006837383646624242,0.4692824184894562,0.3831292986869812,,,
1.6514857630980642,0.8044894557250174,16.93992584630063,0.0007012195542062584,0.5778072413645292,2.477214355217783,0.0,0.0,,0.19248405103668262,0.5507157197895264,0.9996370024002332,0,normal_only,normal,normal,177,3363,0.0006812088185350618,0.469272255897522,0.38246726989746094,,,
1.6353859587719566,0.7736425180184213,17.234868300588506,0.0005839050159250435,0.5758559703826904,2.823871280017652,0.0,0.0,,0.19278309409888356,0.5523760671880245,0.9996420312500869,0,normal_only,normal,normal,178,3382,0.0006786868693538397,0.4692786633968353,0.38176587224006653,,,
1.6220368711571944,0.7688484850682711,17.06376748335989,0.0007443729677776757,0.5797849893569946,2.550533288403561,0.0,0.0,,0.19258373205741625,0.5511612967661941,0.999647044519147,0,normal_only,normal,normal,179,3401,0.0006761727956299235,0.46925053000450134,0.3811114728450775,,,
1.6154991952996505,0.761057950948414,17.088824723896227,0.0005735757766064795,0.5771001451893857,2.6469818479136418,0.0,0.0,,0.18839712918660287,0.5413851668034839,0.9996520416574592,0,normal_only,normal,normal,180,3420,0.0006736668750047525,0.4692448377609253,0.3804609179496765,,,
1.64700144215634,0.7940943743053236,17.058141306826943,0.0007441842171829194,0.5751841758426867,2.659932437695955,0.0,0.0,,0.19377990430622008,0.5546850022820108,0.9996570221168385,0,normal_only,normal,normal,181,3439,0.0006711693842193808,0.4692084789276123,0.3798556625843048,,,
1.6440180853793496,0.7925851109780764,17.028659117849248,0.0007403065430576374,0.5748884521032634,2.637940212299949,0.0,0.0,,0.19776714513556617,0.564404911981575,0.9996619853509296,0,normal_only,normal,normal,182,3458,0.0006686805990839127,0.46918976306915283,0.3792484998703003,,,
1.6013386124058773,0.7489244184995952,17.04828372754549,0.0007769394279947798,0.5704799043504816,2.7668622983129403,0.0,0.0,,0.19278309409888358,0.5509313176046181,0.9996669308152675,0,normal_only,normal,normal,183,3477,0.0006662007944470463,0.4691804349422455,0.37865665555000305,,,
1.605375377755416,0.7457213025344046,17.19308140403346,0.0005774178701501928,0.582728342006081,2.610437694348787,0.0,0.0,,0.19278309409888358,0.5516972948327797,0.9996718579673354,0,normal_only,normal,normal,184,3496,0.0006637302441657185,0.4691663086414337,0.37811794877052307,,,
1.6103565504676418,0.7641346360507765,16.924437874241878,0.0005322651455858967,0.5733194162971095,2.5781457298680355,0.0,0.0,,0.18989234449760764,0.5444318169449972,0.9996767662666263,0,normal_only,normal,normal,185,3515,0.0006612692210748631,0.4691479206085205,0.37769967317581177,,,
1.5897605795609324,0.7283763211024435,17.227684723703486,0.0004778448316133826,0.576768768461127,2.7965192292865955,0.0,0.0,,0.19118819776714513,0.5473490382652679,0.9996816551747008,0,normal_only,normal,normal,186,3534,0.0006588179969572792,0.46914994716644287,0.37711024284362793,,,
1.605326156867178,0.732911815768794,17.448286759225947,0.00047370812210015414,0.5909754037857056,2.662058798890365,0.0,0.0,,0.19128787878787878,0.5476826653967969,0.9996865241552468,0,normal_only,normal,normal,187,3553,0.0006563768425136181,0.4691324234008789,0.3766093850135803,,,
1.6174416667536686,0.7641888198099638,17.06505705180921,0.0005782635952958739,0.5880026880063509,2.3505329834787467,0.0,0.0,,0.1930821371610845,0.5519298260115413,0.9996913726741384,0,normal_only,normal,normal,188,3572,0.000653946027332487,0.46908828616142273,0.376194566488266,,,
1.566109067515323,0.7108485102653503,17.10521085638749,0.0007369799560891758,0.572804353739086,2.7666773294147693,0.0,0.0,,0.19457735247208932,0.556245904153227,0.9996962001994945,0,normal_only,normal,normal,189,3591,0.0006515258198606786,0.46908140182495117,0.37569907307624817,,,
1.643364429473877,0.784675491483588,17.173778533935547,0.000660641910431686,0.5740991203408492,2.8047843983298852,0.0,0.0,,0.19278309409888358,0.5516633260024865,0.9997010062017363,0,normal_only,normal,normal,190,3610,0.0006491164873735242,0.4690350592136383,0.375237375497818,,,
1.615670034759923,0.7473392361088803,17.366615696957236,0.000695615931028059,0.5960413343028018,2.448191900002329,0.0,0.0,,0.19228468899521528,0.5503578504400183,0.9997057901536468,0,normal_only,normal,normal,191,3629,0.000646718295945377,0.46899357438087463,0.37478283047676086,,,
1.7040224263542576,0.8348915325967889,17.382617850052682,0.00048391731175606285,0.5858152257768732,2.7251392414695337,0.0,0.0,,0.19009170653907498,0.5450559198638272,0.9997105515304278,0,normal_only,normal,normal,192,3648,0.0006443315104202295,0.46892014145851135,0.37448909878730774,,,
1.6121914763199656,0.7411565168907768,17.420699169761257,0.0007074982208187544,0.5919029744047868,2.6054373728601554,0.0,0.0,,0.19248405103668262,0.5506988953084724,0.9997152898097568,0,normal_only,normal,normal,193,3667,0.0006419563943824636,0.4688816964626312,0.37406039237976074,,,
1.5695521141353406,0.7212673864866558,16.965694226716693,0.0005035916960638899,0.5761785695427343,2.5486401162649455,0.0,0.0,,0.19278309409888356,0.5512996886611959,0.9997200044718461,0,normal_only,normal,normal,194,3686,0.0006395932101277436,0.4688505232334137,0.3736058175563812,,,
1.5821884431337054,0.7277215060434843,17.089338302612305,0.0008032943878788501,0.5695552888669466,2.8303737765864323,0.0,0.0,,0.19108851674641147,0.5471614205292958,0.9997246949994988,0,normal_only,normal,normal,195,3705,0.0006372422186340483,0.4688362181186676,0.3731388449668884,,,
1.552005554500379,0.7031730899685308,16.976648832622327,0.0005661707178468964,0.573898500517795,2.6150320078197278,0.0,0.0,,0.1926834130781499,0.5513518698804553,0.9997293608781647,0,normal_only,normal,normal,196,3724,0.0006349036795328505,0.46880438923835754,0.3726779818534851,,,
1.5656591151890003,0.7253704165157518,16.80577398601331,0.0006784010222059136,0.5581123013245431,2.8360064908077844,0.0,0.0,,0.19507575757575757,0.5578512755510429,0.999734001595998,0,normal_only,normal,normal,197,3743,0.0006325778510804443,0.4687815010547638,0.3722189962863922,,,
1.5413217544555664,0.6916334221237584,16.99376678466797,0.000496178196810529,0.5755716217191595,2.59207168378328,0.0,0.0,,0.19417862838915467,0.5553342748893839,0.999738616643913,0,normal_only,normal,normal,198,3762,0.0006302649901294248,0.4687403440475464,0.37176525592803955,,,
1.6091813100011725,0.7517268798853222,17.149088207044098,0.000585234461667776,0.5768652872035378,2.7128252606642875,0.0,0.0,,0.19537480063795853,0.5584444791089638,0.9997432055156407,0,normal_only,normal,normal,199,3781,0.000627965352100323,0.46872982382774353,0.371316522359848,,,
1.5445865831877057,0.6909025358526331,17.073680676912005,0.000631457805674903,0.5786271063905013,2.5922165858118156,0.0,0.0,,0.19298245614035087,0.552587792366742,0.9997477677077825,0,normal_only,normal,normal,200,3800,0.0006256791909533974,0.46868953108787537,0.37095972895622253,,,
1.561618867673372,0.7041349395325309,17.14967828047903,0.000504772631852814,0.5750468781119898,2.7608871334477474,0.0,0.0,,0.18959330143540667,0.5449153528174315,0.9997523027198671,0,normal_only,normal,normal,201,3819,0.0006234067591605891,0.46863889694213867,0.3705993592739105,,,
1.5692398610867953,0.7195712327957153,16.99337216427452,0.000475418187163182,0.5814962042005438,2.4440816264403495,0.0,0.0,,0.19607256778309412,0.5600905707259034,0.9997568100544048,0,normal_only,normal,normal,202,3838,0.0006211483076776393,0.4686007499694824,0.37023261189460754,,,
1.6051971912384033,0.7501721915445829,17.100499604877673,0.0008377990368324774,0.559752345085144,3.0857460561551546,0.0,0.0,,0.19088915470494416,0.5465580796760663,0.999761289216942,0,normal_only,normal,normal,203,3857,0.0006189040859163752,0.46857938170433044,0.36985087394714355,,,
1.5723905249645835,0.7101856532849764,17.244097257915296,0.0009899473956657427,0.5979909928221452,2.2695739081031396,0.0,0.0,,0.19098883572567785,0.5464528076334199,0.999765739716116,0,normal_only,normal,normal,204,3876,0.0006166743417171669,0.4685368537902832,0.369508296251297,,,
1.614718092115302,0.7651014735824183,16.992332257722552,0.0005922924606956689,0.5699992901400516,2.7275427266171106,0.0,0.0,,0.19348086124401911,0.5528837093072,0.9997701610637074,0,normal_only,normal,normal,205,3895,0.0006144593213215561,0.46849122643470764,0.36921918392181396,,,
1.5954033763785112,0.7525622405503926,16.856822565982217,0.0007376907941713734,0.5659031460159704,2.690801601660879,0.0,0.0,,0.19397926634768742,0.5546531361481847,0.9997745527746963,0,normal_only,normal,normal,206,3914,0.0006122592693450628,0.4684333801269531,0.3689180016517639,,,
1.5346127372038991,0.6794131806022242,17.10399095635665,0.0005288043826830721,0.5781566751630682,2.6368540148986015,0.0,0.0,,0.1862041467304625,0.5374001585014669,0.9997789143673126,0,normal_only,normal,normal,207,3933,0.0006100744287501721,0.4683586061000824,0.36860528588294983,,,
1.531995371768349,0.6774187793857173,17.09153175354004,0.00048147617627891074,0.5786174786718268,2.6140575785385933,0.0,0.0,,0.19348086124401911,0.5546040957264055,0.9997832453630908,0,normal_only,normal,normal,208,3952,0.0006079050408195013,0.4683037996292114,0.36827802658081055,,,
1.5701801400435598,0.7166877326212431,17.069847809640986,0.0006221065804742178,0.5686033054402,2.839212361134981,0.0,0.0,,0.19029106858054226,0.5455652384924606,0.9997875452869217,0,normal_only,normal,normal,209,3971,0.0006057513451291546,0.46826887130737305,0.3679644763469696,,,
1.5458698209963346,0.6903571313933322,17.110253585012334,0.0004500671516564724,0.5773282835358068,2.66579480547654,0.0,0.0,,0.19328149920255183,0.5531593523172237,0.9997918136671046,0,normal_only,normal,normal,210,3990,0.0006036135795222658,0.46819964051246643,0.3677026629447937,,,
1.5811665999261957,0.7172693923900002,17.277944163272256,0.0005083260238231895,0.5877708604461268,2.57096434894361,0.0,0.0,,0.19318181818181818,0.552598059609053,0.9997960500353992,0,normal_only,normal,normal,211,4009,0.0006014919800827316,0.46813127398490906,0.36744603514671326,,,
1.552167440715589,0.7010518453623119,17.02231156198602,0.0007546145666549963,0.5692107002986105,2.7731786715356925,0.0,0.0,,0.19029106858054226,0.5451072183730489,0.9998002539270772,0,normal_only,normal,normal,212,4028,0.0005993867811091395,0.46807780861854553,0.36713582277297974,,,
1.5232786065653752,0.66837004768221,17.09817123413086,0.0005857135980285852,0.5826541279491625,2.517175228972184,0.0,0.0,,0.19088915470494416,0.5467559120033655,0.9998044248809724,0,normal_only,normal,normal,213,4047,0.0005972982150888942,0.4680066406726837,0.3668980300426483,,,
1.557272471879658,0.701594751132162,17.1135543020148,0.0005595644814954875,0.5806780959430494,2.582613047800566,0.0,0.0,,0.19178628389154706,0.5492224423735973,0.9998085624395324,0,normal_only,normal,normal,214,4066,0.0005952265126725415,0.4679219424724579,0.3667314946651459,,,
1.5606202702773244,0.6941777765750885,17.32884939093339,0.0006123471018662187,0.5844103788074694,2.703280944573252,0.0,0.0,,0.19527511961722488,0.5584514268524653,0.9998126661488681,0,normal_only,normal,normal,215,4085,0.0005931719026482973,0.46785393357276917,0.36653152108192444,,,
1.5281955191963597,0.6744750816571085,17.07440858138235,0.0005748378293662283,0.5728945732116699,2.7376736904445447,0.0,0.0,,0.19049043062200957,0.5455693082949415,0.9998167355588035,0,normal_only,normal,normal,216,4104,0.0005911346119167815,0.467795729637146,0.3663225769996643,,,
1.5715929834466231,0.7064875960350037,17.302107359233656,0.0004965079401460427,0.5967488257508529,2.37097398230904,0.0,0.0,,0.19138755980861244,0.547742086086802,0.9998207702229249,0,normal_only,normal,normal,217,4123,0.0005891148654659588,0.46772852540016174,0.36612388491630554,,,
1.5791549494391994,0.7281535644280283,17.020027762965153,0.0009372169439111052,0.5608177592879847,2.97615343018582,0.0,0.0,,0.1931818181818182,0.553038331937127,0.999824769698631,0,normal_only,normal,normal,218,4142,0.0005871128863462948,0.46768811345100403,0.3658590614795685,,,
1.5149344143114591,0.6667542724232924,16.963602768747432,0.0004416911519671741,0.5778028870883741,2.5074881440714787,0.0,0.0,,0.19368022328548642,0.5540409577256762,0.9998287335471805,0,normal_only,normal,normal,219,4161,0.000585128895646121,0.46762073040008545,0.3657050132751465,,,
1.5463230735377262,0.6945457301641765,17.035546854922647,0.0005910230339443507,0.5701773292139957,2.7663380472283614,0.0,0.0,,0.19258373205741625,0.5510214922627357,0.99983266133374,0,normal_only,normal,normal,220,4180,0.0005831631124672198,0.46757972240448,0.36551573872566223,,,
1.546708527364229,0.7030271903464669,16.873626809371146,0.0006685708496278446,0.561611605317969,2.8166226462314,0.0,0.0,,0.19218500797448165,0.5496972679163669,0.9998365526274318,0,normal_only,normal,normal,221,4199,0.0005812157539006289,0.46754005551338196,0.3652866780757904,,,
1.5934627934506065,0.7450204585727892,16.96884657207288,0.0005769442755799422,0.574046602374629,2.603258019999454,0.0,0.0,,0.1912878787878788,0.5478653687765183,0.999840407001383,0,normal_only,normal,normal,222,4218,0.0005792870350026653,0.46750035881996155,0.3650548756122589,,,
1.5686666526292499,0.7244178809617695,16.88497493141576,0.0006653399131640694,0.5690037482663205,2.643247315758153,0.0,0.0,,0.18919457735247208,0.5423917995234442,0.9998442240327688,0,normal_only,normal,normal,223,4237,0.0005773771687711766,0.4674738943576813,0.3648384213447571,,,
1.5328912860468815,0.6811677499821311,17.03447060835989,0.00045233829204287186,0.5643420344904849,2.914611107424686,0.0,0.0,,0.19278309409888358,0.5518835708626747,0.9998480033028618,0,normal_only,normal,normal,224,4256,0.0005754863661220183,0.46744027733802795,0.36463093757629395,,,
1.5554804111781872,0.6950669602343911,17.208268617328844,0.0003881802423213805,0.5870848329443681,2.521443241520932,0.0,0.0,,0.1914872408293461,0.5475904255712731,0.9998517443970775,0,normal_only,normal,normal,225,4275,0.0005736148358657618,0.4674062430858612,0.36443281173706055,,,
1.541418615140413,0.6979463022006186,16.86944610194156,0.0006116195664186595,0.5652622737382588,2.7225986405422815,0.0,0.0,,0.19059011164274323,0.5460320468136125,0.9998554469050185,0,normal_only,normal,normal,226,4294,0.0005717627846846335,0.4673738479614258,0.3642202317714691,,,
1.4973316129885221,0.6560647471954948,16.82533746016653,0.0006316429177164345,0.565255343914032,2.6781629010250696,0.0,0.0,,0.19377990430622008,0.5544270463153412,0.9998591104205208,0,normal_only,normal,normal,227,4313,0.0005699304171096906,0.46734586358070374,0.36402633786201477,,,
1.5372365273927386,0.6695773538790251,17.35318364595112,0.0005771515955673653,0.5741942493539107,2.983898683598167,0.0,0.0,,0.19238437001594896,0.5505586366072731,0.9998627345416973,0,normal_only,normal,normal,228,4332,0.0005681179354982336,0.46731266379356384,0.36380842328071594,,,
1.5578295808089406,0.6964380333298131,17.22783038490697,0.0004727662304312138,0.5944954188246476,2.3536257430126795,0.0,0.0,,0.19238437001594894,0.5506827215473028,0.9998663188709829,0,normal_only,normal,normal,229,4351,0.0005663255400114591,0.4672592580318451,0.3636605441570282,,,
1.506889117391486,0.6677745015997636,16.78229211506091,0.0005749455610241153,0.5681532590012801,2.5640871901261177,0.0,0.0,,0.19218500797448165,0.5498431644912823,0.9998698630151776,0,normal_only,normal,normal,230,4370,0.0005645534285923544,0.4672359526157379,0.36346593499183655,,,
1.5368583955262836,0.6851817463573656,17.033532493992855,0.000612363062253663,0.568822559557463,2.7976594096735905,0.0,0.0,,0.19278309409888358,0.5517491443508578,0.9998733665854894,0,normal_only,normal,normal,231,4389,0.0005628017969438383,0.4671997129917145,0.36330723762512207,,,
1.5072025437104075,0.6663128859118411,16.817793193616364,0.0005800505168735981,0.5574631189045153,2.8667140320727698,0.0,0.0,,0.19068979266347688,0.546537784851776,0.999876829197578,0,normal_only,normal,normal,232,4408,0.000561070838507149,0.4671628475189209,0.3631506562232971,,,
1.502871783156144,0.642791139452081,17.20161267330772,0.000576364180520422,0.5906819999217987,2.4201535833509347,0.0,0.0,,0.19158692185007975,0.548147149314522,0.9998802504715955,0,normal_only,normal,normal,233,4427,0.0005593607444404801,0.46713149547576904,0.3629734516143799,,,
1.496952314125864,0.6544551598398309,16.8499429602372,0.00044764855364950274,0.5607798726935136,2.8192551637950696,0.0,0.0,,0.1908891547049442,0.5466702085714403,0.9998836300322288,0,normal_only,normal,normal,234,4446,0.0005576717035978715,0.4670994281768799,0.3628341555595398,,,
1.470540630189996,0.6271572364004034,16.867667649921618,0.00048078300881714215,0.5711956682958101,2.5757563365133187,0.0,0.0,,0.1908891547049442,0.5478573664801856,0.9998869675087407,0,normal_only,normal,normal,235,4465,0.0005560039025083528,0.4670626223087311,0.36268067359924316,,,
1.498752606542487,0.6457929705318651,17.059192356310394,0.00035320141538058554,0.5666981715905038,2.882908193688644,0.0,0.0,,0.1862041467304625,0.5372791345550173,0.9998902625350116,0,normal_only,normal,normal,236,4484,0.0005543575253553435,0.4670255184173584,0.36254996061325073,,,
1.478816741391232,0.6361480700342279,16.853373678107012,0.0005949579507087995,0.5638835869337383,2.7414100358360693,0.0,0.0,,0.19348086124401914,0.5534451847780367,0.9998935147495773,0,normal_only,normal,normal,237,4503,0.0005527327539563136,0.46698859333992004,0.36240848898887634,,,
1.496015843592192,0.6474677967397791,16.97096091822574,0.0005475866972502493,0.5663493338384127,2.798538000960099,0.0,0.0,,0.19358054226475277,0.553686910272244,0.9998967237956708,0,normal_only,normal,normal,238,4522,0.0005511297677427037,0.46695783734321594,0.36226028203964233,,,
1.5111361992986578,0.6598632037639618,17.02545959071109,0.0006005474018533469,0.5771335896692777,2.5821062389173006,0.0,0.0,,0.19268341307814993,0.5510748145455234,0.9998998893212607,0,normal_only,normal,normal,239,4541,0.0005495487437401106,0.4669196605682373,0.3621329665184021,,,
1.4961745864466618,0.6380116610150588,17.163257900037262,0.000481119067683865,0.5746899529507286,2.7839812354037634,0.0,0.0,,0.192085326953748,0.5495388055111752,0.9999030109790894,0,normal_only,normal,normal,240,4560,0.0005479898565487362,0.46689143776893616,0.36201924085617065,,,
1.4936443253567344,0.6388784145054064,17.095317940962943,0.0004535250543420644,0.5768121324087444,2.6636763999336646,0.0,0.0,,0.19427830940988836,0.5559206786044053,0.999906088426712,0,normal_only,normal,normal,241,4579,0.0005464532783241065,0.4668691158294678,0.36188098788261414,,,
1.5218979057512785,0.6786794427194094,16.864368840267783,0.0005121117689046322,0.5758088325199328,2.456345282102886,0.0,0.0,,0.19068979266347688,0.5460296563323596,0.9999091213265331,0,normal_only,normal,normal,242,4598,0.0005449391787580596,0.46684694290161133,0.36173248291015625,,,
1.5287873682222868,0.6595826321526578,17.38409463982833,0.0005151170495848515,0.582932196165386,2.7979116439819336,0.0,0.0,,0.19218500797448165,0.5498312488234613,0.9999121093458441,0,normal_only,normal,normal,243,4617,0.0005434477250600054,0.4668233394622803,0.36160099506378174,,,
1.516363589387191,0.6681204093130011,16.96486342580695,0.00039598348494588497,0.5713605535657782,2.6709499610097787,0.0,0.0,,0.19268341307814993,0.5510185127915964,0.9999150521568603,0,normal_only,normal,normal,244,4636,0.0005419790819384598,0.46679869294166565,0.36147791147232056,,,
1.5067082016091597,0.6540711647585818,17.05274079975329,0.00047637190513533394,0.5740468094223424,2.689661195403651,0.0,0.0,,0.19517543859649122,0.5581005822802303,0.9999179494367562,0,normal_only,normal,normal,245,4655,0.0005405334115828555,0.4667845070362091,0.36134788393974304,,,
1.5074413324657239,0.6583212865026373,16.98240099455181,0.000518032865856137,0.570699459628055,2.7019635940852917,0.0,0.0,,0.19049043062200957,0.5453004786850929,0.9999208008677006,0,normal_only,normal,normal,246,4674,0.0005391108736456303,0.4667607247829437,0.361219197511673,,,
1.4405877590179443,0.5965748617523595,16.880257556312962,0.00047755906416568905,0.5647493318507546,2.7495852583333065,0.0,0.0,,0.19278309409888356,0.5516225686273657,0.9999236061368922,0,normal_only,normal,normal,247,4693,0.0005377116252245963,0.46674156188964844,0.3611002266407013,,,
1.477813488558719,0.6457041674538663,16.642186215049342,0.000577945905541511,0.5586947359536824,2.660369132694445,0.0,0.0,,0.19148724082934607,0.548466038399544,0.9999263649365939,0,normal_only,normal,normal,248,4712,0.0005363358208455905,0.46672335267066956,0.3609803318977356,,,
1.4797766773324263,0.6426058348856474,16.743416736000462,0.00048704910410666153,0.5537439176910802,2.887642345930401,0.0,0.0,,0.19078947368421054,0.5464767984464423,0.999929076964166,0,normal_only,normal,normal,249,4731,0.0005349836124454098,0.4667106866836548,0.36087068915367126,,,
1.475548072865135,0.6260490668447394,16.989979994924443,0.0005744752729936552,0.5757422196237665,2.5820626836074028,0.0,0.0,,0.1918859649122807,0.5488649782332214,0.9999317419220997,0,normal_only,normal,normal,250,4750,0.0005336551493550318,0.4666934907436371,0.36077120900154114,,,
1.450405283978111,0.6118945055886319,16.77021548622533,0.000549297811200009,0.5611317283228824,2.7281895060288277,0.0,0.0,,0.19577352472089316,0.5593813159310079,0.9999343595180494,0,normal_only,normal,normal,251,4769,0.0005323505782831238,0.4666801989078522,0.36065760254859924,,,
1.4984264750229686,0.6344918153787914,17.27869294819079,0.0004195595821855884,0.5790049025886937,2.793081478068703,0.0,0.0,,0.19298245614035087,0.5522002239648899,0.9999369294648661,0,normal_only,normal,normal,252,4788,0.0005310700432998406,0.4666588306427002,0.3605678677558899,,,
1.4933338416250128,0.6504756918078974,16.85716297751979,0.000497492689694474,0.5659548452025965,2.6958548646224174,0.0,0.0,,0.19358054226475277,0.5533292158826694,0.999939451480627,0,normal_only,normal,normal,253,4807,0.0005298136858209147,0.4666392505168915,0.3604746460914612,,,
1.464374868493331,0.6265666861283151,16.75616374768709,0.0005269422989314128,0.562078733193247,2.6910218376862374,0.0,0.0,,0.19368022328548642,0.5544036580893837,0.9999419252886671,0,normal_only,normal,normal,254,4826,0.0005285816445920381,0.46662792563438416,0.36038297414779663,,,
1.4738671089473523,0.6243814292706942,16.98971356843647,0.00047283814676216265,0.572503033437227,2.6653169330797697,0.0,0.0,,0.19278309409888356,0.5520779121110803,0.999944350617611,0,normal_only,normal,normal,255,4845,0.0005273740556735412,0.46660780906677246,0.3603058457374573,,,
1.4895217920604504,0.6477868337380258,16.834698827643145,0.0005884623655890065,0.5638889576259413,2.7227631556360343,0.0,0.0,,0.19049043062200954,0.5461234306472031,0.9999467272014003,0,normal_only,normal,normal,256,4864,0.000526191052425366,0.4665858745574951,0.36023709177970886,,,
1.4884583510850604,0.6423765138575905,16.921636882581208,0.0005137269740532103,0.5703600362727517,2.6497928092354224,0.0,0.0,,0.19627192982456143,0.5606947778297814,0.9999490547793247,0,normal_only,normal,normal,257,4883,0.0005250327654923388,0.4665668308734894,0.36015963554382324,,,
1.4390761475814016,0.5824893854166332,17.13173514918277,0.0004671087689961209,0.5760170315441332,2.7196317283730758,0.0,0.0,,0.19068979266347688,0.546684921763127,0.9999513330960489,0,normal_only,normal,normal,258,4902,0.0005238993227897426,0.46655115485191345,0.36009088158607483,,,
1.4612170834290354,0.612678388231679,16.970773696899414,0.0005534857620276805,0.5715075229343615,2.669248336239865,0.0,0.0,,0.19387958532695374,0.5544528462844862,0.9999535619016426,0,normal_only,normal,normal,259,4921,0.0005227908494891909,0.46653318405151367,0.36002299189567566,,,
1.446342813341241,0.6065437589821062,16.79598125658537,0.0005689167990471775,0.5670963400288632,2.6043500461076436,0.0,0.0,,0.19188596491228072,0.5493025462084118,0.9999557409516061,0,normal_only,normal,normal,260,4940,0.0005217074680048037,0.4665164053440094,0.35996338725090027,,,
1.530968935866105,0.6649831564802873,17.31971539949116,0.0006690538598616657,0.5728984663360998,2.9805271249068412,0.0,0.0,,0.19308213716108452,0.5526437569264263,0.9999578700068982,0,normal_only,normal,normal,261,4959,0.0005206492979796897,0.4665030241012573,0.35989585518836975,,,
1.5692601768594039,0.7084409014174813,17.216385791176243,0.0004685979193278686,0.5923205206268712,2.39665781196795,0.0,0.0,,0.19218500797448165,0.5508866381938337,0.9999599488339621,0,normal_only,normal,normal,262,4978,0.0005196164562727327,0.4664900004863739,0.3598320782184601,,,
1.5135667575033087,0.661524047977046,17.040853600752982,0.0004080183142305989,0.5758971791518362,2.6332239289032784,0.0,0.0,,0.1926834130781499,0.5515015901514454,0.9999619772047509,0,normal_only,normal,normal,263,4997,0.0005186090569456867,0.466474324464798,0.35977745056152344,,,
1.478760794589394,0.6213028195657229,17.149158778943512,0.0005135729439452438,0.577210429467653,2.7060586339549015,0.0,0.0,,0.19029106858054226,0.5449729590266222,0.9999639548967529,0,normal_only,normal,normal,264,5016,0.0005176272112505796,0.4664594829082489,0.3597312569618225,,,
1.4390152504569607,0.6002123606832404,16.776057795474404,0.0005811068603131724,0.5681469001268086,2.5578577016529285,0.0,0.0,,0.19098883572567785,0.5464775248631687,0.9999658816930159,0,normal_only,normal,normal,265,5035,0.0005166710276174267,0.4664480686187744,0.35968202352523804,,,
1.475840072882803,0.6245088938035463,17.026623173763877,0.0005181453418213335,0.561778724193573,2.969201533417953,0.0,0.0,,0.19068979266347685,0.5461393996123257,0.9999677573821706,0,normal_only,normal,normal,266,5054,0.0005157406116422565,0.4664371907711029,0.35963523387908936,,,
1.4664349744194431,0.6205228739663174,16.918241500854492,0.0005334538781378223,0.5781860100595575,2.450255268498471,0.0,0.0,,0.19088915470494416,0.546447507824667,0.9999695817584542,0,normal_only,normal,normal,267,5073,0.0005148360660754493,0.4664236009120941,0.3595975339412689,,,
1.4769835974040784,0.6342510439847645,16.854651099757145,0.000643460903359626,0.5614665307496723,2.801901340484619,0.0,0.0,,0.19218500797448168,0.5500036544965102,0.9999713546217336,0,normal_only,normal,normal,268,5092,0.0005139574908103897,0.4664108455181122,0.3595637083053589,,,
1.4466746355357922,0.6020576546066686,16.892339505647357,0.00037244962655485754,0.5632805071379009,2.801015615463257,0.0,0.0,,0.1892942583732057,0.5444326714015969,0.9999730757775256,0,normal_only,normal,normal,269,5111,0.000513104982872435,0.4664020538330078,0.35952386260032654,,,
1.4477033113178455,0.5908205807209015,17.13765445508455,0.0004827443580755866,0.577381924579018,2.69103773644096,0.0,0.0,,0.19178628389154706,0.5491417840253195,0.9999747450370201,0,normal_only,normal,normal,270,5130,0.0005122786364082008,0.4663921892642975,0.3594863712787628,,,
1.4659585011632819,0.6176027200723949,16.96711570338199,0.0004541850943688156,0.5743925602812516,2.5959472342541345,0.0,0.0,,0.1899920255183413,0.5439783367762968,0.9999763622171001,0,normal_only,normal,normal,271,5149,0.0005114785426751626,0.4663819372653961,0.3594522476196289,,,
1.4513585630216097,0.6147377271401254,16.7324161529541,0.0004118002065010124,0.5499033912232048,2.9745363059796786,0.0,0.0,,0.19078947368421054,0.5464923762104149,0.9999779271403604,0,normal_only,normal,normal,272,5168,0.0005107047900315788,0.46637287735939026,0.35942181944847107,,,
1.4534076703222174,0.5935308729347429,17.197535464638158,0.0006346435188070723,0.5901691254816557,2.4274413209212455,0.0,0.0,,0.19228468899521528,0.5502239236556057,0.99997943963513,0,normal_only,normal,normal,273,5187,0.0005099574639267334,0.4663647413253784,0.35939091444015503,,,
1.487637482191387,0.6194188892841339,17.364371651097347,0.000542033358023649,0.5790821847162748,2.8737661399339376,0.0,0.0,,0.1899920255183413,0.5439738932794482,0.9999808995354885,0,normal_only,normal,normal,274,5206,0.0005092366468914976,0.46635687351226807,0.3593690097332001,,,
1.493933771785937,0.6342450741090273,17.19377357081363,0.0005303539655869827,0.5907214001605385,2.412479701795076,0.0,0.0,,0.19059011164274323,0.5459015106865204,0.999982306681285,0,normal_only,normal,normal,275,5225,0.0005085424185292169,0.46635016798973083,0.35934263467788696,,,
1.464454130122536,0.6259912628876535,16.769257093730726,0.00043085052349947785,0.5513304879790858,2.9752236290981897,0.0,0.0,,0.19198564593301434,0.549892401056406,0.9999836609181564,0,normal_only,normal,normal,276,5244,0.0005078748555069203,0.4663434326648712,0.3593200445175171,,,
1.4618119691547595,0.6076308551587557,17.083621878372995,0.0004168545664900816,0.5846092544103924,2.45796915731932,0.0,0.0,,0.1895933014354067,0.543302741115116,0.9999849620975423,0,normal_only,normal,normal,277,5263,0.0005072340315468523,0.46633633971214294,0.35929909348487854,,,
1.436243132541054,0.5956941105817494,16.810980144299958,0.0005193920476717482,0.5575615198988664,2.85895720281099,0.0,0.0,,0.19218500797448165,0.5501272776100741,0.9999862100767046,0,normal_only,normal,normal,278,5282,0.0005066200174183329,0.46633076667785645,0.35927942395210266,,,
1.4446212806199725,0.6037747279593819,16.816930469713714,0.00040708085610898897,0.5598767870350888,2.8098333634828268,0.0,0.0,,0.19198564593301437,0.5495411343162514,0.9999874047187397,0,normal_only,normal,normal,279,5301,0.0005060328809299408,0.46632513403892517,0.35926204919815063,,,
1.4731005304738094,0.6299519146743574,16.862971958361175,0.00047211424680426717,0.5678420223687825,2.6551186097295663,0.0,0.0,,0.1922846889952153,0.5500620954300541,0.9999885458925961,0,normal_only,normal,normal,280,5320,0.0005054726869220263,0.46631908416748047,0.3592461347579956,,,
1.4787726715991372,0.6335204039749346,16.905045157984684,0.0006373282606211049,0.5627549635736566,2.8202375738244307,0.0,0.0,,0.19218500797448165,0.5500501138978982,0.999989633473087,0,normal_only,normal,normal,281,5339,0.0005049394972595493,0.4663151800632477,0.359231561422348,,,
1.4383037592235364,0.5900633178259197,16.96480851424368,0.0004479692924130512,0.5659237002071581,2.8055169582366943,0.0,0.0,,0.19148724082934607,0.5485908748181579,0.9999906673409056,0,normal_only,normal,normal,282,5358,0.0005044333708252484,0.46631041169166565,0.35921910405158997,,,
1.4151655184595209,0.5669751747658378,16.9638066542776,0.00045486865105646615,0.579929088291369,2.454207414074948,0.0,0.0,,0.1935805422647528,0.5539714726320278,0.9999916473826358,0,normal_only,normal,normal,283,5377,0.0005039543635131378,0.46630561351776123,0.35920974612236023,,,
1.4433225895229138,0.5810300613704481,17.24584991053531,0.0005028765375946501,0.5750170538299962,2.8578517248756006,0.0,0.0,,0.18969298245614033,0.5459840764357441,0.9999925734907684,0,normal_only,normal,normal,284,5396,0.0005035025282223342,0.4663023054599762,0.3591983914375305,,,
1.4260551741248684,0.5817917742227253,16.88526775962428,0.00041107534535082157,0.5744499062236986,2.513743155880978,0.0,0.0,,0.19148724082934607,0.5483215821778477,0.9999934455637088,0,normal_only,normal,normal,285,5415,0.0005030779148512156,0.4662986695766449,0.35919100046157837,,,
1.4033346364372654,0.5673305674603111,16.72008112857216,0.0004973610683871237,0.5563299781397769,2.7993977571788586,0.0,0.0,,0.19318181818181818,0.5530252819194533,0.9999942635057909,0,normal_only,normal,normal,286,5434,0.0005026805702919103,0.4662959575653076,0.35918280482292175,,,
1.4204825162887573,0.5707801000068062,16.994048269171465,0.0004999529643866577,0.5714304258948878,2.695788785030967,0.0,0.0,,0.19039074960127592,0.5452981429107758,0.9999950272272872,0,normal_only,normal,normal,287,5453,0.0005023105384251186,0.46629342436790466,0.35917556285858154,,,
1.4184963514930324,0.5671541706511849,17.02684332195081,0.00048000145149049595,0.5745325778660021,2.6515288603933236,0.0,0.0,,0.1918859649122807,0.5492666386532719,0.9999957366444169,0,normal_only,normal,normal,288,5472,0.0005019678601152667,0.46629127860069275,0.35916969180107117,,,
1.4569103153128373,0.6123222442049729,16.891760976690996,0.0005116381484855849,0.5624025464057922,2.8189063699621904,0.0,0.0,,0.18939393939393936,0.5440232494020609,0.9999963916793579,0,normal_only,normal,normal,289,5491,0.0005016525732059942,0.4662894308567047,0.3591642379760742,,,
1.418562280504327,0.563019860731928,17.110848175851924,0.0004193604311838403,0.5838263819092199,2.5047045946121216,0.0,0.0,,0.19059011164274323,0.5459399631946023,0.9999969922602522,0,normal_only,normal,normal,290,5510,0.0005013647125159741,0.4662880003452301,0.35915976762771606,,,
1.4510987683346397,0.5898669079730385,17.22463698136179,0.00039786798802915176,0.572337291742626,2.9062582003442863,0.0,0.0,,0.19258373205741625,0.5520776895816608,0.9999975383212166,0,normal_only,normal,normal,291,5529,0.0005011043098350682,0.46628692746162415,0.3591558337211609,,,
1.4247662895604183,0.5776978809582559,16.941367701480264,0.0006258172047398004,0.5726255052968076,2.6100843580145585,0.0,0.0,,0.19049043062200957,0.5459650813593107,0.9999980298023485,0,normal_only,normal,normal,292,5548,0.0005008713939208168,0.46628594398498535,0.35915297269821167,,,
1.4414300667612177,0.5962708325762498,16.90318428842645,0.0005873014467253693,0.5793122743305407,2.4056950619346216,0.0,0.0,,0.1914872408293461,0.548607057159117,0.9999984666497327,0,normal_only,normal,normal,293,5567,0.0005006659904952614,0.4662849009037018,0.3591509163379669,,,
1.4747627910814787,0.6332404754663769,16.830446243286133,0.0005276923184283078,0.5574019237568504,2.8822059003930343,0.0,0.0,,0.19198564593301434,0.5495388763034781,0.9999988488154465,0,normal_only,normal,normal,294,5586,0.0005004881222421058,0.4662843644618988,0.35914918780326843,,,
1.43328531164872,0.576940036133716,17.12690534089741,0.00044012891042879537,0.5770628515042757,2.6893306531404195,0.0,0.0,,0.19158692185007975,0.5485018459665298,0.999999176257567,0,normal_only,normal,normal,295,5605,0.0005003378088042094,0.4662838280200958,0.35914796590805054,,,
1.4379464199668484,0.5880642784269232,16.997642517089844,0.0004257946340275291,0.5780810588284543,2.5349711430700204,0.0,0.0,,0.19258373205741627,0.5509456512041592,0.9999994489401735,0,normal_only,normal,normal,296,5624,0.0005002150667814198,0.46628355979919434,0.3591470420360565,,,
1.45736278985676,0.5984420494029397,17.178414796528063,0.0007292293783776634,0.5729277761358964,2.8369897792213843,0.0,0.0,,0.1888955342902711,0.5426450005546939,0.999999666833353,0,normal_only,normal,normal,297,5643,0.0005001199097287378,0.4662834703922272,0.3591465651988983,,,
1.4121085028899343,0.5680931273259615,16.880307448537724,0.0005598915784886278,0.5707862722246271,2.5966533171503166,0.0,0.0,,0.19128787878787878,0.5476925387415335,0.9999998299132025,0,normal_only,normal,normal,298,5662,0.0005000523481548214,0.46628323197364807,0.3591462969779968,,,
1.405241138056705,0.5620928516513423,16.862965433221113,0.0007096776175067612,0.5632682379923368,2.7635176809210527,0.0,0.0,,0.1908891547049442,0.5466201766567805,0.9999999381618324,0,normal_only,normal,normal,299,5681,0.0005000123895208254,0.46628308296203613,0.3591461777687073,,,
1.4187776916905452,0.5689086929747933,16.997379704525596,0.000600942065878036,0.5667659546199598,2.8132068357969584,0.0,0.0,,0.1922846889952153,0.5507843327740514,0.9999999915673676,0,normal_only,normal,normal,300,5700,0.0005000000382395767,0.46628308296203613,0.3591461777687073,,,
1.8541572595897473,0.9727162373693365,14.373752644187526,0.001634730237511624,0.48657490548334625,2.1685119302649247,0.631578570918033,0.019434924127141897,1.0023382243357206,0.18470893141945774,0.5279501626352413,0.9990001350537485,1,add_parkinsons,parkinsons,normal+parkinsons,1,19,0.0003,0.47792840003967285,0.34536340832710266,0.6687939763069153,0.6687939763069153,0.9999790191650391
1.6414195550115485,0.7798635426320528,13.922667955097399,0.0015030212204070075,0.43743024844872325,2.949336108408476,0.6253250256965035,0.036365440268319185,0.9341264461216173,0.18311403508771928,0.5230589300470259,0.9990009901027735,1,add_parkinsons,parkinsons,normal+parkinsons,2,38,0.0002999323262498131,0.4775395393371582,0.34444671869277954,0.6716700196266174,0.6716700196266174,0.999921441078186
1.485126714957388,0.6579916806597459,13.605484711496453,0.0012483657184547108,0.4127436829240699,3.255683597765471,0.5607633198562422,0.026679845698373884,0.8973542357745924,0.1804226475279107,0.5159143279607101,0.9990027218145151,1,add_parkinsons,parkinsons,normal+parkinsons,3,57,0.0002997294271255583,0.4770556390285492,0.3442443013191223,0.6739590167999268,0.6739590167999268,0.9998254179954529
1.4178244753887779,0.6117312939543473,13.458796450966283,0.0015371406564219413,0.4022983924338692,3.362908300600554,0.4998118187251844,0.03280156777289353,0.890444140685232,0.1818181818181818,0.519798039830373,0.9990053271466947,1,add_parkinsons,parkinsons,normal+parkinsons,4,76,0.0002993916687857594,0.47638237476348877,0.3447008728981018,0.6759648323059082,0.6759648323059082,0.9996883273124695
1.3878069990559627,0.5836941552789587,13.577316535146613,0.0013234769177966211,0.39988594776705694,3.5470809309106124,0.4575080228479285,0.04347999201203684,0.8668702950603083,0.1808213716108453,0.5177945222734416,0.9990088015222539,1,add_parkinsons,parkinsons,normal+parkinsons,5,95,0.00029891966076037673,0.4756324291229248,0.3455940783023834,0.67774498462677,0.67774498462677,0.9995078444480896
1.3835437737013165,0.5870521272483625,13.779054892690558,0.0014441773007427784,0.41424307540843364,3.386873860108225,0.3873246468995747,0.04283096869537411,0.8533337335837515,0.1802232854864434,0.5167297253917859,0.9990131388373943,1,add_parkinsons,parkinsons,normal+parkinsons,6,114,0.0002983142548508289,0.4747559130191803,0.3470276892185211,0.6791069507598877,0.6791069507598877,0.999277651309967
1.33289088700947,0.5539084108252275,13.410105153133994,0.0013345572974924978,0.3953075503048144,3.4940525481575415,0.3947280221863797,0.03918080616583546,0.8652578058995699,0.18151913875598083,0.519303132452934,0.9990183314723028,1,add_parkinsons,parkinsons,normal+parkinsons,7,133,0.00029757654359280345,0.4738554060459137,0.3486964702606201,0.6805747747421265,0.6805747747421265,0.9989979863166809
1.3200421647021645,0.5561779674730802,13.181260410108065,0.0014929478899208142,0.38310281540218155,3.5663662584204423,0.3750243328119579,0.04418038767471444,0.8417117815268668,0.17822966507177035,0.5100218924134652,0.9990243703045361,1,add_parkinsons,parkinsons,normal+parkinsons,8,152,0.00029670785828463065,0.47292470932006836,0.35062095522880554,0.6822813749313354,0.6822813749313354,0.9986613988876343
1.3015995339343422,0.5416096025391629,13.193467290777908,0.0017101066508698032,0.37903646105214167,3.6748031064083704,0.3678506910800934,0.033415471442582965,0.8555939134798551,0.1791267942583732,0.5124808754502442,0.9990312447250477,1,add_parkinsons,parkinsons,normal+parkinsons,9,171,0.00029570976658477814,0.47195616364479065,0.3527633249759674,0.684320330619812,0.684320330619812,0.9982696771621704
1.2829370247690302,0.5259836065141779,13.296092334546541,0.0011904154533495831,0.3832606783038692,3.684814917413812,0.3260765232537922,0.04251866969647572,0.8655135459021518,0.18670255183413076,0.5327825237021413,0.9990389426568267,1,add_parkinsons,parkinsons,normal+parkinsons,10,190,0.00029458406968280225,0.47093793749809265,0.3551853895187378,0.6861863136291504,0.6861863136291504,0.9978267550468445
1.2612712383270264,0.5203871491708254,13.021722743385716,0.0014925155188202073,0.3769699037075043,3.5601621678001,0.3204375191738731,0.038754238226254914,0.8578955625232897,0.1801236044657097,0.5161123185013285,0.9990474505761134,1,add_parkinsons,parkinsons,normal+parkinsons,11,209,0.0002933327990488611,0.46986937522888184,0.35786014795303345,0.6877824664115906,0.6877824664115906,0.9973250031471252
1.2780212979567678,0.5338593454737413,13.348178813332005,0.0013609595296561327,0.3820218020363858,3.7636098359760486,0.28134923624364955,0.02566282237928949,0.8903536012298182,0.1832137161084529,0.5242903564793224,0.9990567535361589,1,add_parkinsons,parkinsons,normal+parkinsons,12,228,0.0002919582127676558,0.46876874566078186,0.3606880009174347,0.6894325613975525,0.6894325613975525,0.9967533349990845
1.258155396110133,0.5188166216800087,13.15331449006733,0.0016751420028556726,0.3767927994853572,3.691615945414493,0.28770762603533895,0.03898451489543444,0.8704746647884971,0.18131977671451358,0.5181592266058498,0.9990668351934832,1,add_parkinsons,parkinsons,normal+parkinsons,13,247,0.000290462791463416,0.4676789939403534,0.3636496365070343,0.6911497116088867,0.6911497116088867,0.996137261390686
1.2404284351750423,0.497777825907657,13.399491259926243,0.0016089767940636527,0.39078309818318013,3.5896893425991663,0.2651777392939517,0.025526324760568587,0.9061059230252316,0.1812200956937799,0.518453396800767,0.9990776778365881,1,add_parkinsons,parkinsons,normal+parkinsons,14,266,0.00028884923382328206,0.46652182936668396,0.36681729555130005,0.6929357647895813,0.6929357647895813,0.9954532980918884
1.2376752589878284,0.4978902151710109,13.364839202479311,0.0012992365059050683,0.3817062911234404,3.7897011982767204,0.26192986416189296,0.024242422826845494,0.8985049661837126,0.18112041467304624,0.5178511042235836,0.9990892624170719,1,add_parkinsons,parkinsons,normal+parkinsons,15,285,0.00028712045172716466,0.46539148688316345,0.37008610367774963,0.6946550607681274,0.6946550607681274,0.9947230815887451
1.2181748967421682,0.4886081391259244,13.217020787690815,0.0014730697945005407,0.38157808623815836,3.640741837652106,0.2448314734195408,0.03003133978621152,0.9111876142652411,0.18191786283891545,0.5201108233526718,0.9991015685830934,1,add_parkinsons,parkinsons,normal+parkinsons,16,304,0.0002852795649928692,0.46423396468162537,0.3735697567462921,0.6962618231773376,0.6962618231773376,0.993930459022522
1.2167362664875232,0.49413813101617915,13.171754686455978,0.001647833743941431,0.3775587160336344,3.69159103694715,0.23766182519887624,0.01837980625254874,0.9148380034848264,0.18092105263157895,0.51718060364391,0.9991145747151285,1,add_parkinsons,parkinsons,normal+parkinsons,17,323,0.0002833298957459684,0.463062047958374,0.3771233558654785,0.6978000998497009,0.6978000998497009,0.993085503578186
1.1969047220129716,0.4768655676590769,13.110494714034232,0.0014366560468548222,0.3713429162376805,3.791005573774639,0.231076432686103,0.026981214923771882,0.93791274804818,0.18321371610845297,0.5235729809093419,0.9991282579639488,1,add_parkinsons,parkinsons,normal+parkinsons,18,342,0.0002812749624245839,0.46190908551216125,0.3806877136230469,0.6995522379875183,0.6995522379875183,0.9922063946723938
1.21149186084145,0.5007724918817219,13.094146527742085,0.0011436314885749628,0.37948369509295415,3.5784633034153988,0.21042470869265104,0.013623350698157753,0.96246590112385,0.18251594896331738,0.5224199209645447,0.9991425942907641,1,add_parkinsons,parkinsons,normal+parkinsons,19,361,0.00027911847342989557,0.46071791648864746,0.3843384087085724,0.7013817429542542,0.7013817429542542,0.9912525415420532
1.2062857213773226,0.4929133073279732,13.16137338939466,0.0016467122324301225,0.37668068471707794,3.7031884444387337,0.2067747202358748,0.014440198263496552,0.9520014869539362,0.1827153110047847,0.5218775000465609,0.9991575585094544,1,add_parkinsons,parkinsons,normal+parkinsons,20,380,0.00027686432043383684,0.4595315456390381,0.38807541131973267,0.7029960751533508,0.7029960751533508,0.9902758002281189
1.188053149926035,0.4760159975604007,13.1943796559384,0.0013584823984848825,0.3745575217824233,3.796479664350811,0.19940809434966036,0.009864493038728477,0.9462162695432964,0.18291467304625203,0.5226541833752809,0.9991731243308164,1,add_parkinsons,parkinsons,normal+parkinsons,21,399,0.0002745165713560541,0.458366721868515,0.39182624220848083,0.7043852210044861,0.7043852210044861,0.9892764091491699
1.1816381843466508,0.4855723835920033,12.849445343017578,0.0011066095535888483,0.36162839124077245,3.781070219843011,0.20579762207834343,0.008576506948884344,0.9481307330884432,0.18012360446570974,0.5153153328187997,0.9991892644087489,1,add_parkinsons,parkinsons,normal+parkinsons,22,418,0.0002720794630228031,0.4572165012359619,0.3955552577972412,0.7057463526725769,0.7057463526725769,0.9882461428642273
1.1800149553700496,0.4758107771998958,13.04471116316946,0.001160343444146412,0.3630926358072381,3.93838664105064,0.18767941625494705,0.020195045959936625,0.9393033824468914,0.18211722488038273,0.5206674397054767,0.999205950388294,1,add_parkinsons,parkinsons,normal+parkinsons,23,437,0.00026955739352103116,0.4560588300228119,0.39935600757598877,0.7071018218994141,0.7071018218994141,0.9871752858161926
1.1812038107922203,0.4819241730790389,13.043295659516987,0.0011240373148068198,0.3717419285523264,3.721646635155929,0.1796240735995142,0.00883528360435249,0.9580009548287642,0.18590510366826157,0.5318347105051732,0.9992231529554514,1,add_parkinsons,parkinsons,normal+parkinsons,24,456,0.00026695491426144267,0.4548982083797455,0.403155654668808,0.7084471583366394,0.7084471583366394,0.9860678911209106
1.1701185075860274,0.47652220726013184,12.936608816448011,0.001143047743856809,0.36750172784453944,3.7204894392113936,0.17496004857515035,0.01210330097575551,0.9532899229150069,0.17992424242424243,0.5141559026839755,0.9992408418886782,1,add_parkinsons,parkinsons,normal+parkinsons,25,475,0.0002642767217648718,0.4537612497806549,0.4069414734840393,0.7097554802894592,0.7097554802894592,0.9849385619163513
1.1784415935215198,0.483378247210854,13.03386698271099,0.0012586136612011806,0.36870412606942027,3.7847986095830013,0.1655326956196835,0.007947239631903358,0.984922540815253,0.18052232854864433,0.516149947367336,0.9992589861119806,1,add_parkinsons,parkinsons,normal+parkinsons,26,494,0.00026152764918678425,0.45265722274780273,0.41065773367881775,0.7112303972244263,0.7112303972244263,0.9838005304336548
1.1748229955372058,0.47951602308373703,13.027688026428223,0.0012889924171184631,0.36151592982442754,3.9575651821337248,0.1705296416031687,0.005160580622606703,0.9849292510434201,0.18112041467304626,0.5180612821025401,0.99927755374951,1,add_parkinsons,parkinsons,normal+parkinsons,27,513,0.00025871265759520396,0.4515645503997803,0.4143657088279724,0.7126765847206116,0.7126765847206116,0.9826523661613464
1.1960950587925159,0.48888641438986125,13.343405924345317,0.001230745521177979,0.37826571182200786,3.8559945382569967,0.1552939462034326,0.004859348465719162,0.9886575592191595,0.18401116427432215,0.5268585890104801,0.9992965121815613,1,add_parkinsons,parkinsons,normal+parkinsons,28,532,0.0002558368270178041,0.4504455327987671,0.41811540722846985,0.714062511920929,0.714062511920929,0.981484591960907
1.1672306060791016,0.4752690650914845,12.992328995152524,0.0011413180802360568,0.3733899781578465,3.6290463397377417,0.1625257189336576,0.006854637467768043,0.9694727910192389,0.1821172248803828,0.5206525230293031,0.9993158281018804,1,add_parkinsons,parkinsons,normal+parkinsons,29,551,0.00025290534727432,0.4493502676486969,0.42180153727531433,0.7154492139816284,0.7154492139816284,0.9802939891815186
1.1533887950997603,0.4683600397486436,12.913325008593107,0.0012835512048025664,0.3682593185650675,3.674753189086914,0.15251067437623678,0.004939284803281464,0.9844727139723929,0.17862838915470491,0.5115183890337103,0.9993354675761761,1,add_parkinsons,parkinsons,normal+parkinsons,30,570,0.00024992350861082743,0.4483107030391693,0.4253906011581421,0.716793954372406,0.716793954372406,0.9791088700294495
1.1677632520073338,0.48298483145864385,12.918252543399209,0.001246914570832527,0.3549495715844004,4.013340485723395,0.1508723497390747,0.004590694960490127,1.0004102964150279,0.18361244019138753,0.5249973482361366,0.9993553961017357,1,add_parkinsons,parkinsons,normal+parkinsons,31,589,0.0002468966921527879,0.44732701778411865,0.4288310408592224,0.7181460857391357,0.7181460857391357,0.9779502153396606
1.177742694553576,0.4918587992065831,12.948544953998766,0.0012985905203478116,0.3633719259186795,3.8317820900364925,0.14867427631428368,0.005152252070873051,0.9703544942956221,0.18002392344497606,0.5148602090480124,0.9993755786680408,1,add_parkinsons,parkinsons,normal+parkinsons,32,608,0.0002438303601940906,0.4463334083557129,0.43227800726890564,0.7193349599838257,0.7193349599838257,0.9767757058143616
1.158903586237054,0.47646018549015645,12.897692429391961,0.001309195119814065,0.363700176540174,3.772458139218782,0.14515461576612373,0.005080439095189304,1.0061288162281639,0.18281499202551832,0.5227942736265196,0.999395979818273,1,add_parkinsons,parkinsons,normal+parkinsons,33,627,0.00024073004633961455,0.4453691244125366,0.4356515407562256,0.7206078171730042,0.7206078171730042,0.9756153225898743
1.152691734464545,0.462794314873846,13.066604865224738,0.0012712243877008166,0.3599264590363753,4.036662716614573,0.14145162936888242,0.0048170686683366324,1.0006245311937834,0.1827153110047847,0.5221359168695866,0.9994165637116041,1,add_parkinsons,parkinsons,normal+parkinsons,34,646,0.0002376013455191008,0.4444330036640167,0.4389156699180603,0.7218261361122131,0.7218261361122131,0.9744661450386047
1.1532192041999416,0.46922871313597025,12.981470459385923,0.001391557049876275,0.3627593940810153,3.877696627064755,0.1345217714184209,0.005146105019727992,0.9922663475337782,0.1812200956937799,0.5180670344221756,0.9994372941861629,1,add_parkinsons,parkinsons,normal+parkinsons,35,665,0.00023444990389035562,0.44352149963378906,0.44210687279701233,0.7229379415512085,0.7229379415512085,0.9733346700668335
1.1635107743112665,0.4809056049899051,12.974306156760768,0.00126122839528283,0.3654100471421292,3.807524241899189,0.13288202568104393,0.0026773186099202768,1.0080733926672685,0.18022328548644337,0.515607513510323,0.9994581348225631,1,add_parkinsons,parkinsons,normal+parkinsons,36,684,0.00023128140865000607,0.44263407588005066,0.4452265799045563,0.7240245938301086,0.7240245938301086,0.9722153544425964
1.1584131843165348,0.4797888304057874,12.912798479983682,0.0010069982304948529,0.36616208521943344,3.73357125332481,0.1287864564280761,0.0031511750536370336,0.996267601063377,0.17922647527910684,0.5128796883665012,0.9994790490078852,1,add_parkinsons,parkinsons,normal+parkinsons,37,703,0.00022810157777019505,0.44176867604255676,0.44829827547073364,0.7250527143478394,0.7250527143478394,0.9711050391197205
1.1580035372784263,0.48180664526788813,12.87866853412829,0.0014428051991241151,0.3574453027624833,3.9064657562657406,0.12645113938733152,0.0026026433379707954,1.0045058915489598,0.18122009569377992,0.517686955467801,0.9995000000000003,1,add_parkinsons,parkinsons,normal+parkinsons,38,722,0.00022491614967973863,0.44092604517936707,0.4512413442134857,0.726097583770752,0.726097583770752,0.9700232148170471
1.1562997039995695,0.4747471166284461,13.001177235653525,0.0011368949275684396,0.3646964164156663,3.855344383340133,0.12435403662292581,0.0016208060045947174,0.9999347768331829,0.18401116427432215,0.5262593531077722,0.9995209509921147,1,add_parkinsons,parkinsons,normal+parkinsons,39,741,0.00022173087290836552,0.4401111304759979,0.45410919189453125,0.7270641326904297,0.7270641326904297,0.96896892786026
1.1538143534409373,0.4737426889570136,12.97889172403436,0.0011225882059845485,0.36445819704156174,3.839372070212113,0.12197108409906689,0.002537170685460105,1.005363985111839,0.18381180223285487,0.5249430016273049,0.9995418651774371,1,add_parkinsons,parkinsons,normal+parkinsons,40,760,0.0002185514957127292,0.4393397569656372,0.4568351209163666,0.7280305027961731,0.7280305027961731,0.9679352045059204
1.154429504745885,0.4744089104627308,13.005386252152292,0.0011345611542071168,0.359729749591727,3.983778388876664,0.1177519552017513,0.0012531250153858167,1.0113926655367802,0.18231658692185004,0.5213058540285629,0.9995627058138371,1,add_parkinsons,parkinsons,normal+parkinsons,41,779,0.00021538375570291198,0.43861261010169983,0.45943209528923035,0.7289997935295105,0.7289997935295105,0.9669541716575623
1.1625747680664062,0.4933878434331794,12.7651299928364,0.0012621725266064076,0.3600477827222724,3.7323811054229736,0.11926851656876113,0.004453137831947778,0.9959508274730883,0.18122009569377992,0.5177655834855442,0.999583436288396,1,add_parkinsons,parkinsons,normal+parkinsons,42,798,0.00021223336948814265,0.4379143714904785,0.46191903948783875,0.7298628091812134,0.7298628091812134,0.9660032987594604
1.162100961333827,0.4809396000284898,13.04566784908897,0.0010179014980645949,0.3629385562319505,3.946756262528269,0.11420321190043499,0.001308666937754759,1.0128604863819324,0.18311403508771926,0.5229083928481336,0.9996040201817271,1,add_parkinsons,parkinsons,normal+parkinsons,43,817,0.000209106022360413,0.4372476041316986,0.4642953872680664,0.7307142019271851,0.7307142019271851,0.9650880098342896
1.152347272948215,0.47767427877375956,12.91071625759727,0.0013358781212254574,0.3651616526277442,3.7482778524097644,0.11297172621676796,0.003576911039233796,1.0048687112958807,0.18361244019138756,0.5247874115248966,0.9996244213319591,1,add_parkinsons,parkinsons,normal+parkinsons,44,836,0.00020600735803461017,0.4366140365600586,0.46655532717704773,0.7315486669540405,0.7315486669540405,0.9642059206962585
1.1710614969855861,0.4863312071875522,13.14551514073422,0.0012125311875838395,0.36643457569574056,3.954337421216463,0.10823739359253332,0.0015806753105464036,1.0061658965913873,0.18401116427432215,0.5251892795667491,0.9996446038982644,1,add_parkinsons,parkinsons,normal+parkinsons,45,855,0.00020294296846368081,0.4360004961490631,0.4687262177467346,0.7323258519172668,0.7323258519172668,0.9633580446243286
1.1542533322384483,0.47759548457045303,12.971598474602951,0.0012372452244897815,0.3667788082047513,3.771197243740684,0.10874832107832558,0.0035632853154024097,0.9823047142279776,0.1816188197767145,0.5192938864142448,0.999664532423824,1,add_parkinsons,parkinsons,normal+parkinsons,46,874,0.00019991838374720615,0.4354102313518524,0.4708145558834076,0.7329733967781067,0.7329733967781067,0.9625476002693176
1.1452844080172087,0.4795447227201964,12.759133238541452,0.0009571521674699493,0.35425616408649246,3.8788002290223775,0.1101363720862489,0.0009957301875769381,1.0249657693662142,0.18341307814992022,0.5245364811811623,0.9996841718981195,1,add_parkinsons,parkinsons,normal+parkinsons,47,893,0.0001969390621516002,0.4348750114440918,0.4727286100387573,0.733718752861023,0.733718752861023,0.9617849588394165
1.1429367504621808,0.47291315072461176,12.839493149205259,0.0012241470532516313,0.35568839782162714,3.9166792693891024,0.10893962689136204,0.0032561130156912106,1.001372949073189,0.1832137161084529,0.5234335074538966,0.9997034878184388,1,add_parkinsons,parkinsons,normal+parkinsons,48,912,0.00019401038025993982,0.4343539774417877,0.47457313537597656,0.7343398332595825,0.7343398332595825,0.9610542058944702
1.1342662070926868,0.4693875704940997,12.756433235971551,0.0014702682352722867,0.3544940964171761,3.8573242739627234,0.10691857612446735,0.001309177777724663,1.0067035649952136,0.18371212121212122,0.5245385552172237,0.9997224462504901,1,add_parkinsons,parkinsons,normal+parkinsons,49,931,0.00019113762326920415,0.43386968970298767,0.47630035877227783,0.7349622249603271,0.7349622249603271,0.9603676199913025
1.1437407763380754,0.47946274594256755,12.746439933776855,0.0011685941610362772,0.3451456537372188,4.088583670164409,0.1051131914320745,0.0027109109490227544,1.0098519325256348,0.17862838915470491,0.5119027161358431,0.9997410138880193,1,add_parkinsons,parkinsons,normal+parkinsons,50,950,0.00018832597545243143,0.4334206283092499,0.47792208194732666,0.7355394959449768,0.7355394959449768,0.9597199559211731
1.1301582361522473,0.46403910298096507,12.78362284208599,0.0012460690831128311,0.3568616132987173,3.83093083532233,0.1064669929052654,0.0012849271756988998,1.0133104794903804,0.18291467304625197,0.5234842625261217,0.999759158111322,1,add_parkinsons,parkinsons,normal+parkinsons,51,969,0.0001855805108030075,0.43300628662109375,0.4794294834136963,0.7361000180244446,0.7361000180244446,0.9591064453125
1.123389532691554,0.46488261379693685,12.639227967513236,0.0010411987160822672,0.3480112176192434,3.912917475951345,0.10518914696417357,0.0009929807037176368,1.0178675588808561,0.18201754385964913,0.5205460611862428,0.9997768470445485,1,add_parkinsons,parkinsons,normal+parkinsons,52,988,0.00018290618387796788,0.43262434005737305,0.48082149028778076,0.7366310954093933,0.7366310954093933,0.9585410356521606
1.1529557202991687,0.48057694341007035,12.938983666269403,0.0010546272694084205,0.35486836653006704,4.040908800928216,0.09990756174451426,0.0018107777424646837,0.9983253541745638,0.1839114832535885,0.525906542920852,0.9997940496117063,1,add_parkinsons,parkinsons,normal+parkinsons,53,1007,0.00018030782085683904,0.4322586953639984,0.48214608430862427,0.7370664477348328,0.7370664477348328,0.9580037593841553
1.1375197611357037,0.46593587022078664,12.916943700690018,0.0012221119112310636,0.3531185247396168,4.05842766008879,0.10105806432272259,0.001888744772019747,1.0230449469465959,0.1814194577352472,0.5188815600793776,0.9998107355912511,1,add_parkinsons,parkinsons,normal+parkinsons,54,1026,0.00017779011083215388,0.43192729353904724,0.4833587408065796,0.737514317035675,0.737514317035675,0.9575127959251404
1.1268543193214817,0.46617722354437174,12.701476147300319,0.0011002133542206138,0.3547720140532443,3.8046704342490747,0.09827644613228347,0.004136564967534707,0.9991898850390786,0.18401116427432215,0.5262411527365787,0.9998268756691835,1,add_parkinsons,parkinsons,normal+parkinsons,55,1045,0.00017535759734735928,0.43161681294441223,0.48448142409324646,0.7378873229026794,0.7378873229026794,0.9570543169975281
1.1370668599480076,0.46771203530462163,12.886758603547749,0.0010972084404018364,0.35555366309065567,3.970486791510331,0.09838652963701047,0.0016809719450784062,0.9937438462909899,0.18221690590111644,0.5207721093442675,0.9998424414905457,1,add_parkinsons,parkinsons,normal+parkinsons,56,1064,0.0001730146701973857,0.4313312768936157,0.48551127314567566,0.7382161617279053,0.7382161617279053,0.9566359519958496
1.1280357210259688,0.4630410341840041,12.80060080478066,0.001104339993999977,0.35853901191761617,3.809516931834974,0.0963711122933187,0.0034874776366019718,0.9973427904279608,0.18171850079744817,0.5196690844960742,0.9998574057092359,1,add_parkinsons,parkinsons,normal+parkinsons,57,1083,0.00017076555750667732,0.4310702383518219,0.4864501953125,0.738510012626648,0.738510012626648,0.9562534689903259
1.140436611677471,0.4693245605418557,12.95694597143876,0.0011659573739100444,0.3540253968615281,4.077162240680895,0.09154594650394038,0.0015131193216994258,1.0084953998264514,0.18211722488038276,0.5212016787471097,0.9998717420360511,1,add_parkinsons,parkinsons,normal+parkinsons,58,1102,0.00016861431809897734,0.43084168434143066,0.48728707432746887,0.7387946844100952,0.7387946844100952,0.9559112787246704
1.1366545087412785,0.46637619796552154,12.93987771084434,0.0009500902562745308,0.3634943679759377,3.8287661452042427,0.09122232857503389,0.0019153743632829758,0.996280993285932,0.18421052631578946,0.5266059794963961,0.9998854252848713,1,add_parkinsons,parkinsons,normal+parkinsons,59,1121,0.0001665648341726397,0.43063458800315857,0.4880416989326477,0.7390420436859131,0.7390420436859131,0.955600380897522
1.12987136213403,0.46991763146300064,12.722438962836014,0.0009991151011107785,0.3518815777803722,3.900421619415283,0.0927424336734571,0.002584627115395147,1.0126679382826154,0.1804226475279107,0.5162732797181319,0.9998984314169065,1,add_parkinsons,parkinsons,normal+parkinsons,60,1140,0.00016462080429468408,0.43045440316200256,0.4887024164199829,0.7392675280570984,0.7392675280570984,0.9553285837173462
1.112587426838122,0.4565525400011163,12.653020657991108,0.0011813591179241868,0.3501188409955878,3.8705156853324487,0.09257790544315388,0.0009574775513580167,1.0244444702800952,0.17972488038277512,0.5141515678634669,0.9999107375829284,1,add_parkinsons,parkinsons,normal+parkinsons,61,1159,0.00016278573672623902,0.4302961826324463,0.48928302526474,0.7394806146621704,0.7394806146621704,0.9550886750221252
1.134756558819821,0.46801749342366267,12.874659086528577,0.0010843725345023956,0.3497938152990843,4.102704487348857,0.08872601154603456,0.00329837339660643,1.010032936146385,0.180622009569378,0.5163552233185003,0.9999223221634118,1,add_parkinsons,parkinsons,normal+parkinsons,62,1178,0.00016106294309141655,0.43015679717063904,0.48979252576828003,0.739655613899231,0.739655613899231,0.954878032207489
1.1216733581141423,0.46232159043613236,12.728846198634097,0.001035441426976927,0.35530615637176916,3.8203063513103284,0.09032932472856421,0.0013084328901114578,1.0133190029545833,0.18092105263157893,0.5179668121332287,0.9999331648065167,1,add_parkinsons,parkinsons,normal+parkinsons,63,1197,0.00015945553240104512,0.43003401160240173,0.4902392029762268,0.7398053407669067,0.7398053407669067,0.9546940326690674
1.1282718275722705,0.4558516568259189,12.999114287526984,0.0011077325938171462,0.3596745007916501,3.979558492961683,0.0883532503717824,0.0015044724427034932,1.0099592993133946,0.1839114832535885,0.5253196028833478,0.999943246463841,1,add_parkinsons,parkinsons,normal+parkinsons,64,1216,0.00015796640544204495,0.4299299418926239,0.4906187951564789,0.7399235367774963,0.7399235367774963,0.9545382857322693
1.1274739566602205,0.4623778164386749,12.855569437930459,0.001104848563524061,0.3598590336347881,3.8314723592055473,0.08698715347992747,0.002283539845704677,1.0112186670303345,0.180622009569378,0.5173779451067008,0.9999525494238868,1,add_parkinsons,parkinsons,normal+parkinsons,65,1235,0.00015659824954257127,0.42984363436698914,0.49093616008758545,0.7400259375572205,0.7400259375572205,0.95440673828125
1.1183241480275203,0.45718670518774734,12.804486676266318,0.0010952953659733268,0.3556555619365291,3.885715359135678,0.08285583869407051,0.0007966021251999528,1.035003938172993,0.18102073365231258,0.5177306213879523,0.9999610573431734,1,add_parkinsons,parkinsons,normal+parkinsons,66,1254,0.00015535353372237218,0.429772287607193,0.4911964535713196,0.7401142120361328,0.7401142120361328,0.9542989134788513
1.1233365912186473,0.458469221466466,12.850784653111509,0.001108306279332426,0.3481424905751881,4.119514427686992,0.0888307310248676,0.00048177372541670735,1.0150788991074813,0.18112041467304626,0.5178875308754703,0.9999687552749522,1,add_parkinsons,parkinsons,normal+parkinsons,67,1273,0.00015423450423711365,0.42971542477607727,0.49140670895576477,0.7401819825172424,0.7401819825172424,0.9542120099067688
1.1198022679278725,0.4503925960314901,12.97592921006052,0.0009940373634698947,0.36617794319203023,3.796629604540373,0.08066808530374577,0.0017846952020925911,1.0099555818658126,0.18281499202551835,0.5225968045269951,0.9999756296954637,1,add_parkinsons,parkinsons,normal+parkinsons,68,1292,0.0001532431805247113,0.4296702444553375,0.49157315492630005,0.7402328252792358,0.7402328252792358,0.9541437029838562
1.1289636900550442,0.46460130340174627,12.849743190564608,0.0011399562905640586,0.3550429438289843,3.945170528010318,0.0864754676034576,0.001025324700764797,1.0107888830335516,0.18171850079744817,0.5195549565848635,0.9999816685276971,1,add_parkinsons,parkinsons,normal+parkinsons,69,1311,0.00015238135156098555,0.42963680624961853,0.49169665575027466,0.7402743101119995,0.7402743101119995,0.9540922045707703
1.127755792517411,0.4682343021819466,12.774817366349069,0.0009696406808583752,0.3514142961878526,3.965218945553428,0.08264397319994475,0.00047846154876950956,1.0261417784188922,0.17992424242424243,0.5148742538187779,0.9999868611626056,1,add_parkinsons,parkinsons,normal+parkinsons,70,1330,0.00015165057263121632,0.42961299419403076,0.4917852282524109,0.7403038144111633,0.7403038144111633,0.9540554881095886
1.1226091824079816,0.4629941786590375,12.757535432514391,0.0008929663178461947,0.3499794947473626,3.985723771547016,0.08585134305452045,0.0011014585002337633,1.0071575327923423,0.1827153110047847,0.5224186835679102,0.9999911984777463,1,add_parkinsons,parkinsons,normal+parkinsons,71,1349,0.0001510521625234232,0.4295969009399414,0.4918448328971863,0.7403213977813721,0.7403213977813721,0.9540311694145203
1.1072350865916203,0.44886221226892975,12.74759915000514,0.0010463678948948846,0.3566301198382127,3.8056868628451697,0.08329276426842339,0.0006788329831722781,1.022408193663547,0.18301435406698563,0.5228992452483145,0.9999946728533052,1,add_parkinsons,parkinsons,normal+parkinsons,72,1368,0.0001505872011484367,0.4295872151851654,0.4918808043003082,0.740332841873169,0.740332841873169,0.9540163278579712
1.1153636229665655,0.4544743001461029,12.782077939886795,0.0012381358706318821,0.348419504730325,4.040637129231503,0.08643273068101782,0.0007089939473237456,1.0095641236556203,0.18241626794258375,0.5212792226827767,0.9999972781854849,1,add_parkinsons,parkinsons,normal+parkinsons,73,1387,0.00015025652759105513,0.42958223819732666,0.49189937114715576,0.7403387427330017,0.7403387427330017,0.9540085792541504
1.1255620310181065,0.4640699734813289,12.816007563942357,0.001095004168363582,0.3577397810785394,3.8451379725807593,0.08207113491861444,0.0006955477640172161,1.0224185680088245,0.17832934609250398,0.5106525928812455,0.9999990098972266,1,add_parkinsons,parkinsons,normal+parkinsons,74,1406,0.00015006073859580426,0.42958036065101624,0.49190613627433777,0.7403408885002136,0.7403408885002136,0.9540057182312012
1.1185555834519236,0.44931721530462565,12.98929856952868,0.0008713753379293179,0.3616475008035961,3.926326538387098,0.07865494332815472,0.00043882162155664686,1.0236964163027311,0.18131977671451355,0.5178277605243696,0.9999998649462513,1,add_parkinsons,parkinsons,normal+parkinsons,75,1425,0.0001500001874900322,0.42958012223243713,0.491907000541687,0.7403411269187927,0.7403411269187927,0.9540054202079773
1.5677262732857151,0.9195580890304164,11.630763053894043,0.001810933472466116,0.33303881318945633,3.259519338607788,0.11742509234892695,0.1490950074635054,0.36884029288040965,0.14224481658692187,0.4176147083111081,0.9990001350537485,2,add_stroke,stroke,normal+parkinsons+stroke,1,19,0.0003,0.42891058325767517,0.5016250014305115,0.4087097942829132,0.5736982226371765,0.9511949419975281
1.3667069548054744,0.7297236480210957,11.39916369789525,0.002019930802481739,0.2715831924425928,4.559085544786956,0.12097554183319996,0.14712485043626083,0.3815802233783822,0.14045055821371608,0.412668270879098,0.9990009901027735,2,add_stroke,stroke,normal+parkinsons+stroke,2,38,0.0002999323262498131,0.4273710250854492,0.5075280070304871,0.4064873158931732,0.5744641423225403,0.9484663009643555
1.309839637655961,0.6737450486735294,11.437035911961607,0.002154536925158218,0.2716065707959627,4.593008304897108,0.12284211500694878,0.13412902935555107,0.3978321654231925,0.14573365231259972,0.4255443637233447,0.9990027218145151,2,add_stroke,stroke,normal+parkinsons+stroke,3,57,0.0002997294271255583,0.42592549324035645,0.5131115317344666,0.4049062728881836,0.5756791234016418,0.9457538723945618
1.277624945891531,0.6483013441688136,11.383902449356881,0.0021162150476716065,0.2795587480068207,4.3420283417952685,0.11940391440140574,0.12110996520832966,0.42814962252190236,0.14952153110047847,0.4370667226440997,0.9990053271466947,2,add_stroke,stroke,normal+parkinsons+stroke,4,76,0.0002993916687857594,0.4245136082172394,0.5184835195541382,0.40390321612358093,0.5772648453712463,0.9430051445960999
1.268087669422752,0.6449591674302754,11.342191244426527,0.0020078903394996337,0.27183941947786433,4.496008371051989,0.11275994973747354,0.11131574625247403,0.4550718296515314,0.15121610845295055,0.4418590651842384,0.9990088015222539,2,add_stroke,stroke,normal+parkinsons+stroke,5,95,0.00029891966076037673,0.42316970229148865,0.5236568450927734,0.40344759821891785,0.5792011022567749,0.940272331237793
1.2590018322593288,0.6329807231300756,11.465546758551346,0.0021206593067434275,0.2750678721227144,4.535833283474571,0.11283259995673832,0.09814249704542913,0.48925194222676127,0.1492224880382775,0.4355778901228219,0.9990131388373943,2,add_stroke,stroke,normal+parkinsons+stroke,6,114,0.0002983142548508289,0.42187538743019104,0.5286418795585632,0.4034483730792999,0.5812972187995911,0.93752521276474
1.24077308177948,0.6387743447956286,11.041805217140599,0.002486493812236739,0.2679520602288999,4.280841438393844,0.12003969714829796,0.07959410920739174,0.5358095859226427,0.14443779904306223,0.4231137957290924,0.9990183314723028,2,add_stroke,stroke,normal+parkinsons+stroke,7,133,0.00029757654359280345,0.42066970467567444,0.5333371162414551,0.4039245843887329,0.5838845372200012,0.9347843527793884
1.2406049402136552,0.6339355299347326,11.202793071144505,0.0021685685129149966,0.26468559942747416,4.531438940449765,0.11777679386891816,0.0683421510222711,0.5813289818010832,0.14812599681020736,0.4328738644893559,0.9990243703045361,2,add_stroke,stroke,normal+parkinsons+stroke,8,152,0.00029670785828463065,0.419528603553772,0.5378248691558838,0.40470004081726074,0.5866946578025818,0.9320806860923767
1.2202859489541305,0.6182891052020224,11.139208894026908,0.00229997178049464,0.26273754239082336,4.513270917691682,0.11794711570990712,0.06219836971477458,0.6096582804855547,0.14134768740031897,0.4151347515952889,0.9990312447250477,2,add_stroke,stroke,normal+parkinsons+stroke,9,171,0.00029570976658477814,0.418430894613266,0.5421509146690369,0.4058481454849243,0.5897491574287415,0.9293680787086487
1.22972739997663,0.6334556403912996,11.100750019675807,0.0026778533172450566,0.263619117830929,4.443325783077039,0.11349042308957953,0.05144664468733888,0.6465290627981487,0.14543460925039875,0.42561108985700286,0.9990389426568267,2,add_stroke,stroke,normal+parkinsons+stroke,10,190,0.00029458406968280225,0.41738370060920715,0.5463046431541443,0.4073079526424408,0.593097448348999,0.9266363382339478
1.22173946154745,0.6303777788814745,11.038020384939093,0.002673566534404496,0.26662272528598185,4.3056132166009204,0.11353337333390587,0.04430928198914779,0.6626694265164828,0.1476275917065391,0.4313885666334654,0.9990474505761134,2,add_stroke,stroke,normal+parkinsons+stroke,11,209,0.0002933327990488611,0.416403204202652,0.5502264499664307,0.4090454876422882,0.5967936515808105,0.9239273071289062
1.2148030180680125,0.623713145130559,11.065192222595215,0.0025383705199745143,0.25833318421715185,4.543403336876317,0.11497858754898373,0.036342391646222064,0.6974977662688807,0.14294258373205743,0.4193224017423213,0.9990567535361589,2,add_stroke,stroke,normal+parkinsons+stroke,12,228,0.0002919582127676558,0.4155173599720001,0.553913414478302,0.41106775403022766,0.6007547974586487,0.9212544560432434
1.2136891201922768,0.6245408371875161,11.05402650331196,0.0020903562881836764,0.2670566588640213,4.32535111276727,0.11145613303309992,0.03433164968890579,0.7054929450938576,0.15091706539074962,0.4398356695534776,0.9990668351934832,2,add_stroke,stroke,normal+parkinsons+stroke,13,247,0.000290462791463416,0.41459524631500244,0.5575889348983765,0.41314324736595154,0.6047624945640564,0.9185704588890076
1.2195312035711188,0.6283215598056191,11.116446495056152,0.0020614857724132506,0.2547005030669664,4.697396805411891,0.10971951680748086,0.0318296791887597,0.7340265386982968,0.15141547049441786,0.44197877024750215,0.9990776778365881,2,add_stroke,stroke,normal+parkinsons+stroke,14,266,0.00028884923382328206,0.41373589634895325,0.5610725283622742,0.41544052958488464,0.6088955998420715,0.9159163236618042
1.2114195886411165,0.6322473005244607,10.886230769910311,0.0022012634435668588,0.26085830911209706,4.309741459394756,0.11047866117013128,0.028964268631841008,0.7410366472445036,0.14663078149920256,0.4285620718283861,0.9990892624170719,2,add_stroke,stroke,normal+parkinsons+stroke,15,285,0.00028712045172716466,0.4129251539707184,0.5643928647041321,0.4180103838443756,0.6133288741111755,0.9132595062255859
1.2169344236976223,0.626156283052344,11.149471885279604,0.002090738648181095,0.25731900177503886,4.66422848952444,0.10678075097109142,0.026437442945806605,0.7359643358933298,0.15330940988835726,0.44682143505488103,0.9991015685830934,2,add_stroke,stroke,normal+parkinsons+stroke,16,304,0.0002852795649928692,0.4121382236480713,0.5676137804985046,0.42055726051330566,0.6177971959114075,0.9105958342552185
1.217392921447754,0.6340035545198541,11.033298141077944,0.0019769391816991722,0.26306847522133275,4.407162716514186,0.10402254681838186,0.022875185002033647,0.7687261606517591,0.14852472089314195,0.4337806834291933,0.9991145747151285,2,add_stroke,stroke,normal+parkinsons+stroke,17,323,0.0002833298957459684,0.4113588035106659,0.5707588195800781,0.42334598302841187,0.6223071217536926,0.9079300165176392
1.2204767151882774,0.644736581727078,10.883436152809544,0.0022973503280234965,0.2516503616383201,4.534743334117689,0.10280485412007884,0.02346844461403395,0.7689472593759236,0.1532097288676236,0.44642800292198975,0.9991282579639488,2,add_stroke,stroke,normal+parkinsons+stroke,18,342,0.0002812749624245839,0.41061314940452576,0.5737563967704773,0.42625969648361206,0.6269012093544006,0.9053198099136353
1.2201001518651058,0.6411848727025484,10.96744216115851,0.002093661980899541,0.25894621642012344,4.441445162421779,0.10211911209319767,0.02005347210031591,0.7802552235753912,0.14782695374800636,0.43228498421614237,0.9991425942907641,2,add_stroke,stroke,normal+parkinsons+stroke,19,361,0.00027911847342989557,0.4099254906177521,0.5765851736068726,0.4293285608291626,0.6316361427307129,0.9027330279350281
1.2135076711052342,0.6389598595468622,10.891943680612664,0.0019764935438472187,0.2575483839762838,4.40382174441689,0.10342090223964892,0.016381607905618455,0.7949438628397489,0.15121610845295055,0.4406737784746672,0.9991575585094544,2,add_stroke,stroke,normal+parkinsons+stroke,20,380,0.00027686432043383684,0.4092646539211273,0.5792844891548157,0.4324102997779846,0.6364088654518127,0.9001753926277161
1.2242648789757176,0.6534357541485837,10.842613420988384,0.0018680949364543746,0.2533935324141854,4.461072570399234,0.09815425974758048,0.016639449927759797,0.8019645465047736,0.1411483253588517,0.41388459094877394,0.9991731243308164,2,add_stroke,stroke,normal+parkinsons+stroke,21,399,0.0002745165713560541,0.4086613953113556,0.5818344950675964,0.43568068742752075,0.6412540078163147,0.8976712226867676
1.222295265448721,0.6503250755761799,10.862705481679816,0.0022000801492188323,0.25044354168992294,4.546614948071931,0.10095288526070745,0.01438669995159695,0.8170204193968522,0.14513556618819776,0.42517378469375555,0.9991892644087489,2,add_stroke,stroke,normal+parkinsons+stroke,22,418,0.0002720794630228031,0.4080924093723297,0.5842725038528442,0.4389813542366028,0.6460905075073242,0.8951906561851501
1.2083130071037693,0.6441379440458197,10.683599723012824,0.0018577058738293616,0.24473893485571208,4.518683571564524,0.10449971768416856,0.015480452217161655,0.809427189199548,0.14364035087719298,0.4201716093068737,0.999205950388294,2,add_stroke,stroke,normal+parkinsons+stroke,23,437,0.00026955739352103116,0.4075492322444916,0.5865938067436218,0.44223955273628235,0.6508607864379883,0.8927680253982544
1.232401126309445,0.6641418588788885,10.804861520466051,0.001817658941849674,0.24645619486507617,4.598015182896664,0.0999630226900703,0.012101643916378779,0.8276302218437195,0.15271132376395535,0.4454652817253266,0.9992231529554514,2,add_stroke,stroke,normal+parkinsons+stroke,24,456,0.00026695491426144267,0.40703973174095154,0.5888036489486694,0.4455161690711975,0.6557324528694153,0.8903594017028809
1.2226662761286686,0.6524092084483096,10.851564808895713,0.0020551976202496966,0.2524720328418832,4.488384071149324,0.0980116846530061,0.012703509768471122,0.8268949075749046,0.14513556618819778,0.4261104404647201,0.9992408418886782,2,add_stroke,stroke,normal+parkinsons+stroke,25,475,0.0002642767217648718,0.406548410654068,0.5909448266029358,0.44881099462509155,0.6605966687202454,0.8879553079605103
1.2336078756733944,0.6609587700743424,10.93001029365941,0.002196019080369488,0.25017699677693217,4.620685012716996,0.09319255618672621,0.01140179497949583,0.8359398528149253,0.14702950558213718,0.43092243115437523,0.9992589861119806,2,add_stroke,stroke,normal+parkinsons+stroke,26,494,0.00026152764918678425,0.4060840308666229,0.5929929614067078,0.45216482877731323,0.665370523929596,0.8856154084205627
1.2156685904452675,0.6549842043926841,10.673728842484323,0.0017194222983610082,0.2464948618098309,4.468371880681891,0.09668507191695665,0.011306698743474522,0.836550678077497,0.15101674641148327,0.44034261325773866,0.99927755374951,2,add_stroke,stroke,normal+parkinsons+stroke,27,513,0.00025871265759520396,0.4056246280670166,0.5949880480766296,0.4554630219936371,0.6700289249420166,0.8832918405532837
1.2260604908591823,0.6580939794841566,10.83515393106561,0.0016819308052378659,0.2502052195762333,4.5379751983441805,0.09466466542921569,0.010170466738360884,0.8483803711439434,0.14423843700159492,0.4222283354256925,0.9992965121815613,2,add_stroke,stroke,normal+parkinsons+stroke,28,532,0.0002558368270178041,0.405210018157959,0.5968253016471863,0.45882290601730347,0.6747071743011475,0.8810402154922485
1.2181821873313503,0.658372351997777,10.667194065294767,0.0020099101882231863,0.24231035379987015,4.559187675777235,0.09672161466196964,0.00907885655148053,0.853594930548417,0.14623205741626796,0.4277578582763688,0.9993158281018804,2,add_stroke,stroke,normal+parkinsons+stroke,29,551,0.00025290534727432,0.40482795238494873,0.5985569953918457,0.46217846870422363,0.6793350577354431,0.8788443207740784
1.2143444513019763,0.6595004765610946,10.595674966510973,0.0016763272609463648,0.24199436761830984,4.503907416996203,0.09247830470925883,0.007762486145733611,0.8600708497198004,0.14144736842105263,0.41542189973701565,0.9993354675761761,2,add_stroke,stroke,normal+parkinsons+stroke,30,570,0.00024992350861082743,0.4044632613658905,0.6002081632614136,0.46551045775413513,0.6839054226875305,0.8766912817955017
1.228933058286968,0.665270165393227,10.761348222431383,0.001898223574052712,0.24311105357973198,4.636116228605571,0.09424467737737455,0.008137195199531945,0.8617973923683167,0.14962121212121213,0.4370446639383019,0.9993553961017357,2,add_stroke,stroke,normal+parkinsons+stroke,31,589,0.0002468966921527879,0.4041043519973755,0.6018089056015015,0.46879440546035767,0.6883118152618408,0.874599814414978
1.229251547863609,0.6641854832046911,10.822832007157174,0.0017096948209463765,0.24874340782040044,4.561504476948788,0.08742723123807657,0.008270519601769354,0.8645918337922347,0.14583333333333331,0.42588222576143436,0.9993755786680408,2,add_stroke,stroke,normal+parkinsons+stroke,32,608,0.0002438303601940906,0.40375784039497375,0.603347897529602,0.47192859649658203,0.6926687359809875,0.8725547194480896
1.2188150192561902,0.656929075717926,10.763748972039474,0.0019067127233077037,0.24959913366719297,4.476102967011301,0.08558429110991328,0.00920957646724817,0.8474303013400027,0.1469298245614035,0.42924336397531115,0.999395979818273,2,add_stroke,stroke,normal+parkinsons+stroke,33,627,0.00024073004633961455,0.4034233093261719,0.604830801486969,0.4750129282474518,0.6968486309051514,0.8705613017082214
1.2438079746145951,0.6696121096611023,11.020224671614798,0.0016643496622380457,0.25485648920661524,4.607203910225316,0.08492138707324078,0.007817139463058035,0.8668610955539503,0.14792663476874002,0.4326050644641432,0.9994165637116041,2,add_stroke,stroke,normal+parkinsons+stroke,34,646,0.0002376013455191008,0.4031248092651367,0.6061996817588806,0.47811606526374817,0.7010011076927185,0.8686321973800659
1.2419000989512394,0.6742359525278995,10.880676420111405,0.0018037228299745995,0.2548987175288953,4.463115466268439,0.08732757168380838,0.007193641810628928,0.8710902646968239,0.14663078149920253,0.42830421219650433,0.9994372941861629,2,add_stroke,stroke,normal+parkinsons+stroke,35,665,0.00023444990389035562,0.4028592109680176,0.6074743270874023,0.48117098212242126,0.7051267027854919,0.8667359352111816
1.2258883338225515,0.6687793731689453,10.669515760321366,0.001667899444184609,0.24614695969380831,4.474144496415791,0.08683430403470993,0.007698344232171382,0.8634745353146603,0.14563397129186606,0.425667476108227,0.9994581348225631,2,add_stroke,stroke,normal+parkinsons+stroke,36,684,0.00023128140865000607,0.4025929868221283,0.6087101697921753,0.48406732082366943,0.7089921832084656,0.8649329543113708
1.2202689333965904,0.660561341988413,10.740402472646613,0.0016098955529741943,0.24386638951928993,4.603495434710854,0.08348147531873301,0.0072682888038750545,0.8702937615545172,0.14683014354066987,0.42940351517637304,0.9994790490078852,2,add_stroke,stroke,normal+parkinsons+stroke,37,703,0.00022810157777019505,0.4023388922214508,0.6098781824111938,0.4868702292442322,0.712742269039154,0.8632031083106995
1.2214791837491488,0.663351971852152,10.71394227680407,0.0019207697324944955,0.24394056279408305,4.567409063640394,0.08389599307587273,0.005824299422736084,0.8817532878173026,0.1442384370015949,0.42221630738933974,0.9995000000000003,2,add_stroke,stroke,normal+parkinsons+stroke,38,722,0.00022491614967973863,0.40210533142089844,0.6109674572944641,0.48955780267715454,0.7163729667663574,0.8615302443504333
1.2157195367311175,0.6561617443436071,10.752565885844984,0.0018488557911232899,0.24256479818569987,4.6422244875054615,0.08218227150408845,0.005535705342864324,0.8913913180953578,0.1431419457735247,0.4201623395161142,0.9995209509921147,2,add_stroke,stroke,normal+parkinsons+stroke,39,741,0.00022173087290836552,0.40189898014068604,0.6119590401649475,0.49223002791404724,0.7199015617370605,0.8599491119384766
1.2139095444428294,0.6548487324463693,10.731048985531455,0.0015711009220563267,0.24416877486203847,4.5875521961011385,0.08405442653517974,0.00597902084088051,0.8860051882894415,0.14324162679425836,0.4189540195371113,0.9995418651774371,2,add_stroke,stroke,normal+parkinsons+stroke,40,760,0.0002185514957127292,0.40169742703437805,0.6129217743873596,0.49479788541793823,0.7232481837272644,0.8584092259407043
1.2181906323683889,0.6647353046818784,10.632620359721937,0.0018172000786044488,0.24754400551319122,4.398590426695974,0.08202027392230536,0.005276888924862233,0.8918107057872572,0.14663078149920256,0.42877102706742604,0.9995627058138371,2,add_stroke,stroke,normal+parkinsons+stroke,41,779,0.00021538375570291198,0.40149617195129395,0.6138688921928406,0.49721089005470276,0.7264372706413269,0.8569098711013794
1.2112375748784918,0.6570050528174952,10.655266962553325,0.0016382486976094935,0.23771370476798007,4.671468094775551,0.08065563714817951,0.005221081726056964,0.8880430397234464,0.14423843700159492,0.4226251610409861,0.999583436288396,2,add_stroke,stroke,normal+parkinsons+stroke,42,798,0.00021223336948814265,0.4013165533542633,0.6147340536117554,0.4995250403881073,0.7294804453849792,0.8554995656013489
1.211043307655736,0.6548124614514803,10.689623631929097,0.0017529308158708247,0.24880544135445043,4.425664487637971,0.08131097747307074,0.005687674516689424,0.8845118033258539,0.1465311004784689,0.428139732827854,0.9996040201817271,2,add_stroke,stroke,normal+parkinsons+stroke,43,817,0.000209106022360413,0.4011407196521759,0.6155635118484497,0.5017520189285278,0.7323563694953918,0.8541384935379028
1.217994351136057,0.6606959355504889,10.716749643024645,0.0017477584432957596,0.2452189012577659,4.542583176964207,0.08102847890634286,0.0048152285254266305,0.9025876678918537,0.14623205741626794,0.42756184172098644,0.9996244213319591,2,add_stroke,stroke,normal+parkinsons+stroke,44,836,0.00020600735803461017,0.4009961187839508,0.6162980198860168,0.5039503574371338,0.7351815104484558,0.8528527021408081
1.2007640035528886,0.6471897426404452,10.652618960330361,0.0017498184277332928,0.24016803110900678,4.604672682912726,0.07909103326107327,0.004682111947515391,0.9003067361681085,0.14184609250398722,0.4166348405925575,0.9996446038982644,2,add_stroke,stroke,normal+parkinsons+stroke,45,855,0.00020294296846368081,0.4008549451828003,0.6170022487640381,0.5060216188430786,0.7378262877464294,0.8516419529914856
1.201036666568957,0.6541415798036676,10.515003354925858,0.0017274892306886613,0.23474420999225817,4.603210888410869,0.08045589257227748,0.0041237526456825435,0.9041746227364791,0.14643141945773525,0.4276850764226903,0.999664532423824,2,add_stroke,stroke,normal+parkinsons+stroke,46,874,0.00019991838374720615,0.40072524547576904,0.6176595687866211,0.5079535245895386,0.7402911186218262,0.8505035638809204
1.2112605069812976,0.6570383278947127,10.667588033174214,0.0016774204498352973,0.23858084098288887,4.661131695697182,0.07961211824103405,0.0037589207334492946,0.903986206180171,0.14473684210526316,0.4233585064659142,0.9996841718981195,2,add_stroke,stroke,normal+parkinsons+stroke,47,893,0.0001969390621516002,0.40060660243034363,0.618261992931366,0.5097870230674744,0.7426657676696777,0.8494225144386292
1.2089947273856716,0.6501737644797877,10.768675603364644,0.0016612570034340024,0.245422667578647,4.5915775926489575,0.07667518681601475,0.004873452873557414,0.8997934146931297,0.14523524720893144,0.42514702900780565,0.9997034878184388,2,add_stroke,stroke,normal+parkinsons+stroke,48,912,0.00019401038025993982,0.40049028396606445,0.6188403964042664,0.511527419090271,0.7448766231536865,0.8483932614326477
1.1995823571556492,0.6432166774021951,10.731341111032586,0.001515215391440219,0.245260919395246,4.561937645861977,0.0748297960350388,0.004364697927437527,0.9019007902396353,0.1461323763955343,0.428018366797124,0.9997224462504901,2,add_stroke,stroke,normal+parkinsons+stroke,49,931,0.00019113762326920415,0.4003678262233734,0.6194039583206177,0.51312655210495,0.7469298243522644,0.8474130034446716
1.189704926390397,0.6462957357105455,10.452476049724378,0.001589900945729919,0.23354514727466985,4.574099766580682,0.07903931799687837,0.004102151652516209,0.9001453362013164,0.14772727272727273,0.43188980353556683,0.9997410138880193,2,add_stroke,stroke,normal+parkinsons+stroke,50,950,0.00018832597545243143,0.4002622663974762,0.6199173331260681,0.5146338939666748,0.7488529682159424,0.8465001583099365
1.1993850908781354,0.6446814035114489,10.6948064000983,0.001551620086262885,0.24186195982129952,4.609466878991378,0.07568154170324928,0.004171871737191013,0.9100606002305683,0.15091706539074962,0.44097564906069736,0.999759158111322,2,add_stroke,stroke,normal+parkinsons+stroke,51,969,0.0001855805108030075,0.40017008781433105,0.6203814744949341,0.5160561800003052,0.7506464123725891,0.8456557989120483
1.2070659461774325,0.649253365240599,10.767613912883558,0.0016917962562537899,0.23901955548085665,4.749830220874987,0.07353574488508074,0.004191790404116833,0.9052670127467105,0.14493620414673047,0.4250511690672857,0.9997768470445485,2,add_stroke,stroke,normal+parkinsons+stroke,52,988,0.00018290618387796788,0.40008071064949036,0.6208162307739258,0.5173546671867371,0.7522891163825989,0.8448716402053833
1.1980267512170892,0.6454289069301203,10.654929913972554,0.0014962518073030207,0.24540878126495763,4.482304146415309,0.07548441424181587,0.00392103132004482,0.9076737008596721,0.14762759170653905,0.4319839454916156,0.9997940496117063,2,add_stroke,stroke,normal+parkinsons+stroke,53,1007,0.00018030782085683904,0.3999950587749481,0.6212288737297058,0.5185515880584717,0.7538074851036072,0.8441380858421326
1.200893433470475,0.6507135064978349,10.608070674695467,0.0013895157546932367,0.24378117056269394,4.478803521708438,0.07563508086298641,0.003470458222038456,0.9089299095304388,0.1486244019138756,0.4337284181140027,0.9998107355912511,2,add_stroke,stroke,normal+parkinsons+stroke,54,1026,0.00017779011083215388,0.3999249041080475,0.6215882301330566,0.5196539163589478,0.7552178502082825,0.8434749245643616
1.1904807969143516,0.6455136035618029,10.503773839850174,0.0016454524409614112,0.22919716725223943,4.732708479228773,0.07603366712206289,0.0030802204901671133,0.9219561187844527,0.14583333333333337,0.4259611987837644,0.9998268756691835,2,add_stroke,stroke,normal+parkinsons+stroke,55,1045,0.00017535759734735928,0.39986398816108704,0.62190842628479,0.5206961035728455,0.7565063834190369,0.8428745865821838
1.1969575442765887,0.6464993232174924,10.62557315826416,0.0017009654149756227,0.24214723627818258,4.5293680994134204,0.07350804852811914,0.003210051797060786,0.9170912347341839,0.14732854864433811,0.4311726208080026,0.9998424414905457,2,add_stroke,stroke,normal+parkinsons+stroke,56,1064,0.0001730146701973857,0.3998088836669922,0.622201681137085,0.5216494202613831,0.7576923370361328,0.8423218727111816
1.177196038396735,0.6280405050829837,10.59525143472772,0.0016538395889495548,0.23473489833505531,4.6855330592707585,0.07342199020479855,0.0041497470581242325,0.9047921394046984,0.14523524720893144,0.42494198552500145,0.9998574057092359,2,add_stroke,stroke,normal+parkinsons+stroke,57,1083,0.00017076555750667732,0.3997577428817749,0.6224691271781921,0.5224981307983398,0.758765697479248,0.8418188691139221
1.1916936385004144,0.642095358748185,10.612364016081157,0.0016650784466611711,0.2399480076212632,4.572037119614451,0.07266948352518834,0.003250734902011525,0.9136051943427638,0.1530103668261563,0.4452215471793157,0.9998717420360511,2,add_stroke,stroke,normal+parkinsons+stroke,58,1102,0.00016861431809897734,0.3997103273868561,0.6227129101753235,0.5232546925544739,0.7597309947013855,0.8413660526275635
1.1866132522884167,0.6317470418779474,10.72328728123715,0.001676894871419982,0.24066372058893504,4.6647720085947135,0.07131808545244367,0.0034892546458362823,0.914632869394202,0.1475279106858054,0.43135115099197074,0.9998854252848713,2,add_stroke,stroke,normal+parkinsons+stroke,59,1121,0.0001665648341726397,0.3996696472167969,0.6229254603385925,0.5239490866661072,0.7605974674224854,0.8409605622291565
1.175033217982242,0.6336713558749149,10.44955419239245,0.0013287329899245187,0.23480313153643356,4.546257558621858,0.07270621684821028,0.002830340681133461,0.9185245915463096,0.14872408293460926,0.43335260784819524,0.9998984314169065,2,add_stroke,stroke,normal+parkinsons+stroke,60,1140,0.00016462080429468408,0.39963340759277344,0.6231160163879395,0.5245554447174072,0.7613685727119446,0.8405960202217102
1.181227495795802,0.6291390688795793,10.66690018302516,0.0015511183209080052,0.23628098086306923,4.7210978206835295,0.07098068355729706,0.003992991779437273,0.9074285375444513,0.1425438596491228,0.4170237993874187,0.9999107375829284,2,add_stroke,stroke,normal+parkinsons+stroke,61,1159,0.00016278573672623902,0.3996046781539917,0.6232763528823853,0.5250917673110962,0.7620503306388855,0.8402800559997559
1.1776907444000244,0.6257521008190355,10.679161975258275,0.0014459231323072392,0.24229376410183154,4.585669743387323,0.06888201381815107,0.0030402103741260745,0.9164718483623705,0.1488237639553429,0.4338134122355842,0.9999223221634118,2,add_stroke,stroke,normal+parkinsons+stroke,62,1178,0.00016106294309141655,0.39957478642463684,0.6234265565872192,0.5255467891693115,0.7626312375068665,0.8400005102157593
1.1783187075665122,0.6267446154042294,10.662122073926424,0.0015002803687055252,0.23868357115670255,4.657525740171733,0.06952948574172824,0.004342365200787562,0.9093977589356271,0.1484250398724083,0.4326696431358446,0.9999331648065167,2,add_stroke,stroke,normal+parkinsons+stroke,63,1197,0.00015945553240104512,0.39955011010169983,0.6235533356666565,0.5259411334991455,0.7631344199180603,0.8397589325904846
1.1664056526987177,0.623718283678356,10.483906243976794,0.00156305599528806,0.2388121109259756,4.474527183331941,0.07014024924290807,0.0038280437048869268,0.9102843560670552,0.1463317384370016,0.4280861049751685,0.999943246463841,2,add_stroke,stroke,normal+parkinsons+stroke,64,1216,0.00015796640544204495,0.3995285928249359,0.6236631274223328,0.526273787021637,0.7635601162910461,0.8395523428916931
1.1659083554619236,0.6180901464663053,10.58356822164435,0.0012822374946584827,0.23329747193738035,4.719075416263781,0.0720171183347702,0.002541905348679345,0.9230535124477587,0.1486244019138756,0.4335342301710259,0.9999525494238868,2,add_stroke,stroke,normal+parkinsons+stroke,65,1235,0.00015659824954257127,0.3995126187801361,0.6237502098083496,0.5265613198280334,0.7639210820198059,0.8393823504447937
1.1656949206402427,0.6108782291412354,10.74111647354929,0.0013975273621709722,0.2400197402427071,4.705684686961927,0.06790822371840477,0.00313519497132419,0.9164714091702512,0.1490231259968102,0.435327933051339,0.9999610573431734,2,add_stroke,stroke,normal+parkinsons+stroke,66,1254,0.00015535353372237218,0.3994988203048706,0.6238235235214233,0.5267924666404724,0.7642161250114441,0.8392415642738342
1.1627078432785838,0.6139207607821414,10.617767032824064,0.0015234513741329704,0.23968526015156194,4.587549222143073,0.06954847295817576,0.0020463836799057104,0.9333998686388919,0.14613237639553428,0.4270587110020592,0.9999687552749522,2,add_stroke,stroke,normal+parkinsons+stroke,67,1273,0.00015423450423711365,0.3994869887828827,0.6238840818405151,0.5269787311553955,0.7644515037536621,0.8391276001930237
1.1627901227850663,0.6183275956856576,10.533292720192357,0.0015220732281082555,0.23733836098721153,4.561781833046361,0.06854873621150066,0.0026427774876202946,0.9272967608351457,0.14154704944178628,0.4154478991326903,0.9999756296954637,2,add_stroke,stroke,normal+parkinsons+stroke,68,1292,0.0001532431805247113,0.3994782269001007,0.623930037021637,0.5271244049072266,0.7646360993385315,0.8390403389930725
1.1549778047360872,0.6163192140428644,10.408984786585757,0.0014019282534718513,0.2302579817019011,4.617486941187005,0.07018814471207167,0.0026491546924429905,0.9257378138993916,0.14583333333333334,0.4277723619626014,0.9999816685276971,2,add_stroke,stroke,normal+parkinsons+stroke,69,1311,0.00015238135156098555,0.39947187900543213,0.6239644289016724,0.5272328853607178,0.7647743225097656,0.8389745950698853
1.152750435628389,0.6062875703761452,10.569433061700119,0.0013067671342899924,0.2324794075990978,4.724778702384548,0.06989569844383943,0.0020690533948302466,0.929871678352356,0.14354066985645933,0.42091695857477374,0.9999868611626056,2,add_stroke,stroke,normal+parkinsons+stroke,70,1330,0.00015165057263121632,0.3994673788547516,0.6239895224571228,0.5273124575614929,0.7648739814758301,0.8389269113540649
1.1583656951000816,0.6073638012534693,10.674283128035697,0.0013632348563987762,0.24299042240569466,4.565441608428955,0.06596007747085471,0.003190764571818842,0.9199290652024118,0.14683014354066987,0.4293995244704327,0.9999911984777463,2,add_stroke,stroke,normal+parkinsons+stroke,71,1349,0.0001510521625234232,0.3994638919830322,0.6240070462226868,0.527364194393158,0.7649393677711487,0.838894784450531
1.154308833573994,0.6068134715682582,10.594788752104106,0.0014275617922019017,0.23769625629249372,4.6166932959305615,0.06805527367089924,0.0029684044550920496,0.9239246123715451,0.14772727272727273,0.43124565711312535,0.9999946728533052,2,add_stroke,stroke,normal+parkinsons+stroke,72,1368,0.0001505872011484367,0.39946189522743225,0.6240173578262329,0.5273963809013367,0.764980137348175,0.8388750553131104
1.1585721655895835,0.615744433904949,10.50061321258545,0.0013383875362035867,0.2352539112693385,4.5858056419774105,0.06788535631800953,0.0033029373903685297,0.9171216017321536,0.14892344497607657,0.4341730907202798,0.9999972781854849,2,add_stroke,stroke,normal+parkinsons+stroke,73,1387,0.00015025652759105513,0.39946094155311584,0.6240226626396179,0.5274126529693604,0.7650010585784912,0.8388649225234985
1.1548879836734973,0.6046785837725589,10.648644949260511,0.0012829202766481199,0.23660211578795784,4.701519137934635,0.06614179419059503,0.0049667690932677176,0.8920930874975104,0.15271132376395535,0.44447135492463896,0.9999990098972266,2,add_stroke,stroke,normal+parkinsons+stroke,74,1406,0.00015006073859580426,0.3994605839252472,0.624024510383606,0.5274186730384827,0.7650086283683777,0.838861346244812
1.153800970629642,0.6125885436409398,10.47421912143105,0.0013727111631612245,0.2329364034690355,4.6164912299106,0.06723702326416969,0.0027687582738795563,0.9261739536335594,0.14732854864433811,0.43098416035755366,0.9999998649462513,2,add_stroke,stroke,normal+parkinsons+stroke,75,1425,0.0001500001874900322,0.39946046471595764,0.6240248084068298,0.5274194478988647,0.7650095820426941,0.8388609290122986
1.5278079384251644,0.9824391634840715,9.840315367046156,0.0039648002099343825,0.2104133814573288,4.480860747789082,0.12925217496721367,0.08415979441059263,0.3592232716710944,0.15171451355661883,0.4371852959543768,0.9990001350537485,3,add_myopathic,myopathic,normal+parkinsons+stroke+myopathic,1,19,0.0003,0.40277302265167236,0.6168042421340942,0.2907431721687317,0.6307439208030701,0.835239589214325
1.4257851337131702,0.8713322156354001,10.10260069997687,0.0038481310659431315,0.2042399801706013,4.900398003427606,0.11885097348376324,0.0784404716993633,0.4189954439276143,0.14623205741626794,0.42243064113145906,0.9990009901027735,3,add_myopathic,myopathic,normal+parkinsons+stroke+myopathic,2,38,0.0002999323262498131,0.4026041328907013,0.618188738822937,0.2890877425670624,0.6358672976493835,0.8315964341163635
1.3550812570672286,0.8234227299690247,9.721346955550345,0.0026899714476281873,0.1988245593874078,4.6834837135515714,0.10166869665447034,0.0806960918401417,0.3854981488303134,0.1457336523125997,0.4211839991590707,0.9990027218145151,3,add_myopathic,myopathic,normal+parkinsons+stroke+myopathic,3,57,0.0002997294271255583,0.4024418890476227,0.619507908821106,0.2876282036304474,0.6410844922065735,0.827955961227417
1.3508778183083785,0.8043987876490543,9.94786262512207,0.002734973009577707,0.19823094653455833,4.923714650304694,0.12183609016631779,0.07450747078186587,0.4150276372307225,0.14603269537480065,0.4221915830998202,0.9990053271466947,3,add_myopathic,myopathic,normal+parkinsons+stroke+myopathic,4,76,0.0002993916687857594,0.40233707427978516,0.6206631064414978,0.2864101231098175,0.6463367342948914,0.8242865800857544
1.330050506089863,0.7986824826190346,9.72124601665296,0.0030034182311378813,0.19575705104752592,4.752234095021298,0.11370614680804704,0.06751676590034836,0.4700985864589089,0.14762759170653908,0.425990192261656,0.9990088015222539,3,add_myopathic,myopathic,normal+parkinsons+stroke+myopathic,5,95,0.00029891966076037673,0.40219560265541077,0.6218329668045044,0.2852194011211395,0.6514559984207153,0.82077556848526
1.300737318239714,0.7783700384591755,9.544499748631528,0.003027386019790643,0.18702815786788338,4.7931109478599145,0.11312418666325118,0.06744495504780819,0.46518962006819875,0.1447368421052632,0.418363180232326,0.9990131388373943,3,add_myopathic,myopathic,normal+parkinsons+stroke+myopathic,6,114,0.0002983142548508289,0.4021187722682953,0.6228333115577698,0.28424856066703796,0.6567434668540955,0.8172630071640015
1.3177369895734286,0.7811253102202165,9.894344078867059,0.002688070005541177,0.20081498826804914,4.806767438587389,0.09847320929953926,0.06910459716853343,0.441010992777975,0.14314194577352474,0.4138763453845268,0.9990183314723028,3,add_myopathic,myopathic,normal+parkinsons+stroke+myopathic,7,133,0.00029757654359280345,0.40205302834510803,0.6237857937812805,0.28340253233909607,0.6620410680770874,0.8137011528015137
1.278829116570322,0.7548156286540785,9.623361687911185,0.00222281221373889,0.18922235385367744,4.837232564624987,0.10404023998662044,0.06734129472782738,0.45280454190153824,0.14702950558213715,0.42468819724516504,0.9990243703045361,3,add_myopathic,myopathic,normal+parkinsons+stroke+myopathic,8,152,0.00029670785828463065,0.4020341634750366,0.6245942115783691,0.2828456461429596,0.6673646569252014,0.8102506399154663
1.292399669948377,0.7635007469277633,9.741426016155042,0.0028111396639264727,0.1889357825643138,4.947753027865761,0.10545779568584342,0.06185266218687359,0.4960416476977499,0.14563397129186606,0.4213591214301439,0.9990312447250477,3,add_myopathic,myopathic,normal+parkinsons+stroke+myopathic,9,171,0.00029570976658477814,0.4020408093929291,0.6252747774124146,0.28237953782081604,0.6727840900421143,0.8068163394927979
1.2902369875656932,0.7558063394144962,9.873760524548983,0.0026934656902755563,0.19549181900526347,4.919128342678673,0.09743689941732507,0.06553358721889947,0.4574440466730218,0.1453349282296651,0.41971156880328014,0.9990389426568267,3,add_myopathic,myopathic,normal+parkinsons+stroke+myopathic,10,190,0.00029458406968280225,0.402031809091568,0.6259931325912476,0.2821192741394043,0.6781468391418457,0.8033744096755981
1.2925263329556114,0.7594611362407082,9.867465822320236,0.0023547626272039978,0.19740796481308184,4.873397701664975,0.10285690152331402,0.055910650836794,0.5323119571334437,0.14583333333333337,0.4215720590115596,0.9990474505761134,3,add_myopathic,myopathic,normal+parkinsons+stroke+myopathic,11,209,0.0002933327990488611,0.4020659923553467,0.6265968680381775,0.281977117061615,0.6835441589355469,0.7999179363250732
1.2782275676727295,0.7579460395009894,9.60614319851524,0.002264269312083917,0.19192243798782951,4.751475585134406,0.1009143065465124,0.05898320890570942,0.4944560700341275,0.1490231259968102,0.4296147958020116,0.9990567535361589,3,add_myopathic,myopathic,normal+parkinsons+stroke+myopathic,12,228,0.0002919582127676558,0.4021390974521637,0.6270971298217773,0.2819696068763733,0.6889012455940247,0.7965734601020813
1.2688376840792204,0.7458080868971976,9.673352643063193,0.002206752615931787,0.19044935311141767,4.856949981890227,0.10118193924427032,0.0562658507965113,0.5047571423806643,0.14603269537480065,0.42189114591130855,0.9990668351934832,3,add_myopathic,myopathic,normal+parkinsons+stroke+myopathic,13,247,0.000290462791463416,0.4021865427494049,0.627577006816864,0.2821345031261444,0.6942200660705566,0.7932359576225281
1.2785110850083201,0.7505167220768175,9.780436164454409,0.002523228176869452,0.19549487060622164,4.829983786532753,0.10155135079434044,0.05433890399964232,0.5300472033651251,0.1398524720893142,0.4058407127107002,0.9990776778365881,3,add_myopathic,myopathic,normal+parkinsons+stroke+myopathic,14,266,0.00028884923382328206,0.40227100253105164,0.6279407739639282,0.28243568539619446,0.6995354294776917,0.7899456024169922
1.2786724755638523,0.7517097592353821,9.759357352005807,0.0021018489558053645,0.19740038874902224,4.771801383871781,0.1022115608579234,0.05376778268500378,0.5283261412068417,0.14942185007974482,0.4315571085116336,0.9990892624170719,3,add_myopathic,myopathic,normal+parkinsons+stroke+myopathic,15,285,0.00028712045172716466,0.4023463726043701,0.6283120512962341,0.2829038202762604,0.7047386765480042,0.7866877317428589
1.26765113127859,0.7432358045327035,9.740217510022616,0.002113047601213973,0.19387574729166532,4.8404975941306665,0.09667710332494032,0.05294066393061688,0.5241493535669226,0.14663078149920256,0.4238264253501732,0.9991015685830934,3,add_myopathic,myopathic,normal+parkinsons+stroke+myopathic,16,304,0.0002852795649928692,0.4024105966091156,0.6286910176277161,0.2834167778491974,0.7098059058189392,0.7834669351577759
1.2364906386325234,0.7337446369622883,9.32642203883121,0.0021595464939692696,0.18262781751783272,4.706737970051012,0.09915009258609069,0.046549463938725624,0.5711538587745867,0.14374003189792664,0.41617264891866684,0.9991145747151285,3,add_myopathic,myopathic,normal+parkinsons+stroke+myopathic,17,323,0.0002833298957459684,0.4025438129901886,0.6288834810256958,0.2840683162212372,0.714959442615509,0.7803396582603455
1.266107345882215,0.7512038977522599,9.561660465441252,0.002277401135008978,0.1848097812188299,4.884480714797974,0.09221474708695161,0.05506690905282372,0.5033883734753257,0.14852472089314195,0.4280941975333386,0.9991282579639488,3,add_myopathic,myopathic,normal+parkinsons+stroke+myopathic,18,342,0.0002812749624245839,0.4025941789150238,0.6292307376861572,0.28477001190185547,0.7198098301887512,0.7772222757339478
1.2535912551377948,0.7350728229472512,9.633829066627904,0.002150295541229609,0.19160729411401248,4.7898892101488615,0.09520646380750757,0.05210137533906259,0.5409459189364785,0.1453349282296651,0.41996295619364454,0.9991425942907641,3,add_myopathic,myopathic,normal+parkinsons+stroke+myopathic,19,361,0.00027911847342989557,0.40269291400909424,0.6294435262680054,0.2856247127056122,0.7246260643005371,0.774227499961853
1.269840773783232,0.7424974692495245,9.808088603772616,0.0021413962883678707,0.1936637343544709,4.912960341102199,0.0962740222090169,0.0514813804704892,0.524383566881481,0.1478269537480064,0.42678024217867927,0.9991575585094544,3,add_myopathic,myopathic,normal+parkinsons+stroke+myopathic,20,380,0.00027686432043383684,0.4027877151966095,0.6296416521072388,0.28659746050834656,0.7293757796287537,0.7712655663490295
1.2514088906739886,0.732210846323716,9.675468695791144,0.0022395718475117497,0.19868259131908417,4.652414597963032,0.09119016285005369,0.050508234355794754,0.5318801732439744,0.14722886762360446,0.42482846254296713,0.9991731243308164,3,add_myopathic,myopathic,normal+parkinsons+stroke+myopathic,21,399,0.0002745165713560541,0.4028802812099457,0.6298458576202393,0.28762394189834595,0.7340495586395264,0.7683165669441223
1.2395453453063965,0.7244342408682171,9.57390755101254,0.0021288656494825296,0.18638445515381663,4.861074573115299,0.09434967448836878,0.05131314116481103,0.5224523214917434,0.1467304625199362,0.42438311343117724,0.9991892644087489,3,add_myopathic,myopathic,normal+parkinsons+stroke+myopathic,22,418,0.0002720794630228031,0.4030085504055023,0.6299218535423279,0.288806289434433,0.7387418746948242,0.7654671669006348
1.2449872807452553,0.729367102447309,9.599556772332443,0.002380239225825981,0.18201629425349988,4.989643398084138,0.09594675976979106,0.0466226002103404,0.5580010429808968,0.14792663476874002,0.4269562121377353,0.999205950388294,3,add_myopathic,myopathic,normal+parkinsons+stroke+myopathic,23,437,0.00026955739352103116,0.40314289927482605,0.6299806237220764,0.2901989221572876,0.7433462738990784,0.7626667022705078
1.235765908893786,0.7171843114652132,9.65318428842645,0.002454043954218689,0.198092257505969,4.639526693444503,0.09353832861310557,0.05015115361464651,0.5323433766239568,0.14982057416267944,0.4317936611220247,0.9992231529554514,3,add_myopathic,myopathic,normal+parkinsons+stroke+myopathic,24,456,0.00026695491426144267,0.4032391309738159,0.6300854682922363,0.29156091809272766,0.7477344870567322,0.7599173784255981
1.2242045841718976,0.7135465835270128,9.512969669542814,0.0024193495597788378,0.1842090440423865,4.847259923031456,0.09415081182592794,0.045887293980309836,0.5635741321664107,0.15161483253588517,0.43803353366462455,0.9992408418886782,3,add_myopathic,myopathic,normal+parkinsons+stroke+myopathic,25,475,0.0002642767217648718,0.40336528420448303,0.6300986409187317,0.292866975069046,0.7520660758018494,0.7572352886199951
1.225956496439482,0.7137038331282767,9.549692555477744,0.0017639829954867693,0.18435607615270114,4.89669112155312,0.09082767661464841,0.048244480239717585,0.5349780258379484,0.14962121212121215,0.43231583149957187,0.9992589861119806,3,add_myopathic,myopathic,normal+parkinsons+stroke+myopathic,26,494,0.00026152764918678425,0.4034717381000519,0.6301573514938354,0.29416531324386597,0.7562155723571777,0.7545694708824158
1.2170716147673757,0.7077074584208036,9.503937570672287,0.0021960101163897073,0.18334517667168065,4.8654078935322005,0.08816735681734587,0.04850171810310138,0.5369492094767722,0.14832535885167464,0.42848973340248786,0.99927755374951,3,add_myopathic,myopathic,normal+parkinsons+stroke+myopathic,27,513,0.00025871265759520396,0.403573602437973,0.6302202939987183,0.29549938440322876,0.7601711750030518,0.7520298361778259
1.2107712532344617,0.6982315904215762,9.550942270379318,0.002676560800816668,0.18624959258656754,4.827788403159694,0.0944779185872329,0.045492268118419145,0.5561741998321131,0.14374003189792664,0.4159831222723005,0.9992965121815613,3,add_myopathic,myopathic,normal+parkinsons+stroke+myopathic,28,532,0.0002558368270178041,0.4036814272403717,0.6302469968795776,0.2969406545162201,0.7640954852104187,0.7495399117469788
1.216710228669016,0.7071283804742914,9.514007919713071,0.0020686438380691564,0.18179626057022497,4.917385402478669,0.0922448364527602,0.04328089776007753,0.565997838973999,0.1484250398724083,0.42838929755411365,0.9993158281018804,3,add_myopathic,myopathic,normal+parkinsons+stroke+myopathic,29,551,0.00025290534727432,0.4038103520870209,0.6302051544189453,0.2984258532524109,0.7678987383842468,0.747161865234375
1.2204957447553937,0.701670207475361,9.724386265403346,0.0018860179330467393,0.194013564210189,4.826896742770546,0.08796637583720057,0.04245845826440736,0.5833897700435237,0.14194577352472088,0.4116769533256363,0.9993354675761761,3,add_myopathic,myopathic,normal+parkinsons+stroke+myopathic,30,570,0.00024992350861082743,0.40392234921455383,0.6301800012588501,0.3000040352344513,0.7716405391693115,0.7448378801345825
1.1985979080200195,0.6864055865689328,9.608463488127056,0.0020836067667819166,0.18962740035433517,4.815688359109979,0.0852147619190969,0.041861846454833686,0.5729868098309165,0.1401515151515152,0.4065906453149648,0.9993553961017357,3,add_myopathic,myopathic,normal+parkinsons+stroke+myopathic,31,589,0.0002468966921527879,0.4040561616420746,0.6301106810569763,0.30154484510421753,0.775303840637207,0.7425413727760315
1.2122344594252736,0.7076398824390612,9.43693326648913,0.0018794972902948135,0.18538590089270943,4.755298225503219,0.08630773405495443,0.04468390982794134,0.5653811442224603,0.1473285486443381,0.4250410820428877,0.9993755786680408,3,add_myopathic,myopathic,normal+parkinsons+stroke+myopathic,32,608,0.0002438303601940906,0.4041803777217865,0.6300472021102905,0.30313992500305176,0.7788510918617249,0.7403311729431152
1.2127958724373264,0.7020168273072493,9.547476316753187,0.0023233275125293354,0.1807881374108164,4.969689620168586,0.08896020094030782,0.04466074136526961,0.5484725793725566,0.15121610845295058,0.43652114988101115,0.999395979818273,3,add_myopathic,myopathic,normal+parkinsons+stroke+myopathic,33,627,0.00024073004633961455,0.40430617332458496,0.6299681067466736,0.30475470423698425,0.7822789549827576,0.7382016777992249
1.197524528754385,0.6940330580661171,9.423979106702303,0.0018685095281781334,0.18381463618654953,4.781900405883789,0.08432371639891674,0.04484632072087966,0.5512368882957258,0.1444377990430622,0.41721769300872924,0.9994165637116041,3,add_myopathic,myopathic,normal+parkinsons+stroke+myopathic,34,646,0.0002376013455191008,0.4044160842895508,0.6299203634262085,0.306386798620224,0.7855422496795654,0.7361841201782227
1.210469402764973,0.6979185342788696,9.608501032779092,0.002090286840317085,0.1864185592061595,4.895779622228522,0.08739442652777622,0.041108854213043264,0.5839341784778395,0.15001993620414672,0.43302658398855437,0.9994372941861629,3,add_myopathic,myopathic,normal+parkinsons+stroke+myopathic,35,665,0.00023444990389035562,0.4045051038265228,0.6299020648002625,0.3079122304916382,0.7886064052581787,0.7342529296875
1.2087637625242535,0.6945120786365709,9.647309704830771,0.0017746259323566367,0.1846126051325547,4.987629087347734,0.08970827883795689,0.03783636893096723,0.6114478142637956,0.1447368421052632,0.4185871054257541,0.9994581348225631,3,add_myopathic,myopathic,normal+parkinsons+stroke+myopathic,36,684,0.00023128140865000607,0.4046206474304199,0.6298182010650635,0.30948325991630554,0.7916114926338196,0.7323810458183289
1.1980710657019364,0.689550635061766,9.551105549460964,0.0018985349972928433,0.18962815403938293,4.762938323773835,0.08617214387968967,0.03768840378248378,0.620204265180387,0.14553429027113238,0.42132957823440725,0.9994790490078852,3,add_myopathic,myopathic,normal+parkinsons+stroke+myopathic,37,703,0.00022810157777019505,0.40471407771110535,0.6297495365142822,0.31098365783691406,0.7944257855415344,0.7306419610977173
1.1915639889867682,0.6812830849697715,9.577804465042917,0.002070157856092249,0.1852047451232609,4.895931821120413,0.08909438158336438,0.036468326751338806,0.6173794787181052,0.150219298245614,0.4332966366026637,0.9995000000000003,3,add_myopathic,myopathic,normal+parkinsons+stroke+myopathic,38,722,0.00022491614967973863,0.40483132004737854,0.6296204924583435,0.3125385046005249,0.7972078323364258,0.7289947271347046
1.182464034933793,0.6778720805519506,9.471347758644505,0.0018712995316539156,0.1877747930978474,4.7301954846633105,0.08540602734214381,0.03869223481926479,0.6048079744765633,0.14324162679425836,0.41497130911513563,0.9995209509921147,3,add_myopathic,myopathic,normal+parkinsons+stroke+myopathic,39,741,0.00022173087290836552,0.4049305021762848,0.6295287609100342,0.3141061067581177,0.799903154373169,0.7273517847061157
1.201938509941101,0.692538835500416,9.581297523096987,0.0020145109799494477,0.1796479554552781,5.03973576897069,0.08698866241856625,0.034350515294231866,0.6350142077395791,0.1421451355661882,0.4119290132672586,0.9995418651774371,3,add_myopathic,myopathic,normal+parkinsons+stroke+myopathic,40,760,0.0002185514957127292,0.40503326058387756,0.6294198036193848,0.31562042236328125,0.8024675250053406,0.7257992625236511
1.1866266601964046,0.6894422675433912,9.318520445572702,0.0018633425658519723,0.17892212224634071,4.798883990237587,0.08942964202479313,0.03560375206564602,0.6186831468030026,0.145933014354067,0.42113447250369235,0.9995627058138371,3,add_myopathic,myopathic,normal+parkinsons+stroke+myopathic,41,779,0.00021538375570291198,0.4051142930984497,0.6293452978134155,0.3170023262500763,0.8048601150512695,0.7242963910102844
1.1732346384148848,0.671925077312871,9.411196457712274,0.001962815105032764,0.17818662132087507,4.9074607146413705,0.0860592475847194,0.036939667831910286,0.5867268521534769,0.14344098883572567,0.4157450227150551,0.999583436288396,3,add_myopathic,myopathic,normal+parkinsons+stroke+myopathic,42,798,0.00021223336948814265,0.40519979596138,0.6292566061019897,0.31839197874069214,0.8071565628051758,0.7228742241859436
1.1656283328407688,0.6607296059006139,9.496580425061678,0.0018903610578395035,0.19044375184335208,4.688227716245149,0.08335940147701063,0.036919374901213144,0.5971064708734813,0.1472288676236045,0.42564087403690726,0.9996040201817271,3,add_myopathic,myopathic,normal+parkinsons+stroke+myopathic,43,817,0.000209106022360413,0.4052712023258209,0.6291854381561279,0.31972527503967285,0.8093164563179016,0.7215308547019958
1.1724706950940584,0.6700751499125832,9.435375815943667,0.002043277993308086,0.18122621900156924,4.853638498406661,0.08436126810939688,0.03814570448900524,0.5848486596032193,0.1511164274322169,0.4355800348875819,0.9996244213319591,3,add_myopathic,myopathic,normal+parkinsons+stroke+myopathic,44,836,0.00020600735803461017,0.40534862875938416,0.6291060447692871,0.3210549056529999,0.811375081539154,0.7202497720718384
1.1715192606574611,0.6696308882612931,9.443072168450607,0.0015955585067307478,0.1816823584468741,4.8611242896632145,0.08221740432475742,0.03672159865106407,0.6056932916766719,0.14134768740031897,0.40918533236932353,0.9996446038982644,3,add_myopathic,myopathic,normal+parkinsons+stroke+myopathic,45,855,0.00020294296846368081,0.4054141938686371,0.6290427446365356,0.32233792543411255,0.8133173584938049,0.7190483808517456
1.1565079877251072,0.6563693567326194,9.42096619856985,0.0018359058303758502,0.17763668141866984,4.9341513734114795,0.08179896599368046,0.03456229951820875,0.6195902557749497,0.14673046251993618,0.42298615096079967,0.999664532423824,3,add_myopathic,myopathic,normal+parkinsons+stroke+myopathic,46,874,0.00019991838374720615,0.4054795503616333,0.6289657950401306,0.32355087995529175,0.8151569366455078,0.7179105877876282
1.1773292077215094,0.6727078682497928,9.478359774539346,0.001921533570183735,0.1820311122818997,4.87954370599044,0.08631068311239544,0.036502709416182416,0.603084418334459,0.14553429027113235,0.42013269119674446,0.9996841718981195,3,add_myopathic,myopathic,normal+parkinsons+stroke+myopathic,47,893,0.0001969390621516002,0.40554675459861755,0.6288810968399048,0.3247227966785431,0.8169041275978088,0.7168423533439636
1.1728570963207043,0.6633548140525818,9.633942754645096,0.0018621657049822573,0.19303959059087852,4.761398942847001,0.07491253061514151,0.036308052900590394,0.602245398257908,0.14932216905901116,0.43032270372725495,0.9997034878184388,3,add_myopathic,myopathic,normal+parkinsons+stroke+myopathic,48,912,0.00019401038025993982,0.4055960178375244,0.6288282871246338,0.32582035660743713,0.818540096282959,0.7158225774765015
1.1642185575083683,0.6646487524634913,9.41681224421451,0.0018170265523765824,0.1858810366768586,4.724360616583573,0.0803721433407382,0.03454457350859517,0.6195729437627291,0.14902312599681022,0.43021169345892146,0.9997224462504901,3,add_myopathic,myopathic,normal+parkinsons+stroke+myopathic,49,931,0.00019113762326920415,0.40563440322875977,0.6287970542907715,0.3268531262874603,0.8200451731681824,0.7148703336715698
1.1458198396783126,0.653368143658889,9.267122218483372,0.0018947844418059838,0.16841044551447817,5.009491544020803,0.08464691042900085,0.0317354365987213,0.6412637735667982,0.1507177033492823,0.43520492018487356,0.9997410138880193,3,add_myopathic,myopathic,normal+parkinsons+stroke+myopathic,50,950,0.00018832597545243143,0.40569329261779785,0.6287177205085754,0.32784467935562134,0.8214874267578125,0.713998019695282
1.1512203781228316,0.656768864706943,9.313094741419741,0.0020853702444583178,0.1730342530890515,4.9351040689568775,0.08209272787759178,0.03309437740398081,0.6299257372554979,0.14623205741626794,0.42227002282842596,0.999759158111322,3,add_myopathic,myopathic,normal+parkinsons+stroke+myopathic,51,969,0.0001855805108030075,0.4057377874851227,0.6286680102348328,0.3287637233734131,0.822807252407074,0.7131838798522949
1.1503308446783769,0.6549195239418432,9.315352590460526,0.001900800491536134,0.17715980739969955,4.838837473016036,0.0856652012781093,0.03290951732350023,0.6284977307445124,0.1467304625199362,0.4249105959869711,0.9997768470445485,3,add_myopathic,myopathic,normal+parkinsons+stroke+myopathic,52,988,0.00018290618387796788,0.40578022599220276,0.6286152005195618,0.3296171724796295,0.8240429759025574,0.7124214768409729
1.147784970308605,0.6482031439480028,9.402370352494088,0.0019064939145832078,0.17898737835256676,4.880023416719939,0.08339606068636242,0.03445714976834623,0.6189085166705283,0.14154704944178628,0.41078871770270714,0.9997940496117063,3,add_myopathic,myopathic,normal+parkinsons+stroke+myopathic,53,1007,0.00018030782085683904,0.4058133661746979,0.6285780072212219,0.33039388060569763,0.8251625895500183,0.7117254734039307
1.1469375836221796,0.6512018253928736,9.364769785027756,0.0017935038623890203,0.17682063187423505,4.899416521975868,0.0787490147509073,0.031240031907432957,0.6393798119143436,0.1499202551834131,0.43287915107799707,0.9998107355912511,3,add_myopathic,myopathic,normal+parkinsons+stroke+myopathic,54,1026,0.00017779011083215388,0.405851274728775,0.6285299062728882,0.3311496078968048,0.8262274861335754,0.7110763192176819
1.1386916323711997,0.6438763047519483,9.32221864399157,0.0016974838309627223,0.17533915842834272,4.896302449075799,0.08211067436557067,0.0327068074655376,0.6369981671634474,0.14702950558213715,0.42476832324777564,0.9998268756691835,3,add_myopathic,myopathic,normal+parkinsons+stroke+myopathic,55,1045,0.00017535759734735928,0.40588831901550293,0.6284806728363037,0.3318322002887726,0.8271906971931458,0.7104886770248413
1.1570066213607788,0.6467760299381456,9.635710615860788,0.0016269270839218638,0.18348315279734762,5.007958462363796,0.07780648336598747,0.035973706527760156,0.6218731920970114,0.14194577352472088,0.41119239600817414,0.9998424414905457,3,add_myopathic,myopathic,normal+parkinsons+stroke+myopathic,56,1064,0.0001730146701973857,0.4059191048145294,0.628438413143158,0.33245849609375,0.8280690312385559,0.7099481821060181
1.1558937210785716,0.6601651028582924,9.36481721777665,0.0015792649416988226,0.18134857792603343,4.791621132900841,0.0780882823624109,0.03186268359422684,0.6222353734468159,0.1461323763955343,0.4224486695171599,0.9998574057092359,3,add_myopathic,myopathic,normal+parkinsons+stroke+myopathic,57,1083,0.00017076555750667732,0.40594539046287537,0.6284043788909912,0.333026260137558,0.8288556933403015,0.7094584107398987
1.1434221142216732,0.6410524123593381,9.509201350964998,0.0016567916486804422,0.18141750520781466,4.932343984905042,0.07532408715862977,0.032314461410829894,0.6329010881875691,0.1486244019138756,0.42887381016765574,0.9998717420360511,3,add_myopathic,myopathic,normal+parkinsons+stroke+myopathic,58,1102,0.00016861431809897734,0.40598106384277344,0.6283493638038635,0.3335661292076111,0.8295870423316956,0.7090244293212891
1.148587007271616,0.6462709715491847,9.505323309647409,0.001784804712147697,0.17947115396198474,4.973924385873895,0.08104459078688371,0.027154891800723578,0.6766658739039773,0.14364035087719298,0.4156637389247036,0.9998854252848713,3,add_myopathic,myopathic,normal+parkinsons+stroke+myopathic,59,1121,0.0001665648341726397,0.40600597858428955,0.6283136606216431,0.3340221047401428,0.8302332758903503,0.7086332440376282
1.1436182699705426,0.6422846129066065,9.493746406153628,0.001864096940200972,0.1854454333844938,4.811008152208831,0.07566359658774577,0.03092177089695868,0.6370046154448861,0.1476275917065391,0.4264644719435246,0.9998984314169065,3,add_myopathic,myopathic,normal+parkinsons+stroke+myopathic,60,1140,0.00016462080429468408,0.4060269296169281,0.6282851696014404,0.334435373544693,0.8308135867118835,0.7082749009132385
1.1442890355461521,0.6407849474957115,9.530817031860352,0.0017442785044151702,0.18464235726155734,4.871151158684178,0.07994375358286657,0.027909187403948682,0.663325127802397,0.15231259968102073,0.43910237740619323,0.9999107375829284,3,add_myopathic,myopathic,normal+parkinsons+stroke+myopathic,61,1159,0.00016278573672623902,0.40605172514915466,0.6282457709312439,0.3348029553890228,0.8313297629356384,0.7079702615737915
1.1283725751073737,0.6377736549628409,9.284256433185778,0.0016608416795191403,0.18112291238809886,4.714662664814999,0.07775078792321055,0.027793555422440955,0.6606265118247584,0.14613237639553428,0.422806630432878,0.9999223221634118,3,add_myopathic,myopathic,normal+parkinsons+stroke+myopathic,62,1178,0.00016106294309141655,0.40606799721717834,0.6282224059104919,0.3351222276687622,0.8317709565162659,0.707699716091156
1.1256392943231683,0.6353572826636465,9.25688718494616,0.0016516178209138544,0.17488958647376612,4.843357086181641,0.07956097078950781,0.03018962209554095,0.6324953907414487,0.1480263157894737,0.4281238796012988,0.9999331648065167,3,add_myopathic,myopathic,normal+parkinsons+stroke+myopathic,63,1197,0.00015945553240104512,0.40608298778533936,0.6281999945640564,0.33540311455726624,0.8321552276611328,0.7074670195579529
1.13042015778391,0.638382635618511,9.299065087970934,0.0016383632778582211,0.1747528440073917,4.889284736231754,0.08076050446221703,0.027576533881457227,0.6618077488322007,0.14722886762360446,0.4249301325997312,0.999943246463841,3,add_myopathic,myopathic,normal+parkinsons+stroke+myopathic,64,1216,0.00015796640544204495,0.40609845519065857,0.6281740069389343,0.33563992381095886,0.832485020160675,0.7072710394859314
1.1383669439115023,0.6346648837390699,9.53747935044138,0.0017860008703887854,0.17892493150736155,5.0197059480767505,0.07774264561502557,0.02956966109769909,0.6454293539649562,0.1455342902711324,0.42012524460911554,0.9999525494238868,3,add_myopathic,myopathic,normal+parkinsons+stroke+myopathic,65,1235,0.00015659824954257127,0.4061093330383301,0.6281569004058838,0.3358302116394043,0.8327534198760986,0.7071072459220886
1.124742821643227,0.6312568626905742,9.338125730815687,0.0017444523369991465,0.18314132800227717,4.7159811446541235,0.075532823016769,0.030785838240071348,0.6385602841251775,0.14314194577352474,0.4143461333580885,0.9999610573431734,3,add_myopathic,myopathic,normal+parkinsons+stroke+myopathic,66,1254,0.00015535353372237218,0.4061179459095001,0.6281437277793884,0.33598965406417847,0.8329753279685974,0.7069722414016724
1.1083139369362278,0.6151679001356426,9.346126456009713,0.0018145283469685207,0.1748564290372949,4.929352534444709,0.07509474515130646,0.028264059342051808,0.6630834152824,0.14732854864433811,0.42512287450206504,0.9999687552749522,3,add_myopathic,myopathic,normal+parkinsons+stroke+myopathic,67,1273,0.00015423450423711365,0.4061262905597687,0.6281300187110901,0.3361222743988037,0.8331584930419922,0.7068628668785095
1.1048046413220858,0.6210948322948656,9.1511119541369,0.0015758709740016218,0.1694599609625967,4.875216182909514,0.07574764913634251,0.028869175107071276,0.6527207729063536,0.14742822966507177,0.4251021852420087,0.9999756296954637,3,add_myopathic,myopathic,normal+parkinsons+stroke+myopathic,68,1292,0.0001532431805247113,0.40613237023353577,0.6281203031539917,0.33622464537620544,0.8333002924919128,0.7067772150039673
1.1117997545945018,0.6236036388497603,9.245596785294381,0.0016660661295693564,0.17367992981484062,4.861946733374345,0.07726739013665601,0.02639769517669552,0.6718908705209431,0.14663078149920258,0.4232642900147898,0.9999816685276971,3,add_myopathic,myopathic,normal+parkinsons+stroke+myopathic,69,1311,0.00015238135156098555,0.4061371386051178,0.6281128525733948,0.3363027274608612,0.8334075808525085,0.7067126035690308
1.121827106726797,0.6241709558587325,9.43464244039435,0.0015971269029633778,0.17365607619285583,5.053312351829128,0.07685941418534831,0.026836772106195752,0.6605635112837741,0.14802631578947367,0.42743492639052844,0.9999868611626056,3,add_myopathic,myopathic,normal+parkinsons+stroke+myopathic,70,1330,0.00015165057263121632,0.4061405658721924,0.6281073689460754,0.3363567888736725,0.8334845900535583,0.7066664099693298
1.115420046605562,0.627683162689209,9.241156377290425,0.0015198802514197795,0.18223547151214198,4.647272360952277,0.07603753338518895,0.02667865882578649,0.6630241917936426,0.14952153110047847,0.4314416325796738,0.9999911984777463,3,add_myopathic,myopathic,normal+parkinsons+stroke+myopathic,71,1349,0.0001510521625234232,0.40614262223243713,0.6281039714813232,0.33639371395111084,0.8335359692573547,0.7066355347633362
1.1211535930633545,0.6238214436330294,9.440552209552965,0.0016176818355329726,0.17465508690005854,5.033732891082764,0.07587821075790807,0.025339860959272636,0.6776689134146038,0.14902312599681022,0.43000051061636163,0.9999946728533052,3,add_myopathic,myopathic,normal+parkinsons+stroke+myopathic,72,1368,0.0001505872011484367,0.40614429116249084,0.628101110458374,0.3364160358905792,0.8335679173469543,0.7066169381141663
1.105604698783473,0.6162456493628653,9.273403870432,0.001585568310570364,0.17734798632170024,4.800064965298302,0.0767624948761965,0.02599288974153368,0.6661864738715323,0.1488237639553429,0.4291658881817475,0.9999972781854849,3,add_myopathic,myopathic,normal+parkinsons+stroke+myopathic,73,1387,0.00015025652759105513,0.4061451256275177,0.6280998587608337,0.3364274501800537,0.8335838317871094,0.7066073417663574
1.116938540810033,0.6192599566359269,9.44466791654888,0.0015236770574885764,0.17595732917911128,5.007642771068372,0.07724140153119438,0.024539337248394365,0.694416836688393,0.14463716108452954,0.4178924325055565,0.9999990098972266,3,add_myopathic,myopathic,normal+parkinsons+stroke+myopathic,74,1406,0.00015006073859580426,0.4061454236507416,0.6280994415283203,0.33643150329589844,0.8335896134376526,0.70660400390625
1.1053093985507363,0.611242529593016,9.368236842908358,0.0014121826205059495,0.1769085816646877,4.9102177368967155,0.07750653671590906,0.025113556092899097,0.6672836071566531,0.14822567783094098,0.4274940606252953,0.9999998649462513,3,add_myopathic,myopathic,normal+parkinsons+stroke+myopathic,75,1425,0.0001500001874900322,0.4061453640460968,0.6280993819236755,0.3364320397377014,0.8335903286933899,0.7066035866737366
1.2596877123180188,0.7642726051179987,8.98597526550293,0.002185949332718002,0.17130332596992193,4.648743202811794,0.11506703731260802,0.06939823611786491,0.4123342476393047,0.1398524720893142,0.40245207893680063,0.9990001350537485,4,add_cerebralpalsy,cerebralpalsy,normal+parkinsons+stroke+myopathic+cerebralpalsy,1,19,0.0003,0.40044116973876953,0.6380960941314697,0.3179721534252167,0.7487484812736511,0.7031550407409668
1.2063217288569401,0.7167158189572786,8.880947464390806,0.0024898725770119774,0.15577357223159388,4.924361329329641,0.11202003904863407,0.07021404293022658,0.3966795896228991,0.14015151515151517,0.4036002403855066,0.9990009901027735,4,add_cerebralpalsy,cerebralpalsy,normal+parkinsons+stroke+myopathic+cerebralpalsy,2,38,0.0002999323262498131,0.40071043372154236,0.6377179026603699,0.31829026341438293,0.7536666989326477,0.6996927857398987
1.1879146475540965,0.7020974504320245,8.819157650596217,0.003003207084379698,0.15699097827861183,4.8193028851559285,0.10766574897264179,0.07177141563672769,0.4040852400817369,0.14483652312599682,0.415949485401699,0.9990027218145151,4,add_cerebralpalsy,cerebralpalsy,normal+parkinsons+stroke+myopathic+cerebralpalsy,3,57,0.0002997294271255583,0.4009521007537842,0.6373639702796936,0.31857872009277344,0.7583978772163391,0.6963479518890381
1.164612010905617,0.6819092756823489,8.765782255875436,0.002741054564371313,0.14794581501107468,4.998610622004459,0.10770666442419354,0.0699478772125746,0.3760763500866137,0.14912280701754388,0.42723023094953266,0.9990053271466947,4,add_cerebralpalsy,cerebralpalsy,normal+parkinsons+stroke+myopathic+cerebralpalsy,4,76,0.0002993916687857594,0.4012098014354706,0.6369536519050598,0.31893691420555115,0.7631014585494995,0.693128228187561
1.150174667960719,0.6707867478069506,8.703926287199321,0.0025557113603051555,0.15009329820934095,4.887701034545898,0.10682802372857143,0.06993845203205158,0.3820099109097531,0.15091706539074962,0.4326043621943176,0.9990088015222539,4,add_cerebralpalsy,cerebralpalsy,normal+parkinsons+stroke+myopathic+cerebralpalsy,5,95,0.00029891966076037673,0.4014452397823334,0.6365687847137451,0.31932029128074646,0.7676945924758911,0.689892053604126
1.1423431258452565,0.6660064741184837,8.647093722694798,0.00194671155737811,0.14764750395950518,4.90723843323557,0.10608507379105217,0.06984280814465724,0.39207983487530756,0.14543460925039875,0.4179254675368432,0.9990131388373943,4,add_cerebralpalsy,cerebralpalsy,normal+parkinsons+stroke+myopathic+cerebralpalsy,6,114,0.0002983142548508289,0.40173301100730896,0.6360653638839722,0.3199082016944885,0.7723230719566345,0.6867488622665405
1.1442929255334955,0.6676350298680758,8.714008632459139,0.002164954687223623,0.14550743840242686,5.022198702159681,0.09874212702638224,0.06508772506525642,0.42928783046571833,0.1477272727272727,0.42366261195551386,0.9990183314723028,4,add_cerebralpalsy,cerebralpalsy,normal+parkinsons+stroke+myopathic+cerebralpalsy,7,133,0.00029757654359280345,0.40201619267463684,0.6355727314949036,0.3206252157688141,0.7769346833229065,0.6835663914680481
1.139248527978596,0.6665053461727343,8.614944608587967,0.0022276811007606355,0.15059729861585716,4.79432013160304,0.09978057169600536,0.0682032392605355,0.39536073254911525,0.13855661881977674,0.3995831989200192,0.9990243703045361,4,add_cerebralpalsy,cerebralpalsy,normal+parkinsons+stroke+myopathic+cerebralpalsy,8,152,0.00029670785828463065,0.4023078382015228,0.6350456476211548,0.3215199112892151,0.7814708948135376,0.6804906725883484
1.1252681267888922,0.650129751155251,8.640120857640317,0.002100815635027462,0.14842850361999713,4.876887848502712,0.10255903593803707,0.06997040110199075,0.38993930738223226,0.14074960127591707,0.4054841645935305,0.9990312447250477,4,add_cerebralpalsy,cerebralpalsy,normal+parkinsons+stroke+myopathic+cerebralpalsy,9,171,0.00029570976658477814,0.4026331901550293,0.6344494223594666,0.3224335014820099,0.7859805226325989,0.6774778366088867
1.1330988783585398,0.6570702602988795,8.680746580425062,0.0023391569572451866,0.14778603142813632,4.927616847188849,0.10371403474556773,0.06425103760863606,0.4026282766931935,0.15121610845295055,0.43347857527808387,0.9990389426568267,4,add_cerebralpalsy,cerebralpalsy,normal+parkinsons+stroke+myopathic+cerebralpalsy,10,190,0.00029458406968280225,0.40293383598327637,0.6338943839073181,0.3232775628566742,0.7903949618339539,0.6745202541351318
1.1325224700726961,0.6586433805917439,8.611630188791375,0.002026457799059388,0.1489858344981545,4.8363228973589445,0.10305388938439519,0.07013645376029767,0.3722381803550218,0.14403907496012758,0.4135093106156314,0.9990474505761134,4,add_cerebralpalsy,cerebralpalsy,normal+parkinsons+stroke+myopathic+cerebralpalsy,11,209,0.0002933327990488611,0.4032428562641144,0.6333125829696655,0.3241058886051178,0.794742226600647,0.6716583967208862
1.126520690165068,0.6485842121274847,8.72654161955181,0.0020144195050785414,0.14760183150831022,4.986135457691393,0.09977421164512634,0.06666334110655282,0.39504084461613703,0.14563397129186603,0.41886630621520776,0.9990567535361589,4,add_cerebralpalsy,cerebralpalsy,normal+parkinsons+stroke+myopathic+cerebralpalsy,12,228,0.0002919582127676558,0.40354347229003906,0.6327309012413025,0.32476359605789185,0.79896080493927,0.6688553094863892
1.1225505816309076,0.645217920604505,8.746994470295153,0.002049663477871371,0.15401955262610786,4.84526400817068,0.09034240637954913,0.06958934311804019,0.390745695484312,0.145933014354067,0.41953760104573434,0.9990668351934832,4,add_cerebralpalsy,cerebralpalsy,normal+parkinsons+stroke+myopathic+cerebralpalsy,13,247,0.000290462791463416,0.4037571847438812,0.6323255300521851,0.3255550265312195,0.8031666874885559,0.665887176990509
1.120647624919289,0.6488470435142517,8.620407857392964,0.0020738613185178685,0.14935751886744247,4.8346233116952995,0.09756506116766679,0.0655556883859007,0.40636389506490606,0.14493620414673047,0.4170941041322318,0.9990776778365881,4,add_cerebralpalsy,cerebralpalsy,normal+parkinsons+stroke+myopathic+cerebralpalsy,14,266,0.00028884923382328206,0.4040954113006592,0.6316294074058533,0.32639557123184204,0.8074389696121216,0.6630221605300903
1.1046660071925114,0.6380611313016791,8.513522298712479,0.001991652681394235,0.13914749575288674,4.985043701372649,0.10063133663252781,0.06308363162373241,0.4214178723724265,0.14184609250398725,0.40854853060119234,0.9990892624170719,4,add_cerebralpalsy,cerebralpalsy,normal+parkinsons+stroke+myopathic+cerebralpalsy,15,285,0.00028712045172716466,0.40438342094421387,0.6310271620750427,0.3270312249660492,0.8114755749702454,0.6602885127067566
1.1199023284410174,0.6436802807607149,8.726883938438014,0.002145343987075122,0.15091785631681742,4.900303941023977,0.09286232371079295,0.06664907226437017,0.3859324384676783,0.14543460925039872,0.41777943440212584,0.9991015685830934,4,add_cerebralpalsy,cerebralpalsy,normal+parkinsons+stroke+myopathic+cerebralpalsy,16,304,0.0002852795649928692,0.40464580059051514,0.6304643750190735,0.32772883772850037,0.815442681312561,0.6575618386268616
1.0995450898220664,0.6344782333624991,8.501622450979132,0.0020829323176784734,0.1438485219290382,4.85333618364836,0.09829241743213252,0.061650439508651435,0.4276433602759713,0.14583333333333331,0.41923194525986546,0.9991145747151285,4,add_cerebralpalsy,cerebralpalsy,normal+parkinsons+stroke+myopathic+cerebralpalsy,17,323,0.0002833298957459684,0.40496382117271423,0.6297935843467712,0.3286174237728119,0.8194082379341125,0.6549020409584045
1.0956649152856124,0.6279933672202261,8.567286591780814,0.0022422018411912418,0.14888025506546623,4.78922512656764,0.09697665195716054,0.06025222355597898,0.437242107956033,0.14254385964912283,0.4098172274833954,0.9991282579639488,4,add_cerebralpalsy,cerebralpalsy,normal+parkinsons+stroke+myopathic+cerebralpalsy,18,342,0.0002812749624245839,0.40522971749305725,0.6291967630386353,0.32957321405410767,0.8232678174972534,0.652284562587738
1.0967328203351874,0.6312186121940613,8.551910902324476,0.002055448002034896,0.14008807508569016,4.998322687650981,0.09359406601441533,0.05808048362010404,0.4557662637610185,0.15121610845295055,0.43332133040473425,0.9991425942907641,4,add_cerebralpalsy,cerebralpalsy,normal+parkinsons+stroke+myopathic+cerebralpalsy,19,361,0.00027911847342989557,0.4055570662021637,0.6284914612770081,0.33074265718460083,0.8271592855453491,0.6496959328651428
1.0853530733208907,0.6222058252284401,8.496469798840975,0.0018581601049702026,0.14490219754608055,4.8274608160320085,0.09440402333673678,0.058890912289682185,0.43549701336183044,0.1425438596491228,0.41062498455846624,0.9991575585094544,4,add_cerebralpalsy,cerebralpalsy,normal+parkinsons+stroke+myopathic+cerebralpalsy,20,380,0.00027686432043383684,0.4058721959590912,0.6278238892555237,0.3318098187446594,0.8309634923934937,0.6471719145774841
1.086300059368736,0.6203291353426481,8.559669845982603,0.001978080076361565,0.14188617624734579,4.9630633404380395,0.09377463475653999,0.058175046977243926,0.4476919487902993,0.14074960127591707,0.4055010096335067,0.9991731243308164,4,add_cerebralpalsy,cerebralpalsy,normal+parkinsons+stroke+myopathic+cerebralpalsy,21,399,0.0002745165713560541,0.4061717987060547,0.6271777749061584,0.3329051434993744,0.8347024917602539,0.6446542143821716
1.0780063804827238,0.6142713584397969,8.528167925382915,0.001957975217680398,0.14267784278643758,4.9122725536948755,0.09545009779302698,0.0538563755782027,0.4799844434386806,0.14663078149920258,0.42178954492382026,0.9991892644087489,4,add_cerebralpalsy,cerebralpalsy,normal+parkinsons+stroke+myopathic+cerebralpalsy,22,418,0.0002720794630228031,0.4064866304397583,0.6264892816543579,0.33406054973602295,0.8383336067199707,0.6423336863517761
1.0691646651217812,0.6068325732883654,8.479048929716411,0.001978721475767854,0.14202700712178884,4.8789056978727645,0.09541020522776403,0.05810834349770295,0.44357478304913167,0.1429425837320574,0.4105537937932379,0.999205950388294,4,add_cerebralpalsy,cerebralpalsy,normal+parkinsons+stroke+myopathic+cerebralpalsy,23,437,0.00026955739352103116,0.4067957401275635,0.6258166432380676,0.3351125121116638,0.8418608903884888,0.6399823427200317
1.0559217490647967,0.5942535384705192,8.484965675755552,0.0020651186718360372,0.13838032044862447,4.973829721149645,0.09294941315525457,0.05673031587349741,0.4683842674682015,0.14802631578947367,0.4248487342188491,0.9992231529554514,4,add_cerebralpalsy,cerebralpalsy,normal+parkinsons+stroke+myopathic+cerebralpalsy,24,456,0.00026695491426144267,0.40709730982780457,0.6251468062400818,0.3362584114074707,0.8452374339103699,0.6377913355827332
1.0685559040621708,0.6039170465971294,8.552535809968647,0.0018232265168702916,0.14379563221805974,4.912064301340203,0.09193132504036552,0.056116964471967595,0.45780147847376373,0.1423444976076555,0.4092233706078471,0.9992408418886782,4,add_cerebralpalsy,cerebralpalsy,normal+parkinsons+stroke+myopathic+cerebralpalsy,25,475,0.0002642767217648718,0.40738022327423096,0.6245019435882568,0.3372753858566284,0.8485299348831177,0.6355963945388794
1.0472167322510166,0.5878172297226755,8.471460518084074,0.001949873624222451,0.13949861534331975,4.935248287100541,0.08863243695936705,0.0546734293824748,0.46511305319635493,0.14344098883572567,0.41289835268412367,0.9992589861119806,4,add_cerebralpalsy,cerebralpalsy,normal+parkinsons+stroke+myopathic+cerebralpalsy,26,494,0.00026152764918678425,0.4076383411884308,0.623916506767273,0.3383641839027405,0.8516973257064819,0.6334683299064636
1.06467929953023,0.6001645954031694,8.560566851967259,0.0018771243539001596,0.1478560104181892,4.817238506517913,0.09078559357868998,0.05515979426471811,0.4586750582644814,0.1486244019138756,0.42646403719305953,0.99927755374951,4,add_cerebralpalsy,cerebralpalsy,normal+parkinsons+stroke+myopathic+cerebralpalsy,27,513,0.00025871265759520396,0.40796780586242676,0.6231693625450134,0.3392494022846222,0.854920506477356,0.6313617825508118
1.0368212586955021,0.5801866744693956,8.411333560943604,0.0019224731582462003,0.14278057805801692,4.793757313176205,0.08945942630893305,0.05481218115279549,0.4694040629424547,0.14802631578947367,0.42456026194056445,0.9992965121815613,4,add_cerebralpalsy,cerebralpalsy,normal+parkinsons+stroke+myopathic+cerebralpalsy,28,532,0.0002558368270178041,0.4082511365413666,0.6225389838218689,0.34029421210289,0.8579680323600769,0.6293621063232422
1.0366725231471814,0.5793731871404146,8.429140291715923,0.001952685887533191,0.1381532412610556,4.926492113816111,0.08815855179962359,0.05521070172912196,0.4699314848372811,0.14902312599681022,0.4274561928636256,0.9993158281018804,4,add_cerebralpalsy,cerebralpalsy,normal+parkinsons+stroke+myopathic+cerebralpalsy,29,551,0.00025290534727432,0.4085163176059723,0.6219437718391418,0.34128180146217346,0.8608819842338562,0.62744140625
1.0376169461953013,0.5784808977654106,8.478648913534064,0.0018352068544022348,0.1382123847541056,4.977459029147499,0.0911237013183142,0.04969064959962117,0.4888149750860114,0.14144736842105265,0.4073973540316989,0.9993354675761761,4,add_cerebralpalsy,cerebralpalsy,normal+parkinsons+stroke+myopathic+cerebralpalsy,30,570,0.00024992350861082743,0.40882062911987305,0.6212419271469116,0.3424292206764221,0.8638144731521606,0.6255404949188232
1.0286078013871844,0.5748026904306913,8.396619947333084,0.0019107487046551939,0.1462972524919008,4.691419952794125,0.08516621903369301,0.0507302835191551,0.4985394022966686,0.14613237639553428,0.4188118177263193,0.9993553961017357,4,add_cerebralpalsy,cerebralpalsy,normal+parkinsons+stroke+myopathic+cerebralpalsy,31,589,0.0002468966921527879,0.4090971052646637,0.6205982565879822,0.3435947000980377,0.8666618466377258,0.6237167119979858
1.0356766612906205,0.5726725239502756,8.53934443624396,0.0019744620780999724,0.1352229251673347,5.109409809112549,0.09259575409324546,0.05155188002084431,0.46056713242279856,0.14663078149920256,0.42057298176255103,0.9993755786680408,4,add_cerebralpalsy,cerebralpalsy,normal+parkinsons+stroke+myopathic+cerebralpalsy,32,608,0.0002438303601940906,0.4093877077102661,0.6199308037757874,0.3445025086402893,0.8694100379943848,0.6219525933265686
1.036213168972417,0.5697824939301139,8.64041579397101,0.001887223622026412,0.1475100940779636,4.905482919592607,0.08769940977033816,0.049940101998417,0.4780245893879941,0.14792663476874002,0.42492756277769506,0.999395979818273,4,add_cerebralpalsy,cerebralpalsy,normal+parkinsons+stroke+myopathic+cerebralpalsy,33,627,0.00024073004633961455,0.4096042215824127,0.6194243431091309,0.3455883264541626,0.8719655275344849,0.620213508605957
1.027131670399716,0.5636859002866244,8.58077661614669,0.001821327776844172,0.1440671921560639,4.933563608872263,0.08642457543235076,0.05120322225909484,0.4988677242868825,0.14364035087719296,0.41281903328253267,0.9994165637116041,4,add_cerebralpalsy,cerebralpalsy,normal+parkinsons+stroke+myopathic+cerebralpalsy,34,646,0.0002376013455191008,0.40987086296081543,0.6188036203384399,0.34653720259666443,0.8744470477104187,0.6186546087265015
1.0245788881653233,0.5662413961008975,8.473871482046027,0.0018414192110005963,0.14407513329857274,4.825957674729197,0.08877883459392347,0.049796818510482184,0.4989116042852402,0.14224481658692184,0.4092203645638578,0.9994372941861629,4,add_cerebralpalsy,cerebralpalsy,normal+parkinsons+stroke+myopathic+cerebralpalsy,35,665,0.00023444990389035562,0.4101391136646271,0.6181663870811462,0.34748026728630066,0.8768385052680969,0.6171231865882874
1.008454115767228,0.5570029302647239,8.338570895947909,0.0019168355440916983,0.13826776884104075,4.833955739673815,0.08697178881419332,0.051118696402562294,0.4982834066215314,0.14344098883572567,0.4130752712182409,0.9994581348225631,4,add_cerebralpalsy,cerebralpalsy,normal+parkinsons+stroke+myopathic+cerebralpalsy,36,684,0.00023128140865000607,0.4103555381298065,0.6176443696022034,0.34849077463150024,0.879167914390564,0.6155802607536316
1.0023453392480548,0.5457488972889749,8.440602352744655,0.0019237647801147479,0.1393448420261082,4.908887160451789,0.08983914416871573,0.04842613068850417,0.4974862776304546,0.14722886762360446,0.4226068775297289,0.9994790490078852,4,add_cerebralpalsy,cerebralpalsy,normal+parkinsons+stroke+myopathic+cerebralpalsy,37,703,0.00022810157777019505,0.41056641936302185,0.617131769657135,0.3495539128780365,0.8814045786857605,0.6141085028648376
1.003194605049334,0.5504516535683682,8.365229656821803,0.001837349435510604,0.1339918453442423,4.9694998640763135,0.08783436194062233,0.05009148309105321,0.49563796739829213,0.13995215311004786,0.4027095824945991,0.9995000000000003,4,add_cerebralpalsy,cerebralpalsy,normal+parkinsons+stroke+myopathic+cerebralpalsy,38,722,0.00022491614967973863,0.41077831387519836,0.6166221499443054,0.35052353143692017,0.8835384249687195,0.6127017736434937
0.9902888003148531,0.5426613500243739,8.290110512783652,0.0019254842527994984,0.1391858893789743,4.762326064862703,0.08432765030547192,0.04816003359462086,0.4921381159832603,0.1375598086124402,0.3963025514567468,0.9995209509921147,4,add_cerebralpalsy,cerebralpalsy,normal+parkinsons+stroke+myopathic+cerebralpalsy,39,741,0.00022173087290836552,0.41098928451538086,0.6161048412322998,0.35149553418159485,0.8855873942375183,0.6113607287406921
0.9988766030261391,0.5390395224094391,8.532354605825324,0.0019086014209805352,0.14239814054024846,4.924686030337685,0.08143505571704161,0.05144233099724117,0.4727391232001154,0.14294258373205743,0.4109188560051602,0.9995418651774371,4,add_cerebralpalsy,cerebralpalsy,normal+parkinsons+stroke+myopathic+cerebralpalsy,40,760,0.0002185514957127292,0.41117849946022034,0.6156415939331055,0.35233908891677856,0.887518584728241,0.6100944876670837
0.9891471768680372,0.5371858289367274,8.336784764340049,0.001848380455110026,0.13260774549685025,4.975381575132671,0.08981926249046075,0.05066914444691256,0.49048505801903575,0.1383572567783094,0.3990147676540296,0.9995627058138371,4,add_cerebralpalsy,cerebralpalsy,normal+parkinsons+stroke+myopathic+cerebralpalsy,41,779,0.00021538375570291198,0.41138577461242676,0.6151432394981384,0.35320571064949036,0.8893756866455078,0.6088903546333313
0.9813841581344604,0.5337958649585122,8.27333590858861,0.0017227091226040532,0.13380331546068192,4.885185191505833,0.0875864272054873,0.048099487039603685,0.5017430829374414,0.14393939393939395,0.4144243282495081,0.999583436288396,4,add_cerebralpalsy,cerebralpalsy,normal+parkinsons+stroke+myopathic+cerebralpalsy,42,798,0.00021223336948814265,0.41157421469688416,0.6146866679191589,0.3540532886981964,0.8911339044570923,0.607724130153656
0.9832671316046464,0.5368080845004634,8.282737330386514,0.0016735109169722388,0.13016309510720403,4.9868223290694385,0.08358982244604513,0.045698910559478556,0.5336793127812838,0.13845693779904306,0.3988295098604823,0.9996040201817271,4,add_cerebralpalsy,cerebralpalsy,normal+parkinsons+stroke+myopathic+cerebralpalsy,43,817,0.000209106022360413,0.411742240190506,0.6142792701721191,0.3548784852027893,0.8928240537643433,0.606602668762207
0.9820783608838132,0.53221185426963,8.349094114805522,0.0017856975502677653,0.13418191200808474,4.949903864609568,0.08305837900230759,0.046588866138144544,0.5256653381021399,0.1477272727272727,0.4242302643929764,0.9996244213319591,4,add_cerebralpalsy,cerebralpalsy,normal+parkinsons+stroke+myopathic+cerebralpalsy,44,836,0.00020600735803461017,0.4119087755680084,0.6138797998428345,0.355652779340744,0.894392192363739,0.6055716872215271
0.9705385157936498,0.5246620288020686,8.273432932401958,0.0019415562519019371,0.1353596252830405,4.84090340764899,0.08185830006473943,0.0469610434221594,0.5100029973607314,0.1455342902711324,0.41835449390591256,0.9996446038982644,4,add_cerebralpalsy,cerebralpalsy,normal+parkinsons+stroke+myopathic+cerebralpalsy,45,855,0.00020294296846368081,0.4120546281337738,0.6135222315788269,0.35634753108024597,0.8958843350410461,0.6045643091201782
0.9848224269716364,0.5278574040061549,8.496458254362407,0.0018397995307551402,0.13599869138316104,5.050495875509162,0.08359491432967939,0.04497354683515273,0.5135526939442283,0.1457336523125997,0.41842460748123866,0.999664532423824,4,add_cerebralpalsy,cerebralpalsy,normal+parkinsons+stroke+myopathic+cerebralpalsy,46,874,0.00019991838374720615,0.41220545768737793,0.6131531000137329,0.3570610582828522,0.8972800970077515,0.6036377549171448
0.967554371607931,0.5204954319878629,8.282002398842259,0.0017599246440161216,0.13876904625641673,4.7687780982569645,0.08364347995896089,0.04819183855464584,0.49680993588347183,0.1417464114832536,0.4079695266802358,0.9996841718981195,4,add_cerebralpalsy,cerebralpalsy,normal+parkinsons+stroke+myopathic+cerebralpalsy,47,893,0.0001969390621516002,0.4123367965221405,0.6128382086753845,0.35765889286994934,0.8986057043075562,0.6027488112449646
0.9749317545639841,0.522348237665076,8.430342097031442,0.0018753093961430224,0.14051881589387594,4.870488894613166,0.08076950201862737,0.04349608680135325,0.518033250382072,0.14543460925039875,0.4179749025276184,0.9997034878184388,4,add_cerebralpalsy,cerebralpalsy,normal+parkinsons+stroke+myopathic+cerebralpalsy,48,912,0.00019401038025993982,0.41246721148490906,0.6125222444534302,0.3582257330417633,0.8998716473579407,0.601899266242981
0.9680073574969643,0.5119636168605403,8.496595558367277,0.0017979359989495653,0.13750481919238441,5.014026641845703,0.08060826086684277,0.04424750618636608,0.5188177714222356,0.14732854864433811,0.42290650626806325,0.9997224462504901,4,add_cerebralpalsy,cerebralpalsy,normal+parkinsons+stroke+myopathic+cerebralpalsy,49,931,0.00019113762326920415,0.4125808775424957,0.612237811088562,0.35878992080688477,0.9010562896728516,0.6010910272598267
0.9541377989869368,0.508338451385498,8.276779174804688,0.0017870984922506307,0.13124018907546997,4.951096936276085,0.08482722996881134,0.04301431824110056,0.5314721496481645,0.13995215311004788,0.40266276475613894,0.9997410138880193,4,add_cerebralpalsy,cerebralpalsy,normal+parkinsons+stroke+myopathic+cerebralpalsy,50,950,0.00018832597545243143,0.4126986563205719,0.6119455099105835,0.3593602478504181,0.9021514058113098,0.6003499627113342
0.946880042552948,0.5079566757929953,8.131843667281302,0.0017547702453540343,0.12609608314539256,4.9355723732396175,0.08357607102707813,0.0457486839670884,0.5111549747617621,0.14274322169059012,0.4109723335065009,0.999759158111322,4,add_cerebralpalsy,cerebralpalsy,normal+parkinsons+stroke+myopathic+cerebralpalsy,51,969,0.0001855805108030075,0.4128131866455078,0.6116640567779541,0.3599046468734741,0.9031897783279419,0.5996615886688232
0.9557264133503562,0.5084022456093839,8.317747090992174,0.0017801343990293773,0.13676296017671885,4.854169720097592,0.08264349518637908,0.04310371824785283,0.523782425805142,0.14403907496012758,0.4133992581607497,0.9997768470445485,4,add_cerebralpalsy,cerebralpalsy,normal+parkinsons+stroke+myopathic+cerebralpalsy,52,988,0.00018290618387796788,0.4129215180873871,0.6113948225975037,0.36039385199546814,0.9041650891304016,0.5990129113197327
0.9489689469337463,0.4995131414187582,8.350928231289512,0.0016123060425008206,0.13448061911683334,4.948605160964163,0.0844380804582646,0.04319946065937218,0.5324439751474481,0.14732854864433814,0.4225499807714308,0.9997940496117063,4,add_cerebralpalsy,cerebralpalsy,normal+parkinsons+stroke+myopathic+cerebralpalsy,53,1007,0.00018030782085683904,0.4130212366580963,0.6111478209495544,0.36089780926704407,0.9050604701042175,0.5984178781509399
0.9482816426377547,0.49944469489549337,8.345021498830695,0.0016895290586705271,0.13511529721711812,4.924900757639032,0.08126228734066612,0.045081272329154765,0.5342705939945421,0.13815789473684212,0.39854705200013285,0.9998107355912511,4,add_cerebralpalsy,cerebralpalsy,normal+parkinsons+stroke+myopathic+cerebralpalsy,54,1026,0.00017779011083215388,0.41310915350914,0.610925555229187,0.36132776737213135,0.905872642993927,0.5978800654411316
0.9489942098918714,0.5026641425333525,8.31648113853053,0.00158642715848002,0.13338524534514076,4.9421893170005395,0.08101715461203926,0.04100689115492921,0.5413588207019003,0.1400518341307815,0.40372255805580204,0.9998268756691835,4,add_cerebralpalsy,cerebralpalsy,normal+parkinsons+stroke+myopathic+cerebralpalsy,55,1045,0.00017535759734735928,0.4131896197795868,0.6107250452041626,0.36173346638679504,0.9066118001937866,0.5973888635635376
0.9368544754229093,0.4931533226841374,8.257201621406956,0.0017247448865275242,0.13098429927700445,4.9394756367332056,0.07973138184139603,0.04363286240320457,0.5263179822971946,0.14184609250398725,0.4080727593193912,0.9998424414905457,4,add_cerebralpalsy,cerebralpalsy,normal+parkinsons+stroke+myopathic+cerebralpalsy,56,1064,0.0001730146701973857,0.413262277841568,0.6105455160140991,0.36208245158195496,0.9072710275650024,0.5969520807266235
0.9543037351809049,0.5091059364770588,8.276320081008109,0.0017521362077738893,0.13531361167368136,4.8496763329756885,0.08149089977929466,0.044036280069696274,0.5284922546462009,0.14453748006379588,0.41502359432512587,0.9998574057092359,4,add_cerebralpalsy,cerebralpalsy,normal+parkinsons+stroke+myopathic+cerebralpalsy,57,1083,0.00017076555750667732,0.41333380341529846,0.6103680729866028,0.3624219596385956,0.9078913927078247,0.5965408086776733
0.9337088528432345,0.49419495777079936,8.187375244341398,0.0014795742340778049,0.13311229489351573,4.822578480369167,0.07981325980079801,0.04076721872154035,0.5413584834650943,0.14364035087719298,0.4136208732366747,0.9998717420360511,4,add_cerebralpalsy,cerebralpalsy,normal+parkinsons+stroke+myopathic+cerebralpalsy,58,1102,0.00016861431809897734,0.41340121626853943,0.6101998090744019,0.36269626021385193,0.9084429740905762,0.5961747169494629
0.937603191325539,0.49589533711734574,8.229300925606175,0.0017488242899018683,0.12612235506898478,5.032521323153847,0.07977672823165592,0.041194457560777664,0.5470841605412332,0.1401515151515152,0.40450495405880016,0.9998854252848713,4,add_cerebralpalsy,cerebralpalsy,normal+parkinsons+stroke+myopathic+cerebralpalsy,59,1121,0.0001665648341726397,0.4134539067745209,0.610069215297699,0.36292412877082825,0.9089266657829285,0.595851719379425
0.9421068210350839,0.4922758293779273,8.37274812397204,0.0017294506603655847,0.13475374838239268,4.9606681622956925,0.08103403076529503,0.043740308108298404,0.5260218789702967,0.14433811802232854,0.41467806317133826,0.9998984314169065,4,add_cerebralpalsy,cerebralpalsy,normal+parkinsons+stroke+myopathic+cerebralpalsy,60,1140,0.00016462080429468408,0.4135054349899292,0.6099426746368408,0.3631615936756134,0.9093568921089172,0.5955753326416016
0.921219527721405,0.48419839771170364,8.11258504265233,0.0015664180667188607,0.12916797046598635,4.844225256066573,0.08359940036347038,0.041968089479364847,0.5331141023259414,0.14802631578947367,0.42467913560050374,0.9999107375829284,4,add_cerebralpalsy,cerebralpalsy,normal+parkinsons+stroke+myopathic+cerebralpalsy,61,1159,0.00016278573672623902,0.41354820132255554,0.6098361611366272,0.36335840821266174,0.9097291231155396,0.5953270196914673
0.9395251211367155,0.4914384829370599,8.33266396271555,0.0016584166411408468,0.13212651602531733,4.988040597815263,0.08205709096632506,0.04375662037024373,0.5337860019583451,0.14453748006379583,0.41477647055768285,0.9999223221634118,4,add_cerebralpalsy,cerebralpalsy,normal+parkinsons+stroke+myopathic+cerebralpalsy,62,1178,0.00016106294309141655,0.41358470916748047,0.6097437143325806,0.36354097723960876,0.9100580215454102,0.5951092839241028
0.9348683294497038,0.48377189510747004,8.414430919446444,0.0015824710778695973,0.1375558062603599,4.935973995610287,0.07950473380716223,0.04199477677282534,0.5417625245295072,0.14174641148325356,0.40814246125386827,0.9999331648065167,4,add_cerebralpalsy,cerebralpalsy,normal+parkinsons+stroke+myopathic+cerebralpalsy,63,1197,0.00015945553240104512,0.4136171340942383,0.6096627712249756,0.3637060225009918,0.9103447794914246,0.5949183106422424
0.9335344967089201,0.4892105946415349,8.29287912971095,0.0014105860670832427,0.13381477053228177,4.912245173203318,0.07654290116931263,0.04217683249398282,0.5390104745563707,0.14742822966507177,0.4231991530605395,0.999943246463841,4,add_cerebralpalsy,cerebralpalsy,normal+parkinsons+stroke+myopathic+cerebralpalsy,64,1216,0.00015796640544204495,0.4136447608470917,0.6095941066741943,0.3638439178466797,0.9105896949768066,0.5947588086128235
0.9347603885751021,0.4862938303696482,8.357401822742663,0.0017432715486441004,0.1374834309283056,4.876734206550999,0.07868636419114314,0.04369946363333024,0.5344163634275135,0.14274322169059012,0.410919626485095,0.9999525494238868,4,add_cerebralpalsy,cerebralpalsy,normal+parkinsons+stroke+myopathic+cerebralpalsy,65,1235,0.00015659824954257127,0.41366851329803467,0.6095343828201294,0.363962322473526,0.9107977747917175,0.5946214199066162
0.935416789431321,0.4876993769093564,8.363805369326943,0.0014957117014809658,0.13574206123226568,4.9328611775448445,0.07771647192145649,0.040392080125840085,0.5621368194881239,0.1431419457735247,0.4115580167855827,0.9999610573431734,4,add_cerebralpalsy,cerebralpalsy,normal+parkinsons+stroke+myopathic+cerebralpalsy,66,1254,0.00015535353372237218,0.41369006037712097,0.6094803214073181,0.3640612065792084,0.9109731912612915,0.5945066809654236
0.9238864685359754,0.4802954322413394,8.306297402632865,0.0017347827210630242,0.12882084007325925,5.042406809957404,0.07461464620734516,0.03849002640498312,0.5541070527152011,0.1440390749601276,0.41357029801853046,0.9999687552749522,4,add_cerebralpalsy,cerebralpalsy,normal+parkinsons+stroke+myopathic+cerebralpalsy,67,1273,0.00015423450423711365,0.4137064516544342,0.6094397902488708,0.364136278629303,0.9111126661300659,0.5944149494171143
0.9290016230783964,0.4866020773586474,8.25518650757639,0.0014916743262131747,0.1323774002100292,4.908459738681191,0.07810088658803388,0.04045993462204933,0.5503190442135459,0.14822567783094098,0.4257423148436848,0.9999756296954637,4,add_cerebralpalsy,cerebralpalsy,normal+parkinsons+stroke+myopathic+cerebralpalsy,68,1292,0.0001532431805247113,0.41371917724609375,0.6094076633453369,0.36419591307640076,0.9112207293510437,0.594343900680542
0.9200202226638794,0.4802917618500559,8.20965141999094,0.0014728652129537966,0.12875949787466148,4.953842439149556,0.07842731652291197,0.03855620657927111,0.5456361990225943,0.14952153110047847,0.4290016889879186,0.9999816685276971,4,add_cerebralpalsy,cerebralpalsy,normal+parkinsons+stroke+myopathic+cerebralpalsy,69,1311,0.00015238135156098555,0.4137294292449951,0.6093817949295044,0.3642427921295166,0.9113035202026367,0.5942898988723755
0.9300085651247125,0.4852363200564134,8.317576659353156,0.0016016827032313142,0.12928124046639392,5.045503515946238,0.07678549579883877,0.03878814207487985,0.5485763094927135,0.14752791068580542,0.4232232640309932,0.9999868611626056,4,add_cerebralpalsy,cerebralpalsy,normal+parkinsons+stroke+myopathic+cerebralpalsy,70,1330,0.00015165057263121632,0.4137360751628876,0.609364926815033,0.3642743229866028,0.9113622903823853,0.5942505598068237
0.9188554851632369,0.47776422061418233,8.216527562392386,0.0016605296006769333,0.1330431425257733,4.848935679385536,0.07774665226277552,0.04331290447398236,0.5360038178531747,0.14104864433811803,0.4058242287884886,0.9999911984777463,4,add_cerebralpalsy,cerebralpalsy,normal+parkinsons+stroke+myopathic+cerebralpalsy,71,1349,0.0001510521625234232,0.4137406051158905,0.6093535423278809,0.3642958104610443,0.9114012718200684,0.5942243933677673
0.9127708108801591,0.4737438700701061,8.214030441484953,0.0019039889111330634,0.13085101976206429,4.89515525416324,0.07402040476077482,0.03928124492889956,0.5593439717041818,0.14364035087719298,0.4138484513961659,0.9999946728533052,4,add_cerebralpalsy,cerebralpalsy,normal+parkinsons+stroke+myopathic+cerebralpalsy,72,1368,0.0001505872011484367,0.4137432277202606,0.609346866607666,0.3643081784248352,0.9114246368408203,0.594208836555481
0.9356108150984112,0.48476281291560125,8.454775835338392,0.0015768014923914482,0.1354349788866545,5.029481235303376,0.07449222473721755,0.03794459037874874,0.5632605521302474,0.14154704944178625,0.4075217225816494,0.9999972781854849,4,add_cerebralpalsy,cerebralpalsy,normal+parkinsons+stroke+myopathic+cerebralpalsy,73,1387,0.00015025652759105513,0.41374465823173523,0.6093432903289795,0.3643149137496948,0.9114368557929993,0.594200611114502
0.9124614721850345,0.4728908115311673,8.20465404108951,0.0015058955514656478,0.13201856299450523,4.866542665581954,0.0780715763961014,0.03928022694430853,0.5456633708978954,0.1457336523125997,0.41839312735029877,0.9999990098972266,4,add_cerebralpalsy,cerebralpalsy,normal+parkinsons+stroke+myopathic+cerebralpalsy,74,1406,0.00015006073859580426,0.4137451648712158,0.6093419790267944,0.364317387342453,0.9114412069320679,0.5941975712776184
0.9268497793298018,0.47784483119061116,8.418068383869372,0.0014185209231647221,0.13600801519657435,4.982405135506077,0.0744865022991833,0.03791959289657442,0.5840679328692587,0.1472288676236045,0.42329098368108325,0.9999998649462513,4,add_cerebralpalsy,cerebralpalsy,normal+parkinsons+stroke+myopathic+cerebralpalsy,75,1425,0.0001500001874900322,0.4137451648712158,0.6093418598175049,0.3643176853656769,0.9114416837692261,0.5941972732543945
